date,prevclose,open,high,low,close,volume,amount,suspended
2005-02-23,0.887,0.881,0.882,0.866,0.876,1269742542,1111793167,False
2005-02-24,,0.876,0.876,0.868,0.876,451614223,394141216,False
2005-02-25,,0.877,0.887,0.875,0.88,506460695,446597972,False
2005-02-28,,0.878,0.879,0.87,0.872,187965193,164467462,False
2005-03-01,,0.87,0.873,0.865,0.867,208094456,180573596,False
2005-03-02,,0.867,0.874,0.857,0.859,249274643,215572195,False
2005-03-03,,0.858,0.861,0.854,0.859,100153220,85830280,False
2005-03-04,,0.859,0.865,0.857,0.86,129800189,111715108,False
2005-03-07,,0.86,0.865,0.86,0.862,116789645,100713450,False
2005-03-08,,0.864,0.875,0.863,0.874,298505387,259486071,False
2005-03-09,,0.874,0.878,0.869,0.873,200006304,174863933,False
2005-03-10,,0.872,0.872,0.852,0.853,333859748,287003280,False
2005-03-11,,0.853,0.856,0.85,0.855,132344547,112888757,False
2005-03-14,,0.855,0.864,0.845,0.857,233509499,199760619,False
2005-03-15,,0.856,0.856,0.842,0.843,282961631,239546928,False
2005-03-16,,0.841,0.843,0.832,0.834,219444991,183701630,False
2005-03-17,,0.834,0.837,0.827,0.828,130062534,108082309,False
2005-03-18,,0.828,0.832,0.821,0.824,227792257,188092685,False
2005-03-21,,0.824,0.826,0.821,0.824,103273002,85036479,False
2005-03-22,,0.824,0.825,0.807,0.808,162294082,131858193,False
2005-03-23,,0.807,0.811,0.8,0.804,145295510,117013259,False
2005-03-24,,0.802,0.807,0.797,0.806,118388057,94998083,False
2005-03-25,,0.806,0.809,0.802,0.805,108223365,87190626,False
2005-03-28,,0.803,0.805,0.797,0.802,71266320,57019414,False
2005-03-29,,0.802,0.811,0.802,0.805,144018030,116246835,False
2005-03-30,,0.804,0.804,0.791,0.793,192659445,153413202,False
2005-03-31,,0.792,0.795,0.786,0.794,128738277,101747478,False
2005-04-01,,0.793,0.834,0.79,0.829,502390601,409666114,False
2005-04-04,,0.814,0.818,0.804,0.81,232991558,188905456,False
2005-04-05,,0.808,0.813,0.802,0.805,129587051,104559653,False
2005-04-06,,0.802,0.825,0.799,0.818,261361039,212119445,False
2005-04-07,,0.818,0.839,0.815,0.824,363451793,301938686,False
2005-04-08,,0.824,0.836,0.819,0.836,243258274,201477220,False
2005-04-11,,0.833,0.841,0.827,0.83,163205841,135974256,False
2005-04-12,,0.83,0.832,0.82,0.821,211489793,174409112,False
2005-04-13,,0.831,0.842,0.83,0.84,403705535,337790234,False
2005-04-14,,0.84,0.841,0.828,0.828,207716078,173240368,False
2005-04-15,,0.827,0.827,0.817,0.818,280301112,230119725,False
2005-04-18,,0.815,0.819,0.805,0.808,165191131,133944475,False
2005-04-19,,0.808,0.812,0.804,0.811,81425678,65792238,False
2005-04-20,,0.81,0.81,0.796,0.797,218490295,174772102,False
2005-04-21,,0.798,0.804,0.793,0.797,238539371,190472801,False
2005-04-22,,0.799,0.802,0.795,0.798,246711082,196930000,False
2005-04-25,,0.797,0.797,0.786,0.79,316891803,250442307,False
2005-04-26,,0.79,0.796,0.788,0.793,227232716,179953915,False
2005-04-27,,0.796,0.796,0.787,0.788,223597026,176930957,False
2005-04-28,,0.787,0.798,0.783,0.797,310325839,245322577,False
2005-04-29,,0.795,0.798,0.785,0.788,225864067,179141487,False
2005-05-09,,0.8,0.801,0.779,0.78,334730997,263073126,False
2005-05-10,,0.78,0.785,0.77,0.783,316123781,245236858,False
2005-05-11,,0.782,0.784,0.776,0.777,212492775,165612893,False
2005-05-12,,0.775,0.777,0.759,0.76,269280431,206669530,False
2005-05-13,,0.758,0.769,0.755,0.762,196727142,149807953,False
2005-05-16,,0.762,0.762,0.747,0.75,148144825,111490042,False
2005-05-17,,0.75,0.76,0.746,0.754,118426170,89362441,False
2005-05-18,,0.752,0.761,0.747,0.755,144455314,108860183,False
2005-05-19,,0.754,0.759,0.746,0.755,149821563,112607242,False
2005-05-20,,0.754,0.76,0.752,0.757,147698507,111791410,False
2005-05-23,,0.753,0.753,0.742,0.743,247299969,184723307,False
2005-05-24,,0.741,0.744,0.733,0.741,245240160,181493672,False
2005-05-25,,0.74,0.749,0.737,0.743,155531216,115554585,False
2005-05-26,,0.743,0.746,0.734,0.736,124411589,92004060,False
2005-05-27,,0.735,0.739,0.728,0.73,195085585,143076640,False
2005-05-30,,0.727,0.739,0.722,0.736,220635664,161242196,False
2005-05-31,,0.736,0.742,0.733,0.738,171055059,126332693,False
2005-06-01,,0.736,0.739,0.724,0.726,155460871,113509625,False
2005-06-02,,0.724,0.725,0.704,0.707,360756880,257614194,False
2005-06-03,,0.708,0.71,0.7,0.705,279963936,197185637,False
2005-06-06,,0.704,0.721,0.7,0.72,426957759,303683830,False
2005-06-07,,0.718,0.735,0.716,0.72,354368128,257538834,False
2005-06-08,,0.722,0.784,0.722,0.781,968417419,737774296,False
2005-06-09,,0.78,0.8,0.77,0.789,738007107,578588882,False
2005-06-10,,0.787,0.787,0.77,0.775,458071741,355293345,False
2005-06-13,,0.776,0.779,0.761,0.774,400231398,308249593,False
2005-06-14,,0.774,0.781,0.767,0.768,246761320,190898642,False
2005-06-15,,0.765,0.766,0.753,0.755,220336445,167235406,False
2005-06-16,,0.753,0.767,0.753,0.766,159723234,121380529,False
2005-06-17,,0.77,0.782,0.769,0.772,289736570,223969031,False
2005-06-20,,0.785,0.805,0.777,0.804,572495008,452933571,False
2005-06-21,,0.804,0.804,0.792,0.794,279939976,222879943,False
2005-06-22,,0.792,0.799,0.789,0.798,228293483,181189669,False
2005-06-23,,0.796,0.798,0.791,0.794,271548858,215962883,False
2005-06-24,,0.791,0.795,0.786,0.794,158139430,124985925,False
2005-06-27,,0.797,0.81,0.797,0.808,375357534,302382500,False
2005-06-28,,0.804,0.804,0.795,0.802,253261254,202451738,False
2005-06-29,,0.804,0.805,0.789,0.791,241022912,191273995,False
2005-06-30,,0.79,0.79,0.767,0.769,250300013,194242563,False
2005-07-01,,0.768,0.769,0.762,0.767,269954777,206710096,False
2005-07-04,,0.764,0.764,0.754,0.761,174210248,131948404,False
2005-07-05,,0.76,0.76,0.752,0.754,100489995,75954654,False
2005-07-06,,0.754,0.759,0.749,0.75,184563999,139076789,False
2005-07-07,,0.749,0.754,0.748,0.75,93263939,70027450,False
2005-07-08,,0.748,0.748,0.737,0.743,155890527,115617701,False
2005-07-11,,0.751,0.764,0.74,0.741,223909300,168443720,False
2005-07-12,,0.739,0.774,0.734,0.772,405956078,308070476,False
2005-07-13,,0.768,0.77,0.76,0.765,240727890,184089812,False
2005-07-14,,0.764,0.779,0.76,0.768,350204904,269975769,False
2005-07-15,,0.77,0.774,0.763,0.766,146768328,112558069,False
2005-07-18,,0.762,0.766,0.76,0.764,81156039,61946427,False
2005-07-19,,0.762,0.769,0.762,0.763,154953943,118422060,False
2005-07-20,,0.764,0.774,0.763,0.772,184683680,142102052,False
2005-07-21,,0.771,0.776,0.769,0.775,238438531,184096147,False
2005-07-22,,0.78,0.795,0.774,0.787,476670419,374007989,False
2005-07-25,,0.785,0.787,0.782,0.784,230286865,180596134,False
2005-07-26,,0.784,0.801,0.783,0.796,498537008,397024143,False
2005-07-27,,0.795,0.803,0.793,0.803,373880682,298783433,False
2005-07-28,,0.803,0.806,0.796,0.799,410161883,328870113,False
2005-07-29,,0.799,0.8,0.794,0.797,273991391,218586555,False
2005-08-01,,0.797,0.805,0.796,0.798,176826236,141391750,False
2005-08-02,,0.798,0.806,0.796,0.805,344689105,276207870,False
2005-08-03,,0.805,0.813,0.804,0.807,536901594,434624987,False
2005-08-04,,0.806,0.809,0.803,0.805,386080052,311147834,False
2005-08-05,,0.805,0.827,0.805,0.827,626302033,513833467,False
2005-08-08,,0.828,0.834,0.826,0.828,363916501,301766125,False
2005-08-09,,0.828,0.83,0.822,0.829,228268679,188336681,False
2005-08-10,,0.829,0.833,0.821,0.83,359345264,296798870,False
2005-08-11,,0.831,0.842,0.83,0.84,410476027,343274092,False
2005-08-12,,0.841,0.843,0.833,0.836,441935743,370385751,False
2005-08-15,,0.842,0.855,0.838,0.854,710778713,601126561,False
2005-08-16,,0.854,0.856,0.836,0.839,363260570,306761510,False
2005-08-17,,0.84,0.85,0.831,0.85,519437750,436493304,False
2005-08-18,,0.85,0.853,0.821,0.824,1505321514,1268367883,False
2005-08-19,,0.822,0.834,0.822,0.83,380070597,315335246,False
2005-08-22,,0.831,0.839,0.828,0.836,589263561,491100367,False
2005-08-23,,0.836,0.838,0.826,0.83,417386111,347393280,False
2005-08-24,,0.832,0.845,0.832,0.84,571416297,480084603,False
2005-08-25,,0.839,0.844,0.835,0.84,205095175,172033146,False
2005-08-26,,0.839,0.84,0.836,0.84,96918979,81196675,False
2005-08-29,,0.839,0.839,0.827,0.83,312910191,259959074,False
2005-08-30,,0.828,0.831,0.826,0.826,76193505,63043163,False
2005-08-31,,0.825,0.835,0.825,0.835,116593219,96660128,False
2005-09-01,,0.835,0.846,0.832,0.844,280175725,235610090,False
2005-09-02,,0.845,0.847,0.841,0.845,103485148,87371344,False
2005-09-05,,0.845,0.848,0.84,0.845,122442837,103370889,False
2005-09-06,,0.845,0.845,0.833,0.834,151743385,127268955,False
2005-09-07,,0.833,0.839,0.831,0.839,143656933,119980853,False
2005-09-08,,0.839,0.845,0.838,0.841,321399366,270484342,False
2005-09-09,,0.84,0.846,0.838,0.841,175049127,147370583,False
2005-09-12,,0.839,0.842,0.837,0.84,73845180,61951514,False
2005-09-13,,0.84,0.846,0.838,0.845,185252346,156072359,False
2005-09-14,,0.845,0.85,0.845,0.85,185578304,157350114,False
2005-09-15,,0.85,0.851,0.847,0.848,123543616,104869157,False
2005-09-16,,0.848,0.849,0.845,0.846,61082587,51721438,False
2005-09-19,,0.845,0.846,0.843,0.845,161558594,136416376,False
2005-09-20,,0.845,0.847,0.839,0.839,161887599,136360020,False
2005-09-21,,0.839,0.84,0.828,0.83,161245174,134202164,False
2005-09-22,,0.828,0.829,0.809,0.813,398874123,325000316,False
2005-09-23,,0.813,0.816,0.808,0.808,176367700,143261853,False
2005-09-26,,0.808,0.812,0.807,0.812,44064243,35690703,False
2005-09-27,,0.811,0.813,0.799,0.8,124673944,100156034,False
2005-09-28,,0.8,0.804,0.799,0.802,81319234,65217737,False
2005-09-29,,0.805,0.81,0.803,0.809,101095238,81537034,False
2005-09-30,,0.809,0.809,0.805,0.808,45294935,36553965,False
2005-10-10,,0.807,0.807,0.798,0.799,133657820,107007812,False
2005-10-11,,0.799,0.808,0.798,0.807,234853826,188387038,False
2005-10-12,,0.807,0.809,0.803,0.806,407530850,328342849,False
2005-10-13,,0.805,0.808,0.798,0.799,393285553,316128887,False
2005-10-14,,0.798,0.801,0.784,0.784,227932315,180482247,False
2005-10-17,,0.785,0.786,0.775,0.781,145691514,113657258,False
2005-10-18,,0.78,0.786,0.78,0.782,109424557,85640320,False
2005-10-19,,0.781,0.791,0.78,0.781,218195976,171125027,False
2005-10-20,,0.78,0.791,0.779,0.79,272024356,213394679,False
2005-10-21,,0.788,0.793,0.787,0.789,69377712,54776403,False
2005-10-24,,0.789,0.789,0.784,0.787,39511907,31093936,False
2005-10-25,,0.785,0.787,0.777,0.78,118663653,92623949,False
2005-10-26,,0.78,0.78,0.762,0.763,169079945,129879554,False
2005-10-27,,0.763,0.767,0.759,0.765,165104526,125840142,False
2005-10-28,,0.764,0.769,0.758,0.76,154507275,117649557,False
2005-10-31,,0.76,0.771,0.76,0.77,255705334,196223601,False
2005-11-01,,0.768,0.769,0.759,0.767,303394230,231808117,False
2005-11-02,,0.767,0.78,0.766,0.773,297261203,230202634,False
2005-11-03,,0.772,0.777,0.764,0.766,292850869,225657785,False
2005-11-04,,0.766,0.77,0.764,0.77,408126166,313015580,False
2005-11-07,,0.768,0.769,0.76,0.766,116017787,88557907,False
2005-11-08,,0.765,0.774,0.763,0.772,87777625,67410426,False
2005-11-09,,0.77,0.774,0.765,0.766,539811736,415399278,False
2005-11-10,,0.764,0.768,0.754,0.755,471016468,357809055,False
2005-11-11,,0.753,0.759,0.752,0.756,71926942,54354119,False
2005-11-14,,0.755,0.757,0.752,0.752,55301359,41704179,False
2005-11-15,,0.754,0.759,0.75,0.752,103230388,77875352,False
2005-11-16,,0.752,0.756,0.746,0.755,101636995,76254449,False
2005-11-17,,0.754,0.758,0.751,0.757,51259588,38703572,False
2005-11-18,,0.755,0.778,0.755,0.774,201203365,154909483,False
2005-11-21,,0.773,0.775,0.769,0.775,102094047,78879409,False
2005-11-22,,0.774,0.774,0.761,0.761,132047950,101107262,False
2005-11-23,,0.758,0.768,0.758,0.766,81803823,62529631,False
2005-11-24,,0.765,0.781,0.764,0.776,183116402,141942845,False
2005-11-25,,0.776,0.784,0.773,0.783,141376946,110133753,False
2005-11-28,,0.783,0.786,0.775,0.778,134416639,104942557,False
2005-11-29,,0.778,0.778,0.769,0.77,103068699,79639657,False
2005-11-30,,0.769,0.774,0.767,0.774,96100607,74086521,False
2005-12-01,,0.773,0.779,0.772,0.773,94508471,73207733,False
2005-12-02,,0.775,0.777,0.768,0.772,153727845,118726999,False
2005-12-05,,0.77,0.771,0.765,0.766,151838163,116623389,False
2005-12-06,,0.765,0.777,0.765,0.775,309324767,239214439,False
2005-12-07,,0.775,0.781,0.773,0.781,390561954,304047740,False
2005-12-08,,0.781,0.786,0.776,0.779,402033594,313935254,False
2005-12-09,,0.779,0.793,0.777,0.792,248947929,195699978,False
2005-12-12,,0.792,0.793,0.787,0.79,95361041,75318799,False
2005-12-13,,0.788,0.79,0.783,0.788,134313075,105676627,False
2005-12-14,,0.788,0.796,0.785,0.794,169871647,134297258,False
2005-12-15,,0.793,0.799,0.793,0.794,349184509,278148171,False
2005-12-16,,0.793,0.798,0.792,0.798,105110164,83606523,False
2005-12-19,,0.796,0.799,0.794,0.798,125172163,99699632,False
2005-12-20,,0.797,0.802,0.795,0.801,172037706,137378436,False
2005-12-21,,0.8,0.807,0.8,0.802,272423707,219011512,False
2005-12-22,,0.801,0.805,0.798,0.805,103405408,82969760,False
2005-12-23,,0.803,0.81,0.803,0.81,168147014,135871306,False
2005-12-26,,0.81,0.816,0.808,0.813,117713603,95632935,False
2005-12-27,,0.814,0.814,0.808,0.809,100033013,81057934,False
2005-12-28,,0.807,0.811,0.806,0.809,91222830,73737337,False
2005-12-29,,0.809,0.817,0.809,0.817,202643804,165048243,False
2005-12-30,,0.818,0.821,0.811,0.812,169386465,138234970,False
2006-01-04,,0.814,0.83,0.814,0.829,338081827,278542882,False
2006-01-05,,0.829,0.848,0.829,0.848,670414568,562203632,False
2006-01-06,,0.848,0.859,0.844,0.854,304423277,259450871,False
2006-01-09,,0.853,0.86,0.851,0.858,149233673,127698714,False
2006-01-10,,0.854,0.855,0.847,0.855,173125259,147539206,False
2006-01-11,,0.854,0.859,0.847,0.848,186508061,159027374,False
2006-01-12,,0.846,0.855,0.845,0.854,149707456,127303735,False
2006-01-13,,0.854,0.857,0.844,0.846,296811479,252113089,False
2006-01-16,,0.847,0.847,0.831,0.833,256241286,214850032,False
2006-01-17,,0.831,0.841,0.831,0.839,87568067,73344047,False
2006-01-18,,0.838,0.858,0.835,0.856,227880247,194270651,False
2006-01-19,,0.857,0.861,0.85,0.858,268704070,230021805,False
2006-01-20,,0.858,0.862,0.854,0.856,150427872,129068684,False
2006-01-23,,0.857,0.862,0.855,0.86,125976604,108188475,False
2006-01-24,,0.859,0.86,0.85,0.854,149411735,127764201,False
2006-01-25,,0.854,0.863,0.851,0.863,82612588,71050002,False
2006-02-06,,0.863,0.879,0.862,0.878,259510379,226582403,False
2006-02-07,,0.877,0.88,0.866,0.873,168222548,147054251,False
2006-02-08,,0.87,0.879,0.869,0.877,1475996471,1289583586,False
2006-02-09,,0.878,0.878,0.864,0.865,123243314,107304703,False
2006-02-10,,0.865,0.879,0.865,0.879,137067116,119571775,False
2006-02-13,,0.877,0.878,0.869,0.876,99621841,86961978,False
2006-02-14,,0.875,0.877,0.872,0.877,55462873,48528312,False
2006-02-15,,0.878,0.887,0.878,0.885,128056871,113205767,False
2006-02-16,,0.884,0.884,0.871,0.875,109807608,96190998,False
2006-02-17,,0.87,0.88,0.87,0.875,108947368,95329416,False
2006-02-20,,0.871,0.88,0.871,0.872,78604023,68857620,False
2006-02-21,,0.87,0.888,0.87,0.887,133024252,116858000,False
2006-02-22,,0.888,0.891,0.878,0.882,1016879615,900066905,False
2006-02-23,,0.882,0.891,0.881,0.89,155370491,137678857,False
2006-02-24,,0.891,0.898,0.888,0.898,214532599,191725618,False
2006-02-27,,0.901,0.909,0.899,0.901,462330696,417983664,False
2006-02-28,,0.901,0.912,0.894,0.911,296095636,267067101,False
2006-03-01,,0.91,0.92,0.909,0.919,65315453,59816460,False
2006-03-02,,0.92,0.92,0.896,0.901,89529678,81231622,False
2006-03-03,,0.9,0.91,0.893,0.902,81803577,73581625,False
2006-03-06,,0.902,0.905,0.897,0.897,98092007,88292278,False
2006-03-07,,0.897,0.9,0.879,0.881,139065504,123618597,False
2006-03-08,,0.88,0.882,0.873,0.877,125514832,110042374,False
2006-03-09,,0.877,0.879,0.871,0.872,115338501,100867396,False
2006-03-10,,0.871,0.878,0.871,0.874,103142764,90172766,False
2006-03-13,,0.872,0.883,0.872,0.882,33260274,29226007,False
2006-03-14,,0.881,0.883,0.874,0.878,35996773,31595035,False
2006-03-15,,0.877,0.885,0.876,0.885,74560751,65833574,False
2006-03-16,,0.884,0.886,0.882,0.882,39904676,35255342,False
2006-03-17,,0.88,0.885,0.877,0.881,48343626,42566156,False
2006-03-20,,0.88,0.891,0.877,0.891,56866827,50409271,False
2006-03-21,,0.89,0.897,0.889,0.892,67144105,60021003,False
2006-03-22,,0.892,0.897,0.889,0.897,38163866,34127142,False
2006-03-23,,0.897,0.897,0.887,0.894,64728383,57787461,False
2006-03-24,,0.894,0.897,0.892,0.895,195535714,174950700,False
2006-03-27,,0.894,0.9,0.888,0.897,117585002,105035109,False
2006-03-28,,0.896,0.905,0.895,0.904,81088457,73139668,False
2006-03-29,,0.902,0.917,0.902,0.912,67112897,61155512,False
2006-03-30,,0.911,0.916,0.904,0.906,38637682,35163229,False
2006-03-31,,0.905,0.912,0.9,0.91,50279751,45593485,False
2006-04-03,,0.91,0.92,0.907,0.92,77816113,71263424,False
2006-04-04,,0.919,0.925,0.915,0.925,90690520,83604732,False
2006-04-05,,0.924,0.933,0.924,0.932,81462011,75728520,False
2006-04-06,,0.933,0.935,0.927,0.93,35595266,33118856,False
2006-04-07,,0.93,0.93,0.916,0.919,62330112,57368947,False
2006-04-10,,0.919,0.933,0.917,0.932,166829210,154120708,False
2006-04-11,,0.933,0.945,0.93,0.936,45588886,42646196,False
2006-04-12,,0.935,0.938,0.93,0.933,43768843,40899725,False
2006-04-13,,0.93,0.936,0.919,0.92,74313001,68840139,False
2006-04-14,,0.918,0.939,0.918,0.938,65820698,61036757,False
2006-04-17,,0.93,0.949,0.929,0.947,148382455,139737889,False
2006-04-18,,0.947,0.957,0.943,0.95,53473479,50831132,False
2006-04-19,,0.95,0.957,0.946,0.952,96221044,91496229,False
2006-04-20,,0.95,0.957,0.938,0.939,105427323,99830746,False
2006-04-21,,0.939,0.963,0.939,0.962,175267666,166981851,False
2006-04-24,,0.96,0.967,0.953,0.961,72151580,69410226,False
2006-04-25,,0.96,0.96,0.941,0.942,73347641,69668390,False
2006-04-26,,0.942,0.966,0.942,0.963,65117983,62565471,False
2006-04-27,,0.963,0.965,0.953,0.964,43890259,42117312,False
2006-04-28,,0.958,0.992,0.95,0.992,62605594,61094513,False
2006-05-08,,0.992,1.028,0.992,1.026,28441867,28722286,False
2006-05-09,,1.027,1.052,1.021,1.046,50213767,52194639,False
2006-05-10,,1.048,1.06,1.038,1.052,100119234,105232406,False
2006-05-11,,1.05,1.07,1.039,1.043,67394855,71234601,False
2006-05-12,,1.038,1.08,1.034,1.08,116176984,123714674,False
2006-05-15,,1.086,1.15,1.085,1.139,47531172,52637967,False
2006-05-16,,1.111,1.149,1.088,1.104,66068657,73630622,False
2006-05-17,,1.103,1.128,1.09,1.107,40967361,45501622,False
2006-05-18,,1.1,1.106,1.078,1.105,30864534,33714347,False
2006-05-19,,1.09,1.108,1.075,1.101,44047745,48159071,False
2006-05-22,,1.101,1.119,1.09,1.1,38847736,43024780,False
2006-05-23,,1.099,1.099,1.059,1.064,157881470,169223714,False
2006-05-24,,1.065,1.095,1.046,1.066,51932420,55451751,False
2006-05-25,,1.063,1.081,1.052,1.065,28633570,30542526,False
2006-05-26,,1.07,1.091,1.069,1.09,47432013,51286210,False
2006-05-29,,1.087,1.114,1.082,1.108,45069907,49635881,False
2006-05-30,,1.108,1.123,1.106,1.114,35014193,38991664,False
2006-05-31,,1.11,1.127,1.105,1.11,34502850,38456033,False
2006-06-01,,1.108,1.14,1.106,1.138,35661661,40179186,False
2006-06-02,,1.141,1.142,1.119,1.137,49511794,56012503,False
2006-06-05,,1.125,1.134,1.1,1.124,59198763,66264355,False
2006-06-06,,1.122,1.134,1.11,1.122,25772395,29008647,False
2006-06-07,,1.122,1.123,1.07,1.073,104759841,113999622,False
2006-06-08,,1.067,1.083,1.054,1.079,129026493,137582344,False
2006-06-09,,1.079,1.085,1.061,1.061,99450322,106397652,False
2006-06-12,,1.051,1.072,1.05,1.061,52135816,55375723,False
2006-06-13,,1.06,1.074,1.054,1.058,37997581,40313834,False
2006-06-14,,1.058,1.058,1.04,1.052,65848239,69004910,False
2006-06-15,,1.049,1.059,1.049,1.053,16768353,17681816,False
2006-06-16,,1.054,1.077,1.054,1.076,37506792,40044621,False
2006-06-19,,1.07,1.089,1.061,1.083,49804494,53784453,False
2006-06-20,,1.08,1.091,1.076,1.088,60828401,65989784,False
2006-06-21,,1.087,1.1,1.073,1.087,58639542,63686041,False
2006-06-22,,1.092,1.096,1.07,1.084,39547718,43054514,False
2006-06-23,,1.08,1.095,1.077,1.092,42023846,45656160,False
2006-06-26,,1.092,1.119,1.092,1.117,73135985,81313280,False
2006-06-27,,1.119,1.12,1.108,1.117,90179586,100362791,False
2006-06-28,,1.115,1.118,1.108,1.117,61281474,68169171,False
2006-06-29,,1.12,1.138,1.117,1.138,103818704,117468539,False
2006-06-30,,1.14,1.148,1.131,1.136,113755888,129549108,False
2006-07-03,,1.14,1.164,1.14,1.161,66714155,76854054,False
2006-07-04,,1.166,1.168,1.138,1.15,90156746,104003153,False
2006-07-05,,1.158,1.158,1.054,1.123,55707443,62467425,False
2006-07-06,,1.119,1.141,1.119,1.14,35587175,40344758,False
2006-07-07,,1.14,1.142,1.123,1.128,22744208,25796592,False
2006-07-10,,1.12,1.13,1.118,1.127,17359973,19510901,False
2006-07-11,,1.127,1.132,1.121,1.13,11906587,13414029,False
2006-07-12,,1.13,1.139,1.127,1.132,13213810,14950069,False
2006-07-13,,1.132,1.132,1.081,1.085,96897933,106503547,False
2006-07-14,,1.079,1.097,1.075,1.091,51629486,56082021,False
2006-07-17,,1.088,1.099,1.081,1.097,76400715,83492227,False
2006-07-18,,1.094,1.095,1.086,1.094,60181749,65639620,False
2006-07-19,,1.091,1.094,1.067,1.07,38112400,41036213,False
2006-07-20,,1.075,1.08,1.069,1.076,10625136,11425478,False
2006-07-21,,1.076,1.09,1.076,1.088,10419753,11313454,False
2006-07-24,,1.084,1.089,1.07,1.088,17610884,19079712,False
2006-07-25,,1.088,1.104,1.088,1.1,21616889,23754616,False
2006-07-26,,1.104,1.105,1.097,1.1,20263610,22306683,False
2006-07-27,,1.1,1.109,1.086,1.092,23753372,26062407,False
2006-07-28,,1.088,1.095,1.074,1.08,17441067,18840123,False
2006-07-31,,1.074,1.075,1.052,1.052,30236261,32062404,False
2006-08-01,,1.051,1.06,1.041,1.043,150831941,158632268,False
2006-08-02,,1.043,1.048,1.029,1.035,68645660,71160003,False
2006-08-03,,1.035,1.045,1.03,1.039,19963499,20736502,False
2006-08-04,,1.037,1.047,1.023,1.024,64223809,66561286,False
2006-08-07,,1.02,1.025,1.007,1.008,107669717,109552590,False
2006-08-08,,1.01,1.027,1.01,1.024,116456473,118560361,False
2006-08-09,,1.024,1.031,1.02,1.028,19253156,19765226,False
2006-08-10,,1.028,1.044,1.026,1.042,20918302,21711953,False
2006-08-11,,1.042,1.046,1.036,1.04,42691951,44479771,False
2006-08-14,,1.041,1.048,1.023,1.026,25203644,26115597,False
2006-08-15,,1.021,1.038,1.02,1.038,12289027,12691288,False
2006-08-16,,1.038,1.051,1.032,1.048,31817884,33265850,False
2006-08-17,,1.047,1.047,1.036,1.039,12179208,12679080,False
2006-08-18,,1.038,1.051,1.036,1.042,73224532,76341513,False
2006-08-21,,1.02,1.043,1.005,1.043,13107311,13471588,False
2006-08-22,,1.04,1.056,1.04,1.052,66281880,69684554,False
2006-08-23,,1.054,1.061,1.05,1.055,17297270,18282572,False
2006-08-24,,1.05,1.062,1.045,1.06,37194401,39165105,False
2006-08-25,,1.061,1.068,1.06,1.064,62147815,66069401,False
2006-08-28,,1.068,1.087,1.063,1.085,78903447,85132588,False
2006-08-29,,1.084,1.091,1.08,1.081,108314205,117657957,False
2006-08-30,,1.077,1.081,1.074,1.078,72349462,77938383,False
2006-08-31,,1.078,1.083,1.075,1.077,52551174,56645863,False
2006-09-01,,1.078,1.079,1.063,1.064,71218215,76079409,False
2006-09-04,,1.064,1.077,1.064,1.076,52606842,56421702,False
2006-09-05,,1.076,1.089,1.074,1.081,63740315,68911356,False
2006-09-06,,1.082,1.091,1.08,1.09,62679039,68060075,False
2006-09-07,,1.092,1.092,1.074,1.078,51939836,56149416,False
2006-09-08,,1.076,1.085,1.073,1.081,19102031,20634914,False
2006-09-11,,1.082,1.088,1.078,1.087,32340675,35041031,False
2006-09-12,,1.087,1.103,1.087,1.101,110285998,120895302,False
2006-09-13,,1.1,1.117,1.098,1.104,157399384,174575444,False
2006-09-14,,1.098,1.115,1.094,1.102,57664391,63477336,False
2006-09-15,,1.103,1.134,1.103,1.13,60761275,68334030,False
2006-09-18,,1.132,1.15,1.132,1.148,48845760,55553182,False
2006-09-19,,1.14,1.147,1.132,1.133,64069672,72854886,False
2006-09-20,,1.133,1.137,1.124,1.129,49986916,56469807,False
2006-09-21,,1.129,1.146,1.129,1.144,84318722,96185404,False
2006-09-22,,1.144,1.153,1.13,1.132,46570631,53178110,False
2006-09-25,,1.132,1.137,1.121,1.127,23087438,26018302,False
2006-09-26,,1.13,1.13,1.11,1.114,16692538,18672412,False
2006-09-27,,1.109,1.125,1.109,1.125,14899535,16631242,False
2006-09-28,,1.125,1.144,1.12,1.142,29341362,33336455,False
2006-09-29,,1.142,1.158,1.142,1.156,79052351,91245620,False
2006-10-09,,1.163,1.186,1.163,1.186,55562138,65041625,False
2006-10-10,,1.187,1.196,1.178,1.191,126489242,150470236,False
2006-10-11,,1.188,1.191,1.175,1.19,25538016,30239599,False
2006-10-12,,1.188,1.193,1.181,1.187,14884448,17668868,False
2006-10-13,,1.177,1.189,1.177,1.186,20488854,24295768,False
2006-10-16,,1.184,1.187,1.168,1.169,26329492,31021014,False
2006-10-17,,1.167,1.175,1.16,1.161,22990274,26827440,False
2006-10-18,,1.162,1.186,1.162,1.185,28657520,33621517,False
2006-10-19,,1.185,1.195,1.182,1.189,59502886,70823532,False
2006-10-20,,1.188,1.201,1.182,1.192,121216339,144717313,False
2006-10-23,,1.192,1.194,1.169,1.173,161791951,191197935,False
2006-10-24,,1.175,1.198,1.172,1.194,44433041,52878329,False
2006-10-25,,1.194,1.217,1.192,1.201,79695024,95942478,False
2006-10-26,,1.2,1.218,1.192,1.217,67520861,81630736,False
2006-10-27,,1.216,1.218,1.198,1.201,85672239,103413963,False
2006-10-30,,1.194,1.215,1.187,1.213,26614611,31974197,False
2006-10-31,,1.212,1.235,1.212,1.233,37748136,46361738,False
2006-11-01,,1.232,1.252,1.23,1.251,40100814,49748238,False
2006-11-02,,1.25,1.258,1.239,1.246,40240876,50131770,False
2006-11-03,,1.247,1.271,1.247,1.267,26641825,33673788,False
2006-11-06,,1.26,1.285,1.252,1.285,56410158,71883750,False
2006-11-07,,1.285,1.303,1.276,1.303,61098473,78900854,False
2006-11-08,,1.3,1.3,1.279,1.283,49663872,63954107,False
2006-11-09,,1.282,1.32,1.275,1.312,71435221,92127727,False
2006-11-10,,1.315,1.338,1.298,1.308,86516749,114033616,False
2006-11-13,,1.296,1.317,1.275,1.286,71069612,91769192,False
2006-11-14,,1.275,1.301,1.264,1.3,71404486,91939238,False
2006-11-15,,1.301,1.334,1.29,1.333,49762831,65337864,False
2006-11-16,,1.302,1.322,1.293,1.302,79640287,104287956,False
2006-11-17,,1.295,1.327,1.288,1.327,33395081,43680039,False
2006-11-20,,1.329,1.364,1.328,1.364,58621893,78750537,False
2006-11-21,,1.358,1.373,1.338,1.37,65798955,89270296,False
2006-11-22,,1.363,1.394,1.35,1.38,72705996,100026727,False
2006-11-23,,1.379,1.398,1.378,1.389,53589201,74245848,False
2006-11-24,,1.382,1.386,1.366,1.383,98774641,135916749,False
2006-11-27,,1.38,1.38,1.366,1.375,60916269,83615193,False
2006-11-28,,1.368,1.381,1.348,1.36,107502026,146264079,False
2006-11-29,,1.337,1.386,1.334,1.38,95723079,130858371,False
2006-11-30,,1.385,1.418,1.383,1.416,203466073,285827768,False
2006-12-01,,1.417,1.432,1.415,1.421,101647214,144674943,False
2006-12-04,,1.421,1.483,1.421,1.481,72383462,105583419,False
2006-12-05,,1.486,1.505,1.479,1.487,89532644,133722572,False
2006-12-06,,1.485,1.505,1.435,1.483,128930275,189729404,False
2006-12-07,,1.479,1.54,1.471,1.498,87533388,132371461,False
2006-12-08,,1.49,1.496,1.435,1.438,212541872,311789276,False
2006-12-11,,1.435,1.52,1.432,1.52,65120394,96627856,False
2006-12-12,,1.525,1.538,1.5,1.527,113129946,172025655,False
2006-12-13,,1.523,1.54,1.498,1.52,103394530,156866040,False
2006-12-14,,1.515,1.548,1.515,1.547,57561597,88303400,False
2006-12-15,,1.55,1.576,1.545,1.574,82067937,128137543,False
2006-12-18,,1.576,1.61,1.576,1.608,97909980,155916493,False
2006-12-19,,1.62,1.632,1.587,1.615,96878754,155994088,False
2006-12-20,,1.592,1.645,1.59,1.641,62277919,100525128,False
2006-12-21,,1.636,1.637,1.612,1.617,105505833,171521420,False
2006-12-22,,1.604,1.624,1.58,1.588,93714022,149102397,False
2006-12-25,,1.586,1.65,1.585,1.627,96590112,156961666,False
2006-12-26,,1.628,1.655,1.619,1.636,96340492,157026593,False
2006-12-27,,1.638,1.692,1.63,1.69,91228940,152481833,False
2006-12-28,,1.691,1.74,1.69,1.699,64316670,110007658,False
2006-12-29,,1.73,1.79,1.72,1.788,87644785,154508168,False
2007-01-04,,1.85,1.893,1.794,1.801,190612277,351274648,False
2007-01-05,,1.77,1.819,1.761,1.776,206980745,370487133,False
2007-01-08,,1.772,1.834,1.77,1.829,98259226,177599519,False
2007-01-09,,1.838,1.905,1.813,1.904,94940363,177325643,False
2007-01-10,,1.919,1.927,1.88,1.924,137097788,261270228,False
2007-01-11,,1.92,1.939,1.89,1.898,121307976,231929216,False
2007-01-12,,1.878,1.897,1.818,1.837,120089545,223405689,False
2007-01-15,,1.822,1.918,1.822,1.917,140742824,263618958,False
2007-01-16,,1.921,1.96,1.909,1.944,125262084,242679557,False
2007-01-17,,1.943,1.989,1.89,1.91,134561964,261148964,False
2007-01-18,,1.894,1.923,1.845,1.906,110146940,207219908,False
2007-01-19,,1.907,1.97,1.906,1.968,124696159,242513994,False
2007-01-22,,1.987,2.057,1.986,2.053,104411892,211380227,False
2007-01-23,,2.069,2.09,2.003,2.085,130614627,266748155,False
2007-01-24,,2.086,2.144,2.068,2.11,88277208,186684978,False
2007-01-25,,2.088,2.128,2.068,2.07,126723774,265656036,False
2007-01-26,,2.03,2.22,2.0,2.151,143628247,296757140,False
2007-01-29,,2.177,2.213,2.151,2.2,135902682,296263505,False
2007-01-30,,2.21,2.23,2.166,2.177,185734565,408048437,False
2007-01-31,,2.154,2.185,2.02,2.035,213063927,448070715,False
2007-02-01,,2.003,2.044,1.96,2.025,150380838,302494377,False
2007-02-02,,2.026,2.04,1.919,1.932,139187080,273881222,False
2007-02-05,,1.909,1.939,1.881,1.884,112380326,214092354,False
2007-02-06,,1.887,1.949,1.816,1.946,212000113,396783072,False
2007-02-07,,1.951,2.015,1.943,1.987,256696687,507956821,False
2007-02-08,,1.989,2.017,1.947,2.005,148350797,295559214,False
2007-02-09,,2.005,2.011,1.969,1.98,114882806,228541451,False
2007-02-12,,1.984,2.069,1.981,2.068,121012790,246056587,False
2007-02-13,,2.078,2.097,2.061,2.085,104597389,217300807,False
2007-02-14,,2.081,2.163,2.081,2.155,141584417,302563152,False
2007-02-15,,2.191,2.22,2.179,2.218,218127257,479650169,False
2007-02-16,,2.22,2.242,2.195,2.212,190330832,421891803,False
2007-02-26,,2.2,2.22,2.165,2.215,104210232,228796460,False
2007-02-27,,2.212,2.229,2.0,2.021,205360531,432638699,False
2007-02-28,,2.001,2.081,1.997,2.074,182794483,371970007,False
2007-03-01,,2.074,2.08,1.994,2.016,135144211,274453396,False
2007-03-02,,2.015,2.065,2.007,2.043,124240349,253456051,False
2007-03-05,,2.035,2.065,1.959,1.996,170099095,342072832,False
2007-03-06,,1.986,2.08,1.97,2.051,163834478,333095958,False
2007-03-07,,2.063,2.116,2.059,2.103,143381997,300466940,False
2007-03-08,,2.1,2.118,2.08,2.113,105809863,222706452,False
2007-03-09,,2.115,2.138,2.09,2.111,86160038,182468428,False
2007-03-12,,2.112,2.119,2.081,2.101,104866968,220238399,False
2007-03-13,,2.102,2.118,2.091,2.11,81763043,172077085,False
2007-03-14,,2.071,2.095,2.036,2.067,79922589,165163065,False
2007-03-15,,2.062,2.11,2.062,2.107,84856614,177644191,False
2007-03-16,,2.11,2.125,2.06,2.074,77658187,162791131,False
2007-03-19,,2.03,2.169,1.881,2.152,146477245,310393510,False
2007-03-20,,2.15,2.152,2.125,2.147,66193245,141680854,False
2007-03-21,,2.146,2.176,2.146,2.173,50934151,110123749,False
2007-03-22,,2.178,2.203,2.175,2.18,80998603,177425298,False
2007-03-23,,2.176,2.19,2.131,2.176,77127004,166598069,False
2007-03-26,,2.176,2.21,2.161,2.207,68349604,149425875,False
2007-03-27,,2.209,2.217,2.191,2.21,64192607,141675132,False
2007-03-28,,2.206,2.254,2.158,2.251,144268874,319830730,False
2007-03-29,,2.262,2.321,2.252,2.274,179837423,410882889,False
2007-03-30,,2.27,2.285,2.25,2.259,87599116,198280635,False
2007-04-02,,2.26,2.31,2.259,2.31,64844522,148615346,False
2007-04-03,,2.324,2.335,2.311,2.332,62874861,145938290,False
2007-04-04,,2.328,2.353,2.321,2.342,86167675,201192582,False
2007-04-05,,2.335,2.358,2.32,2.348,69016375,161103753,False
2007-04-06,,2.328,2.36,2.325,2.353,75568348,177314437,False
2007-04-09,,2.353,2.409,2.352,2.405,30346567,72404996,False
2007-04-10,,2.408,2.433,2.37,2.427,68245135,164499240,False
2007-04-11,,2.431,2.475,2.431,2.461,84321578,206983792,False
2007-04-12,,2.465,2.5,2.463,2.498,52065939,129198600,False
2007-04-13,,2.502,2.509,2.47,2.471,77625279,192883050,False
2007-04-16,,2.469,2.549,2.46,2.542,82673165,208267427,False
2007-04-17,,2.549,2.558,2.471,2.531,119182354,299709096,False
2007-04-18,,2.526,2.538,2.481,2.515,80595397,202364843,False
2007-04-19,,2.463,2.516,2.33,2.412,122113842,298792818,False
2007-04-20,,2.431,2.516,2.431,2.503,75356138,187015506,False
2007-04-23,,2.515,2.615,2.515,2.612,43638113,112313434,False
2007-04-24,,2.618,2.647,2.6,2.609,82431481,216117596,False
2007-04-25,,2.6,2.652,2.559,2.638,139669995,365505805,False
2007-04-26,,2.643,2.665,2.621,2.656,76013889,201370330,False
2007-04-27,,2.65,2.657,2.606,2.635,110383063,291160037,False
2007-04-30,,2.635,2.75,2.631,2.675,142485175,380772411,False
2007-05-08,,2.76,2.77,2.7,2.763,47079678,129353132,False
2007-05-09,,2.75,2.795,2.7,2.785,92354802,254021006,False
2007-05-10,,2.789,2.83,2.755,2.81,194169928,544987224,False
2007-05-11,,2.78,2.797,2.726,2.788,540707007,1489393109,False
2007-05-14,,2.75,2.858,2.73,2.821,198559090,557640293,False
2007-05-15,,2.82,2.831,2.702,2.72,149143384,412448904,False
2007-05-16,,2.71,2.769,2.678,2.768,147333461,400899829,False
2007-05-17,,2.77,2.823,2.76,2.808,67841665,189829794,False
2007-05-18,,2.795,2.805,2.77,2.788,133287879,371622129,False
2007-05-21,,2.7,2.808,2.691,2.793,110354557,306609291,False
2007-05-22,,2.797,2.834,2.795,2.82,84539410,238228265,False
2007-05-23,,2.82,2.857,2.796,2.857,119340689,337198237,False
2007-05-24,,2.89,2.89,2.803,2.83,141205387,400673347,False
2007-05-25,,2.81,2.88,2.8,2.869,139263283,398429803,False
2007-05-28,,2.887,2.935,2.85,2.926,136764514,398666334,False
2007-05-29,,2.926,2.982,2.926,2.98,130611980,386108409,False
2007-05-30,,2.832,2.983,2.718,2.737,193095745,549753521,False
2007-05-31,,2.742,2.96,2.705,2.879,119817235,335913281,False
2007-06-01,,2.88,2.995,2.801,2.859,141659511,413077820,False
2007-06-04,,2.885,2.898,2.615,2.697,258291665,701278016,False
2007-06-05,,2.64,2.732,2.458,2.716,281116635,730948408,False
2007-06-06,,2.719,2.75,2.63,2.707,157392024,426677767,False
2007-06-07,,2.73,2.799,2.72,2.789,181017694,499615950,False
2007-06-08,,2.798,2.817,2.75,2.801,88289911,246122108,False
2007-06-11,,2.805,2.88,2.8,2.85,95188829,270123447,False
2007-06-12,,2.852,2.932,2.8,2.915,109959738,315553991,False
2007-06-13,,2.93,3.0,2.93,2.999,103837267,309574779,False
2007-06-14,,2.997,2.997,2.941,2.962,102740044,304741793,False
2007-06-15,,2.912,2.99,2.903,2.984,45612041,135223972,False
2007-06-18,,3.028,3.092,3.021,3.08,74944630,230057917,False
2007-06-19,,3.052,3.09,3.05,3.066,86467873,265285908,False
2007-06-20,,3.05,3.086,2.999,3.023,69306142,211303793,False
2007-06-21,,3.01,3.056,2.993,3.048,105799446,320833640,False
2007-06-22,,3.045,3.09,2.94,2.986,103405849,313440595,False
2007-06-25,,2.996,3.039,2.911,2.917,97321926,290277540,False
2007-06-26,,2.896,2.944,2.857,2.94,147677298,426676022,False
2007-06-27,,2.95,3.05,2.9,3.038,69637240,208110457,False
2007-06-28,,3.012,3.062,2.958,2.961,98314365,296997187,False
2007-06-29,,2.91,2.96,2.888,2.891,86363403,252430722,False
2007-07-02,,2.891,2.95,2.825,2.925,58589692,168444883,False
2007-07-03,,2.915,2.947,2.9,2.94,53923766,157771150,False
2007-07-04,,2.939,2.944,2.865,2.873,72439103,210123491,False
2007-07-05,,2.829,2.86,2.749,2.769,81374162,228535143,False
2007-07-06,,2.76,2.845,2.7,2.837,136405409,377827532,False
2007-07-09,,2.841,2.938,2.841,2.93,79286124,229251596,False
2007-07-10,,2.925,2.97,2.911,2.914,91874050,270011931,False
2007-07-11,,2.914,2.93,2.881,2.916,67428929,196419010,False
2007-07-12,,2.916,2.965,2.91,2.954,41862601,123059633,False
2007-07-13,,2.962,2.964,2.918,2.958,29080741,85552057,False
2007-07-16,,2.94,2.954,2.84,2.86,39910813,115741531,False
2007-07-17,,2.842,2.955,2.841,2.943,30749241,89043162,False
2007-07-18,,2.93,3.0,2.911,2.958,56647623,168194255,False
2007-07-19,,2.96,2.977,2.94,2.947,33352936,98649304,False
2007-07-20,,2.944,3.095,2.944,3.089,84273699,256271347,False
2007-07-23,,3.15,3.209,3.12,3.202,102780379,325478477,False
2007-07-24,,3.205,3.253,3.187,3.203,63128651,203081796,False
2007-07-25,,3.2,3.29,3.2,3.287,64541979,208941125,False
2007-07-26,,3.298,3.303,3.254,3.277,63248945,207269568,False
2007-07-27,,3.25,3.266,3.219,3.244,88550980,286699776,False
2007-07-30,,3.247,3.345,3.239,3.336,65970961,218417762,False
2007-07-31,,3.33,3.37,3.288,3.362,51785163,172454233,False
2007-08-01,,3.362,3.386,3.239,3.256,98730500,326951546,False
2007-08-02,,3.265,3.348,3.265,3.341,46819384,154947711,False
2007-08-03,,3.35,3.5,3.35,3.5,66589469,227979282,False
2007-08-06,,3.539,3.565,3.5,3.55,91674879,323753815,False
2007-08-07,,3.554,3.588,3.51,3.56,75978820,270043408,False
2007-08-08,,3.525,3.588,3.5,3.537,87889695,311756114,False
2007-08-09,,3.537,3.66,3.53,3.656,71224145,257393454,False
2007-08-10,,3.647,3.67,3.588,3.649,88359064,320934125,False
2007-08-13,,3.655,3.74,3.631,3.669,86683077,319543989,False
2007-08-14,,3.679,3.714,3.648,3.706,50714388,186806764,False
2007-08-15,,3.705,3.745,3.668,3.719,108058424,400526890,False
2007-08-16,,3.708,3.714,3.615,3.641,118588547,433383746,False
2007-08-17,,3.622,3.681,3.541,3.554,131948063,474644630,False
2007-08-20,,3.645,3.798,3.63,3.79,123609232,458279058,False
2007-08-21,,3.808,3.84,3.784,3.819,74059364,282040766,False
2007-08-22,,3.78,3.9,3.77,3.87,87538013,336704987,False
2007-08-23,,3.873,3.923,3.847,3.917,59936035,232987829,False
2007-08-24,,3.93,4.036,3.93,4.026,98324344,392649344,False
2007-08-27,,4.059,4.116,4.0,4.041,115817639,470116545,False
2007-08-28,,4.017,4.055,3.95,4.04,109766114,440020920,False
2007-08-29,,3.997,4.051,3.963,3.99,103086316,412517185,False
2007-08-30,,4.011,4.05,3.986,4.02,61953843,248600432,False
2007-08-31,,4.02,4.065,3.99,4.06,68285140,275457638,False
2007-09-03,,4.081,4.157,4.081,4.155,87119179,360169653,False
2007-09-04,,4.155,4.156,4.083,4.086,72517761,298354836,False
2007-09-05,,4.087,4.12,4.0,4.083,94648987,382649505,False
2007-09-06,,4.087,4.154,4.083,4.126,71327502,294135331,False
2007-09-07,,4.11,4.125,4.055,4.06,73237590,298739913,False
2007-09-10,,4.0,4.112,3.973,4.11,119362391,482982439,False
2007-09-11,,4.083,4.13,3.9,3.954,107892111,438519350,False
2007-09-12,,3.958,4.007,3.9,3.966,117651208,464494293,False
2007-09-13,,3.971,4.067,3.97,4.056,73675018,295663782,False
2007-09-14,,4.06,4.08,4.01,4.069,71087818,288245607,False
2007-09-17,,4.061,4.178,4.061,4.175,97435305,402984770,False
2007-09-18,,4.176,4.182,4.081,4.14,52647067,217606224,False
2007-09-19,,4.142,4.155,4.057,4.09,46014504,188411237,False
2007-09-20,,4.09,4.156,4.09,4.138,43849966,181012569,False
2007-09-21,,4.131,4.134,4.05,4.095,42797238,174723342,False
2007-09-24,,4.09,4.151,4.055,4.139,41802198,172197902,False
2007-09-25,,4.131,4.166,4.083,4.109,31059927,128108020,False
2007-09-26,,4.073,4.131,4.047,4.049,30396980,124012430,False
2007-09-27,,4.053,4.105,4.042,4.103,20745703,84482215,False
2007-09-28,,4.13,4.246,4.128,4.243,100209545,421072870,False
2007-10-08,,4.333,4.333,4.21,4.295,88601005,379603894,False
2007-10-09,,4.29,4.33,4.258,4.314,34469866,147818889,False
2007-10-10,,4.325,4.43,4.315,4.352,57552045,251853299,False
2007-10-11,,4.353,4.479,4.342,4.475,49033811,216367367,False
2007-10-12,,4.485,4.505,4.303,4.457,150223021,662466941,False
2007-10-15,,4.457,4.588,4.44,4.587,68520562,308431421,False
2007-10-16,,4.59,4.67,4.558,4.599,95045223,437898990,False
2007-10-17,,4.565,4.61,4.529,4.546,64101853,292253115,False
2007-10-18,,4.53,4.54,4.35,4.38,145095622,640566576,False
2007-10-19,,4.407,4.46,4.338,4.348,81694733,357475429,False
2007-10-22,,4.28,4.336,4.24,4.255,60702817,259599859,False
2007-10-23,,4.255,4.363,4.232,4.36,94020048,402665753,False
2007-10-24,,4.373,4.44,4.343,4.404,84028837,369890155,False
2007-10-25,,4.355,4.406,4.218,4.24,145280652,621626797,False
2007-10-26,,4.208,4.31,4.18,4.308,67093077,285255836,False
2007-10-29,,4.32,4.397,4.32,4.392,53649662,234226124,False
2007-10-30,,4.401,4.444,4.35,4.442,46873568,206077744,False
2007-10-31,,4.5,4.5,4.399,4.445,94123257,418048965,False
2007-11-01,,4.442,4.455,4.406,4.407,54271353,240515223,False
2007-11-02,,4.34,4.358,4.288,4.311,81779196,352852556,False
2007-11-05,,4.32,4.32,4.205,4.228,76608431,325416973,False
2007-11-06,,4.219,4.258,4.178,4.204,64559485,271861142,False
2007-11-07,,4.228,4.236,4.142,4.226,85094175,355651980,False
2007-11-08,,4.197,4.197,4.02,4.034,145691890,595797362,False
2007-11-09,,3.988,4.048,3.94,3.999,94038243,375561258,False
2007-11-12,,3.901,3.995,3.85,3.952,152925494,598253615,False
2007-11-13,,4.0,4.053,3.892,3.924,166986529,665072492,False
2007-11-14,,4.0,4.115,3.925,4.108,136182378,546847783,False
2007-11-15,,4.059,4.1,4.021,4.029,90780031,368341104,False
2007-11-16,,3.968,4.009,3.928,3.971,73256085,290545068,False
2007-11-19,,3.987,3.995,3.93,3.954,37805155,149733934,False
2007-11-20,,3.92,4.038,3.88,3.996,93842474,371239006,False
2007-11-21,,4.003,4.051,3.949,3.96,76730328,306960142,False
2007-11-22,,3.899,3.922,3.796,3.804,96667602,373193755,False
2007-11-23,,3.79,3.87,3.745,3.862,73380427,280033872,False
2007-11-26,,3.92,3.93,3.75,3.784,103477149,400773304,False
2007-11-27,,3.765,3.844,3.765,3.774,61212635,232263701,False
2007-11-28,,3.795,3.808,3.717,3.722,95795204,360099034,False
2007-11-29,,3.762,3.915,3.735,3.913,166339901,635863788,False
2007-11-30,,3.88,3.9,3.801,3.82,175389594,674248797,False
2007-12-03,,3.794,3.885,3.785,3.856,68795666,264393837,False
2007-12-04,,3.857,3.945,3.856,3.89,106922684,417677892,False
2007-12-05,,3.885,4.004,3.871,4.0,139035211,551375108,False
2007-12-06,,4.0,4.013,3.974,3.985,99747442,398401456,False
2007-12-07,,3.999,4.073,3.98,4.06,95068264,384116105,False
2007-12-10,,3.998,4.124,3.988,4.114,175673094,714852397,False
2007-12-11,,4.111,4.13,4.036,4.084,125413689,511787286,False
2007-12-12,,4.05,4.053,3.981,4.003,119849437,481560990,False
2007-12-13,,3.988,4.006,3.852,3.865,131307947,517722838,False
2007-12-14,,3.831,3.943,3.821,3.942,94972515,368887796,False
2007-12-17,,3.947,3.947,3.836,3.839,91552926,354803463,False
2007-12-18,,3.829,3.859,3.796,3.81,84687229,323402330,False
2007-12-19,,3.856,3.92,3.848,3.901,104160893,404125763,False
2007-12-20,,3.9,3.99,3.89,3.975,103469768,409359538,False
2007-12-21,,3.968,4.03,3.93,4.027,109513492,438938292,False
2007-12-24,,4.05,4.11,4.035,4.086,129991975,530492770,False
2007-12-25,,4.083,4.11,4.068,4.082,85914060,351424207,False
2007-12-26,,4.085,4.126,4.059,4.105,88203242,360889524,False
2007-12-27,,4.119,4.186,4.081,4.184,131049310,542935540,False
2007-12-28,,4.185,4.195,4.134,4.151,92231780,384698834,False
2008-01-02,,4.153,4.169,4.1,4.141,101692498,420915472,False
2008-01-03,,4.121,4.158,4.066,4.156,90606405,371890090,False
2008-01-04,,4.153,4.22,4.137,4.203,115759406,485508115,False
2008-01-07,,4.179,4.268,4.171,4.253,79227360,335473606,False
2008-01-08,,4.262,4.341,4.25,4.266,105222083,452516269,False
2008-01-09,,4.24,4.33,4.232,4.328,55287154,237066316,False
2008-01-10,,4.332,4.364,4.306,4.343,48655447,210985189,False
2008-01-11,,4.345,4.41,4.345,4.402,84089288,368318077,False
2008-01-14,,4.411,4.46,4.4,4.437,57500864,254862628,False
2008-01-15,,4.437,4.452,4.36,4.37,92855151,408641104,False
2008-01-16,,4.339,4.339,4.228,4.235,143323592,611752220,False
2008-01-17,,4.199,4.249,4.061,4.151,152277523,631451566,False
2008-01-18,,4.117,4.18,4.103,4.165,82714190,342841168,False
2008-01-21,,4.15,4.163,3.959,3.969,108003804,437970780,False
2008-01-22,,3.888,3.905,3.653,3.698,202443852,765129186,False
2008-01-23,,3.795,3.848,3.7,3.845,133405822,505141400,False
2008-01-24,,3.865,3.885,3.755,3.825,106643241,407762937,False
2008-01-25,,3.806,3.909,3.753,3.881,113151391,435010216,False
2008-01-28,,3.825,3.825,3.619,3.621,101270607,374310448,False
2008-01-29,,3.68,3.7,3.586,3.635,106200018,385751865,False
2008-01-30,,3.67,3.7,3.499,3.552,133447561,479993695,False
2008-01-31,,3.539,3.601,3.503,3.512,66859451,237395237,False
2008-02-01,,3.53,3.56,3.418,3.501,102820383,358060151,False
2008-02-04,,3.6,3.851,3.591,3.851,174208201,648164912,False
2008-02-05,,3.8,3.835,3.749,3.777,114479547,432849275,False
2008-02-13,,3.663,3.746,3.66,3.683,73113756,269719159,False
2008-02-14,,3.721,3.75,3.7,3.721,106897966,398066492,False
2008-02-15,,3.68,3.69,3.612,3.653,81671631,298084357,False
2008-02-18,,3.71,3.747,3.687,3.715,70103085,260647848,False
2008-02-19,,3.721,3.8,3.703,3.798,68506357,257353070,False
2008-02-20,,3.798,3.82,3.69,3.694,112059854,419473026,False
2008-02-21,,3.674,3.682,3.601,3.645,76243854,277639098,False
2008-02-22,,3.61,3.616,3.477,3.5,118447782,417246760,False
2008-02-25,,3.5,3.513,3.361,3.384,105682223,360247532,False
2008-02-26,,3.495,3.52,3.321,3.409,162674322,552575696,False
2008-02-27,,3.41,3.512,3.384,3.493,108586265,376451622,False
2008-02-28,,3.493,3.505,3.447,3.469,61114235,212184714,False
2008-02-29,,3.454,3.514,3.45,3.501,76162714,265846717,False
2008-03-03,,3.469,3.59,3.447,3.58,98732904,348130964,False
2008-03-04,,3.58,3.597,3.45,3.459,116404718,408859751,False
2008-03-05,,3.448,3.47,3.368,3.423,107952536,367404570,False
2008-03-06,,3.435,3.54,3.381,3.458,119314961,413666647,False
2008-03-07,,3.415,3.473,3.405,3.421,67705231,232199290,False
2008-03-10,,3.387,3.389,3.271,3.294,133629343,444504919,False
2008-03-11,,3.256,3.3,3.233,3.294,107223506,349956725,False
2008-03-12,,3.39,3.39,3.202,3.207,175367619,576215279,False
2008-03-13,,3.179,3.186,3.08,3.136,150654115,473319516,False
2008-03-14,,3.116,3.149,3.07,3.115,127761291,396245566,False
2008-03-17,,3.091,3.101,3.025,3.027,182025758,557594725,False
2008-03-18,,3.02,3.05,2.878,2.912,363991608,1076259476,False
2008-03-19,,2.971,3.04,2.935,2.994,320366706,956081242,False
2008-03-20,,2.93,3.095,2.83,3.052,449477218,1327225898,False
2008-03-21,,3.048,3.097,3.012,3.057,205272503,626915521,False
2008-03-24,,3.086,3.092,2.911,2.914,203898343,609402812,False
2008-03-25,,2.87,2.964,2.838,2.924,221724153,640691509,False
2008-03-26,,2.934,3.01,2.92,2.94,199666478,592489078,False
2008-03-27,,2.88,2.911,2.811,2.82,406691710,1163792061,False
2008-03-28,,2.782,2.967,2.776,2.958,455985398,1312001541,False
2008-03-31,,2.861,2.925,2.844,2.866,316173268,909501966,False
2008-04-01,,2.851,2.882,2.739,2.763,395200492,1106757853,False
2008-04-02,,2.805,2.895,2.747,2.788,600165587,1687299987,False
2008-04-03,,2.775,2.875,2.725,2.872,700946786,1972482911,False
2008-04-07,,2.839,2.998,2.827,2.989,666339885,1953285350,False
2008-04-08,,2.98,3.025,2.95,2.982,452608235,1350907320,False
2008-04-09,,2.951,2.982,2.84,2.844,542766535,1582873308,False
2008-04-10,,2.814,2.876,2.785,2.873,354699036,1004618959,False
2008-04-11,,2.899,2.918,2.865,2.882,255148417,738795482,False
2008-04-14,,2.823,2.835,2.715,2.718,468271954,1293343380,False
2008-04-15,,2.715,2.745,2.636,2.74,373615537,1004146871,False
2008-04-16,,2.737,2.74,2.677,2.68,303678755,823010678,False
2008-04-17,,2.7,2.725,2.59,2.606,302108969,800472351,False
2008-04-18,,2.579,2.605,2.516,2.539,373474121,953301726,False
2008-04-21,,2.72,2.72,2.54,2.575,826010742,2170315133,False
2008-04-22,,2.518,2.621,2.481,2.61,571349540,1443933416,False
2008-04-23,,2.578,2.74,2.561,2.718,591819520,1581114270,False
2008-04-24,,2.91,2.99,2.87,2.99,1207720696,3559459470,False
2008-04-25,,2.979,3.08,2.95,2.985,1136607907,3411499620,False
2008-04-28,,2.91,2.958,2.901,2.912,568324674,1664903052,False
2008-04-29,,2.9,2.958,2.89,2.943,454973934,1335310612,False
2008-04-30,,2.961,3.126,2.96,3.111,1074243837,3288482435,False
2008-05-05,,3.16,3.165,3.083,3.135,698236104,2179572740,False
2008-05-06,,3.1,3.139,3.065,3.087,621615884,1923832472,False
2008-05-07,,3.065,3.127,2.96,2.963,621233126,1890764051,False
2008-05-08,,2.929,3.02,2.92,3.02,476739601,1414346703,False
2008-05-09,,3.038,3.046,2.926,2.961,518493549,1546911997,False
2008-05-12,,2.9,3.018,2.888,2.973,483279101,1423738733,False
2008-05-13,,2.9,2.974,2.9,2.925,514322231,1507775293,False
2008-05-14,,2.911,3.02,2.911,3.014,610091911,1819753201,False
2008-05-15,,3.03,3.058,2.995,2.997,329471550,999150013,False
2008-05-16,,2.997,3.025,2.968,2.99,233968528,700871465,False
2008-05-19,,2.98,2.987,2.935,2.964,192150275,569584340,False
2008-05-20,,2.964,3.0,2.83,2.836,439061013,1281871097,False
2008-05-21,,2.808,2.9,2.762,2.887,631777898,1777985046,False
2008-05-22,,2.831,2.894,2.821,2.841,338221854,965838214,False
2008-05-23,,2.836,2.876,2.818,2.845,262622137,748756032,False
2008-05-26,,2.82,2.825,2.754,2.759,232503130,646211911,False
2008-05-27,,2.759,2.781,2.742,2.764,226932852,626866243,False
2008-05-28,,2.77,2.865,2.756,2.839,327924135,921474610,False
2008-05-29,,2.822,2.845,2.771,2.774,234872047,661629003,False
2008-05-30,,2.8,2.825,2.764,2.807,196088675,549215069,False
2008-06-02,,2.785,2.839,2.782,2.822,180671089,508584073,False
2008-06-03,,2.832,2.841,2.791,2.811,195918197,551853653,False
2008-06-04,,2.798,2.8,2.732,2.754,236319901,650884449,False
2008-06-05,,2.739,2.749,2.708,2.725,167106408,456494513,False
2008-06-06,,2.741,2.747,2.702,2.712,142667252,388272079,False
2008-06-10,,2.605,2.623,2.448,2.482,473119069,1207791964,False
2008-06-11,,2.48,2.498,2.435,2.461,434993988,1071173871,False
2008-06-12,,2.45,2.465,2.384,2.406,399298767,965654845,False
2008-06-13,,2.411,2.438,2.365,2.367,285630566,684823263,False
2008-06-16,,2.378,2.399,2.33,2.369,343195395,812214740,False
2008-06-17,,2.372,2.379,2.3,2.317,324196068,759482754,False
2008-06-18,,2.301,2.435,2.269,2.408,665064961,1564423181,False
2008-06-19,,2.377,2.38,2.243,2.25,471096685,1090932684,False
2008-06-20,,2.28,2.397,2.216,2.33,636181425,1476285748,False
2008-06-23,,2.272,2.32,2.25,2.269,323983486,739601720,False
2008-06-24,,2.266,2.322,2.252,2.306,371935087,853078100,False
2008-06-25,,2.3,2.384,2.291,2.381,413957942,972547943,False
2008-06-26,,2.375,2.4,2.342,2.378,425848436,1010739080,False
2008-06-27,,2.3,2.312,2.244,2.256,421723744,962581758,False
2008-06-30,,2.242,2.272,2.203,2.232,292754633,654796330,False
2008-07-01,,2.238,2.247,2.136,2.143,318281840,692286342,False
2008-07-02,,2.151,2.174,2.11,2.133,295674573,633210756,False
2008-07-03,,2.102,2.202,2.063,2.16,618357274,1318988667,False
2008-07-04,,2.146,2.174,2.123,2.14,337786275,726646074,False
2008-07-07,,2.14,2.278,2.14,2.263,533845273,1190797103,False
2008-07-08,,2.268,2.306,2.222,2.262,553759814,1256307803,False
2008-07-09,,2.295,2.369,2.295,2.368,643061291,1504863809,False
2008-07-10,,2.33,2.389,2.31,2.336,554331742,1304975556,False
2008-07-11,,2.324,2.339,2.29,2.32,435812690,1006522461,False
2008-07-14,,2.305,2.352,2.295,2.331,336001429,780313565,False
2008-07-15,,2.35,2.35,2.22,2.226,549138711,1248775720,False
2008-07-16,,2.198,2.215,2.13,2.157,434374524,944593827,False
2008-07-17,,2.195,2.215,2.136,2.142,416306610,905280632,False
2008-07-18,,2.175,2.249,2.137,2.238,491557545,1075579269,False
2008-07-21,,2.215,2.307,2.2,2.302,637626647,1443098979,False
2008-07-22,,2.295,2.303,2.278,2.289,350687517,803278749,False
2008-07-23,,2.304,2.325,2.278,2.279,454329646,1046298977,False
2008-07-24,,2.296,2.368,2.296,2.362,555316595,1297091983,False
2008-07-25,,2.329,2.352,2.314,2.337,371839686,866586527,False
2008-07-28,,2.349,2.386,2.339,2.35,362846328,857978334,False
2008-07-29,,2.315,2.317,2.29,2.3,310992909,716650463,False
2008-07-30,,2.332,2.341,2.278,2.295,328899152,759001427,False
2008-07-31,,2.3,2.305,2.235,2.237,331014943,747057742,False
2008-08-01,,2.223,2.302,2.198,2.273,390653556,878960175,False
2008-08-04,,2.253,2.269,2.218,2.224,220109520,494692499,False
2008-08-05,,2.235,2.244,2.185,2.19,244964429,542276196,False
2008-08-06,,2.211,2.237,2.188,2.217,314801900,696766205,False
2008-08-07,,2.218,2.236,2.187,2.22,286084278,633316302,False
2008-08-08,,2.211,2.214,2.111,2.112,467959338,1011054819,False
2008-08-11,,2.103,2.13,2.032,2.041,476236273,993651376,False
2008-08-12,,2.031,2.06,2.015,2.031,358119320,729317809,False
2008-08-13,,2.022,2.04,1.972,2.019,401672060,804243942,False
2008-08-14,,2.0,2.029,1.993,2.012,252188802,508095422,False
2008-08-15,,2.01,2.052,1.998,2.027,272779418,553361594,False
2008-08-18,,2.028,2.032,1.933,1.935,313322020,619362606,False
2008-08-19,,1.915,1.976,1.909,1.954,337384130,657352728,False
2008-08-20,,1.935,2.125,1.927,2.119,676770608,1396097072,False
2008-08-21,,2.077,2.111,2.04,2.049,606927141,1255828745,False
2008-08-22,,2.036,2.04,1.986,2.009,363560680,731783519,False
2008-08-25,,2.011,2.057,1.997,2.021,270833739,550358036,False
2008-08-26,,2.0,2.023,1.968,1.982,287083253,571753102,False
2008-08-27,,1.983,2.02,1.964,1.988,328137398,653279102,False
2008-08-28,,1.991,2.025,1.984,2.003,345345266,693310086,False
2008-08-29,,2.015,2.064,2.006,2.038,482267803,981127905,False
2008-09-01,,2.018,2.025,1.962,1.975,317445663,630882331,False
2008-09-02,,1.961,1.97,1.939,1.948,275577419,537603991,False
2008-09-03,,1.946,1.96,1.896,1.908,372595899,715858151,False
2008-09-04,,1.905,1.923,1.881,1.91,279578572,531710657,False
2008-09-05,,1.848,1.887,1.841,1.86,306420720,570823690,False
2008-09-08,,1.867,1.878,1.827,1.832,348216637,644764733,False
2008-09-09,,1.845,1.854,1.823,1.842,299358448,550530251,False
2008-09-10,,1.827,1.873,1.808,1.839,393115125,724770771,False
2008-09-11,,1.83,1.835,1.768,1.771,376407321,675541242,False
2008-09-12,,1.773,1.794,1.763,1.774,298856923,531566505,False
2008-09-16,,1.71,1.725,1.642,1.649,557811353,940345778,False
2008-09-17,,1.653,1.671,1.595,1.601,452089058,736613369,False
2008-09-18,,1.562,1.615,1.5,1.569,898573535,1387431111,False
2008-09-19,,1.726,1.726,1.701,1.726,610146077,1052437197,False
2008-09-22,,1.881,1.899,1.79,1.899,1605784249,2991931819,False
2008-09-23,,1.81,1.835,1.773,1.777,1121067447,2023228395,False
2008-09-24,,1.727,1.8,1.72,1.798,706486740,1237935548,False
2008-09-25,,1.802,1.904,1.782,1.872,1417413930,2643887430,False
2008-09-26,,1.89,1.89,1.825,1.866,901569904,1677113609,False
2008-10-06,,1.805,1.835,1.76,1.762,663902214,1195814716,False
2008-10-07,,1.699,1.766,1.668,1.731,778159856,1336669301,False
2008-10-08,,1.668,1.704,1.631,1.65,625726967,1044225274,False
2008-10-09,,1.682,1.688,1.63,1.634,647780701,1072531359,False
2008-10-10,,1.558,1.603,1.552,1.572,745485825,1172584991,False
2008-10-13,,1.566,1.666,1.529,1.663,964663624,1536945630,False
2008-10-14,,1.73,1.736,1.605,1.612,1028139160,1731114289,False
2008-10-15,,1.58,1.603,1.563,1.582,525151592,830743038,False
2008-10-16,,1.52,1.546,1.5,1.503,583145933,886933803,False
2008-10-17,,1.52,1.529,1.496,1.513,460153376,696514535,False
2008-10-20,,1.502,1.571,1.486,1.568,672032192,1028651517,False
2008-10-21,,1.568,1.585,1.541,1.543,575174492,901677145,False
2008-10-22,,1.52,1.552,1.501,1.502,408425230,621770323,False
2008-10-23,,1.476,1.497,1.455,1.494,484616085,714675287,False
2008-10-24,,1.495,1.497,1.435,1.446,422181210,617873444,False
2008-10-27,,1.41,1.418,1.321,1.323,578164994,796844301,False
2008-10-28,,1.292,1.397,1.292,1.389,970890119,1316694182,False
2008-10-29,,1.399,1.407,1.346,1.347,753445718,1040432695,False
2008-10-30,,1.356,1.416,1.335,1.391,846749314,1173244804,False
2008-10-31,,1.375,1.389,1.352,1.359,443044364,607204654,False
2008-11-03,,1.35,1.387,1.338,1.36,355933801,487607592,False
2008-11-04,,1.35,1.366,1.329,1.355,334335832,451108319,False
2008-11-05,,1.369,1.439,1.365,1.415,720633299,1014205914,False
2008-11-06,,1.37,1.382,1.361,1.372,379185440,519823797,False
2008-11-07,,1.351,1.416,1.345,1.399,557852038,773518030,False
2008-11-10,,1.441,1.531,1.433,1.529,1080520517,1601620115,False
2008-11-11,,1.5,1.523,1.488,1.491,876280901,1320606994,False
2008-11-12,,1.47,1.514,1.466,1.505,732848381,1093995359,False
2008-11-13,,1.48,1.57,1.471,1.554,1172208863,1784002190,False
2008-11-14,,1.571,1.595,1.547,1.589,1156415004,1820557403,False
2008-11-17,,1.579,1.604,1.566,1.602,1020125600,1618588018,False
2008-11-18,,1.587,1.61,1.49,1.495,1136169905,1769238706,False
2008-11-19,,1.441,1.542,1.42,1.535,1124709527,1660350622,False
2008-11-20,,1.5,1.527,1.462,1.49,861482698,1287605840,False
2008-11-21,,1.44,1.527,1.414,1.485,1200501623,1771127500,False
2008-11-24,,1.469,1.476,1.418,1.424,718068849,1039326700,False
2008-11-25,,1.453,1.458,1.395,1.42,654929766,933839917,False
2008-11-26,,1.414,1.439,1.405,1.422,543462944,773611218,False
2008-11-27,,1.521,1.533,1.445,1.448,1335338364,1988823106,False
2008-11-28,,1.435,1.436,1.392,1.397,692569922,979030477,False
2008-12-01,,1.397,1.414,1.375,1.412,557995619,779794679,False
2008-12-02,,1.38,1.421,1.372,1.407,574231367,803897748,False
2008-12-03,,1.424,1.48,1.418,1.476,888369005,1286633522,False
2008-12-04,,1.502,1.55,1.49,1.503,1311766345,1995055840,False
2008-12-05,,1.497,1.522,1.491,1.52,797136862,1202449345,False
2008-12-08,,1.536,1.584,1.534,1.583,1093156536,1703217985,False
2008-12-09,,1.582,1.586,1.536,1.538,1048393870,1638595535,False
2008-12-10,,1.528,1.591,1.517,1.585,1146281694,1781723687,False
2008-12-11,,1.565,1.588,1.538,1.543,999317399,1565273424,False
2008-12-12,,1.529,1.539,1.468,1.478,942216354,1412195943,False
2008-12-15,,1.503,1.515,1.468,1.486,707125568,1056411243,False
2008-12-16,,1.47,1.497,1.443,1.495,610200389,893960423,False
2008-12-17,,1.502,1.513,1.487,1.494,668684616,1003959978,False
2008-12-18,,1.492,1.534,1.476,1.53,821282134,1236975435,False
2008-12-19,,1.519,1.555,1.515,1.528,768458632,1179880357,False
2008-12-22,,1.522,1.532,1.487,1.499,512143094,771292216,False
2008-12-23,,1.498,1.498,1.432,1.434,628372173,917059849,False
2008-12-24,,1.425,1.432,1.403,1.411,506566624,719294720,False
2008-12-25,,1.414,1.423,1.386,1.399,499601632,701855552,False
2008-12-26,,1.401,1.413,1.389,1.398,409456704,573517504,False
2008-12-29,,1.391,1.397,1.37,1.391,336672352,465742176,False
2008-12-30,,1.392,1.402,1.368,1.373,394915616,546940288,False
2008-12-31,,1.377,1.385,1.364,1.365,353879104,486329856,False
2009-01-05,,1.39,1.418,1.383,1.417,539671296,755487616,False
2009-01-06,,1.41,1.467,1.407,1.457,772111936,1116640256,False
2009-01-07,,1.458,1.474,1.446,1.448,463574144,676546944,False
2009-01-08,,1.428,1.429,1.398,1.407,493556896,696947072,False
2009-01-09,,1.404,1.432,1.404,1.428,384687776,547623168,False
2009-01-12,,1.42,1.443,1.415,1.42,302448512,432026944,False
2009-01-13,,1.404,1.414,1.395,1.397,274906880,385606400,False
2009-01-14,,1.397,1.46,1.397,1.46,491851936,704884928,False
2009-01-15,,1.442,1.465,1.432,1.447,506310432,732695680,False
2009-01-16,,1.452,1.516,1.452,1.489,830986560,1240169856,False
2009-01-19,,1.505,1.545,1.494,1.508,870670848,1324283904,False
2009-01-20,,1.499,1.52,1.485,1.518,462633632,695270336,False
2009-01-21,,1.492,1.538,1.491,1.511,642503808,973860800,False
2009-01-22,,1.526,1.532,1.502,1.526,526679328,800385024,False
2009-01-23,,1.52,1.531,1.505,1.518,378663872,575242240,False
2009-02-02,,1.527,1.531,1.509,1.52,293689984,446393888,False
2009-02-03,,1.519,1.563,1.516,1.559,568321152,876762560,False
2009-02-04,,1.566,1.607,1.566,1.606,647566592,1029578176,False
2009-02-05,,1.604,1.648,1.593,1.6,859039104,1394739584,False
2009-02-06,,1.609,1.67,1.609,1.668,878020224,1443817216,False
2009-02-09,,1.693,1.712,1.673,1.692,824927808,1395341952,False
2009-02-10,,1.684,1.7,1.661,1.697,707924352,1190377088,False
2009-02-11,,1.664,1.734,1.662,1.7,989584960,1673242368,False
2009-02-12,,1.697,1.709,1.642,1.675,882043776,1472057472,False
2009-02-13,,1.675,1.743,1.667,1.737,1053759616,1796111232,False
2009-02-16,,1.749,1.794,1.746,1.792,943802816,1669533696,False
2009-02-17,,1.789,1.805,1.74,1.748,1078475136,1918468864,False
2009-02-18,,1.714,1.723,1.66,1.668,1261167488,2135720064,False
2009-02-19,,1.682,1.689,1.636,1.66,912428544,1518855040,False
2009-02-20,,1.658,1.681,1.638,1.679,652203392,1082391936,False
2009-02-23,,1.667,1.728,1.64,1.718,920908736,1555378048,False
2009-02-24,,1.69,1.708,1.618,1.629,966928256,1612002944,False
2009-02-25,,1.642,1.665,1.585,1.645,1013511808,1647171840,False
2009-02-26,,1.634,1.676,1.583,1.593,1188162816,1956582272,False
2009-02-27,,1.582,1.6,1.561,1.574,802798336,1268460672,False
2009-03-02,,1.572,1.592,1.539,1.576,668493504,1047653312,False
2009-03-03,,1.541,1.57,1.534,1.553,607530560,942147584,False
2009-03-04,,1.56,1.675,1.56,1.671,1142081024,1847761792,False
2009-03-05,,1.686,1.711,1.651,1.689,1322697344,2225256960,False
2009-03-06,,1.656,1.698,1.653,1.676,870646784,1458468480,False
2009-03-09,,1.686,1.71,1.617,1.619,900215552,1497681664,False
2009-03-10,,1.606,1.643,1.591,1.641,690930304,1113932032,False
2009-03-11,,1.69,1.694,1.62,1.626,657247360,1088073728,False
2009-03-12,,1.62,1.631,1.589,1.624,686650496,1103641856,False
2009-03-13,,1.636,1.654,1.619,1.621,643006656,1052102656,False
2009-03-16,,1.612,1.665,1.602,1.658,722135616,1181383680,False
2009-03-17,,1.652,1.714,1.647,1.709,1065954944,1796816896,False
2009-03-18,,1.715,1.728,1.699,1.704,909859584,1560801664,False
2009-03-19,,1.702,1.735,1.699,1.732,658154688,1131090304,False
2009-03-20,,1.733,1.744,1.703,1.726,672179072,1160006016,False
2009-03-23,,1.722,1.774,1.721,1.766,607807168,1064579520,False
2009-03-24,,1.79,1.809,1.766,1.774,828143872,1478990464,False
2009-03-25,,1.767,1.791,1.744,1.745,734876672,1301199232,False
2009-03-26,,1.749,1.82,1.741,1.818,844610624,1498498304,False
2009-03-27,,1.829,1.838,1.814,1.823,871205120,1591932800,False
2009-03-30,,1.821,1.835,1.808,1.815,609081792,1109162880,False
2009-03-31,,1.78,1.839,1.772,1.831,917930496,1655375744,False
2009-04-01,,1.839,1.864,1.833,1.85,875841728,1618862720,False
2009-04-02,,1.855,1.9,1.852,1.876,796703936,1498370432,False
2009-04-03,,1.898,1.919,1.878,1.889,857109696,1626700800,False
2009-04-07,,1.893,1.914,1.869,1.894,530838304,1003369536,False
2009-04-08,,1.881,1.891,1.815,1.816,861406080,1594389376,False
2009-04-09,,1.818,1.846,1.799,1.844,817443840,1489470464,False
2009-04-10,,1.861,1.894,1.853,1.891,820641856,1538504832,False
2009-04-13,,1.9,1.946,1.895,1.938,818875328,1577880320,False
2009-04-14,,1.929,1.95,1.921,1.942,622176064,1205500416,False
2009-04-15,,1.931,1.944,1.901,1.935,841686848,1620811264,False
2009-04-16,,1.937,1.95,1.906,1.933,903605632,1747536256,False
2009-04-17,,1.929,1.937,1.902,1.909,873584832,1676768640,False
2009-04-20,,1.899,1.951,1.896,1.947,841970560,1625305344,False
2009-04-21,,1.928,1.937,1.897,1.916,875095552,1677327488,False
2009-04-22,,1.931,1.954,1.856,1.867,1124058368,2151503872,False
2009-04-23,,1.854,1.868,1.839,1.863,830907456,1541673216,False
2009-04-24,,1.876,1.88,1.845,1.848,530854144,989905152,False
2009-04-27,,1.846,1.854,1.808,1.816,791945792,1445485696,False
2009-04-28,,1.81,1.827,1.799,1.815,630127680,1142301696,False
2009-04-29,,1.816,1.896,1.811,1.887,935517568,1743127936,False
2009-04-30,,1.893,1.903,1.877,1.887,694497664,1312004992,False
2009-05-04,,1.894,1.953,1.89,1.949,718717888,1386645888,False
2009-05-05,,1.956,1.976,1.943,1.953,720365120,1411677952,False
2009-05-06,,1.95,1.983,1.945,1.974,884395392,1739084928,False
2009-05-07,,1.985,2.008,1.96,1.981,757433792,1503728896,False
2009-05-08,,1.973,2.025,1.966,2.019,687314880,1372027520,False
2009-05-11,,2.032,2.07,1.986,1.99,908958464,1857283072,False
2009-05-12,,1.971,2.03,1.971,2.024,783865408,1566322304,False
2009-05-13,,2.02,2.049,2.009,2.043,797020608,1619377536,False
2009-05-14,,2.02,2.024,1.99,2.01,816804480,1643879424,False
2009-05-15,,2.016,2.029,1.999,2.014,423690368,853353792,False
2009-05-18,,2.0,2.032,1.986,2.025,619478272,1241890176,False
2009-05-19,,2.047,2.06,2.04,2.048,659755840,1352530560,False
2009-05-20,,2.047,2.051,2.018,2.02,500494016,1019303936,False
2009-05-21,,2.003,2.018,1.965,1.969,793465856,1574264448,False
2009-05-22,,1.961,1.981,1.95,1.968,551668416,1082236928,False
2009-05-25,,1.944,1.985,1.929,1.975,602519936,1178291328,False
2009-05-26,,1.975,1.979,1.94,1.943,404407072,793331904,False
2009-05-27,,1.955,2.002,1.952,1.99,772053312,1525656448,False
2009-06-01,,2.019,2.085,2.018,2.077,889276288,1829137664,False
2009-06-02,,2.088,2.104,2.071,2.073,844664064,1766526976,False
2009-06-03,,2.072,2.159,2.072,2.155,802295104,1701665664,False
2009-06-04,,2.14,2.181,2.129,2.169,1377988352,2974684672,False
2009-06-05,,2.182,2.19,2.16,2.161,715899072,1557182336,False
2009-06-08,,2.16,2.21,2.141,2.181,819623424,1784019968,False
2009-06-09,,2.18,2.198,2.142,2.197,736587584,1599250816,False
2009-06-10,,2.198,2.225,2.193,2.214,635195584,1406039936,False
2009-06-11,,2.213,2.237,2.201,2.203,599685696,1328280192,False
2009-06-12,,2.201,2.219,2.15,2.162,713060160,1557224448,False
2009-06-15,,2.17,2.22,2.152,2.219,964767488,2108214400,False
2009-06-16,,2.195,2.226,2.188,2.204,803426624,1773006208,False
2009-06-17,,2.2,2.248,2.174,2.233,856837824,1889791872,False
2009-06-18,,2.235,2.284,2.23,2.281,852639296,1937263488,False
2009-06-19,,2.287,2.318,2.283,2.312,608966400,1401929344,False
2009-06-22,,2.34,2.349,2.312,2.316,624039616,1454328576,False
2009-06-23,,2.285,2.364,2.278,2.326,1068716160,2474085120,False
2009-06-24,,2.315,2.337,2.3,2.332,777842624,1805990272,False
2009-06-25,,2.333,2.35,2.324,2.33,678907008,1587059456,False
2009-06-26,,2.335,2.35,2.326,2.336,444559456,1039592000,False
2009-06-29,,2.339,2.393,2.337,2.392,464757696,1102823936,False
2009-06-30,,2.401,2.403,2.377,2.379,611750656,1460258944,False
2009-07-01,,2.374,2.444,2.37,2.442,737115712,1779587712,False
2009-07-02,,2.446,2.492,2.443,2.482,739607552,1828327808,False
2009-07-03,,2.475,2.511,2.464,2.511,917535680,2280967680,False
2009-07-06,,2.512,2.556,2.512,2.55,703411712,1786189824,False
2009-07-07,,2.545,2.561,2.507,2.513,878281152,2225454592,False
2009-07-08,,2.488,2.517,2.436,2.497,1299237120,3213185280,False
2009-07-09,,2.492,2.533,2.477,2.531,860612032,2155778560,False
2009-07-10,,2.531,2.546,2.504,2.515,641008128,1618151936,False
2009-07-13,,2.501,2.507,2.467,2.468,585446080,1456902656,False
2009-07-14,,2.478,2.553,2.478,2.551,784397696,1982141312,False
2009-07-15,,2.561,2.584,2.561,2.576,502894432,1295252224,False
2009-07-16,,2.6,2.632,2.581,2.598,745611968,1945443456,False
2009-07-17,,2.602,2.621,2.586,2.611,474893216,1237994624,False
2009-07-20,,2.62,2.665,2.6,2.661,551167040,1452301056,False
2009-07-21,,2.668,2.685,2.619,2.621,920725376,2447840256,False
2009-07-22,,2.625,2.683,2.625,2.681,819243776,2178190336,False
2009-07-23,,2.681,2.723,2.665,2.716,610530688,1645383552,False
2009-07-24,,2.737,2.752,2.69,2.745,793400576,2162927360,False
2009-07-27,,2.752,2.81,2.752,2.809,640125184,1781853696,False
2009-07-28,,2.811,2.811,2.772,2.795,783943744,2186659328,False
2009-07-29,,2.79,2.831,2.573,2.663,1621811618,4444954883,False
2009-07-30,,2.708,2.77,2.665,2.752,1869133440,5084567040,False
2009-07-31,,2.785,2.822,2.749,2.819,1113916288,3103636224,False
2009-08-03,,2.832,2.844,2.799,2.838,944875392,2666630656,False
2009-08-04,,2.848,2.85,2.771,2.812,989497536,2775238144,False
2009-08-05,,2.803,2.81,2.741,2.763,968703360,2688026880,False
2009-08-06,,2.74,2.761,2.66,2.7,1089712256,2950657024,False
2009-08-07,,2.71,2.725,2.625,2.637,1109224704,2971365120,False
2009-08-10,,2.663,2.68,2.58,2.618,1190236800,3122371328,False
2009-08-11,,2.631,2.634,2.585,2.619,933324032,2440674816,False
2009-08-12,,2.61,2.616,2.47,2.493,1482479488,3771867648,False
2009-08-13,,2.505,2.545,2.456,2.532,1375078784,3440306176,False
2009-08-14,,2.525,2.539,2.454,2.476,1339075200,3335164928,False
2009-08-17,,2.43,2.462,2.331,2.339,1965095168,4706222592,False
2009-08-18,,2.333,2.361,2.288,2.348,1689418240,3936212224,False
2009-08-19,,2.35,2.364,2.213,2.24,1638055808,3769934080,False
2009-08-20,,2.255,2.347,2.247,2.344,1545720960,3552344832,False
2009-08-21,,2.343,2.401,2.322,2.373,1627166464,3841856000,False
2009-08-24,,2.392,2.4,2.352,2.376,803172480,1907407104,False
2009-08-25,,2.36,2.361,2.201,2.27,1275856896,2902380288,False
2009-08-26,,2.245,2.332,2.236,2.305,1153578880,2648099840,False
2009-08-27,,2.285,2.327,2.259,2.285,1564160128,3581935616,False
2009-08-28,,2.29,2.3,2.195,2.206,1283904256,2860953600,False
2009-08-31,,2.165,2.17,2.039,2.045,1195672192,2505602048,False
2009-09-01,,2.05,2.129,2.045,2.089,1458219520,3045373696,False
2009-09-02,,2.07,2.145,2.06,2.135,1201464832,2543343872,False
2009-09-03,,2.14,2.255,2.129,2.247,1277383168,2812751872,False
2009-09-04,,2.24,2.273,2.228,2.247,1262029568,2838171904,False
2009-09-07,,2.27,2.303,2.248,2.259,1149650560,2620481024,False
2009-09-08,,2.248,2.309,2.222,2.307,1132259584,2569199104,False
2009-09-09,,2.315,2.332,2.279,2.31,853167296,1968038016,False
2009-09-10,,2.3,2.318,2.279,2.286,622102528,1431811328,False
2009-09-11,,2.286,2.371,2.286,2.361,1061808960,2481138432,False
2009-09-14,,2.371,2.391,2.351,2.385,773460224,1836695936,False
2009-09-15,,2.386,2.406,2.364,2.385,844522496,2015122944,False
2009-09-16,,2.37,2.39,2.319,2.342,983815744,2309718784,False
2009-09-17,,2.361,2.393,2.361,2.387,917943552,2184795904,False
2009-09-18,,2.387,2.392,2.287,2.3,1040190336,2442293760,False
2009-09-21,,2.282,2.305,2.23,2.301,1281580544,2904752384,False
2009-09-22,,2.284,2.321,2.24,2.242,999609728,2283936512,False
2009-09-23,,2.257,2.273,2.203,2.213,830495360,1858031488,False
2009-09-24,,2.199,2.269,2.182,2.241,1091930368,2421116928,False
2009-09-25,,2.228,2.255,2.208,2.237,830391360,1856739968,False
2009-09-28,,2.248,2.255,2.169,2.175,599509760,1329973632,False
2009-09-29,,2.186,2.209,2.16,2.188,861509312,1881286656,False
2009-09-30,,2.2,2.232,2.19,2.213,695920384,1540139264,False
2009-10-09,,2.269,2.329,2.255,2.325,656760256,1508272128,False
2009-10-12,,2.331,2.347,2.3,2.304,634013312,1475401472,False
2009-10-13,,2.3,2.347,2.297,2.345,576904000,1343285120,False
2009-10-14,,2.35,2.4,2.343,2.358,868842176,2059459072,False
2009-10-15,,2.39,2.409,2.361,2.372,761514816,1816521728,False
2009-10-16,,2.381,2.391,2.33,2.37,714406912,1683730432,False
2009-10-19,,2.357,2.432,2.352,2.429,723668800,1737841024,False
2009-10-20,,2.445,2.466,2.435,2.46,995886208,2443228160,False
2009-10-21,,2.45,2.487,2.447,2.457,702020992,1730293632,False
2009-10-22,,2.456,2.463,2.43,2.435,678827904,1661275520,False
2009-10-23,,2.449,2.502,2.444,2.483,837231488,2075794048,False
2009-10-26,,2.488,2.5,2.472,2.489,653783680,1624989312,False
2009-10-27,,2.47,2.471,2.416,2.418,736417792,1801441152,False
2009-10-28,,2.41,2.428,2.363,2.411,1059691584,2544201728,False
2009-10-29,,2.369,2.386,2.345,2.352,760758336,1800857856,False
2009-10-30,,2.396,2.42,2.376,2.379,757553536,1815267456,False
2009-11-02,,2.324,2.472,2.319,2.468,1096018816,2645071360,False
2009-11-03,,2.468,2.508,2.463,2.492,843672960,2102676480,False
2009-11-04,,2.494,2.526,2.477,2.506,766085632,1917454336,False
2009-11-05,,2.507,2.523,2.49,2.512,619740544,1553761664,False
2009-11-06,,2.54,2.545,2.515,2.518,688943680,1743384192,False
2009-11-09,,2.52,2.527,2.493,2.525,588249344,1478344320,False
2009-11-10,,2.541,2.557,2.527,2.533,580172032,1475274880,False
2009-11-11,,2.525,2.531,2.502,2.517,598421184,1506110720,False
2009-11-12,,2.525,2.541,2.504,2.509,522628960,1320280192,False
2009-11-13,,2.501,2.533,2.475,2.53,752845696,1880534528,False
2009-11-16,,2.545,2.609,2.545,2.608,838517696,2164686080,False
2009-11-17,,2.621,2.631,2.603,2.608,698728448,1829379712,False
2009-11-18,,2.612,2.625,2.6,2.606,524128832,1368380928,False
2009-11-19,,2.613,2.627,2.58,2.607,871965696,2265873152,False
2009-11-20,,2.59,2.603,2.563,2.584,562913216,1453940352,False
2009-11-23,,2.587,2.598,2.573,2.596,439294688,1135732992,False
2009-11-24,,2.607,2.619,2.52,2.531,1061376320,2736525312,False
2009-11-25,,2.531,2.57,2.495,2.568,1076835712,2726314496,False
2009-11-26,,2.57,2.577,2.457,2.461,1283051136,3228278528,False
2009-11-27,,2.44,2.454,2.383,2.395,1100470400,2659145216,False
2009-11-30,,2.428,2.474,2.412,2.471,1027940032,2513110016,False
2009-12-01,,2.464,2.5,2.441,2.493,957783296,2365868288,False
2009-12-02,,2.508,2.529,2.501,2.516,810169536,2039277056,False
2009-12-03,,2.518,2.518,2.479,2.5,594884160,1486411136,False
2009-12-04,,2.49,2.605,2.483,2.594,1765660928,4490674176,False
2009-12-07,,2.588,2.611,2.58,2.596,1179883264,3061888256,False
2009-12-08,,2.597,2.604,2.532,2.55,898780864,2303539200,False
2009-12-09,,2.519,2.534,2.49,2.496,825129024,2075595776,False
2009-12-10,,2.518,2.53,2.49,2.513,696764224,1750875776,False
2009-12-11,,2.518,2.544,2.508,2.513,698198592,1763335424,False
2009-12-14,,2.506,2.573,2.456,2.558,1418954624,3572211968,False
2009-12-15,,2.536,2.558,2.522,2.525,764909184,1942409216,False
2009-12-16,,2.512,2.553,2.508,2.512,755129728,1911549952,False
2009-12-17,,2.526,2.535,2.464,2.468,812279104,2023668352,False
2009-12-18,,2.444,2.459,2.415,2.43,695952320,1695893376,False
2009-12-21,,2.431,2.437,2.39,2.415,697190848,1680288000,False
2009-12-22,,2.421,2.423,2.353,2.367,677068864,1616324224,False
2009-12-23,,2.363,2.381,2.348,2.374,634041024,1501176448,False
2009-12-24,,2.382,2.438,2.371,2.435,919975552,2218339328,False
2009-12-25,,2.43,2.434,2.406,2.408,496893536,1201122432,False
2009-12-28,,2.417,2.466,2.417,2.451,634378048,1554806272,False
2009-12-29,,2.45,2.476,2.439,2.475,500569408,1228445696,False
2009-12-30,,2.475,2.555,2.472,2.542,1212204672,3062994688,False
2009-12-31,,2.545,2.57,2.54,2.559,926696448,2369026304,False
2010-01-04,,2.569,2.572,2.51,2.512,786433216,2000121216,False
2010-01-05,,2.525,2.562,2.489,2.544,1099878784,2781187328,False
2010-01-06,,2.539,2.55,2.511,2.512,546572497,1384265012,False
2010-01-07,,2.513,2.526,2.449,2.462,894267520,2226035200,False
2010-01-08,,2.458,2.468,2.427,2.462,885476032,2168222208,False
2010-01-11,,2.6,2.6,2.462,2.473,1354881024,3409013248,False
2010-01-12,,2.462,2.506,2.428,2.505,1217262581,3008190197,False
2010-01-13,,2.452,2.457,2.39,2.394,1420743168,3444822784,False
2010-01-14,,2.41,2.424,2.38,2.416,878212544,2113674880,False
2010-01-15,,2.416,2.44,2.399,2.422,652328448,1578854400,False
2010-01-18,,2.412,2.418,2.398,2.415,508850240,1226176384,False
2010-01-19,,2.421,2.448,2.418,2.431,971663744,2364288768,False
2010-01-20,,2.435,2.436,2.354,2.356,769251648,1837559296,False
2010-01-21,,2.361,2.389,2.347,2.376,1107771008,2620562944,False
2010-01-22,,2.35,2.4,2.318,2.377,1170291584,2762052096,False
2010-01-25,,2.352,2.392,2.35,2.355,797176128,1889290368,False
2010-01-26,,2.356,2.361,2.301,2.309,961401408,2235841280,False
2010-01-27,,2.313,2.319,2.261,2.262,1010113472,2307873536,False
2010-01-28,,2.263,2.269,2.235,2.25,596860288,1344312576,False
2010-01-29,,2.238,2.279,2.231,2.244,620091840,1399818496,False
2010-02-01,,2.241,2.241,2.186,2.208,700122368,1544748288,False
2010-02-02,,2.225,2.265,2.21,2.216,656543296,1471088000,False
2010-02-03,,2.227,2.283,2.193,2.282,1095397504,2456854528,False
2010-02-04,,2.261,2.279,2.247,2.265,728476928,1648859008,False
2010-02-05,,2.225,2.234,2.206,2.219,652672448,1448850304,False
2010-02-08,,2.22,2.234,2.202,2.212,349984608,776545280,False
2010-02-09,,2.208,2.237,2.204,2.228,408855296,909905152,False
2010-02-10,,2.246,2.264,2.242,2.263,348961120,785651264,False
2010-02-11,,2.262,2.278,2.258,2.268,222058912,503997952,False
2010-02-12,,2.275,2.291,2.271,2.287,229641024,524024128,False
2010-02-22,,2.287,2.294,2.269,2.271,395044288,901286976,False
2010-02-23,,2.261,2.268,2.207,2.23,576802432,1282064000,False
2010-02-24,,2.224,2.254,2.207,2.252,403690624,901550976,False
2010-02-25,,2.255,2.29,2.251,2.287,678995904,1548363392,False
2010-02-26,,2.279,2.293,2.276,2.28,336878656,769444480,False
2010-03-01,,2.279,2.323,2.279,2.318,426241696,983304768,False
2010-03-02,,2.32,2.329,2.305,2.311,405330752,938546944,False
2010-03-03,,2.311,2.322,2.293,2.321,297466080,686950848,False
2010-03-04,,2.319,2.321,2.267,2.269,551707392,1265292928,False
2010-03-05,,2.272,2.288,2.27,2.273,267958528,610224832,False
2010-03-08,,2.279,2.297,2.273,2.29,245906960,562812800,False
2010-03-09,,2.29,2.322,2.274,2.306,417541824,959487616,False
2010-03-10,,2.306,2.322,2.291,2.296,343183168,790858240,False
2010-03-11,,2.3,2.318,2.282,2.304,577884544,1329776256,False
2010-03-12,,2.302,2.306,2.275,2.278,431437440,987959552,False
2010-03-15,,2.274,2.279,2.232,2.239,646422080,1451917312,False
2010-03-16,,2.237,2.26,2.236,2.259,349058560,784200704,False
2010-03-17,,2.265,2.308,2.26,2.306,576197632,1317642752,False
2010-03-18,,2.306,2.318,2.288,2.294,471913536,1087836160,False
2010-03-19,,2.293,2.316,2.282,2.314,439874240,1011781376,False
2010-03-22,,2.314,2.33,2.309,2.315,495343392,1148749056,False
2010-03-23,,2.317,2.319,2.288,2.289,372564288,858504256,False
2010-03-24,,2.299,2.312,2.288,2.291,403002656,927298176,False
2010-03-25,,2.284,2.284,2.255,2.257,373875808,846862272,False
2010-03-26,,2.256,2.306,2.255,2.296,474679168,1086153600,False
2010-03-29,,2.31,2.37,2.306,2.366,967477568,2272431104,False
2010-03-30,,2.366,2.374,2.352,2.37,453997472,1073765888,False
2010-03-31,,2.368,2.372,2.343,2.35,441623168,1040035648,False
2010-04-01,,2.35,2.379,2.35,2.373,493245824,1168179840,False
2010-04-02,,2.378,2.385,2.367,2.375,360514496,856636416,False
2010-04-06,,2.387,2.407,2.365,2.374,562604544,1340743040,False
2010-04-07,,2.372,2.375,2.348,2.359,511709472,1208058880,False
2010-04-08,,2.354,2.354,2.314,2.321,443993344,1036580544,False
2010-04-09,,2.325,2.345,2.323,2.342,346242432,808733760,False
2010-04-12,,2.35,2.355,2.301,2.314,424125376,985735232,False
2010-04-13,,2.314,2.366,2.313,2.362,1036319552,2431676160,False
2010-04-14,,2.363,2.38,2.351,2.371,403656384,953298240,False
2010-04-15,,2.373,2.373,2.344,2.365,492517760,1163292032,False
2010-04-16,,2.35,2.362,2.325,2.33,490903808,1147993728,False
2010-04-19,,2.305,2.305,2.204,2.21,1227932032,2760509184,False
2010-04-20,,2.214,2.22,2.178,2.202,730104704,1603308544,False
2010-04-21,,2.201,2.237,2.186,2.233,677941120,1498723072,False
2010-04-22,,2.219,2.219,2.18,2.182,709689408,1556624896,False
2010-04-23,,2.186,2.197,2.157,2.168,722811008,1572435328,False
2010-04-26,,2.175,2.182,2.145,2.15,799815360,1729097600,False
2010-04-27,,2.143,2.144,2.08,2.111,735802496,1551887360,False
2010-04-28,,2.092,2.112,2.08,2.105,524045536,1099949568,False
2010-04-29,,2.116,2.134,2.096,2.098,572707072,1214322432,False
2010-04-30,,2.106,2.133,2.095,2.131,714107712,1507773312,False
2010-05-04,,2.104,2.121,2.096,2.102,547507200,1155020032,False
2010-05-05,,2.085,2.111,2.054,2.107,723996096,1506304640,False
2010-05-06,,2.091,2.094,2.006,2.009,839942784,1721562880,False
2010-05-07,,1.975,2.018,1.964,1.986,855935616,1704976640,False
2010-05-10,,1.997,2.025,1.977,2.013,814778304,1632192000,False
2010-05-11,,2.055,2.06,1.963,1.974,1015144128,2042388224,False
2010-05-12,,1.97,2.01,1.953,2.009,1045575168,2079700864,False
2010-05-13,,2.008,2.053,2.0,2.047,1001507776,2033814784,False
2010-05-14,,2.028,2.043,2.018,2.026,555654336,1127563648,False
2010-05-17,,2.0,2.0,1.933,1.935,771725120,1517480064,False
2010-05-18,,1.941,1.989,1.928,1.977,941195904,1841228544,False
2010-05-19,,1.965,1.997,1.937,1.966,840645760,1654329344,False
2010-05-20,,1.952,1.982,1.931,1.932,679022656,1327966720,False
2010-05-21,,1.881,1.955,1.878,1.952,802983936,1539208960,False
2010-05-24,,1.966,2.027,1.965,2.016,895963136,1797000192,False
2010-05-25,,2.0,2.001,1.956,1.963,515545536,1020553024,False
2010-05-26,,1.969,1.986,1.955,1.964,414165632,815251136,False
2010-05-27,,1.962,2.0,1.936,1.994,614595456,1211139328,False
2010-05-28,,2.015,2.017,1.976,1.983,709172544,1417235328,False
2010-05-31,,1.974,1.986,1.932,1.94,593673088,1164556288,False
2010-06-01,,1.929,1.948,1.902,1.921,597566208,1152033024,False
2010-06-02,,1.918,1.928,1.887,1.918,418117472,797555200,False
2010-06-03,,1.926,1.941,1.906,1.907,562833088,1082823296,False
2010-06-04,,1.903,1.913,1.893,1.906,314690240,598815552,False
2010-06-07,,1.873,1.888,1.861,1.867,399848512,749559040,False
2010-06-08,,1.868,1.881,1.845,1.859,330622400,617022336,False
2010-06-09,,1.87,1.928,1.843,1.921,909263744,1724288000,False
2010-06-10,,1.902,1.906,1.886,1.89,507987328,963718464,False
2010-06-11,,1.899,1.918,1.894,1.897,426963744,813479744,False
2010-06-17,,1.911,1.916,1.895,1.896,338591104,645743296,False
2010-06-18,,1.893,1.915,1.876,1.88,358989120,682096640,False
2010-06-21,,1.891,1.956,1.885,1.948,758845952,1461510272,False
2010-06-22,,1.94,1.953,1.937,1.945,313034592,608561280,False
2010-06-23,,1.936,1.947,1.91,1.926,332778624,641230912,False
2010-06-24,,1.926,1.954,1.919,1.937,345618688,669254144,False
2010-06-25,,1.924,1.943,1.919,1.931,378242912,729895168,False
2010-06-28,,1.928,1.953,1.925,1.932,304091136,589189824,False
2010-06-29,,1.935,1.938,1.851,1.853,587908544,1110298624,False
2010-06-30,,1.844,1.849,1.83,1.835,487900768,897899200,False
2010-07-01,,1.832,1.847,1.818,1.823,383684352,703882176,False
2010-07-02,,1.824,1.842,1.795,1.837,596043968,1085179904,False
2010-07-05,,1.818,1.837,1.797,1.819,515792160,937433600,False
2010-07-06,,1.815,1.85,1.813,1.849,592391808,1088875008,False
2010-07-07,,1.848,1.851,1.834,1.85,379166400,698797312,False
2010-07-08,,1.86,1.872,1.847,1.855,374439424,696281216,False
2010-07-09,,1.856,1.91,1.843,1.897,515495040,971233152,False
2010-07-12,,1.894,1.92,1.884,1.908,418954464,798711168,False
2010-07-13,,1.888,1.888,1.866,1.879,388114816,729007168,False
2010-07-14,,1.885,1.914,1.882,1.891,407506848,772906176,False
2010-07-15,,1.895,1.914,1.859,1.861,408115200,770848960,False
2010-07-16,,1.854,1.864,1.838,1.858,300303712,555827264,False
2010-07-19,,1.846,1.914,1.842,1.902,485990432,912788416,False
2010-07-20,,1.905,1.94,1.903,1.936,508304576,979731584,False
2010-07-21,,1.936,1.947,1.927,1.936,420885376,815371264,False
2010-07-22,,1.93,1.961,1.927,1.959,391422528,762657728,False
2010-07-23,,1.961,1.981,1.958,1.971,463091904,911009024,False
2010-07-26,,1.972,1.98,1.956,1.974,322591424,635914688,False
2010-07-27,,1.966,1.974,1.958,1.962,258974384,508951680,False
2010-07-28,,1.961,2.02,1.958,2.018,603357312,1205355392,False
2010-07-29,,2.017,2.034,2.011,2.021,463818560,938186432,False
2010-07-30,,2.016,2.021,2.005,2.016,302084928,608278656,False
2010-08-02,,2.016,2.054,2.015,2.049,474355584,966217088,False
2010-08-03,,2.049,2.053,2.004,2.005,545608512,1110290176,False
2010-08-04,,2.007,2.025,1.98,2.012,629255488,1261623808,False
2010-08-05,,2.008,2.011,1.971,1.983,369945952,736103296,False
2010-08-06,,1.978,2.016,1.967,2.014,458282848,913859456,False
2010-08-09,,2.005,2.025,1.999,2.016,396139648,796772224,False
2010-08-10,,2.016,2.024,1.965,1.966,493237120,982673408,False
2010-08-11,,1.967,1.984,1.957,1.968,371774848,731861376,False
2010-08-12,,1.955,1.971,1.94,1.945,313713824,613249600,False
2010-08-13,,1.944,1.965,1.933,1.961,354766176,691492096,False
2010-08-16,,1.953,2.008,1.947,2.004,409273216,811230528,False
2010-08-17,,2.006,2.019,1.997,2.014,416730400,837351104,False
2010-08-18,,2.014,2.035,2.003,2.005,403166048,813365568,False
2010-08-19,,2.006,2.043,2.003,2.026,476368160,964863296,False
2010-08-20,,2.019,2.032,1.996,1.998,467286592,940341120,False
2010-08-23,,1.993,2.016,1.984,1.993,300866848,602034432,False
2010-08-24,,1.988,2.015,1.97,1.99,434402016,865926720,False
2010-08-25,,1.976,1.989,1.944,1.949,395870176,777578560,False
2010-08-26,,1.955,1.963,1.938,1.944,358408928,698618624,False
2010-08-27,,1.942,1.951,1.936,1.948,221579088,430760800,False
2010-08-30,,1.961,1.983,1.956,1.974,378090304,745787904,False
2010-08-31,,1.964,1.967,1.949,1.955,258298736,505577728,False
2010-09-01,,1.958,1.983,1.936,1.948,448284960,878516544,False
2010-09-02,,1.971,1.975,1.96,1.967,379190464,745922560,False
2010-09-03,,1.969,1.971,1.945,1.959,362264960,708805376,False
2010-09-06,,1.971,2.011,1.969,2.01,520258272,1036729536,False
2010-09-07,,2.01,2.017,1.993,2.004,299268992,599763584,False
2010-09-08,,1.993,1.998,1.976,1.988,248971664,494142976,False
2010-09-09,,1.987,1.988,1.942,1.951,312479936,612990528,False
2010-09-10,,1.95,1.958,1.93,1.947,331023104,642970048,False
2010-09-13,,1.945,1.97,1.938,1.956,380971712,743256000,False
2010-09-14,,1.964,1.971,1.951,1.956,324012000,635497152,False
2010-09-15,,1.956,1.956,1.92,1.923,297352640,575908992,False
2010-09-16,,1.922,1.927,1.877,1.893,387597824,735854912,False
2010-09-17,,1.897,1.903,1.888,1.891,197198656,373420544,False
2010-09-20,,1.892,1.907,1.88,1.897,230225728,436679488,False
2010-09-21,,1.903,1.908,1.891,1.898,138721888,263492832,False
2010-09-27,,1.905,1.92,1.9,1.914,195970016,373907968,False
2010-09-28,,1.909,1.915,1.896,1.897,436571168,832391680,False
2010-09-29,,1.894,1.925,1.892,1.903,252733008,483254176,False
2010-09-30,,1.894,1.949,1.89,1.948,331703072,641118784,False
2010-10-08,,1.969,2.037,1.964,2.026,876185728,1766050816,False
2010-10-11,,2.037,2.122,2.037,2.101,1076773504,2248367360,False
2010-10-12,,2.098,2.128,2.084,2.126,551775744,1163400832,False
2010-10-13,,2.131,2.162,2.121,2.16,697333312,1495499008,False
2010-10-14,,2.185,2.233,2.182,2.189,977496448,2156006656,False
2010-10-15,,2.18,2.3,2.178,2.278,1295562752,2906339584,False
2010-10-18,,2.299,2.35,2.262,2.264,1522946944,3509399552,False
2010-10-19,,2.262,2.309,2.245,2.307,1073269184,2439368448,False
2010-10-20,,2.287,2.344,2.262,2.306,1525388288,3510123264,False
2010-10-21,,2.311,2.32,2.252,2.268,782205696,1785529984,False
2010-10-22,,2.262,2.282,2.236,2.256,566044352,1279288448,False
2010-10-25,,2.256,2.325,2.233,2.324,652403200,1490258560,False
2010-10-26,,2.33,2.336,2.28,2.294,625311360,1444285696,False
2010-10-27,,2.28,2.318,2.244,2.246,698342016,1592069760,False
2010-10-28,,2.243,2.265,2.23,2.247,492705056,1106856704,False
2010-10-29,,2.249,2.255,2.204,2.214,613957632,1365578240,False
2010-11-01,,2.221,2.27,2.221,2.268,577876800,1302241536,False
2010-11-02,,2.268,2.292,2.235,2.256,542789632,1227968256,False
2010-11-03,,2.256,2.285,2.231,2.251,885191232,2002039680,False
2010-11-04,,2.252,2.286,2.252,2.279,631572544,1434579840,False
2010-11-05,,2.326,2.35,2.285,2.303,481534144,1111918976,False
2010-11-08,,2.308,2.321,2.291,2.311,507820288,1171340160,False
2010-11-09,,2.309,2.31,2.267,2.278,482450080,1103446400,False
2010-11-10,,2.263,2.266,2.232,2.244,582210496,1307031552,False
2010-11-11,,2.25,2.302,2.242,2.273,766002880,1741143808,False
2010-11-12,,2.26,2.271,2.149,2.15,996892672,2203228416,False
2010-11-15,,2.16,2.168,2.107,2.141,773976128,1646741120,False
2010-11-16,,2.102,2.106,2.017,2.02,679064640,1398505216,False
2010-11-17,,2.002,2.034,1.986,2.001,812728128,1636182912,False
2010-11-18,,2.021,2.036,2.0,2.024,559805120,1130710272,False
2010-11-19,,2.034,2.036,1.965,2.027,577740160,1156034304,False
2010-11-22,,2.009,2.024,1.995,2.005,539552576,1084962944,False
2010-11-23,,1.992,1.995,1.938,1.964,678164544,1329721216,False
2010-11-24,,1.964,2.018,1.964,2.005,584770816,1170723968,False
2010-11-25,,2.015,2.037,1.994,2.035,596187968,1204108160,False
2010-11-26,,2.026,2.037,2.005,2.013,436819904,881225216,False
2010-11-29,,2.01,2.018,1.991,2.007,327161888,655731264,False
2010-11-30,,2.006,2.015,1.94,1.977,660092288,1301848704,False
2010-12-01,,1.969,1.988,1.963,1.978,335581312,663480320,False
2010-12-02,,2.01,2.015,1.989,1.993,374738720,751645312,False
2010-12-03,,1.998,2.009,1.989,2.001,385480384,770562688,False
2010-12-06,,2.01,2.032,2.006,2.027,484342144,977836160,False
2010-12-07,,2.021,2.053,1.994,2.038,465144256,940404160,False
2010-12-08,,2.033,2.046,2.011,2.013,349761760,709120192,False
2010-12-09,,2.004,2.019,1.988,1.992,285565088,572192640,False
2010-12-10,,1.981,2.022,1.98,2.015,342143328,684644992,False
2010-12-13,,2.022,2.072,2.019,2.07,442058752,903232576,False
2010-12-14,,2.076,2.08,2.059,2.063,315433312,652714560,False
2010-12-15,,2.064,2.07,2.048,2.05,277884608,572216320,False
2010-12-16,,2.048,2.053,2.03,2.031,242154944,494445856,False
2010-12-17,,2.031,2.035,2.02,2.027,185448608,375839872,False
2010-12-20,,2.033,2.041,1.965,1.993,448372448,894404288,False
2010-12-21,,1.997,2.054,1.992,2.044,562947264,1141355776,False
2010-12-22,,2.047,2.052,2.007,2.015,284836320,579118656,False
2010-12-23,,2.018,2.043,2.006,2.012,354056768,715827840,False
2010-12-24,,2.0,2.021,1.99,2.007,434617728,873032896,False
2010-12-27,,2.022,2.041,1.968,1.972,383540576,770861952,False
2010-12-28,,1.969,1.974,1.947,1.948,397409376,780128320,False
2010-12-29,,1.95,1.953,1.933,1.948,246002336,477699392,False
2010-12-30,,1.949,1.952,1.922,1.937,286550176,555724672,False
2010-12-31,,1.941,1.969,1.94,1.968,340470016,666077248,False
2011-01-04,,1.987,2.018,1.978,2.009,327005248,653661568,False
2011-01-05,,1.997,2.006,1.989,1.993,297537856,593870208,False
2011-01-06,,1.995,2.005,1.973,1.98,276954656,549874752,False
2011-01-07,,1.98,2.031,1.966,2.0,550730816,1103163136,False
2011-01-10,,1.998,2.014,1.971,1.973,358915904,714254720,False
2011-01-11,,1.969,1.998,1.965,1.994,346024832,685399296,False
2011-01-12,,1.999,2.016,1.984,2.01,324060224,648456128,False
2011-01-13,,2.017,2.02,2.003,2.008,246833376,496609632,False
2011-01-14,,2.0,2.003,1.975,1.976,266310480,528962656,False
2011-01-17,,1.966,1.975,1.907,1.912,551819840,1069924480,False
2011-01-18,,1.909,1.925,1.903,1.92,306326048,585975296,False
2011-01-19,,1.921,1.949,1.91,1.948,269244800,519892352,False
2011-01-20,,1.942,1.942,1.891,1.893,319170752,611280256,False
2011-01-21,,1.89,1.954,1.89,1.918,506916224,975857600,False
2011-01-24,,1.921,1.933,1.903,1.905,318210016,609889216,False
2011-01-25,,1.905,1.918,1.897,1.907,327659840,624947840,False
2011-01-26,,1.909,1.925,1.906,1.923,218224224,418226464,False
2011-01-27,,1.908,1.95,1.897,1.943,389782528,752122368,False
2011-01-28,,1.94,1.945,1.925,1.938,248797840,481597280,False
2011-01-31,,1.937,1.959,1.936,1.956,209864688,409078624,False
2011-02-01,,1.959,1.967,1.953,1.964,184988848,362729536,False
2011-02-09,,1.95,1.97,1.935,1.936,280071648,546426368,False
2011-02-10,,1.937,1.972,1.929,1.969,324198976,632883520,False
2011-02-11,,1.964,1.976,1.96,1.968,232305952,457298496,False
2011-02-14,,1.97,2.049,1.97,2.041,637736960,1286345984,False
2011-02-15,,2.045,2.065,2.034,2.038,536560096,1099089408,False
2011-02-16,,2.036,2.044,2.019,2.043,262009664,532048896,False
2011-02-17,,2.047,2.059,2.026,2.04,290942400,594002112,False
2011-02-18,,2.034,2.039,2.017,2.023,267063184,541336832,False
2011-02-21,,2.012,2.042,2.012,2.041,265285584,537653248,False
2011-02-22,,2.041,2.043,1.984,1.986,512531328,1026427392,False
2011-02-23,,1.98,1.99,1.976,1.986,296057216,587241408,False
2011-02-24,,1.984,2.0,1.978,1.993,208382736,414479904,False
2011-02-25,,1.994,2.009,1.978,1.997,319857632,637985856,False
2011-02-28,,1.997,2.015,1.981,2.01,272898144,545311680,False
2011-03-01,,2.01,2.039,2.008,2.024,351253440,710134976,False
2011-03-02,,2.014,2.041,2.011,2.031,412184640,834729344,False
2011-03-03,,2.034,2.075,2.032,2.042,625642624,1285043328,False
2011-03-04,,2.044,2.076,2.04,2.074,360809312,741902336,False
2011-03-07,,2.078,2.122,2.078,2.114,549481344,1156439936,False
2011-03-08,,2.111,2.125,2.099,2.111,304896224,644090944,False
2011-03-09,,2.117,2.129,2.104,2.109,308773088,653813696,False
2011-03-10,,2.101,2.102,2.061,2.064,369880288,768004352,False
2011-03-11,,2.058,2.067,2.032,2.038,337705344,693630720,False
2011-03-14,,2.038,2.048,2.029,2.042,326241120,665469696,False
2011-03-15,,2.031,2.041,1.98,2.008,448252864,897867840,False
2011-03-16,,2.014,2.044,2.011,2.039,340812064,690391488,False
2011-03-17,,2.02,2.037,2.003,2.013,292176960,590094208,False
2011-03-18,,2.031,2.038,2.02,2.025,230998400,468644544,False
2011-03-21,,2.034,2.041,2.018,2.026,261445760,530469504,False
2011-03-22,,2.034,2.05,2.01,2.046,358340288,729893184,False
2011-03-23,,2.042,2.073,2.037,2.072,327244032,673808064,False
2011-03-24,,2.071,2.072,2.053,2.056,185477504,382710848,False
2011-03-25,,2.063,2.099,2.058,2.089,683034304,1423600896,False
2011-03-28,,2.098,2.117,2.09,2.092,355978336,749655616,False
2011-03-29,,2.091,2.118,2.084,2.086,464149888,974839104,False
2011-03-30,,2.086,2.1,2.075,2.091,415963712,869539264,False
2011-03-31,,2.092,2.097,2.067,2.074,268986240,559584640,False
2011-04-01,,2.074,2.118,2.074,2.117,371282880,777360320,False
2011-04-06,,2.116,2.169,2.115,2.163,559615232,1203874944,False
2011-04-07,,2.166,2.178,2.155,2.162,287110624,621367168,False
2011-04-08,,2.163,2.177,2.156,2.175,278841184,604821376,False
2011-04-11,,2.18,2.201,2.162,2.164,359769088,785997248,False
2011-04-12,,2.157,2.168,2.142,2.151,286475520,617949696,False
2011-04-13,,2.141,2.192,2.135,2.19,370938848,800274240,False
2011-04-14,,2.191,2.197,2.173,2.176,388608544,850230784,False
2011-04-15,,2.17,2.205,2.165,2.189,575466112,1256897664,False
2011-04-18,,2.175,2.201,2.173,2.188,460694272,1008800960,False
2011-04-19,,2.177,2.178,2.138,2.14,386835744,834041408,False
2011-04-20,,2.143,2.152,2.125,2.133,251159936,537037632,False
2011-04-21,,2.147,2.162,2.14,2.148,211278784,454433568,False
2011-04-22,,2.148,2.159,2.134,2.142,165956816,355933248,False
2011-04-25,,2.139,2.139,2.114,2.116,422404032,897436864,False
2011-04-26,,2.112,2.125,2.103,2.109,306120672,647253248,False
2011-04-27,,2.118,2.128,2.09,2.103,403156224,851937280,False
2011-04-28,,2.115,2.14,2.101,2.108,512098208,1085091584,False
2011-04-29,,2.106,2.108,2.076,2.103,485971840,1017048512,False
2011-05-03,,2.1,2.105,2.081,2.102,374578016,785571712,False
2011-05-04,,2.09,2.093,2.04,2.042,419639264,865781888,False
2011-05-05,,2.039,2.044,2.024,2.037,333155200,678052288,False
2011-05-06,,2.02,2.041,2.014,2.025,333276544,674744128,False
2011-05-09,,2.03,2.039,2.016,2.023,160293536,325180384,False
2011-05-10,,2.026,2.045,2.021,2.044,236139712,480910304,False
2011-05-11,,2.043,2.05,2.03,2.037,178282512,363868544,False
2011-05-12,,2.025,2.033,2.007,2.008,229125600,463525760,False
2011-05-13,,2.015,2.032,2.0,2.031,403668608,812682560,False
2011-05-16,,2.02,2.034,2.005,2.005,232489168,469741568,False
2011-05-17,,2.006,2.035,1.999,2.022,324660864,655490560,False
2011-05-18,,2.018,2.046,2.015,2.041,301726880,614249664,False
2011-05-19,,2.044,2.052,2.032,2.033,186285296,380488672,False
2011-05-20,,2.031,2.047,2.031,2.039,160860416,328181056,False
2011-05-23,,2.035,2.036,1.978,1.981,359412928,718651072,False
2011-05-24,,1.981,1.988,1.977,1.982,246375088,488307264,False
2011-05-25,,1.98,1.985,1.959,1.961,187415584,369596736,False
2011-05-26,,1.974,1.979,1.963,1.965,230723904,455001184,False
2011-05-27,,1.968,1.984,1.964,1.968,335359488,661302592,False
2011-05-30,,1.964,1.98,1.954,1.97,296972896,585130944,False
2011-05-31,,1.97,2.0,1.967,1.998,348438112,690149312,False
2011-06-01,,1.992,1.994,1.984,1.99,274979840,547157056,False
2011-06-02,,1.979,1.98,1.935,1.951,334120448,654489984,False
2011-06-03,,1.95,1.969,1.946,1.966,246227328,482988224,False
2011-06-07,,1.96,1.975,1.957,1.973,173702672,341427392,False
2011-06-08,,1.975,1.976,1.947,1.971,182231536,357222944,False
2011-06-09,,1.966,1.969,1.94,1.942,179697056,351212576,False
2011-06-10,,1.942,1.951,1.927,1.947,230140112,446555840,False
2011-06-13,,1.935,1.948,1.924,1.941,230100528,445113824,False
2011-06-14,,1.936,1.974,1.936,1.966,268236576,526442912,False
2011-06-15,,1.965,1.97,1.952,1.953,163975184,321598112,False
2011-06-16,,1.941,1.944,1.929,1.93,180839984,349988448,False
2011-06-17,,1.929,1.938,1.916,1.917,263388272,508135360,False
2011-06-20,,1.915,1.919,1.9,1.909,257929088,492850752,False
2011-06-21,,1.914,1.926,1.911,1.925,251765264,483084704,False
2011-06-22,,1.926,1.943,1.917,1.924,241158608,464845280,False
2011-06-23,,1.92,1.965,1.918,1.956,299337056,581415680,False
2011-06-24,,1.954,2.016,1.949,2.001,498509312,989727808,False
2011-06-27,,1.997,2.012,1.99,1.997,224732048,449847776,False
2011-06-28,,2.003,2.004,1.982,1.997,239012704,476141472,False
2011-06-29,,1.997,1.998,1.963,1.964,196196608,388796544,False
2011-06-30,,1.968,2.01,1.968,1.998,374678304,747746624,False
2011-07-01,,2.001,2.011,1.988,1.995,188224000,376173248,False
2011-07-04,,2.007,2.049,2.007,2.048,415489248,844925440,False
2011-07-05,,2.046,2.05,2.031,2.039,215295456,438966272,False
2011-07-06,,2.036,2.036,2.011,2.026,214561904,433745248,False
2011-07-07,,2.04,2.05,2.016,2.018,274092544,557535936,False
2011-07-08,,2.02,2.037,2.014,2.027,256663120,519808512,False
2011-07-11,,2.019,2.027,2.01,2.021,172851088,349058336,False
2011-07-12,,2.012,2.012,1.979,1.98,232250368,462188192,False
2011-07-13,,1.984,2.015,1.984,2.009,303541152,608491136,False
2011-07-14,,2.012,2.025,2.006,2.016,142867088,287893920,False
2011-07-15,,2.014,2.026,2.001,2.021,170033888,342588512,False
2011-07-18,,2.022,2.027,2.008,2.014,131513168,265183488,False
2011-07-19,,2.006,2.008,1.996,2.0,137216464,274729312,False
2011-07-20,,2.011,2.012,1.988,1.995,172956384,345474016,False
2011-07-21,,1.997,2.004,1.972,1.973,252079712,499592960,False
2011-07-22,,1.976,1.987,1.973,1.976,130035392,257407504,False
2011-07-25,,1.966,1.968,1.918,1.923,222928416,433015648,False
2011-07-26,,1.922,1.932,1.919,1.927,128300760,247242240,False
2011-07-27,,1.919,1.933,1.913,1.931,196496448,378540224,False
2011-07-28,,1.912,1.921,1.902,1.913,143933792,275039616,False
2011-07-29,,1.917,1.942,1.9,1.925,285319328,547327680,False
2011-08-01,,1.924,1.934,1.914,1.926,113215520,218064000,False
2011-08-02,,1.911,1.913,1.891,1.909,262044784,498015040,False
2011-08-03,,1.893,1.917,1.891,1.907,152958160,291444736,False
2011-08-04,,1.912,1.927,1.907,1.908,91395296,175167616,False
2011-08-05,,1.866,1.878,1.86,1.868,309940864,579614784,False
2011-08-08,,1.856,1.865,1.786,1.809,467957376,852953280,False
2011-08-09,,1.77,1.824,1.755,1.817,506030528,905382912,False
2011-08-10,,1.842,1.85,1.822,1.829,287693408,528815264,False
2011-08-11,,1.801,1.857,1.799,1.854,300473600,551509504,False
2011-08-12,,1.858,1.863,1.846,1.848,260418336,483175904,False
2011-08-15,,1.853,1.891,1.846,1.889,320541600,599853504,False
2011-08-16,,1.88,1.9,1.871,1.875,216519296,408360800,False
2011-08-17,,1.878,1.888,1.868,1.868,182515808,342574848,False
2011-08-18,,1.872,1.873,1.832,1.835,280057504,519359584,False
2011-08-19,,1.808,1.825,1.804,1.82,302793664,549784320,False
2011-08-22,,1.821,1.833,1.798,1.803,212755456,385044640,False
2011-08-23,,1.809,1.839,1.803,1.835,238946512,435292128,False
2011-08-24,,1.837,1.846,1.818,1.821,142426672,261232992,False
2011-08-25,,1.828,1.894,1.824,1.892,483315648,902600064,False
2011-08-26,,1.886,1.893,1.87,1.888,358396128,674582144,False
2011-08-29,,1.865,1.87,1.848,1.851,249336192,462777728,False
2011-08-30,,1.861,1.888,1.844,1.846,333263680,622684736,False
2011-08-31,,1.847,1.862,1.843,1.855,233744176,432747456,False
2011-09-01,,1.86,1.875,1.85,1.853,274092896,509616480,False
2011-09-02,,1.848,1.856,1.826,1.834,261952656,480751776,False
2011-09-05,,1.823,1.823,1.802,1.804,247392192,447142432,False
2011-09-06,,1.796,1.805,1.787,1.795,259490656,465847680,False
2011-09-07,,1.801,1.831,1.799,1.827,354584896,643761152,False
2011-09-08,,1.834,1.836,1.815,1.815,182333728,332769984,False
2011-09-09,,1.818,1.844,1.808,1.814,279809440,510332416,False
2011-09-13,,1.792,1.801,1.785,1.797,220808176,396005152,False
2011-09-14,,1.803,1.808,1.77,1.8,310082560,555307520,False
2011-09-15,,1.8,1.815,1.792,1.793,260325600,469884928,False
2011-09-16,,1.805,1.812,1.795,1.797,183569376,331191104,False
2011-09-19,,1.787,1.788,1.766,1.766,191168000,339116416,False
2011-09-20,,1.766,1.781,1.758,1.773,281783136,498661600,False
2011-09-21,,1.77,1.829,1.762,1.822,485317472,877104384,False
2011-09-22,,1.806,1.811,1.765,1.769,330213728,589959744,False
2011-09-23,,1.742,1.762,1.729,1.755,580696768,1011040064,False
2011-09-26,,1.739,1.758,1.702,1.704,446676320,770232128,False
2011-09-27,,1.722,1.736,1.711,1.727,315024064,543012224,False
2011-09-28,,1.735,1.739,1.705,1.71,266332400,459464832,False
2011-09-29,,1.701,1.718,1.696,1.707,379857888,648454272,False
2011-09-30,,1.709,1.719,1.694,1.703,386128352,658580032,False
2011-10-10,,1.707,1.709,1.685,1.686,255031600,432198048,False
2011-10-11,,1.735,1.737,1.678,1.689,525888512,900874240,False
2011-10-12,,1.677,1.757,1.673,1.755,846192320,1463868160,False
2011-10-13,,1.745,1.767,1.74,1.76,431791520,758179072,False
2011-10-14,,1.756,1.764,1.741,1.761,301723968,529399008,False
2011-10-17,,1.763,1.786,1.76,1.775,464644480,824355200,False
2011-10-18,,1.76,1.763,1.72,1.723,484841056,843198528,False
2011-10-19,,1.73,1.744,1.722,1.724,342912160,593622336,False
2011-10-20,,1.713,1.716,1.675,1.687,405487808,686428480,False
2011-10-21,,1.691,1.706,1.684,1.692,375512768,636723328,False
2011-10-24,,1.7,1.751,1.693,1.743,616929856,1064991808,False
2011-10-25,,1.742,1.775,1.73,1.768,571533824,1002324864,False
2011-10-26,,1.763,1.799,1.757,1.78,577728128,1030959488,False
2011-10-27,,1.782,1.794,1.778,1.787,345892864,617567872,False
2011-10-28,,1.812,1.844,1.81,1.824,619620352,1130521984,False
2011-10-31,,1.82,1.82,1.798,1.805,386341696,698516160,False
2011-11-01,,1.795,1.833,1.79,1.811,478055872,866457984,False
2011-11-02,,1.789,1.846,1.782,1.843,620644608,1119906432,False
2011-11-03,,1.846,1.856,1.831,1.833,579366400,1069176896,False
2011-11-04,,1.85,1.859,1.836,1.848,334769728,618548800,False
2011-11-07,,1.833,1.844,1.821,1.823,301145504,551213376,False
2011-11-08,,1.825,1.839,1.822,1.826,330919072,605116352,False
2011-11-09,,1.832,1.842,1.812,1.838,388104000,708906560,False
2011-11-10,,1.824,1.824,1.796,1.798,436537088,790184256,False
2011-11-11,,1.806,1.807,1.789,1.795,302285376,543831424,False
2011-11-14,,1.809,1.835,1.805,1.829,470730336,857781952,False
2011-11-15,,1.825,1.831,1.815,1.819,271103456,493840320,False
2011-11-16,,1.82,1.821,1.762,1.769,559994560,1001070912,False
2011-11-17,,1.771,1.778,1.76,1.762,286174240,505747968,False
2011-11-18,,1.753,1.758,1.731,1.735,362700448,631647296,False
2011-11-21,,1.737,1.737,1.722,1.735,291844768,504459328,False
2011-11-22,,1.725,1.738,1.72,1.735,336084768,581740416,False
2011-11-23,,1.736,1.738,1.711,1.717,427266752,735540032,False
2011-11-24,,1.707,1.73,1.7,1.718,373840320,640914752,False
2011-11-25,,1.716,1.722,1.699,1.704,303489856,518498240,False
2011-11-28,,1.709,1.72,1.701,1.71,435504320,744950272,False
2011-11-29,,1.722,1.731,1.712,1.728,418203840,720303744,False
2011-11-30,,1.724,1.725,1.672,1.676,598284736,1010683008,False
2011-12-01,,1.726,1.76,1.721,1.727,923494784,1603355648,False
2011-12-02,,1.729,1.729,1.708,1.717,359220224,617168640,False
2011-12-05,,1.717,1.725,1.704,1.709,481493632,825393536,False
2011-12-06,,1.705,1.712,1.696,1.704,325451584,555225856,False
2011-12-07,,1.704,1.722,1.702,1.717,337271680,577169344,False
2011-12-08,,1.715,1.733,1.701,1.716,358619040,614700928,False
2011-12-09,,1.705,1.718,1.704,1.708,283608224,484487936,False
2011-12-12,,1.703,1.708,1.694,1.696,306652832,521050208,False
2011-12-13,,1.69,1.692,1.66,1.662,503421280,843522944,False
2011-12-14,,1.659,1.667,1.65,1.653,309008992,512697632,False
2011-12-15,,1.645,1.649,1.611,1.613,584748224,953733696,False
2011-12-16,,1.614,1.643,1.609,1.641,617753216,1003762688,False
2011-12-19,,1.627,1.64,1.6,1.637,580309632,940313856,False
2011-12-20,,1.63,1.661,1.629,1.638,525004672,864318400,False
2011-12-21,,1.651,1.658,1.617,1.617,428926080,704302784,False
2011-12-22,,1.61,1.63,1.599,1.62,576333312,930015424,False
2011-12-23,,1.616,1.647,1.614,1.632,543805056,888675136,False
2011-12-26,,1.621,1.638,1.613,1.616,242253600,392951232,False
2011-12-27,,1.614,1.628,1.555,1.606,467096224,751872000,False
2011-12-28,,1.6,1.609,1.586,1.607,342326016,547384320,False
2011-12-29,,1.601,1.618,1.599,1.609,272943456,439072928,False
2011-12-30,,1.615,1.634,1.614,1.629,296092064,481300928,False
2012-01-04,,1.641,1.643,1.609,1.61,317895488,518043200,False
2012-01-05,,1.605,1.635,1.603,1.611,617394112,1001262784,False
2012-01-06,,1.609,1.622,1.604,1.621,413536864,666399104,False
2012-01-09,,1.625,1.678,1.611,1.677,582485440,959966656,False
2012-01-10,,1.672,1.723,1.672,1.721,724776000,1231729920,False
2012-01-11,,1.718,1.726,1.701,1.711,408470752,699539328,False
2012-01-12,,1.704,1.734,1.703,1.717,372284160,640240960,False
2012-01-13,,1.716,1.724,1.684,1.7,389686848,663822848,False
2012-01-16,,1.692,1.705,1.675,1.677,290324928,491321408,False
2012-01-17,,1.68,1.758,1.664,1.757,744475072,1280776704,False
2012-01-18,,1.753,1.766,1.725,1.729,455513632,796294208,False
2012-01-19,,1.732,1.773,1.73,1.768,603383616,1061498048,False
2012-01-20,,1.774,1.797,1.764,1.794,413622304,736723136,False
2012-01-30,,1.795,1.797,1.76,1.762,432013056,766493440,False
2012-01-31,,1.762,1.772,1.749,1.758,286848320,504909856,False
2012-02-01,,1.755,1.767,1.723,1.728,298916576,521888896,False
2012-02-02,,1.733,1.777,1.731,1.777,475087488,832168896,False
2012-02-03,,1.77,1.796,1.764,1.785,427308640,761050816,False
2012-02-06,,1.788,1.799,1.767,1.782,335251296,597813184,False
2012-02-07,,1.772,1.772,1.74,1.746,471602496,825209792,False
2012-02-08,,1.746,1.81,1.745,1.799,544617216,969122880,False
2012-02-09,,1.796,1.803,1.785,1.792,515278944,925397056,False
2012-02-10,,1.787,1.817,1.786,1.793,363884736,655177664,False
2012-02-13,,1.775,1.802,1.766,1.782,427909888,763162432,False
2012-02-14,,1.782,1.783,1.762,1.772,323544512,573043712,False
2012-02-15,,1.769,1.8,1.766,1.787,408492864,729427520,False
2012-02-16,,1.788,1.792,1.766,1.775,353573536,628769664,False
2012-02-17,,1.784,1.795,1.77,1.78,327109344,582621696,False
2012-02-20,,1.806,1.807,1.783,1.784,364752544,655514880,False
2012-02-21,,1.785,1.794,1.771,1.793,335549152,598640768,False
2012-02-22,,1.793,1.81,1.787,1.808,339355072,610800000,False
2012-02-23,,1.808,1.819,1.803,1.812,482616064,873404736,False
2012-02-24,,1.812,1.843,1.81,1.841,446346336,814938304,False
2012-02-27,,1.847,1.864,1.842,1.844,422785792,783721920,False
2012-02-28,,1.842,1.858,1.842,1.855,449272768,831254208,False
2012-02-29,,1.851,1.857,1.835,1.836,316393664,583119232,False
2012-03-01,,1.831,1.851,1.829,1.834,195735728,359619008,False
2012-03-02,,1.836,1.857,1.832,1.856,412239872,762066432,False
2012-03-05,,1.86,1.863,1.838,1.844,277841248,514515840,False
2012-03-06,,1.841,1.841,1.808,1.809,503897152,915426880,False
2012-03-07,,1.797,1.807,1.788,1.79,406795712,731246080,False
2012-03-08,,1.795,1.818,1.795,1.81,355417728,642927360,False
2012-03-09,,1.817,1.824,1.808,1.823,365637760,664555968,False
2012-03-12,,1.823,1.824,1.801,1.808,229591568,415454304,False
2012-03-13,,1.811,1.826,1.806,1.825,361710080,658726976,False
2012-03-14,,1.835,1.845,1.785,1.792,664514240,1209217280,False
2012-03-15,,1.793,1.796,1.774,1.777,465208576,831600576,False
2012-03-16,,1.78,1.791,1.766,1.79,334134752,595669824,False
2012-03-19,,1.782,1.792,1.771,1.791,342950400,611630272,False
2012-03-20,,1.788,1.788,1.765,1.766,360729536,640536768,False
2012-03-21,,1.779,1.786,1.765,1.771,511445376,907722944,False
2012-03-22,,1.771,1.785,1.762,1.774,267202048,474003168,False
2012-03-23,,1.767,1.773,1.755,1.759,285185504,502951008,False
2012-03-26,,1.759,1.766,1.756,1.763,180045120,316859968,False
2012-03-27,,1.768,1.772,1.761,1.763,214457120,378903424,False
2012-03-28,,1.759,1.76,1.72,1.725,405828896,705805056,False
2012-03-29,,1.719,1.72,1.697,1.704,408959680,699257728,False
2012-03-30,,1.706,1.72,1.705,1.719,478023552,819074048,False
2012-04-05,,1.716,1.75,1.703,1.745,492767936,853755456,False
2012-04-06,,1.742,1.751,1.737,1.749,265376864,462831744,False
2012-04-09,,1.74,1.746,1.731,1.735,174309568,302986688,False
2012-04-10,,1.732,1.748,1.716,1.747,287347200,496782400,False
2012-04-11,,1.731,1.759,1.731,1.745,247499888,432031776,False
2012-04-12,,1.747,1.784,1.743,1.783,388494528,686197184,False
2012-04-13,,1.784,1.797,1.779,1.789,435528640,778117248,False
2012-04-16,,1.78,1.789,1.774,1.78,291685600,519617856,False
2012-04-17,,1.779,1.784,1.758,1.76,291226912,515155104,False
2012-04-18,,1.763,1.801,1.763,1.8,339103616,606325952,False
2012-04-19,,1.797,1.807,1.795,1.799,203752928,367034432,False
2012-04-20,,1.797,1.827,1.795,1.826,374099232,679713536,False
2012-04-23,,1.825,1.829,1.808,1.812,247563168,450240128,False
2012-04-24,,1.808,1.844,1.791,1.819,704576512,1279161344,False
2012-04-25,,1.818,1.832,1.811,1.828,401681696,732786624,False
2012-04-26,,1.834,1.841,1.823,1.833,277417664,508574560,False
2012-04-27,,1.834,1.841,1.831,1.835,303058368,556458432,False
2012-05-02,,1.857,1.885,1.847,1.877,520701504,971667072,False
2012-05-03,,1.873,1.879,1.867,1.877,327091776,612995648,False
2012-05-04,,1.877,1.886,1.863,1.886,362669664,680952000,False
2012-05-07,,1.88,1.882,1.868,1.877,374875328,702894336,False
2012-05-08,,1.876,1.879,1.857,1.872,462467328,863722240,False
2012-05-09,,1.859,1.859,1.841,1.842,344484000,637621696,False
2012-05-10,,1.841,1.847,1.837,1.841,247436256,455975104,False
2012-05-11,,1.84,1.848,1.829,1.829,310150368,569656064,False
2012-05-14,,1.838,1.842,1.81,1.814,403672896,736943872,False
2012-05-15,,1.803,1.814,1.8,1.811,265914656,480150656,False
2012-05-16,,1.802,1.802,1.774,1.775,299784096,535665952,False
2012-05-17,,1.778,1.807,1.776,1.803,306048672,547799296,False
2012-05-18,,1.791,1.794,1.775,1.778,207868976,370765376,False
2012-05-21,,1.781,1.798,1.774,1.786,241233200,431157248,False
2012-05-22,,1.793,1.814,1.792,1.813,312658976,563722176,False
2012-05-23,,1.809,1.818,1.794,1.803,185309072,334704768,False
2012-05-24,,1.802,1.814,1.785,1.793,257350656,463013888,False
2012-05-25,,1.793,1.797,1.773,1.777,280919232,501272352,False
2012-05-28,,1.77,1.804,1.767,1.803,324467584,578593280,False
2012-05-29,,1.802,1.831,1.799,1.829,386117120,702985536,False
2012-05-30,,1.826,1.827,1.814,1.817,177603680,323188480,False
2012-05-31,,1.813,1.818,1.804,1.808,157433072,285024480,False
2012-06-01,,1.809,1.825,1.807,1.812,170054704,308928000,False
2012-06-04,,1.798,1.799,1.765,1.767,329336320,587654080,False
2012-06-05,,1.77,1.776,1.762,1.767,197687968,349639424,False
2012-06-06,,1.77,1.782,1.769,1.772,133781736,237446848,False
2012-06-07,,1.791,1.792,1.762,1.766,245137296,434723232,False
2012-06-08,,1.775,1.776,1.748,1.749,237818976,418151232,False
2012-06-11,,1.754,1.776,1.753,1.768,260224368,458686400,False
2012-06-12,,1.764,1.768,1.75,1.757,191732560,337119072,False
2012-06-13,,1.762,1.787,1.76,1.783,188658112,334773664,False
2012-06-14,,1.779,1.787,1.771,1.773,130068528,231449504,False
2012-06-15,,1.778,1.793,1.771,1.79,260680160,464989856,False
2012-06-18,,1.802,1.804,1.79,1.791,131796408,236734128,False
2012-06-19,,1.789,1.793,1.78,1.783,106794288,190803072,False
2012-06-20,,1.785,1.796,1.783,1.786,105093776,188030608,False
2012-06-21,,1.783,1.783,1.751,1.757,225488624,396952608,False
2012-06-25,,1.752,1.754,1.72,1.723,263831344,458508096,False
2012-06-26,,1.716,1.736,1.716,1.729,250833904,433003648,False
2012-06-27,,1.729,1.74,1.721,1.723,356360832,616678912,False
2012-06-28,,1.728,1.73,1.712,1.713,137936928,237346064,False
2012-06-29,,1.708,1.738,1.706,1.735,226471344,390448608,False
2012-07-02,,1.743,1.745,1.725,1.732,147367088,255430304,False
2012-07-03,,1.733,1.751,1.73,1.737,195811984,340882912,False
2012-07-04,,1.741,1.749,1.734,1.738,142293088,247922304,False
2012-07-05,,1.735,1.735,1.719,1.724,164060208,282952832,False
2012-07-06,,1.725,1.747,1.713,1.741,239982912,414976544,False
2012-07-09,,1.732,1.737,1.698,1.699,261572544,449041760,False
2012-07-10,,1.7,1.709,1.693,1.697,182405088,310091904,False
2012-07-11,,1.697,1.706,1.692,1.703,181913760,309214368,False
2012-07-12,,1.7,1.722,1.685,1.712,316302912,539218944,False
2012-07-13,,1.709,1.73,1.707,1.716,229873744,395351552,False
2012-07-16,,1.718,1.72,1.692,1.693,247364272,420616448,False
2012-07-17,,1.69,1.707,1.689,1.701,167045040,283647680,False
2012-07-18,,1.697,1.704,1.675,1.696,196293744,332024608,False
2012-07-19,,1.693,1.721,1.692,1.706,249674048,426841728,False
2012-07-20,,1.706,1.706,1.69,1.693,170379120,289215296,False
2012-07-23,,1.683,1.683,1.66,1.664,204295168,340871872,False
2012-07-24,,1.66,1.677,1.658,1.666,170460240,284187456,False
2012-07-25,,1.661,1.674,1.66,1.662,203440208,338766880,False
2012-07-26,,1.664,1.675,1.658,1.66,233288592,388557696,False
2012-07-27,,1.664,1.675,1.66,1.667,257509440,429401888,False
2012-07-30,,1.668,1.679,1.662,1.664,182705456,305247232,False
2012-07-31,,1.665,1.678,1.663,1.67,185841936,310454976,False
2012-08-01,,1.671,1.684,1.67,1.679,239407696,401593248,False
2012-08-02,,1.676,1.682,1.665,1.673,147609104,247085664,False
2012-08-03,,1.673,1.679,1.666,1.678,159622320,266769472,False
2012-08-06,,1.675,1.696,1.672,1.692,203953440,344061888,False
2012-08-07,,1.693,1.698,1.689,1.692,169114672,286337952,False
2012-08-08,,1.695,1.707,1.694,1.698,238321664,405285568,False
2012-08-09,,1.699,1.708,1.69,1.708,184373056,313679456,False
2012-08-10,,1.707,1.713,1.701,1.702,113624000,193925200,False
2012-08-13,,1.7,1.7,1.669,1.671,248091936,417923360,False
2012-08-14,,1.669,1.674,1.654,1.667,209818960,349096128,False
2012-08-15,,1.666,1.666,1.643,1.646,183918000,303938720,False
2012-08-16,,1.644,1.65,1.64,1.643,133710680,220006592,False
2012-08-17,,1.641,1.646,1.632,1.643,176587648,289275712,False
2012-08-20,,1.632,1.635,1.62,1.63,137542416,223578608,False
2012-08-21,,1.632,1.647,1.629,1.634,191265632,313357856,False
2012-08-22,,1.637,1.637,1.621,1.625,100297776,163089712,False
2012-08-23,,1.627,1.638,1.624,1.632,143122800,233471440,False
2012-08-24,,1.629,1.633,1.624,1.625,102287512,166493680,False
2012-08-27,,1.622,1.622,1.59,1.593,223296080,357838784,False
2012-08-28,,1.595,1.616,1.589,1.605,230333792,368931872,False
2012-08-29,,1.599,1.605,1.589,1.59,130572464,208313104,False
2012-08-30,,1.584,1.599,1.58,1.592,214558832,341265952,False
2012-08-31,,1.588,1.6,1.587,1.592,138323984,220569488,False
2012-09-03,,1.589,1.604,1.584,1.597,176536224,281815232,False
2012-09-04,,1.601,1.603,1.581,1.584,110375056,175805376,False
2012-09-05,,1.582,1.584,1.567,1.573,149473408,235311584,False
2012-09-06,,1.574,1.589,1.574,1.587,167727872,265125936,False
2012-09-07,,1.598,1.673,1.596,1.661,646864640,1064486784,False
2012-09-10,,1.662,1.667,1.654,1.66,278186848,461644448,False
2012-09-11,,1.651,1.651,1.633,1.647,228296576,374313504,False
2012-09-12,,1.655,1.662,1.636,1.648,235380592,387803648,False
2012-09-13,,1.645,1.65,1.637,1.637,205598752,337896736,False
2012-09-14,,1.654,1.664,1.642,1.652,341713184,565372672,False
2012-09-17,,1.648,1.654,1.622,1.623,251109024,411403552,False
2012-09-18,,1.615,1.616,1.599,1.605,219576640,352882560,False
2012-09-19,,1.604,1.609,1.598,1.606,164887312,264254368,False
2012-09-20,,1.603,1.603,1.576,1.58,198411136,315090144,False
2012-09-21,,1.576,1.594,1.573,1.584,178404624,282553632,False
2012-09-24,,1.573,1.599,1.567,1.59,223307936,353002272,False
2012-09-25,,1.586,1.599,1.584,1.591,155431680,247438848,False
2012-09-26,,1.59,1.599,1.575,1.579,163989856,259966400,False
2012-09-27,,1.58,1.7,1.58,1.621,661259648,1070433792,False
2012-09-28,,1.615,1.655,1.612,1.652,475822272,778005568,False
2012-10-08,,1.65,1.66,1.626,1.635,172735616,283779936,False
2012-10-09,,1.643,1.674,1.643,1.666,404837536,673433280,False
2012-10-10,,1.664,1.665,1.653,1.663,179997680,298880384,False
2012-10-11,,1.66,1.663,1.649,1.655,168187792,278554944,False
2012-10-12,,1.66,1.674,1.645,1.655,239643584,397922624,False
2012-10-15,,1.66,1.66,1.644,1.65,139261760,229798880,False
2012-10-16,,1.65,1.663,1.646,1.651,199481440,330338208,False
2012-10-17,,1.659,1.663,1.643,1.656,207680752,343755712,False
2012-10-18,,1.66,1.682,1.657,1.678,409180480,683172544,False
2012-10-19,,1.676,1.682,1.674,1.677,224228912,376383968,False
2012-10-22,,1.673,1.689,1.665,1.683,217698080,364489216,False
2012-10-23,,1.682,1.684,1.664,1.666,175348880,293225216,False
2012-10-24,,1.66,1.671,1.659,1.663,175399600,291857568,False
2012-10-25,,1.664,1.67,1.649,1.651,189013792,313579040,False
2012-10-26,,1.653,1.654,1.613,1.619,212475744,345974176,False
2012-10-29,,1.617,1.62,1.602,1.607,149758368,241478912,False
2012-10-30,,1.609,1.624,1.604,1.611,171673296,276726080,False
2012-10-31,,1.614,1.626,1.609,1.625,145192368,234956448,False
2012-11-01,,1.626,1.664,1.626,1.655,208036192,343240544,False
2012-11-02,,1.655,1.666,1.646,1.664,215089648,356657504,False
2012-11-05,,1.66,1.673,1.653,1.66,148605296,246893376,False
2012-11-06,,1.661,1.664,1.633,1.655,155878416,256571520,False
2012-11-07,,1.651,1.664,1.645,1.655,142656368,235999856,False
2012-11-08,,1.643,1.646,1.628,1.629,163446256,267772560,False
2012-11-09,,1.624,1.635,1.624,1.627,120018592,195496016,False
2012-11-12,,1.631,1.637,1.624,1.636,119879504,195629216,False
2012-11-13,,1.602,1.602,1.573,1.577,167728176,265287840,False
2012-11-14,,1.576,1.588,1.57,1.583,369150304,582713472,False
2012-11-15,,1.576,1.579,1.563,1.564,146987584,231124480,False
2012-11-16,,1.562,1.562,1.544,1.55,162063296,251358752,False
2012-11-19,,1.55,1.55,1.533,1.548,190498608,293903360,False
2012-11-20,,1.553,1.555,1.539,1.54,137419184,212493776,False
2012-11-21,,1.541,1.562,1.535,1.561,240515888,372450944,False
2012-11-22,,1.552,1.557,1.545,1.556,204036192,316691072,False
2012-11-23,,1.56,1.574,1.554,1.566,232090480,363375392,False
2012-11-26,,1.565,1.568,1.556,1.562,145629120,227508144,False
2012-11-27,,1.557,1.562,1.551,1.553,113823320,177233504,False
2012-11-28,,1.548,1.549,1.539,1.542,179813504,277533792,False
2012-11-29,,1.543,1.548,1.535,1.536,151697632,233767984,False
2012-11-30,,1.535,1.546,1.53,1.544,185480112,285423328,False
2012-12-03,,1.543,1.555,1.531,1.533,147299408,227157248,False
2012-12-04,,1.53,1.548,1.528,1.547,210537632,323900672,False
2012-12-05,,1.545,1.606,1.543,1.599,467337632,741365312,False
2012-12-06,,1.6,1.606,1.591,1.599,271522400,434044480,False
2012-12-07,,1.6,1.637,1.598,1.633,427573344,693400000,False
2012-12-10,,1.637,1.657,1.637,1.65,549528128,905874816,False
2012-12-11,,1.644,1.656,1.641,1.644,184954592,304921344,False
2012-12-12,,1.646,1.657,1.641,1.657,299627712,494127200,False
2012-12-13,,1.65,1.652,1.637,1.638,268665216,441526368,False
2012-12-14,,1.638,1.728,1.638,1.725,650868416,1101091456,False
2012-12-17,,1.729,1.747,1.729,1.736,518274976,901313600,False
2012-12-18,,1.732,1.765,1.726,1.741,490037056,856586112,False
2012-12-19,,1.738,1.755,1.735,1.74,320301824,558310720,False
2012-12-20,,1.735,1.755,1.725,1.748,347705856,604703936,False
2012-12-21,,1.751,1.768,1.734,1.735,327079712,570587904,False
2012-12-24,,1.733,1.758,1.732,1.747,299159456,522572256,False
2012-12-25,,1.738,1.807,1.734,1.793,589046016,1048865408,False
2012-12-26,,1.793,1.804,1.791,1.799,301051200,541134720,False
2012-12-27,,1.809,1.814,1.785,1.786,354944832,636937664,False
2012-12-28,,1.785,1.817,1.784,1.814,361336352,651120832,False
2012-12-31,,1.819,1.855,1.819,1.854,366313920,674232256,False
2013-01-04,,1.88,1.896,1.847,1.867,579336896,1083892096,False
2013-01-07,,1.858,1.886,1.853,1.876,316759872,593124608,False
2013-01-08,,1.875,1.878,1.843,1.853,326119584,605281792,False
2013-01-09,,1.848,1.858,1.835,1.848,263674512,487235968,False
2013-01-10,,1.848,1.871,1.839,1.849,266849136,495040896,False
2013-01-11,,1.851,1.859,1.809,1.817,367867040,674034176,False
2013-01-14,,1.81,1.894,1.807,1.886,766294016,1425246848,False
2013-01-15,,1.886,1.902,1.882,1.893,421744640,797109184,False
2013-01-16,,1.893,1.893,1.845,1.871,349744928,654278976,False
2013-01-17,,1.87,1.871,1.84,1.852,366064128,678390656,False
2013-01-18,,1.861,1.893,1.85,1.882,352137152,659212544,False
2013-01-21,,1.885,1.893,1.861,1.892,453156512,853623680,False
2013-01-22,,1.89,1.911,1.874,1.893,313002496,592366080,False
2013-01-23,,1.889,1.905,1.882,1.901,332256192,629079232,False
2013-01-24,,1.903,1.956,1.882,1.895,617696960,1184723328,False
2013-01-25,,1.895,1.9,1.876,1.885,284411232,537078912,False
2013-01-28,,1.886,1.949,1.886,1.949,491206176,946353664,False
2013-01-29,,1.95,1.986,1.945,1.975,460017152,902272768,False
2013-01-30,,1.98,1.985,1.963,1.981,289710496,573070784,False
2013-01-31,,1.983,1.991,1.972,1.987,370728192,735559424,False
2013-02-01,,1.978,2.051,1.975,2.048,519887040,1045191296,False
2013-02-04,,2.057,2.079,2.045,2.055,721273728,1489183360,False
2013-02-05,,2.045,2.07,2.03,2.059,429702176,880984576,False
2013-02-06,,2.058,2.09,2.058,2.072,269246208,557665216,False
2013-02-07,,2.07,2.072,2.008,2.046,448704224,915169664,False
2013-02-08,,2.05,2.053,2.018,2.035,363986400,742899840,False
2013-02-18,,2.045,2.048,2.01,2.011,416907072,843993984,False
2013-02-19,,2.006,2.014,1.969,1.978,346584672,688669376,False
2013-02-20,,1.976,1.98,1.943,1.973,441176448,865781760,False
2013-02-21,,1.953,1.953,1.873,1.893,859029248,1636263808,False
2013-02-22,,1.892,1.899,1.875,1.88,268402320,507290144,False
2013-02-25,,1.887,1.912,1.877,1.888,233213600,441290816,False
2013-02-26,,1.88,1.916,1.861,1.862,519612640,982103680,False
2013-02-27,,1.87,1.905,1.869,1.885,490896544,925356160,False
2013-02-28,,1.905,1.955,1.884,1.952,615553472,1185984000,False
2013-03-01,,1.953,1.96,1.912,1.944,426992448,828526976,False
2013-03-04,,1.91,1.92,1.83,1.841,711679104,1330188800,False
2013-03-05,,1.845,1.915,1.842,1.913,785528512,1470746368,False
2013-03-06,,1.925,1.942,1.904,1.932,462343520,890900736,False
2013-03-07,,1.923,1.935,1.88,1.899,506437376,968604288,False
2013-03-08,,1.907,1.916,1.89,1.9,308447040,586843456,False
2013-03-11,,1.891,1.898,1.867,1.879,264033744,496997152,False
2013-03-12,,1.876,1.896,1.836,1.853,410352192,765165952,False
2013-03-13,,1.846,1.859,1.828,1.834,313544640,577461888,False
2013-03-14,,1.831,1.85,1.821,1.839,251266592,461634720,False
2013-03-15,,1.839,1.893,1.817,1.845,577225664,1070586240,False
2013-03-18,,1.835,1.842,1.812,1.812,366668672,668807040,False
2013-03-19,,1.814,1.838,1.807,1.83,403770400,735666304,False
2013-03-20,,1.831,1.904,1.831,1.903,921103744,1727659264,False
2013-03-21,,1.906,1.911,1.891,1.901,306476160,583400384,False
2013-03-22,,1.903,1.912,1.893,1.903,241401200,459550240,False
2013-03-25,,1.91,1.927,1.896,1.901,318119808,607206144,False
2013-03-26,,1.894,1.894,1.853,1.86,326954688,610919232,False
2013-03-27,,1.863,1.891,1.853,1.865,349939424,655496768,False
2013-03-28,,1.834,1.834,1.77,1.788,590067008,1060106880,False
2013-03-29,,1.792,1.798,1.775,1.788,346033152,618231936,False
2013-04-01,,1.784,1.797,1.777,1.783,358335200,639849728,False
2013-04-02,,1.784,1.805,1.773,1.786,399181376,713030400,False
2013-04-03,,1.79,1.807,1.78,1.788,368405184,660042688,False
2013-04-08,,1.763,1.778,1.75,1.77,409020576,721274624,False
2013-04-09,,1.775,1.801,1.775,1.787,441426464,789351872,False
2013-04-10,,1.787,1.793,1.776,1.788,267597664,478073568,False
2013-04-11,,1.804,1.809,1.785,1.787,227564672,408692512,False
2013-04-12,,1.786,1.794,1.774,1.776,199370000,355562560,False
2013-04-15,,1.773,1.778,1.756,1.762,336939520,594220672,False
2013-04-16,,1.752,1.772,1.742,1.77,443502848,778392896,False
2013-04-17,,1.768,1.773,1.748,1.761,263960304,464835872,False
2013-04-18,,1.75,1.774,1.742,1.766,402712896,708289408,False
2013-04-19,,1.773,1.835,1.772,1.826,734144256,1327210240,False
2013-04-22,,1.825,1.829,1.816,1.823,341663808,622261760,False
2013-04-23,,1.826,1.826,1.761,1.763,528989984,943388736,False
2013-04-24,,1.765,1.808,1.757,1.79,632942464,1129118464,False
2013-04-25,,1.785,1.8,1.762,1.777,521981440,929025216,False
2013-04-26,,1.783,1.795,1.757,1.765,376026336,667767872,False
2013-05-02,,1.76,1.766,1.746,1.765,269206688,472751840,False
2013-05-03,,1.771,1.82,1.769,1.796,592478336,1066125824,False
2013-05-06,,1.801,1.826,1.801,1.813,437882208,794691904,False
2013-05-07,,1.811,1.823,1.8,1.817,319769248,579216320,False
2013-05-08,,1.826,1.845,1.816,1.822,431044096,787870784,False
2013-05-09,,1.821,1.826,1.792,1.808,288317024,521578720,False
2013-05-10,,1.8,1.823,1.799,1.819,344087328,623974528,False
2013-05-13,,1.821,1.823,1.8,1.809,258189936,467707584,False
2013-05-14,,1.805,1.808,1.771,1.785,309174688,552563712,False
2013-05-15,,1.786,1.793,1.779,1.786,213979824,382177056,False
2013-05-16,,1.78,1.82,1.771,1.819,527516672,949343296,False
2013-05-17,,1.819,1.849,1.81,1.843,470439136,860067584,False
2013-05-20,,1.844,1.877,1.843,1.861,481229696,895455616,False
2013-05-21,,1.858,1.863,1.842,1.852,336900064,623779008,False
2013-05-22,,1.851,1.861,1.846,1.856,274668896,509181536,False
2013-05-23,,1.846,1.855,1.822,1.823,398965120,733997568,False
2013-05-24,,1.831,1.846,1.813,1.829,356987488,653262400,False
2013-05-27,,1.827,1.838,1.82,1.825,241848160,442264032,False
2013-05-28,,1.827,1.872,1.818,1.871,528325440,973723584,False
2013-05-29,,1.872,1.882,1.859,1.861,425691936,796989632,False
2013-05-30,,1.856,1.866,1.85,1.855,313020576,581869952,False
2013-05-31,,1.858,1.866,1.836,1.84,359835616,666997632,False
2013-06-03,,1.843,1.862,1.841,1.844,348559136,644668224,False
2013-06-04,,1.842,1.845,1.821,1.826,467590880,855949440,False
2013-06-05,,1.827,1.828,1.809,1.813,233314096,424100064,False
2013-06-06,,1.811,1.814,1.791,1.794,314798752,567063552,False
2013-06-07,,1.796,1.803,1.763,1.77,351914336,626766336,False
2013-06-13,,1.749,1.749,1.701,1.725,1336375168,2293537024,False
2013-06-14,,1.725,1.729,1.712,1.726,790863552,1362347648,False
2013-06-17,,1.729,1.732,1.709,1.711,267397056,459312576,False
2013-06-18,,1.72,1.73,1.705,1.722,332266496,572004736,False
2013-06-19,,1.715,1.716,1.688,1.707,373672544,636009152,False
2013-06-20,,1.7,1.7,1.65,1.653,341341408,570894784,False
2013-06-21,,1.63,1.665,1.622,1.65,466807456,768184704,False
2013-06-24,,1.645,1.645,1.541,1.545,697035776,1099712768,False
2013-06-25,,1.532,1.553,1.44,1.55,1889323648,2875301888,False
2013-06-26,,1.551,1.552,1.51,1.529,554486976,846975040,False
2013-06-27,,1.536,1.556,1.526,1.535,487451008,750935232,False
2013-06-28,,1.535,1.592,1.518,1.58,511965120,800967360,False
2013-07-01,,1.566,1.578,1.553,1.575,286853920,449439968,False
2013-07-02,,1.583,1.584,1.55,1.568,349604608,546967168,False
2013-07-03,,1.56,1.561,1.533,1.554,325011744,503111360,False
2013-07-04,,1.545,1.583,1.537,1.566,429749312,672667776,False
2013-07-05,,1.573,1.591,1.57,1.574,351375392,555298048,False
2013-07-08,,1.559,1.566,1.535,1.545,489533472,758448192,False
2013-07-09,,1.545,1.55,1.534,1.541,276205184,426016032,False
2013-07-10,,1.541,1.585,1.538,1.584,422370304,658582848,False
2013-07-11,,1.595,1.706,1.595,1.684,918225664,1516406912,False
2013-07-12,,1.678,1.68,1.625,1.632,476862784,790171392,False
2013-07-15,,1.641,1.678,1.626,1.648,593200320,979362240,False
2013-07-16,,1.642,1.649,1.621,1.648,329538784,539071296,False
2013-07-17,,1.645,1.658,1.626,1.627,430871584,707602560,False
2013-07-18,,1.62,1.627,1.591,1.593,295937024,474344192,False
2013-07-19,,1.597,1.602,1.55,1.555,339498272,535504896,False
2013-07-22,,1.535,1.56,1.533,1.557,299355936,463153984,False
2013-07-23,,1.565,1.618,1.559,1.6,805001984,1286717952,False
2013-07-24,,1.59,1.597,1.557,1.58,371043872,584780096,False
2013-07-25,,1.583,1.598,1.569,1.579,423201056,670230784,False
2013-07-26,,1.565,1.578,1.56,1.57,295103776,462791264,False
2013-07-29,,1.556,1.556,1.527,1.532,274565344,422232192,False
2013-07-30,,1.536,1.575,1.533,1.549,429509856,667193536,False
2013-07-31,,1.565,1.586,1.548,1.551,316711200,495473696,False
2013-08-01,,1.561,1.595,1.558,1.588,532685216,840386560,False
2013-08-02,,1.6,1.61,1.582,1.586,386414144,615879552,False
2013-08-05,,1.589,1.604,1.581,1.603,286497472,456424800,False
2013-08-06,,1.596,1.616,1.581,1.605,353431712,564910208,False
2013-08-07,,1.603,1.625,1.596,1.598,442317568,712658880,False
2013-08-08,,1.596,1.613,1.587,1.595,340268352,543475840,False
2013-08-09,,1.606,1.613,1.581,1.604,426369280,681984320,False
2013-08-12,,1.615,1.665,1.609,1.663,824187392,1349744640,False
2013-08-13,,1.663,1.674,1.655,1.67,400242880,666659328,False
2013-08-14,,1.673,1.697,1.658,1.663,494393088,830188672,False
2013-08-15,,1.673,1.676,1.643,1.646,312604768,519365760,False
2013-08-16,,1.641,1.753,1.622,1.646,1763768320,2943776768,False
2013-08-19,,1.629,1.669,1.622,1.657,495134208,813659008,False
2013-08-20,,1.656,1.68,1.639,1.646,445145856,740040128,False
2013-08-21,,1.648,1.657,1.625,1.639,330394112,540798464,False
2013-08-22,,1.635,1.659,1.631,1.634,430275616,708068480,False
2013-08-23,,1.643,1.65,1.592,1.618,463913408,752114944,False
2013-08-26,,1.624,1.657,1.615,1.655,567156480,930921088,False
2013-08-27,,1.652,1.661,1.64,1.653,362208064,597912576,False
2013-08-28,,1.642,1.659,1.625,1.647,441694592,726102912,False
2013-08-29,,1.658,1.661,1.633,1.641,369306720,607600896,False
2013-08-30,,1.638,1.655,1.627,1.645,289446016,475492096,False
2013-09-02,,1.65,1.655,1.634,1.648,258289776,425417952,False
2013-09-03,,1.651,1.671,1.648,1.668,414691840,688946240,False
2013-09-04,,1.665,1.674,1.663,1.67,272928672,455472640,False
2013-09-05,,1.668,1.67,1.66,1.665,257008384,428068960,False
2013-09-06,,1.661,1.684,1.661,1.683,407399168,682264320,False
2013-09-09,,1.698,1.78,1.698,1.772,871313920,1522208000,False
2013-09-10,,1.778,1.8,1.768,1.799,633844160,1127537024,False
2013-09-11,,1.811,1.826,1.797,1.803,740406976,1343773184,False
2013-09-12,,1.803,1.863,1.789,1.833,768161472,1401521408,False
2013-09-13,,1.831,1.838,1.807,1.811,430652064,784129536,False
2013-09-16,,1.819,1.827,1.781,1.797,474411424,855080768,False
2013-09-17,,1.801,1.806,1.755,1.757,445771200,791987328,False
2013-09-18,,1.756,1.765,1.736,1.759,343469856,602442176,False
2013-09-23,,1.765,1.775,1.753,1.769,344242880,607451840,False
2013-09-24,,1.769,1.769,1.718,1.731,482185632,836157696,False
2013-09-25,,1.726,1.744,1.715,1.717,318480096,550943168,False
2013-09-26,,1.715,1.715,1.683,1.689,572478848,969570368,False
2013-09-27,,1.685,1.696,1.68,1.695,308386144,521069120,False
2013-09-30,,1.702,1.713,1.69,1.697,284449184,483168032,False
2013-10-08,,1.69,1.722,1.679,1.717,367380224,625017728,False
2013-10-09,,1.709,1.729,1.704,1.723,334060160,574074624,False
2013-10-10,,1.725,1.73,1.691,1.694,440737632,753271040,False
2013-10-11,,1.705,1.728,1.699,1.725,545740864,936949632,False
2013-10-14,,1.726,1.729,1.713,1.718,271507520,467037760,False
2013-10-15,,1.719,1.723,1.7,1.71,328359456,561575040,False
2013-10-16,,1.705,1.707,1.682,1.689,364125888,616075456,False
2013-10-17,,1.697,1.7,1.679,1.681,346598400,586019328,False
2013-10-18,,1.683,1.703,1.682,1.693,258341120,437533984,False
2013-10-21,,1.695,1.716,1.682,1.714,401041376,682420480,False
2013-10-22,,1.711,1.711,1.688,1.694,334651488,568485312,False
2013-10-23,,1.704,1.723,1.688,1.693,584933632,997409472,False
2013-10-24,,1.69,1.695,1.672,1.674,439162400,738789952,False
2013-10-25,,1.675,1.689,1.654,1.663,609115456,1019085376,False
2013-10-28,,1.666,1.671,1.655,1.665,293296352,487941600,False
2013-10-29,,1.668,1.71,1.663,1.686,635549696,1070139328,False
2013-10-30,,1.688,1.708,1.678,1.708,651709376,1105021184,False
2013-10-31,,1.7,1.702,1.683,1.685,341510528,577055552,False
2013-11-01,,1.687,1.705,1.681,1.7,396694112,672462656,False
2013-11-04,,1.707,1.716,1.688,1.693,301441728,512437184,False
2013-11-05,,1.683,1.699,1.667,1.687,382480064,641438080,False
2013-11-06,,1.679,1.684,1.666,1.669,364274080,610182016,False
2013-11-07,,1.669,1.672,1.657,1.664,289719680,482474496,False
2013-11-08,,1.659,1.668,1.637,1.639,455367392,752644096,False
2013-11-11,,1.638,1.647,1.631,1.641,268529600,440036704,False
2013-11-12,,1.646,1.663,1.646,1.663,343837856,569496192,False
2013-11-13,,1.651,1.651,1.621,1.621,444156768,724875072,False
2013-11-14,,1.621,1.628,1.611,1.622,366697440,593427712,False
2013-11-15,,1.571,1.62,1.571,1.6,613483328,981966464,False
2013-11-18,,1.615,1.676,1.608,1.675,695942272,1137665920,False
2013-11-19,,1.675,1.675,1.653,1.656,414040192,687775616,False
2013-11-20,,1.668,1.675,1.649,1.66,426576512,706931520,False
2013-11-21,,1.65,1.65,1.625,1.644,466427136,762919744,False
2013-11-22,,1.647,1.651,1.636,1.639,402462176,661584448,False
2013-11-25,,1.629,1.655,1.626,1.63,504694368,827678528,False
2013-11-26,,1.629,1.638,1.623,1.627,347230880,566339904,False
2013-11-27,,1.627,1.655,1.624,1.643,464927968,761980288,False
2013-11-28,,1.648,1.676,1.645,1.659,513417472,854219520,False
2013-11-29,,1.665,1.666,1.652,1.656,313398048,519615104,False
2013-12-02,,1.66,1.69,1.651,1.675,775532928,1295169920,False
2013-12-03,,1.667,1.682,1.659,1.676,461767776,770481472,False
2013-12-04,,1.676,1.708,1.672,1.696,542629568,919630400,False
2013-12-05,,1.693,1.698,1.687,1.69,338694560,572898496,False
2013-12-06,,1.684,1.686,1.667,1.672,433133024,725409920,False
2013-12-09,,1.677,1.685,1.663,1.666,363247232,606381632,False
2013-12-10,,1.67,1.676,1.662,1.668,368446752,614995648,False
2013-12-11,,1.661,1.661,1.63,1.639,413036864,679144320,False
2013-12-12,,1.634,1.639,1.628,1.629,347785088,568350080,False
2013-12-13,,1.618,1.631,1.612,1.627,372347200,603977344,False
2013-12-16,,1.634,1.636,1.601,1.603,391510976,632158912,False
2013-12-17,,1.605,1.607,1.593,1.595,403994112,646315712,False
2013-12-18,,1.597,1.607,1.594,1.599,381525696,610184832,False
2013-12-19,,1.605,1.608,1.58,1.581,443909088,707455936,False
2013-12-20,,1.582,1.584,1.539,1.543,632084992,986155072,False
2013-12-23,,1.545,1.554,1.53,1.542,511543584,788734528,False
2013-12-24,,1.548,1.558,1.53,1.54,463261728,716119168,False
2013-12-25,,1.542,1.548,1.534,1.546,453779968,698849920,False
2013-12-26,,1.544,1.545,1.521,1.527,435516064,666929664,False
2013-12-27,,1.529,1.56,1.525,1.549,443015008,683997504,False
2013-12-30,,1.557,1.558,1.543,1.548,394954240,611504576,False
2013-12-31,,1.545,1.576,1.538,1.571,614116672,958296768,False
2014-01-02,,1.566,1.567,1.552,1.558,287784768,448748864,False
2014-01-03,,1.552,1.553,1.531,1.535,416293344,640028032,False
2014-01-06,,1.533,1.533,1.5,1.513,492912384,743336960,False
2014-01-07,,1.503,1.515,1.499,1.512,313911840,473138592,False
2014-01-08,,1.512,1.526,1.503,1.513,431202592,653197440,False
2014-01-09,,1.508,1.524,1.501,1.503,511350624,773493248,False
2014-01-10,,1.502,1.507,1.493,1.497,421332192,631308032,False
2014-01-13,,1.498,1.507,1.489,1.491,640383232,957544832,False
2014-01-14,,1.492,1.502,1.481,1.495,469859808,700363840,False
2014-01-15,,1.495,1.495,1.478,1.487,307782496,457240352,False
2014-01-16,,1.487,1.501,1.481,1.49,324563680,483675712,False
2014-01-17,,1.485,1.488,1.47,1.473,354405856,523433056,False
2014-01-20,,1.473,1.474,1.458,1.465,341205344,500396448,False
2014-01-21,,1.467,1.486,1.466,1.474,369079232,545060288,False
2014-01-22,,1.479,1.515,1.476,1.513,521483872,781276672,False
2014-01-23,,1.51,1.512,1.495,1.499,289789696,435143136,False
2014-01-24,,1.491,1.514,1.49,1.499,404345312,607367168,False
2014-01-27,,1.49,1.492,1.475,1.478,310891584,460747520,False
2014-01-28,,1.48,1.491,1.477,1.486,262287472,389100480,False
2014-01-29,,1.49,1.495,1.487,1.492,187728768,280036736,False
2014-01-30,,1.49,1.49,1.475,1.475,218609648,323531968,False
2014-02-07,,1.465,1.473,1.459,1.472,245496896,359660320,False
2014-02-10,,1.477,1.503,1.477,1.501,460391264,688676160,False
2014-02-11,,1.5,1.533,1.496,1.526,623025664,946090304,False
2014-02-12,,1.528,1.535,1.519,1.522,401730688,612908224,False
2014-02-13,,1.52,1.545,1.516,1.527,456395776,697469504,False
2014-02-14,,1.524,1.532,1.523,1.53,266987792,407706144,False
2014-02-17,,1.545,1.546,1.526,1.534,387485312,593627264,False
2014-02-18,,1.532,1.532,1.501,1.506,515769344,779424896,False
2014-02-19,,1.505,1.54,1.501,1.529,663320640,1006523264,False
2014-02-20,,1.534,1.554,1.516,1.518,623963776,958891200,False
2014-02-21,,1.515,1.521,1.496,1.502,328483520,494993888,False
2014-02-24,,1.488,1.488,1.458,1.467,468732576,687948992,False
2014-02-25,,1.467,1.474,1.436,1.44,458014464,666755968,False
2014-02-26,,1.432,1.446,1.429,1.44,387057248,556118656,False
2014-02-27,,1.444,1.46,1.433,1.451,455763264,659686336,False
2014-02-28,,1.449,1.465,1.432,1.461,464017920,673275200,False
2014-03-03,,1.458,1.465,1.45,1.458,319773664,465945856,False
2014-03-04,,1.453,1.465,1.447,1.459,332570240,483428800,False
2014-03-05,,1.462,1.464,1.444,1.444,254666912,370335360,False
2014-03-06,,1.443,1.463,1.434,1.456,421893824,611837824,False
2014-03-07,,1.455,1.47,1.449,1.452,319640320,466433920,False
2014-03-10,,1.443,1.444,1.406,1.408,432830976,616112768,False
2014-03-11,,1.408,1.421,1.402,1.41,433139680,610474048,False
2014-03-12,,1.407,1.428,1.402,1.414,419262848,592367424,False
2014-03-13,,1.425,1.449,1.418,1.434,457767200,657508992,False
2014-03-14,,1.429,1.436,1.416,1.422,196209440,279892128,False
2014-03-17,,1.433,1.437,1.422,1.434,250946208,358695200,False
2014-03-18,,1.434,1.437,1.424,1.425,245516576,351460192,False
2014-03-19,,1.423,1.423,1.406,1.419,331866208,468540352,False
2014-03-20,,1.412,1.434,1.407,1.408,379443744,539393664,False
2014-03-21,,1.406,1.468,1.403,1.463,825467904,1186299520,False
2014-03-24,,1.466,1.485,1.46,1.476,641134144,943671744,False
2014-03-25,,1.47,1.482,1.463,1.465,383350592,564014656,False
2014-03-26,,1.472,1.477,1.46,1.463,323369504,474356416,False
2014-03-27,,1.46,1.485,1.45,1.464,546016256,800135232,False
2014-03-28,,1.464,1.481,1.462,1.471,564255680,830738880,False
2014-03-31,,1.475,1.476,1.454,1.464,364409952,533626240,False
2014-04-01,,1.464,1.479,1.459,1.469,446023936,655237312,False
2014-04-02,,1.471,1.491,1.47,1.488,619125376,916803200,False
2014-04-03,,1.495,1.502,1.475,1.475,557376832,830863360,False
2014-04-04,,1.473,1.489,1.466,1.488,491083360,725784704,False
2014-04-08,,1.485,1.54,1.485,1.532,863753792,1309810560,False
2014-04-09,,1.534,1.536,1.524,1.528,399524192,610611904,False
2014-04-10,,1.529,1.585,1.519,1.567,876352832,1356536704,False
2014-04-11,,1.567,1.572,1.551,1.561,584037248,912991744,False
2014-04-14,,1.56,1.565,1.545,1.552,403141728,625536384,False
2014-04-15,,1.548,1.548,1.517,1.522,501375840,767333184,False
2014-04-16,,1.516,1.534,1.512,1.522,432877728,659239104,False
2014-04-17,,1.529,1.53,1.513,1.516,327915712,498746624,False
2014-04-18,,1.51,1.521,1.499,1.515,468765120,707667136,False
2014-04-21,,1.504,1.523,1.488,1.489,450441312,680012160,False
2014-04-22,,1.488,1.508,1.485,1.505,486762656,727546752,False
2014-04-23,,1.5,1.513,1.498,1.505,387478240,583011456,False
2014-04-24,,1.504,1.521,1.5,1.509,363321376,548805760,False
2014-04-25,,1.513,1.519,1.499,1.5,397264704,598938112,False
2014-04-28,,1.498,1.501,1.48,1.483,376856384,560263616,False
2014-04-29,,1.483,1.495,1.477,1.493,475628320,705858304,False
2014-04-30,,1.492,1.495,1.487,1.492,282706592,421572320,False
2014-05-05,,1.489,1.49,1.471,1.483,320350624,473297600,False
2014-05-06,,1.479,1.495,1.478,1.481,353322528,524334560,False
2014-05-07,,1.478,1.481,1.471,1.473,315653664,465920512,False
2014-05-08,,1.471,1.496,1.469,1.476,525161984,777157312,False
2014-05-09,,1.479,1.481,1.471,1.476,411218304,607111040,False
2014-05-12,,1.487,1.507,1.478,1.503,632071360,946718016,False
2014-05-13,,1.502,1.505,1.495,1.496,288566240,432975904,False
2014-05-14,,1.497,1.506,1.495,1.498,243800544,365636736,False
2014-05-15,,1.497,1.498,1.484,1.484,317292128,473077952,False
2014-05-16,,1.484,1.489,1.478,1.481,289055552,428767360,False
2014-05-19,,1.477,1.477,1.451,1.457,404180192,590299008,False
2014-05-20,,1.462,1.465,1.453,1.455,262512560,382780288,False
2014-05-21,,1.453,1.471,1.443,1.469,380416864,555447936,False
2014-05-22,,1.468,1.49,1.465,1.466,459244832,678956992,False
2014-05-23,,1.467,1.482,1.467,1.48,367558080,541601152,False
2014-05-26,,1.486,1.495,1.477,1.482,350940192,520775456,False
2014-05-27,,1.483,1.486,1.476,1.478,302460416,448050528,False
2014-05-28,,1.478,1.49,1.47,1.488,366135264,541819264,False
2014-05-29,,1.489,1.493,1.481,1.482,361175392,537162816,False
2014-05-30,,1.481,1.485,1.474,1.477,296468320,438839616,False
2014-06-03,,1.478,1.488,1.473,1.473,274254464,406050624,False
2014-06-04,,1.473,1.474,1.458,1.464,265025040,388100672,False
2014-06-05,,1.463,1.482,1.46,1.481,276642496,406731040,False
2014-06-06,,1.481,1.481,1.461,1.469,286439040,420938432,False
2014-06-09,,1.463,1.488,1.461,1.472,434378144,640940672,False
2014-06-10,,1.477,1.49,1.471,1.49,463991328,687507136,False
2014-06-11,,1.484,1.488,1.48,1.484,324852256,482076224,False
2014-06-12,,1.483,1.487,1.48,1.481,262987280,390038080,False
2014-06-13,,1.48,1.506,1.479,1.5,494442336,739155520,False
2014-06-16,,1.5,1.52,1.498,1.516,620840640,937392704,False
2014-06-17,,1.512,1.512,1.501,1.502,430793792,648380160,False
2014-06-18,,1.502,1.505,1.495,1.496,389876864,584816192,False
2014-06-19,,1.496,1.501,1.474,1.478,454067488,676476032,False
2014-06-20,,1.479,1.487,1.478,1.485,390180064,578381824,False
2014-06-23,,1.486,1.493,1.479,1.48,317678976,472085120,False
2014-06-24,,1.48,1.49,1.479,1.489,264854000,393413888,False
2014-06-25,,1.49,1.49,1.48,1.482,229750976,340687488,False
2014-06-26,,1.484,1.492,1.483,1.49,297557440,443111136,False
2014-06-27,,1.489,1.495,1.483,1.486,300442208,446640832,False
2014-06-30,,1.487,1.5,1.487,1.497,428760864,641354688,False
2014-07-01,,1.504,1.505,1.489,1.493,289802304,433503104,False
2014-07-02,,1.495,1.502,1.491,1.501,396305632,592987648,False
2014-07-03,,1.5,1.509,1.497,1.505,419994624,631036736,False
2014-07-04,,1.504,1.512,1.504,1.51,351333920,530058208,False
2014-07-07,,1.51,1.514,1.506,1.511,273888352,413531264,False
2014-07-08,,1.51,1.511,1.501,1.508,285636000,430253728,False
2014-07-09,,1.508,1.509,1.492,1.492,379637568,570291712,False
2014-07-10,,1.492,1.496,1.487,1.491,255357872,381045632,False
2014-07-11,,1.49,1.503,1.49,1.498,242832832,363416416,False
2014-07-14,,1.499,1.512,1.496,1.511,270744512,407423840,False
2014-07-15,,1.511,1.516,1.508,1.513,240586192,363735424,False
2014-07-16,,1.513,1.52,1.511,1.512,295883616,448318816,False
2014-07-17,,1.51,1.513,1.504,1.507,234209008,352947712,False
2014-07-18,,1.506,1.522,1.504,1.516,326389536,494497728,False
2014-07-21,,1.516,1.521,1.512,1.515,211434144,320497952,False
2014-07-22,,1.512,1.537,1.511,1.533,423261280,646246336,False
2014-07-23,,1.533,1.55,1.532,1.545,458987552,708467584,False
2014-07-24,,1.545,1.584,1.545,1.58,756626112,1187737216,False
2014-07-25,,1.583,1.596,1.577,1.596,565665536,896889280,False
2014-07-28,,1.602,1.656,1.602,1.647,1005060992,1644656384,False
2014-07-29,,1.648,1.658,1.641,1.65,526852128,868532480,False
2014-07-30,,1.647,1.661,1.641,1.642,460145536,760144448,False
2014-07-31,,1.642,1.667,1.639,1.666,458903328,756910720,False
2014-08-01,,1.66,1.682,1.648,1.649,826284544,1376906880,False
2014-08-04,,1.656,1.687,1.651,1.685,733984192,1224977664,False
2014-08-05,,1.686,1.687,1.663,1.672,602999488,1009803200,False
2014-08-06,,1.661,1.669,1.643,1.658,613115264,1014909760,False
2014-08-07,,1.659,1.663,1.631,1.633,555214848,914419264,False
2014-08-08,,1.636,1.643,1.628,1.637,364971264,597020864,False
2014-08-11,,1.644,1.664,1.64,1.659,494120448,817287808,False
2014-08-12,,1.656,1.656,1.642,1.647,317461248,523292352,False
2014-08-13,,1.649,1.661,1.637,1.651,378912128,624291200,False
2014-08-14,,1.652,1.655,1.637,1.637,358514144,590529472,False
2014-08-15,,1.638,1.658,1.635,1.653,516503584,851650048,False
2014-08-18,,1.655,1.664,1.648,1.654,459561792,760250752,False
2014-08-19,,1.656,1.659,1.641,1.649,386939200,637887104,False
2014-08-20,,1.646,1.648,1.64,1.645,332418240,546176192,False
2014-08-21,,1.64,1.644,1.62,1.629,406796704,662173696,False
2014-08-22,,1.627,1.641,1.624,1.635,362220800,591519680,False
2014-08-25,,1.637,1.639,1.618,1.62,414720928,673615040,False
2014-08-26,,1.618,1.626,1.612,1.617,446426112,723552896,False
2014-08-27,,1.617,1.621,1.613,1.615,319048256,515749664,False
2014-08-28,,1.616,1.622,1.609,1.612,445464192,719665984,False
2014-08-29,,1.612,1.624,1.61,1.623,467579360,754963200,False
2014-09-01,,1.622,1.628,1.616,1.626,578408000,938172864,False
2014-09-02,,1.629,1.652,1.621,1.649,696721024,1136437248,False
2014-09-03,,1.655,1.671,1.652,1.667,667050816,1109440768,False
2014-09-04,,1.669,1.681,1.663,1.679,551680448,920845888,False
2014-09-05,,1.685,1.702,1.682,1.699,565091456,955187840,False
2014-09-09,,1.699,1.702,1.684,1.685,484590464,819472832,False
2014-09-10,,1.679,1.679,1.667,1.671,488219040,816176320,False
2014-09-11,,1.671,1.692,1.66,1.666,579329088,969842816,False
2014-09-12,,1.661,1.676,1.657,1.675,381478848,634937088,False
2014-09-15,,1.663,1.672,1.656,1.669,392154016,652433728,False
2014-09-16,,1.67,1.672,1.642,1.644,526996640,875710336,False
2014-09-17,,1.651,1.654,1.64,1.648,519199232,855103936,False
2014-09-18,,1.646,1.66,1.64,1.652,483338272,796889280,False
2014-09-19,,1.652,1.667,1.648,1.665,394677536,654196288,False
2014-09-22,,1.657,1.657,1.623,1.628,418604320,686332800,False
2014-09-23,,1.628,1.641,1.627,1.64,621001152,1014907328,False
2014-09-24,,1.633,1.673,1.628,1.672,640543808,1057707712,False
2014-09-25,,1.68,1.682,1.66,1.661,499306560,835049024,False
2014-09-26,,1.659,1.664,1.649,1.662,356402528,590665024,False
2014-09-29,,1.665,1.67,1.656,1.667,653669440,1086999040,False
2014-09-30,,1.667,1.668,1.66,1.666,291936672,485736864,False
2014-10-08,,1.668,1.676,1.66,1.676,387555104,646442880,False
2014-10-09,,1.677,1.682,1.669,1.677,370599744,621396416,False
2014-10-10,,1.667,1.674,1.661,1.664,354325216,590741312,False
2014-10-13,,1.66,1.66,1.641,1.653,384191520,633072448,False
2014-10-14,,1.648,1.66,1.639,1.643,346573152,571711616,False
2014-10-15,,1.644,1.661,1.637,1.66,379535360,625570176,False
2014-10-16,,1.651,1.673,1.646,1.655,443401632,735196288,False
2014-10-17,,1.656,1.661,1.639,1.65,485893120,801101376,False
2014-10-20,,1.656,1.659,1.649,1.655,330949216,547681600,False
2014-10-21,,1.655,1.659,1.645,1.646,348298208,575764672,False
2014-10-22,,1.646,1.658,1.642,1.644,404664352,667033984,False
2014-10-23,,1.643,1.649,1.631,1.632,421969280,692609280,False
2014-10-24,,1.633,1.637,1.627,1.629,366086208,597688960,False
2014-10-27,,1.619,1.619,1.602,1.604,436866688,702577536,False
2014-10-28,,1.607,1.631,1.606,1.629,451252032,728946880,False
2014-10-29,,1.636,1.661,1.631,1.651,428852448,704426496,False
2014-10-30,,1.651,1.67,1.646,1.663,367772608,608861952,False
2014-10-31,,1.669,1.715,1.669,1.705,667371392,1127396096,False
2014-11-03,,1.706,1.71,1.693,1.695,481080064,818387968,False
2014-11-04,,1.691,1.696,1.686,1.69,435722080,736729344,False
2014-11-05,,1.691,1.693,1.679,1.685,416084576,701602432,False
2014-11-06,,1.687,1.693,1.674,1.682,468757344,788492736,False
2014-11-07,,1.682,1.716,1.679,1.687,583039104,987851904,False
2014-11-10,,1.715,1.737,1.704,1.735,568984192,978286144,False
2014-11-11,,1.747,1.788,1.741,1.757,849723072,1499466496,False
2014-11-12,,1.749,1.778,1.743,1.776,513409600,901242688,False
2014-11-13,,1.78,1.798,1.768,1.775,581907456,1037487296,False
2014-11-14,,1.77,1.775,1.756,1.774,487767136,861075840,False
2014-11-17,,1.763,1.768,1.708,1.709,427945664,741400512,False
2014-11-18,,1.711,1.715,1.681,1.684,383172704,649572160,False
2014-11-19,,1.683,1.686,1.67,1.675,427270624,717363456,False
2014-11-20,,1.67,1.686,1.665,1.678,449205856,752844416,False
2014-11-21,,1.68,1.723,1.673,1.72,594090944,1006041728,False
2014-11-24,,1.728,1.78,1.727,1.759,764341568,1337764352,False
2014-11-25,,1.757,1.78,1.754,1.774,757433728,1337877888,False
2014-11-26,,1.782,1.816,1.782,1.816,630577664,1135315968,False
2014-11-27,,1.828,1.852,1.825,1.851,716636288,1316706944,False
2014-11-28,,1.851,1.918,1.843,1.912,894655616,1678863744,False
2014-12-01,,1.933,1.963,1.915,1.918,980368064,1897567872,False
2014-12-02,,1.907,2.043,1.906,2.023,1191051904,2339197184,False
2014-12-03,,2.036,2.108,2.0,2.033,1222552320,2516712960,False
2014-12-04,,2.045,2.18,2.03,2.179,1111029120,2340159488,False
2014-12-05,,2.206,2.257,2.116,2.196,1602849536,3518247168,False
2014-12-08,,2.175,2.329,2.143,2.312,1216250880,2730774016,False
2014-12-09,,2.28,2.4,2.135,2.169,1590364544,3662076160,False
2014-12-10,,2.186,2.247,2.101,2.239,1596527488,3473689344,False
2014-12-11,,2.217,2.25,2.175,2.182,1232954240,2728103680,False
2014-12-12,,2.182,2.234,2.161,2.182,940356160,2065211648,False
2014-12-15,,2.177,2.195,2.124,2.184,945613312,2036777856,False
2014-12-16,,2.188,2.283,2.178,2.281,1329242880,2962819584,False
2014-12-17,,2.3,2.369,2.28,2.356,1350575488,3136905472,False
2014-12-18,,2.358,2.388,2.321,2.338,1114713984,2623212544,False
2014-12-19,,2.341,2.381,2.283,2.368,1303056384,3047012352,False
2014-12-22,,2.37,2.457,2.355,2.405,1410719872,3403547648,False
2014-12-23,,2.378,2.44,2.33,2.353,1031005568,2463252480,False
2014-12-24,,2.356,2.363,2.228,2.256,1231617408,2813668608,False
2014-12-25,,2.28,2.345,2.252,2.344,1077186176,2483992832,False
2014-12-26,,2.345,2.455,2.341,2.452,1376103424,3304446464,False
2014-12-29,,2.51,2.534,2.42,2.459,1497711872,3719270144,False
2014-12-30,,2.459,2.52,2.44,2.492,1853951104,4596432384,False
2014-12-31,,2.499,2.562,2.481,2.552,1718050944,4331522048,False
2015-01-05,,2.58,2.655,2.555,2.622,1596469248,4140996864,False
2015-01-06,,2.6,2.651,2.561,2.592,1556186752,4048279296,False
2015-01-07,,2.575,2.622,2.558,2.588,888796928,2301888512,False
2015-01-08,,2.599,2.61,2.51,2.518,793662464,2018320256,False
2015-01-09,,2.51,2.644,2.496,2.524,1156150528,2961835008,False
2015-01-12,,2.553,2.555,2.458,2.5,1514645248,3794553088,False
2015-01-13,,2.5,2.524,2.471,2.485,853799872,2131201152,False
2015-01-14,,2.495,2.53,2.466,2.494,1207694464,3022368256,False
2015-01-15,,2.494,2.59,2.475,2.586,1940225920,4908509184,False
2015-01-16,,2.598,2.634,2.581,2.604,1693215232,4415810048,False
2015-01-19,,2.43,2.465,2.344,2.344,1800416000,4334764032,False
2015-01-20,,2.341,2.4,2.316,2.361,1838117120,4339336704,False
2015-01-21,,2.386,2.517,2.372,2.503,1644295680,4013711104,False
2015-01-22,,2.51,2.515,2.462,2.499,1653108864,4124867584,False
2015-01-23,,2.514,2.569,2.499,2.524,1946775040,4924803584,False
2015-01-26,,2.531,2.531,2.485,2.519,1096595072,2749236480,False
2015-01-27,,2.529,2.532,2.436,2.478,1388384640,3445722880,False
2015-01-28,,2.452,2.493,2.435,2.442,1416961664,3479909120,False
2015-01-29,,2.403,2.422,2.379,2.4,979790720,2355013120,False
2015-01-30,,2.415,2.433,2.358,2.367,1143491584,2735094528,False
2015-02-02,,2.301,2.342,2.293,2.299,1176367744,2719672320,False
2015-02-03,,2.329,2.378,2.3,2.367,1235914880,2883248384,False
2015-02-04,,2.375,2.404,2.331,2.334,1244132352,2951498240,False
2015-02-05,,2.42,2.426,2.313,2.316,1549460992,3685168640,False
2015-02-06,,2.311,2.333,2.27,2.291,1463378048,3379291136,False
2015-02-09,,2.291,2.359,2.28,2.331,1639267456,3805047040,False
2015-02-10,,2.331,2.374,2.321,2.369,1404951552,3307644672,False
2015-02-11,,2.371,2.388,2.359,2.38,949834240,2254381312,False
2015-02-12,,2.379,2.391,2.351,2.384,728166848,1727233920,False
2015-02-13,,2.39,2.429,2.382,2.39,1073007424,2579400192,False
2015-02-16,,2.39,2.403,2.379,2.394,656174080,1568280960,False
2015-02-17,,2.401,2.429,2.401,2.411,707313856,1708546560,False
2015-02-25,,2.411,2.411,2.359,2.37,621418688,1482105856,False
2015-02-26,,2.368,2.452,2.348,2.45,1277919872,3073475072,False
2015-02-27,,2.447,2.465,2.428,2.438,864907584,2118466944,False
2015-03-02,,2.456,2.46,2.424,2.441,1123464320,2743186176,False
2015-03-03,,2.427,2.427,2.36,2.364,1090539776,2608596480,False
2015-03-04,,2.368,2.381,2.342,2.362,1077661312,2546663936,False
2015-03-05,,2.345,2.351,2.312,2.334,1168613248,2726749696,False
2015-03-06,,2.335,2.361,2.333,2.339,1273296640,2988489984,False
2015-03-09,,2.3,2.41,2.289,2.397,1616493696,3779924736,False
2015-03-10,,2.381,2.389,2.355,2.359,1140339328,2701126656,False
2015-03-11,,2.363,2.41,2.362,2.374,1076556800,2568748544,False
2015-03-12,,2.404,2.472,2.388,2.448,1531205888,3717288960,False
2015-03-13,,2.458,2.495,2.44,2.455,1220491392,3013068288,False
2015-03-16,,2.472,2.513,2.451,2.51,1159802112,2884278528,False
2015-03-17,,2.537,2.549,2.519,2.543,1000452160,2534648576,False
2015-03-18,,2.55,2.614,2.55,2.611,1140666880,2938701568,False
2015-03-19,,2.604,2.61,2.575,2.587,1269959936,3289417216,False
2015-03-20,,2.599,2.668,2.576,2.635,1194598656,3128225536,False
2015-03-23,,2.656,2.683,2.647,2.676,1015275968,2705820672,False
2015-03-24,,2.676,2.678,2.608,2.638,1194593536,3160538880,False
2015-03-25,,2.63,2.649,2.582,2.604,976579712,2553955584,False
2015-03-26,,2.59,2.673,2.577,2.643,1083022720,2851644160,False
2015-03-27,,2.65,2.673,2.621,2.649,696578944,1843611264,False
2015-03-30,,2.674,2.752,2.661,2.74,1211519104,3280914176,False
2015-03-31,,2.783,2.815,2.7,2.707,1151864832,3181426176,False
2015-04-01,,2.713,2.767,2.71,2.753,934389632,2557621760,False
2015-04-02,,2.78,2.784,2.704,2.739,767612096,2104261376,False
2015-04-03,,2.726,2.776,2.724,2.773,935870336,2574088448,False
2015-04-07,,2.799,2.847,2.788,2.842,1030475008,2897496064,False
2015-04-08,,2.855,2.911,2.83,2.898,1722049792,4946304512,False
2015-04-09,,2.911,2.978,2.867,2.877,1618281216,4707144192,False
2015-04-10,,2.878,2.948,2.867,2.936,1001361792,2907097344,False
2015-04-13,,2.99,3.009,2.965,2.991,1175705344,3508368896,False
2015-04-14,,2.991,3.024,2.966,2.999,1341788800,4013977344,False
2015-04-15,,2.999,3.078,2.987,3.011,1503258496,4551657984,False
2015-04-16,,3.023,3.147,2.982,3.145,3471117056,10678393856,False
2015-04-17,,3.24,3.246,3.157,3.185,3099213312,9916762112,False
2015-04-20,,3.203,3.232,3.09,3.103,3133739776,9929961472,False
2015-04-21,,3.11,3.15,3.079,3.141,1534753664,4781425152,False
2015-04-22,,3.171,3.248,3.147,3.241,3647140608,11666600960,False
2015-04-23,,3.25,3.256,3.185,3.212,1892025216,6102634496,False
2015-04-24,,3.172,3.192,3.103,3.171,1918718720,6048339456,False
2015-04-27,,3.203,3.26,3.195,3.255,1827485312,5900277760,False
2015-04-28,,3.25,3.307,3.199,3.228,2358123776,7649837568,False
2015-04-29,,3.22,3.246,3.187,3.22,1586207872,5104603648,False
2015-04-30,,3.235,3.249,3.196,3.198,960557376,3095434240,False
2015-05-04,,3.2,3.217,3.15,3.211,1167304064,3722000640,False
2015-05-05,,3.209,3.211,3.083,3.096,1510710784,4757789696,False
2015-05-06,,3.11,3.188,3.053,3.083,1761916672,5508695040,False
2015-05-07,,3.08,3.09,3.04,3.045,1534672896,4706121216,False
2015-05-08,,3.071,3.078,2.991,3.055,1442657664,4388655104,False
2015-05-11,,3.055,3.116,3.02,3.11,1374490624,4214210560,False
2015-05-12,,3.103,3.143,3.079,3.129,1461961344,4551027200,False
2015-05-13,,3.129,3.135,3.067,3.084,1261806592,3912635648,False
2015-05-14,,3.077,3.099,3.055,3.073,1329476352,4091686400,False
2015-05-15,,3.073,3.073,2.995,3.006,1837572224,5569371136,False
2015-05-18,,2.98,2.999,2.945,2.946,1329129984,3952731392,False
2015-05-19,,2.946,3.073,2.94,3.066,1743883008,5289664512,False
2015-05-20,,3.084,3.127,3.051,3.066,2436702208,7524532224,False
2015-05-21,,3.089,3.114,3.065,3.104,1062602496,3283826688,False
2015-05-22,,3.139,3.201,3.118,3.199,2373640448,7531592704,False
2015-05-25,,3.237,3.306,3.216,3.303,2330479104,7608363008,False
2015-05-26,,3.328,3.347,3.261,3.32,1877364352,6206152704,False
2015-05-27,,3.334,3.351,3.266,3.285,1903846272,6288459264,False
2015-05-28,,3.285,3.3,3.05,3.079,2265428480,7262607872,False
2015-05-29,,3.081,3.114,2.996,3.066,1868000640,5724873216,False
2015-06-01,,3.066,3.21,3.031,3.198,1419662848,4452007936,False
2015-06-02,,3.194,3.219,3.149,3.209,1234532864,3932798720,False
2015-06-03,,3.205,3.213,3.147,3.191,1000194240,3184008960,False
2015-06-04,,3.191,3.277,3.05,3.259,2103848704,6723987968,False
2015-06-05,,3.34,3.35,3.188,3.254,1866872320,6086798848,False
2015-06-08,,3.28,3.448,3.256,3.427,3245881088,10965104640,False
2015-06-09,,3.459,3.465,3.326,3.361,3311958528,11222739968,False
2015-06-10,,3.316,3.375,3.291,3.32,1744912896,5814783488,False
2015-06-11,,3.334,3.345,3.27,3.3,2217088512,7319816192,False
2015-06-12,,3.323,3.338,3.27,3.313,1725316096,5707139072,False
2015-06-15,,3.334,3.349,3.21,3.216,2842011136,9284478976,False
2015-06-16,,3.199,3.239,3.111,3.148,2500597248,7958841344,False
2015-06-17,,3.16,3.19,3.114,3.175,2449588992,7713551872,False
2015-06-18,,3.157,3.157,3.03,3.042,1553765376,4819730432,False
2015-06-19,,3.025,3.04,2.865,2.874,2122214784,6334686720,False
2015-06-23,,2.893,2.989,2.8,2.976,2573711360,7495834624,False
2015-06-24,,2.99,3.03,2.92,3.018,2269673728,6764107264,False
2015-06-25,,3.048,3.06,2.906,2.919,2239861248,6728059392,False
2015-06-26,,2.86,2.931,2.635,2.686,4091997184,11540757504,False
2015-06-29,,2.772,2.799,2.481,2.66,7737936896,20741586944,False
2015-06-30,,2.66,2.855,2.601,2.851,6802366464,18574139392,False
2015-07-01,,2.81,2.85,2.689,2.728,4433403392,12356215808,False
2015-07-02,,2.79,2.793,2.58,2.684,5865295360,15877853184,False
2015-07-03,,2.657,2.728,2.5,2.579,4464871936,11699912704,False
2015-07-06,,2.837,2.837,2.635,2.742,9146831872,24908826624,False
2015-07-07,,2.682,2.82,2.607,2.79,6650103296,18190024704,False
2015-07-08,,2.6,2.757,2.511,2.604,7054986240,18480242688,False
2015-07-09,,2.529,2.856,2.477,2.792,3893441280,10445628416,False
2015-07-10,,2.736,3.01,2.71,2.905,4152573440,12076073984,False
2015-07-13,,2.84,2.949,2.795,2.862,2921906176,8381586944,False
2015-07-14,,2.805,2.839,2.716,2.762,2216741632,6165300224,False
2015-07-15,,2.731,2.777,2.665,2.749,2962960384,8041892864,False
2015-07-16,,2.75,2.778,2.7,2.74,2330590976,6387342848,False
2015-07-17,,2.756,2.835,2.722,2.803,1791239936,4969883136,False
2015-07-20,,2.794,2.812,2.758,2.777,1369040768,3810863872,False
2015-07-21,,2.731,2.8,2.731,2.768,1021324864,2832321280,False
2015-07-22,,2.755,2.77,2.72,2.737,854165056,2344989952,False
2015-07-23,,2.737,2.796,2.737,2.794,1337961088,3711181824,False
2015-07-24,,2.791,2.805,2.734,2.745,1092095232,3037606400,False
2015-07-27,,2.721,2.722,2.49,2.494,1379427072,3624819200,False
2015-07-28,,2.444,2.531,2.406,2.484,2612182016,6459579392,False
2015-07-29,,2.5,2.54,2.462,2.534,1093043712,2719347712,False
2015-07-30,,2.524,2.548,2.46,2.469,908665344,2294806528,False
2015-07-31,,2.46,2.496,2.436,2.462,926730240,2281135104,False
2015-08-03,,2.44,2.479,2.42,2.478,728000384,1781101568,False
2015-08-04,,2.488,2.542,2.467,2.54,689233536,1723714432,False
2015-08-05,,2.529,2.535,2.489,2.491,647448256,1627673856,False
2015-08-06,,2.466,2.508,2.451,2.471,654783872,1625257472,False
2015-08-07,,2.492,2.522,2.48,2.504,702485376,1758489472,False
2015-08-10,,2.522,2.63,2.515,2.616,703324928,1803581824,False
2015-08-11,,2.618,2.619,2.577,2.59,458023744,1191425280,False
2015-08-12,,2.568,2.6,2.556,2.564,547843072,1411700224,False
2015-08-13,,2.561,2.585,2.523,2.576,661136256,1689235968,False
2015-08-14,,2.585,2.591,2.564,2.575,561500736,1448097664,False
2015-08-17,,2.56,2.561,2.524,2.548,483713504,1229187968,False
2015-08-18,,2.55,2.571,2.39,2.41,857814720,2156176896,False
2015-08-19,,2.397,2.44,2.328,2.427,1451342720,3462093056,False
2015-08-20,,2.401,2.42,2.36,2.361,701199360,1677434368,False
2015-08-21,,2.333,2.362,2.267,2.274,1020528192,2370702080,False
2015-08-24,,2.216,2.216,2.047,2.047,1018573376,2138470016,False
2015-08-25,,1.942,2.05,1.869,1.886,1963701248,3904805888,False
2015-08-26,,1.939,2.034,1.879,1.946,2464277248,4829053952,False
2015-08-27,,1.998,2.12,1.962,2.11,1705422464,3426767872,False
2015-08-28,,2.14,2.174,2.097,2.168,1788365952,3812939776,False
2015-08-31,,2.137,2.213,2.076,2.209,1253607552,2662268416,False
2015-09-01,,2.152,2.244,2.103,2.228,1786786176,3895544832,False
2015-09-02,,2.145,2.247,2.142,2.236,1775174144,3908512768,False
2015-09-07,,2.216,2.255,2.133,2.14,701801856,1542216960,False
2015-09-08,,2.12,2.188,2.085,2.177,882662720,1884800384,False
2015-09-09,,2.197,2.228,2.178,2.209,777486592,1715405312,False
2015-09-10,,2.182,2.219,2.178,2.206,638374528,1404976256,False
2015-09-11,,2.205,2.22,2.184,2.193,420897888,927380672,False
2015-09-14,,2.21,2.225,2.122,2.223,868275392,1892711424,False
2015-09-15,,2.18,2.189,2.146,2.167,742104896,1609690880,False
2015-09-16,,2.169,2.285,2.143,2.242,623954112,1366898048,False
2015-09-17,,2.222,2.259,2.196,2.198,723452288,1616968192,False
2015-09-18,,2.21,2.225,2.191,2.198,498441696,1101089920,False
2015-09-21,,2.19,2.221,2.178,2.212,305409216,672295104,False
2015-09-22,,2.21,2.259,2.21,2.237,415724832,931661120,False
2015-09-23,,2.194,2.22,2.177,2.18,290194880,637225600,False
2015-09-24,,2.192,2.199,2.172,2.187,176907296,386856288,False
2015-09-25,,2.184,2.187,2.145,2.171,273127712,592014784,False
2015-09-28,,2.168,2.18,2.147,2.174,157721584,341669088,False
2015-09-29,,2.152,2.154,2.119,2.127,123856696,264303008,False
2015-09-30,,2.139,2.169,2.138,2.147,111796128,240538240,False
2015-10-08,,2.241,2.243,2.193,2.196,183101776,405573568,False
2015-10-09,,2.205,2.228,2.198,2.221,179145904,396920608,False
2015-10-12,,2.235,2.317,2.226,2.288,291580960,663816256,False
2015-10-13,,2.267,2.285,2.266,2.279,257545184,586539264,False
2015-10-14,,2.263,2.288,2.256,2.258,188263664,428085376,False
2015-10-15,,2.261,2.307,2.254,2.304,304426208,695447680,False
2015-10-16,,2.31,2.333,2.306,2.322,344854048,800244736,False
2015-10-19,,2.323,2.345,2.298,2.32,286968416,667011328,False
2015-10-20,,2.313,2.343,2.3,2.341,231423504,535534048,False
2015-10-21,,2.337,2.368,2.271,2.32,448090912,1041480384,False
2015-10-22,,2.325,2.338,2.3,2.333,320496800,742318464,False
2015-10-23,,2.337,2.355,2.32,2.35,281692768,658982912,False
2015-10-26,,2.38,2.385,2.331,2.35,318977856,754117440,False
2015-10-27,,2.338,2.36,2.303,2.348,368848800,859820160,False
2015-10-28,,2.338,2.341,2.305,2.308,335176288,780107840,False
2015-10-29,,2.312,2.324,2.295,2.311,221076832,511170112,False
2015-10-30,,2.305,2.336,2.298,2.31,229814576,532311456,False
2015-11-02,,2.291,2.314,2.281,2.283,233551520,536826688,False
2015-11-03,,2.288,2.297,2.264,2.272,224054768,511025888,False
2015-11-04,,2.277,2.389,2.277,2.386,624206848,1463263360,False
2015-11-05,,2.375,2.515,2.369,2.445,798096128,1951571328,False
2015-11-06,,2.441,2.506,2.422,2.499,537688896,1324751232,False
2015-11-09,,2.5,2.589,2.497,2.532,712933568,1819459968,False
2015-11-10,,2.511,2.554,2.5,2.521,400171008,1009264576,False
2015-11-11,,2.517,2.521,2.468,2.504,355086720,886821312,False
2015-11-12,,2.51,2.516,2.461,2.47,271888480,674769728,False
2015-11-13,,2.45,2.477,2.438,2.444,281752128,691879936,False
2015-11-16,,2.404,2.454,2.403,2.449,212102848,515322560,False
2015-11-17,,2.46,2.512,2.445,2.45,347478528,861444800,False
2015-11-18,,2.451,2.47,2.431,2.438,262823488,643874688,False
2015-11-19,,2.441,2.475,2.434,2.471,248218240,608490368,False
2015-11-20,,2.469,2.48,2.453,2.459,239285712,590227584,False
2015-11-23,,2.458,2.481,2.42,2.45,227301920,559200128,False
2015-11-24,,2.445,2.445,2.417,2.444,249898560,608210304,False
2015-11-25,,2.435,2.459,2.423,2.454,390308928,951281984,False
2015-11-26,,2.47,2.478,2.443,2.447,290801536,715689408,False
2015-11-27,,2.435,2.439,2.296,2.318,490673888,1157860992,False
2015-11-30,,2.326,2.345,2.285,2.329,354508672,822706880,False
2015-12-01,,2.33,2.367,2.309,2.339,287561554,670301217,False
2015-12-02,,2.335,2.468,2.332,2.462,657511680,1583352192,False
2015-12-03,,2.452,2.476,2.421,2.461,493260653,1209805299,False
2015-12-04,,2.434,2.443,2.387,2.398,390429824,940898560,False
2015-12-07,,2.397,2.411,2.376,2.39,287467602,687342228,False
2015-12-08,,2.375,2.39,2.351,2.366,340155072,805506368,False
2015-12-09,,2.361,2.386,2.353,2.369,317773996,753118599,False
2015-12-10,,2.372,2.405,2.347,2.355,314261952,746648512,False
2015-12-11,,2.342,2.358,2.321,2.344,249044096,582669184,False
2015-12-14,,2.323,2.42,2.319,2.415,371982400,879489792,False
2015-12-15,,2.403,2.409,2.369,2.382,314791136,751845568,False
2015-12-16,,2.386,2.394,2.366,2.372,242253104,577047104,False
2015-12-17,,2.384,2.425,2.383,2.401,380696000,914671552,False
2015-12-18,,2.396,2.458,2.393,2.422,461902336,1121428992,False
2015-12-21,,2.407,2.511,2.405,2.499,668957888,1655026304,False
2015-12-22,,2.496,2.503,2.472,2.49,316366194,786752424,False
2015-12-23,,2.49,2.545,2.485,2.499,710997184,1784668928,False
2015-12-24,,2.496,2.499,2.45,2.478,387187072,958156800,False
2015-12-25,,2.48,2.493,2.47,2.486,173585789,430786858,False
2015-12-28,,2.487,2.495,2.408,2.412,274040618,670217662,False
2015-12-29,,2.411,2.434,2.406,2.432,296946284,718736233,False
2015-12-30,,2.433,2.434,2.395,2.424,275357090,664689596,False
2015-12-31,,2.418,2.434,2.405,2.416,345872070,837061955,False
2016-01-04,,2.411,2.413,2.271,2.278,298546954,703760451,False
2016-01-05,,2.26,2.311,2.23,2.286,645699581,1473642292,False
2016-01-06,,2.29,2.32,2.275,2.317,400953404,921398473,False
2016-01-07,,2.286,2.286,2.165,2.177,89166922,199851686,False
2016-01-08,,2.236,2.259,2.156,2.219,576676937,1279000234,False
2016-01-11,,2.18,2.204,2.123,2.125,633230858,1370198234,False
2016-01-12,,2.14,2.155,2.117,2.131,451803541,966065884,False
2016-01-13,,2.153,2.165,2.11,2.112,563080756,1206024179,False
2016-01-14,,2.075,2.139,2.06,2.131,624115975,1311296332,False
2016-01-15,,2.12,2.131,2.06,2.07,507111375,1062633608,False
2016-01-18,,2.04,2.096,2.037,2.07,389406901,807679185,False
2016-01-19,,2.07,2.142,2.061,2.13,515872548,1087729552,False
2016-01-20,,2.117,2.125,2.072,2.091,349411875,734513531,False
2016-01-21,,2.075,2.117,2.04,2.043,343825998,715622054,False
2016-01-22,,2.065,2.079,2.031,2.067,358331812,737375435,False
2016-01-25,,2.07,2.078,2.054,2.065,197192852,407438313,False
2016-01-26,,2.052,2.056,1.95,1.958,416763728,834831478,False
2016-01-27,,1.965,1.975,1.918,1.957,516637644,1007226972,False
2016-01-28,,1.943,1.968,1.906,1.915,388943665,755063502,False
2016-01-29,,1.918,1.995,1.918,1.975,429217325,842926914,False
2016-02-01,,1.974,1.977,1.925,1.942,216456617,421762636,False
2016-02-02,,1.942,1.983,1.939,1.975,259086186,509738871,False
2016-02-03,,1.955,1.962,1.932,1.953,240273015,467505881,False
2016-02-04,,1.964,1.985,1.96,1.978,294364765,580570759,False
2016-02-05,,1.977,1.982,1.965,1.968,278307394,548767770,False
2016-02-15,,1.925,1.959,1.919,1.949,245871952,476558090,False
2016-02-16,,1.956,2.006,1.955,2.001,293769854,585025787,False
2016-02-17,,1.999,2.021,1.995,2.013,271890595,546408434,False
2016-02-18,,2.023,2.035,2.008,2.011,210138456,424778009,False
2016-02-19,,2.008,2.016,1.994,2.006,202912967,406839283,False
2016-02-22,,2.024,2.065,2.015,2.054,394641326,804270366,False
2016-02-23,,2.052,2.053,2.016,2.03,223368980,453973044,False
2016-02-24,,2.024,2.043,2.009,2.039,296172079,600965767,False
2016-02-25,,2.033,2.036,1.914,1.936,376139340,744375520,False
2016-02-26,,1.946,1.966,1.93,1.956,419162219,817819086,False
2016-02-29,,1.947,1.955,1.89,1.937,424698981,815890025,False
2016-03-01,,1.94,1.991,1.929,1.971,340261379,665828723,False
2016-03-02,,1.974,2.056,1.974,2.049,437368583,884244004,False
2016-03-03,,2.044,2.061,2.035,2.053,345658049,708318094,False
2016-03-04,,2.046,2.13,2.04,2.122,655095784,1368994680,False
2016-03-07,,2.12,2.14,2.096,2.111,432579216,915445864,False
2016-03-08,,2.104,2.117,2.035,2.115,421433999,873018382,False
2016-03-09,,2.072,2.11,2.052,2.107,451953645,938589375,False
2016-03-10,,2.084,2.106,2.055,2.059,296200933,617764700,False
2016-03-11,,2.042,2.071,2.039,2.066,346669113,712909607,False
2016-03-14,,2.081,2.12,2.072,2.076,326317038,683955102,False
2016-03-15,,2.075,2.104,2.055,2.098,411197497,856660295,False
2016-03-16,,2.085,2.141,2.082,2.135,494151582,1050081584,False
2016-03-17,,2.131,2.159,2.111,2.132,381997732,815888902,False
2016-03-18,,2.135,2.167,2.131,2.14,537871058,1155122415,False
2016-03-21,,2.16,2.215,2.154,2.192,706321192,1546431565,False
2016-03-22,,2.185,2.193,2.165,2.169,433733013,945064157,False
2016-03-23,,2.164,2.186,2.154,2.171,592352819,1283219124,False
2016-03-24,,2.161,2.161,2.136,2.14,339085623,727963216,False
2016-03-25,,2.138,2.157,2.135,2.145,395244752,847518459,False
2016-03-28,,2.152,2.168,2.117,2.121,329248197,705448359,False
2016-03-29,,2.125,2.136,2.098,2.104,402609267,851243809,False
2016-03-30,,2.121,2.162,2.121,2.158,351645265,754214899,False
2016-03-31,,2.164,2.171,2.146,2.156,246207741,531522727,False
2016-04-01,,2.152,2.166,2.116,2.165,346769746,745360354,False
2016-04-05,,2.152,2.189,2.146,2.175,403300688,876822489,False
2016-04-06,,2.168,2.175,2.157,2.165,219331555,475108314,False
2016-04-07,,2.17,2.177,2.136,2.139,235002920,505503939,False
2016-04-08,,2.128,2.134,2.112,2.124,271361824,576541114,False
2016-04-11,,2.139,2.166,2.139,2.144,288228854,620823119,False
2016-04-12,,2.144,2.149,2.133,2.142,177404765,379581451,False
2016-04-13,,2.154,2.197,2.154,2.168,548035317,1195900106,False
2016-04-14,,2.179,2.19,2.164,2.174,306183070,666019637,False
2016-04-15,,2.178,2.186,2.17,2.178,305096392,664278600,False
2016-04-18,,2.163,2.171,2.15,2.154,219177180,473288109,False
2016-04-19,,2.167,2.17,2.153,2.161,205869478,444328416,False
2016-04-20,,2.164,2.169,2.093,2.148,575360042,1225701355,False
2016-04-21,,2.134,2.169,2.129,2.146,349057916,751276764,False
2016-04-22,,2.133,2.159,2.121,2.156,248758155,535247590,False
2016-04-25,,2.149,2.154,2.12,2.145,189835204,406432949,False
2016-04-26,,2.143,2.163,2.137,2.152,174927164,375911470,False
2016-04-27,,2.153,2.156,2.14,2.144,148227240,318530564,False
2016-04-28,,2.145,2.154,2.131,2.142,171732075,368024979,False
2016-04-29,,2.133,2.144,2.132,2.135,124887542,267143131,False
2016-05-03,,2.137,2.168,2.127,2.159,252815104,544978429,False
2016-05-04,,2.152,2.158,2.145,2.153,124427747,267714478,False
2016-05-05,,2.145,2.152,2.143,2.151,103110856,221442963,False
2016-05-06,,2.151,2.153,2.1,2.103,265843731,566508057,False
2016-05-09,,2.097,2.101,2.064,2.071,344292467,716575961,False
2016-05-10,,2.067,2.083,2.064,2.07,156035320,323652183,False
2016-05-11,,2.076,2.09,2.067,2.077,144101041,299410777,False
2016-05-12,,2.069,2.089,2.056,2.083,133679631,277384936,False
2016-05-13,,2.07,2.089,2.07,2.079,94126303,195919916,False
2016-05-16,,2.068,2.085,2.062,2.081,126102017,261761631,False
2016-05-17,,2.082,2.087,2.069,2.077,109150570,226682673,False
2016-05-18,,2.07,2.083,2.052,2.078,318851717,658974127,False
2016-05-19,,2.071,2.085,2.069,2.072,82786196,171969403,False
2016-05-20,,2.065,2.084,2.065,2.083,94632282,196673052,False
2016-05-23,,2.084,2.099,2.079,2.084,120606156,251858773,False
2016-05-24,,2.081,2.081,2.066,2.069,174428210,361361073,False
2016-05-25,,2.076,2.085,2.071,2.074,118205792,245572200,False
2016-05-26,,2.076,2.086,2.062,2.074,115116920,238605251,False
2016-05-27,,2.075,2.084,2.07,2.078,112454974,233450343,False
2016-05-30,,2.076,2.094,2.065,2.089,159108771,331658034,False
2016-05-31,,2.091,2.161,2.091,2.16,584239517,1252137529,False
2016-06-01,,2.16,2.162,2.142,2.142,262548490,564498989,False
2016-06-02,,2.14,2.149,2.131,2.14,148701134,318129523,False
2016-06-03,,2.142,2.158,2.137,2.154,208039504,446731858,False
2016-06-06,,2.154,2.158,2.137,2.141,135163776,289763568,False
2016-06-07,,2.145,2.15,2.14,2.143,118207693,253440864,False
2016-06-08,,2.143,2.146,2.13,2.139,91726477,196021945,False
2016-06-13,,2.123,2.126,2.087,2.088,254758277,537797136,False
2016-06-14,,2.087,2.104,2.086,2.101,123424265,258758217,False
2016-06-15,,2.08,2.122,2.077,2.109,202855697,426938724,False
2016-06-16,,2.1,2.11,2.097,2.102,124370440,261720124,False
2016-06-17,,2.107,2.125,2.106,2.109,216651097,458576640,False
2016-06-20,,2.115,2.118,2.102,2.114,121297514,256033857,False
2016-06-21,,2.119,2.141,2.11,2.112,161171861,342244844,False
2016-06-22,,2.11,2.126,2.106,2.124,174876612,370432495,False
2016-06-23,,2.126,2.127,2.107,2.116,100064600,211711636,False
2016-06-24,,2.113,2.127,2.068,2.09,213853383,449350245,False
2016-06-27,,2.09,2.112,2.087,2.111,194311660,409063811,False
2016-06-28,,2.106,2.119,2.098,2.117,144945186,305469295,False
2016-06-29,,2.119,2.138,2.119,2.135,190564491,406090263,False
2016-06-30,,2.14,2.146,2.136,2.136,125497025,268751877,False
2016-07-01,,2.142,2.149,2.141,2.142,114436179,245450903,False
2016-07-04,,2.141,2.186,2.137,2.177,205683019,446441009,False
2016-07-05,,2.175,2.193,2.175,2.185,172952348,377638845,False
2016-07-06,,2.177,2.186,2.167,2.184,166427832,362355146,False
2016-07-07,,2.182,2.196,2.174,2.189,119414625,260924492,False
2016-07-08,,2.184,2.187,2.176,2.177,98380157,214456153,False
2016-07-11,,2.181,2.208,2.181,2.188,132129313,290204345,False
2016-07-12,,2.188,2.235,2.188,2.233,294052810,650660174,False
2016-07-13,,2.237,2.266,2.233,2.236,476477733,1069761626,False
2016-07-14,,2.237,2.239,2.22,2.233,247353186,552365652,False
2016-07-15,,2.235,2.242,2.227,2.236,304761437,681314944,False
2016-07-18,,2.235,2.247,2.227,2.228,219094505,489701956,False
2016-07-19,,2.226,2.235,2.205,2.216,197132024,437073210,False
2016-07-20,,2.216,2.222,2.207,2.209,131993350,292105743,False
2016-07-21,,2.211,2.228,2.211,2.22,142953110,317500367,False
2016-07-22,,2.218,2.222,2.199,2.2,101770091,224642090,False
2016-07-25,,2.199,2.21,2.197,2.201,100801794,222103185,False
2016-07-26,,2.201,2.229,2.197,2.227,191455033,424591601,False
2016-07-27,,2.228,2.232,2.172,2.215,292617112,644322778,False
2016-07-28,,2.203,2.218,2.193,2.211,123521600,272776381,False
2016-07-29,,2.209,2.212,2.195,2.201,85580840,188705231,False
2016-08-01,,2.199,2.2,2.182,2.19,145176921,318100802,False
2016-08-02,,2.191,2.198,2.182,2.19,87779501,192184803,False
2016-08-03,,2.188,2.193,2.181,2.188,90183485,197289822,False
2016-08-04,,2.187,2.189,2.172,2.186,99411400,216850335,False
2016-08-05,,2.186,2.205,2.181,2.195,111299603,244169030,False
2016-08-08,,2.196,2.206,2.185,2.204,88039430,193385523,False
2016-08-09,,2.201,2.223,2.201,2.221,111826852,247515348,False
2016-08-10,,2.222,2.223,2.213,2.216,133866547,296933615,False
2016-08-11,,2.216,2.256,2.212,2.223,262615365,587454178,False
2016-08-12,,2.223,2.273,2.222,2.272,297461695,669346800,False
2016-08-15,,2.276,2.368,2.273,2.336,541252737,1263106491,False
2016-08-16,,2.34,2.352,2.304,2.306,525962460,1220321073,False
2016-08-17,,2.308,2.321,2.291,2.3,231496983,533492477,False
2016-08-18,,2.301,2.322,2.283,2.29,228985110,527631727,False
2016-08-19,,2.289,2.305,2.281,2.301,155968567,357684903,False
2016-08-22,,2.3,2.304,2.283,2.287,150054174,343831079,False
2016-08-23,,2.288,2.307,2.282,2.29,234044705,536802344,False
2016-08-24,,2.292,2.301,2.274,2.28,209121600,477294909,False
2016-08-25,,2.275,2.275,2.254,2.269,186907855,423605339,False
2016-08-26,,2.272,2.282,2.265,2.267,154901802,352254518,False
2016-08-29,,2.267,2.269,2.254,2.265,119658902,270828940,False
2016-08-30,,2.266,2.282,2.266,2.276,148651762,337808028,False
2016-08-31,,2.275,2.289,2.27,2.284,194218899,442888671,False
2016-09-01,,2.284,2.286,2.267,2.268,133114876,303099987,False
2016-09-02,,2.268,2.28,2.265,2.279,171101501,388870655,False
2016-09-05,,2.281,2.296,2.278,2.28,171372220,391319553,False
2016-09-06,,2.28,2.295,2.267,2.286,169287934,386432421,False
2016-09-07,,2.286,2.3,2.285,2.29,293816118,673816760,False
2016-09-08,,2.287,2.292,2.284,2.29,119199492,272687753,False
2016-09-09,,2.288,2.293,2.275,2.28,108119678,247313791,False
2016-09-12,,2.247,2.255,2.23,2.25,345482671,774263669,False
2016-09-13,,2.248,2.25,2.238,2.242,142401487,319381640,False
2016-09-14,,2.234,2.238,2.225,2.229,150699821,336257115,False
2016-09-19,,2.229,2.245,2.228,2.242,106391138,238257401,False
2016-09-20,,2.241,2.243,2.234,2.239,80457042,180024685,False
2016-09-21,,2.237,2.245,2.236,2.243,110712222,247995144,False
2016-09-22,,2.249,2.266,2.248,2.255,140573426,317247021,False
2016-09-23,,2.255,2.258,2.248,2.249,104278049,235008969,False
2016-09-26,,2.245,2.246,2.22,2.222,217005517,485127358,False
2016-09-27,,2.22,2.234,2.219,2.229,98802948,220020211,False
2016-09-28,,2.231,2.232,2.218,2.219,119564736,265966884,False
2016-09-29,,2.224,2.239,2.224,2.23,101006407,225529440,False
2016-09-30,,2.225,2.238,2.225,2.235,127490513,284913647,False
2016-10-10,,2.246,2.267,2.243,2.262,114135834,257341662,False
2016-10-11,,2.262,2.268,2.258,2.265,133111593,301259065,False
2016-10-12,,2.26,2.261,2.254,2.257,103010776,232606505,False
2016-10-13,,2.254,2.263,2.254,2.257,78409711,176956364,False
2016-10-14,,2.257,2.271,2.251,2.266,114417097,258723924,False
2016-10-17,,2.269,2.269,2.246,2.25,121543726,274697510,False
2016-10-18,,2.247,2.284,2.246,2.282,168908806,382795422,False
2016-10-19,,2.282,2.288,2.276,2.279,110999220,253195091,False
2016-10-20,,2.278,2.285,2.276,2.28,103505157,235931475,False
2016-10-21,,2.28,2.302,2.275,2.295,177779758,407072522,False
2016-10-24,,2.294,2.343,2.294,2.324,389317813,904622159,False
2016-10-25,,2.325,2.328,2.315,2.319,246338165,571569829,False
2016-10-26,,2.319,2.322,2.309,2.311,193467973,448208298,False
2016-10-27,,2.31,2.311,2.3,2.305,173905425,400792628,False
2016-10-28,,2.305,2.329,2.305,2.307,302805617,700997575,False
2016-10-31,,2.306,2.307,2.289,2.305,124029244,285065904,False
2016-11-01,,2.304,2.316,2.301,2.316,139990634,323638315,False
2016-11-02,,2.311,2.312,2.298,2.3,145924960,336171157,False
2016-11-03,,2.297,2.339,2.294,2.327,259471220,601527366,False
2016-11-04,,2.325,2.339,2.321,2.324,131030535,305352445,False
2016-11-07,,2.324,2.334,2.321,2.33,94344316,219573733,False
2016-11-08,,2.336,2.351,2.33,2.338,145871821,341373003,False
2016-11-09,,2.337,2.337,2.299,2.32,262233854,607962232,False
2016-11-10,,2.332,2.351,2.332,2.344,174295884,408363468,False
2016-11-11,,2.339,2.371,2.337,2.363,359148592,847232900,False
2016-11-14,,2.358,2.395,2.356,2.374,328432167,779989590,False
2016-11-15,,2.37,2.374,2.361,2.366,133944667,316967642,False
2016-11-16,,2.367,2.37,2.358,2.361,134915821,318801802,False
2016-11-17,,2.36,2.37,2.35,2.369,125276010,295789112,False
2016-11-18,,2.37,2.378,2.358,2.363,143797100,340715047,False
2016-11-21,,2.359,2.406,2.359,2.39,317160310,757536893,False
2016-11-22,,2.388,2.412,2.387,2.408,266951309,641724280,False
2016-11-23,,2.409,2.431,2.404,2.415,215415497,521172448,False
2016-11-24,,2.411,2.436,2.409,2.425,214452869,519405381,False
2016-11-25,,2.425,2.453,2.41,2.451,279737507,679471520,False
2016-11-28,,2.46,2.485,2.455,2.46,269426311,665255111,False
2016-11-29,,2.403,2.459,2.396,2.446,343098193,834698510,False
2016-11-30,,2.439,2.449,2.411,2.419,557195963,1352489245,False
2016-12-01,,2.424,2.45,2.418,2.433,345810322,841660729,False
2016-12-02,,2.432,2.433,2.403,2.416,359834282,869541739,False
2016-12-05,,2.392,2.393,2.364,2.373,455702257,1083013120,False
2016-12-06,,2.372,2.383,2.367,2.368,203386391,483001676,False
2016-12-07,,2.368,2.376,2.361,2.375,210462691,498753666,False
2016-12-08,,2.379,2.388,2.375,2.38,230304569,548100604,False
2016-12-09,,2.378,2.421,2.372,2.413,362651828,870848654,False
2016-12-12,,2.412,2.426,2.366,2.386,593485909,1417710194,False
2016-12-13,,2.377,2.382,2.36,2.371,347867203,824986574,False
2016-12-14,,2.372,2.385,2.359,2.36,254149755,603286432,False
2016-12-15,,2.353,2.355,2.273,2.308,408180364,949245201,False
2016-12-16,,2.307,2.317,2.3,2.301,206936020,477342534,False
2016-12-19,,2.299,2.305,2.288,2.293,202730064,465444738,False
2016-12-20,,2.293,2.296,2.263,2.281,218108204,496352195,False
2016-12-21,,2.284,2.307,2.284,2.298,328875026,755605388,False
2016-12-22,,2.297,2.299,2.282,2.292,129338051,296329083,False
2016-12-23,,2.29,2.293,2.273,2.279,158992561,362728294,False
2016-12-26,,2.266,2.301,2.256,2.298,300514373,684120186,False
2016-12-27,,2.297,2.304,2.287,2.289,182939286,420150294,False
2016-12-28,,2.287,2.293,2.272,2.278,213765194,487391375,False
2016-12-29,,2.275,2.287,2.268,2.278,214242165,488255156,False
2016-12-30,,2.277,2.29,2.276,2.287,238642744,544894006,False
2017-01-03,,2.285,2.314,2.285,2.307,271643243,626330162,False
2017-01-04,,2.304,2.325,2.304,2.325,224378029,519611102,False
2017-01-05,,2.323,2.328,2.317,2.322,165305262,383888793,False
2017-01-06,,2.322,2.326,2.312,2.314,109326029,253554525,False
2017-01-09,,2.312,2.324,2.308,2.319,146019112,338284574,False
2017-01-10,,2.315,2.322,2.31,2.313,118209140,273842110,False
2017-01-11,,2.314,2.319,2.301,2.303,180403845,416669178,False
2017-01-12,,2.301,2.31,2.295,2.296,158176859,364393793,False
2017-01-13,,2.295,2.317,2.293,2.31,165297429,380903097,False
2017-01-16,,2.308,2.344,2.286,2.339,436829846,1011597198,False
2017-01-17,,2.329,2.335,2.322,2.329,140162355,326502132,False
2017-01-18,,2.328,2.352,2.328,2.344,185974169,435818334,False
2017-01-19,,2.341,2.352,2.332,2.334,244188956,572063104,False
2017-01-20,,2.335,2.353,2.334,2.349,184440199,432369727,False
2017-01-23,,2.35,2.361,2.343,2.348,313908919,738503644,False
2017-01-24,,2.349,2.356,2.345,2.354,176930507,415918129,False
2017-01-25,,2.351,2.36,2.345,2.357,164728609,387625966,False
2017-01-26,,2.361,2.372,2.359,2.366,196123092,464155920,False
2017-02-03,,2.367,2.37,2.339,2.342,145585265,342111875,False
2017-02-06,,2.345,2.351,2.336,2.343,154829919,362763938,False
2017-02-07,,2.343,2.347,2.331,2.335,140896042,329417249,False
2017-02-08,,2.335,2.349,2.324,2.348,168446497,393493921,False
2017-02-09,,2.348,2.365,2.342,2.354,233121295,548962391,False
2017-02-10,,2.356,2.372,2.355,2.366,273369430,646491032,False
2017-02-13,,2.367,2.381,2.367,2.378,248831205,591160947,False
2017-02-14,,2.377,2.379,2.367,2.37,141567886,335864319,False
2017-02-15,,2.37,2.382,2.368,2.369,137721647,327203562,False
2017-02-16,,2.369,2.376,2.366,2.372,115787448,274568384,False
2017-02-17,,2.375,2.386,2.36,2.361,196865807,467512548,False
2017-02-20,,2.362,2.396,2.362,2.395,404564398,963865183,False
2017-02-21,,2.395,2.407,2.39,2.393,249471953,598279404,False
2017-02-22,,2.393,2.398,2.388,2.396,213783881,511390078,False
2017-02-23,,2.395,2.4,2.38,2.387,148392431,354492716,False
2017-02-24,,2.386,2.386,2.374,2.385,254494833,605779061,False
2017-02-27,,2.383,2.384,2.363,2.367,181920949,432164374,False
2017-02-28,,2.366,2.377,2.362,2.368,163251033,386531983,False
2017-03-01,,2.37,2.381,2.366,2.368,210357822,499053102,False
2017-03-02,,2.373,2.379,2.351,2.353,144382755,341537364,False
2017-03-03,,2.35,2.35,2.339,2.343,138267854,324034920,False
2017-03-06,,2.344,2.354,2.341,2.349,155925879,365903393,False
2017-03-07,,2.346,2.354,2.345,2.354,141233490,331732369,False
2017-03-08,,2.353,2.36,2.349,2.355,113125153,266420757,False
2017-03-09,,2.351,2.352,2.332,2.343,147752391,345712056,False
2017-03-10,,2.341,2.344,2.335,2.335,95025962,222241430,False
2017-03-13,,2.334,2.356,2.327,2.355,160616570,376838823,False
2017-03-14,,2.355,2.357,2.347,2.351,77854552,183189202,False
2017-03-15,,2.348,2.355,2.344,2.354,103765394,243874806,False
2017-03-16,,2.361,2.376,2.36,2.369,188714094,447005089,False
2017-03-17,,2.371,2.372,2.338,2.343,217350473,512665503,False
2017-03-20,,2.348,2.353,2.338,2.347,99725292,233947113,False
2017-03-21,,2.347,2.355,2.345,2.353,187362276,440152252,False
2017-03-22,,2.345,2.349,2.329,2.336,218263156,510055729,False
2017-03-23,,2.335,2.353,2.334,2.344,136127111,319000297,False
2017-03-24,,2.346,2.371,2.341,2.364,194696569,458191460,False
2017-03-27,,2.364,2.377,2.358,2.36,174001481,412091432,False
2017-03-28,,2.363,2.366,2.352,2.354,167086477,393928592,False
2017-03-29,,2.356,2.361,2.347,2.352,139272831,328018120,False
2017-03-30,,2.351,2.356,2.335,2.343,265856784,622998005,False
2017-03-31,,2.341,2.358,2.341,2.356,171004321,402125550,False
2017-04-05,,2.366,2.383,2.363,2.382,185273134,440025325,False
2017-04-06,,2.383,2.39,2.372,2.384,282008877,671762803,False
2017-04-07,,2.385,2.39,2.375,2.384,154898368,369035940,False
2017-04-10,,2.384,2.388,2.377,2.377,129630597,308739449,False
2017-04-11,,2.374,2.383,2.354,2.378,257438802,609633421,False
2017-04-12,,2.375,2.382,2.361,2.374,153067104,363534272,False
2017-04-13,,2.37,2.375,2.365,2.367,175656266,416071549,False
2017-04-14,,2.366,2.367,2.345,2.35,209691165,493751968,False
2017-04-17,,2.348,2.356,2.337,2.353,279426209,655265124,False
2017-04-18,,2.35,2.351,2.336,2.338,142334470,333776998,False
2017-04-19,,2.333,2.335,2.313,2.322,346528223,805082762,False
2017-04-20,,2.32,2.333,2.32,2.331,185190784,430719320,False
2017-04-21,,2.332,2.346,2.33,2.341,203121127,474885246,False
2017-04-24,,2.342,2.343,2.323,2.336,248721410,579523992,False
2017-04-25,,2.334,2.344,2.334,2.342,174577987,408621367,False
2017-04-26,,2.342,2.356,2.339,2.339,228289491,535630461,False
2017-04-27,,2.336,2.347,2.326,2.344,154384913,360522222,False
2017-04-28,,2.343,2.344,2.33,2.34,183458174,428708586,False
2017-05-02,,2.338,2.345,2.332,2.332,82025798,191857354,False
2017-05-03,,2.332,2.338,2.324,2.325,159410451,371363612,False
2017-05-04,,2.324,2.33,2.314,2.32,179265714,416001123,False
2017-05-05,,2.317,2.318,2.296,2.313,267101577,616193678,False
2017-05-08,,2.307,2.32,2.298,2.318,389083266,898767926,False
2017-05-09,,2.312,2.319,2.31,2.315,145651477,337121159,False
2017-05-10,,2.316,2.332,2.316,2.321,256604888,596815560,False
2017-05-11,,2.316,2.337,2.315,2.334,292160613,679858476,False
2017-05-12,,2.331,2.37,2.331,2.37,547966983,1292245511,False
2017-05-15,,2.374,2.389,2.372,2.374,180452589,429557309,False
2017-05-16,,2.368,2.379,2.36,2.379,187207728,443240905,False
2017-05-17,,2.375,2.378,2.357,2.358,157024842,371254876,False
2017-05-18,,2.347,2.357,2.344,2.35,190121211,447008176,False
2017-05-19,,2.349,2.357,2.347,2.355,139433123,328209327,False
2017-05-22,,2.356,2.377,2.354,2.373,271072201,641943720,False
2017-05-23,,2.37,2.404,2.37,2.403,489723691,1171074128,False
2017-05-24,,2.401,2.406,2.379,2.399,283690113,678155349,False
2017-05-25,,2.394,2.477,2.393,2.47,458678947,1120059729,False
2017-05-26,,2.464,2.481,2.454,2.466,204268710,504004880,False
2017-05-31,,2.471,2.5,2.455,2.475,242973035,601892730,False
2017-06-01,,2.472,2.493,2.458,2.49,188051876,466017585,False
2017-06-02,,2.49,2.494,2.466,2.47,208101994,515903877,False
2017-06-05,,2.46,2.469,2.439,2.442,223612954,547064792,False
2017-06-06,,2.439,2.462,2.439,2.457,259641198,636737599,False
2017-06-07,,2.46,2.49,2.457,2.48,228706749,566547580,False
2017-06-08,,2.478,2.506,2.471,2.501,250598150,623395986,False
2017-06-09,,2.5,2.533,2.5,2.517,335854876,846437756,False
2017-06-12,,2.511,2.541,2.507,2.514,240050417,605919107,False
2017-06-13,,2.51,2.514,2.493,2.512,225367263,564894073,False
2017-06-14,,2.51,2.51,2.479,2.482,286507921,713097826,False
2017-06-15,,2.479,2.489,2.459,2.465,341763876,843876082,False
2017-06-16,,2.465,2.477,2.455,2.46,242180063,597936179,False
2017-06-19,,2.461,2.499,2.461,2.497,258861173,643698527,False
2017-06-20,,2.5,2.506,2.478,2.483,178760870,444674563,False
2017-06-21,,2.498,2.51,2.476,2.509,314425160,784552428,False
2017-06-22,,2.504,2.555,2.493,2.524,526239123,1331571257,False
2017-06-23,,2.519,2.544,2.508,2.543,288116856,727611538,False
2017-06-26,,2.544,2.57,2.542,2.554,338375282,865557808,False
2017-06-27,,2.55,2.568,2.541,2.564,313123076,798792323,False
2017-06-28,,2.558,2.57,2.547,2.548,258574419,661507490,False
2017-06-29,,2.551,2.566,2.544,2.565,188914556,482832285,False
2017-06-30,,2.552,2.564,2.547,2.558,179664471,459093560,False
2017-07-03,,2.562,2.563,2.533,2.543,176384655,448670070,False
2017-07-04,,2.541,2.546,2.518,2.519,242204084,611710897,False
2017-07-05,,2.519,2.566,2.518,2.563,245548173,624557876,False
2017-07-06,,2.557,2.578,2.549,2.567,215517415,552379766,False
2017-07-07,,2.563,2.569,2.551,2.561,238047727,609064810,False
2017-07-10,,2.559,2.582,2.554,2.575,245710897,632294050,False
2017-07-11,,2.573,2.625,2.572,2.604,374132073,973481005,False
2017-07-12,,2.601,2.636,2.588,2.597,330030316,862912043,False
2017-07-13,,2.601,2.639,2.597,2.638,317856711,833342746,False
2017-07-14,,2.64,2.666,2.631,2.665,248372460,657625261,False
2017-07-17,,2.668,2.705,2.637,2.669,741421246,1982213051,False
2017-07-18,,2.661,2.68,2.635,2.659,501216693,1332585903,False
2017-07-19,,2.66,2.703,2.659,2.702,413717813,1111089333,False
2017-07-20,,2.698,2.711,2.687,2.71,431109086,1162782113,False
2017-07-21,,2.7,2.704,2.676,2.68,372423635,1003156640,False
2017-07-24,,2.674,2.71,2.674,2.7,311506410,840334899,False
2017-07-25,,2.7,2.71,2.681,2.683,374252478,1009062254,False
2017-07-26,,2.682,2.705,2.66,2.677,460048131,1232188007,False
2017-07-27,,2.673,2.685,2.656,2.677,233115920,622126836,False
2017-07-28,,2.673,2.686,2.665,2.68,161068264,431091446,False
2017-07-31,,2.678,2.692,2.671,2.682,230753867,619016748,False
2017-08-01,,2.684,2.725,2.681,2.724,314403858,851505649,False
2017-08-02,,2.725,2.742,2.72,2.728,330842399,903398752,False
2017-08-03,,2.724,2.737,2.689,2.689,433976751,1177029802,False
2017-08-04,,2.687,2.699,2.67,2.671,224558853,603190552,False
2017-08-07,,2.667,2.689,2.659,2.679,193812021,518280896,False
2017-08-08,,2.679,2.686,2.666,2.682,145122573,388381988,False
2017-08-09,,2.678,2.68,2.662,2.664,203857942,544395764,False
2017-08-10,,2.663,2.682,2.636,2.655,347841237,923917043,False
2017-08-11,,2.639,2.647,2.61,2.613,327199901,858942038,False
2017-08-14,,2.618,2.644,2.613,2.635,342343730,900227536,False
2017-08-15,,2.638,2.668,2.635,2.651,352219318,935916272,False
2017-08-16,,2.646,2.649,2.631,2.64,177978171,469575470,False
2017-08-17,,2.643,2.655,2.637,2.652,142533558,377434915,False
2017-08-18,,2.644,2.67,2.641,2.664,277155932,736443817,False
2017-08-21,,2.666,2.679,2.656,2.663,230313435,613895616,False
2017-08-22,,2.668,2.69,2.663,2.689,399565654,1069243705,False
2017-08-23,,2.689,2.721,2.686,2.708,303389092,820917331,False
2017-08-24,,2.709,2.724,2.69,2.698,245009889,662794932,False
2017-08-25,,2.697,2.759,2.695,2.757,489901366,1341031730,False
2017-08-28,,2.765,2.818,2.765,2.788,555476865,1551719210,False
2017-08-29,,2.786,2.797,2.777,2.789,351996925,980874792,False
2017-08-30,,2.788,2.813,2.771,2.774,364944001,1019236220,False
2017-08-31,,2.778,2.787,2.753,2.766,584238327,1615413586,False
2017-09-01,,2.765,2.785,2.752,2.76,404497028,1119582562,False
2017-09-04,,2.758,2.766,2.745,2.764,296871501,818298908,False
2017-09-05,,2.763,2.793,2.763,2.782,317520271,881639715,False
2017-09-06,,2.775,2.778,2.757,2.764,309191976,855409418,False
2017-09-07,,2.767,2.772,2.74,2.743,267544288,737847090,False
2017-09-08,,2.744,2.753,2.73,2.738,190675141,522797028,False
2017-09-11,,2.744,2.762,2.726,2.73,386435942,1059500054,False
2017-09-12,,2.735,2.749,2.726,2.746,378796132,1036486704,False
2017-09-13,,2.744,2.746,2.73,2.739,307060583,840991788,False
2017-09-14,,2.74,2.746,2.715,2.722,279469617,762805558,False
2017-09-15,,2.721,2.729,2.711,2.722,261055082,710081234,False
2017-09-18,,2.724,2.747,2.724,2.729,319970691,875334839,False
2017-09-19,,2.731,2.738,2.71,2.72,309547000,843077912,False
2017-09-20,,2.718,2.727,2.712,2.717,221019452,601113718,False
2017-09-21,,2.716,2.743,2.712,2.728,276094952,752931508,False
2017-09-22,,2.723,2.737,2.714,2.729,274585065,748261030,False
2017-09-25,,2.722,2.733,2.717,2.729,344747300,939970633,False
2017-09-26,,2.727,2.735,2.724,2.731,248984480,679930009,False
2017-09-27,,2.73,2.73,2.71,2.711,648228100,1762188432,False
2017-09-28,,2.711,2.716,2.704,2.715,265998872,720843993,False
2017-09-29,,2.717,2.735,2.716,2.726,470840324,1285131965,False
2017-10-09,,2.788,2.799,2.743,2.75,575367164,1594735054,False
2017-10-10,,2.749,2.764,2.728,2.746,595061455,1630410615,False
2017-10-11,,2.747,2.768,2.746,2.762,333377202,919223942,False
2017-10-12,,2.76,2.777,2.754,2.773,203575404,563156715,False
2017-10-13,,2.772,2.775,2.766,2.771,161877110,448532364,False
2017-10-16,,2.77,2.793,2.77,2.781,312720349,870273124,False
2017-10-17,,2.78,2.786,2.772,2.779,242466318,673853132,False
2017-10-18,,2.779,2.805,2.777,2.802,673569832,1880157944,False
2017-10-19,,2.801,2.807,2.797,2.806,327686441,918435306,False
2017-10-20,,2.8,2.8,2.788,2.79,182730139,510153664,False
2017-10-23,,2.795,2.798,2.783,2.791,238330478,664897947,False
2017-10-24,,2.785,2.813,2.785,2.806,556614444,1560121894,False
2017-10-25,,2.805,2.809,2.798,2.802,359967879,1009114451,False
2017-10-26,,2.808,2.843,2.804,2.827,521254366,1472197243,False
2017-10-27,,2.827,2.874,2.823,2.873,333262936,949395897,False
2017-10-30,,2.871,2.876,2.835,2.861,520035030,1484354162,False
2017-10-31,,2.852,2.852,2.84,2.851,218165928,620794163,False
2017-11-01,,2.851,2.87,2.836,2.842,378125364,1078666947,False
2017-11-02,,2.838,2.848,2.827,2.847,410226675,1163057145,False
2017-11-03,,2.844,2.855,2.826,2.851,551914902,1567597933,False
2017-11-06,,2.846,2.848,2.83,2.843,285482550,810443077,False
2017-11-07,,2.843,2.883,2.843,2.875,621831860,1784292760,False
2017-11-08,,2.874,2.899,2.867,2.874,571053240,1644910059,False
2017-11-09,,2.871,2.886,2.865,2.885,426942919,1226904798,False
2017-11-10,,2.883,2.922,2.88,2.918,637270253,1847851071,False
2017-11-13,,2.921,2.939,2.918,2.928,299033178,876122558,False
2017-11-14,,2.929,2.935,2.91,2.913,471873253,1376845137,False
2017-11-15,,2.906,2.917,2.896,2.901,518571985,1505444521,False
2017-11-16,,2.895,2.935,2.893,2.932,431172492,1257602101,False
2017-11-17,,2.925,2.993,2.923,2.99,921008932,2723057023,False
2017-11-20,,2.977,2.996,2.953,2.996,598059178,1778111161,False
2017-11-21,,2.985,3.071,2.981,3.046,807246390,2454631041,False
2017-11-22,,3.055,3.094,3.046,3.067,652107908,2002279539,False
2017-11-23,,3.062,3.076,2.968,2.991,1010756587,3061423992,False
2017-11-24,,2.987,3.004,2.963,2.99,594197303,1771682846,False
2017-11-27,,2.983,2.989,2.939,2.966,693788536,2053789717,False
2017-11-28,,2.909,2.91,2.876,2.896,508575010,1472221711,False
2017-11-29,,2.903,2.915,2.858,2.89,404488235,1167154680,False
2017-11-30,,2.88,2.898,2.85,2.858,635741908,1825466242,False
2017-12-01,,2.86,2.867,2.832,2.838,463945591,1320220344,False
2017-12-04,,2.828,2.868,2.82,2.858,293800199,837777504,False
2017-12-05,,2.85,2.92,2.847,2.908,892369859,2581142589,False
2017-12-06,,2.899,2.899,2.843,2.871,466055560,1340233057,False
2017-12-07,,2.87,2.877,2.826,2.844,597012135,1699303808,False
2017-12-08,,2.839,2.874,2.832,2.865,489059588,1395786224,False
2017-12-11,,2.865,2.899,2.856,2.898,387045892,1114818405,False
2017-12-12,,2.896,2.902,2.845,2.846,394161835,1133773016,False
2017-12-13,,2.85,2.878,2.836,2.87,543399404,1552969482,False
2017-12-14,,2.87,2.878,2.842,2.85,456691339,1303628490,False
2017-12-15,,2.843,2.848,2.814,2.816,452294042,1279876829,False
2017-12-18,,2.815,2.843,2.815,2.828,456137110,1290558354,False
2017-12-19,,2.829,2.871,2.828,2.87,518890547,1482025037,False
2017-12-20,,2.87,2.885,2.861,2.876,407217149,1169432847,False
2017-12-21,,2.87,2.908,2.86,2.893,574287641,1661198953,False
2017-12-22,,2.887,2.898,2.874,2.878,410117075,1184147248,False
2017-12-25,,2.877,2.914,2.866,2.876,504269783,1457666986,False
2017-12-26,,2.877,2.897,2.866,2.893,492768034,1420345129,False
2017-12-27,,2.888,2.893,2.827,2.834,858237684,2450851505,False
2017-12-28,,2.838,2.87,2.829,2.855,451675680,1288132419,False
2017-12-29,,2.858,2.874,2.848,2.858,274105661,783342458,False
2018-01-02,,2.864,2.909,2.862,2.907,477697012,1383492080,False
2018-01-03,,2.909,2.945,2.906,2.912,570874297,1668821383,False
2018-01-04,,2.913,2.932,2.909,2.919,308413084,900344767,False
2018-01-05,,2.921,2.938,2.916,2.933,322008830,942526280,False
2018-01-08,,2.927,2.951,2.925,2.944,312553092,918485934,False
2018-01-09,,2.942,2.97,2.941,2.97,309711243,916676148,False
2018-01-10,,2.967,2.996,2.96,2.994,477905689,1423989574,False
2018-01-11,,2.988,3.005,2.979,2.991,322739287,965216953,False
2018-01-12,,2.991,3.02,2.991,3.018,318776174,957658309,False
2018-01-15,,3.021,3.065,3.018,3.043,585266717,1781827856,False
2018-01-16,,3.036,3.065,3.034,3.064,470250218,1432989391,False
2018-01-17,,3.064,3.127,3.055,3.071,838391612,2590198891,False
2018-01-18,,3.09,3.122,3.082,3.106,612352357,1898899830,False
2018-01-19,,3.116,3.14,3.096,3.113,767921220,2397934043,False
2018-01-22,,3.103,3.139,3.092,3.129,608078275,1899510274,False
2018-01-23,,3.137,3.175,3.137,3.173,935563894,2953636240,False
2018-01-24,,3.184,3.195,3.146,3.172,849642627,2699437535,False
2018-01-25,,3.165,3.171,3.121,3.15,642486865,2022418278,False
2018-01-26,,3.145,3.195,3.141,3.171,597438041,1895127949,False
2018-01-29,,3.181,3.193,3.103,3.114,741525838,2340129048,False
2018-01-30,,3.106,3.124,3.072,3.075,450105801,1394189793,False
2018-01-31,,3.064,3.117,3.062,3.113,573769304,1775467538,False
2018-02-01,,3.115,3.136,3.096,3.134,701066553,2186595086,False
2018-02-02,,3.11,3.148,3.076,3.145,729215706,2272216717,False
2018-02-05,,3.106,3.181,3.099,3.18,826498116,2594426926,False
2018-02-06,,3.131,3.146,3.089,3.11,1729886045,5384711724,False
2018-02-07,,3.142,3.162,3.013,3.023,1388927408,4266528853,False
2018-02-08,,3.0,3.016,2.907,2.939,1206013478,3578899060,False
2018-02-09,,2.851,2.878,2.713,2.803,1848601312,5148844906,False
2018-02-12,,2.801,2.822,2.77,2.8,782889674,2193227398,False
2018-02-13,,2.829,2.884,2.828,2.848,603550338,1723677927,False
2018-02-14,,2.856,2.873,2.837,2.866,259654865,741460212,False
2018-02-22,,2.907,2.939,2.894,2.925,363241017,1059208023,False
2018-02-23,,2.934,2.962,2.924,2.955,351074427,1032836958,False
2018-02-26,,2.97,2.989,2.927,2.965,651191347,1927924081,False
2018-02-27,,2.973,2.976,2.912,2.92,638534203,1873449111,False
2018-02-28,,2.898,2.902,2.858,2.871,604360811,1741070931,False
2018-03-01,,2.852,2.904,2.849,2.884,450512759,1298810206,False
2018-03-02,,2.862,2.884,2.846,2.856,342488511,980550490,False
2018-03-05,,2.858,2.889,2.837,2.855,484453943,1385442491,False
2018-03-06,,2.875,2.889,2.83,2.888,532161449,1525238009,False
2018-03-07,,2.888,2.917,2.859,2.871,692903517,2001643050,False
2018-03-08,,2.873,2.898,2.86,2.893,338225401,975051055,False
2018-03-09,,2.9,2.913,2.885,2.903,415786355,1205019645,False
2018-03-12,,2.916,2.923,2.894,2.905,524250859,1524123075,False
2018-03-13,,2.906,2.916,2.869,2.873,611026319,1764288853,False
2018-03-14,,2.864,2.874,2.853,2.863,307910846,881510460,False
2018-03-15,,2.856,2.891,2.852,2.89,332744795,958410016,False
2018-03-16,,2.891,2.905,2.861,2.862,429644043,1239769679,False
2018-03-19,,2.863,2.893,2.85,2.892,418328198,1201754748,False
2018-03-20,,2.876,2.901,2.871,2.895,309561253,892921489,False
2018-03-21,,2.92,2.924,2.871,2.884,438675217,1273673068,False
2018-03-22,,2.885,2.898,2.842,2.857,446799997,1279916650,False
2018-03-23,,2.78,2.794,2.743,2.781,657713836,1824960347,False
2018-03-26,,2.764,2.768,2.702,2.734,615811633,1683043369,False
2018-03-27,,2.765,2.774,2.717,2.739,594417612,1631765668,False
2018-03-28,,2.71,2.74,2.678,2.688,680253180,1838408907,False
2018-03-29,,2.692,2.753,2.651,2.734,705585541,1905708016,False
2018-03-30,,2.733,2.735,2.708,2.713,519739819,1414041470,False
2018-04-02,,2.71,2.751,2.695,2.702,570173005,1550314340,False
2018-04-03,,2.682,2.708,2.676,2.693,412658967,1109466828,False
2018-04-04,,2.702,2.725,2.688,2.694,426019022,1153924587,False
2018-04-09,,2.698,2.716,2.683,2.711,445749735,1205290004,False
2018-04-10,,2.713,2.776,2.705,2.775,698182792,1911887307,False
2018-04-11,,2.775,2.795,2.761,2.775,702535327,1952370825,False
2018-04-12,,2.775,2.778,2.74,2.742,462988709,1277055672,False
2018-04-13,,2.755,2.764,2.714,2.717,438486254,1199489591,False
2018-04-16,,2.708,2.718,2.65,2.655,686090525,1834639043,False
2018-04-17,,2.661,2.678,2.622,2.626,742739670,1970885394,False
2018-04-18,,2.658,2.662,2.618,2.643,833165288,2200641845,False
2018-04-19,,2.652,2.688,2.646,2.676,548797150,1466478935,False
2018-04-20,,2.665,2.673,2.624,2.637,732609220,1936764933,False
2018-04-23,,2.625,2.665,2.625,2.658,583220768,1545776179,False
2018-04-24,,2.663,2.732,2.663,2.718,1036373400,2805969429,False
2018-04-25,,2.703,2.712,2.69,2.693,576526197,1556493754,False
2018-04-26,,2.704,2.711,2.644,2.655,512949185,1370684895,False
2018-04-27,,2.665,2.668,2.603,2.642,826336630,2179340237,False
2018-05-02,,2.652,2.662,2.629,2.646,525424412,1390071333,False
2018-05-03,,2.639,2.666,2.617,2.654,499165604,1319272213,False
2018-05-04,,2.648,2.661,2.632,2.634,424955968,1124222082,False
2018-05-07,,2.642,2.679,2.628,2.674,561054257,1491859998,False
2018-05-08,,2.675,2.727,2.673,2.714,780850730,2113864275,False
2018-05-09,,2.712,2.717,2.697,2.711,348634432,943859483,False
2018-05-10,,2.716,2.734,2.702,2.723,521580369,1417977081,False
2018-05-11,,2.729,2.733,2.713,2.716,410360233,1117242122,False
2018-05-14,,2.725,2.754,2.725,2.745,567599142,1556725463,False
2018-05-15,,2.752,2.754,2.722,2.74,396704066,1084784173,False
2018-05-16,,2.732,2.735,2.702,2.705,678681505,1843251978,False
2018-05-17,,2.711,2.715,2.688,2.689,366116950,988869765,False
2018-05-18,,2.69,2.734,2.682,2.733,653961477,1771701744,False
2018-05-21,,2.751,2.758,2.728,2.736,671915295,1844031441,False
2018-05-22,,2.736,2.737,2.7,2.717,609091559,1654159201,False
2018-05-23,,2.711,2.711,2.67,2.672,787236155,2113780908,False
2018-05-24,,2.673,2.683,2.654,2.655,334519522,893110906,False
2018-05-25,,2.658,2.675,2.644,2.654,361552052,962077764,False
2018-05-28,,2.658,2.68,2.648,2.668,534919871,1425988590,False
2018-05-29,,2.666,2.671,2.635,2.655,528008132,1400824237,False
2018-05-30,,2.631,2.632,2.6,2.601,609194736,1595058091,False
2018-05-31,,2.62,2.657,2.617,2.651,513940884,1354095280,False
2018-06-01,,2.644,2.658,2.632,2.643,343515815,907807495,False
2018-06-04,,2.657,2.689,2.648,2.686,492216145,1317343680,False
2018-06-05,,2.685,2.703,2.673,2.696,371805052,999840662,False
2018-06-06,,2.692,2.695,2.682,2.686,274974197,739259816,False
2018-06-07,,2.696,2.717,2.691,2.694,452097492,1221341436,False
2018-06-08,,2.692,2.692,2.641,2.652,447201474,1190246531,False
2018-06-11,,2.646,2.669,2.638,2.663,376837470,1000289958,False
2018-06-12,,2.663,2.696,2.653,2.688,496906815,1330752122,False
2018-06-13,,2.683,2.687,2.667,2.672,318187240,852019566,False
2018-06-14,,2.661,2.697,2.661,2.675,503593883,1347711515,False
2018-06-15,,2.676,2.69,2.668,2.678,436938078,1171635382,False
2018-06-19,,2.655,2.662,2.583,2.612,867108553,2283778528,False
2018-06-20,,2.602,2.621,2.584,2.61,473411288,1233404982,False
2018-06-21,,2.611,2.641,2.591,2.592,614492167,1611735975,False
2018-06-22,,2.585,2.605,2.571,2.599,514507067,1331163478,False
2018-06-25,,2.607,2.614,2.546,2.548,545113043,1407392107,False
2018-06-26,,2.536,2.536,2.483,2.52,689694561,1734785970,False
2018-06-27,,2.515,2.53,2.451,2.465,752661854,1868552495,False
2018-06-28,,2.451,2.48,2.433,2.441,468016423,1148721672,False
2018-06-29,,2.451,2.5,2.448,2.495,573563438,1420601354,False
2018-07-02,,2.49,2.49,2.387,2.402,788283471,1927517679,False
2018-07-03,,2.412,2.417,2.351,2.41,749829769,1794299172,False
2018-07-04,,2.404,2.423,2.384,2.39,427974871,1028244125,False
2018-07-05,,2.39,2.419,2.371,2.391,480674236,1151142241,False
2018-07-06,,2.399,2.445,2.37,2.425,749159142,1808783334,False
2018-07-09,,2.436,2.497,2.435,2.496,610786106,1508009103,False
2018-07-10,,2.495,2.501,2.472,2.493,416367825,1035850728,False
2018-07-11,,2.445,2.465,2.429,2.454,504294445,1235755085,False
2018-07-12,,2.452,2.523,2.452,2.505,539826260,1346598282,False
2018-07-13,,2.513,2.517,2.498,2.509,334776399,839484675,False
2018-07-16,,2.508,2.524,2.478,2.49,398141205,992598503,False
2018-07-17,,2.489,2.492,2.459,2.475,420874939,1040571099,False
2018-07-18,,2.481,2.505,2.461,2.463,562709840,1397269596,False
2018-07-19,,2.474,2.5,2.463,2.474,396676268,983572899,False
2018-07-20,,2.474,2.553,2.452,2.54,907777227,2276190185,False
2018-07-23,,2.527,2.579,2.525,2.569,776137376,1981644976,False
2018-07-24,,2.576,2.626,2.576,2.61,665471379,1737849206,False
2018-07-25,,2.619,2.621,2.598,2.609,390885052,1019348349,False
2018-07-26,,2.614,2.625,2.573,2.575,379358365,984700356,False
2018-07-27,,2.575,2.591,2.563,2.575,406461617,1047116177,False
2018-07-30,,2.568,2.61,2.565,2.587,554179899,1432906028,False
2018-07-31,,2.584,2.606,2.573,2.595,477061620,1234773033,False
2018-08-01,,2.607,2.621,2.533,2.537,628102705,1620680737,False
2018-08-02,,2.528,2.535,2.46,2.484,721197256,1799665064,False
2018-08-03,,2.484,2.499,2.456,2.457,449223512,1114037048,False
2018-08-06,,2.458,2.494,2.438,2.455,610752393,1505697491,False
2018-08-07,,2.462,2.531,2.455,2.53,674778966,1681969650,False
2018-08-08,,2.525,2.53,2.488,2.494,504680345,1266377786,False
2018-08-09,,2.486,2.559,2.483,2.551,562950387,1428628901,False
2018-08-10,,2.551,2.567,2.533,2.551,530356297,1352598134,False
2018-08-13,,2.529,2.538,2.49,2.526,508858678,1280851450,False
2018-08-14,,2.523,2.532,2.502,2.518,401333810,1009904102,False
2018-08-15,,2.516,2.516,2.449,2.454,520405387,1289373593,False
2018-08-16,,2.431,2.481,2.409,2.453,737608091,1809777877,False
2018-08-17,,2.475,2.478,2.414,2.42,622378515,1521311297,False
2018-08-20,,2.427,2.46,2.418,2.459,597188762,1457281952,False
2018-08-21,,2.46,2.51,2.456,2.496,734320029,1829181714,False
2018-08-22,,2.509,2.509,2.483,2.499,571211615,1425145025,False
2018-08-23,,2.5,2.523,2.482,2.509,482829452,1210743787,False
2018-08-24,,2.5,2.546,2.485,2.523,460293248,1157069157,False
2018-08-27,,2.534,2.572,2.53,2.571,460496784,1175414969,False
2018-08-28,,2.575,2.583,2.553,2.56,290231114,744864639,False
2018-08-29,,2.557,2.564,2.549,2.553,235411696,601329629,False
2018-08-30,,2.556,2.57,2.528,2.534,342579006,872319226,False
2018-08-31,,2.51,2.54,2.503,2.518,565830265,1426387351,False
2018-09-03,,2.508,2.52,2.492,2.512,349966838,878201625,False
2018-09-04,,2.514,2.558,2.499,2.55,587169878,1487512798,False
2018-09-05,,2.537,2.543,2.485,2.487,616296250,1548682801,False
2018-09-06,,2.484,2.502,2.458,2.466,445022413,1104004931,False
2018-09-07,,2.474,2.51,2.466,2.491,472138295,1175338288,False
2018-09-10,,2.485,2.495,2.464,2.466,547395925,1353494447,False
2018-09-11,,2.464,2.476,2.44,2.449,748356209,1840034079,False
2018-09-12,,2.444,2.451,2.426,2.432,538663869,1312714761,False
2018-09-13,,2.462,2.471,2.434,2.466,719113453,1763511049,False
2018-09-14,,2.469,2.486,2.46,2.475,477495105,1181294349,False
2018-09-17,,2.46,2.469,2.449,2.452,358750701,881489679,False
2018-09-18,,2.444,2.515,2.441,2.513,625716566,1553404157,False
2018-09-19,,2.507,2.557,2.502,2.538,1134662770,2875976142,False
2018-09-20,,2.541,2.555,2.535,2.541,563091483,1432342704,False
2018-09-21,,2.546,2.637,2.54,2.632,1252601911,3237850345,False
2018-09-25,,2.601,2.612,2.59,2.6,879392109,2289129051,False
2018-09-26,,2.608,2.665,2.607,2.638,1250934054,3303371020,False
2018-09-27,,2.63,2.639,2.616,2.628,709197260,1863219042,False
2018-09-28,,2.634,2.674,2.634,2.659,935788393,2482063284,False
2018-10-08,,2.6,2.61,2.53,2.533,1381296013,3549752821,False
2018-10-09,,2.536,2.559,2.527,2.545,685726992,1744365478,False
2018-10-10,,2.548,2.569,2.522,2.545,923727540,2352262291,False
2018-10-11,,2.465,2.497,2.415,2.439,1720144797,4237190646,False
2018-10-12,,2.446,2.505,2.442,2.494,1191445090,2944757011,False
2018-10-15,,2.498,2.499,2.459,2.463,711162797,1761238494,False
2018-10-16,,2.466,2.51,2.453,2.467,1028953987,2553136179,False
2018-10-17,,2.499,2.506,2.431,2.477,1509539747,3739517266,False
2018-10-18,,2.46,2.464,2.417,2.419,856099287,2089517335,False
2018-10-19,,2.398,2.5,2.394,2.491,1407597770,3459759479,False
2018-10-22,,2.53,2.621,2.511,2.599,2173907449,5601993715,False
2018-10-23,,2.592,2.599,2.498,2.511,1742997572,4447503080,False
2018-10-24,,2.506,2.579,2.506,2.525,1711930721,4342598099,False
2018-10-25,,2.47,2.537,2.461,2.531,1073078521,2680100189,False
2018-10-26,,2.537,2.55,2.492,2.516,915634076,2307347593,False
2018-10-29,,2.51,2.525,2.421,2.431,1305305726,3208841956,False
2018-10-30,,2.424,2.496,2.422,2.463,1395994824,3433249609,False
2018-10-31,,2.472,2.508,2.458,2.496,1128913271,2806521875,False
2018-11-01,,2.52,2.548,2.502,2.507,1097287485,2772464245,False
2018-11-02,,2.57,2.596,2.536,2.594,1720034522,4417454630,False
2018-11-05,,2.573,2.573,2.539,2.558,750637426,1919837121,False
2018-11-06,,2.553,2.558,2.527,2.546,727151239,1847724176,False
2018-11-07,,2.55,2.571,2.524,2.528,752480172,1914198097,False
2018-11-08,,2.551,2.561,2.53,2.537,657737637,1673227225,False
2018-11-09,,2.52,2.52,2.48,2.48,1244108931,3107304443,False
2018-11-12,,2.477,2.495,2.467,2.49,760810324,1889158465,False
2018-11-13,,2.461,2.524,2.458,2.509,930177652,2315689623,False
2018-11-14,,2.507,2.508,2.471,2.475,673156650,1673788381,False
2018-11-15,,2.475,2.506,2.474,2.505,663693258,1655348237,False
2018-11-16,,2.506,2.53,2.489,2.507,865175374,2173632881,False
2018-11-19,,2.511,2.54,2.511,2.54,882122136,2230974012,False
2018-11-20,,2.523,2.532,2.491,2.498,745093907,1869895570,False
2018-11-21,,2.48,2.503,2.476,2.497,675945054,1684666465,False
2018-11-22,,2.501,2.504,2.47,2.483,603705721,1498767907,False
2018-11-23,,2.482,2.489,2.438,2.442,755789130,1859303052,False
2018-11-26,,2.453,2.47,2.437,2.45,917185216,2248868030,False
2018-11-27,,2.453,2.462,2.432,2.439,792300029,1938288584,False
2018-11-28,,2.44,2.472,2.439,2.466,923785222,2270958157,False
2018-11-29,,2.479,2.486,2.451,2.453,509437704,1258887035,False
2018-11-30,,2.45,2.479,2.448,2.474,630339499,1554387434,False
2018-12-03,,2.49,2.494,2.463,2.482,742989187,1844693591,False
2018-12-04,,2.482,2.496,2.475,2.49,516692455,1284125862,False
2018-12-05,,2.466,2.489,2.464,2.479,643724257,1595598317,False
2018-12-06,,2.455,2.46,2.431,2.433,1032601649,2520416104,False
2018-12-07,,2.44,2.443,2.425,2.425,701526423,1707456849,False
2018-12-10,,2.412,2.424,2.398,2.408,816643914,1966348639,False
2018-12-11,,2.408,2.417,2.404,2.413,718079777,1730496316,False
2018-12-12,,2.428,2.431,2.412,2.419,621019924,1503005768,False
2018-12-13,,2.421,2.464,2.421,2.453,895802476,2194111741,False
2018-12-14,,2.445,2.445,2.422,2.423,604436766,1469223498,False
2018-12-17,,2.418,2.428,2.407,2.42,959718517,2320703537,False
2018-12-18,,2.408,2.423,2.386,2.391,815781227,1959459228,False
2018-12-19,,2.394,2.398,2.359,2.365,679428965,1616954830,False
2018-12-20,,2.36,2.369,2.312,2.331,888966224,2075575600,False
2018-12-21,,2.322,2.325,2.283,2.302,796032229,1827648110,False
2018-12-24,,2.289,2.31,2.281,2.304,819904426,1882592032,False
2018-12-25,,2.283,2.306,2.251,2.292,1670367488,3799465808,False
2018-12-26,,2.289,2.297,2.271,2.275,1151572234,2628114094,False
2018-12-27,,2.304,2.309,2.268,2.275,693608954,1588103576,False
2018-12-28,,2.277,2.303,2.274,2.286,950515186,2173070031,False
2019-01-02,,2.291,2.294,2.246,2.255,757076490,1712496852,False
2019-01-03,,2.255,2.284,2.25,2.261,623733184,1412693946,False
2019-01-04,,2.248,2.312,2.246,2.31,1094084985,2504025088,False
2019-01-07,,2.32,2.325,2.299,2.307,589783489,1362653387,False
2019-01-08,,2.307,2.307,2.294,2.3,390830538,898453538,False
2019-01-09,,2.313,2.353,2.311,2.325,1027410889,2401047910,False
2019-01-10,,2.325,2.34,2.314,2.328,541955927,1261251534,False
2019-01-11,,2.331,2.355,2.328,2.347,614010416,1438014466,False
2019-01-14,,2.342,2.346,2.324,2.325,435158841,1014762935,False
2019-01-15,,2.33,2.372,2.328,2.37,1155168237,2720673357,False
2019-01-16,,2.368,2.377,2.357,2.374,477096226,1129702841,False
2019-01-17,,2.378,2.391,2.362,2.365,396594289,942012678,False
2019-01-18,,2.375,2.414,2.373,2.409,625110481,1498472809,False
2019-01-21,,2.407,2.437,2.406,2.424,536180315,1300447871,False
2019-01-22,,2.423,2.423,2.39,2.396,618466058,1485736011,False
2019-01-23,,2.389,2.408,2.384,2.392,550387686,1318478513,False
2019-01-24,,2.395,2.407,2.377,2.403,548431505,1314224680,False
2019-01-25,,2.412,2.445,2.407,2.433,842665198,2049554356,False
2019-01-28,,2.447,2.465,2.421,2.43,463932676,1135339866,False
2019-01-29,,2.426,2.454,2.417,2.448,578963955,1409218099,False
2019-01-30,,2.435,2.455,2.431,2.437,451049530,1101487890,False
2019-01-31,,2.447,2.478,2.443,2.474,706825845,1743023618,False
2019-02-01,,2.49,2.494,2.469,2.492,507108860,1258934267,False
2019-02-11,,2.482,2.518,2.475,2.516,624269617,1560662785,False
2019-02-12,,2.517,2.529,2.506,2.524,414054900,1042670793,False
2019-02-13,,2.525,2.581,2.519,2.571,700800792,1787558222,False
2019-02-14,,2.565,2.578,2.557,2.567,711301960,1826332218,False
2019-02-15,,2.56,2.562,2.505,2.511,852506753,2159447808,False
2019-02-18,,2.529,2.573,2.529,2.571,1173911571,3002852943,False
2019-02-19,,2.575,2.604,2.557,2.567,1078871306,2781595168,False
2019-02-20,,2.581,2.588,2.56,2.577,491632735,1266630625,False
2019-02-21,,2.575,2.604,2.558,2.566,1024101132,2639159388,False
2019-02-22,,2.562,2.62,2.546,2.618,840918533,2166137573,False
2019-02-25,,2.645,2.829,2.64,2.816,1887359641,5123904640,False
2019-02-26,,2.8,2.8,2.717,2.728,1795176019,4962554885,False
2019-02-27,,2.729,2.782,2.707,2.736,1352810647,3716335330,False
2019-02-28,,2.736,2.758,2.724,2.736,728176467,1994954639,False
2019-03-01,,2.75,2.806,2.733,2.802,1011650146,2797615029,False
2019-03-04,,2.821,2.897,2.798,2.815,1557076967,4416759460,False
2019-03-05,,2.812,2.822,2.791,2.813,893755703,2508877950,False
2019-03-06,,2.812,2.832,2.777,2.82,1280907536,3590201850,False
2019-03-07,,2.811,2.813,2.756,2.773,1088030446,3026110293,False
2019-03-08,,2.726,2.74,2.671,2.675,1144230752,3087545163,False
2019-03-11,,2.673,2.701,2.655,2.69,1044634372,2799492683,False
2019-03-12,,2.715,2.744,2.687,2.701,1323173371,3593093810,False
2019-03-13,,2.713,2.733,2.682,2.706,1314682856,3561083448,False
2019-03-14,,2.701,2.736,2.699,2.71,1070505552,2912476146,False
2019-03-15,,2.717,2.767,2.717,2.74,1282166470,3515524300,False
2019-03-18,,2.743,2.814,2.734,2.812,1331152647,3696610889,False
2019-03-19,,2.815,2.828,2.783,2.79,822864510,2306384742,False
2019-03-20,,2.784,2.817,2.77,2.794,1051982052,2937599644,False
2019-03-21,,2.799,2.807,2.781,2.784,808093944,2256473755,False
2019-03-22,,2.784,2.798,2.753,2.777,740931037,2056814360,False
2019-03-25,,2.738,2.75,2.698,2.702,1374166740,3744881139,False
2019-03-26,,2.72,2.724,2.68,2.692,892731016,2409066170,False
2019-03-27,,2.702,2.733,2.7,2.723,1045899947,2843215117,False
2019-03-28,,2.713,2.726,2.691,2.718,592513265,1605788919,False
2019-03-29,,2.727,2.831,2.727,2.819,1393717572,3894966398,False
2019-04-01,,2.84,2.895,2.84,2.874,1203807976,3460511613,False
2019-04-02,,2.88,2.889,2.861,2.872,915298260,2630369288,False
2019-04-03,,2.857,2.911,2.85,2.901,810614646,2336498093,False
2019-04-04,,2.912,2.945,2.9,2.939,756670685,2212957462,False
2019-04-08,,2.96,2.994,2.919,2.943,934205562,2764710708,False
2019-04-09,,2.947,2.966,2.929,2.949,905129790,2668253389,False
2019-04-10,,2.94,2.982,2.921,2.964,1192674585,3510648956,False
2019-04-11,,2.962,2.986,2.901,2.912,789417527,2318632150,False
2019-04-12,,2.902,2.919,2.89,2.906,751556277,2181532828,False
2019-04-15,,2.955,2.982,2.904,2.906,1331960262,3931882427,False
2019-04-16,,2.898,3.009,2.892,3.008,1392616244,4123776079,False
2019-04-17,,3.006,3.022,2.977,2.997,1058154603,3173801877,False
2019-04-18,,2.995,3.002,2.977,2.987,607874723,1817812049,False
2019-04-19,,2.997,3.031,2.97,3.024,1520293034,4568266831,False
2019-04-22,,3.028,3.034,2.942,2.958,1459809379,4353392912,False
2019-04-23,,2.95,2.991,2.95,2.963,943950004,2798566589,False
2019-04-24,,2.971,2.982,2.914,2.958,1007245578,2971978763,False
2019-04-25,,2.945,2.958,2.911,2.913,1239752641,3635770753,False
2019-04-26,,2.9,2.918,2.876,2.88,1162013435,3365424175,False
2019-04-29,,2.888,2.952,2.887,2.921,1022288318,2986016015,False
2019-04-30,,2.92,2.938,2.903,2.928,682725625,1995072432,False
2019-05-06,,2.84,2.857,2.752,2.787,1954852008,5474573473,False
2019-05-07,,2.8,2.817,2.762,2.79,1206167605,3368606240,False
2019-05-08,,2.745,2.782,2.736,2.745,950339446,2617223945,False
2019-05-09,,2.733,2.737,2.669,2.686,1232912318,3331285933,False
2019-05-10,,2.718,2.783,2.679,2.777,2599899959,7138888384,False
2019-05-13,,2.745,2.75,2.719,2.725,750804629,2052475838,False
2019-05-14,,2.704,2.746,2.7,2.708,1168621298,3185029723,False
2019-05-15,,2.728,2.78,2.726,2.765,1095432562,3015406412,False
2019-05-16,,2.759,2.777,2.751,2.774,653211932,1806791511,False
2019-05-17,,2.773,2.778,2.715,2.723,1374025325,3763471404,False
2019-05-20,,2.715,2.735,2.682,2.699,1307078120,3535242146,False
2019-05-21,,2.701,2.749,2.699,2.722,1445258776,3939878829,False
2019-05-22,,2.723,2.728,2.697,2.709,961271582,2605630745,False
2019-05-23,,2.699,2.706,2.668,2.677,824092521,2210094608,False
2019-05-24,,2.686,2.715,2.681,2.691,625547871,1686657720,False
2019-05-27,,2.687,2.725,2.659,2.714,798351730,2148945443,False
2019-05-28,,2.712,2.751,2.708,2.733,1114518631,3048009609,False
2019-05-29,,2.721,2.775,2.716,2.748,700003574,1919156554,False
2019-05-30,,2.742,2.746,2.717,2.737,443490553,1211490178,False
2019-05-31,,2.732,2.76,2.724,2.728,453367859,1242478056,False
2019-06-03,,2.737,2.762,2.722,2.74,629966450,1726338572,False
2019-06-04,,2.739,2.747,2.713,2.722,582347167,1585352339,False
2019-06-05,,2.74,2.747,2.714,2.718,526969478,1440129993,False
2019-06-06,,2.72,2.728,2.702,2.704,459376939,1246423894,False
2019-06-10,,2.718,2.748,2.71,2.739,933096006,2553988948,False
2019-06-11,,2.75,2.817,2.748,2.814,1173800602,3270626579,False
2019-06-12,,2.807,2.809,2.795,2.802,569217724,1594933404,False
2019-06-13,,2.799,2.81,2.777,2.796,609471690,1702766199,False
2019-06-14,,2.8,2.819,2.785,2.79,451575822,1265460733,False
2019-06-17,,2.788,2.815,2.788,2.799,391323312,1096691659,False
2019-06-18,,2.801,2.812,2.789,2.81,475932968,1334491956,False
2019-06-19,,2.879,2.893,2.853,2.856,821325143,2358019358,False
2019-06-20,,2.854,2.972,2.854,2.954,1734115287,5058801128,False
2019-06-21,,2.954,2.97,2.943,2.953,1140271568,3367203503,False
2019-06-24,,2.953,2.97,2.944,2.959,541740259,1602036930,False
2019-06-25,,2.958,2.959,2.888,2.919,1527385577,4457214953,False
2019-06-26,,2.908,2.927,2.901,2.916,575624222,1678644628,False
2019-06-27,,2.925,2.965,2.925,2.955,609819065,1799610980,False
2019-06-28,,2.952,2.953,2.931,2.952,742859610,2186047094,False
2019-07-01,,3.0,3.03,2.995,3.02,1321848424,3984858768,False
2019-07-02,,3.015,3.021,3.005,3.016,450813091,1358285837,False
2019-07-03,,3.007,3.01,2.977,2.987,810184385,2424420251,False
2019-07-04,,2.985,2.998,2.961,2.976,711496284,2121252772,False
2019-07-05,,2.973,2.993,2.965,2.987,641184984,1912867904,False
2019-07-08,,2.974,2.974,2.903,2.924,775801425,2276532476,False
2019-07-09,,2.921,2.934,2.904,2.914,566011936,1650904234,False
2019-07-10,,2.926,2.93,2.901,2.912,426533483,1244010827,False
2019-07-11,,2.926,2.953,2.911,2.922,512322071,1501606550,False
2019-07-12,,2.919,2.954,2.917,2.943,732078529,2154167295,False
2019-07-15,,2.93,2.965,2.888,2.942,962297719,2815471682,False
2019-07-16,,2.939,2.949,2.923,2.925,523155126,1533891663,False
2019-07-17,,2.914,2.933,2.905,2.916,380458175,1110768527,False
2019-07-18,,2.908,2.915,2.898,2.905,446754544,1299052287,False
2019-07-19,,2.916,2.948,2.916,2.94,650914374,1910318188,False
2019-07-22,,2.936,2.949,2.911,2.922,667265511,1956454821,False
2019-07-23,,2.924,2.932,2.915,2.923,842527169,2462523966,False
2019-07-24,,2.937,2.968,2.937,2.952,1001807866,2959275919,False
2019-07-25,,2.952,2.978,2.948,2.977,552814469,1637314542,False
2019-07-26,,2.964,2.989,2.962,2.982,416322973,1239873847,False
2019-07-29,,2.979,2.983,2.967,2.978,314517230,935676418,False
2019-07-30,,2.98,3.002,2.98,2.988,397992194,1190965793,False
2019-07-31,,2.978,2.979,2.954,2.96,656064663,1943622290,False
2019-08-01,,2.945,2.956,2.924,2.935,502313891,1475959112,False
2019-08-02,,2.877,2.897,2.874,2.89,701454298,2024146287,False
2019-08-05,,2.873,2.876,2.831,2.835,752235247,2145626911,False
2019-08-06,,2.787,2.814,2.766,2.805,1169417735,3261876319,False
2019-08-07,,2.812,2.816,2.79,2.791,735060652,2059570892,False
2019-08-08,,2.813,2.835,2.811,2.831,591657638,1669612156,False
2019-08-09,,2.845,2.848,2.814,2.82,313877075,888327551,False
2019-08-12,,2.829,2.871,2.828,2.869,395812403,1127560575,False
2019-08-13,,2.85,2.858,2.834,2.84,320757995,912252659,False
2019-08-14,,2.875,2.879,2.848,2.849,348221205,997247203,False
2019-08-15,,2.805,2.864,2.801,2.858,506209923,1436494171,False
2019-08-16,,2.864,2.892,2.851,2.87,435790890,1252569615,False
2019-08-19,,2.889,2.928,2.873,2.927,557901864,1618039293,False
2019-08-20,,2.92,2.93,2.914,2.921,443612444,1296068089,False
2019-08-21,,2.919,2.924,2.913,2.919,268865193,784777975,False
2019-08-22,,2.923,2.928,2.907,2.923,280942492,820219762,False
2019-08-23,,2.923,2.97,2.92,2.963,707421624,2089351380,False
2019-08-26,,2.928,2.933,2.905,2.914,796433834,2323615647,False
2019-08-27,,2.929,2.962,2.926,2.934,741528430,2183320682,False
2019-08-28,,2.924,2.936,2.908,2.912,862573076,2515547665,False
2019-08-29,,2.912,2.916,2.886,2.901,488934957,1417362508,False
2019-08-30,,2.923,2.933,2.9,2.916,549481640,1603901283,False
2019-09-02,,2.914,2.949,2.909,2.94,408459484,1199539751,False
2019-09-03,,2.94,2.945,2.926,2.939,282452585,829215970,False
2019-09-04,,2.938,2.976,2.937,2.973,479411457,1416593580,False
2019-09-05,,2.987,3.044,2.987,3.004,638513313,1924343118,False
2019-09-06,,3.023,3.039,3.009,3.037,452729840,1368192612,False
2019-09-09,,3.06,3.065,3.027,3.032,475055774,1444011673,False
2019-09-10,,3.032,3.042,3.011,3.021,641686275,1936516927,False
2019-09-11,,3.031,3.033,2.998,3.007,870649148,2622768828,False
2019-09-12,,3.014,3.053,3.014,3.047,495192595,1502170734,False
2019-09-16,,3.05,3.054,3.019,3.034,411185136,1247882462,False
2019-09-17,,3.026,3.028,2.976,2.987,785906825,2361227354,False
2019-09-18,,2.994,3.016,2.993,3.003,798078728,2397658641,False
2019-09-19,,3.011,3.015,2.989,3.007,394183855,1182882190,False
2019-09-20,,3.016,3.02,3.007,3.013,383008067,1153849185,False
2019-09-23,,3.001,3.003,2.969,2.981,556005523,1654327727,False
2019-09-24,,2.983,3.003,2.979,2.987,599430440,1793393951,False
2019-09-25,,2.979,2.991,2.97,2.977,632663748,1886061722,False
2019-09-26,,2.987,3.0,2.974,2.978,458625739,1370727772,False
2019-09-27,,2.977,2.983,2.966,2.978,338713027,1007239504,False
2019-09-30,,2.975,2.982,2.944,2.945,446730770,1324174176,False
2019-10-08,,2.945,2.986,2.944,2.968,600325910,1784081817,False
2019-10-09,,2.958,2.979,2.943,2.971,429870798,1273426610,False
2019-10-10,,2.971,2.992,2.959,2.987,295143504,878623812,False
2019-10-11,,2.999,3.04,2.993,3.032,568682566,1713277548,False
2019-10-14,,3.052,3.089,3.045,3.061,473974950,1453555171,False
2019-10-15,,3.058,3.068,3.055,3.062,265660905,813429352,False
2019-10-16,,3.064,3.094,3.045,3.051,410241811,1257989802,False
2019-10-17,,3.054,3.069,3.048,3.059,339864184,1039147467,False
2019-10-18,,3.065,3.076,3.009,3.014,514196769,1563773454,False
2019-10-21,,3.009,3.022,3.0,3.016,341373272,1028025229,False
2019-10-22,,3.024,3.029,3.006,3.019,348624635,1050936694,False
2019-10-23,,3.017,3.026,2.991,3.0,435389558,1310581680,False
2019-10-24,,3.004,3.023,2.993,3.008,380310479,1143688469,False
2019-10-25,,3.004,3.02,2.982,3.014,508151438,1524656787,False
2019-10-28,,3.018,3.036,3.01,3.028,367472173,1110622854,False
2019-10-29,,3.03,3.03,3.015,3.016,226378887,684330499,False
2019-10-30,,3.012,3.022,2.994,2.999,295160213,886655025,False
2019-10-31,,3.007,3.012,2.996,3.003,261958783,787118847,False
2019-11-01,,3.0,3.053,2.994,3.052,503862802,1527857333,False
2019-11-04,,3.057,3.072,3.056,3.069,438774470,1344948358,False
2019-11-05,,3.069,3.117,3.061,3.086,657056870,2029834237,False
2019-11-06,,3.08,3.092,3.071,3.079,354006558,1092278508,False
2019-11-07,,3.075,3.096,3.069,3.079,369210881,1137327429,False
2019-11-08,,3.099,3.101,3.059,3.06,354070792,1090653802,False
2019-11-11,,3.046,3.046,3.009,3.013,755956605,2289368583,False
2019-11-12,,3.02,3.025,3.001,3.017,393558887,1186118814,False
2019-11-13,,3.01,3.021,3.001,3.015,321767703,968824606,False
2019-11-14,,3.018,3.026,3.011,3.013,301451351,910020669,False
2019-11-15,,3.02,3.025,3.001,3.003,383950687,1156198502,False
2019-11-18,,3.003,3.035,2.998,3.027,356986400,1077301822,False
2019-11-19,,3.024,3.047,3.019,3.046,424623600,1289554456,False
2019-11-20,,3.044,3.044,3.006,3.013,357529500,1081041743,False
2019-11-21,,3.003,3.006,2.988,2.995,581601875,1742501109,False
2019-11-22,,2.999,3.015,2.957,2.967,753554568,2245917107,False
2019-11-25,,2.97,2.997,2.97,2.994,408473761,1219911155,False
2019-11-26,,3.002,3.01,2.988,2.993,572617114,1716517184,False
2019-11-27,,2.991,2.998,2.977,2.988,446469247,1334462301,False
2019-11-28,,2.989,2.997,2.971,2.978,342094174,1019563969,False
2019-11-29,,2.97,2.975,2.927,2.938,757251811,2232849793,False
2019-12-02,,2.895,2.909,2.893,2.897,286432479,831161814,False
2019-12-03,,2.891,2.908,2.875,2.907,272341338,788222654,False
2019-12-04,,2.897,2.903,2.885,2.901,250216259,724751426,False
2019-12-05,,2.908,2.926,2.908,2.919,407737415,1188894955,False
2019-12-06,,2.926,2.937,2.92,2.936,290401988,850151548,False
2019-12-09,,2.94,2.942,2.923,2.931,355812374,1042713436,False
2019-12-10,,2.924,2.935,2.921,2.933,233462533,684066277,False
2019-12-11,,2.943,2.95,2.929,2.947,421521949,1239191541,False
2019-12-12,,2.947,2.952,2.934,2.937,347398169,1021477679,False
2019-12-13,,2.963,3.005,2.963,3.0,626228958,1868407015,False
2019-12-16,,2.999,3.0,2.98,2.993,739498409,2208984009,False
2019-12-17,,2.994,3.05,2.988,3.025,693591337,2090222430,False
2019-12-18,,3.021,3.038,3.016,3.017,485361758,1469046619,False
2019-12-19,,3.021,3.023,3.006,3.01,379325108,1143438109,False
2019-12-20,,3.012,3.026,3.002,3.005,472381515,1423233622,False
2019-12-23,,3.003,3.019,2.975,2.979,553635111,1660823605,False
2019-12-24,,2.98,2.992,2.975,2.988,359686606,1073521696,False
2019-12-25,,2.984,2.985,2.967,2.98,497845498,1482332609,False
2019-12-26,,2.98,3.005,2.979,3.002,507531462,1518286393,False
2019-12-27,,3.005,3.04,3.002,3.009,615384398,1860126203,False
2019-12-30,,3.005,3.058,2.999,3.051,571400064,1733531710,False
2019-12-31,,3.046,3.06,3.038,3.058,434376711,1324084863,False
2020-01-02,,3.071,3.1,3.07,3.081,515432997,1589411885,False
2020-01-03,,3.088,3.09,3.064,3.068,335949392,1033552694,False
2020-01-06,,3.053,3.082,3.029,3.05,584398594,1788059233,False
2020-01-07,,3.056,3.074,3.051,3.062,396497844,1213624513,False
2020-01-08,,3.05,3.053,3.024,3.033,442180042,1343852756,False
2020-01-09,,3.051,3.063,3.046,3.057,310053452,947161689,False
2020-01-10,,3.067,3.071,3.052,3.061,245525788,750911285,False
2020-01-13,,3.063,3.081,3.045,3.08,361624037,1107041065,False
2020-01-14,,3.085,3.1,3.069,3.076,376813274,1162867642,False
2020-01-15,,3.073,3.079,3.045,3.046,409759623,1251576036,False
2020-01-16,,3.055,3.058,3.027,3.036,386871970,1176398396,False
2020-01-17,,3.041,3.063,3.033,3.042,569829948,1733918311,False
2020-01-20,,3.056,3.06,3.045,3.058,459768122,1403798600,False
2020-01-21,,3.04,3.043,3.004,3.007,574211412,1733470136,False
2020-01-22,,3.0,3.013,2.956,3.006,737727346,2206473244,False
2020-01-23,,2.982,2.988,2.904,2.925,767631284,2259669968,False
2020-02-03,,2.695,2.754,2.667,2.707,1562732580,4240677392,False
2020-02-04,,2.715,2.787,2.71,2.785,817873004,2257436609,False
2020-02-05,,2.79,2.823,2.77,2.801,674451001,1887652247,False
2020-02-06,,2.813,2.86,2.8,2.842,479625871,1355467190,False
2020-02-07,,2.826,2.842,2.811,2.841,382974745,1081348895,False
2020-02-10,,2.817,2.844,2.81,2.839,467001796,1321198140,False
2020-02-11,,2.848,2.883,2.843,2.87,362941829,1041562669,False
2020-02-12,,2.867,2.887,2.852,2.883,266144903,764857498,False
2020-02-13,,2.883,2.898,2.862,2.869,244340724,703124394,False
2020-02-14,,2.861,2.89,2.861,2.885,329803160,949425523,False
2020-02-17,,2.888,2.941,2.886,2.939,437866984,1276703942,False
2020-02-18,,2.931,2.933,2.903,2.913,360176674,1051016880,False
2020-02-19,,2.909,2.931,2.905,2.913,356549566,1040185145,False
2020-02-20,,2.918,2.97,2.906,2.967,684324337,2009605513,False
2020-02-21,,2.955,2.983,2.949,2.958,366806228,1085537221,False
2020-02-24,,2.941,2.946,2.909,2.924,438213959,1281840403,False
2020-02-25,,2.895,2.905,2.862,2.899,658357515,1900506879,False
2020-02-26,,2.868,2.919,2.861,2.894,713226475,2067002724,False
2020-02-27,,2.894,2.914,2.892,2.898,381077635,1106765222,False
2020-02-28,,2.85,2.876,2.806,2.814,695878639,1971727560,False
2020-03-02,,2.829,2.915,2.829,2.899,570019408,1641373280,False
2020-03-03,,2.93,2.941,2.9,2.907,564810949,1650452906,False
2020-03-04,,2.905,2.94,2.903,2.939,394532331,1152619993,False
2020-03-05,,2.955,3.014,2.946,3.004,792807008,2366716688,False
2020-03-06,,2.978,2.989,2.95,2.951,493335273,1463182963,False
2020-03-09,,2.904,2.907,2.856,2.861,786540298,2258974317,False
2020-03-10,,2.86,2.926,2.841,2.911,955126963,2763644894,False
2020-03-11,,2.911,2.916,2.873,2.874,546955787,1581385485,False
2020-03-12,,2.845,2.856,2.816,2.836,601465453,1705302811,False
2020-03-13,,2.724,2.818,2.701,2.796,859776185,2369733308,False
2020-03-16,,2.785,2.785,2.681,2.687,728598617,1991427287,False
2020-03-17,,2.7,2.729,2.623,2.675,888395013,2379071814,False
2020-03-18,,2.687,2.713,2.615,2.618,766396589,2048682918,False
2020-03-19,,2.609,2.638,2.505,2.564,1166555611,2985488971,False
2020-03-20,,2.584,2.629,2.572,2.624,1075398984,2795675721,False
2020-03-23,,2.541,2.58,2.536,2.553,763646843,1951635837,False
2020-03-24,,2.6,2.631,2.582,2.627,1016356174,2655033937,False
2020-03-25,,2.687,2.698,2.668,2.687,1196546927,3213754585,False
2020-03-26,,2.667,2.706,2.662,2.677,446033246,1197526263,False
2020-03-27,,2.709,2.725,2.69,2.692,519413847,1404266476,False
2020-03-30,,2.659,2.685,2.652,2.68,458744289,1224202957,False
2020-03-31,,2.7,2.707,2.67,2.675,457193375,1229132124,False
2020-04-01,,2.671,2.71,2.666,2.671,478444952,1285444968,False
2020-04-02,,2.656,2.708,2.652,2.706,364541550,976648082,False
2020-04-03,,2.698,2.708,2.685,2.694,330872317,892025943,False
2020-04-07,,2.74,2.75,2.731,2.743,424902768,1164693404,False
2020-04-08,,2.73,2.741,2.723,2.73,261926302,715194320,False
2020-04-09,,2.74,2.746,2.735,2.739,251002425,688032693,False
2020-04-10,,2.739,2.773,2.731,2.738,425705171,1170042355,False
2020-04-13,,2.731,2.735,2.719,2.726,268395656,732041641,False
2020-04-14,,2.743,2.771,2.734,2.771,342569895,943543428,False
2020-04-15,,2.766,2.775,2.75,2.751,303144211,836605914,False
2020-04-16,,2.742,2.757,2.74,2.753,234502641,644853519,False
2020-04-17,,2.775,2.811,2.767,2.793,530009621,1479444368,False
2020-04-20,,2.797,2.807,2.784,2.803,289171883,808721479,False
2020-04-21,,2.797,2.798,2.756,2.771,296662605,821914114,False
2020-04-22,,2.763,2.791,2.755,2.79,343428312,952132027,False
2020-04-23,,2.795,2.807,2.782,2.787,266170705,743377532,False
2020-04-24,,2.775,2.776,2.759,2.765,256785600,709988734,False
2020-04-27,,2.768,2.804,2.768,2.79,470276294,1313548232,False
2020-04-28,,2.797,2.817,2.768,2.81,315689970,884392070,False
2020-04-29,,2.804,2.837,2.801,2.829,320438412,904967245,False
2020-04-30,,2.838,2.87,2.833,2.852,262312238,748633614,False
2020-05-06,,2.82,2.853,2.811,2.848,309426848,875418571,False
2020-05-07,,2.845,2.85,2.833,2.843,217451585,617648440,False
2020-05-08,,2.858,2.876,2.851,2.863,259022738,741884562,False
2020-05-11,,2.865,2.89,2.856,2.863,317849095,913101069,False
2020-05-12,,2.86,2.872,2.85,2.86,276043953,789534562,False
2020-05-13,,2.852,2.863,2.839,2.86,129350769,368743861,False
2020-05-14,,2.85,2.85,2.828,2.831,238101400,675347177,False
2020-05-15,,2.835,2.844,2.81,2.812,360934663,1019270555,False
2020-05-18,,2.81,2.842,2.81,2.833,324552388,918839506,False
2020-05-19,,2.855,2.865,2.847,2.852,261512471,746375063,False
2020-05-20,,2.852,2.859,2.843,2.849,264967771,755369257,False
2020-05-21,,2.854,2.86,2.836,2.838,266474698,758827461,False
2020-05-22,,2.83,2.832,2.766,2.768,526393100,1467875067,False
2020-05-25,,2.77,2.782,2.756,2.78,275189275,763102821,False
2020-05-26,,2.793,2.803,2.787,2.802,451492925,1262110400,False
2020-05-27,,2.803,2.808,2.784,2.792,244796971,683801179,False
2020-05-28,,2.79,2.826,2.777,2.801,344819253,966734155,False
2020-05-29,,2.78,2.809,2.78,2.802,249940604,699483316,False
2020-06-01,,2.83,2.869,2.828,2.864,360043706,1028020131,False
2020-06-02,,2.859,2.888,2.857,2.879,259134405,744612641,False
2020-06-03,,2.895,2.919,2.883,2.884,396536323,1149516473,False
2020-06-04,,2.897,2.898,2.873,2.878,190374093,548400159,False
2020-06-05,,2.88,2.895,2.867,2.892,162544519,467610234,False
2020-06-08,,2.897,2.92,2.897,2.905,266152097,774025199,False
2020-06-09,,2.908,2.926,2.902,2.923,234882499,685717528,False
2020-06-10,,2.923,2.923,2.904,2.908,145840148,424505141,False
2020-06-11,,2.9,2.91,2.87,2.878,227138005,655835377,False
2020-06-12,,2.847,2.893,2.841,2.891,207355786,594727513,False
2020-06-15,,2.868,2.876,2.841,2.847,217522287,621662537,False
2020-06-16,,2.867,2.879,2.862,2.877,232229908,667331714,False
2020-06-17,,2.876,2.882,2.863,2.881,219333376,630269426,False
2020-06-18,,2.872,2.896,2.86,2.895,330840064,952211486,False
2020-06-19,,2.892,2.938,2.89,2.927,343200099,1001206310,False
2020-06-22,,2.927,2.95,2.914,2.924,295088652,864848195,False
2020-06-23,,2.916,2.932,2.903,2.93,215215341,628469085,False
2020-06-24,,2.938,2.962,2.931,2.958,329540029,972348595,False
2020-06-29,,2.949,2.956,2.92,2.937,376772660,1104347348,False
2020-06-30,,2.945,2.968,2.944,2.956,428844681,1266693741,False
2020-07-01,,2.963,3.028,2.956,3.027,464423279,1391408140,False
2020-07-02,,3.019,3.114,3.019,3.103,687646308,2114508891,False
2020-07-03,,3.116,3.19,3.116,3.187,787174681,2480654338,False
2020-07-06,,3.23,3.481,3.23,3.469,2339053083,7843001186,False
2020-07-07,,3.526,3.539,3.4,3.402,1819728182,6275115633,False
2020-07-08,,3.397,3.489,3.391,3.447,988535773,3386774582,False
2020-07-09,,3.446,3.472,3.42,3.459,759348351,2617029221,False
2020-07-10,,3.425,3.44,3.36,3.373,784248398,2666360687,False
2020-07-13,,3.365,3.458,3.354,3.416,841174565,2868603436,False
2020-07-14,,3.408,3.429,3.341,3.38,747200569,2530144170,False
2020-07-15,,3.403,3.417,3.342,3.35,673905863,2275871725,False
2020-07-16,,3.356,3.37,3.2,3.206,1269468698,4159533008,False
2020-07-17,,3.22,3.266,3.195,3.229,693396748,2239589705,False
2020-07-20,,3.26,3.34,3.234,3.331,756395566,2492109102,False
2020-07-21,,3.341,3.346,3.312,3.329,705225417,2346940308,False
2020-07-22,,3.327,3.407,3.315,3.334,921931166,3092646266,False
2020-07-23,,3.307,3.353,3.268,3.331,634768634,2102966924,False
2020-07-24,,3.318,3.319,3.181,3.2,769536901,2495368177,False
2020-07-27,,3.218,3.245,3.186,3.211,421671756,1355130586,False
2020-07-28,,3.238,3.252,3.214,3.231,420878797,1360198392,False
2020-07-29,,3.228,3.298,3.216,3.291,483308548,1580622913,False
2020-07-30,,3.297,3.312,3.276,3.277,362218412,1192828299,False
2020-07-31,,3.278,3.337,3.244,3.295,872622932,2870862429,False
2020-08-03,,3.313,3.339,3.299,3.328,436063993,1446273139,False
2020-08-04,,3.337,3.38,3.328,3.359,843609342,2829040789,False
2020-08-05,,3.349,3.349,3.3,3.336,656266687,2182663038,False
2020-08-06,,3.345,3.363,3.287,3.338,613640321,2035852035,False
2020-08-07,,3.32,3.338,3.265,3.308,450541914,1489021385,False
2020-08-10,,3.296,3.358,3.275,3.333,456127861,1517180572,False
2020-08-11,,3.331,3.383,3.301,3.307,764764325,2566067067,False
2020-08-12,,3.303,3.317,3.245,3.297,678060440,2225641573,False
2020-08-13,,3.304,3.309,3.276,3.286,365243136,1202298742,False
2020-08-14,,3.285,3.346,3.277,3.343,483047598,1601797645,False
2020-08-17,,3.352,3.451,3.348,3.418,998561281,3399768663,False
2020-08-18,,3.421,3.427,3.394,3.413,616600600,2103496665,False
2020-08-19,,3.412,3.416,3.349,3.351,625511274,2112083592,False
2020-08-20,,3.33,3.334,3.295,3.312,464592274,1541349655,False
2020-08-21,,3.333,3.352,3.308,3.336,401735624,1338992422,False
2020-08-24,,3.349,3.373,3.338,3.346,675876600,2265114492,False
2020-08-25,,3.357,3.385,3.346,3.359,419978533,1413743206,False
2020-08-26,,3.355,3.375,3.313,3.323,421744124,1407998071,False
2020-08-27,,3.327,3.343,3.304,3.342,224394530,746430470,False
2020-08-28,,3.337,3.428,3.331,3.424,517650192,1752953967,False
2020-08-31,,3.435,3.462,3.389,3.395,522450877,1795221459,False
2020-09-01,,3.385,3.405,3.379,3.404,313469098,1063756070,False
2020-09-02,,3.414,3.422,3.363,3.395,557717032,1890868886,False
2020-09-03,,3.394,3.426,3.371,3.387,293789238,997393116,False
2020-09-04,,3.347,3.365,3.333,3.356,306289737,1025193074,False
2020-09-07,,3.349,3.375,3.293,3.301,341779252,1140452427,False
2020-09-08,,3.316,3.344,3.3,3.336,401768855,1333350974,False
2020-09-09,,3.303,3.317,3.258,3.285,434571230,1431874718,False
2020-09-10,,3.306,3.32,3.289,3.296,408338579,1350036298,False
2020-09-11,,3.284,3.32,3.28,3.313,269912773,890587429,False
2020-09-14,,3.327,3.345,3.323,3.341,280336520,934929341,False
2020-09-15,,3.342,3.371,3.326,3.367,339804522,1140364713,False
2020-09-16,,3.363,3.372,3.337,3.346,250042394,839452882,False
2020-09-17,,3.341,3.341,3.307,3.314,254680304,846258287,False
2020-09-18,,3.316,3.409,3.314,3.406,719479850,2417685638,False
2020-09-21,,3.411,3.419,3.36,3.362,482392161,1632597919,False
2020-09-22,,3.342,3.37,3.309,3.322,540055829,1802640378,False
2020-09-23,,3.322,3.334,3.305,3.325,409635195,1361370534,False
2020-09-24,,3.305,3.314,3.268,3.271,294713447,967950850,False
2020-09-25,,3.281,3.296,3.267,3.282,320318247,1050487698,False
2020-09-28,,3.291,3.319,3.289,3.302,228523832,754931307,False
2020-09-29,,3.32,3.323,3.294,3.295,287012615,948837674,False
2020-09-30,,3.31,3.321,3.265,3.281,388025725,1277703358,False
2020-10-09,,3.327,3.35,3.325,3.337,469678103,1567201859,False
2020-10-12,,3.35,3.444,3.35,3.442,544969092,1860223690,False
2020-10-13,,3.428,3.445,3.416,3.437,271994295,932371789,False
2020-10-14,,3.431,3.431,3.412,3.424,228471577,781680111,False
2020-10-15,,3.419,3.449,3.414,3.425,494940923,1699066442,False
2020-10-16,,3.425,3.455,3.408,3.432,393686559,1353526262,False
2020-10-19,,3.453,3.486,3.397,3.409,535932001,1844539555,False
2020-10-20,,3.398,3.414,3.394,3.412,426396432,1451994826,False
2020-10-21,,3.419,3.434,3.403,3.433,433257663,1480408680,False
2020-10-22,,3.423,3.433,3.38,3.42,438333102,1494232069,False
2020-10-23,,3.42,3.449,3.402,3.408,534227894,1830334935,False
2020-10-26,,3.38,3.385,3.34,3.354,535554337,1798975251,False
2020-10-27,,3.349,3.354,3.331,3.346,337718901,1129533589,False
2020-10-28,,3.346,3.372,3.336,3.364,632950855,2124474365,False
2020-10-29,,3.335,3.403,3.329,3.383,471322600,1585602686,False
2020-10-30,,3.375,3.383,3.321,3.329,385778133,1293232637,False
2020-11-02,,3.333,3.351,3.302,3.317,394402626,1311800090,False
2020-11-03,,3.331,3.375,3.33,3.355,389458760,1305997449,False
2020-11-04,,3.36,3.395,3.349,3.38,376762310,1270007537,False
2020-11-05,,3.418,3.44,3.395,3.418,548497978,1872101864,False
2020-11-06,,3.428,3.429,3.387,3.408,384234455,1309046718,False
2020-11-09,,3.435,3.482,3.435,3.468,469912381,1626568267,False
2020-11-10,,3.491,3.492,3.451,3.466,429095468,1492462779,False
2020-11-11,,3.462,3.485,3.46,3.464,261744222,908741351,False
2020-11-12,,3.465,3.473,3.436,3.447,296467827,1022547405,False
2020-11-13,,3.431,3.431,3.371,3.388,543852196,1841734272,False
2020-11-16,,3.41,3.431,3.395,3.429,386260439,1317642597,False
2020-11-17,,3.425,3.436,3.413,3.43,323618833,1108946945,False
2020-11-18,,3.43,3.458,3.42,3.435,626648067,2159581271,False
2020-11-19,,3.424,3.468,3.42,3.46,411932902,1421194827,False
2020-11-20,,3.462,3.468,3.445,3.465,352204402,1217078364,False
2020-11-23,,3.472,3.54,3.471,3.521,756216358,2653729253,False
2020-11-24,,3.521,3.529,3.491,3.493,723999385,2537056720,False
2020-11-25,,3.505,3.525,3.467,3.468,595775601,2082198867,False
2020-11-26,,3.468,3.499,3.465,3.497,307163558,1069877135,False
2020-11-27,,3.498,3.561,3.495,3.557,843676667,2977601100,False
2020-11-30,,3.516,3.575,3.472,3.473,1467464876,5193602820,False
2020-12-01,,3.476,3.563,3.476,3.557,811632065,2864395143,False
2020-12-02,,3.558,3.573,3.525,3.545,541549798,1922213431,False
2020-12-03,,3.544,3.552,3.521,3.538,545270803,1927642645,False
2020-12-04,,3.535,3.549,3.501,3.543,442716436,1560214891,False
2020-12-07,,3.544,3.549,3.492,3.511,486309440,1708975464,False
2020-12-08,,3.58,3.58,3.488,3.499,436983773,1535311280,False
2020-12-09,,3.507,3.52,3.465,3.47,512286103,1791501940,False
2020-12-10,,3.461,3.477,3.439,3.456,458333410,1586191032,False
2020-12-11,,3.469,3.478,3.403,3.429,540670655,1857613082,False
2020-12-14,,3.435,3.466,3.43,3.461,303408537,1046907314,False
2020-12-15,,3.458,3.471,3.437,3.464,300402396,1037206954,False
2020-12-16,,3.469,3.487,3.463,3.482,382326587,1329542783,False
2020-12-17,,3.487,3.54,3.482,3.537,631899791,2219359588,False
2020-12-18,,3.527,3.536,3.487,3.505,726989190,2552152128,False
2020-12-21,,3.506,3.528,3.472,3.513,538736687,1889408565,False
2020-12-22,,3.508,3.517,3.458,3.464,821657506,2872498884,False
2020-12-23,,3.468,3.51,3.468,3.491,778427723,2712982490,False
2020-12-24,,3.495,3.512,3.47,3.485,342027162,1193653672,False
2020-12-25,,3.472,3.512,3.461,3.509,507738096,1773929385,False
2020-12-28,,3.507,3.539,3.495,3.519,437031367,1538010740,False
2020-12-29,,3.527,3.537,3.506,3.512,288187752,1013844951,False
2020-12-30,,3.509,3.566,3.504,3.563,535168542,1893801835,False
2020-12-31,,3.571,3.643,3.571,3.634,668195485,2417288656,False
2021-01-04,,3.636,3.655,3.598,3.632,570759818,2070828077,False
2021-01-05,,3.625,3.675,3.608,3.671,844943674,3079597412,False
2021-01-06,,3.673,3.728,3.661,3.726,651523191,2410271253,False
2021-01-07,,3.737,3.807,3.722,3.803,588820087,2210573820,False
2021-01-08,,3.81,3.829,3.745,3.782,814331223,3082995430,False
2021-01-11,,3.78,3.841,3.75,3.765,619308303,2349883718,False
2021-01-12,,3.759,3.904,3.755,3.899,714697993,2742212198,False
2021-01-13,,3.91,3.924,3.835,3.862,648591116,2516183799,False
2021-01-14,,3.856,3.857,3.791,3.802,562724773,2151668300,False
2021-01-15,,3.815,3.857,3.775,3.805,699719411,2670259229,False
2021-01-18,,3.793,3.866,3.788,3.837,551065080,2109810976,False
2021-01-19,,3.846,3.851,3.78,3.797,432457525,1651465311,False
2021-01-20,,3.797,3.827,3.774,3.8,485005290,1844912633,False
2021-01-21,,3.817,3.868,3.801,3.84,532673073,2040987825,False
2021-01-22,,3.836,3.851,3.81,3.833,462417806,1771629407,False
2021-01-25,,3.83,3.894,3.813,3.89,1048827430,4046937534,False
2021-01-26,,3.872,3.874,3.797,3.8,664673144,2543773043,False
2021-01-27,,3.8,3.821,3.781,3.806,766624223,2915126851,False
2021-01-28,,3.762,3.768,3.712,3.731,731226749,2731789965,False
2021-01-29,,3.747,3.755,3.661,3.704,657338669,2444146137,False
2021-02-01,,3.707,3.733,3.692,3.731,509476743,1893780024,False
2021-02-02,,3.741,3.756,3.723,3.752,641496022,2403515956,False
2021-02-03,,3.752,3.782,3.731,3.764,380828212,1430590734,False
2021-02-04,,3.746,3.808,3.746,3.787,497927696,1880798982,False
2021-02-05,,3.804,3.864,3.799,3.834,356766657,1368472618,False
2021-02-08,,3.848,3.884,3.82,3.875,458774035,1768024560,False
2021-02-09,,3.887,3.94,3.857,3.939,347031586,1350244949,False
2021-02-10,,3.95,4.03,3.945,4.012,382168884,1528119654,False
2021-02-18,,4.09,4.099,3.981,4.007,579603469,2343966320,False
2021-02-19,,3.992,4.008,3.947,3.998,742446617,2955627297,False
2021-02-22,,4.002,4.005,3.866,3.873,853631895,3347089389,False
2021-02-23,,3.849,3.927,3.845,3.886,594569639,2318195152,False
2021-02-24,,3.887,3.896,3.752,3.788,859755074,3285470393,False
2021-02-25,,3.824,3.862,3.804,3.843,540372102,2073582281,False
2021-02-26,,3.777,3.808,3.741,3.743,769832381,2900948289,False
2021-03-01,,3.777,3.78,3.737,3.773,400600102,1507765234,False
2021-03-02,,3.795,3.796,3.672,3.707,643368721,2391796939,False
2021-03-03,,3.7,3.806,3.698,3.804,517148432,1945427194,False
2021-03-04,,3.765,3.772,3.677,3.698,715951650,2659109479,False
2021-03-05,,3.65,3.712,3.616,3.678,625701694,2294065088,False
2021-03-08,,3.698,3.717,3.556,3.561,791825886,2875137354,False
2021-03-09,,3.561,3.585,3.483,3.505,1118752371,3957865050,False
2021-03-10,,3.547,3.562,3.514,3.523,445455959,1574736792,False
2021-03-11,,3.539,3.617,3.538,3.614,500166304,1796509200,False
2021-03-12,,3.631,3.632,3.583,3.617,729295454,2630124073,False
2021-03-15,,3.601,3.616,3.526,3.558,396806646,1417111777,False
2021-03-16,,3.566,3.596,3.543,3.582,420298125,1502651100,False
2021-03-17,,3.576,3.604,3.534,3.576,348177666,1242125458,False
2021-03-18,,3.58,3.603,3.575,3.591,321935472,1155110580,False
2021-03-19,,3.551,3.56,3.482,3.496,753210725,2655519910,False
2021-03-22,,3.491,3.55,3.491,3.523,411897499,1449805957,False
2021-03-23,,3.524,3.535,3.467,3.504,484198283,1691697904,False
2021-03-24,,3.488,3.518,3.441,3.454,643580882,2229191719,False
2021-03-25,,3.441,3.468,3.429,3.452,313949402,1083019110,False
2021-03-26,,3.465,3.525,3.465,3.514,466843998,1633928987,False
2021-03-29,,3.525,3.546,3.499,3.521,467377310,1650062460,False
2021-03-30,,3.522,3.566,3.52,3.561,295522870,1047200460,False
2021-03-31,,3.559,3.559,3.502,3.527,155181641,546588609,False
2021-04-01,,3.538,3.575,3.532,3.567,278829509,991423466,False
2021-04-02,,3.582,3.603,3.566,3.601,268663210,962996321,False
2021-04-06,,3.604,3.607,3.566,3.578,248361461,889573237,False
2021-04-07,,3.58,3.582,3.526,3.542,157320215,556883110,False
2021-04-08,,3.534,3.57,3.515,3.558,220107742,782238211,False
2021-04-09,,3.548,3.548,3.493,3.506,222900205,782158792,False
2021-04-12,,3.495,3.509,3.454,3.468,742060106,2576015805,False
2021-04-13,,3.462,3.49,3.436,3.45,649756429,2245609223,False
2021-04-14,,3.452,3.473,3.429,3.456,639346007,2208677669,False
2021-04-15,,3.448,3.448,3.386,3.419,385693490,1314812221,False
2021-04-16,,3.423,3.445,3.396,3.434,457624801,1567068155,False
2021-04-19,,3.43,3.504,3.413,3.5,562866585,1955585611,False
2021-04-20,,3.482,3.516,3.473,3.492,397561241,1390939762,False
2021-04-21,,3.473,3.508,3.473,3.498,576098944,2012630289,False
2021-04-22,,3.508,3.52,3.468,3.481,474319143,1651855086,False
2021-04-23,,3.473,3.522,3.473,3.514,528040558,1853662573,False
2021-04-26,,3.524,3.543,3.451,3.458,730601406,2552018617,False
2021-04-27,,3.456,3.475,3.444,3.466,475711945,1645673764,False
2021-04-28,,3.45,3.47,3.433,3.467,683757117,2358016110,False
2021-04-29,,3.476,3.515,3.463,3.513,518687394,1814097186,False
2021-04-30,,3.51,3.517,3.46,3.482,712682901,2485156707,False
2021-05-06,,3.462,3.508,3.432,3.444,665838728,2309635845,False
2021-05-07,,3.455,3.46,3.39,3.399,452238441,1546822837,False
2021-05-10,,3.417,3.417,3.362,3.399,478090638,1619889168,False
2021-05-11,,3.371,3.438,3.367,3.429,489605374,1665396171,False
2021-05-12,,3.42,3.45,3.412,3.442,318194217,1092707745,False
2021-05-13,,3.416,3.43,3.386,3.407,484668486,1650771768,False
2021-05-14,,3.417,3.5,3.402,3.498,603058065,2088582024,False
2021-05-17,,3.5,3.552,3.495,3.53,566063703,1999258788,False
2021-05-18,,3.538,3.543,3.512,3.528,252170545,888988251,False
2021-05-19,,3.518,3.52,3.494,3.504,483006168,1692433889,False
2021-05-20,,3.503,3.526,3.485,3.516,301916251,1058648856,False
2021-05-21,,3.523,3.54,3.464,3.475,534415380,1867650570,False
2021-05-24,,3.474,3.49,3.448,3.489,325345793,1131189717,False
2021-05-25,,3.493,3.64,3.493,3.635,1206307810,4305157379,False
2021-05-26,,3.648,3.673,3.635,3.648,684458256,2498716148,False
2021-05-27,,3.644,3.707,3.619,3.658,569428938,2084615874,False
2021-05-28,,3.657,3.685,3.618,3.651,491940578,1794215628,False
2021-05-31,,3.646,3.646,3.604,3.639,544967107,1974965199,False
2021-06-01,,3.633,3.644,3.596,3.64,467828359,1695717539,False
2021-06-02,,3.647,3.655,3.594,3.613,476427429,1722404354,False
2021-06-03,,3.608,3.631,3.578,3.584,371426764,1339603273,False
2021-06-04,,3.571,3.65,3.565,3.601,725410302,2620795084,False
2021-06-07,,3.604,3.606,3.57,3.593,314777235,1128198618,False
2021-06-08,,3.591,3.63,3.55,3.572,748174597,2682094923,False
2021-06-09,,3.57,3.59,3.562,3.582,435996400,1559788312,False
2021-06-10,,3.582,3.63,3.577,3.601,494729956,1785258996,False
2021-06-11,,3.609,3.613,3.566,3.571,487356718,1746172340,False
2021-06-15,,3.574,3.577,3.506,3.522,438608600,1549764808,False
2021-06-16,,3.521,3.526,3.474,3.486,569671858,1993362643,False
2021-06-17,,3.483,3.501,3.466,3.479,375637500,1308150936,False
2021-06-18,,3.48,3.492,3.431,3.455,647635703,2240428658,False
2021-06-21,,3.444,3.459,3.412,3.435,587713074,2017105681,False
2021-06-22,,3.444,3.469,3.436,3.464,699930444,2417534409,False
2021-06-23,,3.47,3.496,3.458,3.469,986137874,3426523913,False
2021-06-24,,3.473,3.489,3.458,3.488,392603306,1364302231,False
2021-06-25,,3.489,3.556,3.489,3.541,616350042,2173447460,False
2021-06-28,,3.547,3.55,3.51,3.527,479293260,1689986226,False
2021-06-29,,3.526,3.526,3.485,3.497,378334184,1325234182,False
2021-06-30,,3.498,3.52,3.496,3.515,535123927,1878453982,False
2021-07-01,,3.526,3.549,3.491,3.548,912383447,3214618369,False
2021-07-02,,3.517,3.53,3.417,3.423,609549653,2106127753,False
2021-07-05,,3.419,3.435,3.393,3.42,426280181,1455122932,False
2021-07-06,,3.42,3.432,3.39,3.431,662336674,2258333877,False
2021-07-07,,3.415,3.456,3.407,3.442,499901108,1716861890,False
2021-07-08,,3.445,3.453,3.383,3.395,574155624,1956405720,False
2021-07-09,,3.384,3.397,3.349,3.382,541821300,1828720775,False
2021-07-12,,3.402,3.437,3.382,3.41,499814342,1705243288,False
2021-07-13,,3.414,3.444,3.407,3.421,374690818,1283452342,False
2021-07-14,,3.42,3.42,3.356,3.368,608260479,2051832879,False
2021-07-15,,3.368,3.444,3.364,3.44,677168306,2311712611,False
2021-07-16,,3.438,3.445,3.397,3.403,599545713,2048015177,False
2021-07-19,,3.39,3.424,3.352,3.416,823050020,2790248502,False
2021-07-20,,3.392,3.415,3.39,3.408,416582252,1417034415,False
2021-07-21,,3.415,3.448,3.406,3.421,614545335,2104195144,False
2021-07-22,,3.425,3.447,3.417,3.425,473804139,1625540581,False
2021-07-23,,3.425,3.427,3.385,3.388,486565879,1652414972,False
2021-07-26,,3.371,3.374,3.225,3.259,1077822309,3538673886,False
2021-07-27,,3.259,3.273,3.145,3.156,916395520,2943539619,False
2021-07-28,,3.152,3.2,3.126,3.183,1375378402,4360822657,False
2021-07-29,,3.229,3.232,3.189,3.212,1027235063,3296128857,False
2021-07-30,,3.19,3.19,3.146,3.163,525898205,1664828434,False
2021-08-02,,3.15,3.25,3.12,3.242,1170401857,3764606634,False
2021-08-03,,3.228,3.268,3.213,3.254,556312598,1804723698,False
2021-08-04,,3.247,3.274,3.241,3.264,578407947,1884690269,False
2021-08-05,,3.247,3.299,3.234,3.258,286971842,938195391,False
2021-08-06,,3.25,3.251,3.218,3.232,275368020,889400150,False
2021-08-09,,3.21,3.29,3.203,3.268,386442029,1258724453,False
2021-08-10,,3.261,3.327,3.229,3.322,423944846,1390954294,False
2021-08-11,,3.313,3.333,3.295,3.295,327959112,1087005844,False
2021-08-12,,3.289,3.297,3.258,3.261,230336724,753589245,False
2021-08-13,,3.25,3.28,3.235,3.254,291691610,948314983,False
2021-08-16,,3.255,3.285,3.24,3.262,334998304,1093329626,False
2021-08-17,,3.26,3.28,3.177,3.182,664909946,2148158188,False
2021-08-18,,3.182,3.244,3.174,3.224,646778110,2072317004,False
2021-08-19,,3.22,3.22,3.164,3.178,584118800,1863245291,False
2021-08-20,,3.159,3.164,3.081,3.108,1493245755,4664361186,False
2021-08-23,,3.122,3.149,3.109,3.136,1047652598,3282125835,False
2021-08-24,,3.146,3.201,3.144,3.185,980087102,3114462566,False
2021-08-25,,3.191,3.211,3.174,3.197,839718678,2680400601,False
2021-08-26,,3.197,3.199,3.126,3.128,429417725,1352201552,False
2021-08-27,,3.125,3.187,3.125,3.159,582399354,1842628258,False
2021-08-30,,3.175,3.18,3.126,3.149,387592703,1219525359,False
2021-08-31,,3.136,3.164,3.092,3.138,711120530,2223885731,False
2021-09-01,,3.129,3.226,3.104,3.207,1154777365,3669320334,False
2021-09-02,,3.211,3.231,3.187,3.204,650014335,2084416994,False
2021-09-03,,3.209,3.245,3.177,3.212,792382328,2551362957,False
2021-09-06,,3.213,3.27,3.206,3.247,751347932,2440656083,False
2021-09-07,,3.249,3.3,3.227,3.284,560195102,1827574693,False
2021-09-08,,3.283,3.295,3.241,3.249,499630258,1630740905,False
2021-09-09,,3.235,3.248,3.222,3.24,385845928,1248284795,False
2021-09-10,,3.236,3.306,3.234,3.292,636237931,2086083752,False
2021-09-13,,3.281,3.311,3.259,3.281,389688432,1279332107,False
2021-09-14,,3.278,3.298,3.217,3.228,591318184,1923848040,False
2021-09-15,,3.225,3.226,3.166,3.186,661102013,2113130187,False
2021-09-16,,3.184,3.197,3.148,3.167,794308582,2520730333,False
2021-09-17,,3.167,3.2,3.144,3.199,816152658,2594474901,False
2021-09-22,,3.148,3.168,3.136,3.158,951987488,3002386881,False
2021-09-23,,3.178,3.2,3.152,3.164,546689846,1733275773,False
2021-09-24,,3.16,3.208,3.159,3.186,665822814,2123803728,False
2021-09-27,,3.2,3.253,3.198,3.247,1253036127,4052494181,False
2021-09-28,,3.243,3.265,3.215,3.247,507399219,1644949714,False
2021-09-29,,3.225,3.26,3.195,3.248,767053532,2479461267,False
2021-09-30,,3.248,3.25,3.222,3.231,521097066,1685853875,False
2021-10-08,,3.262,3.3,3.258,3.295,734601345,2416701710,False
2021-10-11,,3.309,3.353,3.306,3.312,881909167,2932563131,False
2021-10-12,,3.3,3.322,3.271,3.295,703599890,2318202782,False
2021-10-13,,3.292,3.343,3.28,3.327,700594561,2324791961,False
2021-10-14,,3.322,3.342,3.299,3.306,632867438,2097664394,False
2021-10-15,,3.302,3.34,3.29,3.332,540417897,1798181732,False
2021-10-18,,3.334,3.334,3.25,3.268,1165545048,3814958917,False
2021-10-19,,3.263,3.3,3.263,3.291,820705592,2701064847,False
2021-10-20,,3.3,3.32,3.278,3.293,341818099,1126173105,False
2021-10-21,,3.3,3.333,3.29,3.314,425964351,1409867260,False
2021-10-22,,3.323,3.374,3.322,3.352,554788742,1856518226,False
2021-10-25,,3.337,3.357,3.329,3.35,518292544,1732904651,False
2021-10-26,,3.356,3.371,3.32,3.329,656111500,2190343593,False
2021-10-27,,3.317,3.317,3.277,3.287,698626192,2300873842,False
2021-10-28,,3.28,3.294,3.265,3.286,581631648,1908774886,False
2021-10-29,,3.289,3.305,3.281,3.304,616219745,2029577615,False
2021-11-01,,3.284,3.304,3.268,3.289,736783701,2423456717,False
2021-11-02,,3.289,3.308,3.228,3.25,757041022,2469436983,False
2021-11-03,,3.25,3.259,3.212,3.219,459409889,1484765041,False
2021-11-04,,3.232,3.252,3.227,3.245,519586084,1684474071,False
2021-11-05,,3.238,3.267,3.228,3.243,446083316,1450573846,False
2021-11-08,,3.24,3.257,3.222,3.231,580408266,1879253280,False
2021-11-09,,3.246,3.255,3.211,3.224,488921429,1578309216,False
2021-11-10,,3.223,3.223,3.161,3.206,638780752,2036890391,False
2021-11-11,,3.2,3.277,3.2,3.275,566481920,1840148190,False
2021-11-12,,3.28,3.284,3.256,3.262,632386532,2064458199,False
2021-11-15,,3.268,3.285,3.25,3.264,521550952,1702072277,False
2021-11-16,,3.266,3.283,3.247,3.264,558113910,1822411089,False
2021-11-17,,3.256,3.267,3.238,3.244,680852230,2211430938,False
2021-11-18,,3.237,3.238,3.203,3.211,528235208,1697800446,False
2021-11-19,,3.207,3.26,3.205,3.25,628170573,2033867363,False
2021-11-22,,3.256,3.265,3.245,3.248,517612628,1683786613,False
2021-11-23,,3.243,3.273,3.24,3.261,716076454,2336490610,False
2021-11-24,,3.261,3.289,3.251,3.273,569230394,1860254010,False
2021-11-25,,3.277,3.279,3.25,3.254,364599800,1187907911,False
2021-11-26,,3.247,3.249,3.218,3.223,531486900,1717221117,False
2021-11-29,,3.175,3.187,3.16,3.182,519448946,1649429966,False
2021-11-30,,3.185,3.195,3.149,3.164,398169552,1262295101,False
2021-12-01,,3.164,3.182,3.163,3.176,306678124,973039288,False
2021-12-02,,3.172,3.198,3.161,3.188,347492118,1106036089,False
2021-12-03,,3.192,3.216,3.186,3.215,502028120,1608191126,False
2021-12-06,,3.22,3.251,3.22,3.225,613975123,1986950367,False
2021-12-07,,3.244,3.261,3.234,3.251,549913271,1785432045,False
2021-12-08,,3.259,3.306,3.242,3.301,594824960,1951257630,False
2021-12-09,,3.308,3.393,3.305,3.352,1402651241,4711577961,False
2021-12-10,,3.34,3.353,3.333,3.349,911015916,3045397699,False
2021-12-13,,3.375,3.419,3.352,3.354,811171143,2746873172,False
2021-12-14,,3.341,3.36,3.328,3.337,813245704,2717779183,False
2021-12-15,,3.332,3.346,3.303,3.304,419777830,1395086094,False
2021-12-16,,3.304,3.317,3.292,3.315,651653500,2154496588,False
2021-12-17,,3.312,3.317,3.263,3.265,830208899,2726207581,False
2021-12-20,,3.254,3.28,3.233,3.243,845681649,2750762533,False
2021-12-21,,3.239,3.263,3.239,3.258,529556333,1723112708,False
2021-12-22,,3.262,3.272,3.241,3.244,885583531,2877846190,False
2021-12-23,,3.251,3.277,3.234,3.275,541819157,1762128817,False
2021-12-24,,3.275,3.289,3.261,3.273,647059066,2118664423,False
2021-12-27,,3.272,3.282,3.251,3.268,913087911,2982399281,False
2021-12-28,,3.271,3.294,3.266,3.286,895735662,2936194866,False
2021-12-29,,3.287,3.292,3.223,3.225,693683483,2252549351,False
2021-12-30,,3.225,3.262,3.221,3.247,460235661,1494140313,False
2021-12-31,,3.255,3.269,3.248,3.256,478245088,1558192255,False
2022-01-04,,3.27,3.27,3.205,3.247,555264359,1793352766,False
2022-01-05,,3.242,3.277,3.226,3.241,629308389,2042819697,False
2022-01-06,,3.229,3.238,3.18,3.193,781909436,2501908718,False
2022-01-07,,3.199,3.223,3.199,3.207,546725999,1756458794,False
2022-01-10,,3.208,3.223,3.185,3.216,480625329,1542651733,False
2022-01-11,,3.216,3.233,3.192,3.196,550484021,1766569573,False
2022-01-12,,3.206,3.23,3.198,3.22,531375250,1707418672,False
2022-01-13,,3.226,3.234,3.164,3.166,791741595,2527951590,False
2022-01-14,,3.16,3.162,3.119,3.12,728869966,2285226948,False
2022-01-17,,3.118,3.143,3.117,3.131,564491350,1767099986,False
2022-01-18,,3.131,3.182,3.12,3.169,1133838823,3581074095,False
2022-01-19,,3.176,3.186,3.156,3.169,486995679,1545037752,False
2022-01-20,,3.168,3.237,3.168,3.214,741549141,2380332500,False
2022-01-21,,3.211,3.22,3.189,3.206,624296582,2000037066,False
2022-01-24,,3.192,3.203,3.165,3.195,696507280,2219540463,False
2022-01-25,,3.179,3.181,3.125,3.129,743175714,2345231420,False
2022-01-26,,3.136,3.152,3.113,3.144,843365639,2648454419,False
2022-01-27,,3.145,3.145,3.098,3.107,969817557,3029864609,False
2022-01-28,,3.117,3.125,3.029,3.036,1199419308,3688024015,False
2022-02-07,,3.082,3.111,3.074,3.095,740435734,2291127709,False
2022-02-08,,3.097,3.103,3.04,3.098,653342323,2009339884,False
2022-02-09,,3.1,3.129,3.09,3.12,815928435,2539232371,False
2022-02-10,,3.122,3.129,3.106,3.128,502039403,1565474717,False
2022-02-11,,3.119,3.155,3.112,3.123,547767071,1718538694,False
2022-02-14,,3.115,3.118,3.077,3.088,525543800,1626756143,False
2022-02-15,,3.085,3.11,3.08,3.1,419853873,1299681942,False
2022-02-16,,3.114,3.13,3.109,3.116,427968140,1335079945,False
2022-02-17,,3.112,3.14,3.112,3.119,411764586,1286970867,False
2022-02-18,,3.11,3.147,3.102,3.144,396213097,1238739274,False
2022-02-21,,3.139,3.14,3.109,3.13,517077600,1613113680,False
2022-02-22,,3.1,3.102,3.063,3.081,640069840,1971297843,False
2022-02-23,,3.089,3.101,3.072,3.1,528840760,1634065799,False
2022-02-24,,3.084,3.084,3.022,3.043,645242258,1970707439,False
2022-02-25,,3.055,3.088,3.047,3.056,690413511,2117127007,False
2022-02-28,,3.053,3.064,3.031,3.061,318337866,970271392,False
2022-03-01,,3.073,3.112,3.073,3.105,545882088,1687950580,False
2022-03-02,,3.092,3.095,3.08,3.088,323335065,998170253,False
2022-03-03,,3.101,3.109,3.069,3.078,360368446,1111193263,False
2022-03-04,,3.05,3.06,3.031,3.046,598176941,1820762167,False
2022-03-07,,3.026,3.028,2.946,2.955,747523153,2225462031,False
2022-03-08,,2.965,2.985,2.899,2.915,1236647336,3638941390,False
2022-03-09,,2.929,2.945,2.79,2.887,1242148393,3580232451,False
2022-03-10,,2.942,2.948,2.909,2.913,1078132803,3160686530,False
2022-03-11,,2.881,2.929,2.832,2.922,1036180901,2987125612,False
2022-03-14,,2.88,2.901,2.83,2.832,930174051,2669001144,False
2022-03-15,,2.8,2.813,2.683,2.687,1506534000,4126797494,False
2022-03-16,,2.72,2.822,2.673,2.81,1625101981,4455049406,False
2022-03-17,,2.866,2.899,2.841,2.857,1079191326,3093930125,False
2022-03-18,,2.846,2.91,2.836,2.891,883087633,2537726619,False
2022-03-21,,2.898,2.899,2.849,2.874,874342004,2510854229,False
2022-03-22,,2.865,2.906,2.863,2.882,490337674,1413958454,False
2022-03-23,,2.892,2.909,2.873,2.899,627502990,1814844000,False
2022-03-24,,2.88,2.902,2.869,2.884,291579030,840749078,False
2022-03-25,,2.88,2.896,2.836,2.838,425799462,1218662403,False
2022-03-28,,2.814,2.851,2.781,2.836,676007366,1906883818,False
2022-03-29,,2.842,2.856,2.82,2.823,349506851,991126252,False
2022-03-30,,2.842,2.899,2.842,2.898,743308576,2137583350,False
2022-03-31,,2.89,2.896,2.877,2.881,549268286,1584805677,False
2022-04-01,,2.863,2.939,2.858,2.923,776568840,2254310098,False
2022-04-06,,2.904,2.921,2.889,2.911,825594959,2398340842,False
2022-04-07,,2.899,2.93,2.879,2.884,532291355,1543673755,False
2022-04-08,,2.885,2.915,2.873,2.909,535844031,1551172028,False
2022-04-11,,2.897,2.897,2.823,2.832,715207200,2034586740,False
2022-04-12,,2.832,2.878,2.812,2.876,834140464,2377636364,False
2022-04-13,,2.861,2.895,2.856,2.866,510781312,1468231736,False
2022-04-14,,2.89,2.928,2.881,2.911,763366163,2218710405,False
2022-04-15,,2.895,2.928,2.89,2.914,847805536,2471210228,False
2022-04-18,,2.889,2.89,2.856,2.871,660440474,1896478657,False
2022-04-19,,2.868,2.882,2.823,2.844,611713866,1743034539,False
2022-04-20,,2.846,2.849,2.81,2.816,541970290,1531785272,False
2022-04-21,,2.804,2.829,2.763,2.78,830824207,2325792515,False
2022-04-22,,2.758,2.808,2.751,2.795,609422117,1699084224,False
2022-04-25,,2.74,2.758,2.66,2.662,1243437148,3378722469,False
2022-04-26,,2.66,2.713,2.65,2.664,1232214896,3297143247,False
2022-04-27,,2.662,2.718,2.658,2.714,1386674794,3739354461,False
2022-04-28,,2.706,2.754,2.703,2.749,1080532144,2952175457,False
2022-04-29,,2.761,2.807,2.725,2.793,875763675,2424102314,False
2022-05-05,,2.793,2.812,2.781,2.781,775703581,2166992125,False
2022-05-06,,2.743,2.748,2.697,2.703,976821346,2653636946,False
2022-05-09,,2.687,2.699,2.661,2.677,690934326,1848751782,False
2022-05-10,,2.649,2.72,2.628,2.701,851965852,2284312005,False
2022-05-11,,2.695,2.751,2.695,2.722,927450234,2530197205,False
2022-05-12,,2.71,2.722,2.696,2.702,518862021,1405084096,False
2022-05-13,,2.72,2.743,2.711,2.729,398697264,1087246321,False
2022-05-16,,2.745,2.747,2.691,2.702,592281858,1605527653,False
2022-05-17,,2.711,2.738,2.708,2.737,467528842,1274458663,False
2022-05-18,,2.747,2.747,2.702,2.728,568912702,1550360229,False
2022-05-19,,2.699,2.734,2.696,2.726,446115159,1210351780,False
2022-05-20,,2.742,2.795,2.74,2.793,892272637,2474674295,False
2022-05-23,,2.798,2.798,2.751,2.763,709371006,1961050478,False
2022-05-24,,2.764,2.769,2.716,2.72,712111290,1952134682,False
2022-05-25,,2.721,2.734,2.711,2.725,608997328,1657074325,False
2022-05-26,,2.73,2.753,2.698,2.725,545805917,1484799595,False
2022-05-27,,2.747,2.773,2.735,2.744,539618699,1487042432,False
2022-05-30,,2.765,2.773,2.75,2.758,631044523,1741725690,False
2022-05-31,,2.758,2.801,2.752,2.792,536254632,1493499919,False
2022-06-01,,2.795,2.795,2.766,2.782,512684341,1426047953,False
2022-06-02,,2.767,2.779,2.759,2.777,367202688,1016592218,False
2022-06-06,,2.778,2.81,2.746,2.81,544327021,1515472323,False
2022-06-07,,2.808,2.851,2.8,2.829,577668873,1635055970,False
2022-06-08,,2.837,2.875,2.834,2.863,562627170,1604535512,False
2022-06-09,,2.86,2.88,2.845,2.853,539818538,1544512144,False
2022-06-10,,2.835,2.895,2.829,2.886,470239185,1346315169,False
2022-06-13,,2.854,2.86,2.816,2.835,593110772,1681453194,False
2022-06-14,,2.809,2.876,2.799,2.874,775588093,2194338596,False
2022-06-15,,2.872,2.963,2.871,2.913,1227122390,3591944918,False
2022-06-16,,2.922,2.929,2.88,2.886,463996393,1347935863,False
2022-06-17,,2.873,2.936,2.871,2.929,715297731,2083071050,False
2022-06-20,,2.933,2.954,2.902,2.923,699088936,2044557481,False
2022-06-21,,2.924,2.951,2.906,2.929,571003821,1672869235,False
2022-06-22,,2.932,2.935,2.896,2.898,397350263,1157514435,False
2022-06-23,,2.901,2.945,2.9,2.939,448679489,1311328070,False
2022-06-24,,2.952,2.99,2.946,2.978,540159716,1601795157,False
2022-06-27,,2.991,3.04,2.991,3.016,758064811,2288335062,False
2022-06-28,,3.017,3.101,2.998,3.043,432187074,1307050775,False
2022-06-29,,3.029,3.055,3.008,3.018,455801545,1380922920,False
2022-06-30,,3.017,3.1,3.017,3.069,566487474,1737013420,False
2022-07-01,,3.078,3.084,3.045,3.058,418434782,1281364059,False
2022-07-04,,3.045,3.065,3.021,3.063,305782009,931995484,False
2022-07-05,,3.076,3.096,3.027,3.063,560218641,1712521998,False
2022-07-06,,3.055,3.057,2.994,3.011,442604829,1335811670,False
2022-07-07,,3.002,3.02,2.983,3.002,382975367,1150200422,False
2022-07-08,,3.022,3.039,3.004,3.006,292043110,881322854,False
2022-07-11,,2.99,2.991,2.95,2.961,434107610,1286585866,False
2022-07-12,,2.956,2.975,2.934,2.944,412520935,1218156400,False
2022-07-13,,2.944,2.953,2.924,2.935,291652335,857259453,False
2022-07-14,,2.931,2.938,2.902,2.915,418512189,1222818957,False
2022-07-15,,2.911,2.949,2.871,2.872,802783877,2332966371,False
2022-07-18,,2.878,2.919,2.864,2.911,485984054,1406810014,False
2022-07-19,,2.906,2.91,2.871,2.899,496141886,1434523577,False
2022-07-20,,2.915,2.922,2.9,2.908,435637687,1267792744,False
2022-07-21,,2.899,2.906,2.872,2.874,433289188,1250566887,False
2022-07-22,,2.881,2.912,2.865,2.887,689478056,1995337712,False
2022-07-25,,2.883,2.887,2.868,2.878,394892422,1135669666,False
2022-07-26,,2.882,2.904,2.882,2.891,397074059,1148621055,False
2022-07-27,,2.884,2.887,2.862,2.867,624651117,1793487279,False
2022-07-28,,2.879,2.905,2.864,2.866,811806264,2339335599,False
2022-07-29,,2.871,2.893,2.822,2.828,609826461,1740933854,False
2022-08-01,,2.821,2.832,2.802,2.818,425615415,1198460328,False
2022-08-02,,2.796,2.796,2.745,2.77,594022441,1643765774,False
2022-08-03,,2.776,2.793,2.744,2.75,573368276,1584371473,False
2022-08-04,,2.764,2.785,2.756,2.777,867555204,2404237203,False
2022-08-05,,2.788,2.82,2.775,2.815,617502953,1722853238,False
2022-08-08,,2.805,2.814,2.789,2.8,413307897,1158355031,False
2022-08-09,,2.799,2.807,2.791,2.801,329196384,921778487,False
2022-08-10,,2.797,2.807,2.758,2.768,434408976,1207218471,False
2022-08-11,,2.781,2.829,2.774,2.826,683506979,1919505464,False
2022-08-12,,2.822,2.843,2.816,2.836,460106467,1301788386,False
2022-08-15,,2.824,2.853,2.818,2.82,298468615,844836555,False
2022-08-16,,2.824,2.835,2.802,2.807,314701764,886542483,False
2022-08-17,,2.807,2.832,2.788,2.823,377994845,1063987000,False
2022-08-18,,2.82,2.823,2.789,2.797,382914737,1072639145,False
2022-08-19,,2.792,2.812,2.788,2.792,393969886,1102733867,False
2022-08-22,,2.784,2.808,2.778,2.793,619756423,1731032833,False
2022-08-23,,2.794,2.8,2.766,2.774,502269652,1395247862,False
2022-08-24,,2.779,2.792,2.743,2.746,768517748,2123445772,False
2022-08-25,,2.753,2.799,2.747,2.793,795526749,2203557050,False
2022-08-26,,2.795,2.806,2.788,2.794,463561063,1295958363,False
2022-08-29,,2.769,2.781,2.76,2.772,363504852,1007041300,False
2022-08-30,,2.775,2.781,2.745,2.768,363078114,1002535126,False
2022-08-31,,2.756,2.823,2.754,2.801,791750381,2212308581,False
2022-09-01,,2.794,2.802,2.77,2.775,590774029,1647792306,False
2022-09-02,,2.779,2.783,2.737,2.752,808352821,2228542652,False
2022-09-05,,2.743,2.747,2.716,2.741,503100027,1373200723,False
2022-09-06,,2.745,2.767,2.743,2.764,590997388,1628304205,False
2022-09-07,,2.752,2.761,2.745,2.754,464349161,1277352792,False
2022-09-08,,2.757,2.767,2.747,2.748,434148124,1197687499,False
2022-09-09,,2.755,2.806,2.754,2.8,687876810,1918852921,False
2022-09-13,,2.809,2.824,2.793,2.808,648762465,1823372567,False
2022-09-14,,2.783,2.804,2.78,2.788,908188895,2534487510,False
2022-09-15,,2.794,2.81,2.771,2.784,1202453200,3355268080,False
2022-09-16,,2.774,2.781,2.722,2.724,1593629071,4375778046,False
2022-09-19,,2.717,2.735,2.71,2.719,804965420,2191439467,False
2022-09-20,,2.73,2.733,2.706,2.714,623272006,1694955748,False
2022-09-21,,2.705,2.713,2.681,2.691,562331057,1516755684,False
2022-09-22,,2.679,2.689,2.664,2.67,658247437,1759693948,False
2022-09-23,,2.666,2.691,2.659,2.672,622487335,1665702460,False
2022-09-26,,2.659,2.69,2.651,2.654,774939204,2069510131,False
2022-09-27,,2.657,2.685,2.648,2.681,741885615,1979284034,False
2022-09-28,,2.669,2.676,2.648,2.651,737843151,1965171759,False
2022-09-29,,2.668,2.683,2.636,2.651,732951806,1951099730,False
2022-09-30,,2.654,2.674,2.647,2.65,751490841,1997170450,False
2022-10-10,,2.65,2.653,2.58,2.586,778160642,2035182638,False
2022-10-11,,2.588,2.593,2.572,2.578,503306753,1299435100,False
2022-10-12,,2.58,2.598,2.518,2.594,809394556,2070629003,False
2022-10-13,,2.576,2.582,2.555,2.564,641402188,1645638881,False
2022-10-14,,2.586,2.637,2.582,2.625,1052343312,2752012327,False
2022-10-17,,2.615,2.626,2.602,2.623,522893256,1366455897,False
2022-10-18,,2.636,2.641,2.604,2.608,490499310,1284671805,False
2022-10-19,,2.606,2.614,2.556,2.557,638567636,1645859527,False
2022-10-20,,2.542,2.578,2.534,2.544,729632680,1858155867,False
2022-10-21,,2.55,2.556,2.513,2.527,632097017,1602802373,False
2022-10-24,,2.52,2.537,2.424,2.439,1774811332,4376183570,False
2022-10-25,,2.427,2.471,2.417,2.431,1093038077,2664513587,False
2022-10-26,,2.431,2.479,2.43,2.439,1345018971,3293093070,False
2022-10-27,,2.451,2.474,2.418,2.419,1088537745,2658001249,False
2022-10-28,,2.403,2.419,2.36,2.365,1117953598,2670625528,False
2022-10-31,,2.344,2.365,2.321,2.333,1219580393,2852410742,False
2022-11-01,,2.342,2.438,2.342,2.436,1377024150,3288850968,False
2022-11-02,,2.422,2.476,2.415,2.456,1567254472,3834184553,False
2022-11-03,,2.438,2.447,2.412,2.425,972230044,2361828219,False
2022-11-04,,2.422,2.519,2.422,2.506,1313377697,3268200932,False
2022-11-07,,2.489,2.531,2.486,2.515,1110673676,2787113958,False
2022-11-08,,2.516,2.524,2.482,2.497,660571167,1648211115,False
2022-11-09,,2.497,2.511,2.472,2.478,664332911,1651637056,False
2022-11-10,,2.464,2.493,2.453,2.482,1167814521,2892796077,False
2022-11-11,,2.55,2.589,2.521,2.555,1697369272,4326808323,False
2022-11-14,,2.6,2.618,2.57,2.576,1548630557,4013741256,False
2022-11-15,,2.567,2.635,2.564,2.625,1222614349,3189122943,False
2022-11-16,,2.62,2.637,2.608,2.615,780640392,2043886720,False
2022-11-17,,2.604,2.61,2.571,2.6,1027870002,2660742024,False
2022-11-18,,2.605,2.614,2.582,2.59,752479919,1953528577,False
2022-11-21,,2.568,2.57,2.526,2.557,826805929,2101931180,False
2022-11-22,,2.555,2.599,2.546,2.57,940862267,2417284648,False
2022-11-23,,2.566,2.595,2.56,2.575,933057340,2406142080,False
2022-11-24,,2.588,2.603,2.553,2.558,711970000,1832825412,False
2022-11-25,,2.555,2.595,2.552,2.585,631289133,1628041416,False
2022-11-28,,2.537,2.548,2.498,2.54,1028846094,2592277356,False
2022-11-29,,2.566,2.65,2.566,2.648,1404322671,3670243371,False
2022-11-30,,2.638,2.663,2.634,2.645,700599410,1853936728,False
2022-12-01,,2.66,2.685,2.631,2.632,773566205,2050786924,False
2022-12-02,,2.63,2.636,2.613,2.617,820538549,2153288547,False
2022-12-05,,2.648,2.681,2.635,2.68,1083021613,2883331828,False
2022-12-06,,2.673,2.707,2.662,2.688,816630494,2193238790,False
2022-12-07,,2.68,2.71,2.662,2.671,912756491,2448139349,False
2022-12-08,,2.668,2.685,2.664,2.677,452715710,1210498131,False
2022-12-09,,2.679,2.716,2.664,2.708,789658964,2125558628,False
2022-12-12,,2.689,2.701,2.671,2.676,483170464,1297769203,False
2022-12-13,,2.677,2.692,2.672,2.679,355155997,951883864,False
2022-12-14,,2.679,2.705,2.668,2.696,704453064,1893755883,False
2022-12-15,,2.694,2.707,2.668,2.682,540083591,1448617499,False
2022-12-16,,2.673,2.698,2.67,2.693,550495679,1478414493,False
2022-12-19,,2.697,2.705,2.643,2.653,793180681,2117504181,False
2022-12-20,,2.644,2.648,2.585,2.607,814017176,2127875028,False
2022-12-21,,2.608,2.622,2.607,2.612,548689697,1434438923,False
2022-12-22,,2.632,2.651,2.614,2.629,584074487,1538909382,False
2022-12-23,,2.614,2.637,2.605,2.622,767832774,2014199404,False
2022-12-26,,2.623,2.633,2.608,2.612,462343676,1210960874,False
2022-12-27,,2.639,2.65,2.626,2.642,731285962,1929865041,False
2022-12-28,,2.638,2.656,2.629,2.649,711606830,1881691458,False
2022-12-29,,2.634,2.639,2.613,2.635,652941918,1714475689,False
2022-12-30,,2.646,2.66,2.643,2.649,573213231,1520649115,False
2023-01-03,,2.64,2.659,2.615,2.651,699409077,1844826513,False
2023-01-04,,2.652,2.668,2.646,2.66,681150478,1810452570,False
2023-01-05,,2.68,2.715,2.676,2.71,767349284,2071085590,False
2023-01-06,,2.712,2.731,2.709,2.725,520734419,1416608193,False
2023-01-09,,2.734,2.758,2.731,2.75,576704074,1584096617,False
2023-01-10,,2.75,2.758,2.74,2.742,370396361,1017608300,False
2023-01-11,,2.746,2.77,2.742,2.748,550124071,1517125195,False
2023-01-12,,2.757,2.761,2.742,2.754,376002541,1034524416,False
2023-01-13,,2.762,2.8,2.758,2.799,621151642,1728075866,False
2023-01-16,,2.801,2.881,2.8,2.847,1494268546,4262365349,False
2023-01-17,,2.845,2.85,2.824,2.838,774535597,2196088455,False
2023-01-18,,2.839,2.85,2.816,2.819,437414496,1236940535,False
2023-01-19,,2.811,2.831,2.794,2.829,1060896108,2985736641,False
2023-01-20,,2.838,2.858,2.831,2.848,515337134,1465592269,False
2023-01-30,,2.9,2.905,2.843,2.849,722228977,2069324928,False
2023-01-31,,2.85,2.865,2.814,2.819,1002308679,2836178472,False
2023-02-01,,2.826,2.831,2.787,2.83,880146750,2472760206,False
2023-02-02,,2.839,2.84,2.805,2.824,605065895,1704484775,False
2023-02-03,,2.806,2.815,2.76,2.783,718604961,1995759622,False
2023-02-06,,2.756,2.757,2.724,2.739,802640840,2196833433,False
2023-02-07,,2.748,2.759,2.737,2.747,538588991,1480671975,False
2023-02-08,,2.75,2.769,2.736,2.74,411614645,1130538490,False
2023-02-09,,2.736,2.776,2.734,2.769,741944608,2051189036,False
2023-02-10,,2.762,2.765,2.746,2.757,447068384,1231360996,False
2023-02-13,,2.746,2.779,2.738,2.775,691453884,1910593163,False
2023-02-14,,2.776,2.787,2.767,2.786,369811437,1026498605,False
2023-02-15,,2.785,2.791,2.755,2.76,462919140,1279511916,False
2023-02-16,,2.764,2.797,2.731,2.75,928407263,2574727599,False
2023-02-17,,2.745,2.767,2.718,2.721,828617857,2274513725,False
2023-02-20,,2.729,2.801,2.722,2.798,1616301226,4457500171,False
2023-02-21,,2.797,2.816,2.788,2.812,1257125373,3523700040,False
2023-02-22,,2.798,2.805,2.772,2.775,906876700,2528661213,False
2023-02-23,,2.778,2.797,2.762,2.774,549270788,1525445871,False
2023-02-24,,2.773,2.773,2.727,2.736,584589873,1603326991,False
2023-02-27,,2.723,2.745,2.719,2.733,375352871,1026115220,False
2023-02-28,,2.739,2.749,2.708,2.746,574726981,1569746201,False
2023-03-01,,2.744,2.792,2.737,2.777,1075249163,2982122672,False
2023-03-02,,2.772,2.79,2.767,2.776,491163888,1364403340,False
2023-03-03,,2.785,2.792,2.763,2.779,510575754,1418655537,False
2023-03-06,,2.779,2.78,2.74,2.749,671582365,1847879966,False
2023-03-07,,2.744,2.767,2.715,2.718,849608115,2329975954,False
2023-03-08,,2.708,2.71,2.685,2.697,650647222,1753945559,False
2023-03-09,,2.698,2.701,2.664,2.678,925180900,2481642694,False
2023-03-10,,2.661,2.674,2.64,2.642,782545231,2078417819,False
2023-03-13,,2.64,2.679,2.64,2.669,579290238,1543605370,False
2023-03-14,,2.666,2.666,2.633,2.651,665310467,1763790666,False
2023-03-15,,2.67,2.679,2.651,2.652,679853158,1809780353,False
2023-03-16,,2.637,2.655,2.625,2.627,644852726,1702994098,False
2023-03-17,,2.646,2.68,2.623,2.637,1107669000,2934197061,False
2023-03-20,,2.64,2.651,2.618,2.62,559014917,1472764878,False
2023-03-21,,2.63,2.652,2.628,2.647,877468974,2317373454,False
2023-03-22,,2.654,2.671,2.647,2.656,779656882,2073499381,False
2023-03-23,,2.647,2.674,2.647,2.673,421821049,1123529299,False
2023-03-24,,2.669,2.671,2.653,2.66,422413587,1123718051,False
2023-03-27,,2.655,2.662,2.633,2.643,497208843,1313211255,False
2023-03-28,,2.649,2.657,2.637,2.644,481423217,1273345596,False
2023-03-29,,2.66,2.664,2.636,2.64,437034380,1157229894,False
2023-03-30,,2.64,2.673,2.633,2.672,581113590,1541860963,False
2023-03-31,,2.675,2.688,2.663,2.669,582710375,1558997000,False
2023-04-03,,2.669,2.68,2.658,2.672,577560034,1542149143,False
2023-04-04,,2.675,2.683,2.663,2.682,527752513,1409821159,False
2023-04-06,,2.671,2.679,2.662,2.67,510222258,1362775549,False
2023-04-07,,2.67,2.699,2.669,2.689,439409862,1181089977,False
2023-04-10,,2.694,2.697,2.677,2.69,427487549,1148831495,False
2023-04-11,,2.692,2.699,2.674,2.684,513475640,1379171230,False
2023-04-12,,2.686,2.688,2.667,2.669,352987311,943960932,False
2023-04-13,,2.663,2.68,2.656,2.673,426096748,1136774850,False
2023-04-14,,2.68,2.696,2.674,2.684,375875152,1008943470,False
2023-04-17,,2.684,2.739,2.68,2.738,826009562,2241058337,False
2023-04-18,,2.735,2.756,2.731,2.748,684090031,1878871143,False
2023-04-19,,2.749,2.753,2.721,2.724,705940330,1930501674,False
2023-04-20,,2.724,2.726,2.699,2.706,992778510,2688941409,False
2023-04-21,,2.708,2.709,2.655,2.659,694042756,1862111507,False
2023-04-24,,2.658,2.662,2.613,2.623,653784248,1723665713,False
2023-04-25,,2.626,2.632,2.601,2.622,684351380,1790892020,False
2023-04-26,,2.622,2.63,2.611,2.619,990182884,2595482487,False
2023-04-27,,2.619,2.664,2.617,2.656,610672633,1612306898,False
2023-04-28,,2.656,2.687,2.656,2.68,538594750,1441790090,False
2023-05-04,,2.67,2.698,2.657,2.695,803327390,2158070035,False
2023-05-05,,2.699,2.707,2.675,2.687,427609849,1151525886,False
2023-05-08,,2.69,2.73,2.687,2.724,771897264,2094906057,False
2023-05-09,,2.728,2.752,2.705,2.706,946039158,2581293466,False
2023-05-10,,2.702,2.712,2.673,2.674,1267144202,3407351445,False
2023-05-11,,2.683,2.69,2.664,2.668,341470901,914424225,False
2023-05-12,,2.665,2.673,2.63,2.631,838146301,2219185719,False
2023-05-15,,2.63,2.681,2.623,2.68,736541276,1948633565,False
2023-05-16,,2.682,2.688,2.664,2.674,413953680,1108002070,False
2023-05-17,,2.671,2.677,2.643,2.649,646383779,1719511803,False
2023-05-18,,2.655,2.668,2.635,2.645,500181098,1326092063,False
2023-05-19,,2.637,2.654,2.614,2.634,489558932,1289095178,False
2023-05-22,,2.632,2.673,2.63,2.659,605754570,1607624608,False
2023-05-23,,2.663,2.665,2.616,2.617,567988351,1497705671,False
2023-05-24,,2.613,2.616,2.576,2.577,1025572594,2661080234,False
2023-05-25,,2.573,2.576,2.544,2.565,567270454,1453349939,False
2023-05-26,,2.563,2.574,2.537,2.563,489519797,1251103192,False
2023-05-29,,2.57,2.575,2.541,2.552,487439010,1244092489,False
2023-05-30,,2.551,2.56,2.511,2.541,773312680,1961064937,False
2023-05-31,,2.528,2.53,2.494,2.5,822006916,2060054132,False
2023-06-01,,2.495,2.531,2.495,2.505,744160842,1871859230,False
2023-06-02,,2.52,2.555,2.518,2.548,634889522,1611645326,False
2023-06-05,,2.542,2.549,2.527,2.536,367321899,932481470,False
2023-06-06,,2.535,2.569,2.521,2.523,608887795,1547803212,False
2023-06-07,,2.533,2.545,2.511,2.522,419696213,1061363001,False
2023-06-08,,2.518,2.558,2.511,2.547,606536452,1537183797,False
2023-06-09,,2.55,2.561,2.545,2.555,673689778,1719696984,False
2023-06-12,,2.554,2.568,2.536,2.555,698317477,1781936831,False
2023-06-13,,2.551,2.567,2.541,2.564,349546745,893465577,False
2023-06-14,,2.565,2.586,2.562,2.563,641937997,1652532797,False
2023-06-15,,2.57,2.603,2.569,2.602,475735571,1229740765,False
2023-06-16,,2.604,2.631,2.603,2.625,552836286,1447020615,False
2023-06-19,,2.622,2.622,2.589,2.593,390464865,1015451698,False
2023-06-20,,2.589,2.598,2.576,2.581,331357574,856964368,False
2023-06-21,,2.575,2.584,2.552,2.554,509543580,1309329693,False
2023-06-26,,2.54,2.541,2.519,2.526,821192234,2074965471,False
2023-06-27,,2.526,2.548,2.517,2.541,602977208,1527392528,False
2023-06-28,,2.535,2.551,2.527,2.55,799154314,2029496264,False
2023-06-29,,2.546,2.552,2.529,2.535,335843850,851871371,False
2023-06-30,,2.534,2.557,2.529,2.542,423851991,1078814230,False
2023-07-03,,2.548,2.584,2.545,2.58,535434731,1376150007,False
2023-07-04,,2.58,2.585,2.573,2.584,234890110,605857801,False
2023-07-05,,2.58,2.586,2.564,2.569,290818050,747943209,False
2023-07-06,,2.562,2.575,2.545,2.55,275541600,704464042,False
2023-07-07,,2.544,2.549,2.532,2.539,356969708,907380335,False
2023-07-10,,2.551,2.571,2.544,2.552,349871690,894634214,False
2023-07-11,,2.563,2.573,2.555,2.569,377371480,967983815,False
2023-07-12,,2.572,2.582,2.562,2.568,352103898,906042000,False
2023-07-13,,2.582,2.609,2.58,2.609,538817171,1401149207,False
2023-07-14,,2.614,2.618,2.604,2.609,364754590,952326649,False
2023-07-17,,2.603,2.603,2.575,2.584,590652203,1525315630,False
2023-07-18,,2.587,2.591,2.572,2.581,283836794,732573969,False
2023-07-19,,2.575,2.591,2.574,2.59,354079301,914391296,False
2023-07-20,,2.593,2.609,2.573,2.576,470657342,1220356105,False
2023-07-21,,2.578,2.601,2.57,2.586,733859393,1896642870,False
2023-07-24,,2.568,2.584,2.563,2.573,387408549,996493758,False
2023-07-25,,2.609,2.655,2.609,2.655,1531727112,4037185385,False
2023-07-26,,2.65,2.656,2.642,2.652,487045821,1290286883,False
2023-07-27,,2.656,2.671,2.642,2.653,787883227,2096215664,False
2023-07-28,,2.637,2.736,2.637,2.727,1117566551,3017759648,False
2023-07-31,,2.746,2.783,2.723,2.731,976585156,2682260909,False
2023-08-01,,2.727,2.75,2.716,2.723,711858665,1941419104,False
2023-08-02,,2.718,2.731,2.69,2.698,858807185,2322574930,False
2023-08-03,,2.696,2.725,2.69,2.723,801584392,2171835205,False
2023-08-04,,2.748,2.764,2.723,2.725,963295966,2641123332,False
2023-08-07,,2.711,2.717,2.701,2.714,950679046,2574777677,False
2023-08-08,,2.705,2.726,2.69,2.709,815814758,2207884579,False
2023-08-09,,2.7,2.718,2.698,2.709,956918700,2592590685,False
2023-08-10,,2.704,2.712,2.686,2.706,670725015,1812057033,False
2023-08-11,,2.706,2.708,2.64,2.642,1316539286,3507923505,False
2023-08-14,,2.615,2.628,2.601,2.622,701911640,1837370077,False
2023-08-15,,2.62,2.632,2.597,2.623,749605398,1962151230,False
2023-08-16,,2.608,2.626,2.603,2.604,691416403,1805684038,False
2023-08-17,,2.594,2.618,2.583,2.61,803668166,2087042289,False
2023-08-18,,2.61,2.621,2.579,2.58,1009894621,2623677440,False
2023-08-21,,2.577,2.584,2.547,2.547,774315443,1985151542,False
2023-08-22,,2.555,2.579,2.536,2.567,950797200,2431593268,False
2023-08-23,,2.559,2.569,2.529,2.535,988118634,2519512005,False
2023-08-24,,2.539,2.572,2.538,2.553,665820605,1699966454,False
2023-08-25,,2.545,2.58,2.542,2.563,789969030,2021090765,False
2023-08-28,,2.706,2.71,2.583,2.596,1869356610,4923733757,False
2023-08-29,,2.59,2.626,2.587,2.606,1078413230,2810876625,False
2023-08-30,,2.61,2.617,2.595,2.599,666361036,1735331968,False
2023-08-31,,2.6,2.609,2.582,2.59,551369647,1430002814,False
2023-09-01,,2.601,2.624,2.6,2.61,807271851,2106628526,False
2023-09-04,,2.633,2.662,2.624,2.658,966252600,2556384713,False
2023-09-05,,2.649,2.65,2.636,2.641,489619781,1293288080,False
2023-09-06,,2.631,2.642,2.623,2.637,452242191,1190218237,False
2023-09-07,,2.631,2.633,2.606,2.611,448850982,1175420984,False
2023-09-08,,2.603,2.609,2.589,2.596,516845780,1342113803,False
2023-09-11,,2.596,2.629,2.594,2.613,484549513,1265626827,False
2023-09-12,,2.61,2.615,2.604,2.609,308622816,805115303,False
2023-09-13,,2.608,2.62,2.584,2.601,661502571,1720177577,False
2023-09-14,,2.604,2.617,2.594,2.608,565631332,1473698703,False
2023-09-15,,2.615,2.625,2.586,2.596,1125926966,2932957293,False
2023-09-18,,2.591,2.611,2.58,2.61,511562714,1330766802,False
2023-09-19,,2.608,2.613,2.594,2.609,408663268,1064346244,False
2023-09-20,,2.606,2.608,2.596,2.597,540767590,1406574268,False
2023-09-21,,2.59,2.599,2.571,2.572,636126493,1641438850,False
2023-09-22,,2.57,2.635,2.566,2.634,1248614079,3260070800,False
2023-09-25,,2.627,2.628,2.605,2.609,630656315,1647727015,False
2023-09-26,,2.607,2.613,2.59,2.592,538994312,1400038830,False
2023-09-27,,2.591,2.616,2.591,2.604,787717948,2048604830,False
2023-09-28,,2.609,2.612,2.58,2.583,901875427,2336548889,False
2023-10-09,,2.578,2.581,2.551,2.575,709474087,1822548048,False
2023-10-10,,2.585,2.595,2.557,2.559,639330069,1646034145,False
2023-10-11,,2.573,2.58,2.562,2.567,499553597,1284088580,False
2023-10-12,,2.592,2.603,2.58,2.591,647116806,1675887135,False
2023-10-13,,2.573,2.575,2.56,2.566,627382127,1610513092,False
2023-10-16,,2.568,2.57,2.536,2.543,545574314,1390957031,False
2023-10-17,,2.548,2.556,2.538,2.553,512365204,1305836338,False
2023-10-18,,2.55,2.556,2.539,2.543,644857171,1641461767,False
2023-10-19,,2.53,2.53,2.471,2.474,1548862072,3862174966,False
2023-10-20,,2.464,2.474,2.451,2.46,967334013,2383220681,False
2023-10-23,,2.455,2.462,2.421,2.441,1172409582,2861862694,False
2023-10-24,,2.447,2.456,2.427,2.449,804466605,1966471085,False
2023-10-25,,2.475,2.486,2.457,2.461,1167034112,2881007828,False
2023-10-26,,2.452,2.473,2.45,2.47,587775109,1446754655,False
2023-10-27,,2.463,2.504,2.457,2.494,674257500,1672977375,False
2023-10-30,,2.485,2.499,2.48,2.492,561528580,1397838429,False
2023-10-31,,2.487,2.492,2.476,2.488,698390661,1734504656,False
2023-11-01,,2.528,2.53,2.491,2.497,1005069241,2515490923,False
2023-11-02,,2.503,2.517,2.492,2.493,439605766,1100881287,False
2023-11-03,,2.497,2.52,2.495,2.513,445414671,1117568062,False
2023-11-06,,2.528,2.538,2.521,2.533,570192870,1442477640,False
2023-11-07,,2.528,2.529,2.514,2.522,511293012,1289007419,False
2023-11-08,,2.515,2.527,2.501,2.514,498041025,1252143620,False
2023-11-09,,2.507,2.522,2.505,2.514,539436775,1355518432,False
2023-11-10,,2.505,2.507,2.485,2.49,593862100,1479753993,False
2023-11-13,,2.494,2.497,2.471,2.484,496014450,1230909580,False
2023-11-14,,2.488,2.496,2.472,2.482,550828933,1367791629,False
2023-11-15,,2.5,2.509,2.494,2.503,714949518,1788279955,False
2023-11-16,,2.501,2.501,2.476,2.478,797690471,1981040526,False
2023-11-17,,2.473,2.478,2.453,2.474,2805425515,6923473035,False
2023-11-20,,2.472,2.489,2.458,2.48,706342105,1749220517,False
2023-11-21,,2.487,2.509,2.485,2.492,800478683,1998848048,False
2023-11-22,,2.485,2.49,2.47,2.471,600905196,1489593402,False
2023-11-23,,2.47,2.484,2.46,2.48,540802872,1335877055,False
2023-11-24,,2.475,2.478,2.463,2.467,642947107,1588186082,False
2023-11-27,,2.426,2.427,2.391,2.407,647522350,1555543986,False
2023-11-28,,2.403,2.409,2.395,2.406,510558864,1226821308,False
2023-11-29,,2.407,2.411,2.384,2.395,1410266945,3375092287,False
2023-11-30,,2.393,2.406,2.39,2.401,549824293,1318575392,False
2023-12-01,,2.4,2.4,2.366,2.385,1637229977,3903011780,False
2023-12-04,,2.388,2.388,2.366,2.367,602125759,1430200569,False
2023-12-05,,2.362,2.363,2.317,2.319,966826721,2262667406,False
2023-12-06,,2.315,2.332,2.306,2.317,724291473,1679044884,False
2023-12-07,,2.313,2.317,2.292,2.307,845843586,1948908721,False
2023-12-08,,2.308,2.323,2.303,2.314,578433581,1338105415,False
2023-12-11,,2.3,2.334,2.277,2.324,1388947665,3206687526,False
2023-12-12,,2.318,2.34,2.314,2.337,1271068258,2963779376,False
2023-12-13,,2.33,2.331,2.29,2.291,916559426,2113160238,False
2023-12-14,,2.304,2.312,2.278,2.28,799725472,1833907775,False
2023-12-15,,2.291,2.315,2.274,2.281,1194529441,2736672740,False
2023-12-18,,2.27,2.292,2.258,2.283,746483124,1702216585,False
2023-12-19,,2.28,2.297,2.27,2.286,783445041,1788840281,False
2023-12-20,,2.291,2.295,2.271,2.273,711885313,1626615463,False
2023-12-21,,2.263,2.305,2.263,2.299,1403494003,3216135684,False
2023-12-22,,2.297,2.321,2.287,2.307,1771117299,4082702833,False
2023-12-25,,2.306,2.314,2.3,2.308,825443294,1904272372,False
2023-12-26,,2.308,2.309,2.291,2.299,1001360975,2300801401,False
2023-12-27,,2.299,2.308,2.285,2.302,1140214957,2619377617,False
2023-12-28,,2.3,2.36,2.298,2.354,1306719824,3053581232,False
2023-12-29,,2.35,2.365,2.345,2.355,917464230,2160909818,False
2024-01-02,,2.356,2.356,2.326,2.327,787310141,1838299287,False
2024-01-03,,2.324,2.336,2.32,2.332,627676145,1461195301,False
2024-01-04,,2.331,2.332,2.295,2.314,906163641,2093817070,False
2024-01-05,,2.308,2.332,2.29,2.303,1019415882,2356530474,False
2024-01-08,,2.3,2.309,2.274,2.278,888765005,2030449583,False
2024-01-09,,2.281,2.286,2.269,2.28,853922969,1945903904,False
2024-01-10,,2.275,2.293,2.266,2.27,800237537,1821165952,False
2024-01-11,,2.269,2.287,2.261,2.275,751873354,1709975191,False
2024-01-12,,2.268,2.287,2.264,2.272,593806006,1351633457,False
2024-01-15,,2.263,2.293,2.26,2.272,566587522,1288485025,False
2024-01-16,,2.268,2.285,2.257,2.284,1136526820,2581364386,False
2024-01-17,,2.275,2.277,2.232,2.234,1272251876,2867308876,False
2024-01-18,,2.225,2.278,2.196,2.274,4825657188,10801614249,False
2024-01-19,,2.259,2.287,2.25,2.282,3784481259,8604240707,False
2024-01-22,,2.274,2.292,2.238,2.261,2873150176,6539373939,False
2024-01-23,,2.255,2.274,2.236,2.258,1430700006,3226612717,False
2024-01-24,,2.269,2.3,2.244,2.295,1629979256,3704587204,False
2024-01-25,,2.296,2.352,2.291,2.347,1545790266,3594294797,False
2024-01-26,,2.34,2.359,2.332,2.35,2431087444,5710766401,False
2024-01-29,,2.35,2.363,2.339,2.342,1163352306,2734417310,False
2024-01-30,,2.33,2.338,2.304,2.306,1278177869,2966181024,False
2024-01-31,,2.298,2.309,2.276,2.292,1949449232,4477275386,False
2024-02-01,,2.281,2.305,2.273,2.283,2015125432,4613678834,False
2024-02-02,,2.284,2.299,2.213,2.268,2109162682,4791054424,False
2024-02-05,,2.253,2.303,2.234,2.289,1635986271,3717343796,False
2024-02-06,,2.281,2.359,2.279,2.351,2385726511,5559702141,False
2024-02-07,,2.355,2.381,2.338,2.38,2999487701,7075158357,False
2024-02-08,,2.389,2.395,2.366,2.385,3290382863,7825611542,False
2024-02-19,,2.398,2.404,2.382,2.403,1749353089,4186607629,False
2024-02-20,,2.399,2.406,2.387,2.402,988164874,2369139817,False
2024-02-21,,2.395,2.475,2.391,2.444,1957688618,4775414859,False
2024-02-22,,2.44,2.469,2.438,2.466,873550215,2145403464,False
2024-02-23,,2.466,2.483,2.459,2.467,1061144807,2619541868,False
2024-02-26,,2.464,2.465,2.421,2.426,1902510775,4640194462,False
2024-02-27,,2.418,2.439,2.416,2.438,1248810042,3029288516,False
2024-02-28,,2.438,2.454,2.422,2.424,1792847993,4368541732,False
2024-02-29,,2.417,2.448,2.417,2.444,1286103554,3131930462,False
2024-03-01,,2.44,2.456,2.431,2.448,1191423872,2912366449,False
2024-03-04,,2.444,2.458,2.438,2.451,1273564556,3118727719,False
2024-03-05,,2.442,2.487,2.439,2.481,2432653629,6003144952,False
2024-03-06,,2.478,2.485,2.467,2.468,1500129104,3712948524,False
2024-03-07,,2.466,2.481,2.451,2.46,968197064,2386691729,False
2024-03-08,,2.46,2.469,2.443,2.46,813179591,1997938711,False
2024-03-11,,2.46,2.48,2.451,2.479,1037741034,2558986707,False
2024-03-12,,2.479,2.494,2.472,2.485,1606725938,3990464004,False
2024-03-13,,2.481,2.482,2.453,2.465,1013191973,2495595260,False
2024-03-14,,2.464,2.481,2.449,2.459,852648080,2101941459,False
2024-03-15,,2.451,2.466,2.442,2.461,1023426023,2509045972,False
2024-03-18,,2.459,2.475,2.454,2.471,895925379,2207872991,False
2024-03-19,,2.466,2.476,2.449,2.454,993209300,2442316117,False
2024-03-20,,2.447,2.467,2.442,2.46,808470821,1986075707,False
2024-03-21,,2.465,2.477,2.459,2.46,608478466,1501322389,False
2024-03-22,,2.455,2.457,2.42,2.438,1466630917,3569943425,False
2024-03-25,,2.433,2.453,2.428,2.437,706030136,1723222112,False
2024-03-26,,2.439,2.45,2.433,2.446,727926049,1777001087,False
2024-03-27,,2.441,2.456,2.432,2.433,844524757,2062872250,False
2024-03-28,,2.431,2.459,2.42,2.438,1168146185,2848278618,False
2024-03-29,,2.435,2.453,2.434,2.449,634334702,1550757553,False
2024-04-01,,2.455,2.485,2.455,2.475,964542321,2387593224,False
2024-04-02,,2.476,2.481,2.463,2.471,663053245,1638175015,False
2024-04-03,,2.472,2.474,2.457,2.463,596610701,1470757959,False
2024-04-08,,2.456,2.465,2.44,2.45,945289759,2318565441,False
2024-04-09,,2.449,2.453,2.433,2.437,662190812,1615618068,False
2024-04-10,,2.439,2.445,2.421,2.431,847010591,2061198197,False
2024-04-11,,2.423,2.437,2.412,2.429,650197154,1577499388,False
2024-04-12,,2.428,2.434,2.401,2.408,755534934,1825001902,False
2024-04-15,,2.406,2.46,2.405,2.458,1448822976,3542177674,False
2024-04-16,,2.453,2.464,2.43,2.448,1073800094,2631564003,False
2024-04-17,,2.444,2.475,2.431,2.473,1002160007,2458853411,False
2024-04-18,,2.466,2.504,2.464,2.48,1174795146,2919442062,False
2024-04-19,,2.47,2.48,2.457,2.464,841950347,2077412676,False
2024-04-22,,2.465,2.486,2.456,2.46,809244501,1999412924,False
2024-04-23,,2.457,2.462,2.445,2.447,546199301,1338976271,False
2024-04-24,,2.454,2.462,2.44,2.457,667920561,1637772280,False
2024-04-25,,2.453,2.472,2.445,2.466,546700405,1344262738,False
2024-04-26,,2.468,2.504,2.468,2.496,1025253325,2552948611,False
2024-04-29,,2.494,2.53,2.489,2.511,1274586378,3201015604,False
2024-04-30,,2.508,2.519,2.498,2.5,610226600,1530682323,False
2024-05-06,,2.528,2.541,2.52,2.53,1029252930,2603957589,False
2024-05-07,,2.529,2.538,2.524,2.535,557582653,1412239015,False
2024-05-08,,2.531,2.532,2.518,2.52,502589430,1268695299,False
2024-05-09,,2.519,2.541,2.519,2.536,480642263,1217520491,False
2024-05-10,,2.542,2.55,2.525,2.543,957530338,2429604704,False
2024-05-13,,2.535,2.547,2.52,2.54,836587806,2120015264,False
2024-05-14,,2.539,2.544,2.525,2.531,561591579,1421424551,False
2024-05-15,,2.529,2.535,2.508,2.513,685513669,1725564825,False
2024-05-16,,2.517,2.532,2.509,2.523,774059785,1952385454,False
2024-05-17,,2.523,2.563,2.521,2.561,943388639,2393025520,False
2024-05-20,,2.562,2.58,2.557,2.567,652796901,1677191415,False
2024-05-21,,2.562,2.566,2.551,2.562,495562701,1268200231,False
2024-05-22,,2.558,2.569,2.554,2.563,576951057,1478840139,False
2024-05-23,,2.555,2.557,2.53,2.537,1014816589,2577202045,False
2024-05-24,,2.529,2.539,2.506,2.508,926557780,2338037357,False
2024-05-27,,2.512,2.533,2.512,2.531,853284829,2153491606,False
2024-05-28,,2.531,2.539,2.52,2.524,494623500,1251433919,False
2024-05-29,,2.522,2.545,2.521,2.525,547851824,1387191251,False
2024-05-30,,2.522,2.535,2.502,2.508,692224690,1740791885,False
2024-05-31,,2.512,2.522,2.497,2.499,526007122,1319365549,False
2024-06-03,,2.496,2.509,2.488,2.502,610477461,1525472189,False
2024-06-04,,2.5,2.523,2.497,2.516,687487300,1726177373,False
2024-06-05,,2.515,2.519,2.504,2.505,605581609,1520838398,False
2024-06-06,,2.51,2.528,2.498,2.506,717814500,1803766881,False
2024-06-07,,2.512,2.516,2.483,2.495,720576002,1799425178,False
2024-06-11,,2.488,2.49,2.456,2.465,992243700,2449930587,False
2024-06-12,,2.461,2.467,2.453,2.462,695812961,1711513594,False
2024-06-13,,2.466,2.466,2.445,2.452,712956419,1749727333,False
2024-06-14,,2.448,2.474,2.441,2.469,897068161,2204621247,False
2024-06-17,,2.453,2.461,2.45,2.454,991137042,2433455971,False
2024-06-18,,2.453,2.465,2.448,2.454,621849600,1526849003,False
2024-06-19,,2.455,2.462,2.448,2.458,591825062,1453691654,False
2024-06-20,,2.455,2.466,2.448,2.451,760900713,1868123726,False
2024-06-21,,2.449,2.455,2.428,2.446,1636597300,3995896590,False
2024-06-24,,2.43,2.462,2.427,2.446,1278460961,3122801047,False
2024-06-25,,2.446,2.452,2.424,2.437,1033174701,2520755096,False
2024-06-26,,2.432,2.448,2.426,2.441,862678961,2101358607,False
2024-06-27,,2.436,2.439,2.421,2.434,931118346,2263826818,False
2024-06-28,,2.428,2.453,2.426,2.441,742955922,1814786783,False
2024-07-01,,2.44,2.455,2.432,2.45,662193191,1617680106,False
2024-07-02,,2.447,2.468,2.446,2.462,929069370,2286800998,False
2024-07-03,,2.463,2.466,2.453,2.462,377352006,928360508,False
2024-07-04,,2.464,2.475,2.453,2.454,632129170,1556480556,False
2024-07-05,,2.454,2.459,2.413,2.434,1193835871,2901136104,False
2024-07-08,,2.426,2.437,2.416,2.422,694425011,1684210852,False
2024-07-09,,2.421,2.453,2.405,2.444,1005916467,2448496420,False
2024-07-10,,2.44,2.451,2.438,2.44,506729401,1238683767,False
2024-07-11,,2.453,2.469,2.445,2.466,647689010,1592910989,False
2024-07-12,,2.468,2.484,2.467,2.481,1099509223,2725852700,False
2024-07-15,,2.478,2.494,2.475,2.491,1144750398,2849936851,False
2024-07-16,,2.489,2.504,2.481,2.5,1208825419,3012994756,False
2024-07-17,,2.498,2.517,2.496,2.51,1133348143,2841428538,False
2024-07-18,,2.505,2.526,2.499,2.522,1317556580,3310701450,False
2024-07-19,,2.515,2.548,2.501,2.539,2995549990,7583547723,False
2024-07-22,,2.537,2.538,2.499,2.515,1069696754,2688982308,False
2024-07-23,,2.509,2.516,2.479,2.483,700216328,1747985093,False
2024-07-24,,2.476,2.489,2.463,2.474,985698806,2439409112,False
2024-07-25,,2.465,2.471,2.438,2.45,1327787431,3255110632,False
2024-07-26,,2.451,2.455,2.429,2.444,1398651626,3412317353,False
2024-07-29,,2.441,2.446,2.431,2.435,565222717,1378369379,False
2024-07-30,,2.43,2.432,2.408,2.422,1577558841,3817954955,False
2024-07-31,,2.421,2.467,2.42,2.463,1015608036,2485013315,False
2024-08-01,,2.46,2.465,2.445,2.448,600949600,1474349712,False
2024-08-02,,2.437,2.447,2.425,2.433,932429846,2269291723,False
2024-08-05,,2.425,2.451,2.413,2.417,2299450902,5580889063,False
2024-08-06,,2.427,2.435,2.38,2.401,1326693900,3184782813,False
2024-08-07,,2.396,2.415,2.393,2.399,788845064,1897094333,False
2024-08-08,,2.398,2.421,2.391,2.406,542083213,1304227402,False
2024-08-09,,2.417,2.425,2.402,2.403,710842500,1714657556,False
2024-08-12,,2.403,2.411,2.398,2.404,378518101,909934152,False
2024-08-13,,2.403,2.407,2.39,2.403,482987118,1158542404,False
2024-08-14,,2.404,2.404,2.389,2.39,553523257,1325266891,False
2024-08-15,,2.386,2.432,2.382,2.422,1187768101,2871335967,False
2024-08-16,,2.421,2.438,2.417,2.434,1221009830,2969005525,False
2024-08-19,,2.434,2.458,2.434,2.445,456978344,1118738686,False
2024-08-20,,2.449,2.449,2.426,2.438,1082638005,2635439160,False
2024-08-21,,2.432,2.436,2.412,2.426,867594700,2106447259,False
2024-08-22,,2.428,2.434,2.419,2.43,949185342,2305467167,False
2024-08-23,,2.43,2.449,2.428,2.445,524814883,1280201017,False
2024-08-26,,2.447,2.453,2.431,2.442,494272036,1204738842,False
2024-08-27,,2.441,2.449,2.434,2.444,765349342,1870196685,False
2024-08-28,,2.44,2.443,2.417,2.427,1067530926,2590692432,False
2024-08-29,,2.421,2.425,2.405,2.407,483632442,1166474497,False
2024-08-30,,2.402,2.447,2.401,2.429,1084734178,2632743966,False
2024-09-02,,2.416,2.419,2.387,2.39,739289251,1774478044,False
2024-09-03,,2.389,2.392,2.375,2.379,937708300,2232479897,False
2024-09-04,,2.368,2.379,2.355,2.359,713782500,1687877679,False
2024-09-05,,2.36,2.371,2.355,2.362,689433801,1627092180,False
2024-09-06,,2.364,2.379,2.349,2.351,856267943,2024786340,False
2024-09-09,,2.343,2.346,2.312,2.32,1002380100,2332017439,False
2024-09-10,,2.319,2.328,2.308,2.321,820576957,1902284704,False
2024-09-11,,2.316,2.318,2.3,2.307,926664008,2137845441,False
2024-09-12,,2.308,2.316,2.295,2.297,699198306,1610700920,False
2024-09-13,,2.297,2.312,2.291,2.292,701542499,1614763210,False
2024-09-18,,2.292,2.314,2.29,2.305,986296004,2271001146,False
2024-09-19,,2.308,2.33,2.285,2.319,1039087381,2401231797,False
2024-09-20,,2.315,2.33,2.299,2.323,1892966671,4382428683,False
2024-09-23,,2.321,2.343,2.319,2.33,610242399,1423995800,False
2024-09-24,,2.356,2.45,2.345,2.45,1994535625,4767019076,False
2024-09-25,,2.485,2.524,2.474,2.48,1610607717,4025351590,False
2024-09-26,,2.477,2.62,2.477,2.618,2376659669,6062194855,False
2024-09-27,,2.661,2.818,2.608,2.724,1515369074,4046810263,False
2024-09-30,,2.801,2.944,2.722,2.909,3571868455,10146589827,False
2024-10-08,,3.2,3.2,2.909,2.978,3758084309,11415209760,False
2024-10-09,,2.911,2.94,2.758,2.763,2232707104,6363795056,False
2024-10-10,,2.786,2.92,2.779,2.852,2250743129,6425501180,False
2024-10-11,,2.841,2.848,2.755,2.794,1995223206,5592958724,False
2024-10-14,,2.805,2.845,2.778,2.827,1887459448,5315177775,False
2024-10-15,,2.814,2.833,2.756,2.758,1563030538,4369529347,False
2024-10-16,,2.739,2.783,2.733,2.754,1189681882,3276690493,False
2024-10-17,,2.77,2.784,2.711,2.712,1545933845,4235451493,False
2024-10-18,,2.715,2.862,2.69,2.795,2067426708,5715393298,False
2024-10-21,,2.797,2.811,2.767,2.79,1369032790,3819999477,False
2024-10-22,,2.789,2.817,2.782,2.801,1267692289,3546348418,False
2024-10-23,,2.801,2.84,2.791,2.817,1452292388,4089184202,False
2024-10-24,,2.804,2.809,2.777,2.789,1072730596,2994282318,False
2024-10-25,,2.789,2.816,2.778,2.793,944324741,2639334799,False
2024-10-28,,2.792,2.796,2.764,2.795,820462517,2282518658,False
2024-10-29,,2.798,2.824,2.772,2.779,1105529001,3088699839,False
2024-10-30,,2.769,2.784,2.731,2.743,1015042714,2794248194,False
2024-10-31,,2.743,2.763,2.721,2.741,1068979936,2930423765,False
2024-11-01,,2.735,2.783,2.735,2.762,1380755868,3817604038,False
2024-11-04,,2.765,2.787,2.741,2.785,710692644,1964549168,False
2024-11-05,,2.778,2.842,2.768,2.841,1547429477,4356399376,False
2024-11-06,,2.84,2.857,2.8,2.818,1328726061,3757745277,False
2024-11-07,,2.797,2.928,2.796,2.925,1970369910,5637320950,False
2024-11-08,,2.936,2.95,2.868,2.882,1856141137,5381264573,False
2024-11-11,,2.856,2.868,2.821,2.864,1206051001,3433982664,False
2024-11-12,,2.858,2.894,2.809,2.822,1340968801,3820161665,False
2024-11-13,,2.809,2.849,2.807,2.838,1154336900,3271408028,False
2024-11-14,,2.829,2.856,2.808,2.814,1277206161,3618983319,False
2024-11-15,,2.808,2.821,2.777,2.778,1394418910,3912222816,False
2024-11-18,,2.789,2.835,2.776,2.79,1199619816,3365626873,False
2024-11-19,,2.786,2.793,2.743,2.778,919468916,2548604159,False
2024-11-20,,2.772,2.794,2.764,2.784,854979945,2376422995,False
2024-11-21,,2.78,2.795,2.772,2.791,738982704,2057145584,False
2024-11-22,,2.787,2.792,2.704,2.71,1313065600,3602971341,False
2024-11-25,,2.712,2.727,2.672,2.687,1322431600,3568798498,False
2024-11-26,,2.677,2.714,2.676,2.697,839971050,2265478100,False
2024-11-27,,2.697,2.731,2.687,2.729,1104712619,2996742823,False
2024-11-28,,2.731,2.736,2.701,2.716,913282800,2482544613,False
2024-11-29,,2.717,2.767,2.716,2.732,1162631173,3182140226,False
2024-12-02,,2.678,2.697,2.663,2.688,799280265,2144378892,False
2024-12-03,,2.688,2.71,2.675,2.702,801204634,2156432834,False
2024-12-04,,2.699,2.712,2.687,2.699,924946202,2495054356,False
2024-12-05,,2.69,2.7,2.679,2.687,413820520,1112357920,False
2024-12-06,,2.688,2.736,2.681,2.716,967932149,2628474881,False
2024-12-09,,2.713,2.74,2.707,2.719,669583470,1821136370,False
2024-12-10,,2.799,2.81,2.735,2.744,1298444788,3596212305,False
2024-12-11,,2.737,2.747,2.722,2.726,673784940,1842999625,False
2024-12-12,,2.728,2.758,2.72,2.757,873553639,2397809797,False
2024-12-13,,2.741,2.742,2.682,2.69,1717695328,4640972496,False
2024-12-16,,2.69,2.694,2.68,2.686,835376507,2244566951,False
2024-12-17,,2.682,2.722,2.682,2.7,1087102930,2938050879,False
2024-12-18,,2.709,2.728,2.709,2.719,843209274,2292001076,False
2024-12-19,,2.7,2.719,2.687,2.709,562015517,1521754656,False
2024-12-20,,2.705,2.722,2.695,2.701,948753866,2567483609,False
2024-12-23,,2.701,2.741,2.701,2.724,1446043377,3944060298,False
2024-12-24,,2.728,2.759,2.717,2.753,858261891,2354797871,False
2024-12-25,,2.76,2.778,2.753,2.764,1027326336,2840047675,False
2024-12-26,,2.763,2.765,2.748,2.757,631320236,1739122645,False
2024-12-27,,2.754,2.769,2.74,2.754,611745894,1684614128,False
2024-12-30,,2.754,2.778,2.754,2.773,777244919,2152251817,False
2024-12-31,,2.772,2.779,2.736,2.738,1560391119,4302212444,False
2025-01-02,,2.733,2.738,2.645,2.667,1240283327,3336364664,False
2025-01-03,,2.663,2.672,2.629,2.641,934897349,2480596828,False
2025-01-06,,2.641,2.646,2.607,2.63,1073726962,2818947759,False
2025-01-07,,2.629,2.648,2.62,2.645,657002305,1731993888,False
2025-01-08,,2.642,2.667,2.619,2.651,1218275306,3218938292,False
2025-01-09,,2.649,2.651,2.627,2.638,773678884,2041823177,False
2025-01-10,,2.636,2.651,2.613,2.615,930070680,2445972393,False
2025-01-13,,2.603,2.616,2.586,2.607,723067395,1881410409,False
2025-01-14,,2.611,2.662,2.604,2.652,1187705304,3133213372,False
2025-01-15,,2.646,2.66,2.64,2.646,650967623,1724376610,False
2025-01-16,,2.652,2.671,2.625,2.637,894962989,2368453814,False
2025-01-17,,2.63,2.651,2.616,2.637,618677585,1632157202,False
2025-01-20,,2.65,2.665,2.637,2.643,649137394,1721842485,False
2025-01-21,,2.652,2.654,2.632,2.64,474730245,1254500373,False
2025-01-22,,2.639,2.64,2.597,2.607,1147586736,2993509343,False
2025-01-23,,2.623,2.664,2.618,2.623,1328941637,3502865346,False
2025-01-24,,2.622,2.654,2.618,2.638,974716877,2572864277,False
2025-01-27,,2.642,2.655,2.638,2.643,1162083729,3074369800,False
2025-02-05,,2.655,2.658,2.613,2.619,1129019112,2962741079,False
2025-02-06,,2.619,2.645,2.612,2.638,892169839,2347513436,False
2025-02-07,,2.636,2.685,2.627,2.668,1345050213,3575362486,False
2025-02-10,,2.668,2.687,2.664,2.678,604463923,1617467906,False
2025-02-11,,2.683,2.684,2.664,2.671,772063815,2062683345,False
2025-02-12,,2.67,2.704,2.665,2.698,717588663,1924971127,False
2025-02-13,,2.696,2.724,2.692,2.702,927506361,2509812167,False
2025-02-14,,2.698,2.723,2.693,2.719,934572447,2531742248,False
2025-02-17,,2.725,2.732,2.704,2.723,1070211311,2906761376,False
2025-02-18,,2.72,2.738,2.702,2.713,1041517081,2835266625,False
2025-02-19,,2.707,2.734,2.7,2.722,671784058,1827226884,False
2025-02-20,,2.719,2.719,2.699,2.708,571853314,1548508733,False
2025-02-21,,2.716,2.748,2.707,2.744,960707839,2626155764,False
2025-02-24,,2.74,2.75,2.718,2.731,1067669144,2919079511,False
2025-02-25,,2.718,2.722,2.694,2.703,756265852,2048354417,False
2025-02-26,,2.707,2.728,2.703,2.726,682919074,1854394616,False
2025-02-27,,2.725,2.742,2.714,2.74,726797855,1983692780,False
2025-02-28,,2.732,2.75,2.699,2.705,999051264,2722485399,False
2025-03-03,,2.704,2.715,2.677,2.686,766095121,2067717435,False
2025-03-04,,2.675,2.686,2.665,2.678,533622465,1428469856,False
2025-03-05,,2.679,2.702,2.675,2.697,727997432,1958669647,False
2025-03-06,,2.709,2.75,2.708,2.74,1192574641,3261219816,False
2025-03-07,,2.738,2.754,2.733,2.739,701240610,1921692029,False
2025-03-10,,2.739,2.741,2.709,2.727,1276371343,3473076251,False
2025-03-11,,2.71,2.74,2.705,2.739,616194298,1676905021,False
2025-03-12,,2.739,2.746,2.724,2.73,546302832,1492721820,False
2025-03-13,,2.729,2.742,2.712,2.723,572465155,1562037965,False
2025-03-14,,2.728,2.809,2.728,2.803,1551468313,4318119340,False
2025-03-17,,2.812,2.818,2.793,2.798,649356298,1820785324,False
2025-03-18,,2.807,2.813,2.797,2.8,453365959,1271261850,False
2025-03-19,,2.797,2.819,2.794,2.809,621957127,1744324260,False
2025-03-20,,2.81,2.811,2.772,2.779,775311589,2157416106,False
2025-03-21,,2.772,2.782,2.726,2.734,1013360003,2787569782,False
2025-03-24,,2.733,2.755,2.732,2.752,636681140,1747704081,False
2025-03-25,,2.755,2.758,2.745,2.752,595996025,1639618034,False
2025-03-26,,2.751,2.757,2.733,2.736,791287339,2171300454,False
2025-03-27,,2.735,2.765,2.732,2.75,678026306,1863821605,False
2025-03-28,,2.749,2.753,2.73,2.738,545554555,1494605469,False
2025-03-31,,2.733,2.752,2.716,2.725,842143480,2298250485,False
2025-04-01,,2.726,2.735,2.718,2.721,457242281,1246064948,False
2025-04-02,,2.718,2.729,2.711,2.716,375959813,1022632655,False
2025-04-03,,2.696,2.731,2.693,2.72,689607319,1874086278,False
2025-04-07,,2.62,2.66,2.49,2.571,3704080052,9546614904,False
2025-04-08,,2.571,2.629,2.564,2.628,3556315317,9231398383,False
2025-04-09,,2.61,2.653,2.594,2.648,1503722613,3950325657,False
2025-04-10,,2.675,2.679,2.648,2.672,876924622,2336224166,False
2025-04-11,,2.661,2.68,2.652,2.677,1105871129,2951415498,False
2025-04-14,,2.679,2.693,2.669,2.685,460198204,1235248373,False
2025-04-15,,2.681,2.696,2.671,2.691,1020705703,2741779164,False
2025-04-16,,2.69,2.721,2.673,2.715,2312658038,6254287293,False
2025-04-17,,2.702,2.746,2.699,2.718,1166330905,3165668335,False
2025-04-18,,2.71,2.727,2.705,2.72,1301806702,3539182659,False
2025-04-21,,2.715,2.732,2.711,2.711,630351348,1714100311,False
2025-04-22,,2.71,2.727,2.709,2.716,610666215,1660128171,False
2025-04-23,,2.723,2.726,2.704,2.708,495159980,1342415055,False
2025-04-24,,2.708,2.726,2.707,2.715,594161105,1613866464,False
2025-04-25,,2.717,2.724,2.702,2.71,665365946,1805125877,False
2025-04-28,,2.705,2.718,2.694,2.711,519959272,1408460197,False
2025-04-29,,2.71,2.715,2.7,2.706,384683681,1040951117,False
2025-04-30,,2.706,2.713,2.692,2.693,556827770,1503201223,False
2025-05-06,,2.709,2.71,2.694,2.707,505829535,1367480491,False
2025-05-07,,2.739,2.745,2.715,2.731,1220931662,3326943534,False
2025-05-08,,2.724,2.757,2.721,2.742,797600557,2186952398,False
2025-05-09,,2.738,2.75,2.737,2.744,512043246,1405198746,False
2025-05-12,,2.75,2.774,2.744,2.763,726418144,2005089060,False
2025-05-13,,2.774,2.774,2.762,2.769,575800924,1593292617,False
2025-05-14,,2.771,2.832,2.769,2.817,1254648913,3513556759,False
2025-05-15,,2.813,2.821,2.798,2.803,811279532,2277983259,False
2025-05-16,,2.798,2.804,2.767,2.778,690061920,1916601343,False
2025-05-19,,2.77,2.778,2.762,2.769,465527214,1288467234,False
2025-05-20,,2.77,2.793,2.769,2.78,366660806,1019948818,False
2025-05-21,,2.78,2.804,2.78,2.793,428172019,1196598225,False
2025-05-22,,2.788,2.802,2.781,2.796,247053766,689977958,False
2025-05-23,,2.794,2.807,2.773,2.775,505854295,1410503675,False
2025-05-26,,2.77,2.785,2.756,2.764,473676185,1311057810,False
2025-05-27,,2.763,2.771,2.747,2.75,417125746,1149675545,False
2025-05-28,,2.75,2.754,2.743,2.747,334195700,918550162,False
2025-05-29,,2.748,2.769,2.741,2.754,882087471,2432427132,False
2025-05-30,,2.753,2.758,2.73,2.749,884995116,2427758102,False
2025-06-03,,2.74,2.761,2.734,2.748,501260254,1377558489,False
2025-06-04,,2.751,2.764,2.748,2.755,318023306,876760447,False
2025-06-05,,2.76,2.761,2.745,2.754,416479500,1146637796,False
2025-06-06,,2.758,2.768,2.751,2.756,506736659,1397081746,False
2025-06-09,,2.758,2.767,2.747,2.756,709788198,1957559023,False
2025-06-10,,2.758,2.767,2.735,2.742,917943537,2523180749,False
2025-06-11,,2.742,2.776,2.741,2.762,585072791,1616633629,False
2025-06-12,,2.758,2.766,2.741,2.76,392650273,1081965600,False
2025-06-13,,2.755,2.76,2.736,2.746,651201333,1788406622,False
2025-06-16,,2.737,2.757,2.735,2.753,578828372,1590303432,False
2025-06-17,,2.752,2.756,2.74,2.753,571268034,1570751594,False
2025-06-18,,2.752,2.76,2.739,2.75,427677032,1175526798,False
2025-06-19,,2.746,2.748,2.727,2.733,806218699,2206082968,False
2025-06-20,,2.735,2.755,2.734,2.749,788226011,2165196619,False
2025-06-23,,2.743,2.771,2.733,2.762,755015613,2076108843,False
2025-06-24,,2.762,2.81,2.761,2.792,958847700,2675962191,False
2025-06-25,,2.794,2.834,2.788,2.832,974126991,2736403316,False
2025-06-26,,2.83,2.834,2.822,2.826,591542718,1672621169,False
2025-06-27,,2.829,2.839,2.792,2.795,735136118,2068149774,False
2025-06-30,,2.795,2.809,2.787,2.807,789373449,2210764804,False
2025-07-01,,2.806,2.815,2.8,2.81,438817401,1232308688,False
2025-07-02,,2.811,2.823,2.804,2.816,413099449,1162975614,False
2025-07-03,,2.818,2.823,2.808,2.82,225945711,636587617,False
2025-07-04,,2.818,2.858,2.809,2.836,563123547,1597038384,False
2025-07-07,,2.831,2.833,2.82,2.828,288204982,814856144,False
2025-07-08,,2.827,2.85,2.827,2.845,458241093,1302452590,False
2025-07-09,,2.847,2.857,2.837,2.842,405370706,1154327161,False
2025-07-10,,2.839,2.879,2.838,2.858,559082930,1598907166,False
2025-07-11,,2.86,2.918,2.858,2.871,1251123183,3610956141,False
2025-07-14,,2.87,2.884,2.867,2.869,521790301,1500087616,False
2025-07-15,,2.869,2.876,2.839,2.855,632367442,1805683902,False
2025-07-16,,2.855,2.866,2.839,2.85,446635933,1273605526,False
2025-07-17,,2.849,2.86,2.845,2.859,381697779,1088783179,False
2025-07-18,,2.864,2.889,2.862,2.884,676731019,1948265127,False
2025-07-21,,2.887,2.896,2.88,2.89,573545405,1657056377,False
2025-07-22,,2.892,2.916,2.879,2.914,658976345,1911014128,False
2025-07-23,,2.915,2.946,2.914,2.921,726229354,2124964391,False
2025-07-24,,2.921,2.942,2.913,2.933,538146503,1576501117,False
2025-07-25,,2.933,2.933,2.907,2.916,572556124,1671135438,False
2025-07-28,,2.917,2.933,2.908,2.929,610284995,1782760737,False
2025-07-29,,2.925,2.938,2.916,2.934,520820030,1525541361,False
2025-07-30,,2.93,2.968,2.923,2.943,826165102,2433011771,False
2025-07-31,,2.934,2.934,2.888,2.899,946419985,2749811736,False
2025-08-01,,2.893,2.902,2.869,2.876,823513988,2374086988,False
2025-08-04,,2.868,2.891,2.867,2.89,479895160,1383406392,False
2025-08-05,,2.89,2.916,2.888,2.912,724301836,2099184601,False
2025-08-06,,2.91,2.923,2.907,2.918,328782877,959042523,False
2025-08-07,,2.92,2.931,2.908,2.921,404373495,1180788104,False
2025-08-08,,2.916,2.923,2.905,2.91,293830872,856099430,False
2025-08-11,,2.912,2.924,2.905,2.912,641217180,1869028848,False
2025-08-12,,2.913,2.94,2.913,2.932,613600395,1798129332,False
2025-08-13,,2.932,2.954,2.93,2.94,741455374,2180500310,False
2025-08-14,,2.943,2.982,2.942,2.954,929751369,2757349078,False
2025-08-15,,2.948,2.977,2.938,2.965,1353060946,4003619255,False
2025-08-18,,2.97,2.992,2.956,2.971,1099632367,3269602786,False
2025-08-19,,2.969,2.985,2.935,2.937,802699002,2377183204,False
2025-08-20,,2.934,2.976,2.921,2.975,1003750690,2959911661,False
2025-08-21,,2.979,2.999,2.976,2.99,874023648,2611520308,False
2025-08-22,,2.992,3.067,2.992,3.066,1265864867,3839493779,False
2025-08-25,,3.079,3.128,3.074,3.124,1188379707,3686011529,False
2025-08-26,,3.121,3.121,3.094,3.101,727485594,2259143373,False
2025-08-27,,3.103,3.116,3.047,3.051,992806302,3063603360,False
2025-08-28,,3.046,3.097,3.035,3.095,1151366620,3525295588,False
2025-08-29,,3.085,3.122,3.081,3.112,1242740893,3859689659,False
2025-09-01,,3.115,3.122,3.096,3.113,947105873,2943557486,False
2025-09-02,,3.115,3.141,3.1,3.128,779798030,2432778748,False
2025-09-03,,3.128,3.137,3.064,3.087,1119035771,3463114302,False
2025-09-04,,3.083,3.086,3.003,3.034,1495711421,4540923242,False
2025-09-05,,3.033,3.08,3.027,3.072,649923624,1981307539,False
2025-09-08,,3.07,3.083,3.051,3.067,535238452,1640028027,False
2025-09-09,,3.06,3.08,3.044,3.059,851887505,2609463949,False
2025-09-10,,3.056,3.088,3.054,3.072,460363432,1413805970,False
2025-09-11,,3.06,3.124,3.046,3.122,1308600325,4051308693,False
2025-09-12,,3.124,3.136,3.097,3.104,694971852,2166630148,False
2025-09-15,,3.109,3.118,3.089,3.097,542322395,1682296306,False
2025-09-16,,3.1,3.108,3.075,3.082,645047199,1991021244,False
2025-09-17,,3.078,3.094,3.067,3.088,579748039,1787174499,False
2025-09-18,,3.092,3.108,3.02,3.048,1304857521,3998792923,False
2025-09-19,,3.04,3.065,3.038,3.045,655665965,1998501642,False
2025-09-22,,3.044,3.061,3.032,3.054,633104475,1928638675,False
2025-09-23,,3.052,3.07,3.023,3.054,1108592600,3374128682,False
2025-09-24,,3.044,3.077,3.042,3.072,808978400,2479210133,False
2025-09-25,,3.074,3.097,3.072,3.087,557976225,1721400563,False
2025-09-26,,3.077,3.096,3.072,3.077,465569300,1435065217,False
2025-09-29,,3.072,3.138,3.054,3.109,1264089496,3914435874,False
2025-09-30,,3.117,3.128,3.112,3.126,553634686,1727831432,False
2025-10-09,,3.137,3.169,3.121,3.161,675390755,2128598458,False
2025-10-10,,3.145,3.149,3.102,3.112,931234621,2914413378,False
2025-10-13,,3.051,3.108,3.051,3.101,537714800,1658253505,False
2025-10-14,,3.115,3.132,3.086,3.1,1135122366,3526579487,False
2025-10-15,,3.102,3.143,3.094,3.138,803921165,2502433071,False
2025-10-16,,3.134,3.168,3.13,3.159,849296886,2678346524,False
2025-10-17,,3.158,3.163,3.098,3.11,1047601211,3278620181,False
2025-10-20,,3.121,3.134,3.103,3.111,906814037,2826283876,False
2025-10-21,,3.118,3.152,3.114,3.144,852424800,2676516855,False
2025-10-22,,3.127,3.153,3.122,3.148,793070110,2490736551,False
2025-10-23,,3.145,3.172,3.121,3.167,576569281,1815583860,False
2025-10-24,,3.175,3.199,3.171,3.192,681061847,2170182537,False
2025-10-27,,3.208,3.225,3.2,3.216,946697220,3042816244,False
2025-10-28,,3.212,3.223,3.19,3.196,784301490,2513720323,False
2025-10-29,,3.198,3.212,3.194,3.21,630345860,2018965576,False
2025-10-30,,3.205,3.223,3.188,3.193,986908581,3163449253,False
2025-10-31,,3.194,3.197,3.156,3.16,1060663918,3363311712,False
2025-11-03,,3.153,3.164,3.132,3.161,1006200674,3166655043,False
2025-11-04,,3.16,3.173,3.141,3.156,991841576,3136611917,False
2025-11-05,,3.133,3.164,3.125,3.15,572868819,1803327006,False
2025-11-06,,3.158,3.195,3.154,3.19,641061413,2037541881,False
2025-11-07,,3.183,3.196,3.181,3.186,445456256,1420114082,False
2025-11-10,,3.189,3.203,3.174,3.201,441121842,1406521562,False
2025-11-11,,3.205,3.208,3.169,3.18,511249302,1628643364,False
2025-11-12,,3.178,3.206,3.178,3.197,553594448,1768649254,False
2025-11-13,,3.191,3.225,3.19,3.221,501223694,1608743671,False
2025-11-14,,3.21,3.223,3.182,3.183,427387153,1369872620,False
2025-11-17,,3.182,3.183,3.146,3.159,764881578,2416180192,False
2025-11-18,,3.152,3.168,3.139,3.15,662614119,2089781641,False
2025-11-19,,3.146,3.178,3.146,3.165,711760532,2254120766,False
2025-11-20,,3.177,3.186,3.15,3.156,386372977,1224754736,False
2025-11-21,,3.137,3.173,3.095,3.101,792638672,2473786882,False
2025-11-24,,3.105,3.11,3.086,3.094,618348200,1914988653,False
2025-11-25,,3.104,3.118,3.096,3.11,570056530,1771704351,False
2025-11-26,,3.113,3.25,3.111,3.114,465589180,1455522610,False
2025-11-27,,3.118,3.134,3.109,3.112,651239353,2031957083,False
2025-11-28,,3.111,3.118,3.097,3.113,589190200,1833142674,False
2025-12-01,,3.117,3.138,3.114,3.137,755812430,2362655988,False
2025-12-02,,3.137,3.138,3.115,3.122,479126144,1497172653,False
2025-12-03,,3.12,3.128,3.1,3.108,477834475,1488190809,False
2025-12-04,,3.112,3.125,3.102,3.116,430639879,1340649980,False
2025-12-05,,3.116,3.158,3.113,3.145,663713699,2079986960,False
2025-12-08,,3.152,3.178,3.151,3.164,789410436,2500002711,False
2025-12-09,,3.16,3.162,3.135,3.142,557029393,1754740990,False
2025-12-10,,3.138,3.142,3.113,3.132,552226066,1724812129,False
2025-12-11,,3.137,3.142,3.109,3.12,492066877,1536097539,False
2025-12-12,,3.125,3.139,3.11,3.134,631028000,1970526961,False
2025-12-15,,3.126,3.163,3.122,3.133,520007272,1635603985,False
2025-12-16,,3.131,3.132,3.089,3.103,787803800,2442529699,False
2025-12-17,,3.025,3.074,3.014,3.058,886313093,2695966160,False
2025-12-18,,3.053,3.069,3.046,3.064,377578753,1154764013,False
2025-12-19,,3.065,3.09,3.058,3.078,866072240,2665173324,False
2025-12-22,,3.083,3.1,3.082,3.092,543950813,1682043220,False
2025-12-23,,3.096,3.113,3.089,3.098,722707219,2241101077,False
2025-12-24,,3.097,3.105,3.084,3.099,662037106,2050027844,False
2025-12-25,,3.096,3.113,3.09,3.107,446623813,1386865466,False
2025-12-26,,3.108,3.134,3.106,3.12,716197258,2236789637,False
2025-12-29,,3.12,3.13,3.101,3.109,487016493,1518726583,False
2025-12-30,,3.1,3.123,3.094,3.108,524257565,1629081498,False
2025-12-31,,3.11,3.124,3.097,3.105,911474675,2833025366,False
2026-01-05,,3.116,3.182,3.116,3.174,799217865,2524515102,False
2026-01-06,,3.18,3.236,3.177,3.235,644410202,2073263117,False
2026-01-07,,3.236,3.238,3.206,3.22,612968172,1976501651,False
2026-01-08,,3.212,3.218,3.182,3.198,512542924,1642284602,False
2026-01-09,,3.197,3.223,3.188,3.209,601376095,1927069956,False
2026-01-12,,3.215,3.225,3.2,3.218,544302509,1748840628,False
2026-01-13,,3.223,3.256,3.2,3.214,915113992,2949642163,False
2026-01-14,,3.216,3.249,3.179,3.187,1187016390,3820923161,False
2026-01-15,,3.18,3.205,3.17,3.18,3638507692,11581736839,False
2026-01-16,,3.193,3.207,3.142,3.16,3476366733,11018656854,False
2026-01-19,,3.153,3.174,3.142,3.153,2269318806,7155389658,False
2026-01-20,,3.152,3.167,3.135,3.15,2457644589,7744320022,False
2026-01-21,,3.147,3.175,3.136,3.145,5365876228,16901428956,False
2026-01-22,,3.153,3.166,3.124,3.131,2846785448,8925098582,False
2026-01-23,,3.135,3.141,3.094,3.106,3969981224,12351771835,False
2026-01-26,,3.115,3.166,3.111,3.129,5361942668,16795014111,False
2026-01-27,,3.13,3.158,3.123,3.131,2890246501,9061716278,False
2026-01-28,,3.141,3.152,3.123,3.138,6847066475,21454832756,False
2026-01-29,,3.145,3.203,3.128,3.196,3693594492,11689686750,False
2026-01-30,,3.175,3.186,3.116,3.147,1143916151,3606714962,False
2026-02-02,,3.13,3.154,3.071,3.08,1693065318,5253679671,False
2026-02-03,,3.098,3.111,3.063,3.108,971969838,3003809726,False
2026-02-04,,3.107,3.148,3.103,3.147,716319935,2238591025,False
2026-02-05,,3.129,3.145,3.106,3.137,710542701,2221742828,False
2026-02-06,,3.11,3.135,3.092,3.115,706855756,2200633906,False
2026-02-09,,3.14,3.162,3.135,3.161,622505637,1962017584,False
2026-02-10,,3.165,3.171,3.159,3.17,442620952,1400921663,False
2026-02-11,,3.165,3.174,3.156,3.17,369356456,1169523562,False
2026-02-12,,3.171,3.176,3.158,3.161,255903636,809350294,False
2026-02-13,,3.149,3.15,3.111,3.114,933877556,2917013891,False
2026-02-24,,3.15,3.154,3.118,3.119,416578566,1303475437,False
2026-02-25,,3.121,3.162,3.121,3.134,847064266,2659610449,False
2026-02-26,,3.136,3.14,3.101,3.115,477638593,1488554625,False
2026-02-27,,3.108,3.128,3.104,3.123,558160575,1740196930,False
2026-03-02,,3.113,3.131,3.086,3.125,1092505206,3401466066,False
2026-03-03,,3.122,3.137,3.089,3.096,867607396,2697542076,False
2026-03-04,,3.07,3.077,3.03,3.051,662091928,2022399263,False
2026-03-05,,3.066,3.078,3.054,3.066,580639119,1780740164,False
2026-03-06,,3.055,3.079,3.047,3.068,601413989,1842106689,False
2026-03-09,,3.04,3.05,3.005,3.041,863208865,2612539197,False
2026-03-10,,3.047,3.064,3.047,3.06,439311296,1342906763,False
2026-03-11,,3.06,3.066,3.048,3.062,398393610,1218659571,False
2026-03-12,,3.058,3.061,3.03,3.047,533160906,1624238842,False
2026-03-13,,3.038,3.055,3.027,3.035,446963900,1360100429,False
2026-03-16,,3.03,3.032,3.003,3.028,643145395,1943812608,False
2026-03-17,,3.03,3.072,3.028,3.039,701699631,2142979238,False
2026-03-18,,3.045,3.05,3.015,3.035,591383337,1793105343,False
2026-03-19,,3.01,3.018,2.983,2.993,766470849,2298977591,False
2026-03-20,,2.99,3.001,2.955,2.957,907053000,2701831656,False
2026-03-23,,2.924,2.931,2.851,2.868,1398570497,4033225736,False
2026-03-24,,2.88,2.902,2.862,2.9,975682304,2815365062,False
2026-03-25,,2.911,2.935,2.91,2.93,1194121967,3493475490,False
2026-03-26,,2.927,2.935,2.89,2.897,415458612,1209382587,False
2026-03-27,,2.877,2.919,2.876,2.909,650635173,1890122901,False
2026-03-30,,2.886,2.908,2.875,2.905,545261840,1575939126,False
2026-03-31,,2.912,2.939,2.9,2.902,601687723,1758374966,False
2026-04-01,,2.93,2.957,2.929,2.951,457511494,1347557081,False
2026-04-02,,2.945,2.947,2.911,2.926,419338035,1229403559,False
2026-04-03,,2.93,2.932,2.898,2.901,283025691,824316115,False
2026-04-07,,2.901,2.915,2.895,2.9,401667333,1166961547,False
2026-04-08,,2.94,2.982,2.938,2.978,846513732,2507918932,False
2026-04-09,,2.964,2.964,2.95,2.958,375617671,1111116413,False
2026-04-10,,2.967,2.989,2.966,2.972,485004157,1444035469,False
2026-04-13,,2.966,2.975,2.956,2.972,269499293,799899357,False
2026-04-14,,2.988,2.999,2.972,2.997,422466502,1261579353,False
2026-04-15,,3.008,3.027,3.005,3.008,395736369,1193503853,False
2026-04-16,,3.01,3.024,3.004,3.014,521758730,1573196748,False
2026-04-17,,2.999,3.004,2.98,2.982,827049922,2471940802,False
2026-04-20,,2.982,3.011,2.981,3.007,648753428,1946054154,False
2026-04-21,,3.006,3.01,2.992,3.006,690185884,2071605592,False
2026-04-22,,2.998,3.01,2.996,3.005,978006909,2936318894,False
2026-04-23,,3.006,3.014,2.984,3.001,1310505281,3933095472,False
2026-04-24,,2.995,3.024,2.986,3.018,989996116,2976800794,False
2026-04-27,,3.015,3.031,3.007,3.013,1015724512,3062740187,False
2026-04-28,,3.008,3.037,3.006,3.024,1238367402,3748025654,False
2026-04-29,,3.019,3.046,3.014,3.041,1287005615,3894058815,False
2026-04-30,,3.042,3.065,3.037,3.062,1751207462,5350037813,False
2026-05-06,,3.079,3.116,3.077,3.1,1873728353,5816897296,False
2026-05-07,,3.107,3.115,3.094,3.103,1613551283,5002057798,False
2026-05-08,,3.092,3.093,3.061,3.075,1807909313,5554580169,False
2026-05-11,,3.09,3.123,3.081,3.116,1776177894,5508278520,False
2026-05-12,,3.116,3.131,3.108,3.119,1178872890,3674864435,False
2026-05-13,,3.107,3.127,3.093,3.123,1377046933,4278442732,False
2026-05-14,,3.131,3.133,3.072,3.074,1042284056,3230850343,False
2026-05-15,,3.065,3.076,3.018,3.035,1109066192,3383669380,False
2026-05-18,,3.02,3.03,2.992,3.008,870984563,2621819056,False
2026-05-19,,3.005,3.028,2.99,3.026,1645348227,4945752838,False
2026-05-20,,3.012,3.037,3.01,3.029,1282018780,3878181495,False
2026-05-21,,3.043,3.072,2.992,2.994,955267514,2908756656,False
2026-05-22,,3.005,3.01,2.982,2.995,1252153748,3749093628,False
2026-05-25,,3.003,3.041,3.0,3.039,1353849176,4099283633,False
2026-05-26,,3.033,3.049,3.019,3.046,874975533,2655191778,False
2026-05-27,,3.042,3.051,2.993,3.008,981673720,2961688369,False
2026-05-28,,3.0,3.003,2.966,2.985,493506764,1474660558,False
2026-05-29,,2.988,3.013,2.984,2.997,630675307,1889896638,False
2026-06-01,,2.999,2.999,2.961,2.968,798242529,2381957844,False
2026-06-02,,2.97,3.008,2.966,2.993,771941230,2306590138,False
2026-06-03,,2.992,3.014,2.981,2.996,915449633,2746601612,False
2026-06-04,,2.98,2.993,2.957,2.964,636881569,1892240982,False
2026-06-05,,2.958,2.985,2.934,2.94,681720904,2018142492,False
2026-06-08,,2.909,2.923,2.881,2.901,795171868,2309468939,False
2026-06-09,,2.904,2.918,2.888,2.917,825314052,2393804682,False
