date,open,high,low,close,volume,amount,suspended
2013-05-08,1.002,1.01,0.998,1.007,253293104,254361472,False
2013-05-09,1.004,1.017,1.004,1.013,83157904,84056096,False
2013-05-10,1.008,1.022,1.005,1.013,34904792,35481896,False
2013-05-13,1.016,1.019,0.912,1.013,20323996,20546916,False
2013-05-14,1.002,1.012,0.993,0.999,49586404,49616028,False
2013-05-15,0.989,0.996,0.989,0.994,21941428,21777524,False
2013-05-16,0.994,1.011,0.987,1.006,17172216,17144452,False
2013-05-17,1.004,1.02,1.004,1.019,11536164,11693200,False
2013-05-20,1.02,1.028,1.01,1.027,16302388,16686587,False
2013-05-21,1.023,1.023,1.008,1.014,16596675,16792624,False
2013-05-22,1.014,1.027,1.009,1.021,21379896,21823240,False
2013-05-23,1.011,1.04,1.011,1.027,23625468,24284748,False
2013-05-24,1.03,1.037,1.019,1.028,8824336,9064033,False
2013-05-27,1.022,1.028,1.018,1.028,5334400,5462365,False
2013-05-28,1.023,1.038,1.022,1.038,3099452,3199614,False
2013-05-29,1.038,1.045,1.037,1.041,3983269,4147538,False
2013-05-30,1.038,1.04,1.031,1.037,7939014,8219993,False
2013-05-31,1.037,1.042,1.03,1.03,1609133,1669291,False
2013-06-03,1.029,1.04,1.029,1.035,1774120,1834130,False
2013-06-04,1.03,1.032,1.016,1.019,5111199,5233001,False
2013-06-05,1.02,1.025,1.014,1.023,6112800,6239166,False
2013-06-06,1.023,1.03,1.014,1.015,1305090,1336533,False
2013-06-07,1.016,1.018,0.996,1.0,9963735,9975184,False
2013-06-13,0.997,0.997,0.976,0.985,10283325,10098431,False
2013-06-14,0.985,0.993,0.984,0.993,2546100,2516241,False
2013-06-17,1.013,1.013,0.984,0.99,5571800,5523339,False
2013-06-18,1.01,1.01,0.996,1.007,4449282,4474149,False
2013-06-19,1.007,1.028,1.0,1.025,17966248,18272552,False
2013-06-20,1.022,1.029,1.003,1.005,14155948,14477007,False
2013-06-21,0.987,1.017,0.987,1.006,6625433,6649673,False
2013-06-24,0.987,1.006,0.963,0.969,11919290,11823090,False
2013-06-25,0.95,0.978,0.912,0.976,22466204,21582096,False
2013-06-26,0.97,0.988,0.969,0.98,11374300,11095057,False
2013-06-27,0.999,0.999,0.969,0.971,7387613,7248147,False
2013-06-28,0.97,0.985,0.963,0.97,1874100,1831538,False
2013-07-01,0.953,0.999,0.953,0.998,3472100,3406927,False
2013-07-02,0.992,1.032,0.992,1.023,26299738,26809292,False
2013-07-03,1.025,1.038,1.015,1.035,22309536,22914740,False
2013-07-04,1.03,1.042,1.015,1.034,12454200,12874787,False
2013-07-05,1.034,1.04,1.029,1.03,18108390,18739532,False
2013-07-08,1.02,1.04,1.005,1.013,11512100,11750445,False
2013-07-09,1.012,1.016,1.001,1.006,9618899,9673162,False
2013-07-10,1.01,1.021,0.996,1.021,1698235,1714916,False
2013-07-11,1.026,1.05,1.02,1.038,14375546,14958897,False
2013-07-12,1.042,1.055,1.036,1.039,15417848,16106045,False
2013-07-15,1.04,1.056,1.035,1.055,14593699,15244058,False
2013-07-16,1.048,1.061,1.045,1.06,14448143,15250233,False
2013-07-17,1.051,1.055,1.03,1.03,14933862,15567541,False
2013-07-18,1.025,1.034,1.013,1.024,8316625,8515348,False
2013-07-19,1.023,1.028,1.007,1.022,7767825,7907772,False
2013-07-22,1.01,1.019,0.999,1.019,3720491,3757937,False
2013-07-23,1.008,1.043,1.008,1.042,8960306,9217871,False
2013-07-24,1.042,1.055,1.032,1.05,15568407,16290599,False
2013-07-25,1.054,1.063,1.042,1.051,10323104,10897792,False
2013-07-26,1.045,1.054,1.035,1.04,14750350,15355554,False
2013-07-29,1.035,1.035,1.02,1.024,11056616,11340171,False
2013-07-30,1.024,1.032,1.011,1.019,3598350,3674740,False
2013-07-31,1.027,1.04,1.015,1.016,2453400,2502740,False
2013-08-01,1.019,1.031,1.016,1.031,2599900,2662313,False
2013-08-02,1.032,1.047,1.032,1.04,12218435,12721239,False
2013-08-05,1.044,1.067,1.044,1.066,14003105,14840945,False
2013-08-06,1.067,1.075,1.061,1.072,3839745,4105232,False
2013-08-07,1.072,1.078,1.063,1.068,12423255,13311707,False
2013-08-08,1.07,1.075,1.063,1.07,4750800,5081549,False
2013-08-09,1.07,1.084,1.064,1.076,2986940,3212598,False
2013-08-12,1.086,1.09,1.077,1.088,8252754,8960479,False
2013-08-13,1.086,1.088,1.075,1.075,6405200,6913527,False
2013-08-14,1.078,1.092,1.066,1.069,7003108,7512920,False
2013-08-15,1.067,1.073,1.056,1.056,12754360,13613917,False
2013-08-16,1.056,1.072,1.035,1.037,8417773,8872335,False
2013-08-19,1.034,1.059,1.034,1.059,16403001,17214964,False
2013-08-20,1.059,1.067,1.049,1.05,5105866,5394598,False
2013-08-21,1.052,1.054,1.045,1.05,3734000,3913435,False
2013-08-22,1.051,1.08,1.05,1.052,4287374,4515256,False
2013-08-23,1.052,1.06,1.034,1.048,8054330,8468171,False
2013-08-26,1.048,1.064,1.047,1.064,5774400,6097487,False
2013-08-27,1.065,1.067,1.06,1.066,8306342,8835852,False
2013-08-28,1.062,1.063,1.05,1.057,8867742,9385136,False
2013-08-29,1.058,1.061,1.05,1.056,4174200,4411032,False
2013-08-30,1.055,1.058,1.046,1.05,6392489,6718814,False
2013-09-02,1.051,1.064,1.049,1.054,13493489,14255948,False
2013-09-03,1.055,1.075,1.055,1.07,6386700,6827333,False
2013-09-04,1.071,1.075,1.067,1.074,4154532,4451672,False
2013-09-05,1.073,1.094,1.067,1.09,8798248,9558949,False
2013-09-06,1.089,1.095,1.084,1.087,6435679,7012376,False
2013-09-09,1.087,1.097,1.083,1.095,11464267,12514139,False
2013-09-10,1.095,1.112,1.094,1.107,13142958,14540297,False
2013-09-11,1.106,1.111,1.087,1.11,14904177,16408192,False
2013-09-12,1.108,1.108,1.098,1.103,6321519,6970454,False
2013-09-13,1.104,1.126,1.104,1.12,6680073,7481085,False
2013-09-16,1.119,1.127,1.108,1.108,6527300,7272034,False
2013-09-17,1.109,1.109,1.09,1.091,3390428,3720631,False
2013-09-18,1.09,1.094,1.077,1.088,18440400,19976340,False
2013-09-23,1.094,1.109,1.093,1.108,15909818,17503304,False
2013-09-24,1.103,1.126,1.103,1.125,3938600,4396652,False
2013-09-25,1.126,1.135,1.118,1.124,1940960,2184892,False
2013-09-26,1.139,1.158,1.121,1.129,20267752,22963122,False
2013-09-27,1.128,1.142,1.127,1.128,6720200,7618601,False
2013-09-30,1.13,1.143,1.125,1.141,871300,986269,False
2013-10-08,1.14,1.165,1.14,1.149,4357447,5038964,False
2013-10-09,1.15,1.17,1.14,1.17,4085300,4714055,False
2013-10-10,1.169,1.187,1.163,1.17,8106646,9507229,False
2013-10-11,1.172,1.188,1.172,1.184,14700787,17335792,False
2013-10-14,1.185,1.204,1.185,1.195,7624731,9146858,False
2013-10-15,1.197,1.214,1.196,1.209,7972596,9605707,False
2013-10-16,1.21,1.227,1.18,1.19,20796608,24852400,False
2013-10-17,1.2,1.215,1.174,1.186,18203394,21668324,False
2013-10-18,1.182,1.198,1.18,1.197,6894090,8192968,False
2013-10-21,1.2,1.247,1.2,1.238,14927316,18215010,False
2013-10-22,1.24,1.246,1.22,1.225,15927200,19579682,False
2013-10-23,1.225,1.237,1.173,1.181,17156100,20482328,False
2013-10-24,1.178,1.185,1.155,1.16,18231000,21299688,False
2013-10-25,1.16,1.167,1.116,1.13,20578200,23342942,False
2013-10-28,1.13,1.136,1.115,1.12,9158254,10290304,False
2013-10-29,1.12,1.133,1.082,1.109,12208693,13439560,False
2013-10-30,1.109,1.127,1.104,1.126,8171600,9097513,False
2013-10-31,1.126,1.126,1.073,1.074,27119000,29368440,False
2013-11-01,1.074,1.084,1.052,1.071,30643248,32533510,False
2013-11-04,1.072,1.085,1.07,1.07,7342286,7910680,False
2013-11-05,1.07,1.083,1.055,1.082,7386056,7912489,False
2013-11-06,1.08,1.087,1.07,1.072,14801783,15965713,False
2013-11-07,1.071,1.071,1.05,1.054,27874566,29469436,False
2013-11-08,1.054,1.055,1.042,1.043,9411820,9866090,False
2013-11-11,1.042,1.067,1.042,1.058,13113176,13850916,False
2013-11-12,1.059,1.08,1.058,1.074,19206400,20545554,False
2013-11-13,1.075,1.075,1.058,1.059,17871430,19023080,False
2013-11-14,1.059,1.086,1.057,1.085,11573841,12368324,False
2013-11-15,1.085,1.12,1.083,1.109,8753223,9698924,False
2013-11-18,1.122,1.138,1.121,1.138,8785023,9924765,False
2013-11-19,1.137,1.137,1.111,1.114,11250718,12612278,False
2013-11-20,1.115,1.121,1.107,1.118,25180608,28034050,False
2013-11-21,1.116,1.116,1.101,1.109,18006970,19902708,False
2013-11-22,1.109,1.111,1.096,1.101,10855200,11997608,False
2013-11-25,1.1,1.108,1.087,1.097,10625138,11650197,False
2013-11-26,1.097,1.103,1.094,1.098,5353299,5885106,False
2013-11-27,1.098,1.107,1.094,1.105,3998600,4412864,False
2013-11-28,1.106,1.13,1.106,1.122,13085590,14714311,False
2013-11-29,1.124,1.124,1.114,1.122,11170400,12504747,False
2013-12-02,1.119,1.119,1.073,1.076,9324487,10152179,False
2013-12-03,1.074,1.101,1.074,1.097,6695868,7285681,False
2013-12-04,1.097,1.121,1.096,1.116,4477894,4971359,False
2013-12-05,1.117,1.123,1.112,1.114,3166894,3540318,False
2013-12-06,1.114,1.115,1.105,1.108,11223307,12468596,False
2013-12-09,1.108,1.115,1.101,1.114,7076066,7832667,False
2013-12-10,1.115,1.123,1.111,1.114,7295049,8136318,False
2013-12-11,1.114,1.114,1.097,1.106,13026549,14358024,False
2013-12-12,1.105,1.115,1.1,1.106,6968500,7730393,False
2013-12-13,1.106,1.11,1.097,1.104,5493420,6061071,False
2013-12-16,1.104,1.104,1.082,1.085,8067501,8811432,False
2013-12-17,1.083,1.085,1.073,1.074,11669000,12557435,False
2013-12-18,1.075,1.08,1.073,1.075,10530800,11317634,False
2013-12-19,1.076,1.082,1.062,1.062,20220800,21641186,False
2013-12-20,1.063,1.076,1.057,1.069,12057500,12839928,False
2013-12-23,1.069,1.069,1.049,1.063,32559850,34535696,False
2013-12-24,1.063,1.072,1.05,1.057,5875850,6258463,False
2013-12-25,1.057,1.068,1.053,1.068,4379500,4634829,False
2013-12-26,1.068,1.073,1.056,1.057,6022250,6414590,False
2013-12-27,1.056,1.071,1.054,1.066,19506100,20805312,False
2013-12-30,1.066,1.074,1.066,1.069,36049900,38548636,False
2013-12-31,1.069,1.078,1.062,1.076,20272700,21683332,False
2014-01-02,1.075,1.075,1.058,1.063,9610143,10212092,False
2014-01-03,1.062,1.062,1.047,1.049,8468309,8934667,False
2014-01-06,1.049,1.049,1.02,1.021,8899200,9122755,False
2014-01-07,1.02,1.026,1.012,1.026,20579240,21071868,False
2014-01-08,1.027,1.04,1.026,1.031,34788028,35895256,False
2014-01-09,1.03,1.042,1.017,1.019,11033399,11372725,False
2014-01-10,1.018,1.026,1.016,1.023,4917700,5023876,False
2014-01-13,1.022,1.029,1.015,1.018,12893600,13161142,False
2014-01-14,1.019,1.033,1.017,1.03,13125500,13429988,False
2014-01-15,1.031,1.032,1.022,1.028,3495396,3589756,False
2014-01-16,1.027,1.032,1.025,1.03,5578039,5735521,False
2014-01-17,1.03,1.03,1.004,1.004,5787600,5866361,False
2014-01-20,1.004,1.012,0.996,1.003,8385900,8433218,False
2014-01-21,1.002,1.01,1.0,1.003,1654600,1662514,False
2014-01-22,1.003,1.032,1.003,1.032,4631100,4726495,False
2014-01-23,1.033,1.044,1.033,1.036,4451402,4623033,False
2014-01-24,1.035,1.042,1.034,1.042,1447900,1501924,False
2014-01-27,1.041,1.041,1.031,1.034,2892400,2994953,False
2014-01-28,1.034,1.04,1.019,1.022,14005100,14396640,False
2014-01-29,1.022,1.029,1.003,1.006,43930176,44220144,False
2014-01-30,1.006,1.006,0.987,0.989,14609889,14520419,False
2014-02-07,0.987,1.008,0.983,1.008,8065002,8042310,False
2014-02-10,1.009,1.03,1.009,1.029,21847268,22337402,False
2014-02-11,1.031,1.041,1.026,1.033,13189499,13666324,False
2014-02-12,1.034,1.043,1.026,1.043,3884001,4033362,False
2014-02-13,1.042,1.047,1.031,1.033,6455800,6722311,False
2014-02-14,1.032,1.051,1.032,1.051,7273400,7580213,False
2014-02-17,1.052,1.061,1.05,1.061,13631517,14382288,False
2014-02-18,1.06,1.062,1.052,1.053,8278700,8737274,False
2014-02-19,1.053,1.06,1.05,1.06,12090607,12767897,False
2014-02-20,1.059,1.068,1.05,1.053,11738432,12450140,False
2014-02-21,1.054,1.055,1.038,1.043,2182706,2285096,False
2014-02-24,1.038,1.038,1.022,1.027,8337316,8570034,False
2014-02-25,1.027,1.037,0.987,0.992,11875176,12140525,False
2014-02-26,0.993,0.995,0.978,0.988,10968297,10814408,False
2014-02-27,0.989,0.997,0.984,0.984,18896700,18720724,False
2014-02-28,0.983,1.003,0.981,1.003,18113312,17951876,False
2014-03-03,1.002,1.028,1.001,1.025,8967200,9131762,False
2014-03-04,1.012,1.03,1.012,1.021,16180100,16497850,False
2014-03-05,1.021,1.029,1.013,1.022,14417200,14723140,False
2014-03-06,1.021,1.021,1.005,1.016,10890700,11027154,False
2014-03-07,1.016,1.029,1.012,1.025,12028300,12338215,False
2014-03-10,1.023,1.028,1.003,1.005,13159900,13382950,False
2014-03-11,1.005,1.021,1.005,1.013,36752700,37226984,False
2014-03-12,1.012,1.02,1.001,1.008,11627900,11759365,False
2014-03-13,1.008,1.039,1.008,1.038,16786980,17258268,False
2014-03-14,1.037,1.037,1.022,1.026,12860600,13212411,False
2014-03-17,1.027,1.036,1.021,1.035,11548000,11885083,False
2014-03-18,1.035,1.058,1.035,1.042,29422600,30898272,False
2014-03-19,1.042,1.042,1.021,1.028,15269200,15765825,False
2014-03-20,1.027,1.028,1.009,1.009,8328167,8498467,False
2014-03-21,1.007,1.03,0.998,1.028,19399100,19617800,False
2014-03-24,1.027,1.034,1.019,1.027,6218425,6392448,False
2014-03-25,1.026,1.026,1.012,1.023,8841415,9014501,False
2014-03-26,1.022,1.026,1.012,1.014,6809100,6919462,False
2014-03-27,1.014,1.015,0.995,0.996,15639800,15737879,False
2014-03-28,0.996,0.999,0.98,0.981,8621899,8505941,False
2014-03-31,0.982,0.99,0.981,0.984,11898888,11728382,False
2014-04-01,0.984,1.003,0.98,1.003,15091500,14986121,False
2014-04-02,1.004,1.008,0.997,1.0,12494600,12539269,False
2014-04-03,1.001,1.005,0.996,0.998,6900600,6911988,False
2014-04-04,0.997,1.008,0.995,1.008,4131600,4117964,False
2014-04-08,1.008,1.031,1.007,1.03,6601100,6742558,False
2014-04-09,1.031,1.036,1.027,1.032,19365382,19975220,False
2014-04-10,1.032,1.049,1.022,1.044,17664500,18274640,False
2014-04-11,1.045,1.072,1.045,1.058,25904760,27540016,False
2014-04-14,1.058,1.066,1.057,1.062,35901056,38088000,False
2014-04-15,1.062,1.062,1.048,1.049,18918892,19949034,False
2014-04-16,1.049,1.052,1.041,1.044,9498821,9947475,False
2014-04-17,1.044,1.05,1.041,1.043,10951800,11449773,False
2014-04-18,1.042,1.048,1.034,1.047,11111700,11601535,False
2014-04-21,1.045,1.045,1.026,1.029,12052335,12513825,False
2014-04-22,1.028,1.033,1.016,1.026,21335596,21876688,False
2014-04-23,1.025,1.033,1.024,1.027,27854258,28608566,False
2014-04-24,1.028,1.029,1.022,1.024,3133300,3209349,False
2014-04-25,1.023,1.023,0.991,0.991,11606200,11601912,False
2014-04-28,0.992,0.994,0.963,0.963,13621960,13303422,False
2014-04-29,0.964,0.985,0.964,0.985,10804944,10522463,False
2014-04-30,0.988,1.003,0.988,1.002,4625542,4619832,False
2014-05-05,1.001,1.005,0.99,1.003,10075150,10033207,False
2014-05-06,1.003,1.012,0.999,1.003,3318000,3333650,False
2014-05-07,1.002,1.002,0.989,0.989,3011426,2993035,False
2014-05-08,0.987,0.999,0.986,0.986,2971008,2945486,False
2014-05-09,0.987,0.987,0.972,0.981,6966098,6816100,False
2014-05-12,0.983,1.0,0.98,0.996,8082300,8008764,False
2014-05-13,0.997,1.002,0.995,1.0,7378955,7373889,False
2014-05-14,1.001,1.001,0.987,0.988,8255200,8196299,False
2014-05-15,0.987,0.988,0.97,0.974,7119600,6985768,False
2014-05-16,0.973,0.973,0.963,0.97,8090500,7845898,False
2014-05-19,0.971,0.971,0.954,0.957,6836310,6542010,False
2014-05-20,0.957,0.966,0.949,0.95,5829300,5587011,False
2014-05-21,0.95,0.965,0.945,0.964,8232176,7880082,False
2014-05-22,0.965,0.976,0.962,0.963,8505815,8234579,False
2014-05-23,0.962,0.969,0.959,0.968,2878200,2775418,False
2014-05-26,0.969,0.976,0.969,0.974,2409048,2345455,False
2014-05-27,0.974,0.975,0.965,0.966,3670500,3563618,False
2014-05-28,0.965,0.973,0.962,0.971,4174200,4037127,False
2014-05-29,0.971,0.982,0.971,0.972,2443948,2387431,False
2014-05-30,0.971,0.975,0.967,0.971,2297100,2232599,False
2014-06-03,0.97,0.97,0.954,0.954,4680950,4494789,False
2014-06-04,0.953,0.955,0.942,0.948,4826020,4569872,False
2014-06-05,0.947,0.958,0.943,0.957,9767507,9255602,False
2014-06-06,0.957,0.958,0.94,0.947,8715096,8255367,False
2014-06-09,0.947,0.949,0.942,0.943,7008300,6623353,False
2014-06-10,0.944,0.951,0.938,0.95,6071800,5726245,False
2014-06-11,0.949,0.954,0.947,0.954,9257314,8807396,False
2014-06-12,0.954,0.957,0.95,0.955,5861500,5586655,False
2014-06-13,0.955,0.961,0.95,0.955,5907100,5654653,False
2014-06-16,0.957,0.963,0.956,0.963,2449600,2350878,False
2014-06-17,0.963,0.963,0.953,0.953,5757476,5512244,False
2014-06-18,0.954,0.956,0.947,0.947,1835200,1747354,False
2014-06-19,0.948,0.95,0.93,0.933,3976700,3720308,False
2014-06-20,0.934,0.935,0.927,0.935,12683400,11807105,False
2014-06-23,0.936,0.941,0.934,0.936,6930200,6505320,False
2014-06-24,0.937,0.954,0.937,0.954,15796848,14969659,False
2014-06-25,0.954,0.954,0.947,0.949,6056500,5755829,False
2014-06-26,0.95,0.958,0.95,0.957,7372900,7039022,False
2014-06-27,0.956,0.962,0.95,0.958,5861600,5610168,False
2014-06-30,0.959,0.968,0.958,0.966,16247072,15697851,False
2014-07-01,0.967,0.97,0.963,0.967,6437198,6220512,False
2014-07-02,0.968,0.97,0.963,0.968,1372500,1327274,False
2014-07-03,0.969,0.977,0.965,0.973,1964648,1909358,False
2014-07-04,0.974,0.979,0.973,0.977,14222099,13888504,False
2014-07-07,0.977,0.978,0.969,0.974,5019707,4886313,False
2014-07-08,0.973,0.977,0.966,0.975,4208155,4093431,False
2014-07-09,0.975,0.976,0.958,0.959,13487900,13001581,False
2014-07-10,0.959,0.962,0.945,0.947,4270200,4082830,False
2014-07-11,0.947,0.957,0.947,0.953,5329700,5074953,False
2014-07-14,0.954,0.975,0.951,0.973,4758976,4586701,False
2014-07-15,0.973,0.998,0.973,0.991,20180820,19979516,False
2014-07-16,0.992,0.998,0.984,0.988,10390451,10332115,False
2014-07-17,0.987,0.987,0.972,0.977,7250300,7084647,False
2014-07-18,0.978,1.003,0.972,0.995,22079996,21901968,False
2014-07-21,0.994,1.001,0.991,1.0,9349500,9324194,False
2014-07-22,1.0,1.01,0.996,1.007,9969937,10011000,False
2014-07-23,1.008,1.012,1.001,1.004,10788398,10867880,False
2014-07-24,1.005,1.017,1.005,1.014,8318800,8424741,False
2014-07-25,1.015,1.021,1.014,1.02,9462300,9618557,False
2014-07-28,1.021,1.038,1.021,1.035,6894568,7110933,False
2014-07-29,1.035,1.038,1.029,1.037,6562980,6790615,False
2014-07-30,1.037,1.04,1.032,1.038,16801300,17415084,False
2014-07-31,1.047,1.058,1.043,1.058,9555300,10049399,False
2014-08-01,1.057,1.074,1.054,1.059,9081400,9672324,False
2014-08-04,1.059,1.074,1.059,1.073,6793200,7244622,False
2014-08-05,1.071,1.075,1.064,1.074,7164300,7676751,False
2014-08-06,1.073,1.073,1.06,1.067,4448164,4743553,False
2014-08-07,1.067,1.068,1.049,1.05,4366100,4632274,False
2014-08-08,1.049,1.056,1.049,1.056,7876900,8295637,False
2014-08-11,1.057,1.068,1.057,1.067,4734230,5036933,False
2014-08-12,1.07,1.075,1.068,1.074,7712104,8263209,False
2014-08-13,1.074,1.082,1.065,1.071,26640900,28591886,False
2014-08-14,1.072,1.072,1.06,1.06,6505600,6939379,False
2014-08-15,1.059,1.072,1.059,1.07,7907900,8434386,False
2014-08-18,1.07,1.076,1.066,1.073,9126070,9753743,False
2014-08-19,1.074,1.075,1.069,1.075,5507849,5906817,False
2014-08-20,1.075,1.081,1.071,1.076,13686900,14749700,False
2014-08-21,1.076,1.076,1.062,1.071,5634800,6040418,False
2014-08-22,1.072,1.075,1.067,1.071,2947219,3156614,False
2014-08-25,1.07,1.071,1.064,1.065,4139400,4421381,False
2014-08-26,1.065,1.069,1.056,1.059,8706479,9252287,False
2014-08-27,1.06,1.064,1.056,1.057,5685800,6030310,False
2014-08-28,1.058,1.066,1.055,1.056,12289800,13017957,False
2014-08-29,1.057,1.068,1.056,1.068,26382368,27974802,False
2014-09-01,1.069,1.073,1.066,1.073,5636700,6028819,False
2014-09-02,1.074,1.088,1.071,1.088,5618428,6054460,False
2014-09-03,1.089,1.1,1.089,1.099,11666600,12781913,False
2014-09-04,1.098,1.103,1.095,1.102,2902607,3189841,False
2014-09-05,1.102,1.121,1.102,1.118,7429501,8259010,False
2014-09-09,1.118,1.124,1.118,1.121,6342000,7110320,False
2014-09-10,1.121,1.121,1.11,1.117,6362220,7089736,False
2014-09-11,1.116,1.121,1.1,1.103,3557700,3954547,False
2014-09-12,1.102,1.108,1.098,1.107,1949200,2146331,False
2014-09-15,1.107,1.11,1.103,1.109,6398000,7072418,False
2014-09-16,1.11,1.111,1.078,1.08,12086200,13198213,False
2014-09-17,1.081,1.088,1.074,1.088,3453100,3735820,False
2014-09-18,1.087,1.096,1.084,1.096,4196200,4582988,False
2014-09-19,1.095,1.108,1.094,1.107,7950800,8744250,False
2014-09-22,1.107,1.107,1.089,1.091,5276900,5785399,False
2014-09-23,1.09,1.102,1.09,1.102,4908200,5395185,False
2014-09-24,1.102,1.118,1.098,1.118,2078500,2305074,False
2014-09-25,1.119,1.126,1.109,1.113,4233300,4746377,False
2014-09-26,1.112,1.12,1.105,1.118,5710200,6363258,False
2014-09-29,1.117,1.125,1.117,1.125,6575600,7368599,False
2014-09-30,1.125,1.125,1.12,1.124,3490100,3922158,False
2014-10-08,1.124,1.135,1.114,1.135,4545100,5124223,False
2014-10-09,1.136,1.14,1.125,1.134,5809500,6601487,False
2014-10-10,1.133,1.133,1.12,1.123,3546800,3992604,False
2014-10-13,1.122,1.122,1.093,1.107,9308200,10225354,False
2014-10-14,1.106,1.113,1.1,1.104,11154929,12352974,False
2014-10-15,1.103,1.113,1.099,1.111,4822250,5332445,False
2014-10-16,1.11,1.118,1.099,1.099,3547700,3935455,False
2014-10-17,1.1,1.102,1.083,1.099,14901442,16318959,False
2014-10-20,1.1,1.107,1.099,1.105,12275600,13544877,False
2014-10-21,1.105,1.106,1.094,1.096,18642000,20515896,False
2014-10-22,1.097,1.098,1.081,1.082,6353500,6943361,False
2014-10-23,1.081,1.082,1.061,1.065,8018000,8564666,False
2014-10-24,1.064,1.074,1.064,1.072,11153608,11933285,False
2014-10-27,1.071,1.076,1.062,1.076,11828000,12672621,False
2014-10-28,1.077,1.084,1.077,1.084,2766200,2985520,False
2014-10-29,1.085,1.093,1.08,1.092,10526892,11421583,False
2014-10-30,1.096,1.1,1.089,1.092,13140100,14393744,False
2014-10-31,1.093,1.094,1.082,1.092,6173800,6709716,False
2014-11-03,1.092,1.095,1.088,1.091,3313500,3619928,False
2014-11-04,1.09,1.09,1.075,1.077,20787800,22396976,False
2014-11-05,1.077,1.077,1.066,1.07,8839263,9455987,False
2014-11-06,1.071,1.073,1.065,1.072,6927700,7404118,False
2014-11-07,1.073,1.076,1.063,1.066,5030800,5392912,False
2014-11-10,1.067,1.094,1.067,1.094,20759600,22485574,False
2014-11-11,1.095,1.103,1.082,1.091,12526600,13722565,False
2014-11-12,1.091,1.106,1.087,1.105,8651500,9464946,False
2014-11-13,1.106,1.11,1.096,1.103,13076359,14444272,False
2014-11-14,1.104,1.12,1.1,1.117,26231308,29106946,False
2014-11-17,1.133,1.141,1.119,1.121,26343200,29711564,False
2014-11-18,1.12,1.122,1.104,1.107,12537700,13927904,False
2014-11-19,1.106,1.109,1.099,1.104,5205800,5748311,False
2014-11-20,1.103,1.103,1.093,1.097,4441700,4871047,False
2014-11-21,1.096,1.11,1.096,1.11,9496800,10447224,False
2014-11-24,1.112,1.12,1.109,1.115,11883761,13264741,False
2014-11-25,1.116,1.13,1.113,1.13,7964121,8931774,False
2014-11-26,1.131,1.137,1.129,1.137,9222296,10453603,False
2014-11-27,1.137,1.141,1.132,1.139,3724700,4230903,False
2014-11-28,1.139,1.139,1.123,1.134,12831100,14524869,False
2014-12-01,1.135,1.157,1.132,1.156,16754700,19108028,False
2014-12-02,1.155,1.171,1.15,1.17,5037802,5853238,False
2014-12-03,1.171,1.196,1.171,1.192,3621643,4293288,False
2014-12-04,1.193,1.218,1.193,1.217,4919115,5929704,False
2014-12-05,1.218,1.227,1.166,1.185,5975302,7212862,False
2014-12-08,1.184,1.21,1.173,1.201,14072444,16861556,False
2014-12-09,1.202,1.279,1.187,1.207,14573986,17929300,False
2014-12-10,1.206,1.245,1.2,1.245,6961533,8531061,False
2014-12-11,1.244,1.25,1.223,1.237,14932080,18459352,False
2014-12-12,1.237,1.246,1.234,1.243,4943600,6130658,False
2014-12-15,1.242,1.259,1.234,1.258,3492100,4353193,False
2014-12-16,1.257,1.26,1.236,1.246,1921148,2396371,False
2014-12-17,1.245,1.245,1.21,1.223,2605800,3195909,False
2014-12-18,1.222,1.233,1.222,1.227,3100777,3812141,False
2014-12-19,1.226,1.227,1.208,1.226,5479339,6681615,False
2014-12-22,1.225,1.226,1.2,1.222,6827100,8291879,False
2014-12-23,1.222,1.237,1.218,1.219,3479200,4272185,False
2014-12-24,1.22,1.227,1.208,1.217,3775500,4601680,False
2014-12-25,1.216,1.23,1.216,1.23,3985400,4869953,False
2014-12-26,1.231,1.24,1.222,1.239,6295300,7754901,False
2014-12-29,1.239,1.249,1.227,1.237,2191500,2715711,False
2014-12-30,1.236,1.24,1.224,1.227,2802343,3452996,False
2014-12-31,1.226,1.244,1.223,1.241,5208200,6430280,False
2015-01-05,1.242,1.294,1.242,1.287,12642700,16030275,False
2015-01-06,1.287,1.303,1.275,1.303,11792780,15294187,False
2015-01-07,1.302,1.302,1.273,1.284,8835135,11335354,False
2015-01-08,1.284,1.297,1.28,1.285,5885908,7575832,False
2015-01-09,1.284,1.294,1.263,1.265,6037398,7749037,False
2015-01-12,1.264,1.265,1.245,1.253,1042200,1309617,False
2015-01-13,1.254,1.264,1.252,1.259,3761400,4739398,False
2015-01-14,1.26,1.262,1.24,1.243,1754400,2196033,False
2015-01-15,1.244,1.255,1.241,1.254,3770200,4701094,False
2015-01-16,1.255,1.263,1.255,1.262,1958600,2464801,False
2015-01-19,1.258,1.258,1.185,1.224,14554790,17729936,False
2015-01-20,1.223,1.234,1.211,1.233,5333000,6520258,False
2015-01-21,1.234,1.261,1.232,1.261,4543190,5677124,False
2015-01-22,1.262,1.271,1.257,1.266,5711900,7221629,False
2015-01-23,1.267,1.271,1.254,1.259,4365285,5506045,False
2015-01-26,1.261,1.291,1.261,1.289,13979800,17969412,False
2015-01-27,1.289,1.29,1.265,1.282,5676986,7263320,False
2015-01-28,1.281,1.281,1.266,1.266,2982200,3799238,False
2015-01-29,1.265,1.265,1.246,1.253,4774600,5983295,False
2015-01-30,1.254,1.264,1.244,1.247,5909600,7441634,False
2015-02-02,1.22,1.244,1.22,1.228,3000700,3711560,False
2015-02-03,1.229,1.244,1.229,1.244,4669900,5770806,False
2015-02-04,1.245,1.253,1.232,1.233,2458591,3057671,False
2015-02-05,1.234,1.246,1.218,1.219,8464500,10450705,False
2015-02-06,1.218,1.229,1.206,1.211,5365950,6546205,False
2015-02-09,1.19,1.229,1.178,1.224,5472900,6651455,False
2015-02-10,1.224,1.234,1.223,1.233,4982100,6118483,False
2015-02-11,1.234,1.253,1.234,1.251,6630800,8264960,False
2015-02-12,1.252,1.263,1.25,1.261,6382000,8008833,False
2015-02-13,1.261,1.289,1.261,1.277,6607400,8471102,False
2015-02-16,1.279,1.295,1.279,1.295,3722540,4815330,False
2015-02-17,1.296,1.303,1.296,1.297,4034500,5247105,False
2015-02-25,1.298,1.302,1.288,1.297,2812540,3641819,False
2015-02-26,1.298,1.309,1.298,1.309,8423796,10993157,False
2015-02-27,1.311,1.32,1.311,1.317,2336000,3074384,False
2015-03-02,1.319,1.331,1.317,1.331,4144300,5474030,False
2015-03-03,1.33,1.33,1.306,1.308,3434200,4531182,False
2015-03-04,1.307,1.331,1.307,1.33,5738500,7586814,False
2015-03-05,1.33,1.35,1.33,1.342,11725500,15743845,False
2015-03-06,1.343,1.355,1.336,1.336,3493900,4706917,False
2015-03-09,1.336,1.37,1.333,1.367,4212300,5692501,False
2015-03-10,1.368,1.378,1.367,1.377,4407700,6053209,False
2015-03-11,1.376,1.394,1.371,1.372,4814800,6645910,False
2015-03-12,1.371,1.378,1.365,1.374,3904772,5360087,False
2015-03-13,1.374,1.388,1.371,1.387,2592100,3576257,False
2015-03-16,1.399,1.426,1.399,1.424,4382101,6222157,False
2015-03-17,1.425,1.44,1.425,1.437,5170900,7412752,False
2015-03-18,1.438,1.461,1.438,1.461,5039000,7283027,False
2015-03-19,1.46,1.461,1.441,1.449,4239800,6150405,False
2015-03-20,1.448,1.46,1.443,1.448,3550834,5151060,False
2015-03-23,1.449,1.479,1.449,1.478,12189385,17856088,False
2015-03-24,1.479,1.479,1.438,1.464,2374000,3467978,False
2015-03-25,1.463,1.492,1.454,1.482,5857242,8604559,False
2015-03-26,1.481,1.501,1.473,1.495,25310500,37778964,False
2015-03-27,1.496,1.505,1.489,1.496,8351653,12507101,False
2015-03-30,1.51,1.579,1.498,1.513,8630098,13019690,False
2015-03-31,1.514,1.527,1.498,1.513,10240900,15564934,False
2015-04-01,1.51,1.529,1.502,1.523,13082137,19891614,False
2015-04-02,1.524,1.555,1.524,1.539,25847304,39898832,False
2015-04-03,1.559,1.559,1.524,1.554,12550627,19282794,False
2015-04-07,1.554,1.597,1.554,1.597,17045100,26887992,False
2015-04-08,1.597,1.626,1.579,1.61,30071100,48283608,False
2015-04-09,1.604,1.611,1.557,1.605,23622502,37700944,False
2015-04-10,1.604,1.65,1.596,1.65,9202032,14986249,False
2015-04-13,1.66,1.739,1.65,1.668,3533200,5884430,False
2015-04-14,1.66,1.686,1.63,1.664,16698589,27907792,False
2015-04-15,1.664,1.664,1.61,1.611,4470977,7313501,False
2015-04-16,1.606,1.71,1.585,1.694,7356200,12148911,False
2015-04-17,1.694,1.728,1.656,1.67,10746100,18008742,False
2015-04-20,1.665,1.699,1.605,1.655,8659000,14540462,False
2015-04-21,1.666,1.745,1.615,1.745,23525700,39683720,False
2015-04-22,1.745,1.83,1.739,1.76,13630800,23856570,False
2015-04-23,1.76,1.76,1.729,1.737,12010700,20926472,False
2015-04-24,1.701,1.769,1.701,1.748,12008450,20869772,False
2015-04-27,1.76,1.814,1.755,1.785,9161920,16274491,False
2015-04-28,1.786,1.786,1.703,1.725,19829000,34426168,False
2015-04-29,1.7,1.75,1.691,1.748,4819300,8353810,False
2015-04-30,1.748,1.765,1.739,1.74,5919495,10352716,False
2015-05-04,1.741,1.748,1.721,1.746,13651100,23664252,False
2015-05-05,1.746,1.746,1.66,1.69,23834100,40532828,False
2015-05-06,1.685,1.717,1.654,1.663,4018300,6844112,False
2015-05-07,1.628,1.678,1.628,1.65,2729200,4538934,False
2015-05-08,1.651,1.699,1.651,1.682,4854100,8140945,False
2015-05-11,1.682,1.733,1.678,1.726,5443100,9263764,False
2015-05-12,1.727,1.749,1.723,1.745,4960800,8585532,False
2015-05-13,1.745,1.785,1.745,1.767,12887200,22790906,False
2015-05-14,1.767,1.767,1.69,1.754,1388400,2439600,False
2015-05-15,1.754,1.764,1.711,1.748,1160663,2002764,False
2015-05-18,1.748,1.748,1.714,1.732,581700,1001665,False
2015-05-19,1.718,1.776,1.718,1.77,5063441,8785873,False
2015-05-20,1.776,1.824,1.775,1.776,5632600,10173906,False
2015-05-21,1.777,1.88,1.777,1.88,7050312,12896308,False
2015-05-22,1.88,1.9,1.845,1.9,4446712,8316985,False
2015-05-25,1.857,1.98,1.857,1.975,9021100,17661478,False
2015-05-26,1.978,2.02,1.951,2.012,1480300,2963701,False
2015-05-27,2.012,2.036,1.977,2.021,2195344,4421185,False
2015-05-28,2.021,2.05,1.92,1.92,1053900,2112732,False
2015-05-29,1.92,1.92,1.81,1.858,4146700,7759109,False
2015-06-01,1.9,1.982,1.9,1.974,3206550,6249821,False
2015-06-02,1.967,2.053,1.967,2.053,1135376,2270189,False
2015-06-03,2.06,2.125,1.97,2.011,2210257,4447716,False
2015-06-04,2.011,2.011,1.922,1.988,483357,949222,False
2015-06-05,1.998,2.032,1.99,2.008,3808828,7691816,False
2015-06-08,2.008,2.057,1.987,2.04,19136078,38864360,False
2015-06-09,2.04,2.081,2.03,2.051,44016000,90386728,False
2015-06-10,2.03,2.168,2.026,2.1,11871405,24741128,False
2015-06-11,2.1,2.12,2.077,2.11,4344678,9134178,False
2015-06-12,2.11,2.21,2.11,2.171,16865240,36528944,False
2015-06-15,2.171,2.181,2.096,2.1,58693500,124402904,False
2015-06-16,2.1,2.101,2.038,2.054,10774201,22163954,False
2015-06-17,2.054,2.074,1.98,2.071,2658700,5395789,False
2015-06-18,2.071,2.075,1.986,1.996,40774872,83074488,False
2015-06-19,1.996,2.0,1.855,1.866,19348546,37235908,False
2015-06-23,1.876,1.934,1.779,1.934,102378376,190980064,False
2015-06-24,1.935,1.978,1.92,1.975,144127104,281759616,False
2015-06-25,1.985,1.989,1.888,1.918,100853600,197436032,False
2015-06-26,1.918,1.918,1.751,1.87,132132320,242668176,False
2015-06-29,1.87,1.87,1.683,1.7,149447824,265177216,False
2015-06-30,1.7,1.82,1.64,1.812,143140976,241846848,False
2015-07-01,1.813,1.899,1.744,1.745,153394976,281443008,False
2015-07-02,1.747,1.755,1.595,1.604,130809904,224085216,False
2015-07-03,1.6,1.68,1.52,1.536,143266224,234733984,False
2015-07-06,1.67,1.689,1.502,1.615,58070336,94545448,False
2015-07-07,1.587,1.63,1.462,1.5,60148800,94982632,False
2015-07-08,1.395,1.425,1.35,1.35,1605500,2185459,False
2015-07-09,1.35,1.485,1.215,1.485,14849892,21887346,False
2015-07-10,1.5,1.634,1.5,1.634,1536597,2468124,False
2015-07-13,1.75,1.765,1.64,1.747,11530718,19650068,False
2015-07-14,1.75,1.75,1.67,1.69,99777072,169770672,False
2015-07-15,1.6,1.686,1.58,1.58,47727500,78112896,False
2015-07-16,1.488,1.66,1.488,1.615,88340400,143386800,False
2015-07-17,1.6,1.708,1.575,1.697,110313504,183966832,False
2015-07-20,1.691,1.746,1.652,1.69,131868144,224051472,False
2015-07-21,1.735,1.735,1.66,1.696,132685760,224864976,False
2015-07-22,1.683,1.719,1.65,1.707,111080712,188688528,False
2015-07-23,1.671,1.776,1.671,1.742,131988664,228827808,False
2015-07-24,1.742,1.799,1.709,1.74,155045552,275621376,False
2015-07-27,1.685,1.757,1.57,1.572,149311808,258529680,False
2015-07-28,1.478,1.599,1.43,1.594,144492336,224655808,False
2015-07-29,1.593,1.65,1.537,1.646,145281296,231319104,False
2015-07-30,1.645,1.688,1.6,1.603,142874160,236480592,False
2015-07-31,1.573,1.629,1.53,1.565,4203361,6691054,False
2015-08-03,1.535,1.614,1.535,1.593,4266661,6784140,False
2015-08-04,1.596,1.654,1.596,1.616,1076901,1750703,False
2015-08-05,1.616,1.666,1.616,1.66,996900,1652886,False
2015-08-06,1.598,1.638,1.598,1.618,47235,76390,False
2015-08-07,1.639,1.658,1.639,1.651,869044,1436489,False
2015-08-10,1.651,1.723,1.651,1.674,716500,1206981,False
2015-08-11,1.7,1.763,1.7,1.7,13127700,22673900,False
2015-08-12,1.7,1.756,1.7,1.7,10764300,18636676,False
2015-08-13,1.69,1.744,1.69,1.74,14628800,25131348,False
2015-08-14,1.754,1.765,1.733,1.744,23043800,40255128,False
2015-08-17,1.744,1.794,1.74,1.763,9516322,16784588,False
2015-08-18,1.745,1.775,1.685,1.688,9292852,16058138,False
2015-08-19,1.646,1.715,1.56,1.703,20781100,34481896,False
2015-08-20,1.673,1.689,1.668,1.683,8110100,13637107,False
2015-08-21,1.682,1.682,1.577,1.61,17551400,28258000,False
2015-08-24,1.579,1.579,1.449,1.449,210800,309005,False
2015-08-25,1.305,1.44,1.304,1.305,6303552,8788232,False
2015-08-26,1.33,1.436,1.33,1.389,15766800,21959976,False
2015-08-27,1.41,1.463,1.388,1.451,19674090,27779784,False
2015-08-28,1.451,1.505,1.448,1.504,17809000,26233224,False
2015-08-31,1.475,1.502,1.443,1.482,3779800,5524552,False
2015-09-01,1.46,1.46,1.409,1.453,151200,215486,False
2015-09-02,1.425,1.441,1.398,1.417,4042000,5715859,False
2015-09-07,1.405,1.468,1.405,1.412,4641801,6647314,False
2015-09-08,1.402,1.435,1.381,1.435,11315700,15687167,False
2015-09-09,1.441,1.477,1.441,1.464,220500,321536,False
2015-09-10,1.455,1.462,1.44,1.44,128900,186914,False
2015-09-11,1.444,1.448,1.439,1.44,75100,108530,False
2015-09-14,1.44,1.44,1.395,1.414,220600,309659,False
2015-09-15,1.42,1.42,1.373,1.374,2018500,2831605,False
2015-09-16,1.374,1.466,1.367,1.466,1977439,2747007,False
2015-09-17,1.466,1.466,1.419,1.419,1530700,2213384,False
2015-09-18,1.402,1.413,1.398,1.408,1106700,1549942,False
2015-09-21,1.38,1.453,1.372,1.411,105600,147639,False
2015-09-22,1.45,1.45,1.411,1.422,20300,29040,False
2015-09-23,1.44,1.44,1.419,1.423,112400,160841,False
2015-09-24,1.42,1.434,1.419,1.428,110800,158544,False
2015-09-25,1.425,1.427,1.38,1.38,52100,73366,False
2015-09-28,1.4,1.403,1.385,1.403,56500,79102,False
2015-09-29,1.402,1.402,1.387,1.387,23800,33193,False
2015-09-30,1.389,1.396,1.389,1.393,35900,50041,False
2015-10-08,1.396,1.452,1.396,1.445,628786,905121,False
2015-10-09,1.44,1.45,1.432,1.447,67400,97444,False
2015-10-12,1.447,1.515,1.447,1.483,750900,1120629,False
2015-10-13,1.476,1.494,1.475,1.483,698100,1035028,False
2015-10-14,1.485,1.49,1.465,1.465,239000,351605,False
2015-10-15,1.462,1.512,1.462,1.508,606200,904982,False
2015-10-16,1.512,1.54,1.512,1.54,73108,111554,False
2015-10-19,1.536,1.55,1.52,1.522,312600,479440,False
2015-10-20,1.53,1.534,1.522,1.534,444400,681058,False
2015-10-21,1.543,1.554,1.468,1.481,194300,296473,False
2015-10-22,1.48,1.531,1.48,1.527,120600,183117,False
2015-10-23,1.528,1.561,1.528,1.551,242901,375398,False
2015-10-26,1.555,1.563,1.546,1.554,261200,406153,False
2015-10-27,1.555,1.555,1.519,1.546,145900,223497,False
2015-10-28,1.545,1.547,1.52,1.52,615300,945643,False
2015-10-29,1.52,1.537,1.52,1.53,230500,354051,False
2015-10-30,1.534,1.554,1.534,1.546,1348000,2080523,False
2015-11-02,1.533,1.54,1.505,1.505,1226800,1878084,False
2015-11-03,1.505,1.521,1.492,1.497,529600,800853,False
2015-11-04,1.501,1.57,1.5,1.57,918021,1409736,False
2015-11-05,1.568,1.595,1.559,1.569,144800,228025,False
2015-11-06,1.57,1.6,1.57,1.587,784600,1242896,False
2015-11-09,1.588,1.626,1.583,1.61,662800,1071328,False
2015-11-10,1.609,1.615,1.601,1.604,600500,966277,False
2015-11-11,1.598,1.608,1.588,1.602,1619700,2595049,False
2015-11-12,1.606,1.609,1.589,1.596,58300,93274,False
2015-11-13,1.579,1.58,1.56,1.562,44400,69490,False
2015-11-16,1.55,1.565,1.544,1.565,131600,204167,False
2015-11-17,1.566,1.589,1.564,1.564,23700,37328,False
2015-11-18,1.562,1.571,1.555,1.555,59100,92254,False
2015-11-19,1.554,1.568,1.547,1.568,648700,1006729,False
2015-11-20,1.562,1.57,1.562,1.562,60502,94521,False
2015-11-23,1.563,1.573,1.563,1.566,17200,26956,False
2015-11-24,1.558,1.558,1.542,1.557,89600,138880,False
2015-11-25,1.558,1.594,1.558,1.594,549100,873353,False
2015-11-26,1.599,1.6,1.589,1.596,94400,150485,False
2015-11-27,1.59,1.59,1.464,1.528,4153150,6355072,False
2015-11-30,1.524,1.529,1.48,1.528,1089800,1649884,False
2015-12-01,1.518,1.539,1.518,1.534,2353500,3602500,False
2015-12-02,1.535,1.564,1.535,1.564,1028000,1594838,False
2015-12-03,1.559,1.564,1.553,1.557,5005900,7797400,False
2015-12-04,1.57,1.57,1.554,1.554,519500,812795,False
2015-12-07,1.555,1.559,1.55,1.559,352200,547638,False
2015-12-08,1.557,1.557,1.524,1.524,56500,86825,False
2015-12-09,1.52,1.53,1.52,1.523,82500,125878,False
2015-12-10,1.524,1.534,1.524,1.533,2100,3212,False
2015-12-11,1.521,1.521,1.495,1.502,171500,257650,False
2015-12-14,1.489,1.523,1.487,1.519,226700,344560,False
2015-12-15,1.526,1.526,1.526,1.526,2500,3815,False
2015-12-16,1.525,1.527,1.52,1.52,41100,62653,False
2015-12-17,1.515,1.543,1.515,1.542,34400,52799,False
2015-12-18,1.542,1.567,1.54,1.567,910500,1412833,False
2015-12-21,1.565,1.635,1.565,1.629,96500,156280,False
2015-12-22,1.631,1.66,1.624,1.638,1045000,1706697,False
2015-12-23,1.634,1.645,1.618,1.618,99700,162185,False
2015-12-24,1.622,1.622,1.589,1.603,106000,169887,False
2015-12-25,1.606,1.612,1.605,1.608,23200,37319,False
2015-12-28,1.611,1.615,1.57,1.57,1097900,1747305,False
2015-12-29,1.571,1.579,1.567,1.568,18000,28304,False
2015-12-30,1.584,1.587,1.579,1.584,8900,14093,False
2015-12-31,1.588,1.591,1.579,1.579,35100,55666,False
2016-01-04,1.573,1.573,1.458,1.458,228800,346857,False
2016-01-05,1.458,1.485,1.422,1.464,846100,1223168,False
2016-01-06,1.468,1.483,1.462,1.482,803800,1180863,False
2016-01-07,1.485,1.485,1.423,1.423,8100,11836,False
2016-01-08,1.394,1.53,1.36,1.408,608200,859557,False
2016-01-11,1.408,1.482,1.332,1.332,488600,670383,False
2016-01-12,1.332,1.35,1.325,1.335,268198,359210,False
2016-01-13,1.336,1.362,1.311,1.311,163801,218998,False
2016-01-14,1.309,1.343,1.287,1.338,3102500,4045503,False
2016-01-15,1.337,1.337,1.251,1.293,64800,84442,False
2016-01-18,1.292,1.313,1.283,1.302,94100,122561,False
2016-01-19,1.313,1.35,1.311,1.35,1570000,2077997,False
2016-01-20,1.347,1.347,1.313,1.321,52500,69909,False
2016-01-21,1.318,1.318,1.293,1.293,1052300,1385137,False
2016-01-22,1.292,1.303,1.284,1.298,86500,111777,False
2016-01-25,1.303,1.303,1.303,1.303,200000,260600,False
2016-01-26,1.311,1.311,1.23,1.23,2000800,2522564,False
2016-01-27,1.234,1.24,1.188,1.233,3216500,3933733,False
2016-01-28,1.231,1.235,1.2,1.203,4555200,5566076,False
2016-01-29,1.21,1.245,1.203,1.245,2165900,2654205,False
2016-02-01,1.245,1.246,1.22,1.23,1296300,1607127,False
2016-02-02,1.242,1.259,1.242,1.256,568300,712601,False
2016-02-03,1.255,1.255,1.235,1.254,34000,42325,False
2016-02-04,1.265,1.271,1.264,1.269,3070900,3892870,False
2016-02-05,1.269,1.276,1.266,1.266,3221700,4095686,False
2016-02-15,1.264,1.264,1.237,1.26,1245500,1562119,False
2016-02-16,1.259,1.298,1.259,1.294,4661474,6016754,False
2016-02-17,1.273,1.303,1.273,1.302,52300,67792,False
2016-02-18,1.304,1.309,1.298,1.298,1536000,2003394,False
2016-02-19,1.298,1.301,1.298,1.3,517000,671088,False
2016-02-22,1.304,1.328,1.304,1.325,1144500,1509994,False
2016-02-23,1.326,1.33,1.313,1.323,1034600,1372561,False
2016-02-24,1.323,1.34,1.321,1.34,5239600,6985868,False
2016-02-25,1.341,1.341,1.255,1.255,2233600,2863760,False
2016-02-26,1.26,1.276,1.25,1.271,2730600,3450560,False
2016-02-29,1.27,1.298,1.22,1.238,590100,736357,False
2016-03-01,1.242,1.258,1.235,1.258,1586600,1969539,False
2016-03-02,1.268,1.305,1.267,1.305,2074600,2659954,False
2016-03-03,1.305,1.321,1.305,1.319,2063500,2715166,False
2016-03-04,1.319,1.351,1.304,1.345,2688300,3567145,False
2016-03-07,1.348,1.36,1.339,1.345,2538701,3423700,False
2016-03-08,1.346,1.346,1.307,1.339,4681200,6210502,False
2016-03-09,1.339,1.339,1.31,1.321,5073300,6698392,False
2016-03-10,1.33,1.337,1.32,1.32,4081200,5416717,False
2016-03-11,1.313,1.313,1.299,1.31,1733100,2263299,False
2016-03-14,1.313,1.345,1.313,1.32,1435800,1918649,False
2016-03-15,1.318,1.347,1.316,1.347,1528200,2042399,False
2016-03-16,1.342,1.352,1.333,1.34,2552500,3423242,False
2016-03-17,1.336,1.36,1.336,1.344,3572500,4809629,False
2016-03-18,1.349,1.375,1.349,1.36,6400200,8742138,False
2016-03-21,1.375,1.39,1.37,1.388,8220300,11343388,False
2016-03-22,1.386,1.396,1.377,1.383,4832038,6718431,False
2016-03-23,1.389,1.389,1.375,1.375,1523000,2106471,False
2016-03-24,1.385,1.39,1.37,1.379,3146300,4350506,False
2016-03-25,1.376,1.41,1.376,1.386,925400,1286249,False
2016-03-28,1.393,1.423,1.393,1.401,442900,628684,False
2016-03-29,1.397,1.397,1.372,1.372,746000,1031750,False
2016-03-30,1.372,1.405,1.372,1.405,1526300,2131770,False
2016-03-31,1.405,1.413,1.401,1.407,2137300,3008545,False
2016-04-01,1.405,1.405,1.383,1.397,1656800,2306829,False
2016-04-05,1.397,1.417,1.397,1.413,2016200,2843235,False
2016-04-06,1.415,1.429,1.415,1.426,3522400,5010342,False
2016-04-07,1.424,1.426,1.408,1.409,1860000,2638927,False
2016-04-08,1.403,1.403,1.38,1.394,526200,732999,False
2016-04-11,1.395,1.41,1.395,1.405,540900,759441,False
2016-04-12,1.404,1.404,1.394,1.397,514400,718718,False
2016-04-13,1.397,1.424,1.397,1.408,638300,902865,False
2016-04-14,1.406,1.414,1.404,1.411,1664800,2345712,False
2016-04-15,1.409,1.411,1.404,1.41,150600,212080,False
2016-04-18,1.41,1.41,1.394,1.396,1251800,1747477,False
2016-04-19,1.4,1.406,1.397,1.397,1719600,2406543,False
2016-04-20,1.391,1.391,1.343,1.366,1046800,1417494,False
2016-04-21,1.362,1.369,1.355,1.355,2104000,2868670,False
2016-04-22,1.362,1.363,1.359,1.36,1107300,1506828,False
2016-04-25,1.35,1.364,1.35,1.362,571400,778633,False
2016-04-26,1.362,1.369,1.357,1.369,3244400,4422132,False
2016-04-27,1.374,1.375,1.367,1.367,4676086,6419162,False
2016-04-28,1.367,1.375,1.364,1.371,1030300,1412390,False
2016-04-29,1.379,1.404,1.379,1.398,3536800,4917639,False
2016-05-03,1.398,1.443,1.398,1.443,2411700,3447203,False
2016-05-04,1.455,1.455,1.434,1.435,2411400,3475047,False
2016-05-05,1.44,1.443,1.435,1.44,2543700,3661501,False
2016-05-06,1.448,1.448,1.402,1.402,3934401,5583381,False
2016-05-09,1.4,1.4,1.38,1.381,1726200,2394633,False
2016-05-10,1.383,1.464,1.378,1.402,6358000,8853820,False
2016-05-11,1.402,1.451,1.402,1.432,7721300,11049687,False
2016-05-12,1.427,1.427,1.337,1.422,2719300,3843200,False
2016-05-13,1.422,1.444,1.405,1.408,1709400,2444821,False
2016-05-16,1.403,1.424,1.4,1.424,2682600,3785486,False
2016-05-17,1.427,1.427,1.413,1.421,1663500,2358394,False
2016-05-18,1.4,1.404,1.383,1.389,84100,117224,False
2016-05-19,1.391,1.404,1.391,1.391,2025800,2834135,False
2016-05-20,1.383,1.4,1.383,1.397,8014700,11167796,False
2016-05-23,1.401,1.42,1.401,1.412,1929000,2723058,False
2016-05-24,1.412,1.412,1.391,1.4,3943800,5531468,False
2016-05-25,1.406,1.415,1.39,1.399,6519600,9141027,False
2016-05-26,1.394,1.394,1.369,1.382,6062300,8343958,False
2016-05-27,1.388,1.388,1.378,1.385,54100,74914,False
2016-05-30,1.389,1.389,1.367,1.385,1543300,2131660,False
2016-05-31,1.383,1.432,1.383,1.432,2147365,3039633,False
2016-06-01,1.43,1.433,1.425,1.433,1576800,2248866,False
2016-06-02,1.434,1.44,1.433,1.44,3907700,5608545,False
2016-06-03,1.448,1.486,1.446,1.481,8325900,12229013,False
2016-06-06,1.478,1.478,1.455,1.458,1294400,1887353,False
2016-06-07,1.46,1.467,1.458,1.462,1179200,1724535,False
2016-06-08,1.464,1.464,1.45,1.455,218967,319229,False
2016-06-13,1.448,1.45,1.42,1.42,829800,1199618,False
2016-06-14,1.414,1.427,1.408,1.42,1301200,1846772,False
2016-06-15,1.42,1.456,1.42,1.452,1037500,1494720,False
2016-06-16,1.447,1.447,1.44,1.44,9700,13973,False
2016-06-17,1.454,1.456,1.441,1.446,1009200,1461221,False
2016-06-20,1.446,1.448,1.44,1.443,517000,746322,False
2016-06-21,1.455,1.457,1.436,1.436,547100,795843,False
2016-06-22,1.436,1.45,1.43,1.45,10750300,15428787,False
2016-06-23,1.445,1.445,1.428,1.438,142800,204747,False
2016-06-24,1.438,1.438,1.41,1.42,650600,923002,False
2016-06-27,1.419,1.449,1.419,1.444,405700,581778,False
2016-06-28,1.453,1.46,1.448,1.458,1672700,2432233,False
2016-06-29,1.461,1.466,1.457,1.462,536500,784551,False
2016-06-30,1.469,1.478,1.469,1.473,1581500,2333353,False
2016-07-01,1.473,1.485,1.473,1.478,323400,478172,False
2016-07-04,1.477,1.507,1.475,1.501,730900,1088349,False
2016-07-05,1.511,1.516,1.506,1.513,524900,790907,False
2016-07-06,1.507,1.534,1.5,1.534,1247000,1900853,False
2016-07-07,1.543,1.564,1.543,1.558,3280800,5115485,False
2016-07-08,1.55,1.551,1.538,1.54,1129057,1745432,False
2016-07-11,1.549,1.6,1.548,1.564,4008100,6281644,False
2016-07-12,1.565,1.614,1.565,1.613,4285700,6822844,False
2016-07-13,1.613,1.613,1.593,1.6,788400,1262089,False
2016-07-14,1.591,1.61,1.591,1.591,2056300,3294927,False
2016-07-15,1.6,1.604,1.593,1.601,619100,988706,False
2016-07-18,1.599,1.599,1.586,1.591,1120100,1781817,False
2016-07-19,1.582,1.582,1.556,1.567,1079400,1692088,False
2016-07-20,1.575,1.586,1.572,1.58,2093600,3302637,False
2016-07-21,1.584,1.596,1.581,1.585,1030300,1631916,False
2016-07-22,1.585,1.585,1.556,1.556,2261700,3546265,False
2016-07-25,1.574,1.577,1.562,1.566,1009557,1580015,False
2016-07-26,1.566,1.602,1.566,1.602,4588400,7260669,False
2016-07-27,1.604,1.615,1.538,1.575,6618500,10481735,False
2016-07-28,1.563,1.599,1.562,1.599,7836900,12412295,False
2016-07-29,1.593,1.605,1.585,1.59,2851100,4541159,False
2016-08-01,1.557,1.59,1.55,1.56,2330800,3635585,False
2016-08-02,1.56,1.56,1.541,1.551,663700,1025449,False
2016-08-03,1.553,1.59,1.553,1.562,7142200,11165486,False
2016-08-04,1.572,1.572,1.556,1.56,2216000,3465287,False
2016-08-05,1.56,1.571,1.56,1.565,1021400,1600914,False
2016-08-08,1.555,1.567,1.555,1.567,764000,1191685,False
2016-08-09,1.567,1.59,1.567,1.59,1307500,2066078,False
2016-08-10,1.585,1.585,1.574,1.577,335100,529138,False
2016-08-11,1.575,1.582,1.568,1.568,27400,43125,False
2016-08-12,1.569,1.576,1.56,1.576,1337900,2097491,False
2016-08-15,1.581,1.611,1.58,1.606,259900,416964,False
2016-08-16,1.6,1.616,1.596,1.598,427700,686445,False
2016-08-17,1.59,1.6,1.586,1.597,296200,471669,False
2016-08-18,1.605,1.605,1.58,1.585,118096,187409,False
2016-08-19,1.579,1.586,1.577,1.58,21600,34116,False
2016-08-22,1.591,1.597,1.583,1.583,2017500,3206148,False
2016-08-23,1.583,1.589,1.582,1.588,181600,288344,False
2016-08-24,1.59,1.594,1.577,1.581,528000,838016,False
2016-08-25,1.571,1.581,1.559,1.578,605900,954963,False
2016-08-26,1.578,1.583,1.576,1.576,4000,6323,False
2016-08-29,1.571,1.576,1.561,1.564,72800,114185,False
2016-08-30,1.57,1.57,1.555,1.561,18100,28253,False
2016-08-31,1.558,1.568,1.558,1.564,888000,1387977,False
2016-09-01,1.573,1.575,1.563,1.563,698800,1098044,False
2016-09-02,1.558,1.563,1.551,1.558,240100,373282,False
2016-09-05,1.561,1.568,1.56,1.562,170700,267650,False
2016-09-06,1.561,1.577,1.557,1.577,189500,295914,False
2016-09-07,1.58,1.58,1.57,1.57,187000,294516,False
2016-09-08,1.566,1.567,1.563,1.563,721700,1128226,False
2016-09-09,1.569,1.571,1.557,1.557,48100,75083,False
2016-09-12,1.533,1.538,1.523,1.527,1043300,1595061,False
2016-09-13,1.539,1.539,1.528,1.528,107700,164880,False
2016-09-14,1.528,1.536,1.528,1.531,26700,40867,False
2016-09-19,1.54,1.54,1.536,1.54,717700,1104633,False
2016-09-20,1.538,1.54,1.532,1.539,740100,1138189,False
2016-09-21,1.531,1.54,1.527,1.538,9419208,14476693,False
2016-09-22,1.543,1.557,1.54,1.555,4709510,7279187,False
2016-09-23,1.555,1.555,1.548,1.55,3211510,4979880,False
2016-09-26,1.547,1.547,1.522,1.523,2955200,4526884,False
2016-09-27,1.519,1.524,1.516,1.521,782300,1189201,False
2016-09-28,1.522,1.528,1.522,1.526,503700,767916,False
2016-09-29,1.52,1.532,1.52,1.525,2284500,3488536,False
2016-09-30,1.526,1.538,1.524,1.536,2306600,3532550,False
2016-10-10,1.563,1.563,1.533,1.561,2530900,3929478,False
2016-10-11,1.566,1.571,1.563,1.571,291100,455800,False
2016-10-12,1.571,1.573,1.57,1.57,7100,11155,False
2016-10-13,1.566,1.573,1.566,1.573,19600,30716,False
2016-10-14,1.566,1.575,1.563,1.57,4261200,6693747,False
2016-10-17,1.574,1.574,1.56,1.564,2453300,3851953,False
2016-10-18,1.554,1.585,1.554,1.584,3878600,6111350,False
2016-10-19,1.583,1.585,1.578,1.58,880397,1394810,False
2016-10-20,1.58,1.582,1.575,1.578,173500,273928,False
2016-10-21,1.573,1.577,1.566,1.568,2710100,4252871,False
2016-10-24,1.574,1.61,1.571,1.582,3857500,6081488,False
2016-10-25,1.58,1.595,1.58,1.593,1606000,2551771,False
2016-10-26,1.581,1.61,1.561,1.609,2416924,3879877,False
2016-10-27,1.587,1.607,1.587,1.605,909600,1460382,False
2016-10-28,1.604,1.608,1.595,1.6,572400,916402,False
2016-10-31,1.596,1.603,1.594,1.603,1700100,2716723,False
2016-11-01,1.603,1.614,1.601,1.614,1666200,2682018,False
2016-11-02,1.606,1.611,1.603,1.609,1008100,1620696,False
2016-11-03,1.602,1.611,1.602,1.611,763500,1226665,False
2016-11-04,1.611,1.617,1.608,1.608,397000,640575,False
2016-11-07,1.608,1.609,1.602,1.607,44500,71445,False
2016-11-08,1.615,1.618,1.612,1.615,15900,25665,False
2016-11-09,1.615,1.615,1.595,1.607,25900,41655,False
2016-11-10,1.611,1.619,1.611,1.619,80300,129620,False
2016-11-11,1.616,1.616,1.615,1.616,88400,142816,False
2016-11-14,1.617,1.617,1.608,1.608,1500,2422,False
2016-11-15,1.608,1.623,1.607,1.623,37100,59846,False
2016-11-16,1.618,1.623,1.618,1.623,4500,7288,False
2016-11-17,1.615,1.62,1.615,1.62,15400,24877,False
2016-11-18,1.619,1.619,1.613,1.613,27000,43588,False
2016-11-21,1.614,1.616,1.603,1.608,40500,65069,False
2016-11-22,1.607,1.66,1.603,1.654,270200,434416,False
2016-11-23,1.611,1.617,1.608,1.608,128400,207106,False
2016-11-24,1.614,1.644,1.61,1.635,591000,969894,False
2016-11-25,1.634,1.641,1.619,1.641,255200,415780,False
2016-11-28,1.65,1.651,1.636,1.64,41400,68071,False
2016-11-29,1.652,1.68,1.652,1.672,1125309,1874253,False
2016-11-30,1.658,1.658,1.642,1.653,43600,71955,False
2016-12-01,1.654,1.665,1.648,1.655,45700,75597,False
2016-12-02,1.655,1.655,1.635,1.639,149300,246490,False
2016-12-05,1.631,1.631,1.605,1.611,42600,68695,False
2016-12-06,1.614,1.617,1.611,1.615,9500,15359,False
2016-12-07,1.62,1.641,1.62,1.64,566600,928495,False
2016-12-08,1.643,1.654,1.643,1.648,14300,23569,False
2016-12-09,1.644,1.653,1.643,1.65,348251,572383,False
2016-12-12,1.643,1.645,1.595,1.626,826800,1332570,False
2016-12-13,1.627,1.66,1.59,1.62,1057700,1697916,False
2016-12-14,1.619,1.626,1.613,1.617,512520,831488,False
2016-12-15,1.608,1.66,1.602,1.653,15700,25223,False
2016-12-16,1.61,1.622,1.608,1.619,22000,35498,False
2016-12-19,1.624,1.625,1.615,1.616,18400,29829,False
2016-12-20,1.616,1.616,1.6,1.605,227567,364717,False
2016-12-21,1.609,1.621,1.608,1.621,524600,846385,False
2016-12-22,1.61,1.623,1.608,1.621,48800,78482,False
2016-12-23,1.612,1.612,1.597,1.597,2500,4011,False
2016-12-26,1.595,1.645,1.584,1.638,3900,6236,False
2016-12-27,1.609,1.629,1.609,1.629,8200,13219,False
2016-12-28,1.609,1.61,1.598,1.598,20600,33054,False
2016-12-29,1.594,1.618,1.594,1.618,19500,31178,False
2016-12-30,1.605,1.615,1.604,1.615,67800,109485,False
2017-01-03,1.619,1.624,1.619,1.624,26800,43418,False
2017-01-04,1.629,1.656,1.629,1.651,262081,431694,False
2017-01-05,1.651,1.651,1.645,1.651,502500,829619,False
2017-01-06,1.651,1.652,1.647,1.652,7900,13041,False
2017-01-09,1.639,1.649,1.639,1.649,45600,74880,False
2017-01-10,1.654,1.662,1.653,1.653,502400,832478,False
2017-01-11,1.646,1.646,1.634,1.636,11200,18353,False
2017-01-12,1.635,1.635,1.625,1.626,7500,12250,False
2017-01-13,1.625,1.626,1.609,1.612,31100,50208,False
2017-01-16,1.602,1.603,1.57,1.595,101700,161619,False
2017-01-17,1.602,1.606,1.597,1.606,4100,6552,False
2017-01-18,1.611,1.63,1.611,1.619,36400,58939,False
2017-01-19,1.625,1.625,1.616,1.616,6300,10197,False
2017-01-20,1.626,1.63,1.626,1.627,18100,29465,False
2017-01-23,1.639,1.643,1.633,1.633,6700,10983,False
2017-01-24,1.632,1.632,1.626,1.627,374700,609649,False
2017-01-25,1.626,1.634,1.626,1.631,2900,4731,False
2017-01-26,1.636,1.637,1.633,1.633,130000,212291,False
2017-02-03,1.632,1.632,1.628,1.632,145800,237943,False
2017-02-06,1.63,1.637,1.629,1.637,14300,23307,False
2017-02-07,1.63,1.631,1.625,1.626,1500,2443,False
2017-02-08,1.63,1.638,1.623,1.636,33024,53757,False
2017-02-09,1.63,1.651,1.63,1.65,49800,81927,False
2017-02-10,1.65,1.657,1.644,1.644,65400,107729,False
2017-02-13,1.645,1.668,1.645,1.667,2122800,3526466,False
2017-02-14,1.669,1.669,1.656,1.661,57400,95120,False
2017-02-15,1.668,1.668,1.656,1.656,207800,346211,False
2017-02-16,1.655,1.658,1.653,1.656,8600,14237,False
2017-02-17,1.661,1.668,1.61,1.61,37900,62465,False
2017-02-20,1.664,1.698,1.664,1.698,237200,400660,False
2017-02-21,1.701,1.719,1.701,1.719,843100,1443411,False
2017-02-22,1.72,1.739,1.72,1.739,1397939,2413789,False
2017-02-23,1.736,1.737,1.714,1.723,84000,145272,False
2017-02-24,1.716,1.722,1.716,1.719,62300,107177,False
2017-02-27,1.719,1.72,1.704,1.704,14300,24475,False
2017-02-28,1.705,1.705,1.693,1.695,43400,73662,False
2017-03-01,1.695,1.705,1.695,1.704,130400,221584,False
2017-03-02,1.7,1.703,1.691,1.695,147400,249267,False
2017-03-03,1.695,1.699,1.687,1.696,34500,58354,False
2017-03-06,1.696,1.703,1.696,1.703,150500,255422,False
2017-03-07,1.7,1.722,1.7,1.722,242200,415911,False
2017-03-08,1.716,1.717,1.713,1.717,513300,881277,False
2017-03-09,1.706,1.71,1.699,1.705,15400,26228,False
2017-03-10,1.706,1.726,1.706,1.72,538100,926926,False
2017-03-13,1.71,1.725,1.697,1.72,901800,1549692,False
2017-03-14,1.72,1.73,1.712,1.717,11300,19424,False
2017-03-15,1.718,1.722,1.708,1.722,13300,22789,False
2017-03-16,1.725,1.731,1.719,1.726,84900,146359,False
2017-03-17,1.728,1.731,1.723,1.726,77700,134341,False
2017-03-20,1.725,1.77,1.72,1.77,128400,220906,False
2017-03-21,1.74,1.77,1.736,1.759,2214400,3871383,False
2017-03-22,1.75,1.759,1.741,1.758,646900,1128414,False
2017-03-23,1.753,1.764,1.738,1.76,131800,231060,False
2017-03-24,1.752,1.763,1.752,1.759,118200,207420,False
2017-03-27,1.762,1.762,1.739,1.744,78000,136203,False
2017-03-28,1.74,1.741,1.734,1.739,555000,962539,False
2017-03-29,1.734,1.794,1.733,1.794,20900,36276,False
2017-03-30,1.72,1.732,1.709,1.719,173100,297843,False
2017-03-31,1.716,1.722,1.713,1.722,24200,41608,False
2017-04-05,1.72,1.745,1.72,1.722,16796,29168,False
2017-04-06,1.74,1.745,1.732,1.745,29900,51987,False
2017-04-07,1.745,1.75,1.742,1.748,12700,22143,False
2017-04-10,1.74,1.74,1.734,1.735,4100,7115,False
2017-04-11,1.73,1.737,1.719,1.737,41600,71733,False
2017-04-12,1.735,1.746,1.727,1.743,75700,131527,False
2017-04-13,1.749,1.758,1.749,1.755,1195600,2096181,False
2017-04-14,1.744,1.744,1.732,1.737,70800,123116,False
2017-04-17,1.729,1.734,1.728,1.73,10500,18165,False
2017-04-18,1.733,1.757,1.733,1.748,239900,419151,False
2017-04-19,1.74,1.741,1.72,1.741,250100,433780,False
2017-04-20,1.739,1.78,1.737,1.767,433300,758434,False
2017-04-21,1.766,1.773,1.746,1.752,224000,395712,False
2017-04-24,1.735,1.735,1.712,1.728,17400,30030,False
2017-04-25,1.732,1.758,1.731,1.743,1026500,1789757,False
2017-04-26,1.75,1.766,1.749,1.766,428400,750456,False
2017-04-27,1.735,1.749,1.728,1.743,157200,272704,False
2017-04-28,1.736,1.736,1.718,1.721,2165900,3754031,False
2017-05-02,1.72,1.72,1.713,1.718,7900,13552,False
2017-05-03,1.723,1.727,1.713,1.716,35100,60247,False
2017-05-04,1.711,1.725,1.711,1.72,1990508,3422173,False
2017-05-05,1.713,1.715,1.706,1.707,177900,304247,False
2017-05-08,1.7,1.7,1.682,1.69,377197,638141,False
2017-05-09,1.684,1.684,1.666,1.683,66400,110875,False
2017-05-10,1.689,1.689,1.665,1.667,7500,12590,False
2017-05-11,1.659,1.685,1.646,1.685,147200,244283,False
2017-05-12,1.67,1.673,1.655,1.671,131900,220199,False
2017-05-15,1.671,1.69,1.671,1.69,34900,58615,False
2017-05-16,1.692,1.72,1.691,1.72,84710,143851,False
2017-05-17,1.719,1.719,1.706,1.706,20200,34618,False
2017-05-18,1.71,1.715,1.702,1.703,2747786,4679863,False
2017-05-19,1.708,1.73,1.708,1.725,121700,208885,False
2017-05-22,1.725,1.744,1.714,1.716,2841311,4875538,False
2017-05-23,1.72,1.738,1.72,1.73,3790331,6565293,False
2017-05-24,1.721,1.721,1.695,1.704,348700,593100,False
2017-05-25,1.707,1.73,1.701,1.728,195000,333349,False
2017-05-26,1.723,1.723,1.713,1.722,105300,180881,False
2017-05-31,1.711,1.8,1.705,1.725,217700,377299,False
2017-06-01,1.685,1.786,1.685,1.74,1536741,2630041,False
2017-06-02,1.738,1.738,1.688,1.7,1026694,1749109,False
2017-06-05,1.701,1.707,1.7,1.7,74300,126490,False
2017-06-06,1.705,1.776,1.679,1.683,472700,809618,False
2017-06-07,1.72,1.752,1.72,1.749,2893865,5040614,False
2017-06-08,1.75,1.777,1.743,1.777,498584,877142,False
2017-06-09,1.775,1.789,1.775,1.782,151365,269286,False
2017-06-12,1.78,1.818,1.78,1.786,518101,930729,False
2017-06-13,1.788,1.788,1.778,1.788,103500,184289,False
2017-06-14,1.785,1.793,1.783,1.783,28765,51476,False
2017-06-15,1.783,1.783,1.771,1.771,174700,310073,False
2017-06-16,1.777,1.777,1.762,1.767,3800,6704,False
2017-06-19,1.767,1.788,1.767,1.784,88600,157610,False
2017-06-20,1.781,1.783,1.776,1.776,13800,24562,False
2017-06-21,1.787,1.818,1.787,1.818,100200,179463,False
2017-06-22,1.813,1.82,1.8,1.801,38500,69748,False
2017-06-23,1.797,1.825,1.795,1.816,570600,1031044,False
2017-06-26,1.816,1.84,1.816,1.838,71400,131005,False
2017-06-27,1.845,1.852,1.832,1.84,592400,1094914,False
2017-06-28,1.831,1.837,1.82,1.82,60600,111050,False
2017-06-29,1.828,1.837,1.828,1.828,35800,65555,False
2017-06-30,1.844,1.851,1.839,1.85,97200,179448,False
2017-07-03,1.82,1.849,1.82,1.845,150900,277270,False
2017-07-04,1.835,1.835,1.814,1.815,663000,1204252,False
2017-07-05,1.814,1.829,1.814,1.829,42700,77670,False
2017-07-06,1.824,1.824,1.811,1.82,45300,82311,False
2017-07-07,1.812,1.817,1.812,1.817,7000,12711,False
2017-07-10,1.819,1.832,1.817,1.832,62000,113518,False
2017-07-11,1.83,1.847,1.83,1.841,21100,38877,False
2017-07-12,1.836,1.836,1.82,1.822,120000,219355,False
2017-07-13,1.826,1.827,1.815,1.815,4900,8924,False
2017-07-14,1.827,1.836,1.815,1.834,1427700,2598404,False
2017-07-17,1.819,1.821,1.774,1.778,174300,311754,False
2017-07-18,1.778,1.783,1.76,1.778,104600,185657,False
2017-07-19,1.783,1.798,1.783,1.798,14200,25491,False
2017-07-20,1.801,1.825,1.801,1.823,10235,18531,False
2017-07-21,1.822,1.845,1.822,1.837,100600,184664,False
2017-07-24,1.847,1.865,1.847,1.859,188500,349900,False
2017-07-25,1.86,1.866,1.849,1.85,107200,199553,False
2017-07-26,1.862,1.862,1.827,1.842,38300,70922,False
2017-07-27,1.843,1.844,1.835,1.844,4300,7918,False
2017-07-28,1.85,1.871,1.85,1.871,102400,191081,False
2017-07-31,1.877,1.908,1.877,1.897,61100,115257,False
2017-08-01,1.897,1.904,1.893,1.9,64400,122086,False
2017-08-02,1.896,1.896,1.885,1.885,82700,156349,False
2017-08-03,1.897,1.897,1.882,1.884,59900,112779,False
2017-08-04,1.878,1.881,1.867,1.867,64700,121141,False
2017-08-07,1.86,1.901,1.86,1.901,128100,242202,False
2017-08-08,1.91,1.91,1.899,1.91,31500,60095,False
2017-08-09,1.91,1.97,1.91,1.954,1615500,3139944,False
2017-08-10,1.955,1.983,1.939,1.98,1371500,2686867,False
2017-08-11,1.936,1.947,1.909,1.914,211200,408671,False
2017-08-14,1.917,1.96,1.917,1.953,1968500,3842821,False
2017-08-15,1.954,1.962,1.95,1.95,96100,188225,False
2017-08-16,1.942,1.971,1.942,1.971,48000,93260,False
2017-08-17,1.946,1.955,1.946,1.955,123700,240828,False
2017-08-18,1.955,1.955,1.947,1.948,16800,32752,False
2017-08-21,1.963,1.968,1.953,1.954,152000,297073,False
2017-08-22,1.95,1.95,1.942,1.943,7400,14414,False
2017-08-23,1.95,1.953,1.945,1.952,34800,67839,False
2017-08-24,1.935,1.95,1.913,1.95,117500,226627,False
2017-08-25,1.918,1.946,1.918,1.944,123400,238897,False
2017-08-28,1.95,1.963,1.948,1.95,32800,64149,False
2017-08-29,1.95,1.959,1.95,1.95,42400,82693,False
2017-08-30,1.951,1.96,1.951,1.96,25300,49495,False
2017-08-31,1.963,1.968,1.959,1.968,26700,52418,False
2017-09-01,1.966,1.984,1.966,1.984,62100,122668,False
2017-09-04,1.978,1.988,1.97,1.982,659800,1301126,False
2017-09-05,1.977,1.99,1.977,1.985,17000,33741,False
2017-09-06,1.99,1.99,1.98,1.98,30300,60150,False
2017-09-07,1.98,1.98,1.964,1.966,45400,89455,False
2017-09-08,1.961,1.966,1.955,1.958,1226700,2398957,False
2017-09-11,1.968,1.969,1.957,1.959,549500,1080926,False
2017-09-12,1.968,1.983,1.968,1.978,69600,137374,False
2017-09-13,1.987,2.014,1.987,2.006,1264000,2540676,False
2017-09-14,2.006,2.015,2.004,2.015,88700,178060,False
2017-09-15,2.015,2.026,2.015,2.018,197100,398307,False
2017-09-18,2.025,2.066,2.025,2.066,1179100,2419984,False
2017-09-19,2.058,2.072,2.058,2.061,53000,109291,False
2017-09-20,2.065,2.079,2.065,2.074,113300,235355,False
2017-09-21,2.071,2.077,2.063,2.073,95100,196952,False
2017-09-22,2.069,2.07,2.053,2.064,121900,251004,False
2017-09-25,2.077,2.077,2.065,2.072,69700,144155,False
2017-09-26,2.07,2.125,2.066,2.125,79300,164035,False
2017-09-27,2.072,2.083,2.068,2.069,1341600,2776709,False
2017-09-28,2.07,2.118,2.07,2.112,2007200,4219468,False
2017-09-29,2.11,2.143,2.1,2.134,1603500,3420710,False
2017-10-09,2.15,2.2,2.136,2.16,225200,485742,False
2017-10-10,2.16,2.24,2.145,2.17,509800,1103439,False
2017-10-11,2.17,2.297,2.17,2.215,1897900,4178683,False
2017-10-12,2.21,2.277,2.185,2.208,1037500,2276409,False
2017-10-13,2.21,2.235,2.208,2.223,2784100,6173231,False
2017-10-16,2.229,2.29,2.188,2.195,4818500,10691482,False
2017-10-17,2.195,2.22,2.179,2.202,2721800,5976393,False
2017-10-18,2.199,2.23,2.19,2.23,1607600,3557986,False
2017-10-19,2.23,2.26,2.222,2.259,1196000,2680332,False
2017-10-20,2.289,2.289,2.22,2.231,1203700,2693938,False
2017-10-23,2.22,2.25,2.219,2.25,670900,1503234,False
2017-10-24,2.24,2.29,2.235,2.242,165800,371444,False
2017-10-25,2.24,2.251,2.23,2.249,512600,1149865,False
2017-10-26,2.26,2.33,2.26,2.283,5509600,12651706,False
2017-10-27,2.28,2.326,2.27,2.321,2724200,6272729,False
2017-10-30,2.31,2.33,2.275,2.308,4712600,10841290,False
2017-10-31,2.307,2.309,2.274,2.305,1049300,2401083,False
2017-11-01,2.294,2.312,2.276,2.279,3303700,7583253,False
2017-11-02,2.275,2.29,2.27,2.283,1386900,3157959,False
2017-11-03,2.29,2.306,2.281,2.293,32272500,74245793,False
2017-11-06,2.29,2.389,2.29,2.387,6237998,14537521,False
2017-11-07,2.378,2.389,2.347,2.36,1836200,4356993,False
2017-11-08,2.354,2.388,2.345,2.351,2924800,6903701,False
2017-11-09,2.347,2.362,2.33,2.359,541200,1265376,False
2017-11-10,2.36,2.42,2.357,2.419,3018800,7237756,False
2017-11-13,2.42,2.421,2.405,2.408,497400,1200788,False
2017-11-14,2.407,2.42,2.362,2.408,664200,1578654,False
2017-11-15,2.355,2.383,2.351,2.383,411200,972247,False
2017-11-16,2.383,2.42,2.378,2.418,2614000,6255680,False
2017-11-17,2.415,2.415,2.345,2.359,2483700,5860359,False
2017-11-20,2.358,2.358,2.288,2.348,15898932,37176373,False
2017-11-21,2.346,2.397,2.338,2.383,10349200,24599252,False
2017-11-22,2.402,2.402,2.335,2.349,6012000,14128339,False
2017-11-23,2.327,2.33,2.2,2.201,4333000,9882569,False
2017-11-24,2.235,2.264,2.213,2.247,1141400,2557800,False
2017-11-27,2.24,2.24,2.189,2.236,913000,2031059,False
2017-11-28,2.2,2.247,2.2,2.242,1347300,3007115,False
2017-11-29,2.245,2.256,2.204,2.216,1340800,2976100,False
2017-11-30,2.21,2.23,2.192,2.192,286000,629224,False
2017-12-01,2.192,2.209,2.187,2.195,859300,1882687,False
2017-12-04,2.195,2.25,2.18,2.237,2354900,5233591,False
2017-12-05,2.237,2.255,2.201,2.203,1795300,4016521,False
2017-12-06,2.209,2.214,2.166,2.197,1629100,3594239,False
2017-12-07,2.192,2.198,2.173,2.185,601200,1310901,False
2017-12-08,2.171,2.246,2.171,2.24,6174100,13735173,False
2017-12-11,2.24,2.3,2.238,2.3,6499200,14671818,False
2017-12-12,2.299,2.299,2.277,2.291,4665700,10678211,False
2017-12-13,2.278,2.326,2.27,2.325,1769000,4053404,False
2017-12-14,2.319,2.326,2.301,2.326,999898,2315713,False
2017-12-15,2.326,2.333,2.306,2.315,3452900,8002415,False
2017-12-18,2.365,2.365,2.315,2.325,7669400,17868471,False
2017-12-19,2.325,2.349,2.3,2.335,1647400,3839001,False
2017-12-20,2.34,2.4,2.335,2.393,4672798,11077769,False
2017-12-21,2.39,2.396,2.356,2.386,9634000,22946128,False
2017-12-22,2.38,2.398,2.368,2.388,1352300,3220265,False
2017-12-25,2.39,2.43,2.371,2.381,753000,1796262,False
2017-12-26,2.371,2.378,2.337,2.361,2832500,6663337,False
2017-12-27,2.35,2.356,2.315,2.317,527500,1231778,False
2017-12-28,2.325,2.38,2.316,2.364,587000,1388294,False
2017-12-29,2.35,2.387,2.345,2.354,659300,1552572,False
2018-01-02,2.35,2.379,2.342,2.37,1370200,3232416,False
2018-01-03,2.371,2.396,2.371,2.392,987516,2356003,False
2018-01-04,2.385,2.443,2.385,2.437,2759700,6700502,False
2018-01-05,2.435,2.45,2.43,2.433,834100,2035719,False
2018-01-08,2.423,2.442,2.351,2.43,750100,1821929,False
2018-01-09,2.43,2.48,2.43,2.48,1947200,4794531,False
2018-01-10,2.475,2.492,2.468,2.49,737700,1829380,False
2018-01-11,2.485,2.485,2.461,2.469,858200,2118050,False
2018-01-12,2.47,2.485,2.455,2.484,625300,1543818,False
2018-01-15,2.489,2.5,2.46,2.463,1642500,4069999,False
2018-01-16,2.463,2.539,2.456,2.517,1823300,4564816,False
2018-01-17,2.522,2.522,2.479,2.479,1235200,3087390,False
2018-01-18,2.485,2.527,2.485,2.497,707600,1777964,False
2018-01-19,2.497,2.54,2.463,2.48,539200,1336713,False
2018-01-22,2.484,2.55,2.476,2.55,867900,2189861,False
2018-01-23,2.549,2.555,2.536,2.553,754200,1921906,False
2018-01-24,2.537,2.542,2.526,2.534,262500,664360,False
2018-01-25,2.534,2.545,2.506,2.519,915800,2312423,False
2018-01-26,2.51,2.53,2.51,2.529,874300,2209869,False
2018-01-29,2.528,2.528,2.441,2.466,1695000,4212568,False
2018-01-30,2.455,2.458,2.436,2.446,1131600,2766277,False
2018-01-31,2.45,2.479,2.447,2.477,323000,797949,False
2018-02-01,2.473,2.479,2.409,2.417,710500,1725655,False
2018-02-02,2.41,2.412,2.362,2.409,273400,654873,False
2018-02-05,2.4,2.43,2.317,2.334,896000,2099167,False
2018-02-06,2.34,2.34,2.238,2.259,825500,1880592,False
2018-02-07,2.277,2.297,2.217,2.219,311900,705213,False
2018-02-08,2.211,2.26,2.208,2.245,266600,597619,False
2018-02-09,2.24,2.39,2.122,2.324,343000,743524,False
2018-02-12,2.221,2.343,2.206,2.256,699300,1565173,False
2018-02-13,2.26,2.297,2.26,2.274,556600,1274813,False
2018-02-14,2.277,2.298,2.277,2.295,386800,885917,False
2018-02-22,2.299,2.389,2.299,2.37,1155900,2720281,False
2018-02-23,2.36,2.379,2.341,2.36,1082100,2544103,False
2018-02-26,2.37,2.376,2.338,2.371,528100,1245946,False
2018-02-27,2.372,2.372,2.343,2.346,325600,767484,False
2018-02-28,2.306,2.35,2.303,2.308,187300,434119,False
2018-03-01,2.305,2.338,2.302,2.326,221600,514847,False
2018-03-02,2.33,2.339,2.314,2.327,109000,253113,False
2018-03-05,2.326,2.33,2.29,2.295,193900,446459,False
2018-03-06,2.276,2.318,2.274,2.312,478900,1096642,False
2018-03-07,2.32,2.333,2.293,2.293,182400,422263,False
2018-03-08,2.29,2.323,2.288,2.323,106200,244848,False
2018-03-09,2.336,2.348,2.323,2.348,226800,530511,False
2018-03-12,2.35,2.358,2.338,2.351,121600,285731,False
2018-03-13,2.351,2.36,2.335,2.336,168600,395355,False
2018-03-14,2.325,2.339,2.32,2.335,302100,703594,False
2018-03-15,2.33,2.381,2.33,2.379,2168700,5125202,False
2018-03-16,2.38,2.39,2.353,2.354,140600,333849,False
2018-03-19,2.36,2.36,2.339,2.36,36700,86252,False
2018-03-20,2.355,2.36,2.333,2.355,317600,743105,False
2018-03-21,2.357,2.375,2.345,2.345,64800,153206,False
2018-03-22,2.345,2.345,2.312,2.312,536300,1244876,False
2018-03-23,2.3,2.304,2.24,2.295,4713200,10679820,False
2018-03-26,2.255,2.273,2.232,2.268,1300600,2918583,False
2018-03-27,2.27,2.373,2.27,2.297,99600,229629,False
2018-03-28,2.29,2.29,2.217,2.263,3698200,8304806,False
2018-03-29,2.24,2.26,2.187,2.256,3383900,7488799,False
2018-03-30,2.25,2.275,2.24,2.257,134000,302406,False
2018-04-02,2.253,2.266,2.241,2.247,155676,351058,False
2018-04-03,2.25,2.265,2.246,2.265,564000,1270177,False
2018-04-04,2.252,2.344,2.252,2.321,548200,1278309,False
2018-04-09,2.321,2.321,2.284,2.288,359600,825938,False
2018-04-10,2.28,2.304,2.275,2.303,195500,446371,False
2018-04-11,2.309,2.321,2.309,2.32,93900,217644,False
2018-04-12,2.314,2.316,2.294,2.294,54600,125884,False
2018-04-13,2.305,2.305,2.275,2.285,31900,72828,False
2018-04-16,2.29,2.291,2.26,2.266,18900,42793,False
2018-04-17,2.275,2.275,2.24,2.24,135700,305384,False
2018-04-18,2.24,2.3,2.2,2.299,109100,244764,False
2018-04-19,2.271,2.288,2.271,2.288,2006900,4575117,False
2018-04-20,2.285,2.293,2.241,2.292,68800,155727,False
2018-04-23,2.249,2.267,2.226,2.25,415900,929609,False
2018-04-24,2.26,2.3,2.26,2.288,286300,649877,False
2018-04-25,2.29,2.299,2.28,2.299,81000,185819,False
2018-04-26,2.274,2.274,2.247,2.249,71900,162566,False
2018-04-27,2.286,2.286,2.205,2.234,181700,404825,False
2018-05-02,2.22,2.235,2.156,2.235,113100,250197,False
2018-05-03,2.221,2.261,2.218,2.26,171900,386446,False
2018-05-04,2.261,2.277,2.245,2.26,32800,73852,False
2018-05-07,2.256,2.34,2.256,2.34,739200,1718253,False
2018-05-08,2.364,2.373,2.345,2.373,161100,380347,False
2018-05-09,2.374,2.388,2.352,2.354,334300,789814,False
2018-05-10,2.37,2.39,2.37,2.39,128900,307178,False
2018-05-11,2.396,2.408,2.376,2.392,98200,234967,False
2018-05-14,2.394,2.416,2.392,2.416,216500,521021,False
2018-05-15,2.42,2.443,2.406,2.44,723000,1757452,False
2018-05-16,2.44,2.476,2.44,2.457,1425245,3498187,False
2018-05-17,2.454,2.488,2.407,2.488,408445,992316,False
2018-05-18,2.42,2.48,2.386,2.425,1087700,2617044,False
2018-05-21,2.421,2.437,2.42,2.425,171900,417757,False
2018-05-22,2.425,2.452,2.425,2.452,378000,921841,False
2018-05-23,2.452,2.452,2.41,2.412,180100,436611,False
2018-05-24,2.41,2.411,2.391,2.405,178300,428340,False
2018-05-25,2.395,2.42,2.395,2.404,121000,291273,False
2018-05-28,2.413,2.464,2.4,2.461,260000,637194,False
2018-05-29,2.468,2.504,2.461,2.493,2966300,7389794,False
2018-05-30,2.45,2.49,2.375,2.478,480300,1175899,False
2018-05-31,2.465,2.565,2.465,2.557,2215218,5619617,False
2018-06-01,2.55,2.56,2.434,2.499,623800,1575381,False
2018-06-04,2.5,2.554,2.484,2.545,1033100,2624957,False
2018-06-05,2.55,2.572,2.524,2.57,2067937,5275988,False
2018-06-06,2.57,2.582,2.56,2.58,1326900,3408158,False
2018-06-07,2.58,2.58,2.54,2.557,367100,938168,False
2018-06-08,2.54,2.554,2.505,2.524,624100,1572003,False
2018-06-11,2.53,2.53,2.459,2.474,582000,1439464,False
2018-06-12,2.454,2.545,2.454,2.542,2697200,6797321,False
2018-06-13,2.542,2.551,2.509,2.522,1275500,3229787,False
2018-06-14,2.49,2.511,2.464,2.485,1162800,2890952,False
2018-06-15,2.472,2.48,2.444,2.46,629100,1547063,False
2018-06-19,2.459,2.459,2.315,2.399,1570400,3723049,False
2018-06-20,2.399,2.399,2.344,2.394,891200,2105128,False
2018-06-21,2.385,2.429,2.381,2.383,1109200,2663688,False
2018-06-22,2.365,2.395,2.347,2.394,793400,1883287,False
2018-06-25,2.4,2.432,2.399,2.406,605500,1463391,False
2018-06-26,2.4,2.428,2.34,2.413,735200,1762865,False
2018-06-27,2.4,2.4,2.315,2.327,902300,2107822,False
2018-06-28,2.305,2.318,2.265,2.28,367900,843092,False
2018-06-29,2.271,2.346,2.27,2.341,1168600,2727853,False
2018-07-02,2.34,2.369,2.287,2.299,2369700,5572965,False
2018-07-03,2.283,2.303,2.198,2.276,672000,1515164,False
2018-07-04,2.275,2.283,2.178,2.263,508800,1157161,False
2018-07-05,2.275,2.297,2.225,2.235,862700,1952189,False
2018-07-06,2.23,2.277,2.208,2.261,1926600,4340366,False
2018-07-09,2.261,2.32,2.261,2.319,1909700,4404225,False
2018-07-10,2.335,2.335,2.242,2.326,628500,1457219,False
2018-07-11,2.332,2.332,2.25,2.31,997400,2291797,False
2018-07-12,2.28,2.37,2.28,2.359,1048300,2466057,False
2018-07-13,2.361,2.396,2.356,2.391,756500,1804184,False
2018-07-16,2.378,2.409,2.378,2.4,600600,1432867,False
2018-07-17,2.395,2.395,2.343,2.364,171600,404317,False
2018-07-18,2.365,2.373,2.35,2.35,172600,406803,False
2018-07-19,2.351,2.357,2.314,2.325,178800,416124,False
2018-07-20,2.335,2.341,2.313,2.339,275500,643474,False
2018-07-23,2.324,2.347,2.306,2.347,363200,844014,False
2018-07-24,2.321,2.377,2.314,2.374,590811,1393698,False
2018-07-25,2.37,2.381,2.355,2.365,512400,1213633,False
2018-07-26,2.359,2.359,2.331,2.338,251100,586671,False
2018-07-27,2.334,2.362,2.334,2.355,239700,561081,False
2018-07-30,2.34,2.364,2.297,2.3,347300,806400,False
2018-07-31,2.299,2.342,2.299,2.341,185100,427632,False
2018-08-01,2.32,2.331,2.273,2.273,644500,1483601,False
2018-08-02,2.27,2.27,2.184,2.257,711900,1578655,False
2018-08-03,2.218,2.224,2.178,2.178,1398900,3070051,False
2018-08-06,2.157,2.18,2.092,2.128,1017000,2176787,False
2018-08-07,2.138,2.183,2.11,2.183,366100,783540,False
2018-08-08,2.17,2.172,2.126,2.131,502600,1079274,False
2018-08-09,2.148,2.198,2.123,2.19,287700,624131,False
2018-08-10,2.198,2.227,2.193,2.208,120700,266945,False
2018-08-13,2.2,2.2,2.102,2.195,113100,246364,False
2018-08-14,2.202,2.203,2.181,2.189,1055380,2317025,False
2018-08-15,2.18,2.18,2.12,2.13,255400,547642,False
2018-08-16,2.12,2.136,2.081,2.1,175300,370052,False
2018-08-17,2.105,2.119,2.049,2.057,433600,901745,False
2018-08-20,2.05,2.056,2.017,2.054,339500,692012,False
2018-08-21,2.071,2.124,2.069,2.113,226900,474498,False
2018-08-22,2.155,2.155,2.051,2.105,103900,219022,False
2018-08-23,2.128,2.128,2.099,2.125,523800,1110447,False
2018-08-24,2.12,2.125,2.098,2.122,149500,314981,False
2018-08-27,2.115,2.224,2.111,2.168,557800,1204455,False
2018-08-28,2.172,2.175,2.163,2.166,129700,281472,False
2018-08-29,2.17,2.17,2.152,2.156,100200,216155,False
2018-08-30,2.169,2.17,2.135,2.141,345000,738994,False
2018-08-31,2.135,2.144,2.073,2.098,839100,1757431,False
2018-09-03,2.1,2.1,2.065,2.089,87700,181998,False
2018-09-04,2.097,2.111,2.078,2.105,101500,212609,False
2018-09-05,2.1,2.1,2.068,2.097,51600,107736,False
2018-09-06,2.065,2.08,2.027,2.08,802400,1637668,False
2018-09-07,2.039,2.079,2.027,2.042,302800,618508,False
2018-09-10,2.04,2.047,2.015,2.015,863200,1753419,False
2018-09-11,2.03,2.077,2.014,2.03,105300,213200,False
2018-09-12,2.034,2.049,2.005,2.049,1431816,2886859,False
2018-09-13,2.01,2.046,1.982,2.019,165200,330484,False
2018-09-14,2.02,2.049,2.004,2.029,1818600,3660836,False
2018-09-17,2.03,2.04,2.02,2.02,928900,1886737,False
2018-09-18,2.02,2.077,2.009,2.063,1716500,3510260,False
2018-09-19,2.069,2.111,2.005,2.1,769600,1596681,False
2018-09-20,2.11,2.122,2.059,2.065,112700,236606,False
2018-09-21,2.11,2.173,2.11,2.169,710400,1520979,False
2018-09-25,2.129,2.176,2.129,2.164,676600,1462452,False
2018-09-26,2.17,2.248,2.17,2.22,1734100,3835582,False
2018-09-27,2.243,2.243,2.2,2.216,317300,703178,False
2018-09-28,2.239,2.239,2.202,2.238,412200,916125,False
2018-10-08,2.2,2.237,2.143,2.143,606500,1309465,False
2018-10-09,2.165,2.165,2.131,2.15,314900,676081,False
2018-10-10,2.145,2.199,2.104,2.118,1212400,2565907,False
2018-10-11,2.1,2.108,1.991,2.012,1281300,2612646,False
2018-10-12,2.012,2.067,2.002,2.067,379845,771700,False
2018-10-15,2.07,2.15,2.028,2.028,82200,168714,False
2018-10-16,2.035,2.065,2.007,2.018,165300,334421,False
2018-10-17,2.02,2.048,1.947,1.983,725600,1444431,False
2018-10-18,1.98,1.986,1.936,1.95,339900,663945,False
2018-10-19,1.94,2.028,1.93,2.024,525100,1036130,False
2018-10-22,2.049,2.12,2.01,2.11,560000,1172446,False
2018-10-23,2.11,2.133,2.008,2.028,479700,982878,False
2018-10-24,2.02,2.023,1.968,1.99,1260500,2520546,False
2018-10-25,1.958,1.958,1.916,1.951,835100,1612531,False
2018-10-26,1.955,1.957,1.887,1.904,435200,830991,False
2018-10-29,1.89,1.89,1.715,1.757,3922000,6983889,False
2018-10-30,1.76,1.777,1.706,1.76,691200,1199440,False
2018-10-31,1.86,1.86,1.769,1.819,929600,1663125,False
2018-11-01,1.825,1.877,1.821,1.833,382700,709675,False
2018-11-02,1.857,1.934,1.85,1.93,6442509,12230581,False
2018-11-05,1.948,1.948,1.892,1.906,339709,649035,False
2018-11-06,1.91,1.945,1.872,1.898,157800,297437,False
2018-11-07,1.9,1.93,1.881,1.911,179000,340515,False
2018-11-08,1.9,1.924,1.887,1.887,74400,141378,False
2018-11-09,1.894,1.894,1.876,1.886,60100,113397,False
2018-11-12,1.876,1.9,1.858,1.9,186100,350010,False
2018-11-13,1.88,1.929,1.875,1.921,256300,489026,False
2018-11-14,1.925,1.949,1.896,1.905,482400,926051,False
2018-11-15,1.895,1.909,1.895,1.909,151100,287719,False
2018-11-16,1.915,1.933,1.906,1.915,269000,514521,False
2018-11-19,1.915,1.936,1.915,1.934,108600,209652,False
2018-11-20,1.935,1.935,1.9,1.9,130000,248874,False
2018-11-21,1.895,1.917,1.872,1.915,271726,517894,False
2018-11-22,1.92,1.935,1.902,1.902,271200,516950,False
2018-11-23,1.91,1.91,1.868,1.873,170000,319768,False
2018-11-26,1.87,1.878,1.855,1.866,86000,160399,False
2018-11-27,1.87,1.887,1.856,1.887,73400,136800,False
2018-11-28,1.87,1.958,1.862,1.891,44300,83393,False
2018-11-29,1.9,1.917,1.884,1.884,164800,313945,False
2018-11-30,1.886,1.917,1.882,1.915,76900,146429,False
2018-12-03,1.932,1.993,1.932,1.979,406200,802801,False
2018-12-04,1.98,1.989,1.969,1.988,569400,1125369,False
2018-12-05,1.988,2.01,1.938,2.003,306900,609421,False
2018-12-06,2.0,2.0,1.96,1.965,126100,249324,False
2018-12-07,1.965,1.972,1.95,1.958,45800,89816,False
2018-12-10,1.95,1.96,1.938,1.946,66200,128723,False
2018-12-11,1.953,1.958,1.946,1.95,19700,38427,False
2018-12-12,1.97,1.98,1.964,1.979,80200,158244,False
2018-12-13,1.981,2.024,1.973,2.011,433400,867277,False
2018-12-14,2.008,2.008,1.992,1.992,315700,632366,False
2018-12-17,1.987,1.987,1.97,1.984,158400,313494,False
2018-12-18,1.98,1.98,1.945,1.962,105000,206136,False
2018-12-19,1.956,1.97,1.928,1.932,160500,310709,False
2018-12-20,1.926,1.937,1.904,1.932,222500,428036,False
2018-12-21,1.925,1.925,1.899,1.914,103100,196871,False
2018-12-24,1.91,1.939,1.899,1.939,274100,529343,False
2018-12-25,1.935,1.943,1.899,1.932,445000,851701,False
2018-12-26,1.942,1.942,1.915,1.926,153500,294385,False
2018-12-27,1.925,1.955,1.925,1.934,45000,87075,False
2018-12-28,1.939,1.958,1.919,1.954,39800,77611,False
2019-01-02,1.959,1.967,1.933,1.936,247100,480331,False
2019-01-03,1.942,1.942,1.887,1.892,151400,288304,False
2019-01-04,1.89,1.93,1.885,1.923,670800,1285917,False
2019-01-07,1.935,1.95,1.929,1.95,1673200,3246961,False
2019-01-08,1.95,1.95,1.936,1.94,2900,5625,False
2019-01-09,1.956,1.993,1.956,1.973,1271700,2530113,False
2019-01-10,1.948,1.965,1.945,1.96,95300,186882,False
2019-01-11,1.969,1.99,1.912,1.989,112600,222797,False
2019-01-14,1.98,1.98,1.966,1.966,30000,59272,False
2019-01-15,1.977,2.059,1.977,2.058,492300,990926,False
2019-01-16,2.06,2.083,2.045,2.063,183300,377575,False
2019-01-17,2.059,2.08,2.05,2.061,276200,568860,False
2019-01-18,2.064,2.093,2.064,2.087,458900,956608,False
2019-01-21,2.09,2.134,2.09,2.106,288600,610381,False
2019-01-22,2.1,2.104,2.071,2.078,230820,481367,False
2019-01-23,2.075,2.088,2.0,2.075,161800,335285,False
2019-01-24,2.091,2.102,2.07,2.094,75600,158177,False
2019-01-25,2.1,2.123,2.09,2.107,122800,259317,False
2019-01-28,2.129,2.144,2.102,2.103,147300,311557,False
2019-01-29,2.092,2.118,2.085,2.116,231400,485826,False
2019-01-30,2.043,2.116,2.042,2.096,129800,272748,False
2019-01-31,2.096,2.103,2.083,2.096,104500,218507,False
2019-02-01,2.096,2.13,2.096,2.13,114100,241779,False
2019-02-11,2.139,2.185,2.13,2.181,308400,669660,False
2019-02-12,2.186,2.198,2.175,2.188,679700,1486214,False
2019-02-13,2.181,2.223,2.181,2.216,327300,720540,False
2019-02-14,2.216,2.253,2.208,2.249,397100,888747,False
2019-02-15,2.248,2.248,2.213,2.214,368500,820332,False
2019-02-18,2.224,2.279,2.224,2.278,415100,939076,False
2019-02-19,2.278,2.294,2.222,2.262,437000,997419,False
2019-02-20,2.268,2.273,2.23,2.249,710200,1607148,False
2019-02-21,2.249,2.265,2.22,2.232,298300,669402,False
2019-02-22,2.222,2.256,2.218,2.256,446200,995501,False
2019-02-25,2.266,2.336,2.258,2.331,671900,1544582,False
2019-02-26,2.324,2.336,2.298,2.298,504500,1169732,False
2019-02-27,2.308,2.349,2.29,2.296,1272100,2960729,False
2019-02-28,2.296,2.348,2.296,2.335,536600,1248210,False
2019-03-01,2.346,2.39,2.346,2.388,469100,1110072,False
2019-03-04,2.39,2.441,2.378,2.393,1089500,2626575,False
2019-03-05,2.392,2.403,2.379,2.39,414600,990201,False
2019-03-06,2.382,2.386,2.36,2.382,591900,1404623,False
2019-03-07,2.363,2.363,2.325,2.338,554500,1298277,False
2019-03-08,2.328,2.328,2.222,2.286,851900,1968524,False
2019-03-11,2.245,2.354,2.245,2.354,645100,1498616,False
2019-03-12,2.354,2.365,2.328,2.338,452000,1062035,False
2019-03-13,2.328,2.347,2.316,2.32,128900,299984,False
2019-03-14,2.32,2.357,2.309,2.335,273200,637400,False
2019-03-15,2.336,2.389,2.336,2.375,388900,922114,False
2019-03-18,2.375,2.498,2.33,2.498,3098800,7633846,False
2019-03-19,2.496,2.496,2.451,2.472,518900,1280252,False
2019-03-20,2.469,2.5,2.442,2.47,392800,972093,False
2019-03-21,2.478,2.479,2.451,2.466,248200,611684,False
2019-03-22,2.469,2.473,2.439,2.453,582801,1432114,False
2019-03-25,2.452,2.452,2.408,2.408,367800,891664,False
2019-03-26,2.409,2.433,2.401,2.42,162700,393299,False
2019-03-27,2.425,2.464,2.41,2.464,639500,1564129,False
2019-03-28,2.461,2.482,2.4,2.465,419400,1034777,False
2019-03-29,2.479,2.589,2.479,2.562,1536502,3889747,False
2019-04-01,2.642,2.642,2.583,2.633,836900,2184291,False
2019-04-02,2.698,2.698,2.591,2.612,978600,2550998,False
2019-04-03,2.608,2.628,2.599,2.619,4390800,11474547,False
2019-04-04,2.61,2.66,2.61,2.653,3562600,9357628,False
2019-04-08,2.67,2.715,2.523,2.658,2248900,6013258,False
2019-04-09,2.65,2.686,2.648,2.679,765800,2041052,False
2019-04-10,2.669,2.759,2.662,2.738,1039300,2814863,False
2019-04-11,2.728,2.728,2.635,2.65,792300,2111596,False
2019-04-12,2.642,2.656,2.625,2.64,360800,952588,False
2019-04-15,2.65,2.683,2.61,2.61,569400,1511834,False
2019-04-16,2.607,2.668,2.595,2.668,592000,1559639,False
2019-04-17,2.67,2.698,2.657,2.685,520100,1391543,False
2019-04-18,2.686,2.722,2.685,2.708,446100,1207513,False
2019-04-19,2.712,2.72,2.679,2.718,715500,1932991,False
2019-04-22,2.728,2.768,2.694,2.694,509300,1386393,False
2019-04-23,2.694,2.726,2.674,2.705,770600,2077451,False
2019-04-24,2.715,2.734,2.665,2.712,757600,2043623,False
2019-04-25,2.713,2.713,2.657,2.669,509100,1369328,False
2019-04-26,2.679,2.694,2.65,2.653,422000,1125137,False
2019-04-29,2.644,2.747,2.644,2.7,689700,1860918,False
2019-04-30,2.71,2.746,2.699,2.72,340200,925255,False
2019-05-06,2.73,2.73,2.565,2.576,1050300,2745551,False
2019-05-07,2.576,2.69,2.576,2.675,492700,1303796,False
2019-05-08,2.675,2.688,2.622,2.644,412500,1097190,False
2019-05-09,2.654,2.654,2.535,2.579,555100,1426338,False
2019-05-10,2.586,2.687,2.579,2.685,607600,1609651,False
2019-05-13,2.675,2.699,2.628,2.681,1354400,3612899,False
2019-05-14,2.656,2.681,2.638,2.653,352900,939817,False
2019-05-15,2.663,2.776,2.663,2.756,946800,2572248,False
2019-05-16,2.756,2.788,2.73,2.781,697200,1931851,False
2019-05-17,2.799,2.799,2.724,2.735,520700,1433094,False
2019-05-20,2.725,2.729,2.635,2.682,2179700,5799613,False
2019-05-21,2.661,2.725,2.661,2.7,355100,956003,False
2019-05-22,2.674,2.718,2.665,2.69,539600,1449218,False
2019-05-23,2.68,2.681,2.626,2.635,369100,978030,False
2019-05-24,2.625,2.676,2.623,2.649,365000,964461,False
2019-05-27,2.658,2.669,2.599,2.669,346800,918561,False
2019-05-28,2.669,2.72,2.657,2.68,562500,1513263,False
2019-05-29,2.679,2.718,2.671,2.71,204100,552294,False
2019-05-30,2.7,2.735,2.685,2.719,335600,906638,False
2019-05-31,2.711,2.734,2.694,2.71,273900,743970,False
2019-06-03,2.71,2.735,2.695,2.712,1130600,3060638,False
2019-06-04,2.719,2.722,2.656,2.673,196400,525049,False
2019-06-05,2.682,2.697,2.673,2.682,92900,249212,False
2019-06-06,2.665,2.675,2.628,2.643,181900,482668,False
2019-06-10,2.652,2.697,2.618,2.697,147800,394453,False
2019-06-11,2.701,2.8,2.701,2.794,376300,1042333,False
2019-06-12,2.809,2.809,2.758,2.762,401400,1112767,False
2019-06-13,2.761,2.774,2.737,2.771,368000,1014994,False
2019-06-14,2.772,2.79,2.74,2.747,180700,498675,False
2019-06-17,2.73,2.76,2.713,2.728,326400,892643,False
2019-06-18,2.724,2.738,2.72,2.735,174800,476676,False
2019-06-19,2.76,2.85,2.76,2.76,390300,1086341,False
2019-06-20,2.764,2.857,2.764,2.839,1030000,2914804,False
2019-06-21,2.839,2.869,2.826,2.847,614800,1750148,False
2019-06-24,2.846,2.865,2.827,2.849,801100,2284630,False
2019-06-25,2.839,2.86,2.812,2.86,420800,1192966,False
2019-06-26,2.855,2.865,2.833,2.858,255100,726049,False
2019-06-27,2.867,2.911,2.867,2.91,457900,1324723,False
2019-06-28,2.9,2.916,2.89,2.91,987900,2866416,False
2019-07-01,2.931,3.1,2.931,3.0,2317700,6927320,False
2019-07-02,2.99,3.134,2.969,3.114,469400,1402862,False
2019-07-03,3.086,3.086,2.93,2.96,2855300,8490310,False
2019-07-04,2.949,2.949,2.868,2.885,1069700,3090786,False
2019-07-05,2.885,2.932,2.878,2.92,905100,2641792,False
2019-07-08,2.93,2.93,2.84,2.876,573900,1651114,False
2019-07-09,2.876,2.886,2.863,2.876,359800,1032383,False
2019-07-10,2.883,2.897,2.861,2.88,374100,1076560,False
2019-07-11,2.89,2.898,2.85,2.865,801500,2301025,False
2019-07-12,2.875,2.882,2.862,2.879,359700,1033791,False
2019-07-15,2.879,2.879,2.815,2.865,1082400,3081755,False
2019-07-16,2.854,2.864,2.815,2.825,708500,2003883,False
2019-07-17,2.815,2.836,2.804,2.816,792200,2237840,False
2019-07-18,2.816,2.816,2.782,2.786,1044800,2919495,False
2019-07-19,2.812,2.824,2.786,2.815,4812800,13528666,False
2019-07-22,2.814,2.814,2.785,2.788,42781600,119699921,False
2019-07-23,2.793,2.836,2.793,2.824,6778600,19076904,False
2019-07-24,2.844,2.848,2.831,2.835,1085500,3087055,False
2019-07-25,2.826,2.84,2.813,2.84,343100,969019,False
2019-07-26,2.843,2.861,2.825,2.86,465900,1327226,False
2019-07-29,2.86,2.873,2.849,2.869,859200,2458972,False
2019-07-30,2.875,2.882,2.862,2.865,298900,858748,False
2019-07-31,2.858,2.865,2.836,2.841,175700,499887,False
2019-08-01,2.839,2.839,2.791,2.797,709300,1990117,False
2019-08-02,2.789,2.789,2.682,2.785,228100,628429,False
2019-08-05,2.769,2.779,2.732,2.734,365300,1004963,False
2019-08-06,2.719,2.719,2.628,2.704,534000,1428908,False
2019-08-07,2.704,2.715,2.666,2.708,2964100,8036733,False
2019-08-08,2.706,2.75,2.706,2.748,114500,313944,False
2019-08-09,2.749,2.775,2.701,2.73,167700,458388,False
2019-08-12,2.724,2.76,2.724,2.751,127500,351180,False
2019-08-13,2.75,2.769,2.735,2.769,175300,483645,False
2019-08-14,2.774,2.807,2.774,2.782,427000,1189756,False
2019-08-15,2.782,2.791,2.746,2.775,176100,488044,False
2019-08-16,2.775,2.851,2.775,2.823,595900,1688916,False
2019-08-19,2.849,2.875,2.835,2.872,832400,2376372,False
2019-08-20,2.87,2.889,2.86,2.887,438000,1261546,False
2019-08-21,2.886,2.888,2.872,2.876,344000,990865,False
2019-08-22,2.876,2.913,2.876,2.911,839600,2428920,False
2019-08-23,2.91,2.953,2.895,2.951,451900,1323372,False
2019-08-26,2.928,2.928,2.898,2.905,316800,921839,False
2019-08-27,2.919,2.956,2.919,2.934,281900,827732,False
2019-08-28,2.94,2.968,2.923,2.959,732700,2159548,False
2019-08-29,2.959,2.967,2.938,2.962,119600,353442,False
2019-08-30,2.954,3.007,2.954,2.988,614900,1832845,False
2019-09-02,2.987,3.013,2.977,3.0,4378000,13143751,False
2019-09-03,2.99,3.014,2.976,2.994,271600,812969,False
2019-09-04,2.993,2.993,2.942,2.96,475300,1405818,False
2019-09-05,2.96,2.993,2.96,2.972,435300,1295082,False
2019-09-06,2.972,2.972,2.947,2.957,300500,887108,False
2019-09-09,2.967,2.99,2.96,2.974,457800,1361312,False
2019-09-10,2.975,2.99,2.968,2.989,332200,990691,False
2019-09-11,2.988,2.989,2.923,2.925,1345100,3947685,False
2019-09-12,2.911,2.952,2.911,2.952,837800,2457915,False
2019-09-16,2.938,2.939,2.918,2.923,445500,1304092,False
2019-09-17,2.933,2.933,2.893,2.897,1257300,3657436,False
2019-09-18,2.89,2.976,2.89,2.966,1831500,5373531,False
2019-09-19,2.958,2.969,2.935,2.961,459303,1353500,False
2019-09-20,2.973,2.98,2.96,2.961,122800,364159,False
2019-09-23,2.961,2.961,2.918,2.93,320900,938845,False
2019-09-24,2.936,2.99,2.934,2.97,473900,1404222,False
2019-09-25,2.966,2.969,2.942,2.965,231400,684520,False
2019-09-26,2.975,2.975,2.919,2.924,250800,737904,False
2019-09-27,2.926,2.95,2.895,2.934,165800,485238,False
2019-09-30,2.934,2.94,2.92,2.92,57900,169737,False
2019-10-08,2.92,2.95,2.92,2.928,193100,567510,False
2019-10-09,2.928,2.928,2.896,2.921,3885900,11317765,False
2019-10-10,2.911,2.949,2.888,2.939,846600,2454386,False
2019-10-11,2.93,2.962,2.921,2.939,343800,1009660,False
2019-10-14,2.949,2.965,2.936,2.952,545600,1610608,False
2019-10-15,2.942,2.978,2.942,2.973,613900,1821655,False
2019-10-16,2.963,2.963,2.933,2.941,1242100,3660330,False
2019-10-17,2.927,2.945,2.916,2.93,357200,1044488,False
2019-10-18,2.93,2.934,2.901,2.905,439400,1281324,False
2019-10-21,2.911,2.919,2.892,2.899,153300,445143,False
2019-10-22,2.909,2.914,2.889,2.909,84700,245744,False
2019-10-23,2.914,2.925,2.888,2.888,626403,1824971,False
2019-10-24,2.885,2.885,2.835,2.86,446000,1270858,False
2019-10-25,2.86,2.928,2.829,2.921,211903,609594,False
2019-10-28,2.921,2.935,2.87,2.935,1802503,5266752,False
2019-10-29,2.922,2.955,2.922,2.939,1586300,4680619,False
2019-10-30,2.937,2.947,2.916,2.927,77600,227554,False
2019-10-31,2.92,2.972,2.92,2.95,2039700,6025066,False
2019-11-01,2.95,2.988,2.946,2.981,1518500,4513192,False
2019-11-04,2.978,3.016,2.971,3.0,322700,969244,False
2019-11-05,3.005,3.034,3.0,3.027,175800,530535,False
2019-11-06,3.027,3.036,2.995,3.007,124700,375030,False
2019-11-07,3.017,3.029,3.011,3.025,90000,271814,False
2019-11-08,3.017,3.057,3.017,3.032,232300,705804,False
2019-11-11,3.025,3.025,2.98,2.988,333100,999970,False
2019-11-12,2.988,3.003,2.964,3.0,599900,1797748,False
2019-11-13,3.0,3.025,2.995,3.024,2416800,7260863,False
2019-11-14,3.025,3.049,3.008,3.02,786500,2383191,False
2019-11-15,3.016,3.03,2.997,3.012,330800,996569,False
2019-11-18,2.998,3.054,2.991,3.021,1334600,4015476,False
2019-11-19,3.021,3.058,3.012,3.056,236600,719886,False
2019-11-20,3.056,3.07,3.043,3.05,167000,510847,False
2019-11-21,3.059,3.059,3.029,3.034,115200,350136,False
2019-11-22,3.034,3.053,2.971,2.994,315600,950964,False
2019-11-25,2.981,2.985,2.949,2.985,231100,685954,False
2019-11-26,2.992,3.019,2.986,2.999,144000,431173,False
2019-11-27,3.003,3.003,2.976,2.99,168800,505288,False
2019-11-28,2.984,3.008,2.976,2.98,70000,208820,False
2019-11-29,2.98,2.98,2.902,2.925,203100,596829,False
2019-12-02,2.931,2.948,2.931,2.939,182800,537502,False
2019-12-03,2.931,2.937,2.905,2.935,88100,258138,False
2019-12-04,2.953,2.953,2.92,2.934,80400,235758,False
2019-12-05,2.927,2.952,2.924,2.936,535700,1575575,False
2019-12-06,2.939,2.975,2.939,2.975,952300,2815969,False
2019-12-09,2.989,2.989,2.945,2.959,240100,709859,False
2019-12-10,2.95,2.955,2.935,2.953,122100,359660,False
2019-12-11,2.95,2.954,2.93,2.94,3914000,11488927,False
2019-12-12,2.94,2.94,2.923,2.923,2207400,6462730,False
2019-12-13,2.933,2.968,2.933,2.968,351400,1039221,False
2019-12-16,2.967,2.978,2.943,2.966,243500,719440,False
2019-12-17,2.96,2.979,2.926,2.977,325200,964137,False
2019-12-18,2.977,2.99,2.966,2.977,273100,812977,False
2019-12-19,2.974,2.974,2.94,2.95,322700,951694,False
2019-12-20,2.95,2.95,2.927,2.927,325100,953894,False
2019-12-23,2.927,2.941,2.91,2.91,287400,840336,False
2019-12-24,2.918,2.933,2.914,2.931,249100,728875,False
2019-12-25,2.94,2.94,2.911,2.924,232600,678799,False
2019-12-26,2.92,2.922,2.906,2.92,248800,725919,False
2019-12-27,2.922,2.97,2.922,2.949,415400,1227668,False
2019-12-30,2.96,3.005,2.945,2.991,651400,1939638,False
2019-12-31,2.971,3.003,2.971,2.991,452800,1352165,False
2020-01-02,3.01,3.01,2.973,2.998,536300,1607438,False
2020-01-03,2.998,3.006,2.951,2.977,790200,2354103,False
2020-01-06,2.964,2.982,2.952,2.968,305900,907099,False
2020-01-07,2.968,3.003,2.968,3.0,516900,1547429,False
2020-01-08,3.004,3.021,2.986,2.992,480900,1442799,False
2020-01-09,3.02,3.04,3.013,3.033,344300,1042189,False
2020-01-10,3.033,3.052,3.025,3.052,326400,994462,False
2020-01-13,3.048,3.078,3.048,3.071,1349000,4137368,False
2020-01-14,3.074,3.086,3.04,3.042,332101,1015674,False
2020-01-15,3.042,3.087,3.023,3.062,636600,1947007,False
2020-01-16,3.058,3.066,3.052,3.062,161600,493983,False
2020-01-17,3.062,3.09,3.057,3.07,348700,1068692,False
2020-01-20,3.07,3.07,3.047,3.064,139200,425287,False
2020-01-21,3.051,3.052,2.998,3.0,325000,978722,False
2020-01-22,2.99,3.0,2.94,2.999,474300,1411594,False
2020-01-23,2.971,2.987,2.89,2.902,738200,2156396,False
2020-02-03,2.653,2.699,2.612,2.625,1423000,3747583,False
2020-02-04,2.635,2.765,2.635,2.755,1160500,3179621,False
2020-02-05,2.754,2.82,2.754,2.79,353400,983584,False
2020-02-06,2.79,2.875,2.716,2.861,600400,1709310,False
2020-02-07,2.861,2.908,2.833,2.906,1373423,3942045,False
2020-02-10,2.897,2.925,2.881,2.925,325723,945999,False
2020-02-11,2.925,2.972,2.914,2.945,868123,2563142,False
2020-02-12,2.951,2.994,2.951,2.96,440823,1305003,False
2020-02-13,2.989,2.996,2.951,2.953,290300,860281,False
2020-02-14,2.954,2.961,2.936,2.95,353223,1041006,False
2020-02-17,2.97,2.996,2.96,2.996,374800,1119131,False
2020-02-18,2.996,2.996,2.976,2.993,254400,759611,False
2020-02-19,2.993,3.013,2.976,2.996,338600,1015276,False
2020-02-20,2.995,3.07,2.995,3.07,671100,2043815,False
2020-02-21,3.041,3.066,3.041,3.065,938223,2860629,False
2020-02-24,3.056,3.056,2.993,3.016,894000,2694400,False
2020-02-25,3.0,3.0,2.925,2.985,550600,1640423,False
2020-02-26,2.982,3.007,2.951,2.991,565900,1686045,False
2020-02-27,2.997,3.02,2.988,3.017,589300,1769952,False
2020-02-28,2.999,2.999,2.807,2.919,770300,2258979,False
2020-03-02,2.917,2.986,2.91,2.973,348200,1030842,False
2020-03-03,2.974,3.023,2.974,3.008,260400,783590,False
2020-03-04,2.995,3.06,2.995,3.058,362700,1101484,False
2020-03-05,3.059,3.169,3.059,3.151,975400,3052027,False
2020-03-06,3.11,3.165,3.104,3.109,1302900,4084578,False
2020-03-09,3.099,3.099,2.996,3.0,1048700,3173346,False
2020-03-10,2.998,3.075,2.8,3.047,684800,2062525,False
2020-03-11,3.058,3.099,3.053,3.06,418600,1284893,False
2020-03-12,3.053,3.053,2.975,3.0,320700,960227,False
2020-03-13,2.9,2.993,2.83,2.953,696200,2033849,False
2020-03-16,2.96,2.969,2.839,2.853,338123,983095,False
2020-03-17,2.84,2.889,2.74,2.82,494823,1391587,False
2020-03-18,2.871,2.909,2.8,2.81,341800,986093,False
2020-03-19,2.81,2.831,2.709,2.776,631400,1744879,False
2020-03-20,2.813,2.873,2.791,2.864,307200,872886,False
2020-03-23,2.653,2.859,2.653,2.839,395600,1112920,False
2020-03-24,2.839,2.887,2.83,2.878,444300,1270867,False
2020-03-25,2.95,2.955,2.908,2.937,534500,1565647,False
2020-03-26,2.936,2.989,2.9,2.984,826900,2455717,False
2020-03-27,3.04,3.053,2.95,3.028,799800,2422687,False
2020-03-30,3.01,3.041,2.98,3.037,754400,2273889,False
2020-03-31,3.051,3.138,3.04,3.138,1274300,3946360,False
2020-04-01,3.159,3.159,3.07,3.09,2690400,8330374,False
2020-04-02,3.09,3.105,2.95,3.105,880500,2701007,False
2020-04-03,3.067,3.157,3.067,3.127,1259800,3946779,False
2020-04-07,3.19,3.231,3.16,3.224,1859900,5957586,False
2020-04-08,3.222,3.222,3.164,3.178,2190900,6960121,False
2020-04-09,3.182,3.207,3.17,3.199,2024200,6456112,False
2020-04-10,3.197,3.243,3.174,3.185,1287200,4127736,False
2020-04-13,3.171,3.176,3.127,3.164,1241900,3904228,False
2020-04-14,3.164,3.213,3.149,3.213,3753203,11922458,False
2020-04-15,3.215,3.216,3.172,3.178,1042800,3329243,False
2020-04-16,3.176,3.19,3.15,3.178,334700,1061613,False
2020-04-17,3.179,3.228,3.179,3.2,1136900,3645440,False
2020-04-20,3.232,3.232,3.181,3.228,2379100,7632552,False
2020-04-21,3.228,3.228,3.177,3.203,885800,2824980,False
2020-04-22,3.177,3.282,3.177,3.282,5397803,17527733,False
2020-04-23,3.3,3.333,3.25,3.294,837900,2772606,False
2020-04-24,3.294,3.32,3.274,3.306,1640600,5424580,False
2020-04-27,3.31,3.333,3.287,3.329,581703,1929061,False
2020-04-28,3.336,3.444,3.297,3.401,1392800,4677289,False
2020-04-29,3.401,3.405,3.305,3.316,2859900,9513603,False
2020-04-30,3.316,3.345,3.297,3.322,1493800,4953081,False
2020-05-06,3.319,3.365,3.289,3.363,766300,2554455,False
2020-05-07,3.361,3.416,3.33,3.399,1274900,4322315,False
2020-05-08,3.4,3.443,3.382,3.432,756000,2589035,False
2020-05-11,3.43,3.47,3.4,3.408,3332000,11462134,False
2020-05-12,3.413,3.48,3.4,3.479,3003000,10326627,False
2020-05-13,3.477,3.54,3.455,3.521,12991100,45499381,False
2020-05-14,3.518,3.518,3.49,3.491,4816900,16864137,False
2020-05-15,3.522,3.522,3.457,3.463,1947400,6759947,False
2020-05-18,3.467,3.569,3.466,3.556,3779823,13345286,False
2020-05-19,3.569,3.71,3.541,3.573,4441900,15814857,False
2020-05-20,3.573,3.573,3.52,3.527,3232300,11461521,False
2020-05-21,3.545,3.567,3.526,3.535,2081300,7380909,False
2020-05-22,3.535,3.553,3.43,3.444,5453400,18918542,False
2020-05-25,3.423,3.522,3.417,3.522,5036500,17557706,False
2020-05-26,3.52,3.563,3.507,3.56,980400,3468989,False
2020-05-27,3.563,3.564,3.526,3.539,1571370,5568069,False
2020-05-28,3.54,3.555,3.491,3.537,3490300,12261914,False
2020-05-29,3.533,3.611,3.525,3.602,5798470,20842815,False
2020-06-01,3.616,3.674,3.616,3.662,4113670,15016812,False
2020-06-02,3.662,3.67,3.603,3.613,4565300,16541460,False
2020-06-03,3.607,3.637,3.593,3.602,2046300,7374087,False
2020-06-04,3.62,3.636,3.602,3.635,4096700,14852853,False
2020-06-05,3.637,3.638,3.603,3.637,1233700,4468911,False
2020-06-08,3.637,3.677,3.623,3.633,5027700,18274811,False
2020-06-09,3.633,3.69,3.63,3.684,3396800,12458322,False
2020-06-10,3.689,3.717,3.68,3.705,1990500,7368794,False
2020-06-11,3.705,3.722,3.648,3.679,1985800,7313077,False
2020-06-12,3.678,3.701,3.636,3.686,842700,3087630,False
2020-06-15,3.68,3.711,3.67,3.678,2718000,10013561,False
2020-06-16,3.684,3.739,3.684,3.734,2857300,10629065,False
2020-06-17,3.741,3.761,3.728,3.76,1819400,6807027,False
2020-06-18,3.795,3.815,3.739,3.76,1275200,4788457,False
2020-06-19,3.76,3.86,3.7,3.843,3191700,12209815,False
2020-06-22,3.847,3.863,3.828,3.841,2273200,8729994,False
2020-06-23,3.841,3.929,3.84,3.928,3110600,12113185,False
2020-06-24,3.927,3.962,3.919,3.946,2229900,8780049,False
2020-06-29,3.946,3.975,3.93,3.972,2107200,8336793,False
2020-06-30,3.973,4.03,3.973,4.023,2498400,10030548,False
2020-07-01,4.024,4.112,4.024,4.102,3218600,13124590,False
2020-07-02,4.1,4.146,4.09,4.118,3584400,14764628,False
2020-07-03,4.118,4.14,4.042,4.096,2902300,11842364,False
2020-07-06,4.093,4.223,4.085,4.219,7427700,30961785,False
2020-07-07,4.325,4.408,4.23,4.286,3383200,14567915,False
2020-07-08,4.285,4.351,4.285,4.34,3710300,16029357,False
2020-07-09,4.34,4.417,4.34,4.416,2621100,11502606,False
2020-07-10,4.421,4.496,4.4,4.461,5359100,23914877,False
2020-07-13,4.473,4.623,4.457,4.605,4785600,21889514,False
2020-07-14,4.65,4.697,4.499,4.58,9838100,44969666,False
2020-07-15,4.58,4.724,4.58,4.667,8799600,40881365,False
2020-07-16,4.666,4.76,4.3,4.321,7750400,34522565,False
2020-07-17,4.242,4.459,4.242,4.411,4356700,19098211,False
2020-07-20,4.416,4.478,4.27,4.408,3318000,14497404,False
2020-07-21,4.401,4.55,4.399,4.514,3430700,15463443,False
2020-07-22,4.515,4.649,4.468,4.61,4047700,18578806,False
2020-07-23,4.605,4.68,4.564,4.66,3784000,17504946,False
2020-07-24,4.652,4.66,4.431,4.474,6249500,28234648,False
2020-07-27,4.458,4.562,4.458,4.538,3522600,15950188,False
2020-07-28,4.599,4.689,4.538,4.648,3492500,16155373,False
2020-07-29,4.65,4.71,4.571,4.71,4224800,19633540,False
2020-07-30,4.705,4.767,4.666,4.754,3800800,17997359,False
2020-07-31,4.74,4.827,4.688,4.789,4929300,23444861,False
2020-08-03,4.8,4.844,4.78,4.826,7163400,34363329,False
2020-08-04,4.828,4.866,4.75,4.772,5854400,28077305,False
2020-08-05,4.773,4.817,4.725,4.81,6670000,31826644,False
2020-08-06,4.81,4.815,4.69,4.734,7491300,35499037,False
2020-08-07,4.735,4.76,4.618,4.714,5728900,26892001,False
2020-08-10,4.712,4.755,4.6,4.736,4049300,19097192,False
2020-08-11,4.736,4.837,4.701,4.719,15653600,75106188,False
2020-08-12,4.701,4.702,4.55,4.632,5492500,25345209,False
2020-08-13,4.632,4.715,4.63,4.651,2001400,9312571,False
2020-08-14,4.651,4.719,4.646,4.718,1757200,8228600,False
2020-08-17,4.889,4.889,4.713,4.749,57110900,270389794,False
2020-08-18,4.755,4.88,4.735,4.851,11409100,54756441,False
2020-08-19,4.845,4.912,4.801,4.835,3836200,18629521,False
2020-08-20,4.8,4.82,4.745,4.777,4113700,19676455,False
2020-08-21,4.78,4.909,4.78,4.87,2965900,14435272,False
2020-08-24,4.88,4.943,4.86,4.916,3773300,18514282,False
2020-08-25,4.917,4.969,4.91,4.941,4196300,20738366,False
2020-08-26,4.94,5.4,4.901,4.941,5438400,26896550,False
2020-08-27,4.936,5.066,4.936,5.064,3547500,17730842,False
2020-08-28,5.084,5.225,5.064,5.199,6500400,33531544,False
2020-08-31,5.28,5.343,5.206,5.277,6153500,32554386,False
2020-09-01,5.277,5.286,5.189,5.284,5734500,29982268,False
2020-09-02,5.293,5.37,5.269,5.347,4788900,25528841,False
2020-09-03,5.375,5.428,5.209,5.255,11546100,61206939,False
2020-09-04,5.17,5.17,5.02,5.076,7630000,38597152,False
2020-09-07,5.03,5.09,4.85,4.886,6906500,34425459,False
2020-09-08,4.887,4.92,4.812,4.898,5569400,27058755,False
2020-09-09,4.809,4.824,4.685,4.734,7146500,33973341,False
2020-09-10,4.76,4.847,4.738,4.766,3745700,17961018,False
2020-09-11,4.754,4.847,4.72,4.841,3100800,14890969,False
2020-09-14,4.866,4.909,4.835,4.86,5130200,24937041,False
2020-09-15,4.855,4.92,4.836,4.92,2123900,10396112,False
2020-09-16,4.921,4.945,4.834,4.853,3796600,18553754,False
2020-09-17,4.852,4.852,4.726,4.781,2747100,13147413,False
2020-09-18,4.795,4.835,4.73,4.833,1934700,9287790,False
2020-09-21,4.828,4.828,4.767,4.775,2741700,13115940,False
2020-09-22,4.736,4.82,4.736,4.757,1337600,6389771,False
2020-09-23,4.755,4.813,4.716,4.801,1494600,7133705,False
2020-09-24,4.79,4.805,4.715,4.722,1866800,8853455,False
2020-09-25,4.722,4.78,4.722,4.742,4864400,23199517,False
2020-09-28,4.747,4.809,4.747,4.76,1520600,7268402,False
2020-09-29,4.788,4.804,4.746,4.795,1147200,5495972,False
2020-09-30,4.8,4.892,4.8,4.821,2784800,13483843,False
2020-10-09,4.923,4.963,4.884,4.94,2299100,11323813,False
2020-10-12,4.955,5.119,4.951,5.115,5689200,28777240,False
2020-10-13,5.11,5.14,5.084,5.139,3142900,16083400,False
2020-10-14,5.134,5.186,5.11,5.12,1908100,9811324,False
2020-10-15,5.12,5.143,5.072,5.083,2149200,10939056,False
2020-10-16,5.082,5.121,5.015,5.041,1701800,8602343,False
2020-10-19,5.043,5.063,4.92,4.936,3506700,17429979,False
2020-10-20,4.93,5.075,4.93,5.074,2745300,13752016,False
2020-10-21,5.085,5.099,5.025,5.069,3122200,15808863,False
2020-10-22,5.067,5.07,4.975,5.064,2314500,11651895,False
2020-10-23,5.055,5.07,4.931,4.961,2000100,9985239,False
2020-10-26,4.955,4.955,4.796,4.91,1738600,8448897,False
2020-10-27,4.9,4.968,4.88,4.949,889200,4380732,False
2020-10-28,4.948,5.091,4.945,5.067,2503300,12656355,False
2020-10-29,5.0,5.157,5.0,5.138,3462600,17726854,False
2020-10-30,5.138,5.138,4.92,4.935,9354900,46527805,False
2020-11-02,4.939,4.976,4.912,4.942,3358500,16606717,False
2020-11-03,4.94,4.99,4.928,4.974,1783700,8851108,False
2020-11-04,4.972,4.992,4.936,4.983,2029700,10105366,False
2020-11-05,4.986,5.089,4.986,5.084,5073700,25726257,False
2020-11-06,5.087,5.105,4.98,5.03,2935000,14756208,False
2020-11-09,5.068,5.099,5.031,5.084,5779800,29191078,False
2020-11-10,5.084,5.174,5.037,5.137,3869400,19854591,False
2020-11-11,5.137,5.253,5.109,5.13,4469000,23171678,False
2020-11-12,5.125,5.175,5.099,5.152,1529800,7853072,False
2020-11-13,5.145,5.145,4.984,5.014,6800700,34178899,False
2020-11-16,5.019,5.095,5.002,5.091,2573400,12992387,False
2020-11-17,5.08,5.081,5.001,5.023,2200600,11089632,False
2020-11-18,5.023,5.043,4.962,4.997,1234500,6152009,False
2020-11-19,4.997,5.076,4.935,5.066,2023900,10186431,False
2020-11-20,5.065,5.147,5.055,5.123,2715200,13912894,False
2020-11-23,5.132,5.21,5.132,5.152,4282100,22082910,False
2020-11-24,5.177,5.178,5.067,5.109,1600700,8166204,False
2020-11-25,5.106,5.11,4.976,4.982,2838800,14213338,False
2020-11-26,4.964,5.005,4.915,4.992,1430400,7102409,False
2020-11-27,4.976,5.018,4.942,5.007,1125600,5614792,False
2020-11-30,5.007,5.008,4.93,4.936,1922101,9517072,False
2020-12-01,4.932,5.048,4.93,5.036,2384500,11970439,False
2020-12-02,5.088,5.088,4.996,5.031,970600,4877145,False
2020-12-03,5.031,5.102,5.022,5.095,1830200,9293223,False
2020-12-04,5.1,5.241,5.1,5.23,4458501,23198573,False
2020-12-07,5.244,5.295,5.226,5.27,2540101,13376175,False
2020-12-08,5.263,5.332,5.242,5.315,4393700,23300181,False
2020-12-09,5.316,5.376,5.273,5.274,5139100,27324561,False
2020-12-10,5.273,5.369,5.246,5.323,3313400,17651261,False
2020-12-11,5.326,5.36,5.273,5.345,2800000,14903419,False
2020-12-14,5.336,5.452,5.33,5.439,4301000,23267818,False
2020-12-15,5.45,5.467,5.379,5.452,3252300,17683639,False
2020-12-16,5.424,5.547,5.424,5.53,3722000,20458415,False
2020-12-17,5.531,5.595,5.531,5.575,2878300,16030857,False
2020-12-18,5.568,5.585,5.44,5.518,3427000,18876368,False
2020-12-21,5.517,5.58,5.476,5.56,1796800,9971177,False
2020-12-22,5.535,5.637,5.535,5.554,4417300,24661805,False
2020-12-23,5.555,5.69,5.514,5.614,5946500,33419783,False
2020-12-24,5.575,5.612,5.5,5.527,4781300,26500943,False
2020-12-25,5.495,5.578,5.48,5.576,2888400,15985478,False
2020-12-28,5.574,5.688,5.574,5.684,2450000,13864417,False
2020-12-29,5.686,5.711,5.608,5.629,4216100,23769898,False
2020-12-30,5.6,5.755,5.585,5.749,2660600,15235296,False
2020-12-31,5.755,5.87,5.755,5.862,5769300,33485695,False
2021-01-04,5.879,6.074,5.843,6.024,5168500,30944074,False
2021-01-05,6.024,6.268,6.001,6.264,6542400,40568507,False
2021-01-06,6.292,6.354,6.2,6.313,7268700,45617252,False
2021-01-07,6.325,6.45,6.233,6.449,5630200,35657447,False
2021-01-08,6.447,6.5,6.245,6.3,11250800,71322400,False
2021-01-11,6.3,6.308,6.108,6.156,7928400,49063554,False
2021-01-12,6.1,6.297,6.1,6.292,7245400,45215475,False
2021-01-13,6.292,6.342,6.169,6.244,6045600,37898918,False
2021-01-14,6.243,6.243,6.05,6.135,6291900,38548693,False
2021-01-15,6.145,6.145,5.881,5.995,8109500,48476125,False
2021-01-18,5.95,6.032,5.896,6.01,4471000,26701445,False
2021-01-19,6.03,6.07,5.84,5.871,6621200,39141292,False
2021-01-20,5.87,5.928,5.775,5.921,11444600,67346874,False
2021-01-21,5.923,6.093,5.923,6.056,4854500,29286168,False
2021-01-22,6.056,6.135,6.027,6.104,8249100,50267250,False
2021-01-25,6.104,6.303,6.1,6.289,5220800,32552375,False
2021-01-26,6.29,6.293,6.155,6.172,5374800,33354657,False
2021-01-27,6.17,6.17,5.999,6.144,5487000,33477637,False
2021-01-28,6.1,6.157,6.021,6.05,3083000,18770588,False
2021-01-29,6.048,6.136,5.963,6.043,3390400,20542389,False
2021-02-01,6.055,6.103,5.983,6.023,2893700,17453065,False
2021-02-02,6.035,6.214,6.02,6.207,3504700,21543733,False
2021-02-03,6.207,6.229,6.122,6.175,2547800,15747564,False
2021-02-04,6.168,6.264,6.136,6.187,2096700,13022062,False
2021-02-05,6.187,6.33,6.166,6.228,2444000,15319132,False
2021-02-08,6.216,6.306,6.155,6.292,2049200,12805444,False
2021-02-09,6.292,6.526,6.292,6.519,3512300,22601735,False
2021-02-10,6.524,6.759,6.524,6.732,8312100,55236621,False
2021-02-18,6.745,6.9,6.51,6.545,7316900,48778697,False
2021-02-19,6.542,6.566,6.32,6.497,13388500,86082577,False
2021-02-22,6.484,6.492,6.177,6.194,5398200,33819321,False
2021-02-23,6.194,6.251,6.071,6.142,7392700,45611860,False
2021-02-24,6.147,6.148,5.83,5.91,6168700,36709583,False
2021-02-25,5.921,5.96,5.777,5.82,5032800,29462202,False
2021-02-26,5.8,5.8,5.59,5.683,3201700,18210339,False
2021-03-01,5.694,5.779,5.659,5.722,1870100,10670935,False
2021-03-02,5.747,5.782,5.551,5.606,1447300,8194642,False
2021-03-03,5.58,5.657,5.533,5.655,4548700,25532052,False
2021-03-04,5.634,5.634,5.343,5.37,3589800,19473600,False
2021-03-05,5.322,5.465,5.223,5.42,9251400,50054882,False
2021-03-08,5.42,5.459,5.112,5.114,4135400,22055955,False
2021-03-09,5.104,5.115,4.924,4.934,14474400,73294376,False
2021-03-10,4.999,5.115,4.999,5.047,8952500,45602956,False
2021-03-11,5.077,5.252,5.04,5.189,13591600,69873452,False
2021-03-12,5.21,5.225,5.095,5.181,1144000,5902745,False
2021-03-15,5.134,5.167,4.929,4.978,2036300,10170434,False
2021-03-16,4.985,5.085,4.985,5.073,1801900,9086452,False
2021-03-17,5.072,5.144,4.985,5.136,1011900,5161812,False
2021-03-18,5.138,5.272,5.138,5.259,8217100,43165158,False
2021-03-19,5.192,5.219,5.085,5.12,4007600,20619396,False
2021-03-22,5.081,5.18,5.061,5.135,1458700,7466411,False
2021-03-23,5.18,5.18,5.078,5.128,2726600,13986581,False
2021-03-24,5.08,5.189,5.08,5.101,6058600,31171285,False
2021-03-25,5.101,5.139,5.012,5.12,1515700,7737478,False
2021-03-26,5.157,5.278,5.152,5.258,2744001,14358112,False
2021-03-29,5.299,5.367,5.235,5.31,1966500,10455799,False
2021-03-30,5.305,5.415,5.291,5.366,5269500,28316977,False
2021-03-31,5.366,5.371,5.271,5.329,1489200,7904772,False
2021-04-01,5.329,5.414,5.329,5.404,12040100,65022431,False
2021-04-02,5.406,5.575,5.406,5.574,1810800,10015315,False
2021-04-06,5.584,5.593,5.509,5.541,1027600,5691413,False
2021-04-07,5.535,5.535,5.381,5.428,2544900,13780757,False
2021-04-08,5.413,5.547,5.355,5.535,1359500,7443404,False
2021-04-09,5.535,5.535,5.412,5.426,1562200,8502637,False
2021-04-12,5.424,5.459,5.344,5.374,1313900,7085963,False
2021-04-13,5.364,5.481,5.347,5.408,1102900,5991946,False
2021-04-14,5.408,5.501,5.4,5.473,958000,5238087,False
2021-04-15,5.49,5.49,5.391,5.45,1097400,5959445,False
2021-04-16,5.454,5.496,5.408,5.474,861400,4707694,False
2021-04-19,5.474,5.56,5.393,5.545,1778900,9826819,False
2021-04-20,5.526,5.666,5.522,5.586,2263500,12704400,False
2021-04-21,5.57,5.678,5.558,5.653,1287600,7241304,False
2021-04-22,5.653,5.748,5.59,5.659,2154700,12143480,False
2021-04-26,5.659,5.659,5.659,5.659,11033800,15678002,False
2021-04-27,1.402,1.418,1.388,1.417,8960300,12577862,False
2021-04-28,1.416,1.424,1.399,1.424,11767200,16608777,False
2021-04-29,1.428,1.447,1.417,1.435,10598800,15183029,False
2021-04-30,1.435,1.436,1.42,1.432,8659900,12383102,False
2021-05-06,1.431,1.432,1.393,1.409,13755900,19395370,False
2021-05-07,1.41,1.415,1.3,1.374,26680800,37081682,False
2021-05-10,1.371,1.385,1.352,1.37,20217000,27671388,False
2021-05-11,1.364,1.41,1.36,1.409,14337000,19827173,False
2021-05-12,1.408,1.425,1.399,1.423,9925100,14024108,False
2021-05-13,1.413,1.428,1.402,1.427,7229700,10261737,False
2021-05-14,1.429,1.456,1.416,1.45,9630500,13868600,False
2021-05-17,1.452,1.485,1.452,1.479,9893900,14610465,False
2021-05-18,1.479,1.484,1.466,1.481,7739500,11410278,False
2021-05-19,1.488,1.488,1.462,1.469,6870900,10092937,False
2021-05-20,1.47,1.49,1.468,1.487,9180700,13629027,False
2021-05-21,1.488,1.503,1.469,1.481,6550900,9710518,False
2021-05-24,1.48,1.496,1.462,1.495,10209600,15092336,False
2021-05-25,1.498,1.542,1.495,1.54,11638400,17733090,False
2021-05-26,1.54,1.553,1.521,1.537,8626100,13248201,False
2021-05-27,1.536,1.557,1.52,1.54,8521500,13089288,False
2021-05-28,1.54,1.545,1.517,1.529,10186600,15559577,False
2021-05-31,1.526,1.54,1.51,1.539,9458500,14461163,False
2021-06-01,1.545,1.545,1.517,1.542,9479400,14550850,False
2021-06-02,1.543,1.546,1.514,1.518,7856300,11976283,False
2021-06-03,1.517,1.541,1.502,1.518,8743100,13347749,False
2021-06-04,1.516,1.538,1.513,1.528,10521900,16086919,False
2021-06-07,1.54,1.54,1.516,1.526,5362200,8168161,False
2021-06-08,1.526,1.537,1.471,1.488,13950900,20896785,False
2021-06-09,1.482,1.499,1.469,1.495,8810000,13096046,False
2021-06-10,1.499,1.517,1.49,1.507,9386500,14163688,False
2021-06-11,1.508,1.51,1.483,1.495,7837800,11711034,False
2021-06-15,1.493,1.495,1.46,1.484,9323100,13799739,False
2021-06-16,1.48,1.501,1.468,1.479,8976800,13294895,False
2021-06-17,1.479,1.5,1.478,1.496,6527300,9751734,False
2021-06-18,1.496,1.505,1.469,1.48,10924900,16217648,False
2021-06-21,1.478,1.482,1.45,1.469,10129600,14851429,False
2021-06-22,1.467,1.474,1.456,1.471,8124000,11897601,False
2021-06-23,1.471,1.471,1.445,1.448,7652000,11101366,False
2021-06-24,1.448,1.456,1.423,1.452,6086000,8765165,False
2021-06-25,1.452,1.478,1.44,1.473,9628700,14090746,False
2021-06-28,1.473,1.483,1.464,1.48,14166000,20900060,False
2021-06-29,1.484,1.484,1.466,1.473,7099900,10463647,False
2021-06-30,1.471,1.481,1.469,1.472,6390900,9420959,False
2021-07-01,1.474,1.501,1.46,1.5,13859404,20564424,False
2021-07-02,1.5,1.5,1.451,1.452,13484900,19759069,False
2021-07-05,1.45,1.463,1.436,1.444,6383500,9237249,False
2021-07-06,1.437,1.443,1.393,1.424,10042800,14163041,False
2021-07-07,1.423,1.435,1.414,1.43,8803800,12576477,False
2021-07-08,1.437,1.438,1.409,1.41,8356800,11884350,False
2021-07-09,1.401,1.41,1.366,1.383,5884800,8126653,False
2021-07-12,1.398,1.398,1.358,1.387,27806200,38429043,False
2021-07-13,1.388,1.437,1.388,1.437,24847000,35286495,False
2021-07-14,1.439,1.453,1.415,1.446,13963300,20117856,False
2021-07-15,1.443,1.481,1.438,1.48,17410300,25559986,False
2021-07-16,1.478,1.478,1.441,1.445,13110400,19050755,False
2021-07-19,1.442,1.446,1.418,1.444,11581700,16584633,False
2021-07-20,1.438,1.445,1.43,1.444,6447300,9285485,False
2021-07-21,1.444,1.461,1.429,1.442,10674000,15421533,False
2021-07-22,1.448,1.454,1.421,1.429,10632000,15212467,False
2021-07-23,1.429,1.429,1.386,1.39,12926000,18066077,False
2021-07-26,1.388,1.388,1.311,1.324,16420500,21924447,False
2021-07-27,1.312,1.329,1.275,1.278,12857600,16797397,False
2021-07-28,1.255,1.295,1.24,1.291,14610800,18579403,False
2021-07-29,1.303,1.316,1.278,1.285,7918600,10230475,False
2021-07-30,1.283,1.283,1.238,1.248,32545800,40658566,False
2021-08-02,1.239,1.308,1.217,1.306,16908100,21407211,False
2021-08-03,1.3,1.327,1.276,1.323,13908200,18160599,False
2021-08-04,1.328,1.328,1.3,1.304,9796400,12821520,False
2021-08-05,1.297,1.326,1.276,1.313,11841100,15546313,False
2021-08-06,1.306,1.306,1.273,1.292,19060900,24561395,False
2021-08-09,1.292,1.341,1.286,1.336,14466100,19157628,False
2021-08-10,1.331,1.384,1.316,1.382,34957400,46892718,False
2021-08-11,1.37,1.381,1.352,1.354,16114700,21935815,False
2021-08-12,1.349,1.359,1.3,1.327,13031300,17411158,False
2021-08-13,1.318,1.337,1.315,1.331,13441624,17844792,False
2021-08-16,1.332,1.345,1.321,1.342,14279100,19108694,False
2021-08-17,1.342,1.342,1.286,1.291,15843700,20789203,False
2021-08-18,1.29,1.3,1.275,1.29,9808500,12636770,False
2021-08-19,1.287,1.294,1.268,1.275,11496700,14713384,False
2021-08-20,1.269,1.269,1.204,1.216,18640000,22869432,False
2021-08-23,1.215,1.229,1.208,1.219,8212900,10012642,False
2021-08-24,1.219,1.249,1.217,1.244,12920500,15932277,False
2021-08-25,1.244,1.273,1.244,1.261,8572500,10827445,False
2021-08-26,1.26,1.26,1.223,1.226,8273800,10232308,False
2021-08-27,1.225,1.254,1.222,1.23,8933500,11026507,False
2021-08-30,1.235,1.238,1.202,1.222,9527400,11605028,False
2021-08-31,1.21,1.223,1.194,1.2,13461200,16200209,False
2021-09-01,1.197,1.241,1.167,1.227,25790300,31147209,False
2021-09-02,1.228,1.236,1.207,1.213,9789600,11921940,False
2021-09-03,1.203,1.236,1.186,1.221,19130000,23148475,False
2021-09-06,1.22,1.26,1.206,1.256,14835800,18400881,False
2021-09-07,1.256,1.265,1.241,1.259,12882200,16169942,False
2021-09-08,1.262,1.263,1.238,1.243,12118400,15123863,False
2021-09-09,1.24,1.252,1.233,1.241,8514500,10575957,False
2021-09-10,1.241,1.264,1.238,1.256,9505100,11902227,False
2021-09-13,1.256,1.263,1.233,1.239,8265600,10268919,False
2021-09-14,1.239,1.261,1.234,1.235,7841800,9761477,False
2021-09-15,1.228,1.235,1.206,1.212,10620800,12919924,False
2021-09-16,1.215,1.229,1.196,1.219,11327400,13766396,False
2021-09-17,1.22,1.25,1.204,1.247,31480700,38556962,False
2021-09-22,1.242,1.242,1.217,1.223,9097400,11155027,False
2021-09-23,1.223,1.253,1.223,1.241,8388000,10386379,False
2021-09-24,1.245,1.302,1.245,1.295,26473100,34105982,False
2021-09-27,1.311,1.378,1.29,1.341,45989100,61751090,False
2021-09-28,1.33,1.335,1.29,1.325,16728400,22012154,False
2021-09-29,1.32,1.33,1.295,1.322,14879100,19576744,False
2021-09-30,1.323,1.34,1.316,1.325,15979600,21229999,False
2021-10-08,1.325,1.368,1.32,1.362,21852000,29620574,False
2021-10-11,1.362,1.385,1.345,1.35,14191400,19313477,False
2021-10-12,1.34,1.36,1.323,1.352,16122700,21694591,False
2021-10-13,1.357,1.404,1.351,1.391,26568600,36590283,False
2021-10-14,1.39,1.396,1.364,1.384,15906500,21910092,False
2021-10-15,1.383,1.4,1.364,1.381,16698600,23131420,False
2021-10-18,1.372,1.379,1.32,1.325,17029600,22638854,False
2021-10-19,1.324,1.352,1.32,1.339,13416300,17949356,False
2021-10-20,1.338,1.358,1.333,1.343,8247500,11073331,False
2021-10-21,1.343,1.353,1.333,1.351,7661100,10306947,False
2021-10-22,1.351,1.387,1.349,1.376,12209300,16745901,False
2021-10-25,1.375,1.386,1.36,1.379,8513400,11679770,False
2021-10-26,1.381,1.389,1.366,1.374,8484400,11680277,False
2021-10-27,1.372,1.372,1.347,1.354,7995400,10817543,False
2021-10-28,1.354,1.381,1.35,1.38,16708800,22893946,False
2021-10-29,1.386,1.41,1.384,1.406,21201000,29729670,False
2021-11-01,1.401,1.401,1.369,1.379,15889800,21980231,False
2021-11-02,1.373,1.41,1.373,1.409,22561300,31571804,False
2021-11-03,1.408,1.411,1.388,1.394,15542000,21732022,False
2021-11-04,1.398,1.438,1.398,1.437,18725100,26646016,False
2021-11-05,1.434,1.452,1.423,1.437,15933800,22873733,False
2021-11-08,1.432,1.435,1.413,1.415,16114600,22878911,False
2021-11-09,1.415,1.422,1.402,1.409,13972200,19712961,False
2021-11-10,1.407,1.407,1.368,1.38,20084700,27748958,False
2021-11-11,1.379,1.391,1.37,1.39,12103600,16749220,False
2021-11-12,1.392,1.397,1.375,1.378,9294400,12844912,False
2021-11-15,1.39,1.405,1.375,1.398,14046600,19609690,False
2021-11-16,1.4,1.433,1.398,1.42,24473700,34644649,False
2021-11-17,1.42,1.422,1.401,1.411,14987100,21123102,False
2021-11-18,1.409,1.412,1.394,1.408,8308100,11648983,False
2021-11-19,1.4,1.423,1.399,1.41,9204600,12991823,False
2021-11-22,1.412,1.426,1.407,1.41,13357000,18874459,False
2021-11-23,1.4,1.423,1.398,1.406,13230500,18613177,False
2021-11-24,1.404,1.432,1.404,1.421,18656500,26472435,False
2021-11-25,1.423,1.434,1.406,1.414,12699600,18012273,False
2021-11-26,1.417,1.417,1.399,1.405,8660400,12163610,False
2021-11-29,1.389,1.405,1.389,1.403,9095000,12709772,False
2021-11-30,1.402,1.408,1.385,1.39,9655200,13449245,False
2021-12-01,1.391,1.401,1.385,1.391,6726100,9350298,False
2021-12-02,1.391,1.4,1.385,1.387,7252896,10077399,False
2021-12-03,1.384,1.415,1.384,1.41,18220100,25608035,False
2021-12-06,1.411,1.417,1.396,1.402,11507100,16163442,False
2021-12-07,1.402,1.426,1.402,1.418,9610900,13614133,False
2021-12-08,1.418,1.453,1.41,1.45,15542000,22363433,False
2021-12-09,1.451,1.504,1.449,1.482,20652600,30536858,False
2021-12-10,1.474,1.49,1.468,1.483,12922700,19131859,False
2021-12-13,1.487,1.518,1.486,1.493,15009100,22531107,False
2021-12-14,1.482,1.503,1.48,1.49,11869100,17706408,False
2021-12-15,1.489,1.49,1.461,1.465,11087300,16321091,False
2021-12-16,1.466,1.466,1.431,1.449,16013900,23102552,False
2021-12-17,1.443,1.444,1.417,1.424,13117100,18691566,False
2021-12-20,1.424,1.435,1.418,1.421,51111800,73082177,False
2021-12-21,1.422,1.431,1.41,1.42,13542100,19221861,False
2021-12-22,1.421,1.428,1.413,1.417,7041400,9983426,False
2021-12-23,1.416,1.433,1.402,1.431,14031000,19904856,False
2021-12-24,1.431,1.454,1.43,1.453,15200500,21987470,False
2021-12-27,1.454,1.462,1.438,1.458,11595200,16829938,False
2021-12-28,1.458,1.47,1.45,1.461,9233200,13479390,False
2021-12-29,1.46,1.462,1.413,1.415,16870000,24039129,False
2021-12-30,1.408,1.425,1.407,1.42,8368500,11861775,False
2021-12-31,1.42,1.421,1.403,1.41,10517000,14827223,False
2022-01-04,1.413,1.413,1.384,1.404,11847100,16528347,False
2022-01-05,1.404,1.419,1.397,1.4,13569200,19060537,False
2022-01-06,1.401,1.401,1.366,1.379,13232700,18304131,False
2022-01-07,1.384,1.384,1.357,1.36,10730800,14673888,False
2022-01-10,1.358,1.359,1.323,1.351,12184500,16327883,False
2022-01-11,1.358,1.358,1.328,1.329,13041100,17494913,False
2022-01-12,1.328,1.345,1.328,1.342,21498000,28701748,False
2022-01-13,1.342,1.346,1.308,1.311,19702600,26021817,False
2022-01-14,1.305,1.315,1.29,1.292,23069100,30101014,False
2022-01-17,1.287,1.301,1.273,1.298,11827400,15264434,False
2022-01-18,1.3,1.321,1.293,1.311,11138600,14612568,False
2022-01-19,1.311,1.312,1.295,1.301,7492500,9750530,False
2022-01-20,1.302,1.322,1.302,1.317,9091000,11942416,False
2022-01-21,1.317,1.335,1.302,1.327,11125800,14707858,False
2022-01-24,1.327,1.336,1.306,1.314,5463000,7210315,False
2022-01-25,1.31,1.322,1.287,1.289,7806600,10212456,False
2022-01-26,1.289,1.311,1.279,1.302,7135200,9258349,False
2022-01-27,1.303,1.31,1.28,1.282,8136400,10532553,False
2022-01-28,1.282,1.294,1.26,1.27,9268900,11876016,False
2022-02-07,1.275,1.295,1.253,1.264,23576500,29750541,False
2022-02-08,1.264,1.264,1.223,1.246,9433600,11674771,False
2022-02-09,1.248,1.288,1.24,1.283,10973200,13892450,False
2022-02-10,1.283,1.285,1.272,1.28,6063200,7746549,False
2022-02-11,1.28,1.298,1.27,1.276,8331900,10689912,False
2022-02-14,1.273,1.299,1.266,1.291,6459600,8330596,False
2022-02-15,1.291,1.315,1.291,1.31,6893800,9017526,False
2022-02-16,1.308,1.321,1.299,1.315,6829300,8943254,False
2022-02-17,1.314,1.32,1.304,1.309,6750200,8848444,False
2022-02-18,1.301,1.317,1.293,1.316,7381400,9632602,False
2022-02-21,1.315,1.324,1.311,1.32,6172000,8129099,False
2022-02-22,1.32,1.32,1.281,1.29,4750900,6131193,False
2022-02-23,1.295,1.3,1.283,1.3,3465900,4484031,False
2022-02-24,1.3,1.3,1.17,1.269,9931900,12619693,False
2022-02-25,1.272,1.293,1.27,1.279,8681400,11130245,False
2022-02-28,1.274,1.279,1.256,1.279,8812000,11180158,False
2022-03-01,1.279,1.308,1.279,1.307,7573300,9839375,False
2022-03-02,1.307,1.308,1.287,1.298,7803200,10103885,False
2022-03-03,1.298,1.3,1.273,1.274,6836200,8760713,False
2022-03-04,1.272,1.277,1.256,1.266,4449000,5626210,False
2022-03-07,1.266,1.266,1.209,1.213,6902200,8456852,False
2022-03-08,1.215,1.24,1.187,1.191,3872700,4712385,False
2022-03-09,1.191,1.208,1.141,1.184,7856900,9222145,False
2022-03-10,1.193,1.225,1.193,1.214,4174300,5075715,False
2022-03-11,1.21,1.221,1.186,1.218,4770400,5753488,False
2022-03-14,1.217,1.217,1.166,1.168,5066200,5965537,False
2022-03-15,1.168,1.169,1.108,1.11,7520500,8506344,False
2022-03-16,1.112,1.147,1.085,1.141,8069400,9025260,False
2022-03-17,1.16,1.192,1.159,1.175,7778900,9138144,False
2022-03-18,1.175,1.18,1.156,1.168,7093700,8278533,False
2022-03-21,1.17,1.172,1.157,1.165,5378200,6253621,False
2022-03-22,1.166,1.169,1.152,1.156,5859600,6785189,False
2022-03-23,1.157,1.17,1.152,1.165,2583300,3003047,False
2022-03-24,1.156,1.156,1.14,1.148,5017500,5756712,False
2022-03-25,1.148,1.158,1.123,1.125,5250600,5991538,False
2022-03-28,1.124,1.124,1.088,1.104,4187800,4588285,False
2022-03-29,1.115,1.115,1.091,1.093,3140300,3450200,False
2022-03-30,1.106,1.133,1.1,1.133,6982100,7798416,False
2022-03-31,1.133,1.137,1.111,1.127,6724100,7593623,False
2022-04-01,1.126,1.158,1.121,1.146,5057100,5769072,False
2022-04-06,1.146,1.146,1.118,1.126,6060300,6829784,False
2022-04-07,1.118,1.138,1.114,1.119,3688100,4153775,False
2022-04-08,1.123,1.123,1.11,1.111,2764900,3084816,False
2022-04-11,1.112,1.112,1.076,1.081,4056600,4419701,False
2022-04-12,1.081,1.13,1.081,1.129,7648200,8478971,False
2022-04-13,1.119,1.141,1.113,1.129,8684200,9766606,False
2022-04-14,1.136,1.185,1.136,1.177,12455400,14524395,False
2022-04-15,1.186,1.186,1.16,1.17,12278900,14384576,False
2022-04-18,1.168,1.174,1.154,1.169,8801400,10251515,False
2022-04-19,1.174,1.184,1.151,1.161,7406500,8635603,False
2022-04-20,1.161,1.194,1.146,1.173,12213659,14270508,False
2022-04-21,1.17,1.181,1.151,1.16,12189800,14237265,False
2022-04-22,1.156,1.161,1.137,1.152,8310500,9510741,False
2022-04-25,1.14,1.146,1.102,1.106,11183341,12625014,False
2022-04-26,1.106,1.146,1.106,1.128,9252500,10414906,False
2022-04-27,1.132,1.151,1.122,1.149,24149700,27609590,False
2022-04-28,1.148,1.159,1.138,1.152,17244200,19810133,False
2022-04-29,1.164,1.169,1.141,1.165,10805900,12481015,False
2022-05-05,1.165,1.176,1.158,1.159,9794700,11413882,False
2022-05-06,1.135,1.139,1.114,1.119,6451400,7254614,False
2022-05-09,1.114,1.114,1.097,1.108,6484900,7157201,False
2022-05-10,1.105,1.132,1.089,1.13,19603800,21937231,False
2022-05-11,1.129,1.152,1.121,1.14,9651200,10997498,False
2022-05-12,1.135,1.153,1.13,1.146,14822000,16882973,False
2022-05-13,1.146,1.154,1.131,1.139,8310900,9454582,False
2022-05-16,1.144,1.147,1.12,1.126,6167700,6996448,False
2022-05-17,1.125,1.135,1.12,1.133,6869400,7746439,False
2022-05-18,1.133,1.136,1.118,1.13,3620000,4084818,False
2022-05-19,1.111,1.133,1.11,1.116,5496000,6124313,False
2022-05-20,1.115,1.15,1.115,1.149,14126900,16141713,False
2022-05-23,1.149,1.151,1.132,1.137,5374800,6117011,False
2022-05-24,1.139,1.139,1.115,1.124,12343900,13857413,False
2022-05-25,1.114,1.124,1.109,1.12,6134400,6840103,False
2022-05-26,1.12,1.129,1.106,1.12,6481700,7235072,False
2022-05-27,1.126,1.14,1.118,1.125,5910900,6675181,False
2022-05-30,1.125,1.152,1.125,1.149,10070500,11533671,False
2022-05-31,1.148,1.186,1.14,1.184,11564700,13561368,False
2022-06-01,1.19,1.19,1.164,1.176,10113300,11862112,False
2022-06-02,1.171,1.171,1.161,1.165,6025700,7015687,False
2022-06-06,1.165,1.182,1.149,1.179,11195000,13110791,False
2022-06-07,1.18,1.213,1.176,1.208,12273900,14758575,False
2022-06-08,1.211,1.235,1.201,1.224,13315000,16210593,False
2022-06-09,1.213,1.229,1.197,1.201,8691300,10480074,False
2022-06-10,1.198,1.221,1.186,1.217,8031500,9685565,False
2022-06-13,1.214,1.214,1.188,1.196,8237700,9847055,False
2022-06-14,1.186,1.215,1.182,1.214,7200000,8637777,False
2022-06-15,1.214,1.245,1.209,1.229,13940200,17118531,False
2022-06-16,1.229,1.245,1.22,1.228,10065300,12439951,False
2022-06-17,1.211,1.253,1.211,1.249,12867400,15949006,False
2022-06-20,1.249,1.275,1.247,1.262,10505600,13219607,False
2022-06-21,1.262,1.275,1.248,1.258,8899400,11224698,False
2022-06-22,1.265,1.265,1.238,1.239,6390700,7973064,False
2022-06-23,1.239,1.253,1.237,1.253,5507200,6861748,False
2022-06-24,1.253,1.274,1.249,1.269,9335300,11791348,False
2022-06-27,1.269,1.315,1.269,1.302,23844500,31091790,False
2022-06-28,1.3,1.31,1.293,1.306,13613500,17683959,False
2022-06-29,1.307,1.319,1.296,1.299,12164400,15895795,False
2022-06-30,1.299,1.357,1.298,1.344,19481000,26077855,False
2022-07-01,1.35,1.365,1.315,1.329,21481700,28450140,False
2022-07-04,1.328,1.328,1.305,1.322,12589400,16577046,False
2022-07-05,1.322,1.332,1.291,1.308,12897500,16849134,False
2022-07-06,1.302,1.303,1.272,1.28,12489400,16036726,False
2022-07-07,1.279,1.279,1.255,1.272,8851600,11220570,False
2022-07-08,1.285,1.285,1.266,1.268,7112100,9060318,False
2022-07-11,1.266,1.266,1.233,1.244,12805400,15887666,False
2022-07-12,1.239,1.247,1.225,1.233,8749800,10808309,False
2022-07-13,1.235,1.246,1.232,1.241,6638200,8222237,False
2022-07-14,1.237,1.244,1.227,1.233,6868300,8482993,False
2022-07-15,1.227,1.262,1.227,1.235,10141000,12651639,False
2022-07-18,1.23,1.239,1.207,1.232,6544300,8007704,False
2022-07-19,1.232,1.238,1.222,1.236,6720200,8275554,False
2022-07-20,1.24,1.265,1.24,1.254,10209400,12797365,False
2022-07-21,1.26,1.26,1.239,1.242,6700700,8353805,False
2022-07-22,1.26,1.261,1.228,1.238,7259100,9013635,False
2022-07-25,1.229,1.249,1.227,1.247,6854200,8498531,False
2022-07-26,1.247,1.268,1.247,1.258,10986000,13821388,False
2022-07-27,1.257,1.257,1.242,1.243,7661000,9555270,False
2022-07-28,1.257,1.257,1.239,1.246,6751200,8433195,False
2022-07-29,1.246,1.246,1.209,1.213,10031600,12271480,False
2022-08-01,1.206,1.226,1.206,1.22,5391600,6572258,False
2022-08-02,1.219,1.219,1.195,1.203,7488300,9016780,False
2022-08-03,1.203,1.216,1.196,1.198,5569800,6700849,False
2022-08-04,1.199,1.217,1.198,1.214,7975500,9621962,False
2022-08-05,1.216,1.231,1.21,1.229,8182900,9989635,False
2022-08-08,1.227,1.236,1.221,1.225,5080100,6232212,False
2022-08-09,1.224,1.224,1.21,1.222,5051700,6148190,False
2022-08-10,1.217,1.226,1.193,1.2,9619600,11590975,False
2022-08-11,1.203,1.222,1.197,1.222,10795200,13053321,False
2022-08-12,1.221,1.231,1.213,1.23,18678700,22775308,False
2022-08-15,1.223,1.231,1.215,1.218,7969700,9724644,False
2022-08-16,1.217,1.224,1.206,1.208,9754200,11818242,False
2022-08-17,1.208,1.217,1.197,1.214,10521100,12705052,False
2022-08-18,1.214,1.214,1.194,1.2,10650400,12765215,False
2022-08-19,1.199,1.203,1.19,1.191,11741200,14027169,False
2022-08-22,1.191,1.202,1.183,1.196,5886000,7035573,False
2022-08-23,1.197,1.197,1.18,1.183,10604000,12544977,False
2022-08-24,1.186,1.188,1.172,1.173,9212600,10874639,False
2022-08-25,1.172,1.2,1.172,1.198,48769200,58362645,False
2022-08-26,1.2,1.232,1.2,1.218,13737300,16756933,False
2022-08-29,1.202,1.216,1.201,1.208,5452800,6584078,False
2022-08-30,1.207,1.208,1.19,1.203,7150000,8553400,False
2022-08-31,1.203,1.23,1.198,1.22,12563800,15272893,False
2022-09-01,1.223,1.224,1.199,1.202,9475600,11434983,False
2022-09-02,1.201,1.202,1.176,1.185,8720700,10342728,False
2022-09-05,1.184,1.184,1.149,1.159,11132900,12866325,False
2022-09-06,1.159,1.169,1.156,1.165,8345100,9689795,False
2022-09-07,1.159,1.164,1.144,1.148,6828200,7840360,False
2022-09-08,1.148,1.159,1.148,1.15,4938800,5702705,False
2022-09-09,1.15,1.172,1.147,1.17,10995100,12836034,False
2022-09-13,1.182,1.19,1.171,1.182,7869000,9316754,False
2022-09-14,1.16,1.182,1.16,1.179,4003000,4711618,False
2022-09-15,1.174,1.196,1.174,1.185,8595500,10207109,False
2022-09-16,1.186,1.19,1.163,1.164,6372200,7483473,False
2022-09-19,1.16,1.182,1.151,1.169,7556100,8825876,False
2022-09-20,1.163,1.181,1.162,1.178,5743500,6737691,False
2022-09-21,1.173,1.178,1.159,1.162,3196000,3725581,False
2022-09-22,1.162,1.162,1.145,1.148,3732200,4299705,False
2022-09-23,1.148,1.161,1.142,1.153,4689400,5404949,False
2022-09-26,1.154,1.178,1.148,1.166,6648100,7773732,False
2022-09-27,1.164,1.205,1.157,1.204,12669800,15003395,False
2022-09-28,1.208,1.218,1.193,1.198,8320000,10047057,False
2022-09-29,1.2,1.22,1.189,1.194,7462500,8993219,False
2022-09-30,1.196,1.207,1.186,1.19,3972100,4740561,False
2022-10-10,1.186,1.186,1.133,1.135,7364900,8486369,False
2022-10-11,1.14,1.141,1.12,1.135,2935300,3315155,False
2022-10-12,1.136,1.136,1.1,1.133,6522600,7267746,False
2022-10-13,1.139,1.139,1.118,1.127,5163400,5831688,False
2022-10-14,1.132,1.152,1.127,1.146,6533300,7471035,False
2022-10-17,1.146,1.146,1.129,1.143,3708400,4212474,False
2022-10-18,1.146,1.151,1.131,1.132,6943700,7884187,False
2022-10-19,1.13,1.13,1.1,1.105,9323700,10349588,False
2022-10-20,1.1,1.116,1.091,1.098,9123500,10058602,False
2022-10-21,1.098,1.098,1.079,1.083,17947600,19461707,False
2022-10-24,1.082,1.082,1.028,1.03,15874300,16565571,False
2022-10-25,1.028,1.045,1.021,1.03,6905900,7109935,False
2022-10-26,1.035,1.058,1.033,1.037,9914400,10339124,False
2022-10-27,1.037,1.041,1.002,1.004,13860300,14064049,False
2022-10-28,1.0,1.003,0.967,0.969,13145200,12839629,False
2022-10-31,0.969,0.97,0.945,0.96,6096200,5847150,False
2022-11-01,0.966,1.021,0.96,1.02,14648500,14584665,False
2022-11-02,1.022,1.06,1.011,1.043,13289000,13791144,False
2022-11-03,1.038,1.038,1.025,1.032,6598200,6802448,False
2022-11-04,1.032,1.088,1.032,1.078,15842800,16951723,False
2022-11-07,1.075,1.089,1.061,1.086,11457100,12352661,False
2022-11-08,1.085,1.091,1.062,1.07,6845900,7348743,False
2022-11-09,1.071,1.073,1.053,1.056,8365800,8864706,False
2022-11-10,1.054,1.072,1.047,1.069,8006000,8509841,False
2022-11-11,1.098,1.11,1.08,1.094,13372200,14631584,False
2022-11-14,1.094,1.113,1.081,1.083,9782200,10729024,False
2022-11-15,1.083,1.111,1.078,1.103,9748900,10691219,False
2022-11-16,1.104,1.12,1.097,1.112,5492700,6106786,False
2022-11-17,1.112,1.116,1.096,1.103,5647100,6223229,False
2022-11-18,1.1,1.113,1.081,1.104,4325700,4779767,False
2022-11-21,1.103,1.103,1.068,1.08,8010600,8601719,False
2022-11-22,1.081,1.092,1.073,1.077,3464000,3739940,False
2022-11-23,1.078,1.079,1.067,1.071,4566000,4887289,False
2022-11-24,1.069,1.082,1.06,1.063,4659600,4978015,False
2022-11-25,1.061,1.064,1.052,1.061,3904000,4130066,False
2022-11-28,1.056,1.063,1.025,1.06,5043400,5264540,False
2022-11-29,1.065,1.102,1.065,1.097,10170900,11102466,False
2022-11-30,1.098,1.104,1.088,1.093,8360100,9150389,False
2022-12-01,1.129,1.147,1.102,1.13,17505600,19915476,False
2022-12-02,1.13,1.146,1.128,1.14,11412300,12965732,False
2022-12-05,1.198,1.198,1.15,1.155,21215900,24643572,False
2022-12-06,1.158,1.206,1.15,1.183,26874700,31972390,False
2022-12-07,1.181,1.209,1.172,1.193,25808100,30783592,False
2022-12-08,1.196,1.197,1.177,1.188,19292000,22903163,False
2022-12-09,1.188,1.208,1.174,1.208,19895200,23671672,False
2022-12-12,1.206,1.211,1.194,1.195,12462300,14955122,False
2022-12-13,1.189,1.206,1.183,1.202,12307900,14745393,False
2022-12-14,1.202,1.236,1.194,1.229,21007400,25593921,False
2022-12-15,1.24,1.241,1.206,1.214,15450500,18826328,False
2022-12-16,1.209,1.218,1.202,1.213,10436400,12627767,False
2022-12-19,1.213,1.224,1.197,1.201,11947000,14437740,False
2022-12-20,1.192,1.2,1.154,1.166,13800100,16168260,False
2022-12-21,1.164,1.186,1.164,1.177,10362400,12212567,False
2022-12-22,1.182,1.212,1.181,1.196,13372900,16043640,False
2022-12-23,1.185,1.214,1.182,1.203,9846700,11852226,False
2022-12-26,1.208,1.209,1.187,1.193,12933400,15474152,False
2022-12-27,1.206,1.214,1.191,1.206,11847800,14290146,False
2022-12-28,1.207,1.207,1.194,1.203,6804700,8168559,False
2022-12-29,1.203,1.203,1.183,1.195,7289500,8678099,False
2022-12-30,1.197,1.205,1.191,1.201,7506300,9011746,False
2023-01-03,1.202,1.204,1.17,1.178,14828900,17473045,False
2023-01-04,1.177,1.186,1.172,1.181,7611300,8979541,False
2023-01-05,1.181,1.222,1.181,1.218,19825300,24013941,False
2023-01-06,1.225,1.225,1.2,1.213,11446400,13852210,False
2023-01-09,1.219,1.234,1.204,1.229,26197800,31843454,False
2023-01-10,1.222,1.246,1.222,1.238,18644500,23052814,False
2023-01-11,1.238,1.243,1.224,1.232,10645400,13142921,False
2023-01-12,1.232,1.237,1.216,1.221,8192800,10028235,False
2023-01-13,1.224,1.258,1.221,1.256,17559300,21882283,False
2023-01-16,1.264,1.295,1.26,1.279,13459100,17257486,False
2023-01-17,1.279,1.279,1.264,1.269,8706500,11059790,False
2023-01-18,1.27,1.279,1.249,1.25,15691900,19767301,False
2023-01-19,1.25,1.25,1.233,1.246,11682400,14490662,False
2023-01-20,1.243,1.255,1.231,1.233,19179200,23779141,False
2023-01-30,1.27,1.27,1.239,1.248,20368000,25471107,False
2023-01-31,1.248,1.255,1.223,1.226,12812900,15845217,False
2023-02-01,1.222,1.231,1.21,1.228,14582900,17838444,False
2023-02-02,1.23,1.247,1.224,1.242,12281400,15177858,False
2023-02-03,1.241,1.241,1.217,1.229,13632600,16688129,False
2023-02-06,1.228,1.228,1.198,1.209,10576100,12763303,False
2023-02-07,1.206,1.22,1.203,1.208,7234100,8745767,False
2023-02-08,1.208,1.215,1.2,1.201,8742000,10543562,False
2023-02-09,1.201,1.23,1.201,1.226,14619700,17857236,False
2023-02-10,1.227,1.234,1.221,1.231,9532000,11704853,False
2023-02-13,1.23,1.268,1.227,1.26,18616700,23386814,False
2023-02-14,1.264,1.274,1.254,1.264,9746600,12304327,False
2023-02-15,1.264,1.271,1.254,1.256,7825700,9857672,False
2023-02-16,1.257,1.284,1.254,1.264,17913500,22705890,False
2023-02-17,1.264,1.282,1.253,1.256,17973800,22808567,False
2023-02-20,1.25,1.275,1.243,1.273,23857600,30063704,False
2023-02-21,1.273,1.273,1.255,1.264,11802700,14869691,False
2023-02-22,1.264,1.275,1.254,1.261,6896200,8734874,False
2023-02-23,1.261,1.269,1.244,1.252,6641800,8330027,False
2023-02-24,1.255,1.255,1.23,1.237,6342500,7842025,False
2023-02-27,1.242,1.248,1.224,1.246,11970200,14784800,False
2023-02-28,1.253,1.255,1.238,1.251,7675500,9567100,False
2023-03-01,1.251,1.26,1.239,1.259,9835600,12334416,False
2023-03-02,1.256,1.259,1.251,1.254,6671800,8361736,False
2023-03-03,1.259,1.265,1.238,1.247,5701500,7123592,False
2023-03-06,1.247,1.253,1.234,1.245,6003400,7472073,False
2023-03-07,1.244,1.244,1.217,1.219,11011700,13535034,False
2023-03-08,1.214,1.221,1.206,1.211,10897210,13192147,False
2023-03-09,1.208,1.215,1.189,1.2,11422200,13723451,False
2023-03-10,1.198,1.204,1.185,1.187,6393800,7621929,False
2023-03-13,1.183,1.211,1.183,1.206,6457000,7772785,False
2023-03-14,1.204,1.207,1.189,1.202,6943200,8326319,False
2023-03-15,1.202,1.211,1.185,1.187,7223000,8643646,False
2023-03-16,1.186,1.202,1.18,1.188,6424900,7655929,False
2023-03-17,1.19,1.195,1.169,1.177,9625500,11363820,False
2023-03-20,1.177,1.177,1.153,1.159,8018000,9298939,False
2023-03-21,1.158,1.188,1.157,1.183,6247100,7345019,False
2023-03-22,1.185,1.196,1.179,1.182,6422800,7623887,False
2023-03-23,1.182,1.2,1.177,1.191,4432400,5279630,False
2023-03-24,1.196,1.201,1.186,1.193,3393400,4051823,False
2023-03-27,1.192,1.193,1.179,1.184,4006500,4744526,False
2023-03-28,1.184,1.199,1.184,1.195,5316800,6339843,False
2023-03-29,1.202,1.207,1.191,1.2,8437500,10100682,False
2023-03-30,1.199,1.216,1.195,1.212,6380000,7691131,False
2023-03-31,1.214,1.229,1.213,1.216,7323300,8944906,False
2023-04-03,1.216,1.218,1.202,1.209,5793600,7005610,False
2023-04-04,1.212,1.217,1.202,1.216,8015100,9687215,False
2023-04-06,1.213,1.214,1.196,1.198,4496000,5406095,False
2023-04-07,1.196,1.208,1.19,1.196,9232400,11087152,False
2023-04-10,1.2,1.2,1.171,1.182,10147100,11947079,False
2023-04-11,1.182,1.189,1.166,1.169,8178500,9617266,False
2023-04-12,1.17,1.17,1.141,1.145,15584800,17945453,False
2023-04-13,1.145,1.153,1.135,1.153,6818500,7825469,False
2023-04-14,1.15,1.159,1.14,1.144,7708500,8833289,False
2023-04-17,1.144,1.162,1.143,1.155,10057700,11594279,False
2023-04-18,1.155,1.166,1.153,1.162,18368300,21332489,False
2023-04-19,1.162,1.162,1.15,1.153,8976900,10350495,False
2023-04-20,1.153,1.155,1.136,1.139,9500300,10873425,False
2023-04-21,1.139,1.149,1.129,1.13,5494900,6252939,False
2023-04-24,1.13,1.135,1.11,1.116,11605400,12960370,False
2023-04-25,1.116,1.134,1.112,1.133,38671100,43327951,False
2023-04-26,1.137,1.137,1.115,1.131,8038164,9041905,False
2023-04-27,1.131,1.143,1.121,1.137,7747000,8759103,False
2023-04-28,1.141,1.164,1.141,1.155,13271300,15324051,False
2023-05-04,1.156,1.166,1.137,1.14,9960800,11433054,False
2023-05-05,1.138,1.144,1.13,1.141,7109400,8085958,False
2023-05-08,1.14,1.145,1.127,1.129,7493500,8478566,False
2023-05-09,1.123,1.141,1.118,1.127,5872200,6643037,False
2023-05-10,1.127,1.128,1.118,1.125,3700200,4157594,False
2023-05-11,1.123,1.131,1.116,1.119,5337100,5990620,False
2023-05-12,1.116,1.127,1.11,1.111,3925900,4379359,False
2023-05-15,1.111,1.121,1.104,1.121,4468400,4977759,False
2023-05-16,1.121,1.124,1.106,1.11,7441100,8274372,False
2023-05-17,1.11,1.11,1.097,1.101,5376500,5923126,False
2023-05-18,1.101,1.106,1.089,1.096,4859700,5336331,False
2023-05-19,1.093,1.113,1.083,1.106,5980100,6575526,False
2023-05-22,1.111,1.131,1.09,1.128,10646000,11920654,False
2023-05-23,1.127,1.127,1.112,1.112,5255500,5887803,False
2023-05-24,1.111,1.113,1.098,1.1,6742300,7459613,False
2023-05-25,1.096,1.098,1.085,1.092,3858600,4210139,False
2023-05-26,1.091,1.098,1.082,1.089,4265000,4648741,False
2023-05-29,1.099,1.099,1.073,1.079,5342600,5767102,False
2023-05-30,1.079,1.082,1.058,1.068,6482600,6918147,False
2023-05-31,1.07,1.07,1.048,1.054,5081500,5354290,False
2023-06-01,1.049,1.076,1.049,1.057,8244000,8750169,False
2023-06-02,1.057,1.077,1.055,1.076,9049500,9671332,False
2023-06-05,1.076,1.076,1.057,1.059,7533200,8013808,False
2023-06-06,1.059,1.068,1.051,1.057,5672700,6010963,False
2023-06-07,1.057,1.063,1.042,1.045,3442600,3609799,False
2023-06-08,1.037,1.053,1.037,1.047,6107700,6379671,False
2023-06-09,1.052,1.052,1.042,1.046,3697500,3867434,False
2023-06-12,1.046,1.073,1.039,1.066,7621400,8032281,False
2023-06-13,1.066,1.075,1.059,1.067,9229900,9845180,False
2023-06-14,1.069,1.093,1.068,1.086,28435400,30875136,False
2023-06-15,1.091,1.107,1.082,1.106,8788700,9614852,False
2023-06-16,1.108,1.115,1.1,1.108,8967200,9935194,False
2023-06-19,1.109,1.114,1.089,1.09,25134400,27474155,False
2023-06-20,1.088,1.096,1.08,1.082,6685600,7257645,False
2023-06-21,1.081,1.082,1.069,1.07,12513768,13446030,False
2023-06-26,1.061,1.062,1.044,1.051,11730600,12349638,False
2023-06-27,1.051,1.056,1.041,1.052,20241600,21236718,False
2023-06-28,1.052,1.06,1.047,1.055,6196700,6526273,False
2023-06-29,1.054,1.054,1.037,1.042,7771868,8099526,False
2023-06-30,1.042,1.046,1.037,1.039,10703800,11131995,False
2023-07-03,1.04,1.064,1.035,1.063,15385700,16224579,False
2023-07-04,1.061,1.069,1.056,1.066,8508300,9035955,False
2023-07-05,1.066,1.066,1.048,1.053,8119300,8542097,False
2023-07-06,1.053,1.06,1.041,1.043,8526000,8950254,False
2023-07-07,1.042,1.049,1.038,1.042,5487200,5724085,False
2023-07-10,1.045,1.056,1.041,1.046,9016200,9446915,False
2023-07-11,1.046,1.05,1.038,1.043,7822400,8151899,False
2023-07-12,1.043,1.051,1.04,1.042,10255200,10721029,False
2023-07-13,1.047,1.072,1.046,1.069,15897800,16897671,False
2023-07-14,1.074,1.074,1.057,1.062,7486100,7960193,False
2023-07-17,1.059,1.059,1.044,1.051,4584100,4799067,False
2023-07-18,1.051,1.051,1.043,1.047,3924000,4103921,False
2023-07-19,1.051,1.051,1.039,1.042,8156700,8499114,False
2023-07-20,1.044,1.055,1.042,1.043,9815400,10282596,False
2023-07-21,1.043,1.067,1.04,1.058,17429300,18457230,False
2023-07-24,1.061,1.061,1.043,1.047,6608400,6914924,False
2023-07-25,1.058,1.088,1.058,1.086,22529400,24289026,False
2023-07-26,1.082,1.091,1.079,1.087,10528100,11415548,False
2023-07-27,1.088,1.105,1.084,1.095,11347700,12435304,False
2023-07-28,1.095,1.121,1.087,1.119,14309300,15865005,False
2023-07-31,1.14,1.151,1.117,1.127,22510400,25488659,False
2023-08-01,1.125,1.13,1.107,1.114,17792200,19860717,False
2023-08-02,1.106,1.115,1.1,1.105,15374500,17027736,False
2023-08-03,1.103,1.118,1.099,1.116,19956900,22148821,False
2023-08-04,1.128,1.13,1.112,1.115,18264300,20458312,False
2023-08-07,1.116,1.116,1.097,1.103,7845940,8657566,False
2023-08-08,1.103,1.108,1.095,1.104,7117900,7844261,False
2023-08-09,1.097,1.107,1.097,1.105,7792600,8594445,False
2023-08-10,1.103,1.103,1.092,1.099,8699300,9536001,False
2023-08-11,1.1,1.102,1.077,1.079,13123200,14246095,False
2023-08-14,1.076,1.076,1.054,1.065,12807200,13596200,False
2023-08-15,1.067,1.071,1.055,1.063,13439800,14283012,False
2023-08-16,1.062,1.068,1.058,1.058,11265100,11968661,False
2023-08-17,1.055,1.08,1.05,1.079,15133400,16140618,False
2023-08-18,1.079,1.08,1.056,1.058,15790400,16816286,False
2023-08-21,1.062,1.068,1.048,1.057,17719900,18775854,False
2023-08-22,1.057,1.058,1.035,1.05,14961000,15629169,False
2023-08-23,1.05,1.05,1.029,1.031,11143700,11578345,False
2023-08-24,1.028,1.058,1.028,1.053,14605400,15291528,False
2023-08-25,1.054,1.055,1.043,1.05,9110700,9558668,False
2023-08-28,1.105,1.109,1.046,1.049,14598400,15517130,False
2023-08-29,1.044,1.068,1.039,1.064,15512900,16448251,False
2023-08-30,1.069,1.073,1.059,1.063,16099000,17138417,False
2023-08-31,1.063,1.065,1.053,1.057,6279800,6640190,False
2023-09-01,1.057,1.076,1.057,1.07,8521400,9124609,False
2023-09-04,1.081,1.1,1.077,1.095,82788800,90583974,False
2023-09-05,1.09,1.097,1.083,1.086,10287100,11191414,False
2023-09-06,1.082,1.087,1.077,1.083,6061900,6553067,False
2023-09-07,1.076,1.08,1.067,1.07,11885800,12739639,False
2023-09-08,1.062,1.068,1.056,1.061,9145300,9702938,False
2023-09-11,1.064,1.076,1.058,1.07,8587500,9172751,False
2023-09-12,1.067,1.074,1.065,1.069,27346900,29249142,False
2023-09-13,1.069,1.08,1.062,1.07,7048500,7550761,False
2023-09-14,1.071,1.073,1.059,1.065,5936900,6317598,False
2023-09-15,1.064,1.069,1.052,1.056,4761600,5051522,False
2023-09-18,1.056,1.065,1.047,1.063,5998200,6354186,False
2023-09-19,1.063,1.063,1.048,1.058,4425500,4662479,False
2023-09-20,1.058,1.058,1.051,1.051,2960600,3119325,False
2023-09-21,1.051,1.051,1.035,1.036,9839700,10241110,False
2023-09-22,1.035,1.058,1.031,1.056,10496700,10965723,False
2023-09-25,1.058,1.058,1.05,1.053,5873000,6191113,False
2023-09-26,1.05,1.056,1.042,1.044,9637400,10091900,False
2023-09-27,1.045,1.057,1.042,1.048,11042900,11581116,False
2023-09-28,1.05,1.05,1.031,1.034,7923900,8227202,False
2023-10-09,1.034,1.035,1.018,1.029,12274400,12596433,False
2023-10-10,1.028,1.043,1.025,1.029,11292500,11693669,False
2023-10-11,1.029,1.037,1.029,1.034,8189500,8466432,False
2023-10-12,1.035,1.042,1.027,1.031,13371200,13807196,False
2023-10-13,1.028,1.028,1.01,1.014,9217800,9360871,False
2023-10-16,1.015,1.015,0.992,0.996,13514300,13482293,False
2023-10-17,0.996,1.001,0.989,0.998,8023800,7991731,False
2023-10-18,0.999,1.006,0.993,0.995,14165300,14117515,False
2023-10-19,0.993,0.993,0.967,0.969,15579300,15166434,False
2023-10-20,0.968,0.974,0.957,0.96,59978700,57620442,False
2023-10-23,0.958,0.97,0.951,0.959,13006400,12436830,False
2023-10-24,0.964,0.968,0.951,0.964,14031800,13503242,False
2023-10-25,0.972,0.994,0.972,0.988,14677100,14459175,False
2023-10-26,0.983,0.989,0.978,0.989,9223500,9058451,False
2023-10-27,0.984,1.014,0.984,1.008,11192300,11252600,False
2023-10-30,1.007,1.021,1.006,1.019,9238400,9384566,False
2023-10-31,1.019,1.024,1.014,1.022,6283000,6401907,False
2023-11-01,1.053,1.058,1.031,1.032,10968600,11400619,False
2023-11-02,1.032,1.033,1.019,1.02,10146300,10392247,False
2023-11-03,1.02,1.037,1.02,1.033,6328800,6518295,False
2023-11-06,1.039,1.039,1.027,1.034,7193500,7422003,False
2023-11-07,1.034,1.034,1.024,1.027,9606500,9874626,False
2023-11-08,1.028,1.033,1.023,1.03,7322000,7534767,False
2023-11-09,1.025,1.032,1.02,1.029,6735000,6920494,False
2023-11-10,1.029,1.029,1.017,1.022,8264000,8435395,False
2023-11-13,1.023,1.023,1.008,1.012,6032900,6120176,False
2023-11-14,1.014,1.021,1.007,1.008,8644000,8737792,False
2023-11-15,1.015,1.02,1.012,1.016,6536200,6645056,False
2023-11-16,1.016,1.017,1.004,1.006,11029200,11124681,False
2023-11-17,1.003,1.005,0.995,1.001,11880700,11862866,False
2023-11-20,1.001,1.009,0.992,1.004,7789400,7779753,False
2023-11-21,1.01,1.023,1.006,1.014,12103500,12311726,False
2023-11-22,1.015,1.018,1.009,1.012,6000200,6085189,False
2023-11-23,1.01,1.012,1.0,1.011,8414100,8451989,False
2023-11-24,1.011,1.013,1.006,1.009,7639100,7711469,False
2023-11-27,1.006,1.007,0.991,0.997,4751500,4730001,False
2023-11-28,0.994,1.005,0.992,0.998,8452700,8452288,False
2023-11-29,0.994,0.999,0.987,0.998,9000500,8954309,False
2023-11-30,0.993,1.005,0.993,1.004,10296200,10282626,False
2023-12-01,1.004,1.004,0.98,0.992,9913300,9806050,False
2023-12-04,0.992,0.992,0.973,0.977,14410900,14073389,False
2023-12-05,0.977,0.977,0.955,0.956,8579600,8297280,False
2023-12-06,0.956,0.963,0.952,0.958,16351200,15646521,False
2023-12-07,0.961,0.961,0.949,0.958,11354100,10811595,False
2023-12-08,0.956,0.966,0.954,0.961,18159000,17424647,False
2023-12-11,0.957,0.959,0.935,0.955,19443600,18373232,False
2023-12-12,0.954,0.962,0.949,0.962,11165400,10672327,False
2023-12-13,0.961,0.961,0.934,0.934,16642528,15661625,False
2023-12-14,0.934,0.943,0.922,0.922,10128100,9437819,False
2023-12-15,0.924,0.937,0.921,0.924,10025000,9310567,False
2023-12-18,0.923,0.924,0.913,0.918,11206300,10302553,False
2023-12-19,0.915,0.924,0.911,0.917,11893800,10893725,False
2023-12-20,0.923,0.923,0.906,0.908,11870700,10836639,False
2023-12-21,0.905,0.924,0.904,0.922,15967100,14608477,False
2023-12-22,0.922,0.93,0.915,0.923,18307700,16853132,False
2023-12-25,0.926,0.935,0.926,0.932,10531000,9809916,False
2023-12-26,0.932,0.932,0.921,0.926,8380900,7752108,False
2023-12-27,0.929,0.934,0.921,0.931,5705900,5285452,False
2023-12-28,0.931,0.967,0.931,0.964,14056700,13379439,False
2023-12-29,0.964,0.969,0.957,0.963,10102100,9735535,False
2024-01-02,0.974,0.974,0.943,0.944,9554900,9073259,False
2024-01-03,0.935,0.947,0.935,0.94,8142800,7650384,False
2024-01-04,0.937,0.937,0.92,0.926,10948900,10154172,False
2024-01-05,0.921,0.928,0.912,0.917,10346300,9542286,False
2024-01-08,0.914,0.917,0.902,0.905,9185600,8342604,False
2024-01-09,0.904,0.911,0.896,0.904,10547000,9535987,False
2024-01-10,0.904,0.923,0.898,0.919,13678100,12505305,False
2024-01-11,0.928,0.928,0.911,0.921,9571300,8805225,False
2024-01-12,0.919,0.924,0.913,0.92,10836500,9962391,False
2024-01-15,0.915,0.922,0.91,0.911,11376600,10424348,False
2024-01-16,0.91,0.918,0.905,0.914,12702600,11585267,False
2024-01-17,0.914,0.914,0.888,0.894,11263000,10115109,False
2024-01-18,0.891,0.905,0.872,0.904,14858500,13127356,False
2024-01-19,0.903,0.91,0.893,0.906,14402400,13034652,False
2024-01-22,0.907,0.907,0.875,0.883,14797600,13198694,False
2024-01-23,0.88,0.888,0.871,0.882,15695300,13789609,False
2024-01-24,0.885,0.888,0.866,0.885,17071400,14984857,False
2024-01-25,0.886,0.904,0.881,0.9,17878400,15923102,False
2024-01-26,0.9,0.906,0.893,0.901,14091900,12662501,False
2024-01-29,0.901,0.914,0.9,0.903,18625300,16884668,False
2024-01-30,0.9,0.9,0.877,0.878,18335000,16221788,False
2024-01-31,0.869,0.881,0.867,0.871,15463800,13487689,False
2024-02-01,0.874,0.878,0.861,0.871,15672800,13645748,False
2024-02-02,0.871,0.889,0.848,0.872,18560200,16207974,False
2024-02-05,0.863,0.883,0.848,0.875,19953900,17254542,False
2024-02-06,0.875,0.911,0.87,0.907,16556400,14813517,False
2024-02-07,0.908,0.934,0.901,0.933,14224900,13129332,False
2024-02-08,0.934,0.945,0.922,0.935,9853100,9181710,False
2024-02-19,0.936,0.948,0.925,0.932,21456000,20019870,False
2024-02-20,0.932,0.934,0.923,0.93,12260000,11358962,False
2024-02-21,0.931,0.974,0.926,0.966,22667900,21687448,False
2024-02-22,0.968,0.97,0.951,0.97,18590100,17850080,False
2024-02-23,0.974,0.976,0.961,0.969,11045100,10700875,False
2024-02-26,0.985,0.985,0.953,0.955,15965000,15299639,False
2024-02-27,0.951,0.957,0.948,0.957,9755900,9275784,False
2024-02-28,0.957,0.965,0.948,0.948,14004300,13410733,False
2024-02-29,0.948,0.966,0.945,0.965,11108600,10631168,False
2024-03-01,0.963,0.969,0.956,0.966,10929900,10524072,False
2024-03-04,0.967,0.967,0.953,0.957,11261700,10786798,False
2024-03-05,0.957,0.969,0.953,0.968,19561000,18849715,False
2024-03-06,0.968,0.968,0.955,0.956,9915500,9509951,False
2024-03-07,0.956,0.961,0.948,0.95,9525200,9095701,False
2024-03-08,0.952,0.954,0.938,0.946,23596900,22242449,False
2024-03-11,0.945,0.965,0.945,0.965,14432600,13826701,False
2024-03-12,0.965,0.998,0.964,0.995,25218100,24893259,False
2024-03-13,0.999,0.999,0.98,0.986,14319200,14140607,False
2024-03-14,0.978,0.993,0.976,0.981,11475300,11269643,False
2024-03-15,0.982,0.987,0.975,0.983,11098700,10869650,False
2024-03-18,0.981,0.988,0.975,0.986,12828800,12601840,False
2024-03-19,0.986,0.998,0.979,0.99,16895100,16774669,False
2024-03-20,0.989,0.99,0.983,0.985,7547400,7438816,False
2024-03-21,0.985,0.993,0.981,0.986,9217400,9089120,False
2024-03-22,0.983,0.986,0.963,0.969,15160000,14705785,False
2024-03-25,0.965,0.969,0.957,0.962,10552800,10161555,False
2024-03-26,0.962,0.973,0.961,0.972,11616200,11240079,False
2024-03-27,0.975,0.975,0.96,0.961,8409100,8126267,False
2024-03-28,0.959,0.97,0.952,0.96,11782000,11328696,False
2024-03-29,0.96,0.964,0.955,0.961,7277400,6987082,False
2024-04-01,0.959,0.989,0.959,0.98,12934700,12669461,False
2024-04-02,0.98,0.98,0.972,0.974,9386700,9157566,False
2024-04-03,0.974,0.981,0.97,0.976,10029900,9773701,False
2024-04-08,0.978,0.978,0.949,0.951,11189100,10684430,False
2024-04-09,0.948,0.954,0.944,0.952,7945400,7556111,False
2024-04-10,0.954,0.954,0.94,0.944,10505000,9938230,False
2024-04-11,0.941,0.946,0.937,0.94,10069700,9471329,False
2024-04-12,0.943,0.946,0.928,0.93,9184900,8595177,False
2024-04-15,0.928,0.953,0.926,0.952,13729700,13004305,False
2024-04-16,0.952,0.953,0.939,0.942,9387700,8880693,False
2024-04-17,0.943,0.946,0.938,0.946,7600300,7159389,False
2024-04-18,0.946,0.959,0.939,0.951,9351900,8903740,False
2024-04-19,0.949,0.949,0.936,0.943,7104900,6690550,False
2024-04-22,0.945,0.964,0.945,0.96,6492900,6210136,False
2024-04-23,0.96,0.969,0.955,0.966,9229400,8896181,False
2024-04-24,0.967,0.97,0.958,0.968,6059500,5845872,False
2024-04-25,0.968,0.969,0.959,0.964,5746600,5546096,False
2024-04-26,0.967,0.982,0.967,0.98,13547700,13216504,False
2024-04-29,0.984,1.002,0.977,0.992,11441500,11350514,False
2024-04-30,0.992,1.008,0.991,0.997,10456600,10474581,False
2024-05-06,1.005,1.032,1.005,1.026,18244900,18685448,False
2024-05-07,1.027,1.029,1.018,1.027,12249500,12569240,False
2024-05-08,1.027,1.027,1.015,1.018,8792900,8952064,False
2024-05-09,1.018,1.024,1.015,1.021,18685400,19066124,False
2024-05-10,1.027,1.028,1.012,1.017,12417100,12625402,False
2024-05-13,1.014,1.014,0.999,1.003,10391300,10435428,False
2024-05-14,1.003,1.011,1.002,1.006,7204800,7243813,False
2024-05-15,1.005,1.008,0.996,0.997,7301900,7313279,False
2024-05-16,0.999,1.004,0.99,0.998,10840700,10826944,False
2024-05-17,0.998,1.01,0.995,1.009,9858700,9874707,False
2024-05-20,1.01,1.026,1.01,1.015,10729300,10937403,False
2024-05-21,1.03,1.03,1.007,1.014,11139700,11264899,False
2024-05-22,1.015,1.017,1.005,1.008,10378800,10464667,False
2024-05-23,1.007,1.009,0.994,0.996,9481600,9474677,False
2024-05-24,0.996,0.996,0.981,0.983,8177000,8074565,False
2024-05-27,0.979,0.988,0.979,0.986,12636600,12433183,False
2024-05-28,0.987,0.987,0.974,0.975,6645300,6501496,False
2024-05-29,0.976,0.98,0.972,0.977,7318800,7149494,False
2024-05-30,0.977,0.978,0.965,0.967,6938300,6714404,False
2024-05-31,0.967,0.973,0.963,0.965,6304890,6095177,False
2024-06-03,0.966,0.971,0.958,0.963,5233200,5039023,False
2024-06-04,0.965,0.979,0.962,0.977,10877200,10595268,False
2024-06-05,0.977,0.98,0.967,0.968,7307600,7108000,False
2024-06-06,0.97,0.97,0.96,0.963,8274800,7976079,False
2024-06-07,0.965,0.967,0.95,0.955,7193500,6874557,False
2024-06-11,0.955,0.955,0.934,0.94,9041700,8497241,False
2024-06-12,0.941,0.945,0.939,0.941,3237700,3049730,False
2024-06-13,0.941,0.941,0.929,0.933,7687300,7183100,False
2024-06-14,0.94,0.941,0.92,0.94,9897900,9198871,False
2024-06-17,0.935,0.935,0.922,0.93,8104000,7520176,False
2024-06-18,0.93,0.935,0.918,0.921,6030600,5590609,False
2024-06-19,0.925,0.925,0.913,0.917,8809500,8083052,False
2024-06-20,0.917,0.92,0.904,0.904,4441300,4036652,False
2024-06-21,0.906,0.906,0.891,0.897,5485000,4911433,False
2024-06-24,0.888,0.907,0.881,0.897,10623300,9497270,False
2024-06-25,0.897,0.905,0.892,0.896,6584300,5927410,False
2024-06-26,0.896,0.911,0.891,0.906,7815800,7014266,False
2024-06-27,0.903,0.903,0.887,0.89,6934300,6172492,False
2024-06-28,0.89,0.894,0.879,0.881,10248690,9058308,False
2024-07-01,0.882,0.882,0.865,0.876,8989300,7843395,False
2024-07-02,0.878,0.888,0.871,0.883,10973800,9677504,False
2024-07-03,0.883,0.885,0.875,0.876,8472200,7447232,False
2024-07-04,0.876,0.88,0.863,0.866,9060900,7864320,False
2024-07-05,0.866,0.867,0.851,0.858,9586600,8221231,False
2024-07-08,0.858,0.858,0.842,0.844,7176900,6086385,False
2024-07-09,0.849,0.856,0.836,0.852,9554600,8064707,False
2024-07-10,0.853,0.862,0.843,0.854,7051800,6018590,False
2024-07-11,0.854,0.877,0.854,0.873,11556200,10029649,False
2024-07-12,0.871,0.878,0.867,0.876,9494700,8293017,False
2024-07-15,0.872,0.879,0.869,0.873,6975100,6093266,False
2024-07-16,0.872,0.874,0.865,0.868,9149900,7945244,False
2024-07-17,0.865,0.887,0.863,0.887,11879400,10423893,False
2024-07-18,0.887,0.891,0.881,0.89,6463000,5731362,False
2024-07-19,0.889,0.902,0.88,0.9,8290700,7399821,False
2024-07-22,0.9,0.9,0.88,0.885,8434600,7496416,False
2024-07-23,0.885,0.885,0.851,0.853,10034800,8698590,False
2024-07-24,0.846,0.854,0.836,0.84,8065300,6811486,False
2024-07-25,0.836,0.846,0.836,0.842,5243800,4406503,False
2024-07-26,0.842,0.851,0.838,0.846,6103500,5150615,False
2024-07-29,0.846,0.846,0.831,0.832,5479600,4581421,False
2024-07-30,0.835,0.835,0.815,0.828,6483200,5324249,False
2024-07-31,0.829,0.86,0.826,0.857,10291600,8735148,False
2024-08-01,0.857,0.857,0.837,0.839,8690300,7343356,False
2024-08-02,0.839,0.845,0.833,0.836,9150500,7677274,False
2024-08-05,0.833,0.858,0.833,0.844,13392500,11364654,False
2024-08-06,0.845,0.855,0.841,0.851,15194300,12903342,False
2024-08-07,0.847,0.858,0.845,0.855,7223900,6149108,False
2024-08-08,0.854,0.878,0.848,0.869,12221600,10573839,False
2024-08-09,0.873,0.877,0.861,0.862,10822400,9394495,False
2024-08-12,0.859,0.865,0.855,0.86,8051200,6924490,False
2024-08-13,0.861,0.866,0.846,0.853,5785700,4931448,False
2024-08-14,0.848,0.853,0.838,0.84,6763300,5699197,False
2024-08-15,0.84,0.853,0.837,0.845,11187800,9440760,False
2024-08-16,0.846,0.846,0.835,0.839,9593300,8049137,False
2024-08-19,0.84,0.853,0.835,0.836,11487300,9697030,False
2024-08-20,0.837,0.837,0.823,0.827,7164900,5922853,False
2024-08-21,0.829,0.829,0.82,0.822,5878500,4842613,False
2024-08-22,0.822,0.822,0.805,0.809,6949100,5624894,False
2024-08-23,0.805,0.814,0.805,0.81,7381700,5971313,False
2024-08-26,0.81,0.81,0.798,0.801,4931400,3957089,False
2024-08-27,0.801,0.803,0.791,0.798,5093300,4061932,False
2024-08-28,0.796,0.796,0.776,0.787,9982400,7804438,False
2024-08-29,0.786,0.801,0.781,0.798,8964900,7098567,False
2024-08-30,0.798,0.83,0.788,0.819,12036700,9754172,False
2024-09-02,0.82,0.82,0.795,0.796,7993300,6417332,False
2024-09-03,0.796,0.808,0.794,0.804,6160000,4934035,False
2024-09-04,0.804,0.809,0.796,0.796,4781800,3831645,False
2024-09-05,0.799,0.803,0.796,0.803,6557700,5245076,False
2024-09-06,0.8,0.802,0.791,0.792,4132300,3289708,False
2024-09-09,0.79,0.793,0.779,0.785,9956900,7832230,False
2024-09-10,0.785,0.789,0.777,0.783,9785700,7670139,False
2024-09-11,0.783,0.789,0.775,0.787,7690900,5999863,False
2024-09-12,0.787,0.79,0.772,0.774,8525600,6691379,False
2024-09-13,0.777,0.777,0.759,0.76,6405400,4902299,False
2024-09-18,0.76,0.761,0.75,0.756,7043600,5306625,False
2024-09-19,0.758,0.784,0.753,0.773,10922600,8396603,False
2024-09-20,0.774,0.774,0.765,0.774,7733500,5945940,False
2024-09-23,0.773,0.784,0.77,0.77,8861900,6890530,False
2024-09-24,0.773,0.821,0.772,0.82,17410900,13816401,False
2024-09-25,0.839,0.84,0.816,0.82,22216400,18439898,False
2024-09-26,0.82,0.902,0.816,0.902,40268800,34820208,False
2024-09-27,0.948,0.992,0.918,0.992,40290600,37775766,False
2024-09-30,1.091,1.091,0.986,1.091,150718200,155812443,False
2024-10-08,1.2,1.2,1.02,1.065,222006000,246250769,False
2024-10-09,1.025,1.025,0.959,0.962,106949800,105926701,False
2024-10-10,0.968,1.014,0.961,0.991,62180100,61485861,False
2024-10-11,0.988,0.988,0.95,0.963,31656400,30650426,False
2024-10-14,0.963,0.975,0.939,0.97,42532600,40777868,False
2024-10-15,0.968,0.968,0.937,0.939,28619800,27313574,False
2024-10-16,0.92,0.938,0.918,0.922,27933400,25859186,False
2024-10-17,0.922,0.93,0.904,0.905,23255000,21332677,False
2024-10-18,0.905,0.949,0.896,0.93,43825800,40226904,False
2024-10-21,0.931,0.937,0.917,0.931,27328900,25341366,False
2024-10-22,0.93,0.946,0.928,0.944,29481000,27729596,False
2024-10-23,0.964,0.964,0.936,0.954,32237400,30652490,False
2024-10-24,0.943,0.951,0.936,0.938,19332700,18211017,False
2024-10-25,0.938,0.954,0.935,0.948,25367900,23985624,False
2024-10-28,0.953,0.967,0.939,0.967,36546800,34914452,False
2024-10-29,0.973,0.973,0.942,0.943,41084000,39265362,False
2024-10-30,0.94,0.944,0.923,0.93,25377000,23694362,False
2024-10-31,0.931,0.945,0.931,0.938,30821800,28892534,False
2024-11-01,0.936,0.959,0.933,0.951,31396100,29796327,False
2024-11-04,0.955,0.965,0.947,0.965,26893700,25732684,False
2024-11-05,0.964,0.983,0.954,0.983,37658900,36614304,False
2024-11-06,0.987,0.987,0.968,0.978,35389400,34614059,False
2024-11-07,0.979,1.05,0.973,1.049,109381700,111740319,False
2024-11-08,1.11,1.11,1.015,1.024,151290400,156440494,False
2024-11-11,0.998,1.02,0.993,1.018,75821400,76256756,False
2024-11-12,1.02,1.036,1.005,1.012,68721800,70260746,False
2024-11-13,1.004,1.013,1.001,1.012,42974600,43331992,False
2024-11-14,1.012,1.014,0.995,0.996,33142800,33308941,False
2024-11-15,0.995,1.005,0.983,0.983,38212300,37991197,False
2024-11-18,0.984,0.991,0.965,0.969,41835100,41023763,False
2024-11-19,0.968,0.979,0.951,0.972,33574000,32443816,False
2024-11-20,0.97,0.978,0.963,0.974,21182300,20569655,False
2024-11-21,0.974,0.979,0.967,0.974,23281000,22615118,False
2024-11-22,0.973,0.975,0.941,0.943,29960900,28690428,False
2024-11-25,0.942,0.954,0.932,0.942,33859300,31955661,False
2024-11-26,0.936,0.955,0.935,0.946,32534200,30760770,False
2024-11-27,0.946,0.962,0.938,0.96,31568800,30064144,False
2024-11-28,0.962,0.962,0.948,0.951,13764300,13123452,False
2024-11-29,0.949,0.98,0.949,0.969,30106200,29113773,False
2024-12-02,0.969,0.98,0.963,0.978,36509200,35588857,False
2024-12-03,0.979,0.979,0.967,0.974,26487100,25764309,False
2024-12-04,0.971,0.975,0.965,0.968,22855600,22169094,False
2024-12-05,0.968,0.968,0.959,0.965,22677900,21862488,False
2024-12-06,0.965,0.981,0.965,0.975,31644500,30765681,False
2024-12-09,0.975,0.977,0.963,0.968,28985300,28075224,False
2024-12-10,1.03,1.03,0.986,0.99,61382000,61586045,False
2024-12-11,0.99,1.008,0.987,1.005,47695800,47770292,False
2024-12-12,1.003,1.028,0.998,1.028,63817600,64848889,False
2024-12-13,1.03,1.03,0.998,0.999,79741200,80387152,False
2024-12-16,0.994,0.998,0.982,0.986,42018100,41483711,False
2024-12-17,0.985,0.996,0.977,0.99,41442700,40994663,False
2024-12-18,0.99,0.995,0.985,0.988,15948310,15773793,False
2024-12-19,0.982,0.982,0.969,0.975,30058700,29281799,False
2024-12-20,0.974,0.983,0.971,0.974,18502800,18075792,False
2024-12-23,0.974,0.977,0.965,0.967,24826700,24130109,False
2024-12-24,0.963,0.977,0.963,0.976,23002067,22345434,False
2024-12-25,0.977,0.977,0.967,0.972,17834900,17321521,False
2024-12-26,0.972,0.975,0.968,0.97,12505000,12130724,False
2024-12-27,0.968,0.977,0.965,0.972,19329200,18777710,False
2024-12-30,0.972,0.976,0.965,0.969,25859200,25049460,False
2024-12-31,0.969,0.98,0.962,0.963,40496500,39342655,False
2025-01-02,0.961,0.962,0.937,0.943,53606900,51066908,False
2025-01-03,0.944,0.949,0.927,0.932,44392866,41733826,False
2025-01-06,0.924,0.93,0.911,0.919,43506466,40150849,False
2025-01-07,0.916,0.923,0.912,0.92,27786100,25498859,False
2025-01-08,0.918,0.926,0.905,0.92,46273600,42334356,False
2025-01-09,0.918,0.931,0.912,0.92,32578200,30035106,False
2025-01-10,0.916,0.925,0.907,0.909,31494100,28798038,False
2025-01-13,0.902,0.913,0.902,0.91,34991800,31778743,False
2025-01-14,0.91,0.928,0.909,0.924,42594900,39220560,False
2025-01-15,0.919,0.922,0.913,0.917,21005766,19246242,False
2025-01-16,0.916,0.926,0.906,0.911,30701600,28073499,False
2025-01-17,0.911,0.923,0.907,0.919,27870300,25581494,False
2025-01-20,0.923,0.934,0.919,0.922,36808500,34191919,False
2025-01-21,0.926,0.926,0.91,0.915,26991500,24708945,False
2025-01-22,0.915,0.915,0.897,0.901,29800200,26859938,False
2025-01-23,0.905,0.916,0.9,0.903,32146100,29162605,False
2025-01-24,0.902,0.906,0.897,0.902,31226000,28147238,False
2025-01-27,0.902,0.909,0.9,0.901,19363000,17493244,False
2025-02-05,0.9,0.903,0.88,0.883,24373100,21594197,False
2025-02-06,0.88,0.893,0.88,0.89,16584900,14708483,False
2025-02-07,0.889,0.905,0.883,0.899,26900100,24125612,False
2025-02-10,0.898,0.899,0.889,0.898,29711000,26563691,False
2025-02-11,0.9,0.906,0.89,0.893,32700900,29203903,False
2025-02-12,0.893,0.902,0.889,0.901,36241600,32445075,False
2025-02-13,0.901,0.928,0.899,0.92,56869300,52039966,False
2025-02-14,0.92,0.922,0.912,0.919,37603300,34475534,False
2025-02-17,0.919,0.923,0.913,0.916,34271400,31428587,False
2025-02-18,0.915,0.923,0.906,0.909,35266800,32285288,False
2025-02-19,0.906,0.916,0.904,0.915,29974200,27320526,False
2025-02-20,0.915,0.921,0.91,0.916,18584100,17019123,False
2025-02-21,0.917,0.921,0.907,0.915,39257500,35841416,False
2025-02-24,0.914,0.926,0.911,0.919,35586000,32700141,False
2025-02-25,0.917,0.917,0.901,0.902,24637000,22347205,False
2025-02-26,0.904,0.911,0.9,0.91,19337200,17506875,False
2025-02-27,0.91,0.933,0.908,0.933,73093100,67707333,False
2025-02-28,0.933,0.952,0.928,0.941,98443000,92803952,False
2025-03-03,0.941,0.945,0.919,0.923,55650200,51882695,False
2025-03-04,0.923,0.923,0.911,0.918,37013000,33860706,False
2025-03-05,0.914,0.919,0.911,0.916,40119600,36672975,False
2025-03-06,0.92,0.93,0.914,0.929,53799900,49647368,False
2025-03-07,0.928,0.938,0.92,0.934,45342900,42224452,False
2025-03-10,0.934,0.934,0.925,0.933,32551600,30242570,False
2025-03-11,0.926,0.952,0.925,0.951,47897200,45110743,False
2025-03-12,0.95,0.958,0.942,0.944,39705000,37630318,False
2025-03-13,0.943,0.956,0.941,0.944,30373600,28759244,False
2025-03-14,0.948,0.991,0.948,0.99,87674300,85673905,False
2025-03-17,1.01,1.013,0.98,0.988,98460300,97784339,False
2025-03-18,0.993,0.994,0.975,0.979,73643300,72194119,False
2025-03-19,0.974,0.985,0.974,0.977,36069500,35268621,False
2025-03-20,0.981,0.981,0.963,0.965,40558200,39199581,False
2025-03-21,0.961,0.97,0.951,0.952,46868900,44957491,False
2025-03-24,0.952,0.957,0.947,0.956,41428600,39467416,False
2025-03-25,0.957,0.959,0.947,0.959,31925700,30434179,False
2025-03-26,0.958,0.96,0.953,0.956,22244100,21275381,False
2025-03-27,0.956,0.969,0.954,0.967,46608800,44927563,False
2025-03-28,0.965,0.97,0.957,0.961,30919500,29750541,False
2025-03-31,0.956,0.965,0.95,0.955,39576600,37893459,False
2025-04-01,0.953,0.965,0.953,0.958,26424800,25340676,False
2025-04-02,0.955,0.964,0.952,0.956,26566100,25439524,False
2025-04-03,0.95,0.971,0.949,0.968,35948100,34669641,False
2025-04-07,0.941,0.956,0.904,0.924,62749300,58689142,False
2025-04-08,0.926,0.97,0.926,0.968,62003200,58831170,False
2025-04-09,0.974,0.985,0.947,0.98,62491600,60461977,False
2025-04-10,0.98,0.983,0.967,0.983,67383500,65788316,False
2025-04-11,0.98,0.98,0.964,0.975,57039900,55297791,False
2025-04-14,0.969,0.978,0.964,0.97,42175900,40928053,False
2025-04-15,0.966,0.977,0.963,0.972,40825200,39649678,False
2025-04-16,0.973,0.981,0.964,0.978,48595400,47148618,False
2025-04-17,0.975,0.988,0.969,0.987,47021800,46238150,False
2025-04-18,0.984,0.984,0.971,0.978,28600000,27938021,False
2025-04-21,0.972,0.973,0.967,0.97,25041000,24271912,False
2025-04-22,0.968,0.975,0.965,0.971,27999300,27201168,False
2025-04-23,0.973,0.974,0.961,0.965,26678200,25764116,False
2025-04-24,0.964,0.969,0.962,0.967,20615400,19917480,False
2025-04-25,0.967,0.974,0.962,0.964,19997900,19337660,False
2025-04-28,0.964,0.967,0.96,0.96,19023400,18325410,False
2025-04-29,0.96,0.963,0.954,0.957,21043000,20154183,False
2025-04-30,0.958,0.972,0.958,0.962,19689100,19027984,False
2025-05-06,0.964,0.965,0.957,0.964,21071400,20259071,False
2025-05-07,0.971,0.977,0.965,0.969,32578000,31558338,False
2025-05-08,0.966,0.974,0.963,0.969,25636200,24845404,False
2025-05-09,0.972,0.974,0.967,0.971,21026100,20423706,False
2025-05-12,0.97,0.976,0.967,0.972,20847700,20267004,False
2025-05-13,0.972,0.973,0.967,0.97,20827500,20212768,False
2025-05-14,0.969,0.987,0.966,0.98,29764300,29073548,False
2025-05-15,0.979,0.985,0.976,0.982,24041200,23598289,False
2025-05-16,0.981,0.981,0.967,0.973,14390200,13977591,False
2025-05-19,0.974,0.974,0.961,0.967,15896500,15329475,False
2025-05-20,0.966,0.981,0.965,0.973,25593343,24933801,False
2025-05-21,0.972,0.978,0.97,0.973,11915500,11599798,False
2025-05-22,0.972,0.978,0.967,0.967,18279100,17743496,False
2025-05-23,0.966,0.977,0.963,0.963,23825768,23086318,False
2025-05-26,0.964,0.972,0.958,0.962,19749400,19061842,False
2025-05-27,0.962,0.968,0.961,0.964,18591700,17927590,False
2025-05-28,0.962,0.977,0.96,0.973,36066500,35063523,False
2025-05-29,0.973,0.973,0.966,0.968,24220789,23473468,False
2025-05-30,0.97,0.972,0.962,0.965,19489000,18807319,False
2025-06-03,0.96,0.964,0.951,0.961,23776000,22799931,False
2025-06-04,0.964,0.967,0.96,0.965,13885200,13386223,False
2025-06-05,0.969,0.97,0.959,0.961,18483100,17801743,False
2025-06-06,0.961,0.964,0.955,0.957,17197700,16484215,False
2025-06-09,0.957,0.958,0.951,0.954,18783700,17925754,False
2025-06-10,0.954,0.954,0.942,0.947,20768400,19667579,False
2025-06-11,0.947,0.953,0.946,0.949,14333700,13605529,False
2025-06-12,0.949,0.949,0.937,0.94,18295600,17193274,False
2025-06-13,0.939,0.939,0.919,0.922,24197500,22380251,False
2025-06-16,0.922,0.922,0.914,0.921,19841600,18218119,False
2025-06-17,0.92,0.927,0.918,0.919,13390400,12342365,False
2025-06-18,0.921,0.931,0.921,0.923,21800800,20160267,False
2025-06-19,0.923,0.923,0.909,0.913,19775500,18082508,False
2025-06-20,0.912,0.925,0.912,0.921,26575800,24484281,False
2025-06-23,0.917,0.917,0.906,0.911,17926200,16313957,False
2025-06-24,0.911,0.923,0.91,0.919,13691600,12585528,False
2025-06-25,0.922,0.925,0.914,0.925,16507500,15180837,False
2025-06-26,0.924,0.925,0.92,0.922,11979000,11050200,False
2025-06-27,0.922,0.923,0.917,0.918,10287600,9463102,False
2025-06-30,0.919,0.922,0.915,0.921,11610200,10668738,False
2025-07-01,0.921,0.921,0.917,0.92,8479800,7789370,False
2025-07-02,0.923,0.923,0.914,0.918,14070400,12917788,False
2025-07-03,0.917,0.921,0.915,0.918,12385100,11370321,False
2025-07-04,0.918,0.921,0.914,0.918,13112800,12028499,False
2025-07-07,0.918,0.918,0.912,0.914,7565600,6916959,False
2025-07-08,0.916,0.918,0.911,0.917,11203500,10250981,False
2025-07-09,0.917,0.929,0.917,0.921,23981300,22166627,False
2025-07-10,0.923,0.923,0.913,0.92,19394500,17780889,False
2025-07-11,0.92,0.929,0.918,0.921,25833500,23862300,False
2025-07-14,0.921,0.923,0.915,0.922,11172300,10265422,False
2025-07-15,0.922,0.922,0.907,0.91,26312400,23985519,False
2025-07-16,0.909,0.915,0.909,0.913,14989200,13667727,False
2025-07-17,0.913,0.918,0.913,0.918,17857100,16367227,False
2025-07-18,0.919,0.926,0.918,0.926,26446400,24395402,False
2025-07-21,0.928,0.928,0.922,0.928,21697200,20092265,False
2025-07-22,0.927,0.945,0.927,0.943,38624000,36148710,False
2025-07-23,0.947,0.951,0.94,0.94,32423100,30658894,False
2025-07-24,0.94,0.951,0.939,0.95,24924400,23572424,False
2025-07-25,0.95,0.952,0.937,0.939,26791000,25243414,False
2025-07-28,0.94,0.94,0.927,0.932,21447500,19948697,False
2025-07-29,0.936,0.937,0.922,0.929,22624800,20949759,False
2025-07-30,0.93,0.939,0.925,0.934,21238900,19824065,False
2025-07-31,0.933,0.933,0.912,0.914,42900600,39412193,False
2025-08-01,0.914,0.917,0.911,0.915,15597200,14256575,False
2025-08-04,0.914,0.918,0.91,0.918,12798200,11702354,False
2025-08-05,0.921,0.925,0.918,0.924,18945100,17467339,False
2025-08-06,0.925,0.925,0.919,0.922,13163700,12137950,False
2025-08-07,0.923,0.926,0.92,0.924,18466100,17058508,False
2025-08-08,0.923,0.923,0.918,0.919,17817800,16406380,False
2025-08-11,0.917,0.932,0.917,0.928,34604400,32057173,False
2025-08-12,0.927,0.938,0.927,0.93,25835600,24106929,False
2025-08-13,0.93,0.932,0.926,0.931,27054400,25146646,False
2025-08-14,0.931,0.94,0.927,0.93,31068500,29020309,False
2025-08-15,0.929,0.935,0.925,0.934,27800400,25864049,False
2025-08-18,0.934,0.945,0.934,0.942,34503700,32448942,False
2025-08-19,0.941,0.955,0.941,0.949,38865300,36940493,False
2025-08-20,0.947,0.965,0.942,0.965,52822700,50591619,False
2025-08-21,0.965,0.969,0.957,0.962,38039800,36649476,False
2025-08-22,0.961,0.968,0.959,0.968,25294600,24343368,False
2025-08-25,0.972,0.993,0.968,0.993,43359200,42614889,False
2025-08-26,0.993,1.003,0.984,0.997,52220100,52072557,False
2025-08-27,0.998,0.998,0.97,0.972,65097100,63931160,False
2025-08-28,0.965,0.976,0.953,0.97,41301800,39858771,False
2025-08-29,0.974,0.995,0.974,0.988,48962700,48358582,False
2025-09-01,0.989,0.994,0.983,0.988,35299700,34873755,False
2025-09-02,0.988,0.999,0.98,0.983,49657200,49092326,False
2025-09-03,0.983,0.993,0.965,0.972,33070000,32202017,False
2025-09-04,0.969,0.972,0.96,0.971,39925300,38526598,False
2025-09-05,0.973,0.977,0.96,0.975,36326800,35179987,False
2025-09-08,0.977,0.99,0.974,0.989,39685100,39048163,False
2025-09-09,0.99,0.991,0.98,0.99,40061100,39484961,False
2025-09-10,0.989,0.994,0.983,0.989,34758500,34403629,False
2025-09-11,0.991,0.995,0.982,0.995,35130100,34671606,False
2025-09-12,0.995,1.002,0.982,0.983,44201900,43762512,False
2025-09-15,0.985,0.987,0.978,0.982,24120900,23713645,False
2025-09-16,0.982,0.985,0.974,0.981,30574700,29903127,False
2025-09-17,0.98,0.984,0.972,0.976,22301100,21768068,False
2025-09-18,0.978,0.978,0.958,0.964,53270200,51593223,False
2025-09-19,0.958,0.968,0.956,0.966,29339300,28220597,False
2025-09-22,0.966,0.966,0.95,0.952,25018900,23880635,False
2025-09-23,0.951,0.952,0.935,0.942,41590400,39155446,False
2025-09-24,0.942,0.949,0.94,0.947,23348600,22088637,False
2025-09-25,0.947,0.949,0.941,0.942,27621900,26093304,False
2025-09-26,0.942,0.95,0.939,0.946,21777800,20568186,False
2025-09-29,0.949,0.956,0.939,0.953,27044700,25575262,False
2025-09-30,0.953,0.954,0.944,0.953,15119900,14359281,False
2025-10-09,0.953,0.953,0.937,0.953,24315500,22986082,False
2025-10-10,0.948,0.963,0.948,0.957,25268800,24181030,False
2025-10-13,0.94,0.949,0.94,0.946,22562100,21305563,False
2025-10-14,0.946,0.958,0.945,0.954,27290800,25995290,False
2025-10-15,0.961,0.961,0.949,0.959,23900700,22844450,False
2025-10-16,0.96,0.968,0.956,0.967,26178600,25234826,False
2025-10-17,0.97,0.971,0.953,0.955,35609900,34279827,False
2025-10-20,0.955,0.96,0.948,0.951,22455700,21396095,False
2025-10-21,0.951,0.954,0.947,0.952,21575000,20517251,False
2025-10-22,0.954,0.957,0.947,0.948,17500800,16650622,False
2025-10-23,0.951,0.951,0.94,0.949,17199200,16255736,False
2025-10-24,0.948,0.953,0.94,0.942,29496000,27919664,False
2025-10-27,0.937,0.942,0.936,0.939,26650800,25013759,False
2025-10-28,0.939,0.941,0.934,0.934,21641700,20286685,False
2025-10-29,0.935,0.936,0.931,0.936,16656500,15537768,False
2025-10-30,0.934,0.94,0.931,0.933,23909200,22357291,False
2025-10-31,0.932,0.943,0.931,0.94,26215400,24644370,False
2025-11-03,0.94,0.941,0.932,0.939,20391200,19097788,False
2025-11-04,0.939,0.939,0.925,0.928,20058300,18664926,False
2025-11-05,0.928,0.931,0.921,0.927,15862900,14700751,False
2025-11-06,0.927,0.933,0.927,0.929,16757700,15593827,False
2025-11-07,0.929,0.934,0.928,0.932,15689900,14615306,False
2025-11-10,0.935,0.962,0.93,0.961,78549000,74806384,False
2025-11-11,0.961,0.962,0.953,0.959,25091900,24026836,False
2025-11-12,0.96,0.973,0.96,0.966,31194200,30214654,False
2025-11-13,0.963,0.969,0.959,0.967,26362000,25412900,False
2025-11-14,0.962,0.975,0.957,0.957,25249800,24385989,False
2025-11-17,0.955,0.959,0.945,0.957,44213100,42140469,False
2025-11-18,0.955,0.964,0.952,0.956,19716000,18889694,False
2025-11-19,0.96,0.962,0.952,0.953,14097800,13463355,False
2025-11-20,0.951,0.956,0.946,0.948,17798600,16919774,False
2025-11-21,0.947,0.953,0.935,0.939,26336800,24865572,False
2025-11-24,0.939,0.944,0.934,0.935,24270700,22762246,False
2025-11-25,0.936,0.94,0.932,0.94,16094900,15065141,False
2025-11-26,0.943,0.943,0.935,0.939,17366400,16272031,False
2025-11-27,0.943,0.943,0.933,0.937,22205500,20812724,False
2025-11-28,0.938,0.942,0.933,0.942,25847300,24284461,False
2025-12-01,0.941,0.947,0.94,0.945,21946200,20705273,False
2025-12-02,0.945,0.947,0.939,0.941,17446600,16433576,False
2025-12-03,0.938,0.941,0.93,0.933,22230000,20774390,False
2025-12-04,0.93,0.933,0.919,0.922,23454200,21659120,False
2025-12-05,0.923,0.926,0.918,0.924,16775500,15453944,False
2025-12-08,0.923,0.925,0.918,0.919,14406600,13264969,False
2025-12-09,0.919,0.92,0.91,0.912,29549300,27010253,False
2025-12-10,0.912,0.916,0.907,0.914,25823000,23549804,False
2025-12-11,0.914,0.914,0.905,0.907,23287100,21175234,False
2025-12-12,0.907,0.914,0.907,0.912,27279990,24842669,False
2025-12-15,0.916,0.925,0.916,0.918,26541600,24447015,False
2025-12-16,0.918,0.921,0.911,0.915,26700900,24435096,False
2025-12-17,0.917,0.924,0.91,0.92,32329300,29671546,False
2025-12-18,0.92,0.922,0.916,0.917,29127100,26767704,False
2025-12-19,0.918,0.933,0.917,0.932,37642700,34829900,False
2025-12-22,0.934,0.937,0.93,0.935,24024900,22419716,False
2025-12-23,0.935,0.935,0.926,0.928,25628300,23811925,False
2025-12-24,0.928,0.929,0.921,0.925,24864400,22983320,False
2025-12-25,0.926,0.933,0.925,0.932,24675300,22911440,False
2025-12-26,0.935,0.935,0.925,0.929,22508400,20898978,False
2025-12-29,0.928,0.929,0.92,0.921,22410900,20723223,False
2025-12-30,0.921,0.923,0.916,0.917,23790500,21864551,False
2025-12-31,0.919,0.921,0.914,0.917,18615400,17063943,False
2026-01-05,0.917,0.932,0.917,0.93,25858500,23950030,False
2026-01-06,0.93,0.937,0.927,0.936,33995200,31699634,False
2026-01-07,0.936,0.941,0.931,0.933,31945300,29880297,False
2026-01-08,0.933,0.933,0.923,0.929,35382900,32789610,False
2026-01-09,0.93,0.936,0.928,0.934,35018000,32660809,False
2026-01-12,0.936,0.94,0.931,0.939,16270800,15233238,False
2026-01-13,0.94,0.941,0.929,0.93,18895400,17677392,False
2026-01-14,0.93,0.935,0.918,0.924,35021100,32488516,False
2026-01-15,0.925,0.93,0.921,0.923,22517140,20830522,False
2026-01-16,0.923,0.926,0.914,0.916,30826140,28311323,False
2026-01-19,0.911,0.92,0.911,0.917,21238700,19480549,False
2026-01-20,0.918,0.921,0.917,0.92,25265400,23221079,False
2026-01-21,0.92,0.921,0.907,0.91,42264300,38552974,False
2026-01-22,0.911,0.913,0.906,0.908,24782000,22529964,False
2026-01-23,0.908,0.911,0.906,0.908,28974200,26325905,False
2026-01-26,0.908,0.909,0.894,0.903,23334700,21014976,False
2026-01-27,0.904,0.904,0.887,0.889,27612400,24640616,False
2026-01-28,0.885,0.894,0.885,0.89,27630100,24571111,False
2026-01-29,0.89,0.941,0.889,0.939,68232200,62363759,False
2026-01-30,0.939,0.939,0.912,0.912,41875300,38559522,False
2026-02-02,0.912,0.936,0.911,0.916,43079700,39737118,False
2026-02-03,0.916,0.93,0.913,0.923,34205000,31382573,False
2026-02-04,0.923,0.942,0.92,0.941,57620100,53783821,False
2026-02-05,0.941,0.959,0.938,0.954,51422300,48982868,False
2026-02-06,0.949,0.955,0.939,0.943,34447100,32542426,False
2026-02-09,0.942,0.947,0.939,0.944,27946700,26353535,False
2026-02-10,0.944,0.944,0.929,0.931,140651900,131039051,False
2026-02-11,0.93,0.936,0.93,0.932,24059400,22429151,False
2026-02-12,0.932,0.932,0.921,0.923,20650200,19075155,False
2026-02-13,0.925,0.927,0.916,0.918,25201600,23238748,False
2026-02-24,0.918,0.926,0.91,0.913,21809300,19963474,False
2026-02-25,0.913,0.924,0.913,0.919,25439900,23386459,False
2026-02-26,0.919,0.919,0.908,0.909,25359400,23114626,False
2026-02-27,0.906,0.912,0.906,0.91,19005800,17275857,False
2026-03-02,0.906,0.909,0.894,0.902,24678300,22215548,False
2026-03-03,0.901,0.911,0.894,0.897,33861000,30485450,False
2026-03-04,0.896,0.896,0.879,0.884,27532000,24386961,False
2026-03-05,0.892,0.892,0.878,0.881,22968400,20277313,False
2026-03-06,0.883,0.9,0.878,0.9,23717400,21137795,False
2026-03-09,0.898,0.898,0.89,0.894,31382300,28053554,False
2026-03-10,0.895,0.899,0.893,0.898,21140000,18948254,False
2026-03-11,0.898,0.901,0.893,0.9,27855400,25011098,False
2026-03-12,0.9,0.901,0.894,0.9,27611800,24787225,False
2026-03-13,0.899,0.908,0.896,0.904,33127100,29969646,False
2026-03-16,0.904,0.918,0.903,0.915,36110200,33001338,False
2026-03-17,0.915,0.927,0.914,0.915,38350900,35325707,False
2026-03-18,0.915,0.917,0.902,0.907,28299400,25664929,False
2026-03-19,0.902,0.903,0.891,0.894,29790900,26734146,False
2026-03-20,0.897,0.898,0.883,0.883,29954900,26696331,False
2026-03-23,0.881,0.881,0.849,0.852,25785900,22200945,False
2026-03-24,0.856,0.862,0.85,0.862,28744100,24593321,False
2026-03-25,0.862,0.867,0.86,0.867,22484700,19454732,False
2026-03-26,0.868,0.872,0.857,0.86,28331300,24454717,False
2026-03-27,0.855,0.876,0.855,0.874,38950900,33906309,False
2026-03-30,0.864,0.885,0.864,0.881,31874600,27947565,False
2026-03-31,0.885,0.892,0.871,0.871,35181300,30954255,False
2026-04-01,0.875,0.887,0.872,0.881,40628300,35740325,False
2026-04-02,0.88,0.885,0.877,0.882,34440200,30370453,False
2026-04-03,0.882,0.882,0.87,0.871,26323200,22993072,False
2026-04-07,0.87,0.876,0.867,0.869,33803400,29452887,False
2026-04-08,0.875,0.882,0.873,0.881,28640200,25160360,False
2026-04-09,0.881,0.881,0.868,0.87,22511800,19615311,False
2026-04-10,0.869,0.876,0.869,0.87,35549000,31019070,False
2026-04-13,0.873,0.873,0.86,0.864,48154500,41584873,False
2026-04-14,0.865,0.867,0.857,0.866,35827900,30825176,False
2026-04-15,0.865,0.871,0.862,0.866,29010700,25126858,False
2026-04-16,0.864,0.869,0.864,0.867,28355200,24564117,False
2026-04-17,0.865,0.865,0.854,0.857,35621100,30484730,False
2026-04-20,0.858,0.863,0.854,0.86,43145900,37081938,False
2026-04-21,0.86,0.868,0.86,0.862,29934000,25824115,False
2026-04-22,0.86,0.86,0.852,0.856,34566900,29555142,False
2026-04-23,0.855,0.87,0.855,0.866,40469300,34968943,False
2026-04-24,0.866,0.873,0.861,0.868,33736800,29282349,False
2026-04-27,0.872,0.872,0.858,0.861,23481300,20207051,False
2026-04-28,0.859,0.866,0.856,0.86,30899600,26611140,False
2026-04-29,0.859,0.88,0.85,0.879,41915400,36563879,False
2026-04-30,0.876,0.885,0.875,0.878,40308400,35427394,False
2026-05-06,0.876,0.877,0.869,0.877,37506800,32785956,False
2026-05-07,0.876,0.883,0.874,0.876,54032800,47474191,False
2026-05-08,0.876,0.878,0.871,0.872,34172900,29849926,False
2026-05-11,0.872,0.876,0.866,0.873,51928200,45280436,False
2026-05-12,0.874,0.875,0.864,0.867,68183300,59127965,False
2026-05-13,0.867,0.868,0.857,0.865,59225100,51056465,False
2026-05-14,0.864,0.874,0.855,0.862,47012900,40520385,False
2026-05-15,0.86,0.86,0.844,0.847,32532200,27675489,False
2026-05-18,0.847,0.851,0.841,0.846,40246000,33960375,False
2026-05-19,0.846,0.854,0.841,0.845,26949200,22820451,False
2026-05-20,0.845,0.852,0.842,0.845,40477900,34262731,False
2026-05-21,0.841,0.851,0.832,0.832,38861100,32742718,False
2026-05-22,0.832,0.835,0.822,0.824,43073000,35555226,False
2026-05-25,0.821,0.83,0.814,0.823,45098636,37162179,False
2026-05-26,0.822,0.826,0.813,0.82,57021500,46698634,False
2026-05-27,0.821,0.838,0.806,0.829,118419100,97229754,False
2026-05-28,0.829,0.829,0.812,0.813,43751600,35824188,False
2026-05-29,0.813,0.844,0.811,0.837,72243300,59997008,False
2026-06-01,0.835,0.842,0.827,0.842,45511500,38030921,False
2026-06-02,0.841,0.843,0.828,0.83,51824500,43195736,False
2026-06-03,0.829,0.829,0.809,0.819,51188000,41739928,False
2026-06-04,0.815,0.82,0.804,0.806,43134500,34947147,False
2026-06-05,0.81,0.817,0.801,0.802,61219600,49441549,False
2026-06-08,0.8,0.806,0.784,0.792,67296400,53353107,False
2026-06-09,0.789,0.793,0.782,0.787,49924600,39319791,False
2026-06-10,0.786,0.796,0.78,0.794,56263400,44572861,False
2026-06-11,0.794,0.796,0.786,0.793,53770600,42516847,False
