date,prevclose,open,high,low,close,volume,amount,suspended
2007-01-18,2.027,2.019,2.023,1.926,1.997,236005974,466070565,False
2007-01-19,,1.996,2.042,1.993,2.04,98642834,199196018,False
2007-01-22,,2.051,2.128,2.051,2.128,56172127,117685923,False
2007-01-23,,2.15,2.175,2.081,2.168,71730955,152652902,False
2007-01-24,,2.17,2.255,2.162,2.239,53902834,119818958,False
2007-01-25,,2.237,2.237,2.14,2.145,79236362,173112426,False
2007-01-26,,2.1,2.195,2.041,2.192,77492472,163586554,False
2007-01-29,,2.204,2.258,2.2,2.258,72045243,161225930,False
2007-01-30,,2.261,2.306,2.247,2.272,68898143,156778200,False
2007-01-31,,2.269,2.269,2.108,2.116,63762455,139513671,False
2007-02-01,,2.1,2.123,2.02,2.094,94433091,196206858,False
2007-02-02,,2.088,2.11,2.001,2.007,103061581,210178463,False
2007-02-05,,1.98,2.0,1.95,1.963,56031617,110566528,False
2007-02-06,,1.966,1.999,1.895,1.998,108148552,209717648,False
2007-02-07,,2.009,2.063,1.997,2.044,58861299,119784338,False
2007-02-08,,2.03,2.075,2.012,2.071,38868748,79712198,False
2007-02-09,,2.071,2.072,2.025,2.04,26079870,53283819,False
2007-02-12,,2.038,2.12,2.031,2.119,37964055,79004591,False
2007-02-13,,2.121,2.159,2.119,2.152,28273944,60488529,False
2007-02-14,,2.152,2.22,2.138,2.208,28426703,62348629,False
2007-02-15,,2.235,2.3,2.225,2.298,51981005,117922321,False
2007-02-16,,2.34,2.359,2.298,2.321,63079149,146866539,False
2007-02-26,,2.314,2.439,2.314,2.435,101395848,241804859,False
2007-02-27,,2.451,2.458,2.2,2.21,97251862,224873343,False
2007-02-28,,2.201,2.33,2.159,2.319,104997575,234850698,False
2007-03-01,,2.319,2.321,2.17,2.259,52368627,118633678,False
2007-03-02,,2.25,2.297,2.23,2.275,52819419,119761224,False
2007-03-05,,2.27,2.309,2.17,2.235,55639692,124321501,False
2007-03-06,,2.211,2.28,2.2,2.255,44739596,100517025,False
2007-03-07,,2.263,2.32,2.263,2.304,57836160,133094897,False
2007-03-08,,2.297,2.322,2.29,2.319,63657508,147294082,False
2007-03-09,,2.322,2.34,2.296,2.318,36039203,83670424,False
2007-03-12,,2.319,2.338,2.286,2.336,35938100,83340364,False
2007-03-13,,2.33,2.355,2.321,2.347,26631477,62355245,False
2007-03-14,,2.308,2.31,2.265,2.288,34105292,78012944,False
2007-03-15,,2.286,2.336,2.28,2.334,29522435,68573314,False
2007-03-16,,2.335,2.349,2.266,2.275,34840903,80221181,False
2007-03-19,,2.23,2.33,2.207,2.318,40631700,92961768,False
2007-03-20,,2.317,2.342,2.304,2.339,21849554,50801233,False
2007-03-21,,2.339,2.372,2.331,2.369,26671483,62951022,False
2007-03-22,,2.371,2.425,2.371,2.388,36653558,87980307,False
2007-03-23,,2.383,2.403,2.342,2.397,26549499,63038637,False
2007-03-26,,2.393,2.453,2.393,2.452,40492515,98449115,False
2007-03-27,,2.451,2.473,2.45,2.469,39120854,96358365,False
2007-03-28,,2.469,2.498,2.388,2.49,54155145,133263633,False
2007-03-29,,2.495,2.518,2.45,2.476,50330675,125533816,False
2007-03-30,,2.467,2.501,2.45,2.477,17344149,42960704,False
2007-04-02,,2.482,2.574,2.482,2.568,37505814,95148913,False
2007-04-03,,2.576,2.62,2.575,2.594,27862623,72374840,False
2007-04-04,,2.599,2.616,2.575,2.595,26550276,68826053,False
2007-04-05,,2.595,2.63,2.577,2.625,30783993,80058391,False
2007-04-06,,2.62,2.65,2.6,2.648,32480436,85600734,False
2007-04-09,,2.651,2.742,2.651,2.728,20960520,56947783,False
2007-04-10,,2.731,2.781,2.7,2.78,33666868,92743749,False
2007-04-11,,2.781,2.818,2.763,2.818,41772312,117037331,False
2007-04-12,,2.819,2.858,2.808,2.857,23838532,67455616,False
2007-04-13,,2.857,2.878,2.826,2.839,23780710,67761180,False
2007-04-16,,2.835,2.908,2.833,2.905,21643363,62255095,False
2007-04-17,,2.908,2.945,2.84,2.945,34264182,99364758,False
2007-04-18,,2.945,2.971,2.908,2.963,23639439,69643856,False
2007-04-19,,2.94,2.95,2.75,2.821,51752721,148274364,False
2007-04-20,,2.829,2.94,2.829,2.931,29545567,85404706,False
2007-04-23,,2.942,3.106,2.942,3.103,23131439,70646762,False
2007-04-24,,3.15,3.203,3.108,3.168,54346868,172198604,False
2007-04-25,,3.162,3.31,3.1,3.16,54467679,173065804,False
2007-04-26,,3.16,3.235,3.16,3.21,42820672,137098903,False
2007-04-27,,3.219,3.23,3.152,3.193,50801883,162180066,False
2007-04-30,,3.19,3.237,3.164,3.235,37822714,121115631,False
2007-05-08,,3.3,3.389,3.3,3.388,36861443,123890865,False
2007-05-09,,3.387,3.43,3.3,3.404,47975937,161677949,False
2007-05-10,,3.403,3.497,3.389,3.467,32139304,110816112,False
2007-05-11,,3.468,3.468,3.395,3.437,117344073,402765084,False
2007-05-14,,3.41,3.49,3.3,3.475,181712932,625642641,False
2007-05-15,,3.479,3.482,3.321,3.329,85962069,291174083,False
2007-05-16,,3.32,3.396,3.23,3.387,102934610,342413272,False
2007-05-17,,3.395,3.478,3.392,3.451,67252135,232043363,False
2007-05-18,,3.441,3.487,3.42,3.461,64575685,223781617,False
2007-05-21,,3.381,3.51,3.358,3.492,63745136,220722454,False
2007-05-22,,3.492,3.568,3.492,3.537,30754046,108870554,False
2007-05-23,,3.54,3.632,3.525,3.628,41608725,148696704,False
2007-05-24,,3.631,3.65,3.535,3.593,79251965,283585862,False
2007-05-25,,3.554,3.61,3.531,3.598,48733119,174782585,False
2007-05-28,,3.61,3.698,3.61,3.683,45055885,165678668,False
2007-05-29,,3.701,3.784,3.695,3.782,39518493,147676447,False
2007-05-30,,3.589,3.75,3.48,3.5,117161584,421828938,False
2007-05-31,,3.453,3.608,3.275,3.542,116596752,402319252,False
2007-06-01,,3.527,3.601,3.358,3.36,71687273,249837377,False
2007-06-04,,3.38,3.42,3.045,3.05,100179445,316661080,False
2007-06-05,,3.026,3.2,2.792,3.19,161223225,485797469,False
2007-06-06,,3.219,3.266,3.1,3.215,110233056,354862981,False
2007-06-07,,3.231,3.335,3.216,3.329,86719337,284279144,False
2007-06-08,,3.34,3.362,3.305,3.351,95391956,318510927,False
2007-06-11,,3.346,3.402,3.346,3.39,68161840,230000363,False
2007-06-12,,3.395,3.543,3.348,3.54,57542340,197786415,False
2007-06-13,,3.57,3.652,3.57,3.636,51224963,185375515,False
2007-06-14,,3.605,3.61,3.518,3.547,54282783,193847325,False
2007-06-15,,3.546,3.569,3.498,3.537,56925729,201107518,False
2007-06-18,,3.565,3.641,3.565,3.621,53408957,193556637,False
2007-06-19,,3.607,3.688,3.6,3.656,38412264,140025501,False
2007-06-20,,3.65,3.728,3.58,3.6,49704361,182651267,False
2007-06-21,,3.581,3.63,3.547,3.617,33316206,119977918,False
2007-06-22,,3.613,3.65,3.41,3.504,43157935,153577677,False
2007-06-25,,3.509,3.536,3.281,3.297,41048278,139840839,False
2007-06-26,,3.236,3.37,3.2,3.363,55361423,180597304,False
2007-06-27,,3.375,3.458,3.339,3.45,39326036,133409590,False
2007-06-28,,3.425,3.46,3.289,3.29,32905586,111604835,False
2007-06-29,,3.204,3.275,3.155,3.171,32369354,103769037,False
2007-07-02,,3.145,3.247,3.12,3.203,45050615,143155221,False
2007-07-03,,3.223,3.279,3.205,3.263,18288702,59434193,False
2007-07-04,,3.264,3.284,3.189,3.202,20705602,67332947,False
2007-07-05,,3.189,3.189,3.0,3.009,97816933,301334326,False
2007-07-06,,3.0,3.15,2.945,3.146,51386518,155696212,False
2007-07-09,,3.156,3.248,3.151,3.239,30682978,98112402,False
2007-07-10,,3.23,3.239,3.152,3.165,19767498,63123373,False
2007-07-11,,3.152,3.193,3.126,3.19,13882928,43945978,False
2007-07-12,,3.192,3.229,3.178,3.21,13752019,43975060,False
2007-07-13,,3.209,3.22,3.17,3.214,13288306,42524685,False
2007-07-16,,3.21,3.212,3.102,3.112,12664175,39856105,False
2007-07-17,,3.091,3.192,3.08,3.167,11990053,37535563,False
2007-07-18,,3.165,3.24,3.135,3.19,14363135,45903982,False
2007-07-19,,3.18,3.199,3.155,3.158,8286358,26262700,False
2007-07-20,,3.159,3.283,3.159,3.282,20244462,65625689,False
2007-07-23,,3.3,3.492,3.3,3.489,27167190,92960227,False
2007-07-24,,3.509,3.585,3.49,3.5,37997620,134626221,False
2007-07-25,,3.478,3.6,3.47,3.599,32919558,117257557,False
2007-07-26,,3.61,3.644,3.582,3.624,34126117,123252940,False
2007-07-27,,3.6,3.67,3.562,3.659,45507417,165452657,False
2007-07-30,,3.659,3.809,3.641,3.785,33214257,124990445,False
2007-07-31,,3.78,3.82,3.758,3.809,26587852,100887067,False
2007-08-01,,3.809,3.835,3.66,3.671,45314346,170079283,False
2007-08-02,,3.7,3.802,3.696,3.787,60674158,227200559,False
2007-08-03,,3.79,3.855,3.79,3.852,45335786,173507678,False
2007-08-06,,3.854,3.973,3.854,3.963,55430416,218287381,False
2007-08-07,,3.968,4.05,3.925,4.01,46689995,186726410,False
2007-08-08,,3.974,3.989,3.854,3.928,29780356,117002915,False
2007-08-09,,3.923,4.005,3.91,4.0,25903629,103065536,False
2007-08-10,,3.982,4.01,3.611,3.975,73980330,290144984,False
2007-08-13,,3.974,4.04,3.942,3.981,29787614,119025178,False
2007-08-14,,3.982,4.038,3.981,4.031,18131801,72842090,False
2007-08-15,,4.03,4.08,3.961,4.056,27574852,110798119,False
2007-08-16,,4.066,4.066,3.941,3.992,20770886,82797980,False
2007-08-17,,3.98,4.04,3.901,3.921,42370514,167005531,False
2007-08-20,,3.988,4.248,3.988,4.247,38434100,158369928,False
2007-08-21,,4.27,4.28,4.2,4.229,31947764,135054655,False
2007-08-22,,4.209,4.268,4.159,4.241,20907110,88484605,False
2007-08-23,,4.243,4.285,4.221,4.276,23395799,99533856,False
2007-08-24,,4.29,4.432,4.281,4.425,39728329,174078044,False
2007-08-27,,4.445,4.539,4.426,4.478,33274839,148822007,False
2007-08-28,,4.449,4.478,4.378,4.474,29142143,129422025,False
2007-08-29,,4.445,4.471,4.37,4.392,34617552,152735374,False
2007-08-30,,4.4,4.461,4.388,4.453,23235236,103050683,False
2007-08-31,,4.454,4.533,4.453,4.529,22841295,102967987,False
2007-09-03,,4.579,4.737,4.571,4.719,30875979,144024829,False
2007-09-04,,4.75,4.78,4.679,4.709,52604236,248178662,False
2007-09-05,,4.703,4.725,4.62,4.696,55159471,256763798,False
2007-09-06,,4.718,4.828,4.718,4.817,42521689,203743426,False
2007-09-07,,4.8,4.81,4.725,4.755,73731248,351991614,False
2007-09-10,,4.694,4.818,4.65,4.815,44000219,207915166,False
2007-09-11,,4.812,4.857,4.5,4.58,64853076,307062998,False
2007-09-12,,4.58,4.684,4.498,4.627,57121539,261118454,False
2007-09-13,,4.641,4.82,4.6,4.812,66242849,314227631,False
2007-09-14,,4.822,4.98,4.81,4.956,57932106,283317407,False
2007-09-17,,4.956,5.129,4.95,5.127,48962912,247917169,False
2007-09-18,,5.17,5.2,4.995,5.049,111395841,564200113,False
2007-09-19,,5.049,5.073,4.897,4.971,72973549,361945189,False
2007-09-20,,4.977,5.046,4.93,4.979,39449434,196656179,False
2007-09-21,,4.98,4.998,4.8,4.874,59711110,290776469,False
2007-09-24,,4.874,4.93,4.76,4.915,41720224,202514539,False
2007-09-25,,4.913,4.934,4.828,4.84,30951587,150591901,False
2007-09-26,,4.82,4.875,4.7,4.734,35575666,169938975,False
2007-09-27,,4.734,4.78,4.691,4.76,27128134,128197010,False
2007-09-28,,4.832,4.911,4.805,4.905,42373527,206257436,False
2007-10-08,,4.971,4.988,4.86,4.875,49405246,241904756,False
2007-10-09,,4.858,4.882,4.78,4.865,33171695,160385663,False
2007-10-10,,4.863,5.0,4.863,4.914,48769943,241131690,False
2007-10-11,,4.914,4.96,4.85,4.923,34942838,171570653,False
2007-10-12,,4.94,5.03,4.75,4.936,56287716,277460301,False
2007-10-15,,4.921,5.191,4.88,5.188,85747263,433462151,False
2007-10-16,,5.194,5.29,5.131,5.173,44319970,230605714,False
2007-10-17,,5.141,5.208,5.066,5.155,38852735,199967539,False
2007-10-18,,5.148,5.177,4.96,4.966,59934009,301210133,False
2007-10-19,,4.985,5.07,4.875,4.921,42682736,210606221,False
2007-10-22,,4.857,4.859,4.701,4.719,50977798,243216567,False
2007-10-23,,4.71,4.76,4.57,4.755,51448236,239720170,False
2007-10-24,,4.783,4.934,4.755,4.891,44265853,214808665,False
2007-10-25,,4.834,4.837,4.585,4.6,72598250,339452194,False
2007-10-26,,4.507,4.7,4.49,4.661,53269976,243650389,False
2007-10-29,,4.688,4.767,4.637,4.762,27181835,127883274,False
2007-10-30,,4.789,4.875,4.701,4.874,26177537,125651807,False
2007-10-31,,4.95,4.95,4.868,4.903,35064065,172217257,False
2007-11-01,,4.9,4.994,4.9,4.918,42910275,212697501,False
2007-11-02,,4.862,4.9,4.818,4.86,29662301,143912024,False
2007-11-05,,4.856,4.856,4.669,4.706,38122321,180369803,False
2007-11-06,,4.7,4.706,4.533,4.55,57425415,264312432,False
2007-11-07,,4.599,4.61,4.48,4.568,36522565,165882664,False
2007-11-08,,4.55,4.55,4.317,4.322,60500135,267073735,False
2007-11-09,,4.298,4.366,4.151,4.292,41003115,174701716,False
2007-11-12,,4.198,4.291,4.044,4.209,44059798,183254290,False
2007-11-13,,4.25,4.381,4.198,4.265,65377543,280454245,False
2007-11-14,,4.35,4.435,4.26,4.432,55565500,241538084,False
2007-11-15,,4.4,4.42,4.326,4.339,25472208,111571003,False
2007-11-16,,4.289,4.321,4.25,4.309,18261149,78216261,False
2007-11-19,,4.321,4.347,4.286,4.318,13889593,59968289,False
2007-11-20,,4.297,4.426,4.26,4.389,27725796,120550063,False
2007-11-21,,4.429,4.465,4.33,4.336,24028363,105714463,False
2007-11-22,,4.264,4.31,4.185,4.199,26813860,113691713,False
2007-11-23,,4.179,4.24,4.138,4.238,18206946,76322177,False
2007-11-26,,4.29,4.328,4.17,4.177,27967300,119054834,False
2007-11-27,,4.141,4.197,4.1,4.102,22311417,92273087,False
2007-11-28,,4.1,4.14,3.98,3.996,32262354,130796675,False
2007-11-29,,4.025,4.168,3.981,4.166,37311818,152477452,False
2007-11-30,,4.165,4.165,4.05,4.061,24659655,100956479,False
2007-12-03,,4.02,4.118,4.02,4.089,11829065,48288625,False
2007-12-04,,4.099,4.225,4.099,4.165,30298233,126629557,False
2007-12-05,,4.165,4.345,4.155,4.336,53679365,230234991,False
2007-12-06,,4.357,4.357,4.29,4.325,46535340,201348060,False
2007-12-07,,4.34,4.449,4.332,4.43,33584547,148126618,False
2007-12-10,,4.388,4.525,4.35,4.516,87118657,389307501,False
2007-12-11,,4.53,4.568,4.472,4.526,52205510,236276676,False
2007-12-12,,4.5,4.525,4.426,4.484,35801559,160268702,False
2007-12-13,,4.46,4.46,4.286,4.29,44999316,196635051,False
2007-12-14,,4.239,4.36,4.202,4.351,36275366,154965196,False
2007-12-17,,4.359,4.36,4.248,4.253,27186244,116538478,False
2007-12-18,,4.235,4.26,4.188,4.197,24349208,102486139,False
2007-12-19,,4.26,4.36,4.252,4.345,44410573,191077756,False
2007-12-20,,4.35,4.475,4.322,4.465,47873912,211544267,False
2007-12-21,,4.455,4.525,4.445,4.513,61296221,275876231,False
2007-12-24,,4.535,4.62,4.511,4.572,48584363,221794142,False
2007-12-25,,4.577,4.615,4.552,4.587,33703489,154625051,False
2007-12-26,,4.6,4.656,4.58,4.632,35475777,163881360,False
2007-12-27,,4.65,4.685,4.61,4.685,40828632,189990480,False
2007-12-28,,4.691,4.719,4.62,4.637,31396248,146850283,False
2008-01-02,,4.64,4.692,4.581,4.649,41561460,192465727,False
2008-01-03,,4.63,4.801,4.61,4.794,53322240,249559588,False
2008-01-04,,4.798,4.849,4.74,4.834,36247583,175169459,False
2008-01-07,,4.831,4.871,4.783,4.855,24192520,117162938,False
2008-01-08,,4.878,4.978,4.812,4.86,42279903,207736321,False
2008-01-09,,4.82,4.96,4.81,4.958,31869418,156442756,False
2008-01-10,,4.971,5.03,4.952,4.97,35687638,177998134,False
2008-01-11,,4.972,4.997,4.905,4.962,33762365,166742398,False
2008-01-14,,4.958,5.024,4.933,5.003,28347593,141211388,False
2008-01-15,,4.995,5.042,4.95,4.965,37407522,186574268,False
2008-01-16,,4.95,4.95,4.838,4.847,38260966,186620990,False
2008-01-17,,4.77,4.847,4.55,4.671,108573877,507890155,False
2008-01-18,,4.64,4.689,4.585,4.65,44111896,204504224,False
2008-01-21,,4.636,4.678,4.39,4.406,62825603,284515402,False
2008-01-22,,4.3,4.3,4.001,4.041,121618379,504823256,False
2008-01-23,,4.11,4.277,4.09,4.275,46279996,194005805,False
2008-01-24,,4.316,4.34,4.225,4.28,41336987,177237244,False
2008-01-25,,4.278,4.338,4.19,4.312,32936299,140704509,False
2008-01-28,,4.26,4.26,3.985,3.991,58657791,238300348,False
2008-01-29,,4.021,4.08,3.966,3.999,73950063,296023357,False
2008-01-30,,4.043,4.12,3.926,4.003,65881136,265228486,False
2008-01-31,,4.003,4.08,3.951,3.97,30724161,123274566,False
2008-02-01,,3.999,4.01,3.773,3.889,46400692,180005995,False
2008-02-04,,4.001,4.278,4.001,4.278,58205549,240604478,False
2008-02-05,,4.278,4.3,4.17,4.237,35432914,150493478,False
2008-02-13,,4.169,4.201,4.102,4.139,26714506,110814051,False
2008-02-14,,4.19,4.239,4.16,4.206,29678572,124922163,False
2008-02-15,,4.163,4.175,4.103,4.168,39127123,161993870,False
2008-02-18,,4.218,4.284,4.189,4.234,33297802,140993831,False
2008-02-19,,4.249,4.358,4.21,4.354,33873126,145676321,False
2008-02-20,,4.357,4.414,4.287,4.289,45219741,196110030,False
2008-02-21,,4.268,4.344,4.186,4.297,30941207,131784782,False
2008-02-22,,4.249,4.28,4.111,4.152,43426125,181387540,False
2008-02-25,,4.152,4.186,4.001,4.013,35532067,144214651,False
2008-02-26,,4.141,4.169,3.898,4.003,48264910,193920151,False
2008-02-27,,4.02,4.088,3.98,4.078,25100877,101818245,False
2008-02-28,,4.08,4.128,4.001,4.074,27375797,111327246,False
2008-02-29,,4.048,4.11,4.027,4.088,40223937,164544389,False
2008-03-03,,4.065,4.184,4.03,4.179,36895770,152542114,False
2008-03-04,,4.185,4.215,4.05,4.055,36386731,150249109,False
2008-03-05,,4.04,4.055,3.889,3.972,58448209,231626397,False
2008-03-06,,3.983,4.054,3.918,3.991,28900036,115505071,False
2008-03-07,,3.95,3.981,3.91,3.928,19502756,76795635,False
2008-03-10,,3.915,3.915,3.748,3.791,52465263,199808460,False
2008-03-11,,3.745,3.777,3.68,3.776,26861562,100177880,False
2008-03-12,,3.862,3.886,3.67,3.673,33190220,124915689,False
2008-03-13,,3.601,3.649,3.483,3.542,48168573,171224538,False
2008-03-14,,3.5,3.56,3.459,3.502,31766955,111007706,False
2008-03-17,,3.498,3.498,3.32,3.329,31716241,108080619,False
2008-03-18,,3.32,3.378,3.08,3.137,53668279,172770806,False
2008-03-19,,3.21,3.315,3.171,3.261,45023349,145961109,False
2008-03-20,,3.19,3.44,3.095,3.397,65850727,216753585,False
2008-03-21,,3.36,3.515,3.347,3.481,54631303,188446810,False
2008-03-24,,3.51,3.539,3.31,3.315,49122893,168310203,False
2008-03-25,,3.264,3.393,3.212,3.361,44403298,146874653,False
2008-03-26,,3.39,3.443,3.33,3.359,25218676,85471549,False
2008-03-27,,3.3,3.339,3.15,3.177,62264748,200951890,False
2008-03-28,,3.111,3.293,3.042,3.279,53349250,169389932,False
2008-03-31,,3.16,3.237,3.13,3.133,42152879,133638195,False
2008-04-01,,3.112,3.15,2.885,2.911,66378777,196965460,False
2008-04-02,,2.941,2.99,2.812,2.844,47523172,137303484,False
2008-04-03,,2.842,2.975,2.821,2.959,94939399,275714045,False
2008-04-07,,2.92,3.141,2.902,3.129,50988601,156051897,False
2008-04-08,,3.14,3.197,3.1,3.16,33423031,105365339,False
2008-04-09,,3.11,3.204,3.03,3.034,34220054,106893841,False
2008-04-10,,2.995,3.072,2.95,3.067,33108058,99887525,False
2008-04-11,,3.099,3.137,3.068,3.101,23247910,72089919,False
2008-04-14,,3.055,3.055,2.89,2.907,45268228,133489834,False
2008-04-15,,2.88,2.94,2.796,2.938,24563256,70220286,False
2008-04-16,,2.924,2.93,2.841,2.847,24429021,70524622,False
2008-04-17,,2.851,2.892,2.7,2.737,30949617,86455141,False
2008-04-18,,2.7,2.71,2.6,2.612,35120696,92780503,False
2008-04-21,,2.85,2.85,2.6,2.634,63337674,171652360,False
2008-04-22,,2.58,2.666,2.522,2.665,25709293,66443678,False
2008-04-23,,2.6,2.823,2.599,2.802,44321476,121383819,False
2008-04-24,,3.06,3.082,3.0,3.082,130288784,398006142,False
2008-04-25,,3.08,3.269,3.052,3.152,147392311,464574320,False
2008-04-28,,3.083,3.139,3.072,3.084,59288868,184179405,False
2008-04-29,,3.055,3.169,3.055,3.15,50687140,158995824,False
2008-04-30,,3.173,3.343,3.168,3.317,105190286,343679174,False
2008-05-05,,3.37,3.39,3.325,3.378,95564124,320925399,False
2008-05-06,,3.359,3.392,3.288,3.336,69362250,231747769,False
2008-05-07,,3.328,3.365,3.18,3.193,84723302,278213391,False
2008-05-08,,3.15,3.278,3.14,3.27,65222146,208585363,False
2008-05-09,,3.294,3.349,3.218,3.283,87958634,289223127,False
2008-05-12,,3.21,3.358,3.208,3.321,68188810,224075926,False
2008-05-13,,3.24,3.373,3.226,3.32,122180497,405583582,False
2008-05-14,,3.309,3.388,3.3,3.376,86484191,290166639,False
2008-05-15,,3.39,3.468,3.385,3.389,78678210,269663908,False
2008-05-16,,3.388,3.425,3.309,3.344,61458222,206486449,False
2008-05-19,,3.325,3.357,3.291,3.331,35100244,116827349,False
2008-05-20,,3.321,3.369,3.14,3.156,58738379,191606178,False
2008-05-21,,3.105,3.282,3.055,3.248,102060161,319880666,False
2008-05-22,,3.195,3.266,3.15,3.191,71097607,228391414,False
2008-05-23,,3.17,3.21,3.1,3.142,59380485,187506430,False
2008-05-26,,3.1,3.119,3.039,3.044,51163747,156659889,False
2008-05-27,,3.0,3.062,2.996,3.037,49452482,149865933,False
2008-05-28,,3.05,3.156,3.011,3.127,43131540,132767489,False
2008-05-29,,3.11,3.137,3.039,3.041,45253226,139835689,False
2008-05-30,,3.058,3.105,3.037,3.092,47023532,144573043,False
2008-06-02,,3.08,3.13,3.058,3.103,41270850,128030862,False
2008-06-03,,3.104,3.122,3.07,3.09,35352916,109537347,False
2008-06-04,,3.072,3.092,3.018,3.036,48428694,147348806,False
2008-06-05,,3.032,3.05,2.976,3.0,35222522,106149322,False
2008-06-06,,3.002,3.046,2.991,3.004,21773695,65676512,False
2008-06-10,,2.9,2.9,2.704,2.718,52063197,144689147,False
2008-06-11,,2.691,2.73,2.645,2.687,74491490,200557202,False
2008-06-12,,2.67,2.693,2.572,2.63,54633013,143953791,False
2008-06-13,,2.635,2.675,2.551,2.559,42601784,111207281,False
2008-06-16,,2.581,2.61,2.513,2.565,53986023,138548113,False
2008-06-17,,2.555,2.581,2.45,2.468,54997591,138667948,False
2008-06-18,,2.458,2.619,2.4,2.614,80895898,205753104,False
2008-06-19,,2.585,2.585,2.375,2.395,82952114,206312086,False
2008-06-20,,2.467,2.545,2.321,2.445,96083337,237221027,False
2008-06-23,,2.429,2.437,2.35,2.36,51954486,124343253,False
2008-06-24,,2.36,2.399,2.315,2.365,68404742,161693330,False
2008-06-25,,2.37,2.498,2.355,2.488,69363761,169528659,False
2008-06-26,,2.489,2.525,2.433,2.502,76107924,188866947,False
2008-06-27,,2.42,2.422,2.29,2.321,94478503,222700603,False
2008-06-30,,2.285,2.339,2.239,2.285,52007667,118486210,False
2008-07-01,,2.272,2.299,2.205,2.209,44317276,99146891,False
2008-07-02,,2.22,2.255,2.195,2.226,32668905,72644497,False
2008-07-03,,2.196,2.323,2.17,2.286,78203912,176261755,False
2008-07-04,,2.265,2.296,2.241,2.26,53916186,122277317,False
2008-07-07,,2.266,2.406,2.261,2.393,83457362,197187703,False
2008-07-08,,2.403,2.443,2.361,2.416,91517874,220450057,False
2008-07-09,,2.443,2.52,2.443,2.516,108586435,270048419,False
2008-07-10,,2.48,2.54,2.466,2.469,89814179,224166033,False
2008-07-11,,2.465,2.48,2.409,2.443,58101740,141502514,False
2008-07-14,,2.428,2.479,2.401,2.469,31721057,77680274,False
2008-07-15,,2.478,2.499,2.381,2.384,60779232,147890079,False
2008-07-16,,2.359,2.371,2.262,2.299,61191317,141772545,False
2008-07-17,,2.33,2.359,2.255,2.262,43546473,100587915,False
2008-07-18,,2.286,2.353,2.242,2.352,51007328,117433298,False
2008-07-21,,2.33,2.441,2.318,2.436,62112938,148724482,False
2008-07-22,,2.431,2.446,2.407,2.432,63741964,154966816,False
2008-07-23,,2.455,2.47,2.41,2.412,68353705,166621275,False
2008-07-24,,2.431,2.488,2.416,2.479,60371458,147996735,False
2008-07-25,,2.45,2.465,2.429,2.437,33079346,80823899,False
2008-07-28,,2.446,2.492,2.446,2.47,37847080,93704168,False
2008-07-29,,2.442,2.446,2.411,2.431,34168525,83009755,False
2008-07-30,,2.46,2.466,2.399,2.414,33155859,80492291,False
2008-07-31,,2.428,2.439,2.34,2.343,55332290,131009945,False
2008-08-01,,2.32,2.378,2.281,2.34,45298645,105375762,False
2008-08-04,,2.326,2.326,2.271,2.274,22044608,50684583,False
2008-08-05,,2.272,2.29,2.201,2.207,34967305,78134319,False
2008-08-06,,2.228,2.244,2.191,2.219,24374137,54048808,False
2008-08-07,,2.217,2.238,2.199,2.22,37548496,83225837,False
2008-08-08,,2.22,2.223,2.1,2.108,56975363,124290316,False
2008-08-11,,2.09,2.102,1.985,1.99,51740525,105463851,False
2008-08-12,,1.97,2.038,1.97,2.016,39561337,79683910,False
2008-08-13,,2.0,2.048,1.961,2.03,41533563,83124357,False
2008-08-14,,2.02,2.048,2.0,2.026,21867126,44364728,False
2008-08-15,,2.028,2.056,2.009,2.028,28512234,58018688,False
2008-08-18,,2.035,2.037,1.915,1.918,37212480,73050758,False
2008-08-19,,1.9,1.949,1.891,1.936,44735524,86268691,False
2008-08-20,,1.91,2.1,1.892,2.095,82603402,167638644,False
2008-08-21,,2.035,2.082,1.983,1.985,95716551,192611698,False
2008-08-22,,1.97,1.97,1.909,1.935,38465132,74532465,False
2008-08-25,,1.932,1.96,1.911,1.919,23337374,45282001,False
2008-08-26,,1.905,1.906,1.836,1.847,23207096,43408002,False
2008-08-27,,1.847,1.873,1.81,1.845,28635652,52803404,False
2008-08-28,,1.845,1.87,1.835,1.862,32199708,59699411,False
2008-08-29,,1.865,1.939,1.865,1.911,31502308,60015878,False
2008-09-01,,1.898,1.898,1.85,1.857,15024475,28109721,False
2008-09-02,,1.838,1.87,1.827,1.851,23387312,43268289,False
2008-09-03,,1.85,1.868,1.825,1.84,30311830,55959155,False
2008-09-04,,1.848,1.877,1.836,1.859,21666152,40091432,False
2008-09-05,,1.816,1.842,1.804,1.814,26101555,47418736,False
2008-09-08,,1.813,1.825,1.737,1.739,22620239,39924208,False
2008-09-09,,1.751,1.768,1.725,1.752,13282686,23220024,False
2008-09-10,,1.74,1.8,1.728,1.768,35192129,62354164,False
2008-09-11,,1.767,1.78,1.729,1.73,13851345,24191077,False
2008-09-12,,1.711,1.767,1.711,1.747,18800033,32912434,False
2008-09-16,,1.74,1.744,1.709,1.71,27057888,46531107,False
2008-09-17,,1.7,1.733,1.674,1.677,44662739,76022519,False
2008-09-18,,1.645,1.666,1.552,1.629,42159255,68107198,False
2008-09-19,,1.79,1.792,1.78,1.792,27667812,49547104,False
2008-09-22,,1.965,1.971,1.812,1.905,117925952,224613882,False
2008-09-23,,1.831,1.849,1.77,1.806,51194629,92333825,False
2008-09-24,,1.761,1.829,1.74,1.821,35481529,62998809,False
2008-09-25,,1.825,1.93,1.801,1.888,84120956,158311320,False
2008-09-26,,1.915,1.924,1.861,1.902,51518615,97812578,False
2008-10-06,,1.831,1.86,1.786,1.787,26246446,47992434,False
2008-10-07,,1.73,1.819,1.702,1.781,32419845,57191394,False
2008-10-08,,1.731,1.768,1.714,1.733,36565658,63606249,False
2008-10-09,,1.765,1.777,1.697,1.699,28669608,49615963,False
2008-10-10,,1.615,1.65,1.615,1.625,25225418,41179495,False
2008-10-13,,1.611,1.678,1.552,1.676,35073017,56501958,False
2008-10-14,,1.77,1.77,1.6,1.631,79365253,133543471,False
2008-10-15,,1.6,1.615,1.572,1.584,25231448,40182837,False
2008-10-16,,1.517,1.547,1.509,1.51,28536288,43493705,False
2008-10-17,,1.525,1.536,1.509,1.524,16196820,24689954,False
2008-10-20,,1.512,1.575,1.508,1.573,68523359,105836804,False
2008-10-21,,1.577,1.608,1.553,1.554,36394547,57559187,False
2008-10-22,,1.526,1.556,1.509,1.512,27679384,42256102,False
2008-10-23,,1.483,1.51,1.465,1.51,21392233,31729612,False
2008-10-24,,1.509,1.515,1.452,1.466,23367429,34446644,False
2008-10-27,,1.445,1.445,1.345,1.346,49435500,68571530,False
2008-10-28,,1.32,1.399,1.3,1.381,35608249,48485003,False
2008-10-29,,1.393,1.4,1.325,1.327,23740169,32608327,False
2008-10-30,,1.333,1.376,1.3,1.351,37693145,50870622,False
2008-10-31,,1.341,1.36,1.32,1.33,24645866,32860214,False
2008-11-03,,1.32,1.34,1.306,1.316,21466143,28420139,False
2008-11-04,,1.301,1.315,1.29,1.297,32013214,41560220,False
2008-11-05,,1.305,1.36,1.305,1.342,20416530,27390926,False
2008-11-06,,1.31,1.334,1.301,1.324,23188662,30521576,False
2008-11-07,,1.301,1.35,1.292,1.333,23701162,31542816,False
2008-11-10,,1.368,1.465,1.365,1.464,61892545,87728919,False
2008-11-11,,1.45,1.5,1.435,1.443,48634628,71357340,False
2008-11-12,,1.423,1.464,1.42,1.464,25076488,36233457,False
2008-11-13,,1.433,1.56,1.433,1.547,49924626,75262743,False
2008-11-14,,1.559,1.595,1.527,1.589,62704840,98124420,False
2008-11-17,,1.575,1.655,1.566,1.635,74145102,118893161,False
2008-11-18,,1.631,1.639,1.491,1.51,61584190,96444643,False
2008-11-19,,1.505,1.628,1.501,1.616,53615242,83909403,False
2008-11-20,,1.59,1.64,1.573,1.598,69054653,110856017,False
2008-11-21,,1.559,1.629,1.51,1.586,70429616,111030640,False
2008-11-24,,1.581,1.598,1.526,1.53,56090129,87097207,False
2008-11-25,,1.555,1.575,1.488,1.516,50941853,77746511,False
2008-11-26,,1.516,1.558,1.493,1.538,25394258,38903032,False
2008-11-27,,1.66,1.68,1.566,1.567,67675845,109449846,False
2008-11-28,,1.541,1.58,1.535,1.54,49714268,77272868,False
2008-12-01,,1.539,1.569,1.511,1.564,29687062,45782835,False
2008-12-02,,1.521,1.59,1.52,1.565,38422412,60011978,False
2008-12-03,,1.577,1.64,1.576,1.639,50363297,81162522,False
2008-12-04,,1.666,1.729,1.646,1.676,106794321,180417287,False
2008-12-05,,1.668,1.692,1.646,1.686,52044469,87141770,False
2008-12-08,,1.71,1.756,1.692,1.754,86192686,148630564,False
2008-12-09,,1.76,1.765,1.708,1.709,123733490,214565714,False
2008-12-10,,1.698,1.73,1.665,1.73,103078982,175779063,False
2008-12-11,,1.72,1.732,1.673,1.675,86578554,147975571,False
2008-12-12,,1.656,1.672,1.588,1.612,59882021,97633045,False
2008-12-15,,1.621,1.651,1.602,1.63,48656842,79065773,False
2008-12-16,,1.611,1.653,1.586,1.647,44264719,71465814,False
2008-12-17,,1.648,1.676,1.64,1.645,58816731,97725875,False
2008-12-18,,1.64,1.675,1.625,1.663,70816492,117079368,False
2008-12-19,,1.66,1.696,1.652,1.674,47472575,79717468,False
2008-12-22,,1.671,1.68,1.631,1.64,36750128,60644545,False
2008-12-23,,1.65,1.65,1.551,1.563,38668462,61885609,False
2008-12-24,,1.535,1.555,1.519,1.53,40108468,61726892,False
2008-12-25,,1.529,1.544,1.497,1.513,52555280,79589520,False
2008-12-26,,1.516,1.524,1.5,1.513,21081820,31897450,False
2008-12-29,,1.5,1.518,1.483,1.507,27264172,40820320,False
2008-12-30,,1.508,1.527,1.486,1.489,27744636,41834328,False
2008-12-31,,1.481,1.5,1.465,1.467,33556712,49854496,False
2009-01-05,,1.492,1.53,1.482,1.525,41801024,62918416,False
2009-01-06,,1.526,1.584,1.513,1.578,101730720,159480000,False
2009-01-07,,1.58,1.595,1.571,1.572,85226424,134987280,False
2009-01-08,,1.54,1.555,1.531,1.543,33703912,52044524,False
2009-01-09,,1.548,1.577,1.545,1.574,66144496,103458064,False
2009-01-12,,1.57,1.599,1.558,1.585,45368844,71846816,False
2009-01-13,,1.55,1.581,1.55,1.554,63582964,99447968,False
2009-01-14,,1.55,1.605,1.55,1.604,64532760,101862928,False
2009-01-15,,1.58,1.616,1.58,1.591,68539784,109653648,False
2009-01-16,,1.595,1.657,1.595,1.633,110944296,181959360,False
2009-01-19,,1.653,1.676,1.627,1.64,109685056,180911616,False
2009-01-20,,1.631,1.655,1.621,1.651,60500336,99310096,False
2009-01-21,,1.635,1.661,1.629,1.634,47898328,78590648,False
2009-01-22,,1.645,1.66,1.634,1.655,36971048,60946552,False
2009-01-23,,1.651,1.68,1.649,1.655,23636482,39269940,False
2009-02-02,,1.669,1.68,1.655,1.676,32322988,54005512,False
2009-02-03,,1.678,1.722,1.672,1.721,63118152,107576200,False
2009-02-04,,1.725,1.769,1.725,1.769,83023680,145624128,False
2009-02-05,,1.768,1.81,1.753,1.769,94543936,168978352,False
2009-02-06,,1.771,1.844,1.771,1.84,87132408,158040272,False
2009-02-09,,1.87,1.896,1.853,1.884,112628984,211096192,False
2009-02-10,,1.871,1.909,1.858,1.908,130243280,245107936,False
2009-02-11,,1.883,1.946,1.87,1.911,156112208,297416768,False
2009-02-12,,1.914,1.927,1.84,1.902,134295184,252763344,False
2009-02-13,,1.897,1.972,1.886,1.971,228608176,442110720,False
2009-02-16,,1.982,2.049,1.969,2.046,155155328,309555296,False
2009-02-17,,2.045,2.051,1.968,1.971,217060592,437269920,False
2009-02-18,,1.93,1.948,1.867,1.87,217231712,415331328,False
2009-02-19,,1.89,1.92,1.867,1.904,224706192,425427264,False
2009-02-20,,1.91,1.955,1.88,1.95,173768496,333078016,False
2009-02-23,,1.941,2.009,1.913,1.996,204261232,401304320,False
2009-02-24,,1.972,2.005,1.901,1.903,277388320,541147840,False
2009-02-25,,1.92,1.94,1.854,1.901,237122960,449967744,False
2009-02-26,,1.9,1.933,1.79,1.809,225773408,426610304,False
2009-02-27,,1.791,1.8,1.724,1.739,200370128,353157120,False
2009-03-02,,1.715,1.774,1.715,1.762,94536248,165643904,False
2009-03-03,,1.732,1.782,1.713,1.765,173135776,304265376,False
2009-03-04,,1.769,1.891,1.769,1.886,130328832,239387872,False
2009-03-05,,1.905,1.92,1.86,1.89,189309936,358636960,False
2009-03-06,,1.865,1.893,1.853,1.869,187773472,352028256,False
2009-03-09,,1.878,1.903,1.803,1.808,149303440,277052704,False
2009-03-10,,1.788,1.833,1.776,1.831,138520048,249528224,False
2009-03-11,,1.868,1.88,1.81,1.811,174974080,323773472,False
2009-03-12,,1.8,1.815,1.762,1.809,111820824,200453152,False
2009-03-13,,1.815,1.829,1.788,1.792,98127248,177718272,False
2009-03-16,,1.787,1.816,1.777,1.81,97981872,176071840,False
2009-03-17,,1.81,1.884,1.804,1.874,132506144,245380960,False
2009-03-18,,1.893,1.925,1.88,1.897,164793728,314478464,False
2009-03-19,,1.897,1.937,1.883,1.936,118899096,227323728,False
2009-03-20,,1.938,1.956,1.913,1.941,161590288,313340320,False
2009-03-23,,1.943,1.994,1.941,1.982,145684768,287611040,False
2009-03-24,,2.01,2.012,1.956,1.979,247867184,489974912,False
2009-03-25,,1.97,1.98,1.924,1.926,140168624,274643040,False
2009-03-26,,1.928,1.981,1.902,1.98,145652064,282181216,False
2009-03-27,,1.99,2.027,1.978,2.007,193110256,386902752,False
2009-03-30,,2.008,2.01,1.982,1.987,135041856,269777024,False
2009-03-31,,1.955,1.988,1.928,1.987,186861872,365711264,False
2009-04-01,,1.99,2.034,1.99,2.026,189266464,381083424,False
2009-04-02,,2.03,2.069,2.03,2.048,179445920,368061888,False
2009-04-03,,2.061,2.069,2.023,2.036,178944624,366232064,False
2009-04-07,,2.032,2.061,2.023,2.041,117308160,239128960,False
2009-04-08,,2.03,2.038,1.96,1.968,200584368,401067936,False
2009-04-09,,1.971,1.987,1.946,1.985,195406752,384851040,False
2009-04-10,,1.997,2.037,1.982,2.029,168012400,337988928,False
2009-04-13,,2.042,2.112,2.042,2.104,184419712,383444192,False
2009-04-14,,2.099,2.131,2.09,2.121,130453752,275538560,False
2009-04-15,,2.11,2.144,2.092,2.138,228141760,483808064,False
2009-04-16,,2.144,2.17,2.115,2.145,272955520,586507584,False
2009-04-17,,2.132,2.149,2.096,2.121,307893920,655210176,False
2009-04-20,,2.1,2.167,2.1,2.16,156527424,335931968,False
2009-04-21,,2.14,2.159,2.104,2.143,295399680,630522752,False
2009-04-22,,2.151,2.172,2.061,2.063,264560224,561233536,False
2009-04-23,,2.056,2.087,2.035,2.076,247569440,509391072,False
2009-04-24,,2.081,2.093,2.052,2.053,133535048,277497184,False
2009-04-27,,2.046,2.054,1.98,1.985,194699696,391308320,False
2009-04-28,,1.967,1.999,1.967,1.995,68346208,135896448,False
2009-04-29,,2.0,2.058,1.99,2.049,135684688,275713600,False
2009-04-30,,2.056,2.078,2.051,2.06,130365120,268898752,False
2009-05-04,,2.067,2.146,2.067,2.145,138708768,294129888,False
2009-05-05,,2.154,2.167,2.14,2.159,184342560,397100096,False
2009-05-06,,2.152,2.201,2.15,2.191,192578224,420159936,False
2009-05-07,,2.203,2.223,2.158,2.192,263401536,576779648,False
2009-05-08,,2.173,2.211,2.154,2.198,210016608,458453600,False
2009-05-11,,2.208,2.223,2.145,2.148,139909888,307343776,False
2009-05-12,,2.132,2.204,2.13,2.202,174909856,377437184,False
2009-05-13,,2.205,2.23,2.191,2.218,170461152,377012928,False
2009-05-14,,2.2,2.211,2.172,2.203,165019392,362547360,False
2009-05-15,,2.203,2.218,2.182,2.2,77007784,169433504,False
2009-05-18,,2.198,2.222,2.161,2.216,64668192,141741616,False
2009-05-19,,2.23,2.247,2.223,2.236,79142688,176978048,False
2009-05-20,,2.239,2.25,2.212,2.214,64091136,143044176,False
2009-05-21,,2.202,2.22,2.165,2.171,116457784,254692096,False
2009-05-22,,2.165,2.183,2.151,2.162,52859340,114302256,False
2009-05-25,,2.133,2.172,2.104,2.164,127032664,271990816,False
2009-05-26,,2.164,2.171,2.131,2.137,48149868,103935280,False
2009-05-27,,2.146,2.165,2.136,2.159,68613480,147731952,False
2009-06-01,,2.181,2.224,2.177,2.221,72206960,158976048,False
2009-06-02,,2.228,2.242,2.219,2.227,59319656,132419160,False
2009-06-03,,2.22,2.268,2.22,2.266,67418608,151298416,False
2009-06-04,,2.255,2.295,2.247,2.288,75860416,172431888,False
2009-06-05,,2.292,2.299,2.26,2.263,110419944,252227872,False
2009-06-08,,2.26,2.267,2.228,2.248,154072496,346000992,False
2009-06-09,,2.244,2.253,2.205,2.249,101153672,225265008,False
2009-06-10,,2.255,2.295,2.25,2.284,186668000,425183040,False
2009-06-11,,2.285,2.296,2.255,2.27,161506560,367817728,False
2009-06-12,,2.254,2.265,2.194,2.207,206868096,461830048,False
2009-06-15,,2.215,2.234,2.195,2.232,92724664,205038432,False
2009-06-16,,2.228,2.246,2.213,2.233,94004320,209791312,False
2009-06-17,,2.233,2.274,2.218,2.268,72564080,162959632,False
2009-06-18,,2.27,2.294,2.269,2.292,82936408,189483728,False
2009-06-19,,2.292,2.305,2.272,2.298,140682880,322379040,False
2009-06-22,,2.317,2.337,2.304,2.31,112922664,262125984,False
2009-06-23,,2.288,2.35,2.275,2.322,87114136,201330272,False
2009-06-24,,2.32,2.377,2.31,2.373,95242936,224683808,False
2009-06-25,,2.379,2.392,2.361,2.368,137309360,326295328,False
2009-06-26,,2.372,2.381,2.359,2.365,76142856,180410528,False
2009-06-29,,2.36,2.391,2.348,2.39,49042688,116624536,False
2009-06-30,,2.401,2.406,2.361,2.365,119097080,283464576,False
2009-07-01,,2.36,2.411,2.355,2.409,90465680,216082784,False
2009-07-02,,2.417,2.436,2.401,2.43,50238556,121519920,False
2009-07-03,,2.42,2.47,2.412,2.457,86311976,210899440,False
2009-07-06,,2.46,2.553,2.46,2.545,158846416,399748960,False
2009-07-07,,2.541,2.578,2.519,2.529,131230376,333954464,False
2009-07-08,,2.52,2.568,2.49,2.548,178094960,449446720,False
2009-07-09,,2.549,2.605,2.545,2.604,125878608,324777824,False
2009-07-10,,2.605,2.617,2.58,2.597,114273680,297112512,False
2009-07-13,,2.577,2.597,2.558,2.559,46775992,120684752,False
2009-07-14,,2.567,2.647,2.567,2.645,92809440,243433952,False
2009-07-15,,2.66,2.729,2.658,2.712,79890192,216114336,False
2009-07-16,,2.736,2.746,2.695,2.696,149368512,407034048,False
2009-07-17,,2.7,2.724,2.689,2.713,114940816,311405504,False
2009-07-20,,2.722,2.8,2.722,2.783,108206568,299810752,False
2009-07-21,,2.791,2.797,2.725,2.73,143240240,396193376,False
2009-07-22,,2.72,2.818,2.72,2.806,126591256,352516640,False
2009-07-23,,2.81,2.827,2.8,2.824,77625456,218472384,False
2009-07-24,,2.838,2.852,2.773,2.845,146381840,413524416,False
2009-07-27,,2.845,2.91,2.845,2.908,103978792,299648032,False
2009-07-28,,2.908,2.969,2.898,2.964,159824224,468191488,False
2009-07-29,,2.965,2.99,2.7,2.83,207030846,597949400,False
2009-07-30,,2.836,2.898,2.79,2.873,305534240,870359424,False
2009-07-31,,2.899,2.978,2.888,2.971,168218368,491887936,False
2009-08-03,,2.984,3.08,2.982,3.079,183743552,557830784,False
2009-08-04,,3.096,3.133,3.052,3.121,292981472,905136256,False
2009-08-05,,3.122,3.122,3.014,3.07,335692640,1029885184,False
2009-08-06,,3.05,3.05,2.948,2.969,265813248,795317056,False
2009-08-07,,2.969,3.019,2.838,2.849,350688192,1022585920,False
2009-08-10,,2.89,2.91,2.809,2.877,199486048,569265344,False
2009-08-11,,2.895,2.898,2.838,2.887,218688528,628754624,False
2009-08-12,,2.878,2.878,2.727,2.736,241344896,676563584,False
2009-08-13,,2.736,2.77,2.672,2.752,249644128,679583936,False
2009-08-14,,2.742,2.763,2.66,2.665,207738064,562880960,False
2009-08-17,,2.645,2.645,2.47,2.48,281955584,718050688,False
2009-08-18,,2.469,2.565,2.45,2.552,261053904,656094016,False
2009-08-19,,2.553,2.555,2.38,2.395,231635424,574996032,False
2009-08-20,,2.4,2.504,2.4,2.503,192196880,472551328,False
2009-08-21,,2.5,2.577,2.461,2.566,290816032,737881792,False
2009-08-24,,2.58,2.605,2.551,2.587,181122672,466855360,False
2009-08-25,,2.575,2.577,2.431,2.512,289363008,722279616,False
2009-08-26,,2.47,2.593,2.47,2.58,129862576,332367264,False
2009-08-27,,2.551,2.596,2.5,2.55,197273456,504455488,False
2009-08-28,,2.545,2.561,2.443,2.47,181496880,450260352,False
2009-08-31,,2.415,2.42,2.234,2.25,285133728,658771904,False
2009-09-01,,2.25,2.316,2.228,2.259,201298704,457670656,False
2009-09-02,,2.248,2.307,2.241,2.289,119365856,272167968,False
2009-09-03,,2.291,2.449,2.289,2.435,160752912,381543328,False
2009-09-04,,2.432,2.46,2.41,2.447,156991552,382349760,False
2009-09-07,,2.46,2.494,2.432,2.449,145120944,358177088,False
2009-09-08,,2.434,2.501,2.399,2.5,168076064,413122912,False
2009-09-09,,2.52,2.546,2.475,2.538,316151680,794113024,False
2009-09-10,,2.53,2.54,2.493,2.501,196191888,494464096,False
2009-09-11,,2.5,2.561,2.49,2.545,170168288,431141920,False
2009-09-14,,2.56,2.6,2.542,2.587,227106272,582672448,False
2009-09-15,,2.598,2.626,2.56,2.599,188492480,488727360,False
2009-09-16,,2.59,2.594,2.525,2.557,149001504,381233152,False
2009-09-17,,2.562,2.615,2.562,2.613,156728816,407130368,False
2009-09-18,,2.621,2.625,2.498,2.522,186879344,480442432,False
2009-09-21,,2.482,2.523,2.442,2.519,111405120,276051616,False
2009-09-22,,2.529,2.539,2.4,2.438,155140336,387214336,False
2009-09-23,,2.431,2.469,2.381,2.386,123939432,300227936,False
2009-09-24,,2.377,2.414,2.322,2.39,125391816,297483200,False
2009-09-25,,2.38,2.395,2.351,2.375,105961824,251820416,False
2009-09-28,,2.377,2.398,2.285,2.295,84073648,196820416,False
2009-09-29,,2.301,2.315,2.253,2.291,107407680,245615568,False
2009-09-30,,2.304,2.345,2.3,2.312,60737072,141037760,False
2009-10-09,,2.361,2.435,2.361,2.434,81601824,196699152,False
2009-10-12,,2.433,2.442,2.406,2.419,64844776,157493824,False
2009-10-13,,2.418,2.475,2.409,2.469,98251280,241020480,False
2009-10-14,,2.479,2.531,2.473,2.497,206345072,517009760,False
2009-10-15,,2.52,2.54,2.497,2.514,134575888,339409024,False
2009-10-16,,2.519,2.53,2.467,2.516,169852336,424404608,False
2009-10-19,,2.515,2.584,2.5,2.581,242711408,619754880,False
2009-10-20,,2.593,2.65,2.58,2.604,183688144,476683328,False
2009-10-21,,2.6,2.615,2.584,2.592,186125024,484389856,False
2009-10-22,,2.575,2.575,2.538,2.548,136809632,349428288,False
2009-10-23,,2.552,2.609,2.551,2.585,149626576,386198240,False
2009-10-26,,2.58,2.601,2.57,2.596,118467496,306570848,False
2009-10-27,,2.57,2.582,2.521,2.527,124412832,318048160,False
2009-10-28,,2.52,2.537,2.478,2.535,127880536,321142496,False
2009-10-29,,2.491,2.515,2.472,2.481,109175280,272251456,False
2009-10-30,,2.512,2.54,2.5,2.501,105792776,266528976,False
2009-11-02,,2.436,2.575,2.436,2.574,106296400,267615200,False
2009-11-03,,2.576,2.62,2.568,2.612,125524208,326862944,False
2009-11-04,,2.616,2.648,2.602,2.633,139323856,365965152,False
2009-11-05,,2.63,2.663,2.627,2.66,98072520,259443296,False
2009-11-06,,2.676,2.703,2.676,2.689,177325504,477196672,False
2009-11-09,,2.689,2.713,2.674,2.707,97100896,262030736,False
2009-11-10,,2.728,2.735,2.707,2.709,102692944,279494464,False
2009-11-11,,2.7,2.711,2.675,2.692,64310156,173277280,False
2009-11-12,,2.696,2.726,2.689,2.698,54590336,147872704,False
2009-11-13,,2.689,2.704,2.641,2.703,101204240,270997920,False
2009-11-16,,2.714,2.796,2.714,2.788,99624096,275446112,False
2009-11-17,,2.8,2.808,2.778,2.78,105663928,294815136,False
2009-11-18,,2.796,2.804,2.776,2.79,61791580,172416720,False
2009-11-19,,2.794,2.818,2.776,2.815,159603232,446047424,False
2009-11-20,,2.805,2.82,2.783,2.796,103094048,288971072,False
2009-11-23,,2.8,2.839,2.8,2.838,76947144,216742752,False
2009-11-24,,2.846,2.895,2.75,2.76,182601184,517860160,False
2009-11-25,,2.755,2.843,2.731,2.839,192995744,537628992,False
2009-11-26,,2.85,2.863,2.711,2.719,219079744,609864448,False
2009-11-27,,2.699,2.718,2.63,2.639,194838912,520149600,False
2009-11-30,,2.66,2.748,2.66,2.744,120658552,326050112,False
2009-12-01,,2.733,2.798,2.725,2.797,164142064,453380480,False
2009-12-02,,2.814,2.828,2.792,2.815,105648024,296996768,False
2009-12-03,,2.81,2.84,2.793,2.834,111793928,314932928,False
2009-12-04,,2.824,2.864,2.773,2.861,123806912,350372960,False
2009-12-07,,2.86,2.88,2.85,2.877,83892880,240279088,False
2009-12-08,,2.88,2.883,2.814,2.855,136382608,388150112,False
2009-12-09,,2.819,2.845,2.792,2.803,124156536,350144704,False
2009-12-10,,2.82,2.844,2.783,2.81,95356632,267793264,False
2009-12-11,,2.819,2.84,2.797,2.8,75547808,213058304,False
2009-12-14,,2.79,2.849,2.743,2.832,116053528,324768928,False
2009-12-15,,2.824,2.856,2.785,2.83,99072808,281246080,False
2009-12-16,,2.825,2.854,2.8,2.803,74099000,209313264,False
2009-12-17,,2.809,2.82,2.73,2.732,87254616,240758400,False
2009-12-18,,2.715,2.732,2.672,2.685,103953144,280723296,False
2009-12-21,,2.674,2.696,2.65,2.687,61608944,164704624,False
2009-12-22,,2.685,2.697,2.611,2.62,56208700,149210064,False
2009-12-23,,2.617,2.648,2.605,2.645,72122888,189552864,False
2009-12-24,,2.645,2.74,2.64,2.725,106283680,287228768,False
2009-12-25,,2.72,2.727,2.699,2.715,51427728,139590096,False
2009-12-28,,2.723,2.776,2.718,2.766,40723512,112314144,False
2009-12-29,,2.77,2.77,2.728,2.767,71272496,196091232,False
2009-12-30,,2.768,2.813,2.761,2.806,326759424,914224576,False
2009-12-31,,2.809,2.825,2.795,2.818,59553832,167584256,False
2010-01-04,,2.822,2.832,2.775,2.777,53164968,149144736,False
2010-01-05,,2.78,2.822,2.755,2.813,68140920,190006736,False
2010-01-06,,2.813,2.845,2.792,2.808,69182527,195424933,False
2010-01-07,,2.798,2.812,2.718,2.738,120775344,334114112,False
2010-01-08,,2.721,2.744,2.699,2.739,83522064,227043936,False
2010-01-11,,2.835,2.845,2.721,2.741,139225056,385116160,False
2010-01-12,,2.735,2.784,2.7,2.782,88010674,240989219,False
2010-01-13,,2.721,2.737,2.666,2.674,128578072,347486400,False
2010-01-14,,2.687,2.72,2.67,2.71,115097760,309292160,False
2010-01-15,,2.714,2.736,2.693,2.718,46517492,126133552,False
2010-01-18,,2.71,2.73,2.7,2.727,66993120,182031232,False
2010-01-19,,2.736,2.76,2.73,2.732,77476976,212668592,False
2010-01-20,,2.733,2.75,2.64,2.65,105980032,285212704,False
2010-01-21,,2.653,2.67,2.638,2.655,112426624,298222592,False
2010-01-22,,2.625,2.668,2.585,2.654,97439280,255746160,False
2010-01-25,,2.628,2.654,2.6,2.608,175498496,460442976,False
2010-01-26,,2.608,2.62,2.535,2.542,102096632,262357152,False
2010-01-27,,2.545,2.554,2.495,2.507,53429420,135082976,False
2010-01-28,,2.511,2.518,2.483,2.492,133537176,333614432,False
2010-01-29,,2.49,2.523,2.478,2.49,62634120,157029504,False
2010-02-01,,2.486,2.494,2.428,2.449,54271304,133059432,False
2010-02-02,,2.45,2.493,2.443,2.447,25684508,63462788,False
2010-02-03,,2.455,2.524,2.418,2.516,66720916,165700816,False
2010-02-04,,2.495,2.521,2.482,2.504,22887292,57252860,False
2010-02-05,,2.45,2.465,2.437,2.449,26964516,66016068,False
2010-02-08,,2.443,2.462,2.436,2.451,15343683,37574596,False
2010-02-09,,2.449,2.475,2.44,2.464,12396203,30496200,False
2010-02-10,,2.476,2.495,2.47,2.491,11993132,29753344,False
2010-02-11,,2.491,2.503,2.48,2.493,24655696,61482212,False
2010-02-12,,2.496,2.521,2.496,2.519,12351673,31046884,False
2010-02-22,,2.521,2.532,2.51,2.511,33048152,83380744,False
2010-02-23,,2.505,2.505,2.465,2.489,13059143,32386584,False
2010-02-24,,2.474,2.526,2.462,2.522,25447720,63725520,False
2010-02-25,,2.53,2.556,2.526,2.555,31488976,80156984,False
2010-02-26,,2.541,2.561,2.532,2.536,25820846,65782160,False
2010-03-01,,2.537,2.578,2.537,2.571,29118192,74595296,False
2010-03-02,,2.576,2.587,2.548,2.556,20979820,53829128,False
2010-03-03,,2.553,2.575,2.546,2.571,30562532,78229920,False
2010-03-04,,2.566,2.58,2.51,2.513,42450260,107970288,False
2010-03-05,,2.515,2.534,2.51,2.52,35880044,90480128,False
2010-03-08,,2.52,2.555,2.519,2.545,29595728,75251240,False
2010-03-09,,2.537,2.578,2.524,2.558,48177996,122889576,False
2010-03-10,,2.558,2.577,2.537,2.545,36761536,93998392,False
2010-03-11,,2.542,2.564,2.527,2.552,23368832,59556440,False
2010-03-12,,2.55,2.556,2.511,2.513,27505456,69604304,False
2010-03-15,,2.51,2.513,2.469,2.485,29055608,72162184,False
2010-03-16,,2.485,2.489,2.467,2.487,14534595,36041988,False
2010-03-17,,2.494,2.53,2.488,2.53,22033268,55363520,False
2010-03-18,,2.535,2.537,2.51,2.526,13928107,35197168,False
2010-03-19,,2.526,2.54,2.506,2.539,24053266,60633528,False
2010-03-22,,2.539,2.551,2.526,2.544,22042584,56049496,False
2010-03-23,,2.54,2.554,2.525,2.526,25541188,64908448,False
2010-03-24,,2.527,2.545,2.522,2.529,16772046,42510292,False
2010-03-25,,2.523,2.524,2.496,2.502,12194931,30529582,False
2010-03-26,,2.497,2.56,2.496,2.543,33815472,85832952,False
2010-03-29,,2.55,2.607,2.55,2.603,54678916,141486464,False
2010-03-30,,2.602,2.605,2.587,2.604,31034880,80616224,False
2010-03-31,,2.602,2.602,2.575,2.582,14693279,38037568,False
2010-04-01,,2.581,2.616,2.581,2.612,26480294,68994456,False
2010-04-02,,2.615,2.63,2.611,2.625,15036456,39422808,False
2010-04-06,,2.622,2.655,2.622,2.633,25478148,67265648,False
2010-04-07,,2.63,2.636,2.603,2.617,23347668,61242780,False
2010-04-08,,2.614,2.615,2.58,2.583,16844842,43752680,False
2010-04-09,,2.582,2.605,2.58,2.601,24741040,64279264,False
2010-04-12,,2.61,2.61,2.564,2.569,15563393,40186520,False
2010-04-13,,2.569,2.617,2.566,2.612,43746388,113515216,False
2010-04-14,,2.612,2.619,2.603,2.612,33739412,88099456,False
2010-04-15,,2.617,2.63,2.599,2.612,35330716,92337128,False
2010-04-16,,2.61,2.61,2.575,2.577,23928226,61964184,False
2010-04-19,,2.553,2.558,2.443,2.453,49403736,123234640,False
2010-04-20,,2.453,2.464,2.428,2.446,47546320,115981416,False
2010-04-21,,2.447,2.486,2.433,2.486,24467576,60139380,False
2010-04-22,,2.471,2.471,2.425,2.431,31923240,77820944,False
2010-04-23,,2.43,2.455,2.412,2.419,29622200,71800408,False
2010-04-26,,2.42,2.431,2.397,2.397,14131367,34112292,False
2010-04-27,,2.396,2.396,2.332,2.349,41138896,96768296,False
2010-04-28,,2.34,2.367,2.32,2.352,52471048,123481872,False
2010-04-29,,2.357,2.38,2.338,2.338,23207314,54744828,False
2010-04-30,,2.333,2.379,2.308,2.357,30415136,70864496,False
2010-05-04,,2.317,2.337,2.309,2.323,28778946,66976560,False
2010-05-05,,2.316,2.338,2.278,2.337,21858420,50486456,False
2010-05-06,,2.311,2.325,2.228,2.232,52206164,118306568,False
2010-05-07,,2.12,2.224,2.12,2.201,35113128,77113232,False
2010-05-10,,2.201,2.223,2.175,2.213,22572240,49717792,False
2010-05-11,,2.263,2.265,2.17,2.185,39960496,89012808,False
2010-05-12,,2.16,2.216,2.151,2.215,10352765,22673730,False
2010-05-13,,2.209,2.26,2.191,2.259,13561768,30260616,False
2010-05-14,,2.245,2.25,2.23,2.237,7539880,16889618,False
2010-05-17,,2.216,2.216,2.135,2.142,16592361,36257096,False
2010-05-18,,2.154,2.188,2.13,2.185,19112092,41368688,False
2010-05-19,,2.174,2.2,2.138,2.159,8298881,18046636,False
2010-05-20,,2.15,2.19,2.145,2.148,6709893,14536568,False
2010-05-21,,2.116,2.174,2.075,2.171,24901488,53137212,False
2010-05-24,,2.176,2.25,2.176,2.245,14711792,32760142,False
2010-05-25,,2.226,2.229,2.183,2.194,11275109,24893140,False
2010-05-26,,2.196,2.209,2.18,2.184,6492344,14223414,False
2010-05-27,,2.184,2.229,2.157,2.222,14959148,32938452,False
2010-05-28,,2.235,2.25,2.203,2.217,8742845,19493428,False
2010-05-31,,2.2,2.224,2.16,2.162,7515352,16488858,False
2010-06-01,,2.154,2.189,2.123,2.14,20648828,44159532,False
2010-06-02,,2.14,2.141,2.11,2.138,11103931,23578176,False
2010-06-03,,2.131,2.175,2.131,2.137,88489168,191041344,False
2010-06-04,,2.135,2.137,2.115,2.136,4454980,9480648,False
2010-06-07,,2.115,2.115,2.077,2.081,10687133,22331180,False
2010-06-08,,2.078,2.1,2.075,2.086,10764179,22492342,False
2010-06-09,,2.099,2.152,2.08,2.145,26520286,56023136,False
2010-06-10,,2.137,2.14,2.12,2.125,4789655,10189372,False
2010-06-11,,2.137,2.143,2.131,2.139,6267163,13395980,False
2010-06-17,,2.146,2.15,2.12,2.122,6235887,13316900,False
2010-06-18,,2.111,2.128,2.094,2.1,5078397,10716085,False
2010-06-21,,2.1,2.151,2.092,2.147,12531246,26700636,False
2010-06-22,,2.143,2.151,2.133,2.143,8343166,17876496,False
2010-06-23,,2.139,2.144,2.111,2.123,3639350,7751840,False
2010-06-24,,2.13,2.15,2.112,2.131,4105709,8748822,False
2010-06-25,,2.125,2.144,2.109,2.117,5559668,11781490,False
2010-06-28,,2.109,2.123,2.104,2.11,3817048,8066308,False
2010-06-29,,2.115,2.117,2.01,2.021,11220842,23025454,False
2010-06-30,,2.01,2.013,1.994,1.995,9128174,18275376,False
2010-07-01,,1.983,2.005,1.968,1.97,4883833,9714465,False
2010-07-02,,1.979,1.994,1.938,1.979,10965714,21549240,False
2010-07-05,,1.968,1.999,1.939,1.961,8841257,17351384,False
2010-07-06,,1.955,2.007,1.954,2.006,64715996,128560216,False
2010-07-07,,2.008,2.008,1.972,2.006,12488158,24938548,False
2010-07-08,,2.01,2.023,1.995,2.006,5364272,10779051,False
2010-07-09,,2.009,2.066,1.991,2.06,8959741,18295624,False
2010-07-12,,2.064,2.101,2.052,2.086,13118058,27310204,False
2010-07-13,,2.084,2.084,2.044,2.054,6789790,13957888,False
2010-07-14,,2.058,2.09,2.058,2.069,13772953,28516688,False
2010-07-15,,2.059,2.079,2.011,2.012,5880793,12010420,False
2010-07-16,,2.007,2.025,1.98,2.024,9009355,18037216,False
2010-07-19,,2.01,2.08,2.002,2.069,30767144,63217020,False
2010-07-20,,2.065,2.109,2.065,2.107,16642886,34876736,False
2010-07-21,,2.1,2.125,2.097,2.109,21069396,44525364,False
2010-07-22,,2.1,2.133,2.09,2.128,12149219,25780976,False
2010-07-23,,2.128,2.149,2.122,2.139,25585822,54596708,False
2010-07-26,,2.137,2.148,2.115,2.141,11802174,25162448,False
2010-07-27,,2.138,2.143,2.124,2.133,6037422,12887034,False
2010-07-28,,2.13,2.187,2.118,2.184,26490048,57360096,False
2010-07-29,,2.183,2.212,2.18,2.2,23404194,51377248,False
2010-07-30,,2.199,2.199,2.166,2.187,18247238,39827120,False
2010-08-02,,2.188,2.239,2.176,2.225,31316372,69108968,False
2010-08-03,,2.228,2.23,2.188,2.19,18702248,41412812,False
2010-08-04,,2.184,2.215,2.152,2.201,29612300,64586820,False
2010-08-05,,2.198,2.198,2.151,2.164,13474854,29239060,False
2010-08-06,,2.159,2.201,2.141,2.2,36574996,79549024,False
2010-08-09,,2.205,2.209,2.185,2.202,20086728,44156956,False
2010-08-10,,2.202,2.212,2.143,2.144,20094048,43990076,False
2010-08-11,,2.14,2.161,2.14,2.149,12554055,26973248,False
2010-08-12,,2.136,2.149,2.121,2.123,7227199,15437452,False
2010-08-13,,2.123,2.155,2.118,2.149,7402694,15793197,False
2010-08-16,,2.15,2.202,2.138,2.197,12553476,27435776,False
2010-08-17,,2.202,2.209,2.188,2.2,8201763,18030372,False
2010-08-18,,2.199,2.211,2.186,2.191,12974236,28487632,False
2010-08-19,,2.193,2.215,2.184,2.202,8479533,18666792,False
2010-08-20,,2.188,2.204,2.165,2.176,34164712,74429512,False
2010-08-23,,2.158,2.179,2.15,2.155,22678632,48842648,False
2010-08-24,,2.155,2.185,2.138,2.163,16914582,36663092,False
2010-08-25,,2.158,2.162,2.108,2.112,8797883,18755298,False
2010-08-26,,2.113,2.132,2.113,2.115,5945399,12613864,False
2010-08-27,,2.114,2.127,2.101,2.124,4461086,9449840,False
2010-08-30,,2.134,2.162,2.134,2.155,12765001,27482204,False
2010-08-31,,2.15,2.152,2.132,2.137,6395080,13694830,False
2010-09-01,,2.139,2.174,2.126,2.134,15785043,33879300,False
2010-09-02,,2.158,2.158,2.141,2.156,15647526,33651292,False
2010-09-03,,2.151,2.157,2.133,2.144,9345008,20012700,False
2010-09-06,,2.156,2.199,2.15,2.194,18647430,40574808,False
2010-09-07,,2.199,2.204,2.181,2.191,9044573,19836990,False
2010-09-08,,2.181,2.186,2.17,2.183,7262467,15803778,False
2010-09-09,,2.185,2.185,2.145,2.154,10648646,22989160,False
2010-09-10,,2.155,2.17,2.127,2.147,6517595,13949758,False
2010-09-13,,2.146,2.168,2.139,2.164,8345734,17984520,False
2010-09-14,,2.164,2.175,2.15,2.158,8984861,19410660,False
2010-09-15,,2.156,2.158,2.131,2.133,3824827,8200071,False
2010-09-16,,2.129,2.139,2.072,2.082,8497632,17836176,False
2010-09-17,,2.09,2.097,2.076,2.078,3153463,6577532,False
2010-09-20,,2.085,2.093,2.071,2.081,4409644,9186541,False
2010-09-21,,2.089,2.09,2.076,2.082,2705771,5627402,False
2010-09-27,,2.083,2.1,2.082,2.1,3982055,8327653,False
2010-09-28,,2.1,2.1,2.076,2.079,1656828,3456630,False
2010-09-29,,2.08,2.102,2.079,2.084,3605537,7539361,False
2010-09-30,,2.079,2.13,2.075,2.121,6884454,14528864,False
2010-10-08,,2.14,2.196,2.131,2.186,10905850,23699386,False
2010-10-11,,2.19,2.265,2.19,2.25,23239536,52065888,False
2010-10-12,,2.248,2.28,2.232,2.273,16077043,36272716,False
2010-10-13,,2.274,2.296,2.26,2.29,12141761,27732838,False
2010-10-14,,2.303,2.343,2.302,2.322,19508060,45283120,False
2010-10-15,,2.303,2.416,2.3,2.415,32683278,77582560,False
2010-10-18,,2.429,2.48,2.4,2.41,87402728,213003168,False
2010-10-19,,2.41,2.445,2.39,2.445,20387948,49264524,False
2010-10-20,,2.41,2.475,2.398,2.45,77359064,189149952,False
2010-10-21,,2.453,2.465,2.408,2.422,51231984,124618632,False
2010-10-22,,2.4,2.419,2.388,2.396,13921724,33435864,False
2010-10-25,,2.394,2.452,2.39,2.451,31763808,77352368,False
2010-10-26,,2.452,2.465,2.419,2.431,14565755,35537412,False
2010-10-27,,2.419,2.453,2.411,2.417,30495140,74419896,False
2010-10-28,,2.407,2.428,2.4,2.417,15229484,36801064,False
2010-10-29,,2.418,2.425,2.375,2.381,34481024,82729904,False
2010-11-01,,2.382,2.451,2.382,2.449,40270028,98075272,False
2010-11-02,,2.445,2.472,2.38,2.436,37476072,91482504,False
2010-11-03,,2.43,2.45,2.416,2.419,50121764,121986080,False
2010-11-04,,2.419,2.46,2.419,2.453,23368468,57125464,False
2010-11-05,,2.48,2.496,2.461,2.478,22289100,55222120,False
2010-11-08,,2.485,2.514,2.475,2.508,10075955,25155282,False
2010-11-09,,2.509,2.509,2.473,2.484,16246336,40409560,False
2010-11-10,,2.477,2.478,2.446,2.457,27953816,68685080,False
2010-11-11,,2.454,2.507,2.451,2.471,31839020,79268864,False
2010-11-12,,2.469,2.474,2.348,2.353,37842108,92055504,False
2010-11-15,,2.366,2.37,2.309,2.366,48478944,112968888,False
2010-11-16,,2.361,2.361,2.265,2.269,12280402,28421688,False
2010-11-17,,2.258,2.269,2.228,2.232,27376302,61632744,False
2010-11-18,,2.247,2.263,2.23,2.254,8649569,19476776,False
2010-11-19,,2.267,2.275,2.203,2.274,9146807,20513884,False
2010-11-22,,2.257,2.273,2.233,2.247,28505392,64266792,False
2010-11-23,,2.24,2.24,2.186,2.217,29461988,65065560,False
2010-11-24,,2.195,2.233,2.195,2.225,10469769,23181278,False
2010-11-25,,2.229,2.254,2.222,2.25,9309481,20855658,False
2010-11-26,,2.246,2.259,2.228,2.24,29449816,66108036,False
2010-11-29,,2.23,2.234,2.211,2.22,2394180,5316834,False
2010-11-30,,2.22,2.237,2.153,2.194,46922552,103017680,False
2010-12-01,,2.193,2.209,2.171,2.2,4326572,9471796,False
2010-12-02,,2.227,2.249,2.213,2.213,27081792,60315264,False
2010-12-03,,2.214,2.218,2.196,2.209,3895709,8599164,False
2010-12-06,,2.212,2.225,2.201,2.216,5571134,12320684,False
2010-12-07,,2.201,2.236,2.18,2.229,5626881,12416420,False
2010-12-08,,2.235,2.235,2.202,2.205,13099341,28919494,False
2010-12-09,,2.21,2.21,2.18,2.181,5072688,11122084,False
2010-12-10,,2.172,2.204,2.168,2.192,12081290,26287580,False
2010-12-13,,2.191,2.26,2.191,2.258,27057640,60321728,False
2010-12-14,,2.263,2.273,2.251,2.258,26276876,59393496,False
2010-12-15,,2.256,2.274,2.248,2.252,30190780,68289688,False
2010-12-16,,2.25,2.259,2.246,2.25,24644546,55573092,False
2010-12-17,,2.24,2.251,2.238,2.245,1905126,4272357,False
2010-12-20,,2.252,2.26,2.177,2.204,7173164,15873940,False
2010-12-21,,2.216,2.262,2.201,2.253,4706119,10541365,False
2010-12-22,,2.244,2.263,2.226,2.234,2135028,4797559,False
2010-12-23,,2.237,2.26,2.227,2.237,3623567,8122821,False
2010-12-24,,2.228,2.228,2.205,2.214,2584611,5735115,False
2010-12-27,,2.22,2.253,2.18,2.181,4279144,9475843,False
2010-12-28,,2.165,2.188,2.15,2.154,8231619,17814176,False
2010-12-29,,2.159,2.16,2.138,2.151,2561940,5497817,False
2010-12-30,,2.151,2.164,2.135,2.154,27376156,58625592,False
2010-12-31,,2.16,2.179,2.146,2.178,13264155,28766276,False
2011-01-04,,2.182,2.235,2.182,2.22,4013813,8866536,False
2011-01-05,,2.208,2.224,2.198,2.22,23318194,51678472,False
2011-01-06,,2.22,2.225,2.205,2.206,1487420,3289709,False
2011-01-07,,2.201,2.245,2.193,2.222,6140966,13676364,False
2011-01-10,,2.208,2.229,2.184,2.192,26574136,58465152,False
2011-01-11,,2.188,2.212,2.183,2.21,4345967,9530972,False
2011-01-12,,2.215,2.23,2.201,2.22,2174463,4820281,False
2011-01-13,,2.228,2.236,2.216,2.221,2404627,5349810,False
2011-01-14,,2.224,2.224,2.193,2.203,2621183,5778558,False
2011-01-17,,2.202,2.202,2.133,2.14,31902632,68452448,False
2011-01-18,,2.139,2.14,2.123,2.131,2997531,6385533,False
2011-01-19,,2.133,2.175,2.124,2.169,3046061,6552687,False
2011-01-20,,2.165,2.168,2.109,2.11,4302946,9145904,False
2011-01-21,,2.111,2.163,2.108,2.136,3161237,6738349,False
2011-01-24,,2.138,2.146,2.118,2.127,2292563,4888455,False
2011-01-25,,2.127,2.134,2.113,2.12,2017711,4281408,False
2011-01-26,,2.12,2.134,2.12,2.128,1779403,3785281,False
2011-01-27,,2.12,2.17,2.11,2.163,3385078,7284217,False
2011-01-28,,2.16,2.172,2.151,2.169,2260738,4890470,False
2011-01-31,,2.168,2.187,2.165,2.186,1165725,2540780,False
2011-02-01,,2.19,2.195,2.182,2.191,2043036,4473382,False
2011-02-09,,2.183,2.198,2.169,2.17,2439088,5316495,False
2011-02-10,,2.17,2.2,2.155,2.198,5463496,11931952,False
2011-02-11,,2.197,2.204,2.185,2.2,2062862,4533144,False
2011-02-14,,2.2,2.292,2.2,2.283,34471028,77946400,False
2011-02-15,,2.284,2.305,2.278,2.278,29873976,68568440,False
2011-02-16,,2.275,2.294,2.268,2.292,6531857,14882041,False
2011-02-17,,2.293,2.305,2.277,2.288,3604646,8259656,False
2011-02-18,,2.284,2.288,2.263,2.27,10001987,22749016,False
2011-02-21,,2.265,2.305,2.259,2.305,6791504,15584894,False
2011-02-22,,2.304,2.31,2.24,2.243,26142496,59863560,False
2011-02-23,,2.239,2.246,2.234,2.243,3267664,7321179,False
2011-02-24,,2.244,2.266,2.236,2.257,2857579,6435244,False
2011-02-25,,2.261,2.275,2.24,2.264,2485057,5605628,False
2011-02-28,,2.266,2.288,2.25,2.285,3829200,8707215,False
2011-03-01,,2.281,2.31,2.28,2.295,11677922,26865856,False
2011-03-02,,2.286,2.297,2.273,2.281,4841966,11046437,False
2011-03-03,,2.28,2.313,2.28,2.29,10949357,25199494,False
2011-03-04,,2.29,2.328,2.287,2.323,26829926,61668328,False
2011-03-07,,2.324,2.384,2.324,2.383,12233622,28938134,False
2011-03-08,,2.382,2.388,2.37,2.38,14977608,35673768,False
2011-03-09,,2.38,2.388,2.368,2.369,19583580,46644700,False
2011-03-10,,2.367,2.367,2.327,2.33,8552730,20014540,False
2011-03-11,,2.327,2.336,2.306,2.308,12976594,30183652,False
2011-03-14,,2.301,2.317,2.296,2.31,2857250,6587312,False
2011-03-15,,2.312,2.312,2.24,2.27,17787204,40074088,False
2011-03-16,,2.27,2.309,2.27,2.302,4704087,10777307,False
2011-03-17,,2.285,2.309,2.271,2.28,7314041,16799940,False
2011-03-18,,2.287,2.304,2.283,2.286,2692250,6178094,False
2011-03-21,,2.287,2.296,2.269,2.273,2829983,6454858,False
2011-03-22,,2.275,2.296,2.264,2.29,22177772,50657556,False
2011-03-23,,2.288,2.318,2.282,2.315,24221896,56013856,False
2011-03-24,,2.315,2.322,2.31,2.315,1794369,4157544,False
2011-03-25,,2.311,2.352,2.311,2.347,32959534,77065424,False
2011-03-28,,2.351,2.36,2.338,2.339,7221607,17014056,False
2011-03-29,,2.333,2.367,2.33,2.336,26386892,62059332,False
2011-03-30,,2.331,2.34,2.318,2.33,44824840,104243400,False
2011-03-31,,2.33,2.336,2.308,2.311,2449000,5680306,False
2011-04-01,,2.319,2.347,2.312,2.345,23153048,54215840,False
2011-04-06,,2.333,2.397,2.326,2.389,32937340,78135704,False
2011-04-07,,2.387,2.397,2.378,2.387,13606817,32464060,False
2011-04-08,,2.39,2.403,2.381,2.4,26772316,64194960,False
2011-04-11,,2.401,2.43,2.397,2.399,30148710,72810776,False
2011-04-12,,2.395,2.42,2.383,2.401,5295974,12713506,False
2011-04-13,,2.39,2.418,2.383,2.416,2978728,7158822,False
2011-04-14,,2.417,2.431,2.413,2.415,7237475,17555842,False
2011-04-15,,2.407,2.432,2.402,2.423,2853676,6898300,False
2011-04-18,,2.406,2.44,2.406,2.43,42218480,102573280,False
2011-04-19,,2.42,2.42,2.373,2.38,46584520,111591648,False
2011-04-20,,2.382,2.395,2.367,2.375,5958770,14180390,False
2011-04-21,,2.382,2.405,2.382,2.398,5295261,12692559,False
2011-04-22,,2.398,2.407,2.379,2.381,2488395,5941201,False
2011-04-25,,2.38,2.38,2.342,2.342,12587036,29622106,False
2011-04-26,,2.341,2.348,2.322,2.326,2878111,6717953,False
2011-04-27,,2.342,2.346,2.312,2.322,2728427,6349291,False
2011-04-28,,2.323,2.346,2.298,2.304,12539031,29123248,False
2011-04-29,,2.304,2.322,2.285,2.322,18629406,43044972,False
2011-05-03,,2.32,2.33,2.304,2.329,3615590,8400868,False
2011-05-04,,2.326,2.326,2.27,2.274,10459841,23993128,False
2011-05-05,,2.285,2.285,2.258,2.273,3825683,8691406,False
2011-05-06,,2.265,2.283,2.253,2.27,9156164,20727568,False
2011-05-09,,2.276,2.285,2.268,2.275,2381547,5423652,False
2011-05-10,,2.275,2.288,2.272,2.288,7402796,16896344,False
2011-05-11,,2.288,2.291,2.275,2.28,1866756,4264181,False
2011-05-12,,2.275,2.275,2.256,2.258,1993369,4508246,False
2011-05-13,,2.26,2.275,2.248,2.275,1993250,4504700,False
2011-05-16,,2.274,2.274,2.248,2.249,2079289,4692701,False
2011-05-17,,2.24,2.268,2.228,2.261,2710403,6097385,False
2011-05-18,,2.262,2.278,2.25,2.271,1909944,4331975,False
2011-05-19,,2.264,2.28,2.257,2.258,17576316,39952592,False
2011-05-20,,2.251,2.265,2.251,2.252,4437890,10027951,False
2011-05-23,,2.249,2.253,2.186,2.19,7954476,17570592,False
2011-05-24,,2.188,2.188,2.173,2.18,3140601,6844913,False
2011-05-25,,2.182,2.183,2.158,2.16,2078126,4507636,False
2011-05-26,,2.165,2.179,2.163,2.167,9108807,19742814,False
2011-05-27,,2.17,2.18,2.158,2.158,2338802,5071263,False
2011-05-30,,2.158,2.172,2.146,2.161,2251066,4862203,False
2011-05-31,,2.168,2.187,2.159,2.187,9304154,20205984,False
2011-06-01,,2.187,2.187,2.175,2.181,1569679,3420588,False
2011-06-02,,2.169,2.17,2.132,2.149,3162917,6806917,False
2011-06-03,,2.142,2.167,2.142,2.165,3549731,7655363,False
2011-06-07,,2.163,2.172,2.155,2.169,18174224,39365320,False
2011-06-08,,2.169,2.169,2.148,2.167,1766871,3814137,False
2011-06-09,,2.157,2.165,2.14,2.142,1692589,3638484,False
2011-06-10,,2.14,2.155,2.13,2.149,4830995,10314435,False
2011-06-13,,2.144,2.145,2.123,2.143,27390948,58399120,False
2011-06-14,,2.143,2.167,2.131,2.156,2055777,4432334,False
2011-06-15,,2.148,2.162,2.148,2.149,2198580,4735844,False
2011-06-16,,2.139,2.139,2.118,2.125,3485773,7415167,False
2011-06-17,,2.123,2.132,2.108,2.11,6683055,14116637,False
2011-06-20,,2.108,2.11,2.096,2.103,1934275,4064058,False
2011-06-21,,2.101,2.119,2.101,2.116,2339796,4934849,False
2011-06-22,,2.117,2.123,2.11,2.117,1214961,2571523,False
2011-06-23,,2.115,2.149,2.105,2.147,2501642,5324022,False
2011-06-24,,2.145,2.213,2.138,2.204,6923322,15116158,False
2011-06-27,,2.195,2.215,2.192,2.197,7628543,16816976,False
2011-06-28,,2.2,2.203,2.181,2.198,1877790,4117230,False
2011-06-29,,2.198,2.2,2.176,2.178,1962075,4298040,False
2011-06-30,,2.176,2.207,2.176,2.195,1926307,4229410,False
2011-07-01,,2.183,2.205,2.182,2.196,1956762,4299335,False
2011-07-04,,2.205,2.246,2.2,2.239,4771001,10638186,False
2011-07-05,,2.242,2.244,2.229,2.237,1985795,4441436,False
2011-07-06,,2.237,2.239,2.213,2.228,1706287,3790321,False
2011-07-07,,2.235,2.243,2.221,2.228,2354340,5256757,False
2011-07-08,,2.221,2.232,2.216,2.226,1989014,4425380,False
2011-07-11,,2.222,2.226,2.212,2.222,2860218,6341390,False
2011-07-12,,2.218,2.218,2.18,2.182,2355471,5166285,False
2011-07-13,,2.178,2.211,2.178,2.207,1567207,3448370,False
2011-07-14,,2.205,2.22,2.203,2.215,1535544,3397126,False
2011-07-15,,2.201,2.223,2.201,2.22,4324846,9584868,False
2011-07-18,,2.221,2.226,2.211,2.217,3221782,7141166,False
2011-07-19,,2.214,2.215,2.197,2.2,1679097,3697810,False
2011-07-20,,2.205,2.215,2.19,2.193,2068416,4545837,False
2011-07-21,,2.2,2.2,2.179,2.18,1881637,4116348,False
2011-07-22,,2.18,2.19,2.176,2.177,1127226,2459530,False
2011-07-25,,2.18,2.18,2.111,2.12,4309515,9190816,False
2011-07-26,,2.12,2.126,2.108,2.116,1533518,3244020,False
2011-07-27,,2.11,2.127,2.102,2.125,3844596,8147662,False
2011-07-28,,2.115,2.117,2.098,2.112,11909894,25089538,False
2011-07-29,,2.112,2.134,2.106,2.118,1699349,3604369,False
2011-08-01,,2.115,2.132,2.108,2.125,1223975,2600352,False
2011-08-02,,2.12,2.12,2.09,2.11,2174940,4562513,False
2011-08-03,,2.108,2.113,2.093,2.103,1713797,3603312,False
2011-08-04,,2.11,2.119,2.102,2.107,919128,1939631,False
2011-08-05,,2.06,2.08,2.05,2.061,8931096,18415096,False
2011-08-08,,2.058,2.058,1.966,1.988,4476943,8994077,False
2011-08-09,,1.977,2.008,1.925,1.989,6588058,13003995,False
2011-08-10,,2.003,2.028,2.003,2.007,2978385,6008241,False
2011-08-11,,1.971,2.032,1.971,2.032,3714612,7506818,False
2011-08-12,,2.034,2.05,2.033,2.038,1935462,3949152,False
2011-08-15,,2.029,2.067,2.029,2.066,2272939,4664945,False
2011-08-16,,2.066,2.075,2.054,2.057,1843106,3806706,False
2011-08-17,,2.055,2.065,2.05,2.059,3891388,8014610,False
2011-08-18,,2.057,2.057,2.03,2.034,1450699,2966190,False
2011-08-19,,2.0,2.016,1.991,2.008,1789965,3588330,False
2011-08-22,,2.01,2.021,1.989,1.995,1733904,3468059,False
2011-08-23,,2.0,2.024,1.992,2.024,1807058,3636364,False
2011-08-24,,2.028,2.037,2.014,2.017,2214130,4485412,False
2011-08-25,,2.017,2.087,2.017,2.085,7614114,15735347,False
2011-08-26,,2.08,2.082,2.065,2.079,1664887,3455316,False
2011-08-29,,2.068,2.068,2.042,2.049,1391058,2851435,False
2011-08-30,,2.061,2.081,2.045,2.047,3670083,7574706,False
2011-08-31,,2.048,2.053,2.035,2.047,1685421,3444985,False
2011-09-01,,2.055,2.063,2.04,2.041,1567999,3213671,False
2011-09-02,,2.041,2.043,2.016,2.019,3917449,7936253,False
2011-09-05,,2.015,2.016,1.979,1.98,9403753,18679280,False
2011-09-06,,1.97,1.98,1.964,1.966,5833105,11500024,False
2011-09-07,,1.98,2.01,1.973,2.01,2353212,4693968,False
2011-09-08,,2.018,2.018,2.0,2.0,1286448,2580790,False
2011-09-09,,2.008,2.03,1.995,2.003,16293642,32564516,False
2011-09-13,,1.996,1.998,1.977,1.994,3370300,6708327,False
2011-09-14,,1.999,2.003,1.972,2.0,2716098,5406829,False
2011-09-15,,2.007,2.012,1.997,1.999,1193797,2391275,False
2011-09-16,,2.0,2.011,1.995,1.999,1005856,2015635,False
2011-09-19,,1.99,2.019,1.967,1.968,9671155,19072412,False
2011-09-20,,1.967,1.984,1.96,1.979,2515211,4953283,False
2011-09-21,,1.979,2.03,1.971,2.028,3211929,6447567,False
2011-09-22,,2.018,2.018,1.97,1.971,2609100,5208428,False
2011-09-23,,1.961,1.985,1.945,1.965,2710490,5304916,False
2011-09-26,,1.965,1.97,1.93,1.936,2894852,5636236,False
2011-09-27,,1.948,1.961,1.941,1.951,1951669,3808800,False
2011-09-28,,1.96,1.968,1.937,1.946,1717463,3357525,False
2011-09-29,,1.943,1.946,1.92,1.936,2409442,4661140,False
2011-09-30,,1.932,1.944,1.928,1.937,2089718,4042465,False
2011-10-10,,1.937,1.945,1.919,1.927,9412200,18141488,False
2011-10-11,,1.96,1.98,1.904,1.915,3123550,6045688,False
2011-10-12,,1.91,1.97,1.9,1.968,4511436,8777917,False
2011-10-13,,1.964,1.978,1.96,1.973,2129395,4187518,False
2011-10-14,,1.966,1.978,1.956,1.973,2678601,5264086,False
2011-10-17,,1.977,1.988,1.971,1.974,2502911,4952911,False
2011-10-18,,1.973,1.973,1.93,1.932,2834800,5518645,False
2011-10-19,,1.933,1.945,1.931,1.937,1179388,2285566,False
2011-10-20,,1.935,1.935,1.885,1.892,7137830,13581400,False
2011-10-21,,1.887,1.908,1.887,1.902,1795710,3412917,False
2011-10-24,,1.882,1.905,1.86,1.9,9978161,18875376,False
2011-10-25,,1.901,1.935,1.894,1.934,3781232,7246944,False
2011-10-26,,1.92,1.959,1.915,1.941,3987552,7764991,False
2011-10-27,,1.948,1.959,1.94,1.948,2861826,5578794,False
2011-10-28,,1.958,1.988,1.958,1.976,27458362,54163212,False
2011-10-31,,1.976,1.976,1.957,1.964,1999099,3927041,False
2011-11-01,,1.956,1.985,1.953,1.965,4910708,9675795,False
2011-11-02,,1.955,1.994,1.945,1.991,3619343,7133303,False
2011-11-03,,2.0,2.016,1.995,1.996,4249277,8512547,False
2011-11-04,,2.0,2.015,1.996,2.003,5580119,11184045,False
2011-11-07,,1.998,2.008,1.991,1.992,3212056,6422377,False
2011-11-08,,1.992,2.011,1.992,1.998,2661602,5330390,False
2011-11-09,,2.003,2.011,1.99,2.009,2073401,4151483,False
2011-11-10,,1.996,1.997,1.978,1.978,3247700,6451764,False
2011-11-11,,1.98,1.987,1.971,1.973,2030016,4018868,False
2011-11-14,,1.989,2.011,1.987,2.011,4450506,8920806,False
2011-11-15,,2.006,2.009,2.001,2.003,1724021,3454124,False
2011-11-16,,2.001,2.011,1.95,1.953,4827102,9532095,False
2011-11-17,,1.953,1.974,1.952,1.956,1729908,3387980,False
2011-11-18,,1.935,1.97,1.915,1.92,6825502,13175882,False
2011-11-21,,1.918,1.927,1.91,1.92,2705081,5184680,False
2011-11-22,,1.915,1.92,1.903,1.917,3114679,5955376,False
2011-11-23,,1.911,1.927,1.897,1.902,2875300,5480682,False
2011-11-24,,1.901,1.91,1.885,1.896,2025676,3838868,False
2011-11-25,,1.9,1.908,1.88,1.891,18282322,34557168,False
2011-11-28,,1.891,1.909,1.883,1.895,27076100,51338216,False
2011-11-29,,1.907,1.922,1.897,1.92,6261000,11977996,False
2011-11-30,,1.919,1.919,1.85,1.86,11588700,21791984,False
2011-12-01,,1.91,1.925,1.89,1.896,17388550,33215768,False
2011-12-02,,1.891,1.894,1.866,1.876,9647810,18077388,False
2011-12-05,,1.871,1.871,1.858,1.858,11300345,21050556,False
2011-12-06,,1.86,1.866,1.851,1.865,12412200,23077476,False
2011-12-07,,1.864,1.872,1.851,1.865,15794802,29446714,False
2011-12-08,,1.861,1.878,1.847,1.865,14424284,26795628,False
2011-12-09,,1.863,1.865,1.851,1.858,13803484,25605064,False
2011-12-12,,1.852,1.858,1.842,1.843,15333026,28405306,False
2011-12-13,,1.84,1.843,1.817,1.819,18596066,33893052,False
2011-12-14,,1.813,1.827,1.801,1.808,8211761,14892755,False
2011-12-15,,1.806,1.806,1.776,1.776,3447367,6155269,False
2011-12-16,,1.778,1.804,1.759,1.802,4426951,7889571,False
2011-12-19,,1.798,1.798,1.754,1.79,10603545,18737678,False
2011-12-20,,1.781,1.805,1.78,1.785,4303963,7718291,False
2011-12-21,,1.798,1.8,1.762,1.762,2161555,3860687,False
2011-12-22,,1.759,1.779,1.74,1.765,4932326,8662629,False
2011-12-23,,1.765,1.787,1.765,1.779,1738000,3091101,False
2011-12-26,,1.778,1.788,1.767,1.768,3319956,5889290,False
2011-12-27,,1.773,1.775,1.758,1.762,3869179,6821476,False
2011-12-28,,1.756,1.76,1.74,1.76,1701278,2979729,False
2011-12-29,,1.753,1.766,1.753,1.763,1425061,2510979,False
2011-12-30,,1.763,1.785,1.763,1.776,2858859,5077815,False
2012-01-04,,1.787,1.793,1.758,1.758,3160200,5629253,False
2012-01-05,,1.741,1.779,1.741,1.752,7989700,14063490,False
2012-01-06,,1.745,1.767,1.745,1.765,6420546,11307072,False
2012-01-09,,1.776,1.815,1.757,1.815,9554662,17200260,False
2012-01-10,,1.81,1.861,1.802,1.86,9071103,16673656,False
2012-01-11,,1.875,1.875,1.843,1.847,13951303,25841180,False
2012-01-12,,1.838,1.863,1.835,1.853,6039192,11187263,False
2012-01-13,,1.847,1.854,1.821,1.832,2166070,3985901,False
2012-01-16,,1.839,1.839,1.814,1.815,1440601,2632045,False
2012-01-17,,1.816,1.886,1.802,1.886,6420608,11939949,False
2012-01-18,,1.887,1.894,1.857,1.861,4613168,8680091,False
2012-01-19,,1.858,1.902,1.858,1.893,3739261,7066149,False
2012-01-20,,1.9,1.92,1.886,1.914,6438355,12272511,False
2012-01-30,,1.92,1.92,1.88,1.881,16988040,32315762,False
2012-01-31,,1.885,1.886,1.873,1.884,2509677,4717954,False
2012-02-01,,1.87,1.887,1.858,1.86,2646066,4958205,False
2012-02-02,,1.858,1.898,1.858,1.895,2894710,5433238,False
2012-02-03,,1.895,1.917,1.88,1.908,19622372,37321712,False
2012-02-06,,1.909,1.919,1.898,1.906,26906128,51375008,False
2012-02-07,,1.9,1.9,1.863,1.875,3216151,6037358,False
2012-02-08,,1.873,1.926,1.87,1.917,8758542,16716038,False
2012-02-09,,1.91,1.923,1.903,1.917,3846559,7360192,False
2012-02-10,,1.917,1.932,1.904,1.91,5545687,10630783,False
2012-02-13,,1.907,1.918,1.892,1.903,3194600,6091322,False
2012-02-14,,1.903,1.904,1.888,1.9,2483740,4706579,False
2012-02-15,,1.902,1.924,1.888,1.91,11084231,21216880,False
2012-02-16,,1.912,1.919,1.898,1.91,5142941,9816158,False
2012-02-17,,1.913,1.92,1.903,1.911,2686036,5138658,False
2012-02-20,,1.924,1.933,1.909,1.909,8320207,16014429,False
2012-02-21,,1.909,1.923,1.9,1.922,8974218,17165344,False
2012-02-22,,1.919,1.942,1.917,1.941,5284203,10214740,False
2012-02-23,,1.942,1.952,1.938,1.942,5313123,10320724,False
2012-02-24,,1.945,1.972,1.941,1.971,28419516,55588584,False
2012-02-27,,1.973,1.999,1.973,1.983,11605857,23086966,False
2012-02-28,,1.98,1.991,1.975,1.99,6754410,13398849,False
2012-02-29,,1.99,1.99,1.959,1.961,9426197,18600476,False
2012-03-01,,1.96,1.976,1.955,1.969,2914522,5735841,False
2012-03-02,,1.969,1.99,1.969,1.99,2862294,5679295,False
2012-03-05,,1.991,2.0,1.976,1.98,2783104,5535117,False
2012-03-06,,1.974,1.978,1.946,1.951,3396373,6649571,False
2012-03-07,,1.943,1.949,1.934,1.935,1875900,3641262,False
2012-03-08,,1.939,1.96,1.939,1.952,3470480,6775612,False
2012-03-09,,1.96,1.969,1.949,1.965,3678630,7208728,False
2012-03-12,,1.963,1.974,1.945,1.955,7273924,14190534,False
2012-03-13,,1.957,1.973,1.949,1.972,9666937,19016584,False
2012-03-14,,1.976,1.986,1.929,1.93,6011353,11796365,False
2012-03-15,,1.932,1.936,1.906,1.913,5857850,11246398,False
2012-03-16,,1.913,1.934,1.913,1.93,1958950,3772447,False
2012-03-19,,1.93,1.939,1.92,1.933,2002590,3861427,False
2012-03-20,,1.93,1.935,1.914,1.918,1823125,3506212,False
2012-03-21,,1.913,1.929,1.905,1.913,1563300,2997269,False
2012-03-22,,1.91,1.922,1.904,1.917,1075221,2055836,False
2012-03-23,,1.91,1.91,1.895,1.898,2435592,4631698,False
2012-03-26,,1.898,1.904,1.895,1.902,5619639,10657458,False
2012-03-27,,1.903,1.91,1.897,1.9,922792,1756515,False
2012-03-28,,1.897,1.898,1.855,1.863,32337494,61072088,False
2012-03-29,,1.861,1.861,1.837,1.84,1864876,3443594,False
2012-03-30,,1.84,1.858,1.84,1.848,1216517,2247055,False
2012-04-05,,1.849,1.887,1.842,1.886,2998231,5598034,False
2012-04-06,,1.876,1.887,1.876,1.88,1079965,2032051,False
2012-04-09,,1.875,1.88,1.852,1.868,743410,1391039,False
2012-04-10,,1.861,1.882,1.851,1.88,2098611,3913528,False
2012-04-11,,1.876,1.89,1.868,1.878,1273321,2393745,False
2012-04-12,,1.88,1.919,1.88,1.917,3481382,6623801,False
2012-04-13,,1.919,1.935,1.914,1.929,2318409,4467440,False
2012-04-16,,1.924,1.928,1.911,1.923,717991,1378905,False
2012-04-17,,1.92,1.924,1.901,1.902,1225839,2344048,False
2012-04-18,,1.908,1.94,1.903,1.938,2429726,4685873,False
2012-04-19,,1.939,1.943,1.93,1.94,1762725,3418839,False
2012-04-20,,1.934,1.965,1.934,1.962,2616900,5121712,False
2012-04-23,,1.96,1.965,1.95,1.95,1770302,3462054,False
2012-04-24,,1.943,1.979,1.93,1.955,6902667,13527227,False
2012-04-25,,1.954,1.966,1.941,1.962,2669351,5228421,False
2012-04-26,,1.963,1.969,1.953,1.958,2175495,4265136,False
2012-04-27,,1.958,1.963,1.952,1.958,2936661,5746349,False
2012-05-02,,1.976,1.997,1.97,1.985,12873832,25566412,False
2012-05-03,,1.985,1.989,1.978,1.987,1651701,3278906,False
2012-05-04,,1.989,1.998,1.978,1.997,6502531,12954349,False
2012-05-07,,1.992,1.998,1.986,1.995,13418715,26760900,False
2012-05-08,,1.993,1.996,1.979,1.984,1755799,3485166,False
2012-05-09,,1.979,1.979,1.954,1.955,3372140,6621766,False
2012-05-10,,1.952,1.962,1.952,1.953,2142396,4191814,False
2012-05-11,,1.951,1.966,1.94,1.94,4395395,8574479,False
2012-05-14,,1.953,1.962,1.931,1.931,2434364,4726225,False
2012-05-15,,1.928,1.929,1.912,1.929,1774035,3404785,False
2012-05-16,,1.927,1.927,1.896,1.9,1780900,3398888,False
2012-05-17,,1.898,1.931,1.898,1.926,2685305,5133151,False
2012-05-18,,1.919,1.919,1.9,1.909,2226384,4247488,False
2012-05-21,,1.903,1.917,1.901,1.913,2322712,4436035,False
2012-05-22,,1.92,1.933,1.913,1.931,2467003,4747013,False
2012-05-23,,1.929,1.934,1.91,1.92,36203240,69341856,False
2012-05-24,,1.926,1.93,1.911,1.926,1108878,2129712,False
2012-05-25,,1.919,1.924,1.89,1.899,2540001,4832297,False
2012-05-28,,1.9,1.922,1.888,1.921,2193501,4180847,False
2012-05-29,,1.92,1.95,1.912,1.949,3080904,5967981,False
2012-05-30,,1.948,1.948,1.933,1.935,761900,1476548,False
2012-05-31,,1.931,1.938,1.922,1.93,1674332,3230357,False
2012-06-01,,1.931,1.938,1.924,1.93,833955,1610761,False
2012-06-04,,1.915,1.915,1.879,1.886,5409664,10258816,False
2012-06-05,,1.881,1.895,1.878,1.881,1553931,2927618,False
2012-06-06,,1.888,1.889,1.86,1.874,3136200,5878988,False
2012-06-07,,1.887,1.898,1.865,1.87,1839955,3451347,False
2012-06-08,,1.886,1.886,1.856,1.86,2133102,3976623,False
2012-06-11,,1.865,1.885,1.859,1.883,1400209,2625313,False
2012-06-12,,1.876,1.876,1.851,1.859,1911100,3553611,False
2012-06-13,,1.861,1.884,1.857,1.883,1787003,3350979,False
2012-06-14,,1.872,1.883,1.868,1.868,2055700,3853929,False
2012-06-15,,1.877,1.886,1.868,1.881,3102398,5831251,False
2012-06-18,,1.884,1.899,1.883,1.889,3342275,6322198,False
2012-06-19,,1.883,1.887,1.878,1.879,1256828,2365181,False
2012-06-20,,1.88,1.886,1.875,1.879,942863,1772446,False
2012-06-21,,1.88,1.88,1.841,1.844,3798282,7024538,False
2012-06-25,,1.838,1.842,1.818,1.824,2464031,4512209,False
2012-06-26,,1.822,1.822,1.805,1.818,2378950,4313643,False
2012-06-27,,1.816,1.824,1.81,1.811,1516600,2753118,False
2012-06-28,,1.814,1.82,1.801,1.801,1765950,3192514,False
2012-06-29,,1.802,1.819,1.792,1.818,1809206,3271425,False
2012-07-02,,1.826,1.826,1.801,1.81,2319600,4214436,False
2012-07-03,,1.81,1.827,1.809,1.819,1999700,3635749,False
2012-07-04,,1.819,1.823,1.81,1.817,8090230,14693255,False
2012-07-05,,1.813,1.813,1.792,1.804,2379300,4283097,False
2012-07-06,,1.817,1.818,1.79,1.814,2990089,5392146,False
2012-07-09,,1.805,1.807,1.772,1.779,3314000,5947965,False
2012-07-10,,1.774,1.779,1.769,1.776,2043063,3624017,False
2012-07-11,,1.774,1.784,1.77,1.784,2725361,4843895,False
2012-07-12,,1.785,1.803,1.77,1.798,10501122,18828304,False
2012-07-13,,1.798,1.806,1.791,1.795,13630498,24461808,False
2012-07-16,,1.797,1.799,1.772,1.774,1967440,3512777,False
2012-07-17,,1.774,1.79,1.774,1.787,2894301,5153592,False
2012-07-18,,1.788,1.797,1.776,1.795,2313889,4133615,False
2012-07-19,,1.799,1.819,1.793,1.802,23644040,42894336,False
2012-07-20,,1.808,1.808,1.785,1.787,2913951,5227185,False
2012-07-23,,1.778,1.778,1.756,1.761,3576301,6304361,False
2012-07-24,,1.758,1.766,1.75,1.763,3245055,5707296,False
2012-07-25,,1.76,1.764,1.753,1.759,2034001,3579849,False
2012-07-26,,1.755,1.758,1.745,1.747,2378220,4166880,False
2012-07-27,,1.753,1.762,1.75,1.755,2316003,4062746,False
2012-07-30,,1.766,1.766,1.751,1.752,1918900,3371867,False
2012-07-31,,1.752,1.759,1.752,1.756,1886220,3309966,False
2012-08-01,,1.758,1.772,1.756,1.764,4679682,8249330,False
2012-08-02,,1.764,1.769,1.754,1.757,2976102,5243249,False
2012-08-03,,1.76,1.768,1.756,1.768,2996361,5278592,False
2012-08-06,,1.771,1.786,1.768,1.784,4231124,7521052,False
2012-08-07,,1.778,1.785,1.776,1.782,2561558,4560469,False
2012-08-08,,1.785,1.793,1.782,1.785,2398090,4283705,False
2012-08-09,,1.787,1.793,1.773,1.793,2220251,3958396,False
2012-08-10,,1.792,1.798,1.785,1.789,3097399,5554025,False
2012-08-13,,1.79,1.79,1.75,1.755,4064832,7201525,False
2012-08-14,,1.752,1.766,1.742,1.752,3740512,6543619,False
2012-08-15,,1.75,1.75,1.734,1.735,2576600,4481144,False
2012-08-16,,1.735,1.739,1.73,1.734,2826300,4901526,False
2012-08-17,,1.732,1.741,1.724,1.73,3215416,5567381,False
2012-08-20,,1.725,1.729,1.714,1.722,3360526,5777096,False
2012-08-21,,1.72,1.735,1.717,1.731,6756661,11659778,False
2012-08-22,,1.726,1.732,1.715,1.719,3263112,5624989,False
2012-08-23,,1.715,1.731,1.715,1.724,24344784,41893588,False
2012-08-24,,1.721,1.722,1.71,1.71,3534600,6072327,False
2012-08-27,,1.709,1.709,1.68,1.681,4451091,7543205,False
2012-08-28,,1.682,1.699,1.68,1.693,3511353,5929949,False
2012-08-29,,1.69,1.698,1.683,1.684,2905541,4908213,False
2012-08-30,,1.682,1.696,1.678,1.693,3031970,5116315,False
2012-08-31,,1.693,1.696,1.688,1.691,2363114,3996682,False
2012-09-03,,1.699,1.7,1.684,1.699,3586469,6071114,False
2012-09-04,,1.699,1.7,1.676,1.682,4158078,7020211,False
2012-09-05,,1.682,1.682,1.667,1.673,3518027,5889683,False
2012-09-06,,1.673,1.682,1.668,1.676,4546301,7610257,False
2012-09-07,,1.685,1.76,1.685,1.743,10988622,19042194,False
2012-09-10,,1.753,1.753,1.738,1.746,3274579,5714011,False
2012-09-11,,1.747,1.747,1.723,1.729,3182377,5502465,False
2012-09-12,,1.739,1.744,1.722,1.732,2979242,5160463,False
2012-09-13,,1.73,1.737,1.725,1.726,2363649,4089042,False
2012-09-14,,1.73,1.748,1.728,1.738,4546389,7898230,False
2012-09-17,,1.737,1.737,1.707,1.707,3082900,5303371,False
2012-09-18,,1.704,1.704,1.683,1.683,2361500,3999413,False
2012-09-19,,1.688,1.696,1.683,1.687,470221,793579,False
2012-09-20,,1.686,1.686,1.664,1.665,2011550,3367506,False
2012-09-21,,1.661,1.673,1.66,1.67,2243993,3739000,False
2012-09-24,,1.645,1.673,1.645,1.665,4915038,8127177,False
2012-09-25,,1.663,1.672,1.66,1.667,1362065,2270419,False
2012-09-26,,1.662,1.67,1.656,1.658,619600,1030305,False
2012-09-27,,1.658,1.72,1.653,1.695,9832408,16688195,False
2012-09-28,,1.692,1.73,1.689,1.727,5876840,10099596,False
2012-10-08,,1.726,1.739,1.706,1.717,1323130,2277512,False
2012-10-09,,1.716,1.753,1.716,1.742,8296901,14486171,False
2012-10-10,,1.742,1.744,1.734,1.741,1497454,2607093,False
2012-10-11,,1.744,1.744,1.731,1.731,2145720,3725329,False
2012-10-12,,1.739,1.749,1.728,1.738,2479165,4318300,False
2012-10-15,,1.73,1.737,1.722,1.727,877031,1515548,False
2012-10-16,,1.735,1.739,1.724,1.733,2098230,3637295,False
2012-10-17,,1.734,1.742,1.723,1.734,1594238,2765932,False
2012-10-18,,1.738,1.757,1.737,1.751,20217364,35334432,False
2012-10-19,,1.741,1.755,1.741,1.75,6299551,11041395,False
2012-10-22,,1.744,1.761,1.74,1.76,1802882,3159119,False
2012-10-23,,1.761,1.761,1.74,1.74,1556189,2719089,False
2012-10-24,,1.736,1.745,1.733,1.735,674904,1172329,False
2012-10-25,,1.735,1.744,1.728,1.728,2396779,4161436,False
2012-10-26,,1.73,1.73,1.696,1.7,2500901,4278225,False
2012-10-29,,1.695,1.703,1.691,1.693,1252500,2123612,False
2012-10-30,,1.69,1.705,1.688,1.696,1553900,2631535,False
2012-10-31,,1.699,1.7,1.688,1.698,1104083,1871520,False
2012-11-01,,1.7,1.734,1.7,1.729,2721796,4690515,False
2012-11-02,,1.73,1.744,1.726,1.742,1651744,2868295,False
2012-11-05,,1.739,1.749,1.739,1.743,1498339,2612618,False
2012-11-06,,1.748,1.748,1.715,1.734,2586400,4473641,False
2012-11-07,,1.736,1.74,1.722,1.734,1267701,2197743,False
2012-11-08,,1.728,1.728,1.711,1.714,1341000,2304445,False
2012-11-09,,1.71,1.713,1.7,1.702,2104653,3587577,False
2012-11-12,,1.703,1.716,1.702,1.715,2355251,4026189,False
2012-11-13,,1.715,1.715,1.688,1.689,2949394,5004237,False
2012-11-14,,1.689,1.7,1.689,1.697,2517742,4265137,False
2012-11-15,,1.696,1.697,1.682,1.684,1785190,3018462,False
2012-11-16,,1.683,1.683,1.661,1.662,3381252,5638186,False
2012-11-19,,1.663,1.677,1.658,1.677,2419399,4026266,False
2012-11-20,,1.677,1.679,1.66,1.661,2147300,3580730,False
2012-11-21,,1.667,1.682,1.66,1.681,3575000,5965809,False
2012-11-22,,1.68,1.68,1.668,1.672,2211650,3706036,False
2012-11-23,,1.67,1.69,1.67,1.684,3389689,5710164,False
2012-11-26,,1.684,1.684,1.672,1.68,1840601,3092467,False
2012-11-27,,1.672,1.675,1.667,1.668,3045540,5088810,False
2012-11-28,,1.666,1.666,1.655,1.657,2655155,4407953,False
2012-11-29,,1.66,1.662,1.65,1.651,2277200,3771436,False
2012-11-30,,1.65,1.656,1.637,1.655,2717146,4474177,False
2012-12-03,,1.65,1.66,1.642,1.642,2364950,3894082,False
2012-12-04,,1.645,1.655,1.638,1.653,3303953,5424762,False
2012-12-05,,1.653,1.715,1.648,1.71,6319133,10743157,False
2012-12-06,,1.709,1.712,1.702,1.708,3375774,5765915,False
2012-12-07,,1.705,1.744,1.703,1.743,29671044,51636044,False
2012-12-10,,1.743,1.76,1.743,1.755,89922640,157948768,False
2012-12-11,,1.755,1.761,1.746,1.749,1880457,3295484,False
2012-12-12,,1.749,1.757,1.745,1.751,2518308,4408047,False
2012-12-13,,1.746,1.75,1.734,1.735,17516060,30418896,False
2012-12-14,,1.732,1.823,1.732,1.822,12891319,23109856,False
2012-12-17,,1.816,1.843,1.816,1.836,9836602,18078592,False
2012-12-18,,1.8,1.82,1.786,1.8,4361090,7868927,False
2012-12-19,,1.796,1.807,1.79,1.796,2124410,3820298,False
2012-12-20,,1.794,1.812,1.784,1.808,2048777,3677372,False
2012-12-21,,1.812,1.819,1.79,1.792,1582361,2852856,False
2012-12-24,,1.79,1.808,1.79,1.796,1668327,3003155,False
2012-12-25,,1.787,1.856,1.784,1.848,7225966,13298717,False
2012-12-26,,1.85,1.856,1.84,1.847,3531839,6526460,False
2012-12-27,,1.848,1.864,1.838,1.841,3429816,6331315,False
2012-12-28,,1.838,1.876,1.838,1.874,6019894,11216558,False
2012-12-31,,1.87,1.9,1.87,1.9,7279108,13719869,False
2013-01-04,,1.902,1.938,1.897,1.909,3244179,6214592,False
2013-01-07,,1.895,1.939,1.895,1.927,5463603,10520267,False
2013-01-08,,1.923,1.93,1.898,1.911,2833997,5409812,False
2013-01-09,,1.908,1.91,1.893,1.9,1898583,3612273,False
2013-01-10,,1.899,1.923,1.899,1.907,2662471,5085320,False
2013-01-11,,1.905,1.912,1.862,1.868,3586100,6750104,False
2013-01-14,,1.863,1.953,1.862,1.949,9254176,17715558,False
2013-01-15,,1.949,1.958,1.938,1.951,5689053,11082977,False
2013-01-16,,1.95,1.952,1.905,1.924,3157533,6085350,False
2013-01-17,,1.921,1.924,1.899,1.912,2550810,4871581,False
2013-01-18,,1.911,1.955,1.911,1.944,3706906,7177810,False
2013-01-21,,1.945,1.963,1.936,1.963,4165489,8139970,False
2013-01-22,,1.963,1.99,1.946,1.966,5389023,10610680,False
2013-01-23,,1.961,1.98,1.951,1.979,2753146,5403008,False
2013-01-24,,1.97,2.033,1.96,1.975,8882100,17720226,False
2013-01-25,,1.971,1.979,1.962,1.966,1433823,2821667,False
2013-01-28,,1.96,2.038,1.96,2.038,12367560,24865780,False
2013-01-29,,2.034,2.086,2.032,2.069,11196682,23097642,False
2013-01-30,,2.075,2.083,2.057,2.079,3346044,6927625,False
2013-01-31,,2.083,2.091,2.071,2.088,4033482,8404985,False
2013-02-01,,2.081,2.153,2.076,2.152,6831113,14495137,False
2013-02-04,,2.154,2.2,2.152,2.162,11438489,24881232,False
2013-02-05,,2.15,2.169,2.133,2.16,13013596,28043278,False
2013-02-06,,2.156,2.175,2.154,2.163,14065302,30369920,False
2013-02-07,,2.159,2.161,2.091,2.123,8110155,17222384,False
2013-02-08,,2.123,2.141,2.098,2.118,5823936,12334142,False
2013-02-18,,2.12,2.13,2.096,2.1,3545551,7476773,False
2013-02-19,,2.091,2.1,2.068,2.07,112770784,235212624,False
2013-02-20,,2.07,2.076,2.035,2.061,5947515,12219389,False
2013-02-21,,2.06,2.06,1.968,1.981,9687251,19373962,False
2013-02-22,,1.975,1.989,1.952,1.955,5195028,10200858,False
2013-02-25,,1.957,1.989,1.957,1.976,2542450,5025166,False
2013-02-26,,1.974,2.007,1.954,1.954,5394046,10709141,False
2013-02-27,,1.955,1.995,1.955,1.978,2577942,5085921,False
2013-02-28,,1.987,2.045,1.98,2.044,7673620,15507337,False
2013-03-01,,2.045,2.054,2.004,2.037,4965570,10063866,False
2013-03-04,,2.022,2.022,1.926,1.935,9986743,19602324,False
2013-03-05,,1.935,2.027,1.935,2.019,9122490,18105456,False
2013-03-06,,2.026,2.058,2.015,2.048,5912579,12049728,False
2013-03-07,,2.039,2.055,1.997,2.02,4746719,9646255,False
2013-03-08,,2.021,2.035,2.006,2.015,2658942,5373565,False
2013-03-11,,2.015,2.015,1.981,1.994,2336506,4664413,False
2013-03-12,,1.995,2.01,1.943,1.959,5351499,10535411,False
2013-03-13,,1.96,1.97,1.935,1.945,4584801,8936939,False
2013-03-14,,1.938,1.957,1.93,1.946,3097508,6019642,False
2013-03-15,,1.948,2.004,1.928,1.966,4725703,9327036,False
2013-03-18,,1.95,1.965,1.932,1.935,3583967,6968305,False
2013-03-19,,1.933,1.955,1.928,1.951,3302113,6404936,False
2013-03-20,,1.952,2.029,1.952,2.028,9467398,19012688,False
2013-03-21,,2.034,2.039,2.018,2.024,4066617,8247916,False
2013-03-22,,2.028,2.038,2.018,2.031,3539909,7185102,False
2013-03-25,,2.038,2.053,2.022,2.026,4935728,10045496,False
2013-03-26,,2.02,2.02,1.969,1.985,6623258,13142700,False
2013-03-27,,1.984,2.014,1.978,1.992,4949478,9875660,False
2013-03-28,,1.978,1.978,1.893,1.902,13512549,25768564,False
2013-03-29,,1.903,1.912,1.892,1.902,3852014,7321227,False
2013-04-01,,1.902,1.913,1.899,1.902,1664563,3171385,False
2013-04-02,,1.91,1.92,1.89,1.901,3277984,6239689,False
2013-04-03,,1.904,1.923,1.9,1.908,4178851,7990460,False
2013-04-08,,1.879,1.897,1.872,1.894,4813589,9069511,False
2013-04-09,,1.9,1.919,1.899,1.906,3787285,7225312,False
2013-04-10,,1.906,1.907,1.885,1.893,3448100,6549317,False
2013-04-11,,1.908,1.914,1.892,1.892,4763055,9081205,False
2013-04-12,,1.897,1.899,1.881,1.885,1653000,3121461,False
2013-04-15,,1.885,1.885,1.865,1.867,3753543,7016493,False
2013-04-16,,1.863,1.871,1.841,1.87,5946706,11044795,False
2013-04-17,,1.87,1.87,1.838,1.855,6843142,12663634,False
2013-04-18,,1.851,1.863,1.827,1.862,20638064,38170652,False
2013-04-19,,1.859,1.94,1.859,1.928,18450148,35009100,False
2013-04-22,,1.921,1.939,1.919,1.934,6632853,12790667,False
2013-04-23,,1.931,1.938,1.851,1.878,8809743,16705517,False
2013-04-24,,1.877,1.924,1.873,1.91,6481298,12264323,False
2013-04-25,,1.908,1.911,1.88,1.889,3707620,7010563,False
2013-04-26,,1.89,1.905,1.88,1.884,3058791,5785613,False
2013-05-02,,1.876,1.886,1.864,1.886,3847234,7207457,False
2013-05-03,,1.886,1.947,1.886,1.92,7302614,14077911,False
2013-05-06,,1.932,1.948,1.925,1.936,4743901,9179214,False
2013-05-07,,1.935,1.943,1.923,1.932,4383000,8469798,False
2013-05-08,,1.945,1.958,1.931,1.937,3910079,7606483,False
2013-05-09,,1.94,1.94,1.918,1.928,3942641,7610604,False
2013-05-10,,1.926,1.945,1.921,1.94,2951758,5717035,False
2013-05-13,,1.939,1.944,1.925,1.932,2695036,5208311,False
2013-05-14,,1.932,1.932,1.911,1.915,1361800,2612209,False
2013-05-15,,1.915,1.929,1.915,1.928,5798106,11149156,False
2013-05-16,,1.925,1.956,1.911,1.954,4299553,8355526,False
2013-05-17,,1.954,1.982,1.948,1.979,6003334,11789996,False
2013-05-20,,1.979,2.016,1.979,1.997,9200550,18396496,False
2013-05-21,,1.995,2.0,1.98,1.986,6351653,12644411,False
2013-05-22,,1.986,1.997,1.951,1.993,3563638,7090379,False
2013-05-23,,1.98,1.987,1.957,1.961,3888864,7660229,False
2013-05-24,,1.961,1.975,1.952,1.962,3156510,6201988,False
2013-05-27,,1.962,1.974,1.955,1.962,1036040,2035813,False
2013-05-28,,1.964,1.996,1.953,1.994,6534005,12895903,False
2013-05-29,,1.995,2.008,1.992,1.992,3640710,7283892,False
2013-05-30,,1.988,1.994,1.981,1.984,4680800,9300973,False
2013-05-31,,1.983,1.993,1.971,1.971,3819050,7565490,False
2013-06-03,,1.974,1.987,1.967,1.97,4546901,8989477,False
2013-06-04,,1.964,1.97,1.954,1.958,2681497,5254600,False
2013-06-05,,1.96,1.96,1.931,1.94,2010028,3910004,False
2013-06-06,,1.939,1.939,1.917,1.92,4321654,8318827,False
2013-06-07,,1.919,1.93,1.892,1.899,2815660,5365339,False
2013-06-13,,1.896,1.896,1.811,1.834,6020054,11044071,False
2013-06-14,,1.836,1.847,1.834,1.84,2657272,4885459,False
2013-06-17,,1.845,1.85,1.826,1.827,2029526,3722228,False
2013-06-18,,1.831,1.845,1.827,1.838,3898028,7158262,False
2013-06-19,,1.831,1.831,1.798,1.817,2943515,5324970,False
2013-06-20,,1.809,1.809,1.758,1.765,3877888,6889829,False
2013-06-21,,1.762,1.764,1.724,1.761,3988405,6973030,False
2013-06-24,,1.755,1.755,1.65,1.662,6856079,11536135,False
2013-06-25,,1.664,1.664,1.524,1.64,8719927,13995283,False
2013-06-26,,1.648,1.653,1.608,1.619,3626650,5897014,False
2013-06-27,,1.625,1.656,1.622,1.637,4593169,7531930,False
2013-06-28,,1.633,1.699,1.623,1.695,6285830,10499411,False
2013-07-01,,1.69,1.695,1.669,1.694,3565972,6011903,False
2013-07-02,,1.695,1.695,1.672,1.69,4092152,6884852,False
2013-07-03,,1.675,1.679,1.653,1.674,4102841,6832383,False
2013-07-04,,1.67,1.707,1.658,1.688,6888653,11558951,False
2013-07-05,,1.685,1.698,1.68,1.686,1947508,3291172,False
2013-07-08,,1.671,1.678,1.655,1.661,3260628,5429470,False
2013-07-09,,1.661,1.673,1.657,1.67,2251800,3748876,False
2013-07-10,,1.672,1.705,1.668,1.704,2980741,5034643,False
2013-07-11,,1.708,1.823,1.708,1.805,10033060,17734024,False
2013-07-12,,1.799,1.809,1.752,1.758,4792018,8525017,False
2013-07-15,,1.756,1.793,1.753,1.769,2836202,5019787,False
2013-07-16,,1.766,1.772,1.745,1.771,3376084,5931325,False
2013-07-17,,1.765,1.777,1.75,1.75,3096036,5454129,False
2013-07-18,,1.75,1.75,1.71,1.71,3617554,6243882,False
2013-07-19,,1.724,1.724,1.678,1.68,4626900,7885546,False
2013-07-22,,1.673,1.682,1.655,1.682,4438594,7411317,False
2013-07-23,,1.683,1.735,1.671,1.717,4084366,6996627,False
2013-07-24,,1.713,1.713,1.675,1.696,6870194,11636371,False
2013-07-25,,1.702,1.707,1.683,1.687,3637296,6151095,False
2013-07-26,,1.681,1.691,1.672,1.687,3212524,5402662,False
2013-07-29,,1.675,1.675,1.639,1.644,5584241,9225197,False
2013-07-30,,1.65,1.69,1.643,1.663,3685798,6135032,False
2013-07-31,,1.67,1.7,1.665,1.668,3630186,6095274,False
2013-08-01,,1.668,1.7,1.665,1.697,3833972,6465045,False
2013-08-02,,1.697,1.716,1.69,1.692,2828687,4816365,False
2013-08-05,,1.705,1.709,1.688,1.706,2398308,4078278,False
2013-08-06,,1.705,1.72,1.692,1.715,3752801,6405684,False
2013-08-07,,1.715,1.727,1.701,1.704,3244637,5566583,False
2013-08-08,,1.7,1.714,1.695,1.698,3712445,6325495,False
2013-08-09,,1.703,1.715,1.684,1.696,2224982,3787092,False
2013-08-12,,1.696,1.761,1.696,1.76,8725442,15196794,False
2013-08-13,,1.759,1.779,1.747,1.774,4596690,8134482,False
2013-08-14,,1.775,1.805,1.766,1.77,4503761,8037767,False
2013-08-15,,1.77,1.79,1.764,1.764,2325600,4132809,False
2013-08-16,,1.759,1.85,1.74,1.761,9311177,16680709,False
2013-08-19,,1.746,1.786,1.746,1.777,4625993,8122745,False
2013-08-20,,1.771,1.806,1.763,1.774,4550677,8126053,False
2013-08-21,,1.774,1.779,1.75,1.762,2829990,4985453,False
2013-08-22,,1.76,1.79,1.756,1.761,3361462,5948766,False
2013-08-23,,1.763,1.779,1.718,1.743,4687987,8190913,False
2013-08-26,,1.744,1.777,1.741,1.775,5737179,10121009,False
2013-08-27,,1.773,1.785,1.764,1.776,2755537,4889984,False
2013-08-28,,1.77,1.777,1.751,1.767,2697124,4761312,False
2013-08-29,,1.767,1.777,1.759,1.765,2072205,3658636,False
2013-08-30,,1.765,1.776,1.752,1.764,2109499,3723967,False
2013-09-02,,1.77,1.779,1.759,1.768,2771725,4900550,False
2013-09-03,,1.775,1.798,1.771,1.796,4553201,8149833,False
2013-09-04,,1.787,1.803,1.787,1.795,3298566,5934012,False
2013-09-05,,1.795,1.802,1.791,1.793,2614588,4693575,False
2013-09-06,,1.792,1.815,1.791,1.806,4195579,7557785,False
2013-09-09,,1.816,1.918,1.816,1.912,14743610,27757260,False
2013-09-10,,1.916,1.926,1.896,1.924,5075029,9701642,False
2013-09-11,,1.924,1.955,1.924,1.931,4907090,9537647,False
2013-09-12,,1.931,1.992,1.915,1.961,6398485,12489914,False
2013-09-13,,1.96,1.96,1.919,1.929,3078422,5954637,False
2013-09-16,,1.93,1.943,1.905,1.918,3421357,6560551,False
2013-09-17,,1.925,1.935,1.888,1.889,3868012,7383203,False
2013-09-18,,1.889,1.898,1.87,1.889,2417582,4548717,False
2013-09-23,,1.895,1.907,1.881,1.897,3610532,6839258,False
2013-09-24,,1.897,1.897,1.845,1.854,4962100,9240885,False
2013-09-25,,1.857,1.868,1.843,1.85,3260716,6051017,False
2013-09-26,,1.849,1.849,1.81,1.819,4572012,8338007,False
2013-09-27,,1.818,1.827,1.809,1.815,3005231,5460832,False
2013-09-30,,1.817,1.832,1.817,1.83,2527710,4618010,False
2013-10-08,,1.82,1.85,1.805,1.842,3582532,6548402,False
2013-10-09,,1.84,1.857,1.833,1.85,3476147,6425624,False
2013-10-10,,1.851,1.855,1.819,1.821,4218353,7769896,False
2013-10-11,,1.825,1.857,1.821,1.85,6169984,11372318,False
2013-10-14,,1.85,1.856,1.841,1.845,4005755,7394805,False
2013-10-15,,1.849,1.849,1.822,1.83,3229900,5944454,False
2013-10-16,,1.829,1.829,1.803,1.806,4161300,7543980,False
2013-10-17,,1.812,1.819,1.802,1.805,2988773,5406326,False
2013-10-18,,1.81,1.819,1.803,1.809,1553298,2810595,False
2013-10-21,,1.811,1.831,1.8,1.829,3923255,7134016,False
2013-10-22,,1.829,1.829,1.809,1.811,3225226,5860575,False
2013-10-23,,1.817,1.847,1.809,1.814,4821044,8804871,False
2013-10-24,,1.812,1.812,1.79,1.791,4525709,8144993,False
2013-10-25,,1.791,1.807,1.775,1.78,3825228,6863752,False
2013-10-28,,1.799,1.8,1.773,1.78,2134553,3803264,False
2013-10-29,,1.781,1.833,1.781,1.802,5205872,9399169,False
2013-10-30,,1.805,1.831,1.803,1.828,4683586,8520090,False
2013-10-31,,1.834,1.834,1.806,1.809,2471616,4479452,False
2013-11-01,,1.81,1.833,1.807,1.824,2830451,5145456,False
2013-11-04,,1.83,1.838,1.818,1.822,1201600,2195437,False
2013-11-05,,1.816,1.816,1.789,1.811,2818910,5082936,False
2013-11-06,,1.811,1.811,1.79,1.791,3300460,5935881,False
2013-11-07,,1.791,1.797,1.785,1.791,2665500,4771539,False
2013-11-08,,1.79,1.796,1.772,1.777,3230306,5767125,False
2013-11-11,,1.768,1.777,1.764,1.77,2339801,4141678,False
2013-11-12,,1.775,1.79,1.768,1.788,1256420,2238801,False
2013-11-13,,1.784,1.784,1.743,1.745,4992067,8765578,False
2013-11-14,,1.745,1.753,1.727,1.737,5529095,9610933,False
2013-11-15,,1.733,1.786,1.733,1.768,64797304,115088072,False
2013-11-18,,1.773,1.841,1.77,1.841,9667895,17385624,False
2013-11-19,,1.841,1.841,1.81,1.83,5160300,9437493,False
2013-11-20,,1.835,1.839,1.814,1.827,53536252,97510952,False
2013-11-21,,1.821,1.824,1.8,1.822,4013550,7259623,False
2013-11-22,,1.826,1.828,1.814,1.815,4015665,7308360,False
2013-11-25,,1.814,1.826,1.803,1.807,3055018,5535998,False
2013-11-26,,1.805,1.815,1.798,1.8,2982097,5379017,False
2013-11-27,,1.798,1.829,1.797,1.812,4513244,8172777,False
2013-11-28,,1.816,1.841,1.815,1.825,8189751,14969041,False
2013-11-29,,1.827,1.833,1.824,1.824,2761802,5048229,False
2013-12-02,,1.828,1.86,1.821,1.847,7392927,13612562,False
2013-12-03,,1.839,1.858,1.835,1.855,6154837,11350766,False
2013-12-04,,1.84,1.874,1.84,1.863,7989738,14890284,False
2013-12-05,,1.86,1.864,1.853,1.859,1706446,3171571,False
2013-12-06,,1.852,1.855,1.839,1.845,1877888,3464121,False
2013-12-09,,1.843,1.854,1.842,1.845,2429601,4490139,False
2013-12-10,,1.849,1.853,1.843,1.848,1277543,2360394,False
2013-12-11,,1.844,1.844,1.81,1.818,3064198,5590605,False
2013-12-12,,1.815,1.82,1.81,1.81,3519435,6390070,False
2013-12-13,,1.807,1.808,1.793,1.799,5353396,9629148,False
2013-12-16,,1.799,1.8,1.779,1.78,4394505,7852485,False
2013-12-17,,1.779,1.786,1.77,1.774,2723364,4834203,False
2013-12-18,,1.77,1.777,1.769,1.769,4761264,8440856,False
2013-12-19,,1.773,1.778,1.75,1.751,4107528,7259254,False
2013-12-20,,1.751,1.757,1.72,1.724,5743467,9978938,False
2013-12-23,,1.726,1.73,1.713,1.723,3645274,6282190,False
2013-12-24,,1.722,1.736,1.713,1.718,3798600,6560216,False
2013-12-25,,1.718,1.729,1.715,1.728,2299114,3956993,False
2013-12-26,,1.722,1.729,1.698,1.698,3326900,5693537,False
2013-12-27,,1.698,1.737,1.698,1.725,7462102,12806266,False
2013-12-30,,1.726,1.738,1.721,1.725,3702102,6413910,False
2013-12-31,,1.727,1.745,1.72,1.741,3467544,5996042,False
2014-01-02,,1.738,1.738,1.727,1.73,1927218,3334619,False
2014-01-03,,1.723,1.724,1.704,1.707,2263167,3876373,False
2014-01-06,,1.707,1.707,1.668,1.672,4586956,7692147,False
2014-01-07,,1.67,1.682,1.656,1.671,4409492,7376130,False
2014-01-08,,1.671,1.69,1.662,1.672,1983542,3317180,False
2014-01-09,,1.673,1.678,1.658,1.66,4074196,6805531,False
2014-01-10,,1.653,1.662,1.649,1.656,1449228,2396159,False
2014-01-13,,1.656,1.665,1.648,1.653,4937600,8158808,False
2014-01-14,,1.653,1.664,1.648,1.662,2785156,4603829,False
2014-01-15,,1.662,1.665,1.651,1.663,3326976,5518224,False
2014-01-16,,1.663,1.67,1.651,1.664,6264396,10403128,False
2014-01-17,,1.664,1.664,1.645,1.649,4509399,7454396,False
2014-01-20,,1.646,1.655,1.63,1.639,4060000,6665392,False
2014-01-21,,1.609,1.609,1.58,1.581,4882340,7761421,False
2014-01-22,,1.581,1.615,1.581,1.614,6340769,10166188,False
2014-01-23,,1.615,1.617,1.606,1.61,10213480,16448112,False
2014-01-24,,1.608,1.625,1.606,1.62,5043559,8166568,False
2014-01-27,,1.616,1.617,1.604,1.609,3003970,4833389,False
2014-01-28,,1.61,1.621,1.604,1.609,4302271,6920483,False
2014-01-29,,1.612,1.63,1.611,1.622,2866857,4638162,False
2014-01-30,,1.62,1.622,1.61,1.611,2204899,3559543,False
2014-02-07,,1.61,1.615,1.597,1.613,3460520,5551983,False
2014-02-10,,1.619,1.651,1.615,1.648,4751505,7762075,False
2014-02-11,,1.648,1.669,1.641,1.665,5760431,9528994,False
2014-02-12,,1.662,1.671,1.66,1.668,9214503,15334668,False
2014-02-13,,1.667,1.683,1.661,1.668,4273684,7142554,False
2014-02-14,,1.666,1.682,1.665,1.682,4251097,7112929,False
2014-02-17,,1.683,1.69,1.675,1.685,3127968,5253994,False
2014-02-18,,1.686,1.686,1.667,1.669,4690603,7855153,False
2014-02-19,,1.669,1.697,1.666,1.684,3068938,5157366,False
2014-02-20,,1.686,1.718,1.686,1.696,9891869,16812224,False
2014-02-21,,1.688,1.694,1.664,1.677,4306890,7226528,False
2014-02-24,,1.668,1.668,1.634,1.648,3314377,5451392,False
2014-02-25,,1.648,1.655,1.605,1.616,4028607,6589790,False
2014-02-26,,1.613,1.617,1.597,1.615,3848156,6193269,False
2014-02-27,,1.615,1.645,1.615,1.626,4366599,7110124,False
2014-02-28,,1.622,1.636,1.607,1.636,2710116,4402814,False
2014-03-03,,1.633,1.649,1.622,1.641,4079153,6677843,False
2014-03-04,,1.639,1.639,1.62,1.631,3522501,5732382,False
2014-03-05,,1.631,1.635,1.623,1.624,2894377,4716403,False
2014-03-06,,1.621,1.627,1.606,1.624,3204670,5172508,False
2014-03-07,,1.622,1.632,1.615,1.619,2213599,3597001,False
2014-03-10,,1.611,1.616,1.568,1.57,5445439,8661921,False
2014-03-11,,1.57,1.578,1.562,1.569,3336740,5235921,False
2014-03-12,,1.569,1.588,1.56,1.57,6129756,9622378,False
2014-03-13,,1.573,1.602,1.573,1.593,3518844,5601049,False
2014-03-14,,1.586,1.597,1.583,1.59,2673841,4252999,False
2014-03-17,,1.593,1.605,1.586,1.605,4545424,7262970,False
2014-03-18,,1.605,1.615,1.593,1.605,2510038,4035637,False
2014-03-19,,1.602,1.602,1.588,1.597,2443447,3895887,False
2014-03-20,,1.591,1.61,1.581,1.581,3214300,5119733,False
2014-03-21,,1.582,1.621,1.567,1.617,6772001,10741794,False
2014-03-24,,1.618,1.64,1.61,1.63,4553333,7391379,False
2014-03-25,,1.633,1.648,1.627,1.635,3164504,5169153,False
2014-03-26,,1.634,1.639,1.624,1.63,2827818,4609526,False
2014-03-27,,1.63,1.636,1.602,1.622,3883348,6299365,False
2014-03-28,,1.621,1.627,1.606,1.615,2795512,4532898,False
2014-03-31,,1.614,1.618,1.603,1.607,2446700,3938890,False
2014-04-01,,1.61,1.622,1.609,1.619,2224675,3588801,False
2014-04-02,,1.616,1.634,1.616,1.629,3053212,4966278,False
2014-04-03,,1.63,1.636,1.612,1.615,2428560,3944064,False
2014-04-04,,1.611,1.623,1.606,1.621,1939401,3130399,False
2014-04-08,,1.622,1.662,1.616,1.655,8191136,13473994,False
2014-04-09,,1.658,1.666,1.655,1.658,4779594,7941438,False
2014-04-10,,1.665,1.693,1.651,1.682,4802740,8016753,False
2014-04-11,,1.683,1.69,1.675,1.686,2803605,4720407,False
2014-04-14,,1.684,1.695,1.67,1.68,2319135,3888834,False
2014-04-15,,1.679,1.679,1.656,1.659,4789952,7977319,False
2014-04-16,,1.658,1.664,1.651,1.658,2335210,3870916,False
2014-04-17,,1.657,1.663,1.65,1.653,2972400,4921227,False
2014-04-18,,1.65,1.661,1.64,1.653,2686253,4431998,False
2014-04-21,,1.645,1.655,1.632,1.633,4347960,7162715,False
2014-04-22,,1.631,1.638,1.621,1.637,5330710,8695780,False
2014-04-23,,1.635,1.637,1.628,1.634,3936874,6425640,False
2014-04-24,,1.634,1.64,1.629,1.633,2487753,4064235,False
2014-04-25,,1.633,1.638,1.621,1.623,2999990,4887502,False
2014-04-28,,1.622,1.622,1.6,1.601,3137934,5042069,False
2014-04-29,,1.602,1.614,1.601,1.613,2808574,4514241,False
2014-04-30,,1.613,1.626,1.609,1.62,2719031,4397464,False
2014-05-05,,1.617,1.624,1.606,1.62,4880317,7856157,False
2014-05-06,,1.617,1.629,1.617,1.624,2828710,4595125,False
2014-05-07,,1.623,1.623,1.612,1.614,676080,1094352,False
2014-05-08,,1.61,1.629,1.61,1.614,2149575,3475035,False
2014-05-09,,1.614,1.617,1.601,1.607,1203000,1932929,False
2014-05-12,,1.612,1.64,1.61,1.638,3635376,5916646,False
2014-05-13,,1.638,1.64,1.628,1.635,635189,1038670,False
2014-05-14,,1.632,1.637,1.628,1.634,2891200,4713366,False
2014-05-15,,1.634,1.634,1.618,1.619,2204250,3588387,False
2014-05-16,,1.618,1.621,1.611,1.618,2175209,3521007,False
2014-05-19,,1.613,1.613,1.601,1.608,2517342,4036514,False
2014-05-20,,1.607,1.614,1.603,1.605,2198376,3540770,False
2014-05-21,,1.605,1.62,1.595,1.62,3124903,5023792,False
2014-05-22,,1.617,1.631,1.609,1.614,2075899,3372977,False
2014-05-23,,1.614,1.624,1.61,1.624,2002800,3234046,False
2014-05-26,,1.626,1.635,1.626,1.633,3964256,6470615,False
2014-05-27,,1.629,1.637,1.629,1.634,2107155,3440127,False
2014-05-28,,1.634,1.643,1.629,1.642,2028344,3322154,False
2014-05-29,,1.64,1.642,1.628,1.63,2235500,3658487,False
2014-05-30,,1.627,1.634,1.621,1.629,2953400,4811106,False
2014-06-03,,1.629,1.633,1.623,1.624,3570460,5817050,False
2014-06-04,,1.623,1.624,1.608,1.612,1010500,1630601,False
2014-06-05,,1.61,1.624,1.609,1.624,1331525,2151260,False
2014-06-06,,1.623,1.623,1.611,1.614,1165089,1884204,False
2014-06-09,,1.61,1.625,1.61,1.615,2503411,4047178,False
2014-06-10,,1.616,1.634,1.613,1.629,2355633,3829321,False
2014-06-11,,1.629,1.635,1.623,1.634,3667072,5973313,False
2014-06-12,,1.629,1.632,1.625,1.627,1641000,2669585,False
2014-06-13,,1.625,1.652,1.622,1.646,6285958,10343370,False
2014-06-16,,1.641,1.661,1.64,1.659,3873957,6397459,False
2014-06-17,,1.656,1.656,1.64,1.648,3151634,5202398,False
2014-06-18,,1.648,1.648,1.638,1.639,3203902,5261471,False
2014-06-19,,1.638,1.641,1.613,1.617,3427477,5588698,False
2014-06-20,,1.62,1.626,1.614,1.624,2723794,4414245,False
2014-06-23,,1.621,1.632,1.621,1.628,3028527,4932293,False
2014-06-24,,1.628,1.63,1.623,1.629,1368158,2225162,False
2014-06-25,,1.629,1.629,1.621,1.624,1896709,3079006,False
2014-06-26,,1.625,1.632,1.624,1.63,1097053,1787554,False
2014-06-27,,1.628,1.639,1.625,1.632,3814383,6224788,False
2014-06-30,,1.632,1.648,1.632,1.644,2960870,4868131,False
2014-07-01,,1.648,1.65,1.641,1.645,2379135,3914714,False
2014-07-02,,1.644,1.655,1.642,1.653,2200357,3627362,False
2014-07-03,,1.649,1.663,1.647,1.656,3459803,5723970,False
2014-07-04,,1.658,1.661,1.653,1.657,2037726,3377539,False
2014-07-07,,1.656,1.658,1.648,1.654,2678770,4427378,False
2014-07-08,,1.65,1.663,1.65,1.66,3679787,6088814,False
2014-07-09,,1.656,1.662,1.642,1.644,2195650,3619473,False
2014-07-10,,1.644,1.647,1.64,1.643,2484155,4082380,False
2014-07-11,,1.643,1.652,1.64,1.65,1574221,2595917,False
2014-07-14,,1.65,1.672,1.65,1.671,4227842,7025977,False
2014-07-15,,1.667,1.672,1.664,1.67,3683187,6139315,False
2014-07-16,,1.668,1.681,1.668,1.669,2285515,3826655,False
2014-07-17,,1.667,1.67,1.661,1.665,2098286,3495233,False
2014-07-18,,1.665,1.677,1.662,1.668,2410787,4023766,False
2014-07-21,,1.668,1.67,1.664,1.666,2248462,3747045,False
2014-07-22,,1.665,1.698,1.662,1.686,7055856,11875334,False
2014-07-23,,1.686,1.698,1.682,1.69,6243408,10562381,False
2014-07-24,,1.689,1.72,1.689,1.716,6564322,11207860,False
2014-07-25,,1.716,1.734,1.715,1.732,2873754,4952187,False
2014-07-28,,1.732,1.781,1.732,1.77,8328689,14662794,False
2014-07-29,,1.775,1.79,1.768,1.78,7175082,12758387,False
2014-07-30,,1.774,1.784,1.766,1.771,7698948,13678879,False
2014-07-31,,1.77,1.797,1.768,1.796,5167781,9201890,False
2014-08-01,,1.789,1.812,1.788,1.788,4409288,7932714,False
2014-08-04,,1.787,1.812,1.787,1.811,2442780,4402089,False
2014-08-05,,1.812,1.814,1.802,1.81,3010552,5443042,False
2014-08-06,,1.808,1.814,1.792,1.808,3756045,6771897,False
2014-08-07,,1.803,1.81,1.785,1.789,2832440,5088435,False
2014-08-08,,1.781,1.796,1.781,1.79,1999561,3575877,False
2014-08-11,,1.79,1.822,1.79,1.821,3601760,6529166,False
2014-08-12,,1.819,1.823,1.812,1.82,4163803,7568459,False
2014-08-13,,1.818,1.826,1.804,1.817,4976049,9036597,False
2014-08-14,,1.816,1.822,1.807,1.809,2551100,4627304,False
2014-08-15,,1.809,1.822,1.804,1.82,3801396,6883659,False
2014-08-18,,1.817,1.83,1.814,1.826,5714352,10414677,False
2014-08-19,,1.826,1.83,1.818,1.827,4193823,7655805,False
2014-08-20,,1.825,1.828,1.817,1.821,4141401,7547824,False
2014-08-21,,1.821,1.821,1.795,1.808,3739274,6757928,False
2014-08-22,,1.804,1.815,1.8,1.815,6501544,11770066,False
2014-08-25,,1.816,1.816,1.8,1.804,3448980,6225736,False
2014-08-26,,1.8,1.808,1.786,1.787,3997163,7196627,False
2014-08-27,,1.788,1.798,1.785,1.788,4928431,8819044,False
2014-08-28,,1.788,1.791,1.77,1.78,5679344,10127023,False
2014-08-29,,1.78,1.798,1.777,1.797,3499109,6242178,False
2014-09-01,,1.802,1.81,1.793,1.804,2826611,5093687,False
2014-09-02,,1.803,1.829,1.801,1.828,3985352,7231385,False
2014-09-03,,1.828,1.848,1.828,1.842,4924567,9073977,False
2014-09-04,,1.843,1.857,1.838,1.856,5533325,10218138,False
2014-09-05,,1.856,1.885,1.856,1.881,6833196,12768197,False
2014-09-09,,1.88,1.881,1.87,1.873,6799827,12741086,False
2014-09-10,,1.872,1.872,1.861,1.864,3104891,5785354,False
2014-09-11,,1.864,1.888,1.86,1.866,4148671,7758414,False
2014-09-12,,1.861,1.875,1.856,1.873,4068580,7590111,False
2014-09-15,,1.873,1.88,1.864,1.875,6052209,11332859,False
2014-09-16,,1.878,1.887,1.85,1.851,4538521,8504223,False
2014-09-17,,1.853,1.855,1.84,1.851,3065577,5661876,False
2014-09-18,,1.851,1.876,1.843,1.856,4830888,8977572,False
2014-09-19,,1.854,1.88,1.853,1.879,3405288,6352124,False
2014-09-22,,1.866,1.866,1.842,1.844,3409328,6316407,False
2014-09-23,,1.844,1.86,1.844,1.855,3511253,6509755,False
2014-09-24,,1.85,1.885,1.846,1.881,5635389,10529370,False
2014-09-25,,1.887,1.899,1.875,1.885,4069518,7690358,False
2014-09-26,,1.87,1.889,1.87,1.882,1340515,2521565,False
2014-09-29,,1.88,1.897,1.88,1.897,3364208,6358780,False
2014-09-30,,1.898,1.903,1.895,1.903,2279987,4330489,False
2014-10-08,,1.9,1.912,1.893,1.91,4174633,7946523,False
2014-10-09,,1.91,1.916,1.901,1.911,5441181,10385597,False
2014-10-10,,1.91,1.91,1.892,1.898,3134013,5956076,False
2014-10-13,,1.89,1.89,1.87,1.884,3136403,5882791,False
2014-10-14,,1.882,1.908,1.876,1.886,3768809,7127999,False
2014-10-15,,1.886,1.892,1.872,1.892,3848046,7245551,False
2014-10-16,,1.889,1.91,1.879,1.888,4794960,9103996,False
2014-10-17,,1.885,1.894,1.86,1.884,3804706,7132941,False
2014-10-20,,1.881,1.893,1.88,1.893,5129497,9665935,False
2014-10-21,,1.893,1.893,1.875,1.878,2796842,5277229,False
2014-10-22,,1.876,1.882,1.868,1.869,4954246,9298499,False
2014-10-23,,1.868,1.868,1.842,1.845,3908506,7257927,False
2014-10-24,,1.845,1.851,1.841,1.844,3180285,5870631,False
2014-10-27,,1.843,1.843,1.822,1.83,3385463,6209488,False
2014-10-28,,1.832,1.861,1.832,1.861,3316997,6111220,False
2014-10-29,,1.862,1.898,1.862,1.891,4920542,9233698,False
2014-10-30,,1.89,1.926,1.885,1.919,7069181,13512776,False
2014-10-31,,1.925,1.967,1.921,1.964,8769142,17050332,False
2014-11-03,,1.965,1.974,1.956,1.965,5238176,10288530,False
2014-11-04,,1.961,1.97,1.952,1.963,3445524,6764347,False
2014-11-05,,1.969,1.975,1.95,1.963,3886081,7645889,False
2014-11-06,,1.962,1.965,1.945,1.964,2907428,5680559,False
2014-11-07,,1.964,1.993,1.956,1.963,4274563,8436988,False
2014-11-10,,1.966,2.016,1.966,2.015,7215406,14422683,False
2014-11-11,,2.031,2.049,1.986,2.02,7919343,16076215,False
2014-11-12,,2.002,2.04,1.991,2.039,4901255,9893573,False
2014-11-13,,2.045,2.054,2.025,2.034,6315866,12901765,False
2014-11-14,,2.033,2.034,2.013,2.027,3460937,6993402,False
2014-11-17,,2.045,2.063,2.025,2.029,5881532,12002600,False
2014-11-18,,2.024,2.029,1.998,2.004,4922864,9886926,False
2014-11-19,,1.998,2.004,1.992,1.996,3903668,7804035,False
2014-11-20,,1.99,2.0,1.983,1.998,3551273,7077224,False
2014-11-21,,1.998,2.039,1.988,2.03,4910129,9823753,False
2014-11-24,,2.044,2.076,2.03,2.062,9834703,20204986,False
2014-11-25,,2.062,2.099,2.057,2.099,8489389,17623596,False
2014-11-26,,2.099,2.118,2.098,2.117,7067710,14894730,False
2014-11-27,,2.118,2.134,2.109,2.124,6788865,14395589,False
2014-11-28,,2.124,2.179,2.111,2.178,9870730,21188512,False
2014-12-01,,2.184,2.213,2.182,2.188,7744776,17010808,False
2014-12-02,,2.186,2.27,2.17,2.256,10694625,23675958,False
2014-12-03,,2.257,2.3,2.215,2.258,9272516,21027862,False
2014-12-04,,2.262,2.358,2.248,2.352,13332036,30689916,False
2014-12-05,,2.359,2.419,2.28,2.367,15773818,37131192,False
2014-12-08,,2.341,2.45,2.32,2.432,16825014,40199292,False
2014-12-09,,2.418,2.51,2.33,2.337,16804604,40947196,False
2014-12-10,,2.34,2.423,2.292,2.421,13147928,30923092,False
2014-12-11,,2.4,2.459,2.385,2.416,7345489,17754342,False
2014-12-12,,2.415,2.43,2.388,2.405,5883279,14183320,False
2014-12-15,,2.404,2.42,2.366,2.412,8672618,20706018,False
2014-12-16,,2.401,2.46,2.39,2.459,10662402,25876120,False
2014-12-17,,2.462,2.52,2.439,2.499,13196263,32768824,False
2014-12-18,,2.498,2.516,2.464,2.495,10858316,27100040,False
2014-12-19,,2.491,2.59,2.481,2.59,16719428,42473864,False
2014-12-22,,2.598,2.684,2.59,2.631,18538512,48949540,False
2014-12-23,,2.62,2.625,2.512,2.531,21127556,54299776,False
2014-12-24,,2.518,2.535,2.43,2.457,15191268,37559008,False
2014-12-25,,2.461,2.55,2.459,2.547,8869863,22260772,False
2014-12-26,,2.556,2.61,2.533,2.603,15457751,39955680,False
2014-12-29,,2.618,2.645,2.555,2.592,13430756,35154204,False
2014-12-30,,2.584,2.612,2.541,2.564,13021784,33538936,False
2014-12-31,,2.57,2.635,2.563,2.625,15697066,40821060,False
2015-01-05,,2.628,2.766,2.626,2.746,22505544,60941048,False
2015-01-06,,2.73,2.799,2.695,2.741,26690304,73328080,False
2015-01-07,,2.73,2.74,2.698,2.731,11713380,31808640,False
2015-01-08,,2.73,2.734,2.66,2.668,31136760,83675128,False
2015-01-09,,2.662,2.755,2.63,2.651,13516129,36352248,False
2015-01-12,,2.657,2.657,2.566,2.597,15042750,39064572,False
2015-01-13,,2.589,2.609,2.581,2.6,7577085,19667180,False
2015-01-14,,2.606,2.629,2.586,2.591,6563108,17129184,False
2015-01-15,,2.591,2.671,2.582,2.667,7959819,20931306,False
2015-01-16,,2.67,2.715,2.668,2.692,7846042,21153078,False
2015-01-19,,2.62,2.62,2.431,2.446,22144464,55832464,False
2015-01-20,,2.43,2.446,2.382,2.426,15052115,36389160,False
2015-01-21,,2.426,2.543,2.426,2.527,10157432,25250744,False
2015-01-22,,2.53,2.54,2.505,2.528,7913509,19956788,False
2015-01-23,,2.531,2.564,2.518,2.525,10939561,27780486,False
2015-01-26,,2.527,2.558,2.51,2.556,5093611,12880860,False
2015-01-27,,2.55,2.554,2.493,2.537,6117315,15466068,False
2015-01-28,,2.531,2.545,2.507,2.519,3415821,8617628,False
2015-01-29,,2.51,2.51,2.473,2.495,6165059,15380519,False
2015-01-30,,2.497,2.516,2.468,2.477,7411164,18479528,False
2015-02-02,,2.468,2.468,2.4,2.406,6798160,16415282,False
2015-02-03,,2.41,2.445,2.402,2.442,5448119,13176120,False
2015-02-04,,2.449,2.465,2.422,2.423,4984381,12196689,False
2015-02-05,,2.47,2.499,2.38,2.386,8081069,19688472,False
2015-02-06,,2.378,2.378,2.312,2.325,8090808,18974796,False
2015-02-09,,2.323,2.346,2.3,2.326,7984215,18531968,False
2015-02-10,,2.318,2.376,2.318,2.373,8541821,20085482,False
2015-02-11,,2.385,2.388,2.37,2.378,3825346,9109987,False
2015-02-12,,2.38,2.386,2.359,2.383,3629494,8616236,False
2015-02-13,,2.387,2.436,2.387,2.41,4442430,10715641,False
2015-02-16,,2.413,2.421,2.402,2.419,8386902,20272268,False
2015-02-17,,2.419,2.448,2.419,2.442,10445420,25420444,False
2015-02-25,,2.448,2.453,2.42,2.429,4444081,10859661,False
2015-02-26,,2.427,2.505,2.427,2.503,7443237,18384004,False
2015-02-27,,2.5,2.513,2.49,2.503,6656198,16654195,False
2015-03-02,,2.511,2.53,2.5,2.527,15739469,39465624,False
2015-03-03,,2.526,2.526,2.494,2.495,10347201,25974884,False
2015-03-04,,2.495,2.507,2.481,2.498,5680355,14179971,False
2015-03-05,,2.495,2.498,2.445,2.468,6160221,15204368,False
2015-03-06,,2.471,2.483,2.46,2.466,5297217,13093996,False
2015-03-09,,2.43,2.539,2.43,2.538,8245538,20581256,False
2015-03-10,,2.535,2.541,2.502,2.524,7031814,17777016,False
2015-03-11,,2.529,2.559,2.515,2.535,10125894,25736888,False
2015-03-12,,2.54,2.6,2.54,2.59,13652071,35203744,False
2015-03-13,,2.6,2.625,2.592,2.606,7658970,19988692,False
2015-03-16,,2.616,2.657,2.61,2.656,8569450,22624264,False
2015-03-17,,2.665,2.7,2.663,2.699,11751432,31546044,False
2015-03-18,,2.706,2.786,2.706,2.785,62141224,170223728,False
2015-03-19,,2.785,2.8,2.77,2.782,16800588,46824340,False
2015-03-20,,2.79,2.826,2.782,2.818,9829485,27553932,False
2015-03-23,,2.828,2.877,2.828,2.876,10234552,29236928,False
2015-03-24,,2.875,2.912,2.822,2.899,16357570,47064612,False
2015-03-25,,2.88,2.9,2.864,2.882,7281902,20985832,False
2015-03-26,,2.868,2.912,2.836,2.865,8026645,23093872,False
2015-03-27,,2.866,2.896,2.85,2.886,5634888,16191501,False
2015-03-30,,2.89,2.972,2.89,2.971,8685695,25547130,False
2015-03-31,,2.981,2.998,2.928,2.935,8028795,23822332,False
2015-04-01,,2.934,2.998,2.931,2.981,7209311,21406346,False
2015-04-02,,3.0,3.024,2.97,3.023,9918541,29752606,False
2015-04-03,,3.02,3.078,3.0,3.075,8193486,24985662,False
2015-04-07,,3.1,3.199,3.1,3.181,10331692,32604550,False
2015-04-08,,3.183,3.232,3.152,3.231,12334018,39506720,False
2015-04-09,,3.231,3.26,3.145,3.221,12204941,39036036,False
2015-04-10,,3.209,3.294,3.182,3.292,46770064,152282448,False
2015-04-13,,3.33,3.338,3.286,3.33,9894291,32799574,False
2015-04-14,,3.302,3.375,3.29,3.346,8502758,28365016,False
2015-04-15,,3.343,3.375,3.3,3.321,8465671,28265902,False
2015-04-16,,3.28,3.394,3.246,3.393,11363699,37884792,False
2015-04-17,,3.42,3.479,3.415,3.455,12280072,42294968,False
2015-04-20,,3.425,3.474,3.344,3.35,16927564,57599640,False
2015-04-21,,3.36,3.419,3.335,3.412,10126525,34196380,False
2015-04-22,,3.422,3.518,3.422,3.517,8504043,29615686,False
2015-04-23,,3.53,3.555,3.5,3.527,9758024,34417304,False
2015-04-24,,3.51,3.51,3.42,3.471,10027216,34788092,False
2015-04-27,,3.475,3.545,3.475,3.542,11620193,40886440,False
2015-04-28,,3.54,3.55,3.45,3.475,10275898,35972284,False
2015-04-29,,3.471,3.5,3.434,3.478,5590505,19361160,False
2015-04-30,,3.488,3.515,3.47,3.477,5174611,18085322,False
2015-05-04,,3.476,3.53,3.447,3.527,7641680,26756586,False
2015-05-05,,3.527,3.545,3.35,3.374,10738139,36903632,False
2015-05-06,,3.369,3.42,3.266,3.299,7787331,26197276,False
2015-05-07,,3.29,3.29,3.183,3.191,11129754,35885856,False
2015-05-08,,3.195,3.268,3.186,3.258,8003689,25826236,False
2015-05-11,,3.271,3.369,3.25,3.369,14898299,49224888,False
2015-05-12,,3.369,3.416,3.36,3.412,6430819,21809136,False
2015-05-13,,3.41,3.415,3.375,3.383,7037182,23907766,False
2015-05-14,,3.374,3.417,3.361,3.398,8952176,30389048,False
2015-05-15,,3.382,3.384,3.32,3.349,5687894,19063136,False
2015-05-18,,3.338,3.355,3.3,3.307,7263985,24202864,False
2015-05-19,,3.3,3.418,3.3,3.413,8755375,29627360,False
2015-05-20,,3.419,3.503,3.419,3.431,8196751,28371822,False
2015-05-21,,3.433,3.53,3.433,3.527,8849292,30847584,False
2015-05-22,,3.561,3.618,3.546,3.616,11633018,41742428,False
2015-05-25,,3.624,3.743,3.612,3.742,9064912,33534068,False
2015-05-26,,3.77,3.795,3.684,3.794,11404673,42823728,False
2015-05-27,,3.864,3.864,3.745,3.794,24892840,94528136,False
2015-05-28,,3.779,3.822,3.539,3.57,13196127,48837736,False
2015-05-29,,3.545,3.66,3.391,3.533,11927326,41990024,False
2015-06-01,,3.514,3.802,3.514,3.785,9025443,33094728,False
2015-06-02,,3.79,3.845,3.74,3.84,10989724,41658880,False
2015-06-03,,3.839,3.84,3.757,3.822,12928509,49185520,False
2015-06-04,,3.81,3.88,3.666,3.874,15897496,60410656,False
2015-06-05,,3.91,4.039,3.885,3.96,14279261,56459492,False
2015-06-08,,3.99,4.079,3.954,4.053,31961288,128408360,False
2015-06-09,,4.054,4.07,3.995,4.067,38857424,156787952,False
2015-06-10,,4.04,4.09,3.986,4.055,18406988,74533936,False
2015-06-11,,4.053,4.058,4.01,4.046,13084605,52799232,False
2015-06-12,,4.049,4.159,4.049,4.154,14143867,58275212,False
2015-06-15,,4.154,4.208,4.126,4.132,46337340,193105504,False
2015-06-16,,4.1,4.121,3.936,3.975,34540712,139362688,False
2015-06-17,,3.952,4.075,3.86,4.069,16587903,65943224,False
2015-06-18,,4.07,4.097,3.96,3.98,238170432,965855168,False
2015-06-19,,3.968,3.968,3.69,3.699,52072604,199715456,False
2015-06-23,,3.7,3.755,3.503,3.755,113607128,417055808,False
2015-06-24,,3.766,3.865,3.75,3.865,207759920,793397696,False
2015-06-25,,3.86,3.89,3.695,3.738,315412320,1196753280,False
2015-06-26,,3.695,3.695,3.364,3.368,464861120,1649760128,False
2015-06-29,,3.48,3.533,3.154,3.339,593227712,2003161344,False
2015-06-30,,3.369,3.55,3.178,3.546,371966592,1277069696,False
2015-07-01,,3.52,3.56,3.3,3.314,451250368,1566974336,False
2015-07-02,,3.314,3.348,3.109,3.161,331038912,1073437696,False
2015-07-03,,3.145,3.19,2.93,2.94,135516128,413990912,False
2015-07-06,,3.234,3.234,2.906,3.05,50443684,153619024,False
2015-07-07,,3.048,3.048,2.795,2.942,43209196,128612504,False
2015-07-08,,2.648,2.9,2.648,2.648,19941816,54213000,False
2015-07-09,,2.6,2.913,2.6,2.913,17171832,48706864,False
2015-07-10,,3.03,3.204,3.02,3.204,23858400,74518800,False
2015-07-13,,3.338,3.395,3.15,3.393,44872104,146713200,False
2015-07-14,,3.33,3.372,3.18,3.23,99093032,325950560,False
2015-07-15,,3.199,3.23,3.044,3.055,20121940,63325352,False
2015-07-16,,3.002,3.17,3.001,3.098,41024804,127884728,False
2015-07-17,,3.105,3.255,3.105,3.238,199733408,638762368,False
2015-07-20,,3.21,3.269,3.18,3.225,205432608,662706304,False
2015-07-21,,3.195,3.28,3.17,3.256,158615232,514928224,False
2015-07-22,,3.252,3.269,3.197,3.236,124997056,403714016,False
2015-07-23,,3.237,3.326,3.222,3.325,92601712,305588736,False
2015-07-24,,3.31,3.36,3.25,3.259,167605024,555548096,False
2015-07-27,,3.215,3.245,2.934,2.956,142259392,449559680,False
2015-07-28,,2.918,3.044,2.85,2.97,214490880,632622976,False
2015-07-29,,2.978,3.114,2.966,3.094,82547640,247316496,False
2015-07-30,,3.105,3.136,3.03,3.03,93478288,289028000,False
2015-07-31,,3.0,3.09,2.986,3.018,18018060,54462676,False
2015-08-03,,3.006,3.1,2.98,3.099,15540106,46904520,False
2015-08-04,,3.07,3.179,3.057,3.157,18365516,56996384,False
2015-08-05,,3.173,3.178,3.09,3.09,20595152,64615840,False
2015-08-06,,3.069,3.1,3.04,3.06,14448214,44391068,False
2015-08-07,,3.066,3.138,3.066,3.12,20797266,64834656,False
2015-08-10,,3.136,3.28,3.136,3.264,11417376,36575952,False
2015-08-11,,3.256,3.286,3.221,3.248,17247972,56062424,False
2015-08-12,,3.221,3.248,3.196,3.197,24720342,79467712,False
2015-08-13,,3.2,3.242,3.145,3.241,30650196,98040048,False
2015-08-14,,3.268,3.273,3.218,3.238,18062796,58558256,False
2015-08-17,,3.21,3.266,3.186,3.265,44198496,142397952,False
2015-08-18,,3.268,3.289,2.953,3.103,66631760,212683440,False
2015-08-19,,3.022,3.137,2.9,3.12,116803432,354948864,False
2015-08-20,,3.085,3.085,3.01,3.013,32095124,98142080,False
2015-08-21,,2.997,3.005,2.854,2.879,67399064,197286512,False
2015-08-24,,2.83,2.83,2.591,2.591,12491014,33068580,False
2015-08-25,,2.41,2.522,2.344,2.354,35275508,87079768,False
2015-08-26,,2.45,2.5,2.305,2.373,217917728,526980736,False
2015-08-27,,2.395,2.53,2.395,2.526,132979920,323983424,False
2015-08-28,,2.533,2.653,2.533,2.648,129952112,336986240,False
2015-08-31,,2.6,2.66,2.56,2.638,121366648,314698528,False
2015-09-01,,2.63,2.64,2.523,2.63,124251544,321555328,False
2015-09-02,,2.588,2.675,2.522,2.65,109473752,284585408,False
2015-09-07,,2.625,2.71,2.5,2.568,84436416,221649984,False
2015-09-08,,2.56,2.65,2.503,2.645,14613181,37723352,False
2015-09-09,,2.65,2.88,2.63,2.7,13083184,35123452,False
2015-09-10,,2.668,2.688,2.64,2.648,4360286,11614307,False
2015-09-11,,2.64,2.668,2.598,2.644,1449198,3827386,False
2015-09-14,,2.65,2.664,2.544,2.545,2910200,7530433,False
2015-09-15,,2.53,2.532,2.455,2.463,3394008,8433599,False
2015-09-16,,2.464,2.649,2.46,2.603,3475807,8805926,False
2015-09-17,,2.514,2.611,2.514,2.526,6340800,16426966,False
2015-09-18,,2.555,2.57,2.511,2.527,947100,2396719,False
2015-09-21,,2.506,2.56,2.501,2.558,1060967,2698825,False
2015-09-22,,2.559,2.586,2.559,2.576,1890449,4865780,False
2015-09-23,,2.566,2.566,2.54,2.554,875400,2230859,False
2015-09-24,,2.539,2.56,2.5,2.556,665001,1691306,False
2015-09-25,,2.55,2.556,2.491,2.517,995800,2505953,False
2015-09-28,,2.496,2.518,2.496,2.51,1249400,3134277,False
2015-09-29,,2.501,2.509,2.475,2.478,693552,1726571,False
2015-09-30,,2.485,2.499,2.478,2.491,382001,951275,False
2015-10-08,,2.566,2.57,2.531,2.555,2949810,7542082,False
2015-10-09,,2.552,2.58,2.545,2.578,3238410,8314787,False
2015-10-12,,2.578,2.68,2.577,2.661,2974382,7855107,False
2015-10-13,,2.661,2.667,2.65,2.658,1205730,3205101,False
2015-10-14,,2.667,2.667,2.631,2.64,1267151,3357482,False
2015-10-15,,2.633,2.7,2.632,2.693,1717733,4595383,False
2015-10-16,,2.68,2.75,2.68,2.731,2824497,7692465,False
2015-10-19,,2.734,2.77,2.724,2.738,1964511,5393375,False
2015-10-20,,2.76,2.762,2.732,2.76,1149650,3156357,False
2015-10-21,,2.75,2.782,2.67,2.678,1716182,4692428,False
2015-10-22,,2.683,2.72,2.65,2.718,1421250,3824209,False
2015-10-23,,2.719,2.77,2.701,2.757,1177831,3234153,False
2015-10-26,,2.775,2.796,2.77,2.78,1837739,5110943,False
2015-10-27,,2.776,2.79,2.73,2.788,1199384,3307222,False
2015-10-28,,2.78,2.79,2.755,2.756,750200,2078494,False
2015-10-29,,2.763,2.77,2.741,2.75,656200,1808297,False
2015-10-30,,2.75,2.76,2.736,2.75,444400,1222403,False
2015-11-02,,2.75,2.756,2.716,2.73,540000,1475993,False
2015-11-03,,2.734,2.734,2.694,2.699,927700,2512780,False
2015-11-04,,2.7,2.79,2.697,2.786,1952303,5383930,False
2015-11-05,,2.797,2.888,2.78,2.839,3462015,9841118,False
2015-11-06,,2.841,2.9,2.84,2.886,2634280,7564782,False
2015-11-09,,2.901,3.03,2.901,2.945,5046685,14846893,False
2015-11-10,,2.937,2.954,2.911,2.935,4076743,11940151,False
2015-11-11,,2.92,2.955,2.9,2.932,1451718,4264299,False
2015-11-12,,2.932,2.939,2.9,2.9,1608502,4679709,False
2015-11-13,,2.9,2.9,2.876,2.877,791100,2284291,False
2015-11-16,,2.856,2.886,2.846,2.886,755531,2164801,False
2015-11-17,,2.896,2.94,2.896,2.902,1614151,4713183,False
2015-11-18,,2.901,2.901,2.876,2.877,689653,1989393,False
2015-11-19,,2.88,2.909,2.872,2.906,608990,1760512,False
2015-11-20,,2.906,2.91,2.887,2.898,836563,2426343,False
2015-11-23,,2.89,2.923,2.878,2.893,1829800,5319849,False
2015-11-24,,2.893,2.9,2.857,2.889,842766,2423746,False
2015-11-25,,2.88,2.925,2.861,2.918,1858729,5393794,False
2015-11-26,,2.926,2.947,2.912,2.915,1769894,5183003,False
2015-11-27,,2.91,2.91,2.781,2.832,1389955,3968441,False
2015-11-30,,2.8,2.82,2.741,2.799,1594075,4425324,False
2015-12-01,,2.799,2.799,2.76,2.778,907344,2514607,False
2015-12-02,,2.779,2.865,2.762,2.851,1322121,3728378,False
2015-12-03,,2.852,2.882,2.833,2.88,942900,2701363,False
2015-12-04,,2.86,2.878,2.82,2.831,905900,2569846,False
2015-12-07,,2.831,2.847,2.803,2.825,332440,939998,False
2015-12-08,,2.82,2.82,2.78,2.79,672676,1877220,False
2015-12-09,,2.777,2.788,2.768,2.785,547181,1520136,False
2015-12-10,,2.785,2.805,2.768,2.771,418376,1167020,False
2015-12-11,,2.766,2.779,2.744,2.753,584907,1610122,False
2015-12-14,,2.752,2.809,2.716,2.806,844300,2331744,False
2015-12-15,,2.805,2.805,2.78,2.788,448700,1254296,False
2015-12-16,,2.79,2.805,2.78,2.78,528464,1476523,False
2015-12-17,,2.796,2.85,2.796,2.834,1634400,4616008,False
2015-12-18,,2.834,2.858,2.826,2.835,1017648,2890264,False
2015-12-21,,2.835,2.92,2.826,2.91,3239683,9350020,False
2015-12-22,,2.917,2.928,2.902,2.909,1267273,3697162,False
2015-12-23,,2.915,2.95,2.909,2.927,1815897,5326153,False
2015-12-24,,2.928,2.928,2.867,2.896,1467000,4237919,False
2015-12-25,,2.896,2.905,2.89,2.899,638176,1849837,False
2015-12-28,,2.9,2.94,2.83,2.836,2707534,7801677,False
2015-12-29,,2.839,2.87,2.828,2.849,1172492,3324353,False
2015-12-30,,2.859,2.859,2.84,2.85,436100,1241589,False
2015-12-31,,2.865,2.866,2.84,2.853,581000,1658482,False
2016-01-04,,2.856,2.861,2.716,2.726,1875900,5211335,False
2016-01-05,,2.72,2.72,2.61,2.686,3296300,8854757,False
2016-01-06,,2.71,2.729,2.68,2.729,1974915,5319856,False
2016-01-07,,2.686,2.718,2.563,2.595,312501,824288,False
2016-01-08,,2.6,2.709,2.56,2.631,4618500,12100782,False
2016-01-11,,2.62,2.62,2.528,2.537,2284300,5866017,False
2016-01-12,,2.54,2.568,2.462,2.491,2022300,5057017,False
2016-01-13,,2.502,2.516,2.47,2.47,1236385,3083332,False
2016-01-14,,2.448,2.5,2.402,2.496,1967300,4841339,False
2016-01-15,,2.46,2.49,2.398,2.416,2439200,5943999,False
2016-01-18,,2.41,2.421,2.375,2.406,1521411,3656345,False
2016-01-19,,2.412,2.478,2.4,2.477,1956177,4782421,False
2016-01-20,,2.438,2.438,2.367,2.387,2145301,5139587,False
2016-01-21,,2.375,2.401,2.325,2.337,1237287,2918842,False
2016-01-22,,2.335,2.355,2.317,2.35,1466134,3424708,False
2016-01-25,,2.355,2.371,2.349,2.364,669300,1579848,False
2016-01-26,,2.364,2.364,2.2,2.23,2371284,5431003,False
2016-01-27,,2.225,2.238,2.15,2.206,2218903,4879543,False
2016-01-28,,2.205,2.217,2.166,2.175,814500,1784896,False
2016-01-29,,2.177,2.23,2.17,2.22,1237840,2734187,False
2016-02-01,,2.221,2.227,2.169,2.183,1068000,2343392,False
2016-02-02,,2.182,2.227,2.182,2.222,810001,1793397,False
2016-02-03,,2.208,2.215,2.188,2.211,610600,1345411,False
2016-02-04,,2.217,2.239,2.217,2.232,1470600,3275061,False
2016-02-05,,2.249,2.249,2.222,2.232,906800,2025700,False
2016-02-15,,2.2,2.227,2.188,2.213,921800,2029679,False
2016-02-16,,2.229,2.269,2.229,2.269,1191500,2689238,False
2016-02-17,,2.264,2.29,2.26,2.288,880500,2004299,False
2016-02-18,,2.3,2.308,2.29,2.292,1093200,2514312,False
2016-02-19,,2.292,2.299,2.28,2.293,1210556,2772532,False
2016-02-22,,2.3,2.34,2.3,2.335,1478552,3439142,False
2016-02-23,,2.338,2.338,2.3,2.314,535676,1239351,False
2016-02-24,,2.315,2.333,2.301,2.323,861701,1993868,False
2016-02-25,,2.318,2.322,2.189,2.231,1695100,3827819,False
2016-02-26,,2.234,2.25,2.178,2.225,2623400,5795307,False
2016-02-29,,2.225,2.225,2.148,2.185,2892053,6276187,False
2016-03-01,,2.201,2.22,2.182,2.207,1402224,3082687,False
2016-03-02,,2.218,2.313,2.218,2.312,2458950,5605159,False
2016-03-03,,2.329,2.329,2.307,2.311,1289829,2990041,False
2016-03-04,,2.319,2.36,2.29,2.34,2528751,5874425,False
2016-03-07,,2.359,2.37,2.342,2.352,1309702,3087700,False
2016-03-08,,2.351,2.352,2.3,2.346,852209,1978613,False
2016-03-09,,2.345,2.345,2.3,2.318,637881,1480817,False
2016-03-10,,2.328,2.349,2.303,2.306,443070,1028434,False
2016-03-11,,2.305,2.315,2.284,2.308,672338,1543173,False
2016-03-14,,2.31,2.355,2.309,2.329,2310057,5394640,False
2016-03-15,,2.33,2.334,2.304,2.329,1302004,3017179,False
2016-03-16,,2.329,2.362,2.329,2.341,1295202,3040258,False
2016-03-17,,2.343,2.383,2.341,2.366,1063334,2515387,False
2016-03-18,,2.38,2.405,2.369,2.4,988646,2363614,False
2016-03-21,,2.406,2.432,2.406,2.424,2296632,5561068,False
2016-03-22,,2.424,2.424,2.41,2.418,926611,2239697,False
2016-03-23,,2.416,2.426,2.39,2.409,2088570,5037864,False
2016-03-24,,2.4,2.404,2.378,2.379,1839810,4388634,False
2016-03-25,,2.379,2.399,2.375,2.382,559771,1332326,False
2016-03-28,,2.383,2.426,2.362,2.383,1390760,3327913,False
2016-03-29,,2.37,2.378,2.338,2.341,902802,2122642,False
2016-03-30,,2.345,2.406,2.345,2.404,1293620,3077069,False
2016-03-31,,2.412,2.419,2.39,2.404,1679706,4035991,False
2016-04-01,,2.405,2.408,2.381,2.408,725040,1736124,False
2016-04-05,,2.408,2.448,2.399,2.447,2574628,6254499,False
2016-04-06,,2.43,2.448,2.43,2.438,907830,2213681,False
2016-04-07,,2.438,2.449,2.418,2.418,863006,2096659,False
2016-04-08,,2.408,2.41,2.398,2.409,795027,1910455,False
2016-04-11,,2.408,2.446,2.408,2.436,1851288,4505539,False
2016-04-12,,2.436,2.436,2.418,2.425,875241,2120609,False
2016-04-13,,2.431,2.482,2.4,2.467,2967481,7280992,False
2016-04-14,,2.471,2.48,2.455,2.47,1245254,3071031,False
2016-04-15,,2.479,2.479,2.459,2.468,971890,2395905,False
2016-04-18,,2.465,2.465,2.435,2.451,616585,1506979,False
2016-04-19,,2.453,2.463,2.433,2.446,970410,2373404,False
2016-04-20,,2.45,2.601,2.361,2.409,3857207,9345116,False
2016-04-21,,2.408,2.432,2.383,2.417,2259290,5452553,False
2016-04-22,,2.416,2.416,2.391,2.416,955196,2296361,False
2016-04-25,,2.416,2.416,2.385,2.4,398176,953910,False
2016-04-26,,2.409,2.42,2.4,2.412,826564,1989453,False
2016-04-27,,2.426,2.426,2.412,2.416,1162634,2807790,False
2016-04-28,,2.42,2.429,2.39,2.41,733900,1766409,False
2016-04-29,,2.411,2.411,2.4,2.406,1073000,2580417,False
2016-05-03,,2.418,2.435,2.395,2.432,1530040,3707678,False
2016-05-04,,2.432,2.432,2.411,2.424,635500,1537260,False
2016-05-05,,2.423,2.423,2.404,2.415,422500,1019183,False
2016-05-06,,2.415,2.418,2.361,2.374,1509411,3608805,False
2016-05-09,,2.379,2.379,2.291,2.304,2699000,6253104,False
2016-05-10,,2.302,2.33,2.29,2.295,1144000,2629378,False
2016-05-11,,2.302,2.308,2.288,2.296,963969,2216418,False
2016-05-12,,2.296,2.317,2.274,2.305,819485,1878520,False
2016-05-13,,2.297,2.316,2.297,2.306,820100,1890239,False
2016-05-16,,2.302,2.316,2.297,2.316,1111591,2564132,False
2016-05-17,,2.317,2.324,2.309,2.318,807100,1868865,False
2016-05-18,,2.317,2.317,2.277,2.3,1839900,4211520,False
2016-05-19,,2.297,2.308,2.284,2.292,455900,1049459,False
2016-05-20,,2.29,2.299,2.287,2.294,426660,977574,False
2016-05-23,,2.306,2.32,2.3,2.305,499500,1154355,False
2016-05-24,,2.307,2.307,2.29,2.299,446800,1025506,False
2016-05-25,,2.307,2.31,2.297,2.297,473290,1089265,False
2016-05-26,,2.304,2.304,2.282,2.297,1039800,2378873,False
2016-05-27,,2.297,2.309,2.216,2.302,358610,823845,False
2016-05-30,,2.297,2.32,2.291,2.311,893110,2057496,False
2016-05-31,,2.311,2.38,2.311,2.377,2061796,4857723,False
2016-06-01,,2.383,2.383,2.346,2.371,997235,2361783,False
2016-06-02,,2.377,2.377,2.362,2.371,462630,1095576,False
2016-06-03,,2.371,2.379,2.365,2.375,498740,1183480,False
2016-06-06,,2.381,2.381,2.372,2.376,463097,1100467,False
2016-06-07,,2.381,2.382,2.37,2.376,426900,1014145,False
2016-06-08,,2.381,2.381,2.362,2.364,1178606,2789346,False
2016-06-13,,2.364,2.364,2.31,2.312,1116100,2613104,False
2016-06-14,,2.314,2.326,2.3,2.318,593600,1373204,False
2016-06-15,,2.317,2.34,2.31,2.338,810800,1885321,False
2016-06-16,,2.338,2.339,2.32,2.321,1128700,2631291,False
2016-06-17,,2.321,2.345,2.321,2.334,791816,1852791,False
2016-06-20,,2.344,2.348,2.33,2.34,693864,1620615,False
2016-06-21,,2.341,2.356,2.339,2.34,1638146,3846631,False
2016-06-22,,2.35,2.379,2.339,2.37,1306446,3065828,False
2016-06-23,,2.364,2.364,2.347,2.348,776840,1827299,False
2016-06-24,,2.35,2.356,2.313,2.327,1389640,3244458,False
2016-06-27,,2.318,2.35,2.29,2.348,1979065,4606729,False
2016-06-28,,2.343,2.347,2.329,2.344,1265975,2954066,False
2016-06-29,,2.35,2.36,2.35,2.358,754391,1778203,False
2016-06-30,,2.36,2.378,2.358,2.366,889817,2104766,False
2016-07-01,,2.37,2.381,2.366,2.372,994572,2361455,False
2016-07-04,,2.375,2.42,2.372,2.411,1907121,4571153,False
2016-07-05,,2.411,2.428,2.41,2.424,1222331,2958334,False
2016-07-06,,2.422,2.422,2.408,2.416,804399,1941038,False
2016-07-07,,2.417,2.42,2.409,2.418,535604,1293839,False
2016-07-08,,2.412,2.418,2.407,2.408,773710,1865538,False
2016-07-11,,2.408,2.43,2.408,2.418,1420350,3439299,False
2016-07-12,,2.425,2.478,2.408,2.476,2004461,4916432,False
2016-07-13,,2.476,2.507,2.476,2.491,1070861,2671119,False
2016-07-14,,2.491,2.495,2.478,2.483,729761,1813574,False
2016-07-15,,2.482,2.5,2.482,2.49,1287352,3208199,False
2016-07-18,,2.489,2.503,2.484,2.499,1098232,2739981,False
2016-07-19,,2.499,2.499,2.476,2.485,1447549,3600393,False
2016-07-20,,2.485,2.493,2.48,2.486,623359,1550329,False
2016-07-21,,2.486,2.508,2.486,2.503,754600,1885407,False
2016-07-22,,2.502,2.503,2.479,2.486,934400,2326190,False
2016-07-25,,2.493,2.495,2.476,2.491,603806,1503727,False
2016-07-26,,2.49,2.52,2.489,2.52,1402280,3513424,False
2016-07-27,,2.524,2.535,2.47,2.498,2226468,5566049,False
2016-07-28,,2.49,2.528,2.482,2.516,1297534,3254100,False
2016-07-29,,2.519,2.535,2.515,2.525,1130100,2857710,False
2016-08-01,,2.53,2.53,2.492,2.509,1816320,4544094,False
2016-08-02,,2.518,2.518,2.493,2.511,1111400,2782255,False
2016-08-03,,2.511,2.514,2.499,2.508,634685,1591262,False
2016-08-04,,2.509,2.514,2.5,2.508,707600,1771120,False
2016-08-05,,2.508,2.524,2.508,2.52,776753,1954344,False
2016-08-08,,2.52,2.532,2.505,2.532,1004700,2534728,False
2016-08-09,,2.532,2.558,2.532,2.557,1232214,3142038,False
2016-08-10,,2.557,2.578,2.55,2.554,2346800,6021893,False
2016-08-11,,2.555,2.581,2.545,2.545,4570430,11692984,False
2016-08-12,,2.545,2.604,2.545,2.598,3927517,10131166,False
2016-08-15,,2.603,2.679,2.603,2.657,9632444,25499058,False
2016-08-16,,2.66,2.675,2.628,2.633,7796948,20688436,False
2016-08-17,,2.635,2.655,2.628,2.644,2011553,5309768,False
2016-08-18,,2.644,2.655,2.629,2.631,2050654,5419423,False
2016-08-19,,2.631,2.645,2.62,2.641,1721318,4524984,False
2016-08-22,,2.643,2.644,2.62,2.629,932508,2455309,False
2016-08-23,,2.629,2.635,2.618,2.626,1023163,2687578,False
2016-08-24,,2.633,2.638,2.613,2.619,2045852,5360894,False
2016-08-25,,2.617,2.619,2.59,2.606,1388992,3614399,False
2016-08-26,,2.608,2.619,2.596,2.603,774861,2021057,False
2016-08-29,,2.603,2.609,2.592,2.607,428111,1113652,False
2016-08-30,,2.606,2.619,2.6,2.604,1386753,3614762,False
2016-08-31,,2.605,2.624,2.602,2.617,1075200,2806268,False
2016-09-01,,2.622,2.622,2.601,2.602,1653335,4314856,False
2016-09-02,,2.604,2.613,2.591,2.609,769135,2000520,False
2016-09-05,,2.609,2.625,2.609,2.622,3974033,10402521,False
2016-09-06,,2.623,2.632,2.615,2.631,1860700,4884064,False
2016-09-07,,2.631,2.65,2.631,2.638,1991406,5260104,False
2016-09-08,,2.638,2.645,2.629,2.637,1693300,4456995,False
2016-09-09,,2.637,2.645,2.629,2.63,2087700,5503246,False
2016-09-12,,2.625,2.625,2.559,2.569,4314201,11137298,False
2016-09-13,,2.574,2.602,2.56,2.568,2286982,5875614,False
2016-09-14,,2.567,2.567,2.552,2.557,1700642,4348861,False
2016-09-19,,2.56,2.576,2.56,2.571,1431300,3675760,False
2016-09-20,,2.572,2.575,2.56,2.573,1298634,3335441,False
2016-09-21,,2.573,2.582,2.573,2.579,1648274,4248143,False
2016-09-22,,2.587,2.61,2.586,2.6,1504775,3910426,False
2016-09-23,,2.606,2.61,2.583,2.591,743900,1930047,False
2016-09-26,,2.583,2.586,2.554,2.557,1294000,3324030,False
2016-09-27,,2.552,2.559,2.539,2.554,1967200,5014724,False
2016-09-28,,2.563,2.563,2.548,2.551,712400,1818494,False
2016-09-29,,2.553,2.567,2.553,2.561,816061,2090628,False
2016-09-30,,2.56,2.57,2.558,2.57,1023832,2625238,False
2016-10-10,,2.57,2.61,2.57,2.6,2407090,6234101,False
2016-10-11,,2.601,2.607,2.596,2.604,1486101,3865606,False
2016-10-12,,2.603,2.603,2.593,2.597,871028,2261490,False
2016-10-13,,2.597,2.61,2.596,2.609,1203959,3134957,False
2016-10-14,,2.609,2.61,2.596,2.609,1148994,2989620,False
2016-10-17,,2.619,2.619,2.59,2.594,1826015,4754963,False
2016-10-18,,2.594,2.626,2.592,2.625,1939606,5061887,False
2016-10-19,,2.625,2.64,2.623,2.626,1252506,3295526,False
2016-10-20,,2.625,2.63,2.62,2.625,1738700,4565811,False
2016-10-21,,2.628,2.648,2.625,2.643,2140097,5638870,False
2016-10-24,,2.643,2.686,2.643,2.679,3335620,8910686,False
2016-10-25,,2.679,2.682,2.67,2.679,1757476,4702240,False
2016-10-26,,2.676,2.679,2.655,2.658,3827174,10193640,False
2016-10-27,,2.66,2.661,2.646,2.658,2007192,5327524,False
2016-10-28,,2.658,2.667,2.645,2.65,1877749,4990079,False
2016-10-31,,2.657,2.657,2.634,2.644,1449158,3827374,False
2016-11-01,,2.645,2.658,2.642,2.657,1307600,3465537,False
2016-11-02,,2.658,2.658,2.634,2.639,6282483,16621080,False
2016-11-03,,2.635,2.662,2.63,2.656,3045117,8061477,False
2016-11-04,,2.656,2.669,2.65,2.653,4661666,12401517,False
2016-11-07,,2.652,2.678,2.65,2.665,6594650,17566954,False
2016-11-08,,2.676,2.685,2.665,2.677,5301006,14186013,False
2016-11-09,,2.677,2.677,2.638,2.658,11169203,29767092,False
2016-11-10,,2.661,2.696,2.661,2.691,2571511,6918911,False
2016-11-11,,2.695,2.713,2.689,2.708,3308898,8939339,False
2016-11-14,,2.707,2.728,2.7,2.714,3435100,9331062,False
2016-11-15,,2.714,2.715,2.7,2.705,1375559,3721724,False
2016-11-16,,2.706,2.714,2.701,2.711,1966626,5322553,False
2016-11-17,,2.71,2.718,2.699,2.715,1679074,4545629,False
2016-11-18,,2.714,2.726,2.705,2.707,1423506,3866139,False
2016-11-21,,2.709,2.749,2.707,2.732,2815439,7675888,False
2016-11-22,,2.736,2.761,2.732,2.759,2538541,6974265,False
2016-11-23,,2.759,2.784,2.755,2.764,3289785,9114963,False
2016-11-24,,2.765,2.784,2.759,2.77,1863225,5161260,False
2016-11-25,,2.771,2.801,2.761,2.8,3493070,9734237,False
2016-11-28,,2.803,2.842,2.803,2.82,5315701,15033326,False
2016-11-29,,2.824,2.866,2.809,2.832,6353093,18047991,False
2016-11-30,,2.832,2.832,2.79,2.796,4276600,11997408,False
2016-12-01,,2.796,2.831,2.796,2.828,5797901,16360079,False
2016-12-02,,2.822,2.838,2.797,2.808,4011607,11285694,False
2016-12-05,,2.8,2.8,2.765,2.772,3450563,9578740,False
2016-12-06,,2.76,2.789,2.76,2.765,2060829,5710920,False
2016-12-07,,2.767,2.778,2.752,2.777,1989900,5501537,False
2016-12-08,,2.778,2.789,2.778,2.784,1348300,3752896,False
2016-12-09,,2.785,2.816,2.775,2.808,3749600,10492900,False
2016-12-12,,2.805,2.811,2.741,2.759,8338220,23051565,False
2016-12-13,,2.748,2.753,2.722,2.742,3313261,9074559,False
2016-12-14,,2.738,2.753,2.727,2.727,3408801,9332214,False
2016-12-15,,2.727,2.727,2.667,2.675,6002100,16144023,False
2016-12-16,,2.688,2.688,2.67,2.68,2376200,6362763,False
2016-12-19,,2.68,2.687,2.672,2.676,1682400,4507636,False
2016-12-20,,2.679,2.679,2.64,2.655,4481100,11878670,False
2016-12-21,,2.659,2.684,2.659,2.682,2338810,6252455,False
2016-12-22,,2.683,2.691,2.676,2.687,2010571,5394974,False
2016-12-23,,2.688,2.688,2.655,2.659,2620100,6982090,False
2016-12-26,,2.662,2.67,2.633,2.669,3261900,8622012,False
2016-12-27,,2.67,2.675,2.665,2.668,1513200,4039033,False
2016-12-28,,2.668,2.671,2.65,2.656,2090400,5559949,False
2016-12-29,,2.655,2.663,2.651,2.657,5245800,13948719,False
2016-12-30,,2.658,2.666,2.654,2.663,4962500,13205606,False
2017-01-03,,2.666,2.692,2.666,2.687,2885428,7749880,False
2017-01-04,,2.69,2.711,2.685,2.707,2678834,7236641,False
2017-01-05,,2.71,2.713,2.701,2.71,2109600,5712043,False
2017-01-06,,2.713,2.72,2.701,2.709,2373301,6431743,False
2017-01-09,,2.709,2.721,2.705,2.72,2068487,5615277,False
2017-01-10,,2.718,2.721,2.706,2.711,2413700,6546913,False
2017-01-11,,2.711,2.711,2.691,2.694,2148400,5801891,False
2017-01-12,,2.695,2.699,2.682,2.686,3964876,10681488,False
2017-01-13,,2.686,2.695,2.677,2.695,3370518,9050162,False
2017-01-16,,2.695,2.729,2.674,2.722,6000201,16151911,False
2017-01-17,,2.706,2.72,2.705,2.72,1793300,4865490,False
2017-01-18,,2.719,2.737,2.716,2.733,2750700,7508571,False
2017-01-19,,2.733,2.744,2.725,2.725,3209700,8779497,False
2017-01-20,,2.727,2.746,2.727,2.744,1939300,5314239,False
2017-01-23,,2.73,2.73,2.649,2.652,4351600,11587998,False
2017-01-24,,2.654,2.669,2.65,2.666,2025800,5388080,False
2017-01-25,,2.668,2.675,2.661,2.672,2348000,6268663,False
2017-01-26,,2.673,2.686,2.673,2.676,7669800,20548556,False
2017-02-03,,2.684,2.684,2.657,2.658,4448900,11851713,False
2017-02-06,,2.656,2.669,2.655,2.662,4324200,11500421,False
2017-02-07,,2.667,2.67,2.655,2.661,3075300,8177797,False
2017-02-08,,2.662,2.669,2.648,2.668,3150100,8369216,False
2017-02-09,,2.668,2.683,2.666,2.678,4062595,10871263,False
2017-02-10,,2.678,2.7,2.678,2.694,5956000,16015026,False
2017-02-13,,2.698,2.709,2.694,2.704,5195786,14044576,False
2017-02-14,,2.704,2.706,2.693,2.7,3493410,9425942,False
2017-02-15,,2.7,2.725,2.7,2.705,17863270,48539844,False
2017-02-16,,2.704,2.718,2.704,2.717,12195900,33069769,False
2017-02-17,,2.717,2.72,2.696,2.699,14190010,38419639,False
2017-02-20,,2.698,2.735,2.698,2.735,5247400,14297248,False
2017-02-21,,2.736,2.752,2.734,2.741,3695314,10134041,False
2017-02-22,,2.74,2.757,2.735,2.755,10485700,28803638,False
2017-02-23,,2.751,2.757,2.7,2.742,7402500,20313233,False
2017-02-24,,2.742,2.745,2.728,2.739,4198400,11483220,False
2017-02-27,,2.738,2.738,2.718,2.722,4938800,13487511,False
2017-02-28,,2.71,2.733,2.71,2.73,6306093,17181207,False
2017-03-01,,2.734,2.741,2.726,2.731,14411600,39405081,False
2017-03-02,,2.732,2.736,2.712,2.715,8182201,22294964,False
2017-03-03,,2.715,2.716,2.701,2.712,5370100,14553106,False
2017-03-06,,2.71,2.723,2.71,2.721,8582100,23338175,False
2017-03-07,,2.72,2.72,2.709,2.718,6354501,17242137,False
2017-03-08,,2.717,2.719,2.71,2.713,5080800,13792307,False
2017-03-09,,2.712,2.712,2.689,2.694,9006500,24263837,False
2017-03-10,,2.696,2.698,2.688,2.694,5521054,14866557,False
2017-03-13,,2.693,2.722,2.686,2.72,4660864,12618692,False
2017-03-14,,2.721,2.726,2.714,2.724,4245311,11559473,False
2017-03-15,,2.722,2.73,2.711,2.729,5713600,15563093,False
2017-03-16,,2.73,2.745,2.73,2.738,12983151,35538442,False
2017-03-17,,2.74,2.74,2.703,2.709,10419700,28397349,False
2017-03-20,,2.718,2.735,2.708,2.728,9848150,26783146,False
2017-03-21,,2.726,2.737,2.718,2.736,5887472,16059948,False
2017-03-22,,2.73,2.731,2.712,2.715,4638041,12612032,False
2017-03-23,,2.716,2.734,2.709,2.717,4254006,11584266,False
2017-03-24,,2.72,2.752,2.718,2.746,6166184,16864482,False
2017-03-27,,2.747,2.765,2.746,2.751,4871164,13418753,False
2017-03-28,,2.751,2.752,2.733,2.738,3345200,9168879,False
2017-03-29,,2.738,2.747,2.729,2.736,2890166,7910251,False
2017-03-30,,2.731,2.74,2.713,2.73,4091550,11144809,False
2017-03-31,,2.735,2.753,2.729,2.751,4322550,11868504,False
2017-04-05,,2.76,2.784,2.76,2.783,6322454,17553005,False
2017-04-06,,2.784,2.791,2.779,2.787,6542000,18205908,False
2017-04-07,,2.787,2.793,2.776,2.792,5934354,16528160,False
2017-04-10,,2.792,2.798,2.784,2.79,5144810,14367710,False
2017-04-11,,2.789,2.795,2.76,2.792,8170902,22681838,False
2017-04-12,,2.8,2.8,2.775,2.78,5468502,15226870,False
2017-04-13,,2.78,2.791,2.775,2.788,2876500,8012593,False
2017-04-14,,2.788,2.793,2.759,2.764,7245900,20062942,False
2017-04-17,,2.764,2.764,2.737,2.754,7670730,21074111,False
2017-04-18,,2.753,2.763,2.74,2.74,7849000,21611168,False
2017-04-19,,2.736,2.736,2.704,2.722,9835900,26734869,False
2017-04-20,,2.721,2.734,2.718,2.73,4739900,12924412,False
2017-04-21,,2.731,2.752,2.728,2.749,5474901,14984821,False
2017-04-24,,2.748,2.748,2.705,2.726,10193306,27705617,False
2017-04-25,,2.728,2.737,2.72,2.733,4503800,12301124,False
2017-04-26,,2.734,2.745,2.73,2.736,5411000,14816719,False
2017-04-27,,2.737,2.737,2.708,2.734,10425700,28346244,False
2017-04-28,,2.734,2.734,2.71,2.72,8009900,21782307,False
2017-05-02,,2.719,2.72,2.701,2.705,8812000,23886793,False
2017-05-03,,2.704,2.71,2.689,2.692,7769800,20964039,False
2017-05-04,,2.694,2.699,2.678,2.685,4432600,11915081,False
2017-05-05,,2.687,2.687,2.66,2.679,8342771,22270191,False
2017-05-08,,2.678,2.682,2.66,2.679,6869100,18329079,False
2017-05-09,,2.675,2.689,2.665,2.683,3894600,10424923,False
2017-05-10,,2.68,2.686,2.662,2.665,6260500,16747298,False
2017-05-11,,2.666,2.684,2.652,2.678,7303100,19470059,False
2017-05-12,,2.679,2.706,2.675,2.705,6018200,16202786,False
2017-05-15,,2.705,2.721,2.705,2.721,5957598,16169668,False
2017-05-16,,2.719,2.731,2.697,2.73,6459400,17536242,False
2017-05-17,,2.726,2.739,2.719,2.723,4755110,12986910,False
2017-05-18,,2.721,2.721,2.697,2.707,4701500,12726169,False
2017-05-19,,2.707,2.714,2.7,2.712,6263487,16958137,False
2017-05-22,,2.71,2.725,2.696,2.71,8514300,23055390,False
2017-05-23,,2.704,2.735,2.704,2.733,7912631,21557403,False
2017-05-24,,2.732,2.732,2.711,2.73,7390143,20109377,False
2017-05-25,,2.729,2.788,2.722,2.78,17229164,47611499,False
2017-05-26,,2.78,2.793,2.77,2.787,8351509,23272550,False
2017-05-31,,2.791,2.805,2.779,2.8,7117011,19882111,False
2017-06-01,,2.798,2.808,2.788,2.807,4446454,12436675,False
2017-06-02,,2.806,2.816,2.8,2.808,3835800,10771191,False
2017-06-05,,2.806,2.81,2.78,2.784,6034100,16833774,False
2017-06-06,,2.784,2.792,2.774,2.792,4668201,12994162,False
2017-06-07,,2.792,2.818,2.792,2.817,4070200,11447899,False
2017-06-08,,2.819,2.851,2.816,2.848,5477754,15517101,False
2017-06-09,,2.847,2.866,2.84,2.852,6162376,17604182,False
2017-06-12,,2.854,2.882,2.841,2.857,5985654,17142852,False
2017-06-13,,2.865,2.867,2.846,2.865,5080900,14519677,False
2017-06-14,,2.865,2.865,2.825,2.829,8059729,22863860,False
2017-06-15,,2.831,2.834,2.808,2.814,5318793,14976024,False
2017-06-16,,2.814,2.82,2.8,2.804,4259600,11967259,False
2017-06-19,,2.806,2.826,2.796,2.821,3932610,11075744,False
2017-06-20,,2.825,2.828,2.81,2.81,5380092,15138365,False
2017-06-21,,2.822,2.843,2.808,2.842,5233853,14767491,False
2017-06-22,,2.841,2.877,2.835,2.851,9088467,26033232,False
2017-06-23,,2.85,2.873,2.835,2.872,4857944,13841848,False
2017-06-26,,2.87,2.902,2.87,2.896,5365277,15515993,False
2017-06-27,,2.895,2.901,2.882,2.897,3405521,9835146,False
2017-06-28,,2.891,2.911,2.886,2.889,3178627,9208764,False
2017-06-29,,2.889,2.906,2.888,2.903,3991784,11553547,False
2017-06-30,,2.9,2.915,2.885,2.911,5264911,15286751,False
2017-07-03,,2.912,2.917,2.895,2.913,4962000,14410445,False
2017-07-04,,2.903,2.911,2.888,2.899,4795222,13889350,False
2017-07-05,,2.894,2.919,2.89,2.916,4294300,12472980,False
2017-07-06,,2.916,2.932,2.91,2.928,5161229,15082971,False
2017-07-07,,2.93,2.939,2.92,2.939,5151677,15084631,False
2017-07-10,,2.939,2.95,2.93,2.938,3137000,9223117,False
2017-07-11,,2.938,2.969,2.935,2.955,5486805,16195858,False
2017-07-12,,2.954,2.966,2.926,2.938,6122664,18053695,False
2017-07-13,,2.938,2.964,2.937,2.963,4235400,12513119,False
2017-07-14,,2.963,2.993,2.963,2.992,4170533,12408195,False
2017-07-17,,2.993,3.01,2.942,2.975,9965000,29749266,False
2017-07-18,,2.98,2.985,2.948,2.975,6293369,18654883,False
2017-07-19,,2.976,3.005,2.973,3.004,6482780,19379315,False
2017-07-20,,3.001,3.019,2.991,3.019,8376901,25169308,False
2017-07-21,,3.018,3.027,3.011,3.02,3751307,11324509,False
2017-07-24,,3.025,3.041,3.01,3.034,4813353,14578285,False
2017-07-25,,3.035,3.036,3.015,3.02,5983573,18090932,False
2017-07-26,,3.025,3.048,2.986,3.005,8277053,24873774,False
2017-07-27,,3.005,3.005,2.986,3.005,3780310,11323616,False
2017-07-28,,3.003,3.006,2.99,3.003,2741410,8221452,False
2017-07-31,,3.003,3.01,2.997,3.007,5076000,15248712,False
2017-08-01,,3.009,3.027,3.007,3.026,6017900,18167009,False
2017-08-02,,3.028,3.042,2.723,3.02,3859010,11613950,False
2017-08-03,,3.02,3.028,2.985,2.997,6268911,18823484,False
2017-08-04,,2.99,3.002,2.984,2.985,9116753,27287730,False
2017-08-07,,2.99,2.995,2.965,2.994,5428169,16192153,False
2017-08-08,,2.992,2.994,2.977,2.98,4130840,12320286,False
2017-08-09,,2.981,2.982,2.97,2.975,3120140,9286733,False
2017-08-10,,2.974,2.98,2.948,2.967,5612479,16629399,False
2017-08-11,,2.963,2.963,2.916,2.92,10182100,29812224,False
2017-08-14,,2.91,2.939,2.91,2.933,3994286,11700487,False
2017-08-15,,2.933,2.965,2.93,2.95,5252302,15510417,False
2017-08-16,,2.95,2.95,2.937,2.943,3009901,8850750,False
2017-08-17,,2.944,2.962,2.943,2.957,2582731,7617544,False
2017-08-18,,2.95,2.967,2.94,2.961,3132007,9256368,False
2017-08-21,,2.96,2.973,2.958,2.97,2971270,8815492,False
2017-08-22,,2.97,2.983,2.967,2.973,4050201,12033091,False
2017-08-23,,2.972,2.991,2.972,2.984,4243812,12656542,False
2017-08-24,,2.984,2.995,2.977,2.978,3270300,9760586,False
2017-08-25,,2.978,3.03,2.977,3.028,8236420,24749942,False
2017-08-28,,3.028,3.059,3.028,3.037,4685658,14252008,False
2017-08-29,,3.034,3.045,3.03,3.039,4149600,12603200,False
2017-08-30,,3.044,3.053,3.028,3.032,3010100,9152577,False
2017-08-31,,3.034,3.044,3.0,3.015,5385842,16226466,False
2017-09-01,,3.015,3.032,3.007,3.014,5723700,17268827,False
2017-09-04,,3.015,3.022,3.005,3.018,5877950,17707823,False
2017-09-05,,3.019,3.032,3.012,3.026,3508050,10603705,False
2017-09-06,,3.023,3.025,3.013,3.023,2547100,7685947,False
2017-09-07,,3.023,3.028,3.012,3.013,4014600,12117288,False
2017-09-08,,3.013,3.023,3.008,3.015,3780701,11397304,False
2017-09-11,,3.015,3.033,3.012,3.019,4883400,14757015,False
2017-09-12,,3.02,3.03,3.017,3.025,3415200,10323363,False
2017-09-13,,3.025,3.028,3.016,3.024,1785300,5394837,False
2017-09-14,,3.024,3.027,3.003,3.006,5879630,17725277,False
2017-09-15,,3.007,3.009,2.993,2.997,3636897,10907678,False
2017-09-18,,2.999,3.016,2.997,3.01,3580793,10777430,False
2017-09-19,,3.011,3.025,3.0,3.004,3205291,9638481,False
2017-09-20,,3.005,3.025,3.0,3.02,4077960,12280955,False
2017-09-21,,3.02,3.034,3.013,3.029,2625947,7946183,False
2017-09-22,,3.028,3.035,3.018,3.033,5008994,15143620,False
2017-09-25,,3.032,3.033,3.021,3.03,3851109,11657512,False
2017-09-26,,3.025,3.033,3.02,3.026,2376307,7191804,False
2017-09-27,,3.026,3.034,3.023,3.03,1788615,5419499,False
2017-09-28,,3.024,3.029,3.021,3.026,2143500,6481165,False
2017-09-29,,3.026,3.037,3.026,3.036,2841344,8617672,False
2017-10-09,,3.07,3.088,3.055,3.058,4447771,13664519,False
2017-10-10,,3.058,3.068,3.032,3.05,5232655,15921728,False
2017-10-11,,3.052,3.068,3.041,3.062,3228728,9874054,False
2017-10-12,,3.062,3.072,3.057,3.068,2604200,7973476,False
2017-10-13,,3.069,3.075,3.062,3.069,4905533,15051177,False
2017-10-16,,3.069,3.069,3.06,3.065,3157000,9673469,False
2017-10-17,,3.064,3.065,3.054,3.061,2248800,6879146,False
2017-10-18,,3.06,3.077,3.059,3.076,3030900,9294945,False
2017-10-19,,3.076,3.088,3.076,3.083,4773376,14708869,False
2017-10-20,,3.081,3.095,3.076,3.093,4030617,12430878,False
2017-10-23,,3.092,3.093,3.086,3.089,2423163,7486200,False
2017-10-24,,3.087,3.107,3.082,3.106,3549799,10988027,False
2017-10-25,,3.107,3.111,3.102,3.111,2174300,6755110,False
2017-10-26,,3.111,3.124,3.099,3.104,4709220,14655413,False
2017-10-27,,3.116,3.12,3.106,3.119,3473700,10808681,False
2017-10-30,,3.12,3.125,3.085,3.112,6399132,19850642,False
2017-10-31,,3.108,3.108,3.088,3.1,4849269,15002603,False
2017-11-01,,3.1,3.104,3.075,3.075,5582300,17225299,False
2017-11-02,,3.074,3.078,3.057,3.072,4783901,14653462,False
2017-11-03,,3.072,3.072,3.043,3.063,6149200,18780492,False
2017-11-06,,3.062,3.075,3.049,3.075,3242400,9924692,False
2017-11-07,,3.075,3.105,3.075,3.093,5073087,15693598,False
2017-11-08,,3.093,3.121,3.091,3.101,4126000,12825465,False
2017-11-09,,3.104,3.119,3.1,3.117,2696037,8377743,False
2017-11-10,,3.119,3.138,3.1,3.136,4611796,14413076,False
2017-11-13,,3.136,3.167,3.136,3.159,3957353,12490243,False
2017-11-14,,3.158,3.164,3.137,3.143,4350665,13704619,False
2017-11-15,,3.143,3.143,3.119,3.124,4098639,12814208,False
2017-11-16,,3.123,3.126,3.113,3.123,3588400,11188797,False
2017-11-17,,3.123,3.161,3.121,3.158,5266620,16533721,False
2017-11-20,,3.155,3.185,3.128,3.181,6773800,21344608,False
2017-11-21,,3.181,3.221,3.172,3.207,6674155,21396265,False
2017-11-22,,3.21,3.244,3.205,3.221,4287488,13846788,False
2017-11-23,,3.22,3.232,3.138,3.155,8449668,26948132,False
2017-11-24,,3.152,3.16,3.122,3.15,10001300,31362697,False
2017-11-27,,3.15,3.15,3.104,3.121,9300600,28993292,False
2017-11-28,,3.112,3.123,3.095,3.113,6112000,18989105,False
2017-11-29,,3.114,3.13,3.091,3.112,3801000,11811088,False
2017-11-30,,3.111,3.116,3.089,3.093,6137000,19041704,False
2017-12-01,,3.093,3.098,3.077,3.09,5788500,17863050,False
2017-12-04,,3.09,3.098,3.076,3.089,5338500,16471932,False
2017-12-05,,3.089,3.132,3.088,3.124,9323582,28980179,False
2017-12-06,,3.123,3.123,3.07,3.096,6029510,18650924,False
2017-12-07,,3.093,3.095,3.061,3.071,6341553,19499907,False
2017-12-08,,3.068,3.071,3.05,3.067,5795253,17729397,False
2017-12-11,,3.065,3.097,3.054,3.097,5174854,15861894,False
2017-12-12,,3.089,3.09,3.053,3.055,6319900,19415093,False
2017-12-13,,3.055,3.069,3.042,3.068,5041900,15385956,False
2017-12-14,,3.068,3.074,3.052,3.056,5366839,16432939,False
2017-12-15,,3.051,3.056,3.031,3.032,6500300,19751948,False
2017-12-18,,3.036,3.042,3.027,3.036,4613577,13998889,False
2017-12-19,,3.037,3.061,3.037,3.061,4822776,14693470,False
2017-12-20,,3.061,3.07,3.053,3.062,4828000,14779175,False
2017-12-21,,3.065,3.078,3.045,3.069,6203976,19002137,False
2017-12-22,,3.071,3.078,3.066,3.067,6684608,20536459,False
2017-12-25,,3.066,3.095,3.065,3.07,8479976,26100019,False
2017-12-26,,3.07,3.09,3.067,3.089,6775073,20845272,False
2017-12-27,,3.09,3.098,3.065,3.07,5808000,17920053,False
2017-12-28,,3.072,3.09,3.064,3.086,5289393,16300156,False
2017-12-29,,3.087,3.102,3.086,3.102,9553582,29565986,False
2018-01-02,,3.103,3.15,3.103,3.147,7375182,23160895,False
2018-01-03,,3.148,3.177,3.14,3.162,5740300,18154962,False
2018-01-04,,3.161,3.171,3.154,3.163,3981050,12587876,False
2018-01-05,,3.163,3.203,3.158,3.195,6048310,19257666,False
2018-01-08,,3.194,3.235,3.193,3.217,7769900,24998529,False
2018-01-09,,3.219,3.223,3.207,3.216,4207601,13524034,False
2018-01-10,,3.216,3.235,3.207,3.226,11343290,36553788,False
2018-01-11,,3.225,3.232,3.204,3.218,7610445,24456711,False
2018-01-12,,3.217,3.237,3.212,3.226,4950455,15983304,False
2018-01-15,,3.227,3.249,3.215,3.221,5113502,16528418,False
2018-01-16,,3.219,3.245,3.215,3.244,4910000,15863174,False
2018-01-17,,3.25,3.284,3.235,3.254,9093756,29647665,False
2018-01-18,,3.255,3.284,3.255,3.282,6850700,22390921,False
2018-01-19,,3.286,3.317,3.285,3.298,8048902,26590502,False
2018-01-22,,3.296,3.323,3.293,3.319,6677000,22124584,False
2018-01-23,,3.217,3.26,3.212,3.259,9785600,31722233,False
2018-01-24,,3.261,3.287,3.249,3.269,6029000,19705092,False
2018-01-25,,3.268,3.275,3.229,3.255,6791600,22092818,False
2018-01-26,,3.252,3.3,3.246,3.291,6069443,19884785,False
2018-01-29,,3.284,3.324,3.24,3.259,10040400,32976370,False
2018-01-30,,3.258,3.264,3.221,3.228,8259138,26788089,False
2018-01-31,,3.222,3.232,3.196,3.225,6493850,20875656,False
2018-02-01,,3.227,3.244,3.197,3.222,6944264,22320105,False
2018-02-02,,3.212,3.257,3.181,3.253,6507830,20930515,False
2018-02-05,,3.23,3.306,3.22,3.303,6163901,20142055,False
2018-02-06,,3.268,3.269,3.2,3.215,15387423,49747161,False
2018-02-07,,3.25,3.272,3.146,3.152,12718300,40722697,False
2018-02-08,,3.146,3.148,3.06,3.094,12625900,39186810,False
2018-02-09,,3.049,3.049,2.908,2.978,20763664,61555479,False
2018-02-12,,2.983,3.0,2.96,2.984,9925400,29600301,False
2018-02-13,,2.993,3.054,2.993,3.023,7455700,22582188,False
2018-02-14,,3.023,3.035,3.0,3.032,7699894,23224764,False
2018-02-22,,3.07,3.09,3.056,3.09,6312600,19412366,False
2018-02-23,,3.09,3.112,3.077,3.104,6777700,20969443,False
2018-02-26,,3.113,3.136,3.086,3.123,7587300,23604509,False
2018-02-27,,3.13,3.134,3.078,3.084,8972005,27752945,False
2018-02-28,,3.071,3.071,3.035,3.056,6735700,20565994,False
2018-03-01,,3.049,3.07,3.027,3.05,6424593,19610723,False
2018-03-02,,3.041,3.057,3.023,3.048,5898811,17926735,False
2018-03-05,,3.048,3.07,3.035,3.05,3777486,11517139,False
2018-03-06,,3.061,3.079,3.039,3.075,5390467,16486153,False
2018-03-07,,3.076,3.102,3.068,3.071,6324467,19522145,False
2018-03-08,,3.07,3.088,3.066,3.084,2588000,7970677,False
2018-03-09,,3.094,3.094,3.077,3.086,5372600,16574973,False
2018-03-12,,3.095,3.104,3.088,3.092,4854900,15024759,False
2018-03-13,,3.092,3.101,3.077,3.08,4732500,14626694,False
2018-03-14,,3.079,3.079,3.062,3.072,3070711,9422942,False
2018-03-15,,3.07,3.077,3.058,3.066,4999449,15323686,False
2018-03-16,,3.067,3.075,3.045,3.049,3808000,11651193,False
2018-03-19,,3.048,3.05,3.024,3.034,4954400,15029263,False
2018-03-20,,3.034,3.04,3.014,3.04,4160650,12589134,False
2018-03-21,,3.046,3.057,3.025,3.03,3903500,11888636,False
2018-03-22,,3.039,3.039,2.996,3.01,6250200,18817193,False
2018-03-23,,2.968,2.968,2.905,2.943,17086613,50106404,False
2018-03-26,,2.935,2.935,2.877,2.913,11061200,32021237,False
2018-03-27,,2.924,2.98,2.902,2.913,7754901,22665108,False
2018-03-28,,2.902,2.919,2.877,2.877,8968963,25911017,False
2018-03-29,,2.878,2.934,2.861,2.928,6576701,19026975,False
2018-03-30,,2.928,2.934,2.913,2.921,4786200,13990086,False
2018-04-02,,2.921,2.935,2.903,2.905,6174700,18014868,False
2018-04-03,,2.891,2.892,2.86,2.865,9279300,26610603,False
2018-04-04,,2.867,2.89,2.865,2.866,5976300,17205251,False
2018-04-09,,2.864,2.874,2.848,2.864,4427600,12673800,False
2018-04-10,,2.865,2.917,2.865,2.916,5986600,17295512,False
2018-04-11,,2.919,2.949,2.916,2.938,5616255,16474270,False
2018-04-12,,2.938,2.938,2.906,2.908,4811400,14040456,False
2018-04-13,,2.933,2.933,2.892,2.895,3290053,9562035,False
2018-04-16,,2.895,2.895,2.833,2.842,9955000,28393196,False
2018-04-17,,2.85,2.852,2.81,2.818,6669700,18890319,False
2018-04-18,,2.833,2.845,2.788,2.82,9178900,25781650,False
2018-04-19,,2.82,2.84,2.815,2.838,4768901,13504674,False
2018-04-20,,2.836,2.846,2.795,2.803,5574600,15663635,False
2018-04-23,,2.801,2.816,2.79,2.803,4645463,13007792,False
2018-04-24,,2.802,2.878,2.802,2.859,7532907,21503199,False
2018-04-25,,2.85,2.855,2.837,2.841,3952000,11236387,False
2018-04-26,,2.844,2.848,2.797,2.801,6655700,18714101,False
2018-04-27,,2.808,2.816,2.773,2.806,8672181,24189968,False
2018-05-02,,2.812,2.822,2.806,2.818,5243686,14756792,False
2018-05-03,,2.818,2.841,2.809,2.835,5562040,15691747,False
2018-05-04,,2.835,2.842,2.83,2.834,3166900,8979463,False
2018-05-07,,2.834,2.866,2.831,2.865,4175500,11914468,False
2018-05-08,,2.865,2.894,2.86,2.89,5860300,16910072,False
2018-05-09,,2.896,2.896,2.879,2.884,4171301,12043995,False
2018-05-10,,2.887,2.907,2.887,2.905,3217100,9325662,False
2018-05-11,,2.905,2.913,2.896,2.899,3025000,8780567,False
2018-05-14,,2.902,2.917,2.9,2.905,3404600,9903604,False
2018-05-15,,2.911,2.916,2.901,2.915,3658412,10642102,False
2018-05-16,,2.912,2.916,2.902,2.904,3267272,9503430,False
2018-05-17,,2.901,2.909,2.894,2.898,2855772,8284553,False
2018-05-18,,2.898,2.929,2.889,2.928,4204300,12231138,False
2018-05-21,,2.935,2.949,2.933,2.937,5841200,17186506,False
2018-05-22,,2.937,2.939,2.916,2.923,2938600,8589966,False
2018-05-23,,2.92,2.922,2.9,2.9,4640900,13506476,False
2018-05-24,,2.9,2.901,2.875,2.877,5297800,15299019,False
2018-05-25,,2.876,2.885,2.865,2.881,4878300,14021131,False
2018-05-28,,2.878,2.885,2.865,2.876,4187400,12043733,False
2018-05-29,,2.874,2.882,2.865,2.873,3939159,11317604,False
2018-05-30,,2.864,2.864,2.828,2.834,7643300,21719872,False
2018-05-31,,2.842,2.879,2.842,2.875,4947732,14154932,False
2018-06-01,,2.871,2.883,2.853,2.864,3653000,10469334,False
2018-06-04,,2.869,2.885,2.869,2.881,3491900,10045153,False
2018-06-05,,2.884,2.898,2.871,2.895,3222102,9285849,False
2018-06-06,,2.893,2.893,2.882,2.888,2514953,7262654,False
2018-06-07,,2.889,2.897,2.878,2.878,3965600,11452527,False
2018-06-08,,2.877,2.877,2.835,2.844,6082000,17317194,False
2018-06-11,,2.842,2.843,2.827,2.84,5209100,14762497,False
2018-06-12,,2.841,2.869,2.833,2.86,3616428,10316669,False
2018-06-13,,2.859,2.866,2.854,2.857,1989368,5691612,False
2018-06-14,,2.852,2.865,2.841,2.855,2056100,5867713,False
2018-06-15,,2.855,2.864,2.845,2.853,4138100,11810141,False
2018-06-19,,2.849,2.85,2.75,2.786,12437206,34857505,False
2018-06-20,,2.776,2.785,2.758,2.781,6913895,19170451,False
2018-06-21,,2.781,2.8,2.758,2.761,6141000,17065987,False
2018-06-22,,2.758,2.761,2.733,2.756,4569300,12553856,False
2018-06-25,,2.762,2.776,2.735,2.736,5455100,15023768,False
2018-06-26,,2.72,2.72,2.673,2.703,12324300,33206891,False
2018-06-27,,2.703,2.712,2.659,2.671,12193700,32724794,False
2018-06-28,,2.674,2.675,2.639,2.644,8967355,23819439,False
2018-06-29,,2.647,2.693,2.646,2.69,9904010,26412139,False
2018-07-02,,2.691,2.691,2.599,2.615,26136161,68621628,False
2018-07-03,,2.621,2.624,2.564,2.62,10353300,26916632,False
2018-07-04,,2.619,2.633,2.61,2.613,5321300,13956518,False
2018-07-05,,2.614,2.628,2.59,2.599,5840100,15206532,False
2018-07-06,,2.602,2.63,2.573,2.616,8090900,21033781,False
2018-07-09,,2.62,2.673,2.619,2.671,9678700,25675396,False
2018-07-10,,2.671,2.686,2.66,2.681,6783500,18125288,False
2018-07-11,,2.64,2.652,2.626,2.643,8627200,22770851,False
2018-07-12,,2.64,2.7,2.64,2.688,8567700,22939142,False
2018-07-13,,2.694,2.699,2.68,2.685,3198626,8604768,False
2018-07-16,,2.686,2.694,2.66,2.675,4868764,13018962,False
2018-07-17,,2.663,2.674,2.646,2.662,5556664,14748204,False
2018-07-18,,2.662,2.695,2.662,2.676,4578400,12272529,False
2018-07-19,,2.677,2.69,2.665,2.665,4812800,12867530,False
2018-07-20,,2.666,2.74,2.658,2.732,7376800,19973420,False
2018-07-23,,2.726,2.774,2.719,2.769,6593000,18117456,False
2018-07-24,,2.77,2.802,2.77,2.791,6886100,19231389,False
2018-07-25,,2.799,2.799,2.781,2.79,3917600,10918547,False
2018-07-26,,2.79,2.802,2.768,2.773,4102900,11406249,False
2018-07-27,,2.773,2.78,2.762,2.765,2993800,8293728,False
2018-07-30,,2.765,2.793,2.756,2.77,5002300,13873054,False
2018-07-31,,2.769,2.794,2.759,2.787,4866700,13509763,False
2018-08-01,,2.789,2.798,2.734,2.736,6998541,19354477,False
2018-08-02,,2.73,2.73,2.653,2.679,11246100,30211444,False
2018-08-03,,2.682,2.697,2.665,2.666,6574000,17628971,False
2018-08-06,,2.671,2.689,2.639,2.65,6654600,17684680,False
2018-08-07,,2.653,2.706,2.642,2.706,7626900,20378665,False
2018-08-08,,2.704,2.704,2.671,2.671,5076500,13636647,False
2018-08-09,,2.67,2.723,2.663,2.715,5045661,13655272,False
2018-08-10,,2.718,2.723,2.688,2.705,4151000,11230875,False
2018-08-13,,2.69,2.69,2.652,2.684,7313148,19503520,False
2018-08-14,,2.684,2.689,2.672,2.678,3864700,10356345,False
2018-08-15,,2.68,2.684,2.631,2.632,9480848,25112794,False
2018-08-16,,2.623,2.64,2.592,2.622,7776800,20365028,False
2018-08-17,,2.637,2.642,2.595,2.597,6771400,17707034,False
2018-08-20,,2.6,2.625,2.595,2.623,5841400,15220382,False
2018-08-21,,2.625,2.658,2.625,2.649,4651300,12304015,False
2018-08-22,,2.649,2.654,2.633,2.638,2793428,7373724,False
2018-08-23,,2.638,2.659,2.625,2.647,3817500,10087288,False
2018-08-24,,2.646,2.675,2.633,2.657,4820853,12798902,False
2018-08-27,,2.66,2.711,2.66,2.709,6179955,16619848,False
2018-08-28,,2.709,2.717,2.703,2.707,4588505,12430381,False
2018-08-29,,2.705,2.709,2.687,2.704,6572533,17716777,False
2018-08-30,,2.695,2.709,2.68,2.686,7604901,20445317,False
2018-08-31,,2.679,2.691,2.662,2.676,4637645,12410370,False
2018-09-03,,2.678,2.682,2.65,2.672,5063274,13495329,False
2018-09-04,,2.673,2.702,2.666,2.696,5183200,13896248,False
2018-09-05,,2.691,2.694,2.653,2.66,5887600,15736099,False
2018-09-06,,2.648,2.663,2.633,2.635,4998300,13234260,False
2018-09-07,,2.64,2.667,2.63,2.647,5627400,14893074,False
2018-09-10,,2.643,2.65,2.63,2.635,9481100,24989025,False
2018-09-11,,2.634,2.635,2.613,2.624,5542000,14538105,False
2018-09-12,,2.627,2.634,2.606,2.62,5634000,14748205,False
2018-09-13,,2.635,2.65,2.623,2.649,5455200,14379198,False
2018-09-14,,2.65,2.659,2.643,2.652,3881600,10289656,False
2018-09-17,,2.649,2.649,2.632,2.638,6726400,17758647,False
2018-09-18,,2.634,2.677,2.63,2.676,4775300,12683199,False
2018-09-19,,2.676,2.719,2.669,2.711,10988606,29720471,False
2018-09-20,,2.714,2.717,2.699,2.702,4293500,11621853,False
2018-09-21,,2.708,2.78,2.702,2.778,9006400,24688834,False
2018-09-25,,2.755,2.763,2.747,2.755,6366018,17531733,False
2018-09-26,,2.76,2.809,2.758,2.775,8113300,22597562,False
2018-09-27,,2.772,2.783,2.768,2.779,3875900,10759278,False
2018-09-28,,2.779,2.805,2.779,2.801,5636900,15754211,False
2018-10-08,,2.769,2.769,2.703,2.707,13441500,36703308,False
2018-10-09,,2.707,2.717,2.696,2.699,7593100,20543124,False
2018-10-10,,2.703,2.723,2.689,2.709,5351600,14478829,False
2018-10-11,,2.645,2.675,2.571,2.598,35491100,92807351,False
2018-10-12,,2.597,2.624,2.561,2.614,17905500,46367576,False
2018-10-15,,2.623,2.624,2.567,2.575,11822900,30625931,False
2018-10-16,,2.573,2.59,2.55,2.554,10769400,27671913,False
2018-10-17,,2.571,2.587,2.542,2.574,10681100,27450095,False
2018-10-18,,2.565,2.565,2.525,2.53,16203200,41153358,False
2018-10-19,,2.519,2.589,2.5,2.587,13352853,33969148,False
2018-10-22,,2.602,2.695,2.602,2.675,20200500,53741006,False
2018-10-23,,2.676,2.676,2.605,2.612,19162000,50573059,False
2018-10-24,,2.611,2.656,2.603,2.624,11226400,29472973,False
2018-10-25,,2.58,2.625,2.554,2.621,12246800,31694287,False
2018-10-26,,2.63,2.645,2.609,2.625,5333628,13989059,False
2018-10-29,,2.625,2.631,2.562,2.574,13526900,35073596,False
2018-10-30,,2.569,2.615,2.561,2.588,8594701,22241390,False
2018-10-31,,2.598,2.622,2.592,2.616,9701300,25276624,False
2018-11-01,,2.621,2.64,2.61,2.613,8981263,23616970,False
2018-11-02,,2.652,2.675,2.633,2.675,13401676,35590320,False
2018-11-05,,2.661,2.671,2.635,2.66,8988300,23845740,False
2018-11-06,,2.659,2.66,2.64,2.656,4352100,11535803,False
2018-11-07,,2.656,2.673,2.638,2.641,6971400,18505923,False
2018-11-08,,2.651,2.663,2.634,2.643,9558400,25320289,False
2018-11-09,,2.632,2.633,2.605,2.606,8721400,22812429,False
2018-11-12,,2.603,2.636,2.6,2.636,5522601,14465445,False
2018-11-13,,2.619,2.66,2.611,2.65,6374402,16815936,False
2018-11-14,,2.65,2.656,2.622,2.625,6158100,16248563,False
2018-11-15,,2.625,2.648,2.625,2.644,5025000,13255206,False
2018-11-16,,2.65,2.665,2.638,2.65,7173676,19017068,False
2018-11-19,,2.651,2.675,2.651,2.674,6831539,18198578,False
2018-11-20,,2.665,2.671,2.625,2.629,9643800,25499755,False
2018-11-21,,2.618,2.633,2.607,2.629,4723600,12384648,False
2018-11-22,,2.632,2.636,2.61,2.62,4042200,10589531,False
2018-11-23,,2.619,2.619,2.57,2.575,15488500,40076272,False
2018-11-26,,2.575,2.591,2.567,2.578,6314500,16281537,False
2018-11-27,,2.58,2.587,2.564,2.572,5631700,14507982,False
2018-11-28,,2.57,2.589,2.558,2.588,4698200,12103874,False
2018-11-29,,2.598,2.598,2.57,2.571,5192238,13414805,False
2018-11-30,,2.57,2.588,2.564,2.587,5190000,13375615,False
2018-12-03,,2.628,2.654,2.622,2.643,12109743,31969510,False
2018-12-04,,2.644,2.653,2.63,2.649,5634244,14898726,False
2018-12-05,,2.629,2.652,2.624,2.642,4729300,12490120,False
2018-12-06,,2.625,2.63,2.605,2.611,7176400,18765518,False
2018-12-07,,2.611,2.623,2.61,2.621,2562100,6705768,False
2018-12-10,,2.615,2.62,2.6,2.607,5301700,13822835,False
2018-12-11,,2.611,2.615,2.604,2.609,2951200,7699071,False
2018-12-12,,2.615,2.63,2.615,2.625,3181200,8346053,False
2018-12-13,,2.629,2.663,2.626,2.652,11186100,29664008,False
2018-12-14,,2.65,2.653,2.634,2.636,10001700,26410011,False
2018-12-17,,2.633,2.651,2.629,2.65,4467700,11796448,False
2018-12-18,,2.643,2.65,2.619,2.634,6665600,17533955,False
2018-12-19,,2.631,2.643,2.617,2.619,5137000,13502008,False
2018-12-20,,2.616,2.63,2.589,2.604,10276300,26771934,False
2018-12-21,,2.6,2.602,2.576,2.59,10693700,27634290,False
2018-12-24,,2.585,2.605,2.579,2.605,5376500,13932059,False
2018-12-25,,2.594,2.594,2.547,2.58,16294200,41816763,False
2018-12-26,,2.578,2.589,2.574,2.582,4250900,10969119,False
2018-12-27,,2.601,2.613,2.569,2.579,6200100,16062470,False
2018-12-28,,2.578,2.587,2.569,2.583,6062700,15628483,False
2019-01-02,,2.587,2.59,2.529,2.539,16917500,43083614,False
2019-01-03,,2.535,2.557,2.529,2.532,8427900,21395968,False
2019-01-04,,2.52,2.567,2.512,2.566,9693101,24688398,False
2019-01-07,,2.575,2.594,2.572,2.591,7740301,19981101,False
2019-01-08,,2.59,2.597,2.579,2.596,7366301,19077133,False
2019-01-09,,2.596,2.639,2.596,2.608,11184900,29370683,False
2019-01-10,,2.61,2.617,2.6,2.6,8166901,21295085,False
2019-01-11,,2.602,2.616,2.599,2.611,5189100,13532694,False
2019-01-14,,2.612,2.62,2.61,2.613,6062000,15844453,False
2019-01-15,,2.614,2.635,2.605,2.631,9463800,24819125,False
2019-01-16,,2.538,2.539,2.531,2.535,7205000,18262197,False
2019-01-17,,2.536,2.547,2.528,2.528,6874701,17432913,False
2019-01-18,,2.53,2.562,2.53,2.56,7131301,18169653,False
2019-01-21,,2.565,2.578,2.562,2.571,10495800,26989073,False
2019-01-22,,2.57,2.577,2.539,2.546,11872700,30319993,False
2019-01-23,,2.543,2.555,2.538,2.549,3688827,9399613,False
2019-01-24,,2.545,2.56,2.538,2.558,8090000,20602347,False
2019-01-25,,2.558,2.576,2.558,2.566,8392100,21544536,False
2019-01-28,,2.574,2.595,2.564,2.567,10107490,26050847,False
2019-01-29,,2.559,2.583,2.542,2.578,11570455,29667602,False
2019-01-30,,2.574,2.584,2.56,2.569,5942684,15284542,False
2019-01-31,,2.571,2.594,2.571,2.585,7331076,18928787,False
2019-02-01,,2.588,2.608,2.58,2.607,11730062,30414010,False
2019-02-11,,2.607,2.63,2.6,2.622,16877560,44193557,False
2019-02-12,,2.632,2.65,2.622,2.641,13756101,36255722,False
2019-02-13,,2.643,2.689,2.64,2.672,18872602,50291447,False
2019-02-14,,2.673,2.685,2.665,2.677,8770497,23445887,False
2019-02-15,,2.674,2.674,2.634,2.638,12139166,32211539,False
2019-02-18,,2.647,2.698,2.647,2.698,10353918,27728101,False
2019-02-19,,2.7,2.716,2.682,2.694,11884218,32076613,False
2019-02-20,,2.696,2.702,2.682,2.697,8753127,23579118,False
2019-02-21,,2.697,2.711,2.675,2.679,11398376,30726652,False
2019-02-22,,2.68,2.708,2.667,2.707,11249053,30194175,False
2019-02-25,,2.713,2.827,2.713,2.825,32200990,88856620,False
2019-02-26,,2.818,2.854,2.8,2.808,22776076,64268276,False
2019-02-27,,2.8,2.848,2.792,2.806,14709501,41486327,False
2019-02-28,,2.805,2.827,2.8,2.807,10027700,28204196,False
2019-03-01,,2.816,2.836,2.799,2.835,11799176,33227362,False
2019-03-04,,2.84,2.91,2.84,2.869,18469337,53018963,False
2019-03-05,,2.866,2.885,2.852,2.884,12732900,36509479,False
2019-03-06,,2.884,2.927,2.867,2.919,18930662,54919772,False
2019-03-07,,2.916,2.926,2.885,2.91,20191302,58707876,False
2019-03-08,,2.887,2.887,2.79,2.793,26531763,75256681,False
2019-03-11,,2.789,2.836,2.785,2.83,12995614,36526821,False
2019-03-12,,2.85,2.888,2.834,2.858,12646164,36204004,False
2019-03-13,,2.858,2.864,2.833,2.837,11096063,31583424,False
2019-03-14,,2.836,2.858,2.791,2.805,12391324,34899603,False
2019-03-15,,2.804,2.852,2.804,2.832,9808619,27740597,False
2019-03-18,,2.834,2.91,2.83,2.907,15883929,45659415,False
2019-03-19,,2.909,2.927,2.891,2.904,11000228,31970288,False
2019-03-20,,2.893,2.914,2.866,2.902,9572310,27653319,False
2019-03-21,,2.905,2.932,2.905,2.917,12837328,37495253,False
2019-03-22,,2.916,2.926,2.88,2.919,9566437,27760824,False
2019-03-25,,2.871,2.913,2.871,2.876,11010600,31841229,False
2019-03-26,,2.878,2.892,2.825,2.83,15089900,43039273,False
2019-03-27,,2.845,2.878,2.841,2.875,9794400,28033924,False
2019-03-28,,2.875,2.889,2.853,2.862,11554663,33199949,False
2019-03-29,,2.862,2.926,2.845,2.919,18476300,53332956,False
2019-04-01,,2.922,3.0,2.922,2.996,19981367,59497545,False
2019-04-02,,3.007,3.014,2.988,2.994,11909066,35741667,False
2019-04-03,,2.99,3.03,2.962,3.026,10899463,32703705,False
2019-04-04,,3.043,3.068,3.03,3.061,11513230,35141505,False
2019-04-08,,3.07,3.093,3.031,3.076,17567869,53863859,False
2019-04-09,,3.07,3.08,3.055,3.069,7148706,21938531,False
2019-04-10,,3.06,3.082,3.037,3.062,7483800,22860270,False
2019-04-11,,3.062,3.077,3.021,3.035,9470800,28870634,False
2019-04-12,,3.03,3.031,2.993,3.011,9970400,30010571,False
2019-04-15,,3.06,3.065,3.001,3.005,12220583,37174207,False
2019-04-16,,2.999,3.045,2.965,3.045,16714339,50138597,False
2019-04-17,,3.044,3.059,3.022,3.049,12241800,37252116,False
2019-04-18,,3.05,3.05,3.022,3.025,6874500,20861899,False
2019-04-19,,3.025,3.04,3.002,3.032,7292400,22040679,False
2019-04-22,,3.035,3.038,2.97,2.972,15326600,45867857,False
2019-04-23,,2.97,2.974,2.941,2.945,14316900,42322795,False
2019-04-24,,2.945,2.969,2.933,2.966,10377706,30686316,False
2019-04-25,,2.965,2.965,2.896,2.899,17306100,50502739,False
2019-04-26,,2.898,2.898,2.861,2.865,17183004,49438124,False
2019-04-29,,2.865,2.883,2.846,2.847,14758370,42265402,False
2019-04-30,,2.849,2.877,2.845,2.874,9953701,28485509,False
2019-05-06,,2.831,2.835,2.71,2.741,37469300,103606677,False
2019-05-07,,2.746,2.779,2.746,2.771,15909220,43976252,False
2019-05-08,,2.741,2.773,2.72,2.741,15231121,41804381,False
2019-05-09,,2.727,2.736,2.698,2.7,18154000,49248658,False
2019-05-10,,2.715,2.763,2.677,2.76,20818606,56921456,False
2019-05-13,,2.72,2.739,2.715,2.722,11791900,32139558,False
2019-05-14,,2.712,2.722,2.699,2.706,11340800,30751233,False
2019-05-15,,2.719,2.753,2.718,2.747,11277200,30849940,False
2019-05-16,,2.747,2.763,2.721,2.76,8048200,22156407,False
2019-05-17,,2.76,2.767,2.701,2.704,13760800,37483837,False
2019-05-20,,2.704,2.715,2.672,2.691,11411600,30662879,False
2019-05-21,,2.696,2.733,2.689,2.718,9076000,24648934,False
2019-05-22,,2.717,2.725,2.703,2.715,5255600,14267884,False
2019-05-23,,2.709,2.709,2.685,2.687,12771400,34408987,False
2019-05-24,,2.689,2.7,2.68,2.687,9506101,25543600,False
2019-05-27,,2.687,2.715,2.671,2.714,10899806,29347967,False
2019-05-28,,2.714,2.737,2.706,2.715,9953606,27103626,False
2019-05-29,,2.715,2.727,2.711,2.718,6368555,17308899,False
2019-05-30,,2.714,2.718,2.699,2.718,6555000,17737385,False
2019-05-31,,2.717,2.73,2.71,2.713,5186200,14103418,False
2019-06-03,,2.721,2.729,2.695,2.701,8375100,22695758,False
2019-06-04,,2.7,2.701,2.688,2.691,6903800,18585086,False
2019-06-05,,2.711,2.718,2.698,2.702,8916800,24119471,False
2019-06-06,,2.7,2.7,2.675,2.675,11291600,30304556,False
2019-06-10,,2.685,2.712,2.681,2.699,5803000,15662269,False
2019-06-11,,2.703,2.76,2.701,2.759,16138607,44160779,False
2019-06-12,,2.756,2.756,2.736,2.741,6356907,17443779,False
2019-06-13,,2.74,2.741,2.715,2.732,8634900,23567496,False
2019-06-14,,2.726,2.74,2.707,2.708,7694200,20937719,False
2019-06-17,,2.708,2.726,2.702,2.716,5010882,13610065,False
2019-06-18,,2.717,2.724,2.712,2.719,6167600,16757763,False
2019-06-19,,2.757,2.768,2.738,2.738,12744082,35039584,False
2019-06-20,,2.738,2.796,2.735,2.786,19752251,54629865,False
2019-06-21,,2.786,2.803,2.781,2.792,10202745,28488506,False
2019-06-24,,2.792,2.797,2.783,2.794,9740500,27183325,False
2019-06-25,,2.793,2.795,2.751,2.769,9426145,26088819,False
2019-06-26,,2.764,2.781,2.76,2.775,5262345,14591724,False
2019-06-27,,2.777,2.805,2.777,2.797,8125745,22725421,False
2019-06-28,,2.797,2.799,2.774,2.786,13669000,37996781,False
2019-07-01,,2.83,2.83,2.813,2.826,11400653,32176883,False
2019-07-02,,2.825,2.841,2.819,2.839,10101501,28588185,False
2019-07-03,,2.838,2.845,2.828,2.841,7831800,22217373,False
2019-07-04,,2.838,2.856,2.83,2.838,8374201,23820866,False
2019-07-05,,2.839,2.847,2.827,2.843,3523300,9995864,False
2019-07-08,,2.837,2.843,2.771,2.782,12843400,35863775,False
2019-07-09,,2.781,2.792,2.775,2.779,5234700,14558709,False
2019-07-10,,2.779,2.788,2.758,2.763,6389000,17695529,False
2019-07-11,,2.768,2.784,2.758,2.764,7109800,19687326,False
2019-07-12,,2.767,2.78,2.76,2.777,3754721,10414967,False
2019-07-15,,2.776,2.787,2.736,2.778,6603121,18220808,False
2019-07-16,,2.777,2.785,2.771,2.78,4029128,11195543,False
2019-07-17,,2.777,2.784,2.768,2.777,3290300,9140199,False
2019-07-18,,2.771,2.771,2.751,2.751,6934300,19122846,False
2019-07-19,,2.75,2.779,2.75,2.768,4148700,11478627,False
2019-07-22,,2.768,2.776,2.742,2.747,6271000,17267514,False
2019-07-23,,2.75,2.759,2.748,2.758,3454200,9511079,False
2019-07-24,,2.76,2.788,2.76,2.779,5701200,15853472,False
2019-07-25,,2.781,2.795,2.78,2.794,5254800,14649366,False
2019-07-26,,2.793,2.808,2.787,2.805,5704900,15958721,False
2019-07-29,,2.805,2.812,2.8,2.81,5855200,16437983,False
2019-07-30,,2.808,2.834,2.808,2.826,4585400,12957256,False
2019-07-31,,2.822,2.822,2.803,2.808,4439200,12470634,False
2019-08-01,,2.805,2.805,2.781,2.787,5762000,16078977,False
2019-08-02,,2.749,2.753,2.741,2.751,15467300,42477397,False
2019-08-05,,2.747,2.747,2.703,2.706,15845700,43107292,False
2019-08-06,,2.68,2.682,2.63,2.66,20316200,53981178,False
2019-08-07,,2.667,2.67,2.652,2.652,7581100,20166129,False
2019-08-08,,2.661,2.677,2.661,2.673,5337200,14252062,False
2019-08-09,,2.683,2.685,2.666,2.675,8503200,22741169,False
2019-08-12,,2.674,2.704,2.67,2.704,5731200,15395697,False
2019-08-13,,2.694,2.694,2.685,2.688,5568300,14969555,False
2019-08-14,,2.703,2.719,2.692,2.694,6531200,17674501,False
2019-08-15,,2.672,2.711,2.657,2.708,6292800,16908254,False
2019-08-16,,2.712,2.719,2.702,2.709,5145800,13946322,False
2019-08-19,,2.711,2.754,2.711,2.753,10329821,28256522,False
2019-08-20,,2.754,2.76,2.744,2.759,7522221,20702403,False
2019-08-21,,2.757,2.763,2.751,2.758,4496500,12398310,False
2019-08-22,,2.758,2.76,2.741,2.75,6121200,16819855,False
2019-08-23,,2.75,2.76,2.741,2.757,8899399,24481652,False
2019-08-26,,2.73,2.748,2.721,2.744,6815923,18642233,False
2019-08-27,,2.744,2.789,2.742,2.78,12087000,33521612,False
2019-08-28,,2.774,2.781,2.761,2.767,5860100,16229891,False
2019-08-29,,2.77,2.772,2.747,2.754,6433200,17719684,False
2019-08-30,,2.762,2.773,2.736,2.739,9372901,25820809,False
2019-09-02,,2.741,2.78,2.741,2.77,7149500,19779892,False
2019-09-03,,2.771,2.779,2.767,2.779,4407500,12214883,False
2019-09-04,,2.779,2.818,2.776,2.815,8658002,24209026,False
2019-09-05,,2.825,2.866,2.824,2.838,12417900,35393477,False
2019-09-06,,2.84,2.852,2.836,2.85,7628900,21704300,False
2019-09-09,,2.87,2.877,2.855,2.864,6233900,17839173,False
2019-09-10,,2.864,2.865,2.847,2.855,4972306,14181160,False
2019-09-11,,2.859,2.863,2.847,2.849,6822006,19462514,False
2019-09-12,,2.85,2.872,2.85,2.866,5873000,16807249,False
2019-09-16,,2.869,2.881,2.867,2.875,6651600,19121274,False
2019-09-17,,2.873,2.873,2.83,2.84,7858640,22380682,False
2019-09-18,,2.842,2.848,2.838,2.843,3842000,10917302,False
2019-09-19,,2.842,2.846,2.834,2.846,2934876,8337154,False
2019-09-20,,2.847,2.853,2.844,2.847,3212776,9150487,False
2019-09-23,,2.845,2.846,2.806,2.819,7401253,20841669,False
2019-09-24,,2.822,2.838,2.816,2.822,4732500,13370587,False
2019-09-25,,2.822,2.822,2.793,2.795,6489500,18174404,False
2019-09-26,,2.799,2.809,2.79,2.795,6083700,17019123,False
2019-09-27,,2.795,2.797,2.776,2.781,7613100,21180059,False
2019-09-30,,2.779,2.782,2.756,2.763,9006600,24952577,False
2019-10-08,,2.766,2.78,2.758,2.773,5939255,16456234,False
2019-10-09,,2.768,2.798,2.761,2.795,5526900,15394187,False
2019-10-10,,2.796,2.808,2.795,2.807,5682655,15915777,False
2019-10-11,,2.811,2.842,2.811,2.836,9632155,27220660,False
2019-10-14,,2.841,2.877,2.841,2.862,11154208,31933959,False
2019-10-15,,2.861,2.864,2.844,2.849,5261453,15001217,False
2019-10-16,,2.845,2.868,2.839,2.842,5507953,15690843,False
2019-10-17,,2.831,2.842,2.821,2.827,4690053,13275149,False
2019-10-18,,2.83,2.838,2.789,2.798,8946211,25126581,False
2019-10-21,,2.797,2.808,2.782,2.803,5869243,16409816,False
2019-10-22,,2.804,2.809,2.792,2.807,6054900,16957233,False
2019-10-23,,2.807,2.81,2.796,2.802,3895200,10921840,False
2019-10-24,,2.798,2.813,2.794,2.807,3712506,10410815,False
2019-10-25,,2.805,2.81,2.787,2.81,5371353,15035453,False
2019-10-28,,2.809,2.822,2.809,2.82,9273401,26110860,False
2019-10-29,,2.82,2.82,2.808,2.808,5480100,15408423,False
2019-10-30,,2.805,2.805,2.772,2.777,11233901,31241138,False
2019-10-31,,2.777,2.778,2.761,2.765,8996455,24917226,False
2019-11-01,,2.762,2.791,2.756,2.789,7617755,21140051,False
2019-11-04,,2.79,2.805,2.785,2.797,7668443,21466841,False
2019-11-05,,2.801,2.828,2.794,2.811,9269481,26049067,False
2019-11-06,,2.811,2.811,2.79,2.794,6579183,18430862,False
2019-11-07,,2.794,2.807,2.793,2.801,4931692,13803365,False
2019-11-08,,2.82,2.821,2.787,2.791,6967800,19519797,False
2019-11-11,,2.785,2.785,2.739,2.74,22050900,60754919,False
2019-11-12,,2.74,2.747,2.73,2.745,10019353,27453927,False
2019-11-13,,2.742,2.742,2.728,2.732,9563200,26134995,False
2019-11-14,,2.732,2.734,2.723,2.73,6215200,16961019,False
2019-11-15,,2.73,2.733,2.715,2.715,10174100,27705193,False
2019-11-18,,2.717,2.73,2.703,2.729,8403398,22819153,False
2019-11-19,,2.734,2.751,2.728,2.75,7039700,19317838,False
2019-11-20,,2.751,2.754,2.736,2.738,15329500,42057178,False
2019-11-21,,2.735,2.741,2.725,2.736,4473300,12231808,False
2019-11-22,,2.74,2.756,2.729,2.738,6952800,19048943,False
2019-11-25,,2.738,2.774,2.737,2.769,12577100,34674320,False
2019-11-26,,2.778,2.779,2.76,2.763,5616800,15538104,False
2019-11-27,,2.763,2.767,2.752,2.757,4552210,12560721,False
2019-11-28,,2.755,2.761,2.747,2.75,6077400,16718403,False
2019-11-29,,2.747,2.755,2.738,2.744,6125630,16811716,False
2019-12-02,,2.743,2.763,2.743,2.752,7437600,20488274,False
2019-12-03,,2.75,2.756,2.739,2.755,5204803,14296265,False
2019-12-04,,2.745,2.754,2.734,2.741,7520901,20616694,False
2019-12-05,,2.747,2.757,2.744,2.754,14268211,39255705,False
2019-12-06,,2.753,2.756,2.741,2.749,8493800,23331690,False
2019-12-09,,2.748,2.767,2.748,2.765,10090000,27829928,False
2019-12-10,,2.765,2.772,2.762,2.772,8416290,23279552,False
2019-12-11,,2.772,2.791,2.772,2.787,20977900,58434315,False
2019-12-12,,2.787,2.79,2.781,2.786,7917750,22050409,False
2019-12-13,,2.798,2.821,2.798,2.817,12437900,34946634,False
2019-12-16,,2.826,2.842,2.825,2.841,13949249,39520761,False
2019-12-17,,2.841,2.878,2.832,2.86,19326500,55181057,False
2019-12-18,,2.86,2.871,2.852,2.855,12622800,36127960,False
2019-12-19,,2.858,2.865,2.854,2.863,13892591,39725148,False
2019-12-20,,2.865,2.867,2.846,2.848,11431000,32658865,False
2019-12-23,,2.848,2.851,2.814,2.817,14617300,41409669,False
2019-12-24,,2.818,2.826,2.806,2.825,14149300,39826822,False
2019-12-25,,2.825,2.827,2.815,2.825,8047400,22709711,False
2019-12-26,,2.827,2.854,2.826,2.853,7753852,22034426,False
2019-12-27,,2.855,2.873,2.855,2.855,12930400,37016129,False
2019-12-30,,2.853,2.88,2.846,2.879,14370501,41197181,False
2019-12-31,,2.879,2.9,2.875,2.897,13474858,38845525,False
2020-01-02,,2.91,2.943,2.91,2.934,21465600,62973571,False
2020-01-03,,2.934,2.939,2.918,2.927,18358800,53770238,False
2020-01-06,,2.923,2.945,2.916,2.921,15483437,45362862,False
2020-01-07,,2.919,2.942,2.919,2.941,11067900,32464817,False
2020-01-08,,2.939,2.939,2.914,2.921,33632500,98451932,False
2020-01-09,,2.93,2.946,2.93,2.944,30841600,90678072,False
2020-01-10,,2.946,2.951,2.923,2.935,27117800,79515320,False
2020-01-13,,2.936,2.948,2.923,2.946,15377228,45113383,False
2020-01-14,,2.954,2.966,2.951,2.961,33683100,99691694,False
2020-01-15,,2.959,2.962,2.935,2.951,27896176,82198875,False
2020-01-16,,2.951,2.954,2.939,2.947,13418300,39505598,False
2020-01-17,,2.8,2.816,2.78,2.784,50045800,139739876,False
2020-01-20,,2.784,2.789,2.77,2.784,17899418,49786068,False
2020-01-21,,2.784,2.8,2.731,2.733,37772200,103736489,False
2020-01-22,,2.732,2.742,2.694,2.729,28097100,76434952,False
2020-01-23,,2.72,2.73,2.649,2.667,52207000,140102816,False
2020-02-03,,2.456,2.456,2.41,2.418,112035245,273345272,False
2020-02-04,,2.418,2.483,2.413,2.482,48179164,118270914,False
2020-02-05,,2.483,2.533,2.476,2.514,48715800,122103113,False
2020-02-06,,2.516,2.53,2.49,2.52,40017228,100369276,False
2020-02-07,,2.513,2.515,2.49,2.514,28510302,71327681,False
2020-02-10,,2.513,2.558,2.496,2.557,48961841,123865009,False
2020-02-11,,2.563,2.585,2.553,2.571,23276100,59931699,False
2020-02-12,,2.571,2.578,2.557,2.578,15841800,40669799,False
2020-02-13,,2.576,2.581,2.56,2.562,16242100,41735460,False
2020-02-14,,2.559,2.578,2.558,2.577,13772501,35369095,False
2020-02-17,,2.577,2.623,2.577,2.622,20454525,53193444,False
2020-02-18,,2.623,2.635,2.612,2.624,19276778,50549235,False
2020-02-19,,2.623,2.634,2.615,2.622,16729928,43943939,False
2020-02-20,,2.622,2.659,2.619,2.658,27621300,72937111,False
2020-02-21,,2.658,2.692,2.655,2.674,34861600,93242672,False
2020-02-24,,2.672,2.672,2.638,2.656,29550843,78397388,False
2020-02-25,,2.625,2.626,2.58,2.622,32986360,86201915,False
2020-02-26,,2.59,2.661,2.59,2.629,29497556,77769726,False
2020-02-27,,2.634,2.652,2.625,2.631,15448549,40738834,False
2020-02-28,,2.6,2.601,2.545,2.558,45632100,117307850,False
2020-03-02,,2.559,2.644,2.559,2.637,25554100,66931760,False
2020-03-03,,2.66,2.68,2.628,2.644,27956618,74123983,False
2020-03-04,,2.637,2.669,2.629,2.668,19448548,51504815,False
2020-03-05,,2.675,2.696,2.672,2.69,26597931,71445259,False
2020-03-06,,2.675,2.675,2.655,2.667,15650597,41700405,False
2020-03-09,,2.621,2.63,2.593,2.596,30188173,78723001,False
2020-03-10,,2.59,2.639,2.578,2.633,24092650,62780319,False
2020-03-11,,2.633,2.643,2.616,2.617,28118900,73949018,False
2020-03-12,,2.597,2.598,2.568,2.576,47657300,123026418,False
2020-03-13,,2.5,2.552,2.471,2.532,49634650,123932274,False
2020-03-16,,2.535,2.563,2.466,2.474,70245868,175597107,False
2020-03-17,,2.475,2.5,2.415,2.451,68388262,167649515,False
2020-03-18,,2.461,2.482,2.418,2.425,21863200,53621865,False
2020-03-19,,2.42,2.424,2.346,2.382,68702263,163124920,False
2020-03-20,,2.392,2.408,2.375,2.407,45074183,107946086,False
2020-03-23,,2.369,2.369,2.326,2.332,49328364,115581757,False
2020-03-24,,2.368,2.378,2.341,2.374,17001240,40135107,False
2020-03-25,,2.412,2.438,2.408,2.431,19826541,47980377,False
2020-03-26,,2.428,2.43,2.411,2.413,11516199,27863057,False
2020-03-27,,2.433,2.449,2.423,2.426,13388400,32569254,False
2020-03-30,,2.408,2.415,2.386,2.404,11349053,27207591,False
2020-03-31,,2.418,2.424,2.397,2.399,11625840,27981641,False
2020-04-01,,2.399,2.412,2.383,2.383,15514879,37211015,False
2020-04-02,,2.38,2.411,2.35,2.409,9669171,23115621,False
2020-04-03,,2.409,2.414,2.393,2.402,11607900,27870440,False
2020-04-07,,2.424,2.439,2.422,2.437,29299431,71197076,False
2020-04-08,,2.434,2.439,2.424,2.438,17540055,42638473,False
2020-04-09,,2.44,2.448,2.436,2.437,10279134,25092264,False
2020-04-10,,2.437,2.443,2.415,2.42,12059576,29270705,False
2020-04-13,,2.42,2.421,2.401,2.41,14483012,34854720,False
2020-04-14,,2.413,2.435,2.413,2.434,8102577,19635709,False
2020-04-15,,2.436,2.439,2.421,2.425,10541901,25590180,False
2020-04-16,,2.421,2.424,2.41,2.417,7619700,18407450,False
2020-04-17,,2.424,2.435,2.421,2.424,11883921,28853016,False
2020-04-20,,2.424,2.428,2.416,2.427,7853968,19036158,False
2020-04-21,,2.426,2.426,2.397,2.411,15734320,37874121,False
2020-04-22,,2.404,2.413,2.394,2.412,10132561,24349178,False
2020-04-23,,2.413,2.417,2.403,2.404,7994500,19257913,False
2020-04-24,,2.403,2.404,2.382,2.386,37980200,90883924,False
2020-04-27,,2.387,2.401,2.386,2.397,10356299,24798664,False
2020-04-28,,2.395,2.396,2.346,2.379,17382100,41270508,False
2020-04-29,,2.378,2.416,2.375,2.411,48644250,117150978,False
2020-04-30,,2.413,2.452,2.413,2.452,19040569,46484089,False
2020-05-06,,2.442,2.451,2.422,2.451,13009169,31727833,False
2020-05-07,,2.451,2.455,2.44,2.452,10075828,24666261,False
2020-05-08,,2.453,2.472,2.453,2.469,11128490,27419101,False
2020-05-11,,2.469,2.483,2.457,2.467,21041200,51939193,False
2020-05-12,,2.467,2.469,2.446,2.456,10720100,26317435,False
2020-05-13,,2.45,2.461,2.441,2.458,9637900,23617878,False
2020-05-14,,2.458,2.459,2.434,2.434,77861700,190026189,False
2020-05-15,,2.436,2.444,2.427,2.429,25505300,62064873,False
2020-05-18,,2.43,2.436,2.422,2.429,8652600,21022955,False
2020-05-19,,2.435,2.446,2.431,2.437,6950400,16948798,False
2020-05-20,,2.437,2.438,2.419,2.421,13320500,32309727,False
2020-05-21,,2.422,2.427,2.41,2.413,9665100,23388835,False
2020-05-22,,2.414,2.415,2.371,2.379,27280200,65090336,False
2020-05-25,,2.379,2.38,2.364,2.378,9989000,23696059,False
2020-05-26,,2.38,2.391,2.379,2.39,7941076,18940283,False
2020-05-27,,2.391,2.408,2.389,2.402,26009376,62509329,False
2020-05-28,,2.402,2.414,2.391,2.406,26277401,63106460,False
2020-05-29,,2.403,2.403,2.386,2.392,9977137,23868146,False
2020-06-01,,2.392,2.433,2.392,2.432,21745950,52608255,False
2020-06-02,,2.432,2.443,2.43,2.438,14063069,34259832,False
2020-06-03,,2.445,2.465,2.445,2.448,13050798,32075021,False
2020-06-04,,2.467,2.469,2.45,2.459,16885371,41494345,False
2020-06-05,,2.459,2.459,2.436,2.444,9975000,24373943,False
2020-06-08,,2.446,2.46,2.446,2.454,10981565,26947076,False
2020-06-09,,2.454,2.462,2.454,2.46,9353999,22998635,False
2020-06-10,,2.46,2.461,2.446,2.45,7905475,19367438,False
2020-06-11,,2.452,2.453,2.43,2.433,16735794,40868325,False
2020-06-12,,2.42,2.431,2.401,2.43,7978310,19284839,False
2020-06-15,,2.43,2.431,2.411,2.414,10970301,26533394,False
2020-06-16,,2.42,2.444,2.42,2.442,10908326,26556886,False
2020-06-17,,2.442,2.456,2.441,2.45,8927254,21854047,False
2020-06-18,,2.45,2.477,2.444,2.471,17106447,42231964,False
2020-06-19,,2.471,2.473,2.462,2.468,11886817,29317250,False
2020-06-22,,2.468,2.47,2.453,2.456,13525131,33299644,False
2020-06-23,,2.456,2.456,2.442,2.447,10342342,25303913,False
2020-06-24,,2.448,2.455,2.446,2.45,10856442,26594894,False
2020-06-29,,2.45,2.45,2.429,2.432,19448400,47366741,False
2020-06-30,,2.436,2.451,2.436,2.449,15570536,38082316,False
2020-07-01,,2.451,2.49,2.451,2.489,29737649,73582846,False
2020-07-02,,2.49,2.548,2.48,2.546,30811623,77790752,False
2020-07-03,,2.55,2.591,2.55,2.583,32670780,84128419,False
2020-07-06,,2.597,2.773,2.597,2.766,124745179,335636633,False
2020-07-07,,2.783,2.853,2.71,2.723,98402743,271302252,False
2020-07-08,,2.724,2.766,2.695,2.763,47165112,128657329,False
2020-07-09,,2.76,2.782,2.726,2.775,42765544,117747755,False
2020-07-10,,2.775,2.775,2.7,2.713,37008709,101117270,False
2020-07-13,,2.712,2.774,2.705,2.766,38728155,106373636,False
2020-07-14,,2.768,2.793,2.712,2.75,30940007,85222858,False
2020-07-15,,2.76,2.766,2.685,2.71,34679511,94254557,False
2020-07-16,,2.71,2.732,2.636,2.638,58599094,157999641,False
2020-07-17,,2.639,2.67,2.62,2.64,29394901,77658678,False
2020-07-20,,2.644,2.744,2.644,2.741,38802901,105211891,False
2020-07-21,,2.745,2.756,2.725,2.734,23558385,64526973,False
2020-07-22,,2.734,2.767,2.731,2.735,28182310,77405401,False
2020-07-23,,2.732,2.732,2.662,2.702,23980259,64632557,False
2020-07-24,,2.702,2.703,2.608,2.625,30262153,80259980,False
2020-07-27,,2.625,2.64,2.597,2.612,17652155,46116246,False
2020-07-28,,2.614,2.643,2.614,2.631,13779755,36238028,False
2020-07-29,,2.622,2.667,2.613,2.662,18831000,49853066,False
2020-07-30,,2.674,2.685,2.663,2.664,14300005,38197043,False
2020-07-31,,2.665,2.7,2.66,2.683,16872600,45235326,False
2020-08-03,,2.702,2.746,2.702,2.744,38991010,106396095,False
2020-08-04,,2.758,2.765,2.73,2.745,34065113,93639375,False
2020-08-05,,2.745,2.745,2.708,2.73,11912412,32472526,False
2020-08-06,,2.731,2.747,2.714,2.743,22095712,60406271,False
2020-08-07,,2.743,2.743,2.71,2.738,26491100,72247637,False
2020-08-10,,2.74,2.777,2.74,2.77,51219000,141510518,False
2020-08-11,,2.77,2.798,2.75,2.757,38725738,107374357,False
2020-08-12,,2.757,2.757,2.703,2.737,28792438,78540471,False
2020-08-13,,2.742,2.768,2.74,2.761,29272279,80813546,False
2020-08-14,,2.763,2.777,2.73,2.775,19437479,53639602,False
2020-08-17,,2.78,2.85,2.78,2.837,42424966,119849839,False
2020-08-18,,2.838,2.848,2.832,2.84,24444800,69438217,False
2020-08-19,,2.843,2.86,2.825,2.832,25836863,73408872,False
2020-08-20,,2.832,2.835,2.81,2.817,18092500,51066795,False
2020-08-21,,2.818,2.829,2.801,2.814,21971653,61897373,False
2020-08-24,,2.822,2.828,2.812,2.818,18544900,52289385,False
2020-08-25,,2.829,2.836,2.798,2.805,23720800,66759614,False
2020-08-26,,2.805,2.807,2.757,2.765,29135700,80913934,False
2020-08-27,,2.767,2.773,2.745,2.766,14644100,40404289,False
2020-08-28,,2.766,2.802,2.762,2.799,16309809,45376963,False
2020-08-31,,2.807,2.817,2.788,2.789,23266700,65267813,False
2020-09-01,,2.789,2.791,2.766,2.787,14881400,41358405,False
2020-09-02,,2.79,2.799,2.775,2.787,12580046,35072501,False
2020-09-03,,2.787,2.804,2.775,2.782,15520500,43261289,False
2020-09-04,,2.781,2.781,2.737,2.762,23513500,64665831,False
2020-09-07,,2.765,2.786,2.745,2.749,23904000,66094335,False
2020-09-08,,2.752,2.766,2.74,2.761,18505900,50874352,False
2020-09-09,,2.749,2.757,2.725,2.739,22490200,61736833,False
2020-09-10,,2.743,2.756,2.718,2.721,22214200,60782705,False
2020-09-11,,2.722,2.723,2.697,2.718,21580310,58411098,False
2020-09-14,,2.721,2.727,2.71,2.72,18116100,49250503,False
2020-09-15,,2.722,2.728,2.716,2.728,13407600,36514086,False
2020-09-16,,2.728,2.746,2.722,2.736,13233200,36163205,False
2020-09-17,,2.736,2.749,2.725,2.739,15109799,41304773,False
2020-09-18,,2.74,2.774,2.734,2.773,16807856,46349784,False
2020-09-21,,2.775,2.778,2.758,2.761,19910400,55106746,False
2020-09-22,,2.759,2.759,2.723,2.729,22888500,62644825,False
2020-09-23,,2.73,2.738,2.721,2.728,13461121,36709774,False
2020-09-24,,2.728,2.729,2.685,2.689,44416800,119783094,False
2020-09-25,,2.692,2.7,2.668,2.683,28910200,77525757,False
2020-09-28,,2.684,2.691,2.677,2.685,18749300,50310694,False
2020-09-29,,2.687,2.699,2.68,2.685,18680200,50226038,False
2020-09-30,,2.685,2.695,2.666,2.678,41309900,110765364,False
2020-10-09,,2.695,2.724,2.695,2.715,40924200,111125926,False
2020-10-12,,2.717,2.761,2.717,2.76,46064600,126423400,False
2020-10-13,,2.762,2.766,2.741,2.755,34909088,95966368,False
2020-10-14,,2.756,2.758,2.74,2.743,26976790,74019256,False
2020-10-15,,2.743,2.745,2.732,2.735,27133500,74282779,False
2020-10-16,,2.735,2.745,2.731,2.738,23739384,64969079,False
2020-10-19,,2.741,2.765,2.724,2.727,36930285,101239060,False
2020-10-20,,2.727,2.727,2.707,2.723,32603500,88480760,False
2020-10-21,,2.723,2.726,2.707,2.719,23769600,64472769,False
2020-10-22,,2.719,2.721,2.703,2.707,21742300,58869977,False
2020-10-23,,2.708,2.716,2.696,2.699,31477200,85140349,False
2020-10-26,,2.698,2.699,2.677,2.683,45663300,122566975,False
2020-10-27,,2.681,2.682,2.667,2.675,30302600,81001808,False
2020-10-28,,2.675,2.682,2.66,2.679,26585300,71003267,False
2020-10-29,,2.671,2.709,2.662,2.703,25558298,68721500,False
2020-10-30,,2.703,2.72,2.684,2.687,45852800,123949283,False
2020-11-02,,2.688,2.703,2.688,2.698,27923400,75251306,False
2020-11-03,,2.7,2.718,2.7,2.716,24090253,65332039,False
2020-11-04,,2.719,2.743,2.719,2.741,35806409,97888753,False
2020-11-05,,2.756,2.79,2.756,2.787,73543686,203925070,False
2020-11-06,,2.787,2.811,2.782,2.81,45967140,128530808,False
2020-11-09,,2.825,2.865,2.825,2.861,45194953,128957853,False
2020-11-10,,2.87,2.878,2.844,2.85,38248200,109412684,False
2020-11-11,,2.849,2.878,2.841,2.865,29470659,84417847,False
2020-11-12,,2.865,2.88,2.855,2.878,24220900,69508821,False
2020-11-13,,2.878,2.878,2.84,2.858,36077100,102844184,False
2020-11-16,,2.868,2.917,2.868,2.915,38361550,111162587,False
2020-11-17,,2.916,2.94,2.916,2.926,45682866,133807502,False
2020-11-18,,2.926,2.943,2.921,2.94,35912700,105357250,False
2020-11-19,,2.94,2.942,2.911,2.921,43161200,125980432,False
2020-11-20,,2.921,2.936,2.908,2.936,27296501,79757752,False
2020-11-23,,2.939,2.995,2.938,2.98,42959258,127699260,False
2020-11-24,,2.986,2.99,2.961,2.975,44132800,131167208,False
2020-11-25,,2.977,2.989,2.94,2.943,57585101,170650783,False
2020-11-26,,2.943,2.944,2.919,2.935,31007500,90782480,False
2020-11-27,,2.935,2.96,2.922,2.956,32894000,96718857,False
2020-11-30,,2.958,2.98,2.924,2.929,51682300,152637647,False
2020-12-01,,2.929,2.94,2.905,2.935,39893801,116442245,False
2020-12-02,,2.936,2.945,2.921,2.937,21991109,64550266,False
2020-12-03,,2.935,2.935,2.906,2.912,48251100,140638710,False
2020-12-04,,2.912,2.913,2.879,2.901,52082569,150592675,False
2020-12-07,,2.902,2.907,2.857,2.857,75372200,216417847,False
2020-12-08,,2.858,2.87,2.845,2.85,44291900,126420293,False
2020-12-09,,2.851,2.853,2.81,2.812,66156400,187336248,False
2020-12-10,,2.812,2.832,2.811,2.829,42267200,119307764,False
2020-12-11,,2.83,2.84,2.8,2.822,55688600,156835352,False
2020-12-14,,2.823,2.826,2.772,2.784,94869800,264092476,False
2020-12-15,,2.785,2.787,2.751,2.771,105006300,290263523,False
2020-12-16,,2.771,2.781,2.763,2.769,84800000,235116497,False
2020-12-17,,2.769,2.795,2.747,2.795,79628901,220160391,False
2020-12-18,,2.795,2.829,2.795,2.813,69945300,196894103,False
2020-12-21,,2.813,2.825,2.796,2.817,54380600,153022200,False
2020-12-22,,2.815,2.815,2.751,2.758,139462000,387481612,False
2020-12-23,,2.76,2.771,2.75,2.761,66569592,183850257,False
2020-12-24,,2.762,2.771,2.741,2.751,88711500,244001282,False
2020-12-25,,2.75,2.773,2.737,2.761,43828682,120726443,False
2020-12-28,,2.761,2.765,2.74,2.748,72723800,199890477,False
2020-12-29,,2.749,2.756,2.721,2.723,104982700,286844709,False
2020-12-30,,2.724,2.739,2.714,2.728,49561000,135138473,False
2020-12-31,,2.728,2.742,2.721,2.739,76564118,209146504,False
2021-01-04,,2.739,2.746,2.721,2.746,89204540,244058653,False
2021-01-05,,2.746,2.746,2.701,2.724,192253570,521180251,False
2021-01-06,,2.724,2.73,2.709,2.721,81536612,221425261,False
2021-01-07,,2.721,2.726,2.7,2.711,107618900,291741604,False
2021-01-08,,2.712,2.726,2.699,2.724,74348680,201713302,False
2021-01-11,,2.725,2.728,2.687,2.691,232458300,628123151,False
2021-01-12,,2.692,2.714,2.691,2.712,167610400,452203403,False
2021-01-13,,2.713,2.727,2.705,2.719,128080182,347696897,False
2021-01-14,,2.719,2.728,2.705,2.717,136854100,371970557,False
2021-01-15,,2.717,2.74,2.717,2.735,98152300,268201390,False
2021-01-18,,2.63,2.63,2.59,2.608,254796253,662468899,False
2021-01-19,,2.609,2.626,2.591,2.611,105008200,273791601,False
2021-01-20,,2.612,2.62,2.601,2.609,88787700,231582660,False
2021-01-21,,2.61,2.622,2.603,2.613,126398663,330260802,False
2021-01-22,,2.615,2.616,2.583,2.589,186428400,483418012,False
2021-01-25,,2.589,2.589,2.552,2.554,169997258,434816368,False
2021-01-26,,2.554,2.562,2.541,2.543,88596998,225861634,False
2021-01-27,,2.543,2.558,2.54,2.542,68979801,175708397,False
2021-01-28,,2.541,2.541,2.508,2.51,84392500,212364201,False
2021-01-29,,2.511,2.522,2.48,2.494,88992600,222661855,False
2021-02-01,,2.495,2.514,2.479,2.511,70410800,175456696,False
2021-02-02,,2.511,2.519,2.51,2.517,52999500,133239426,False
2021-02-03,,2.517,2.519,2.492,2.497,59234753,148138871,False
2021-02-04,,2.496,2.497,2.47,2.48,96577200,239479290,False
2021-02-05,,2.48,2.505,2.471,2.499,54482700,135912033,False
2021-02-08,,2.499,2.521,2.493,2.512,60929500,152932794,False
2021-02-09,,2.512,2.528,2.503,2.528,53307600,134176836,False
2021-02-10,,2.529,2.549,2.529,2.547,88683800,225287629,False
2021-02-18,,2.57,2.614,2.57,2.61,132889512,345074493,False
2021-02-19,,2.61,2.664,2.61,2.662,256265253,678413720,False
2021-02-22,,2.664,2.741,2.664,2.706,359092551,974001080,False
2021-02-23,,2.707,2.708,2.669,2.678,140518500,377243394,False
2021-02-24,,2.678,2.683,2.63,2.647,109227718,290277016,False
2021-02-25,,2.649,2.699,2.649,2.689,127616364,342697828,False
2021-02-26,,2.683,2.683,2.631,2.637,111138522,294372947,False
2021-03-01,,2.638,2.673,2.638,2.672,67053130,178164590,False
2021-03-02,,2.682,2.69,2.64,2.657,108083800,287602350,False
2021-03-03,,2.658,2.724,2.657,2.722,192024826,519298299,False
2021-03-04,,2.722,2.747,2.706,2.718,191659010,521915480,False
2021-03-05,,2.7,2.702,2.668,2.69,74136501,198911686,False
2021-03-08,,2.698,2.724,2.673,2.679,90904501,245276984,False
2021-03-09,,2.68,2.708,2.63,2.668,173080230,462668973,False
2021-03-10,,2.675,2.683,2.65,2.653,81362543,216657580,False
2021-03-11,,2.653,2.702,2.653,2.7,82849742,222134441,False
2021-03-12,,2.708,2.735,2.694,2.727,118048813,320777473,False
2021-03-15,,2.727,2.762,2.726,2.752,119698300,328923973,False
2021-03-16,,2.753,2.76,2.73,2.755,67204512,184760888,False
2021-03-17,,2.754,2.754,2.724,2.741,57404264,157032518,False
2021-03-18,,2.742,2.755,2.735,2.741,48444000,132942329,False
2021-03-19,,2.735,2.745,2.712,2.724,62021300,169068636,False
2021-03-22,,2.725,2.755,2.725,2.75,74633547,204915599,False
2021-03-23,,2.75,2.755,2.716,2.729,80547937,219659532,False
2021-03-24,,2.714,2.723,2.671,2.681,120757515,324573370,False
2021-03-25,,2.681,2.702,2.68,2.683,59891149,161015722,False
2021-03-26,,2.685,2.717,2.685,2.715,57568100,155937201,False
2021-03-29,,2.728,2.756,2.718,2.751,120932801,331974442,False
2021-03-30,,2.751,2.755,2.728,2.75,59314402,162653170,False
2021-03-31,,2.75,2.75,2.732,2.743,46845700,128365046,False
2021-04-01,,2.744,2.769,2.737,2.761,83195736,228877523,False
2021-04-02,,2.761,2.766,2.733,2.738,101892951,279346455,False
2021-04-06,,2.74,2.752,2.74,2.745,54854031,150624758,False
2021-04-07,,2.745,2.767,2.732,2.765,86225406,237430449,False
2021-04-08,,2.765,2.779,2.759,2.766,71461106,197769558,False
2021-04-09,,2.767,2.774,2.754,2.77,71050201,196649971,False
2021-04-12,,2.771,2.786,2.764,2.777,83678812,232461120,False
2021-04-13,,2.775,2.776,2.744,2.745,121185500,333601945,False
2021-04-14,,2.745,2.756,2.738,2.751,71205500,195551283,False
2021-04-15,,2.752,2.759,2.746,2.755,39205901,107935626,False
2021-04-16,,2.755,2.799,2.755,2.79,142883054,398129699,False
2021-04-19,,2.79,2.809,2.781,2.802,67400401,188719748,False
2021-04-20,,2.799,2.802,2.791,2.794,61519900,172056437,False
2021-04-21,,2.79,2.792,2.772,2.785,58733800,163354733,False
2021-04-22,,2.785,2.811,2.785,2.793,57038100,159684490,False
2021-04-23,,2.789,2.791,2.776,2.788,83048600,231116294,False
2021-04-26,,2.792,2.804,2.773,2.78,94835300,264308013,False
2021-04-27,,2.777,2.778,2.75,2.767,107965000,297974985,False
2021-04-28,,2.763,2.771,2.75,2.77,63181951,174639837,False
2021-04-29,,2.77,2.79,2.76,2.786,65654253,182321076,False
2021-04-30,,2.78,2.783,2.746,2.757,171453100,472699220,False
2021-05-06,,2.758,2.805,2.758,2.798,169067156,472327939,False
2021-05-07,,2.808,2.848,2.802,2.829,122937057,347618742,False
2021-05-10,,2.841,2.873,2.835,2.87,102924939,293451318,False
2021-05-11,,2.867,2.868,2.801,2.843,98627400,278998930,False
2021-05-12,,2.837,2.859,2.827,2.854,63286328,180334809,False
2021-05-13,,2.83,2.847,2.807,2.811,115171006,324950162,False
2021-05-14,,2.811,2.825,2.807,2.817,64349664,181044420,False
2021-05-17,,2.817,2.831,2.81,2.812,79067500,222677237,False
2021-05-18,,2.812,2.828,2.808,2.824,45792799,129183886,False
2021-05-19,,2.823,2.823,2.795,2.799,126197300,353601427,False
2021-05-20,,2.775,2.775,2.737,2.755,267570400,734884212,False
2021-05-21,,2.755,2.774,2.754,2.76,65796949,181761442,False
2021-05-24,,2.76,2.77,2.752,2.758,73721500,203398892,False
2021-05-25,,2.758,2.792,2.748,2.785,111278500,308439372,False
2021-05-26,,2.785,2.813,2.782,2.804,67256100,188437574,False
2021-05-27,,2.804,2.819,2.797,2.816,80468303,226103855,False
2021-05-28,,2.822,2.834,2.804,2.812,60578651,170741041,False
2021-05-31,,2.823,2.824,2.796,2.815,105748053,297320371,False
2021-06-01,,2.815,2.838,2.798,2.837,97397900,274704340,False
2021-06-02,,2.837,2.838,2.823,2.832,69839979,197723095,False
2021-06-03,,2.832,2.868,2.832,2.846,111056866,316906543,False
2021-06-04,,2.847,2.85,2.822,2.84,62514900,177160283,False
2021-06-07,,2.84,2.85,2.83,2.837,51145753,145152460,False
2021-06-08,,2.838,2.84,2.82,2.826,66384501,187672805,False
2021-06-09,,2.826,2.857,2.822,2.842,104401939,297102283,False
2021-06-10,,2.842,2.87,2.84,2.853,81874539,233895589,False
2021-06-11,,2.862,2.87,2.852,2.857,64379217,184155299,False
2021-06-15,,2.867,2.87,2.832,2.841,95232000,270860926,False
2021-06-16,,2.841,2.857,2.826,2.832,74276100,210574408,False
2021-06-17,,2.832,2.842,2.818,2.824,59775800,169073259,False
2021-06-18,,2.824,2.828,2.818,2.824,55202700,155773135,False
2021-06-21,,2.823,2.823,2.81,2.812,62711900,176478472,False
2021-06-22,,2.812,2.841,2.812,2.837,55515100,157109787,False
2021-06-23,,2.838,2.878,2.837,2.873,119935100,343279359,False
2021-06-24,,2.876,2.903,2.865,2.885,102479301,296189722,False
2021-06-25,,2.886,2.903,2.878,2.895,70678501,204518998,False
2021-06-28,,2.895,2.895,2.856,2.859,88658073,254155154,False
2021-06-29,,2.859,2.859,2.836,2.838,67864800,192953482,False
2021-06-30,,2.838,2.859,2.834,2.852,46118211,131384064,False
2021-07-01,,2.855,2.871,2.846,2.853,47653802,136352251,False
2021-07-02,,2.853,2.856,2.828,2.829,99310705,281617536,False
2021-07-05,,2.83,2.842,2.82,2.836,84361601,238757533,False
2021-07-06,,2.836,2.843,2.83,2.843,43956206,124675263,False
2021-07-07,,2.84,2.85,2.828,2.846,59188300,167871898,False
2021-07-08,,2.846,2.846,2.8,2.803,186436700,524705160,False
2021-07-09,,2.803,2.822,2.777,2.821,67643900,189839625,False
2021-07-12,,2.821,2.842,2.815,2.826,52706272,149107702,False
2021-07-13,,2.827,2.851,2.822,2.848,86056771,244483695,False
2021-07-14,,2.848,2.864,2.846,2.854,80661050,230467321,False
2021-07-15,,2.854,2.887,2.835,2.885,128152099,368327528,False
2021-07-16,,2.885,2.913,2.878,2.897,167622804,486934210,False
2021-07-19,,2.9,2.911,2.884,2.889,62487542,181034519,False
2021-07-20,,2.883,2.883,2.853,2.869,41775242,119613041,False
2021-07-21,,2.873,2.888,2.858,2.865,49400700,141551763,False
2021-07-22,,2.865,2.89,2.859,2.89,51536142,148472882,False
2021-07-23,,2.894,2.913,2.872,2.881,86382142,250435465,False
2021-07-26,,2.88,2.88,2.808,2.832,173397801,491898553,False
2021-07-27,,2.832,2.852,2.767,2.773,190676442,534206855,False
2021-07-28,,2.774,2.791,2.714,2.747,160431100,440520823,False
2021-07-29,,2.758,2.778,2.745,2.769,125746800,346934774,False
2021-07-30,,2.769,2.803,2.756,2.8,59807997,166448020,False
2021-08-02,,2.799,2.799,2.72,2.777,133443700,366210390,False
2021-08-03,,2.765,2.77,2.733,2.738,119959806,329226205,False
2021-08-04,,2.739,2.764,2.739,2.762,62615101,172452781,False
2021-08-05,,2.761,2.776,2.743,2.75,58970053,162426206,False
2021-08-06,,2.75,2.763,2.735,2.761,64120800,176490222,False
2021-08-09,,2.761,2.812,2.752,2.801,133293999,372786385,False
2021-08-10,,2.801,2.803,2.781,2.8,43975000,122818529,False
2021-08-11,,2.809,2.861,2.808,2.858,188364700,537017704,False
2021-08-12,,2.857,2.896,2.841,2.889,194729398,562271912,False
2021-08-13,,2.887,2.891,2.869,2.884,95549706,275390650,False
2021-08-16,,2.884,2.909,2.881,2.892,121967400,353359122,False
2021-08-17,,2.89,2.908,2.852,2.858,102758101,295825653,False
2021-08-18,,2.858,2.88,2.857,2.876,64490110,185024404,False
2021-08-19,,2.869,2.873,2.849,2.866,43372616,124168770,False
2021-08-20,,2.864,2.883,2.849,2.881,78500411,224926439,False
2021-08-23,,2.894,2.91,2.889,2.894,92720715,268748285,False
2021-08-24,,2.903,2.927,2.9,2.918,181725266,529770195,False
2021-08-25,,2.918,2.952,2.914,2.952,114794141,337034160,False
2021-08-26,,2.951,3.008,2.945,2.993,180366486,539542479,False
2021-08-27,,2.991,3.025,2.95,3.022,98158950,295215740,False
2021-08-30,,3.026,3.05,3.015,3.047,89855033,272830536,False
2021-08-31,,3.047,3.122,3.035,3.12,92505049,285661626,False
2021-09-01,,3.133,3.168,3.084,3.115,146045892,455905458,False
2021-09-02,,3.114,3.196,3.11,3.194,92919359,293427061,False
2021-09-03,,3.194,3.196,3.163,3.171,97503250,309707761,False
2021-09-06,,3.181,3.216,3.174,3.199,82565670,263612114,False
2021-09-07,,3.205,3.291,3.204,3.28,115868404,377698273,False
2021-09-08,,3.281,3.333,3.266,3.316,103735871,342295407,False
2021-09-09,,3.318,3.422,3.3,3.417,141801865,478579169,False
2021-09-10,,3.418,3.423,3.349,3.354,196972117,666206550,False
2021-09-13,,3.354,3.448,3.349,3.426,151300608,515098233,False
2021-09-14,,3.426,3.426,3.35,3.356,135428983,457733191,False
2021-09-15,,3.355,3.374,3.31,3.333,140710358,469213438,False
2021-09-16,,3.358,3.401,3.315,3.32,106777100,359155234,False
2021-09-17,,3.315,3.347,3.175,3.231,171614282,557034837,False
2021-09-22,,3.215,3.289,3.175,3.289,133237058,430435672,False
2021-09-23,,3.331,3.355,3.257,3.28,76679801,252965615,False
2021-09-24,,3.265,3.267,3.16,3.166,151700311,485141079,False
2021-09-27,,3.166,3.184,3.069,3.081,198623765,616851894,False
2021-09-28,,3.081,3.164,3.08,3.159,95742665,299674452,False
2021-09-29,,3.158,3.159,3.057,3.075,98007070,302838464,False
2021-09-30,,3.074,3.093,3.041,3.09,87597800,268920995,False
2021-10-08,,3.117,3.133,3.055,3.08,77981458,239836659,False
2021-10-11,,3.082,3.125,3.071,3.123,87986858,273105483,False
2021-10-12,,3.123,3.163,3.044,3.083,106565700,328443943,False
2021-10-13,,3.083,3.085,3.003,3.043,104397700,316476018,False
2021-10-14,,3.029,3.047,3.001,3.026,53846226,162938722,False
2021-10-15,,3.026,3.056,3.006,3.048,60308100,182839100,False
2021-10-18,,3.048,3.1,3.034,3.097,67931000,208984179,False
2021-10-19,,3.097,3.124,3.07,3.109,56094400,174311863,False
2021-10-20,,3.088,3.088,3.028,3.035,102562200,311805593,False
2021-10-21,,3.031,3.101,3.03,3.073,88445951,271973356,False
2021-10-22,,3.067,3.094,3.006,3.011,169814600,514080264,False
2021-10-25,,3.013,3.02,2.98,3.01,80403253,241653957,False
2021-10-26,,3.01,3.013,2.976,2.984,114637700,342754379,False
2021-10-27,,2.98,2.98,2.909,2.913,130591400,382216351,False
2021-10-28,,2.9,2.901,2.828,2.836,171629200,487826810,False
2021-10-29,,2.836,2.847,2.82,2.84,115858000,328268926,False
2021-11-01,,2.838,2.857,2.818,2.849,78802964,223832581,False
2021-11-02,,2.85,2.857,2.768,2.798,215914101,604623050,False
2021-11-03,,2.798,2.845,2.796,2.839,84907300,239818596,False
2021-11-04,,2.837,2.838,2.811,2.832,71639204,202065461,False
2021-11-05,,2.824,2.824,2.791,2.793,105238402,294914811,False
2021-11-08,,2.793,2.807,2.785,2.79,79703700,222808928,False
2021-11-09,,2.79,2.793,2.766,2.776,100244693,278235844,False
2021-11-10,,2.77,2.771,2.726,2.769,124031700,340086989,False
2021-11-11,,2.77,2.82,2.77,2.816,108539401,304356156,False
2021-11-12,,2.817,2.819,2.789,2.8,75690453,211897829,False
2021-11-15,,2.8,2.805,2.786,2.804,48963202,136936718,False
2021-11-16,,2.804,2.816,2.785,2.787,82531900,230849502,False
2021-11-17,,2.787,2.792,2.777,2.79,47032174,131001754,False
2021-11-18,,2.791,2.807,2.786,2.79,46983374,131336721,False
2021-11-19,,2.787,2.835,2.776,2.826,95727753,268921613,False
2021-11-22,,2.828,2.84,2.819,2.825,93285400,263721796,False
2021-11-23,,2.825,2.85,2.82,2.838,70461464,200044011,False
2021-11-24,,2.842,2.871,2.842,2.87,69275300,197919903,False
2021-11-25,,2.87,2.88,2.843,2.859,57873000,165362116,False
2021-11-26,,2.85,2.85,2.822,2.827,55498501,157140533,False
2021-11-29,,2.808,2.808,2.778,2.792,91388950,254651748,False
2021-11-30,,2.792,2.818,2.783,2.794,56266400,157409313,False
2021-12-01,,2.793,2.821,2.783,2.819,55568900,156005758,False
2021-12-02,,2.818,2.841,2.811,2.834,60460700,171058364,False
2021-12-03,,2.834,2.88,2.817,2.865,93361906,266551655,False
2021-12-06,,2.865,2.897,2.85,2.857,135949606,390765863,False
2021-12-07,,2.877,2.888,2.855,2.887,67277500,193500025,False
2021-12-08,,2.887,2.888,2.867,2.887,58121381,167325359,False
2021-12-09,,2.887,2.906,2.877,2.898,71783700,207876355,False
2021-12-10,,2.89,2.89,2.87,2.878,85855200,247052280,False
2021-12-13,,2.878,2.884,2.865,2.869,59091400,169731982,False
2021-12-14,,2.865,2.865,2.831,2.831,92762000,263518251,False
2021-12-15,,2.828,2.852,2.821,2.843,49801300,141394745,False
2021-12-16,,2.846,2.886,2.845,2.885,93899223,269980615,False
2021-12-17,,2.889,2.898,2.864,2.869,69537081,200057127,False
2021-12-20,,2.868,2.882,2.839,2.843,67948181,193779494,False
2021-12-21,,2.842,2.885,2.84,2.882,77878842,223883408,False
2021-12-22,,2.882,2.885,2.867,2.877,40729700,117104222,False
2021-12-23,,2.876,2.89,2.869,2.886,54708458,157482683,False
2021-12-24,,2.886,2.887,2.866,2.875,44667800,128333116,False
2021-12-27,,2.874,2.898,2.87,2.882,50562300,145875503,False
2021-12-28,,2.882,2.885,2.854,2.865,67395100,192874123,False
2021-12-29,,2.864,2.867,2.852,2.855,46748300,133611469,False
2021-12-30,,2.855,2.858,2.848,2.852,39446500,112535835,False
2021-12-31,,2.852,2.879,2.851,2.876,55859121,160338192,False
2022-01-04,,2.892,2.922,2.891,2.918,124269654,361385077,False
2022-01-05,,2.917,2.917,2.891,2.909,70152460,203801195,False
2022-01-06,,2.905,2.921,2.895,2.913,89772719,261710121,False
2022-01-07,,2.912,2.945,2.908,2.929,72756024,213333837,False
2022-01-10,,2.929,2.949,2.921,2.948,80730390,237005126,False
2022-01-11,,2.947,2.98,2.94,2.969,68046352,201931038,False
2022-01-12,,2.969,2.972,2.938,2.957,77454600,228812927,False
2022-01-13,,2.957,2.98,2.955,2.956,78052400,231662358,False
2022-01-14,,2.955,2.955,2.908,2.911,109453358,319212063,False
2022-01-17,,2.825,2.849,2.818,2.828,82274600,232787467,False
2022-01-18,,2.828,2.866,2.822,2.858,52728246,149910001,False
2022-01-19,,2.858,2.893,2.858,2.875,106750600,307467199,False
2022-01-20,,2.872,2.89,2.851,2.861,118363200,339574560,False
2022-01-21,,2.861,2.866,2.841,2.858,69443800,197990946,False
2022-01-24,,2.856,2.857,2.825,2.844,59217500,168394805,False
2022-01-25,,2.841,2.841,2.764,2.765,159771900,446286086,False
2022-01-26,,2.765,2.782,2.749,2.773,124044500,343083039,False
2022-01-27,,2.773,2.786,2.754,2.755,91999900,254737683,False
2022-01-28,,2.756,2.767,2.725,2.747,145588849,399632344,False
2022-02-07,,2.753,2.812,2.753,2.806,95512157,266826407,False
2022-02-08,,2.817,2.877,2.815,2.873,122562910,349111992,False
2022-02-09,,2.873,2.898,2.872,2.879,101588210,292975226,False
2022-02-10,,2.878,2.922,2.851,2.92,143787401,416937103,False
2022-02-11,,2.919,2.955,2.909,2.923,161532790,474829587,False
2022-02-14,,2.922,2.922,2.87,2.877,115670111,334343401,False
2022-02-15,,2.876,2.877,2.848,2.858,86118800,246354430,False
2022-02-16,,2.858,2.892,2.858,2.887,75991901,218883048,False
2022-02-17,,2.886,2.886,2.861,2.873,97102104,279415983,False
2022-02-18,,2.869,2.928,2.861,2.926,122724000,357450588,False
2022-02-21,,2.922,2.953,2.908,2.952,115546255,338433756,False
2022-02-22,,2.935,2.944,2.91,2.941,93539600,273648182,False
2022-02-23,,2.938,2.938,2.891,2.91,83103306,241717129,False
2022-02-24,,2.906,2.91,2.856,2.885,115864200,333982152,False
2022-02-25,,2.884,2.91,2.846,2.865,96204911,276612482,False
2022-02-28,,2.865,2.877,2.839,2.874,65495900,187353801,False
2022-03-01,,2.878,2.911,2.874,2.904,66320179,191864488,False
2022-03-02,,2.906,2.941,2.905,2.937,140083823,409975845,False
2022-03-03,,2.939,2.979,2.939,2.972,168163468,499386302,False
2022-03-04,,2.968,2.987,2.934,2.962,111586106,330429079,False
2022-03-07,,2.975,2.988,2.929,2.942,125566975,370867959,False
2022-03-08,,2.936,2.936,2.851,2.859,134150986,386860865,False
2022-03-09,,2.86,2.885,2.745,2.802,262687124,740788366,False
2022-03-10,,2.819,2.873,2.803,2.848,207405162,590208056,False
2022-03-11,,2.842,2.872,2.791,2.868,83921800,238318929,False
2022-03-14,,2.862,2.897,2.826,2.829,124683393,356651095,False
2022-03-15,,2.821,2.821,2.666,2.671,342079109,933454133,False
2022-03-16,,2.674,2.738,2.6,2.73,273819744,733318777,False
2022-03-17,,2.752,2.792,2.739,2.76,137051320,378095614,False
2022-03-18,,2.76,2.836,2.752,2.83,126843677,355787498,False
2022-03-21,,2.829,2.86,2.821,2.849,91309377,259608329,False
2022-03-22,,2.847,2.909,2.835,2.897,134671624,388568960,False
2022-03-23,,2.895,2.907,2.862,2.893,105196371,303894053,False
2022-03-24,,2.887,2.91,2.878,2.9,102576158,297424648,False
2022-03-25,,2.899,2.929,2.889,2.901,129277750,375960119,False
2022-03-28,,2.9,2.951,2.87,2.947,230514487,676216232,False
2022-03-29,,2.944,2.967,2.926,2.965,134578398,397132437,False
2022-03-30,,2.952,2.98,2.94,2.973,107646861,319005873,False
2022-03-31,,2.972,3.038,2.972,3.012,216670064,653350577,False
2022-04-01,,3.006,3.049,2.992,3.045,120941289,365883001,False
2022-04-06,,3.043,3.096,3.031,3.09,144312820,442130261,False
2022-04-07,,3.075,3.09,3.035,3.044,208741545,638769619,False
2022-04-08,,3.04,3.08,3.01,3.079,184847544,563347897,False
2022-04-11,,3.076,3.076,3.012,3.02,253375600,771250766,False
2022-04-12,,3.017,3.044,2.985,3.01,139757900,421213103,False
2022-04-13,,3.001,3.069,2.997,3.033,84099767,255283569,False
2022-04-14,,3.038,3.098,3.031,3.089,92435767,283970892,False
2022-04-15,,3.08,3.12,3.045,3.056,112417701,346550240,False
2022-04-18,,3.04,3.044,2.981,2.992,114262200,343546824,False
2022-04-19,,2.986,3.039,2.968,3.036,105053200,316634859,False
2022-04-20,,3.02,3.026,2.932,2.949,145260600,431732533,False
2022-04-21,,2.939,2.96,2.88,2.895,165488000,481824473,False
2022-04-22,,2.886,2.931,2.858,2.925,140201453,408026586,False
2022-04-25,,2.899,2.899,2.8,2.801,223759553,635732956,False
2022-04-26,,2.801,2.828,2.753,2.762,227688093,633145239,False
2022-04-27,,2.765,2.799,2.735,2.798,220067649,609292803,False
2022-04-28,,2.796,2.849,2.788,2.844,143509400,404972299,False
2022-04-29,,2.844,2.886,2.812,2.878,148325600,423207900,False
2022-05-05,,2.877,2.886,2.847,2.867,92666600,265651154,False
2022-05-06,,2.829,2.835,2.783,2.792,130603500,365960912,False
2022-05-09,,2.788,2.788,2.761,2.784,120205776,333820255,False
2022-05-10,,2.784,2.788,2.726,2.787,154643200,426023741,False
2022-05-11,,2.786,2.808,2.778,2.785,104750970,292617341,False
2022-05-12,,2.785,2.795,2.75,2.773,107704403,298486460,False
2022-05-13,,2.773,2.829,2.773,2.828,129872357,364637155,False
2022-05-16,,2.856,2.879,2.829,2.872,131531278,375899888,False
2022-05-17,,2.871,2.879,2.836,2.862,64263670,183657461,False
2022-05-18,,2.861,2.861,2.827,2.834,72257604,204993412,False
2022-05-19,,2.81,2.837,2.799,2.837,67904600,191397309,False
2022-05-20,,2.837,2.88,2.836,2.876,104024150,298324700,False
2022-05-23,,2.883,2.898,2.872,2.88,65938245,190068279,False
2022-05-24,,2.88,2.887,2.834,2.836,77251185,221018002,False
2022-05-25,,2.833,2.867,2.822,2.865,74356400,212126326,False
2022-05-26,,2.867,2.91,2.859,2.905,122836400,355368972,False
2022-05-27,,2.906,2.915,2.895,2.904,110906300,322004062,False
2022-05-30,,2.904,2.915,2.878,2.89,70676500,204191834,False
2022-05-31,,2.888,2.897,2.875,2.894,64349000,185680252,False
2022-06-01,,2.89,2.905,2.877,2.903,69998251,202341214,False
2022-06-02,,2.902,2.902,2.869,2.885,68971907,198647349,False
2022-06-06,,2.883,2.886,2.859,2.884,152923800,439627707,False
2022-06-07,,2.884,2.912,2.872,2.899,106024260,306825196,False
2022-06-08,,2.904,2.938,2.888,2.937,117181760,341857243,False
2022-06-09,,2.935,2.969,2.926,2.944,87280586,257068255,False
2022-06-10,,2.939,2.972,2.919,2.964,86191186,254638465,False
2022-06-13,,2.954,2.954,2.901,2.92,72199286,210962351,False
2022-06-14,,2.905,2.96,2.897,2.958,157149900,459615657,False
2022-06-15,,2.955,3.001,2.943,2.961,132136053,393702110,False
2022-06-16,,2.96,2.975,2.904,2.914,106941700,312929275,False
2022-06-17,,2.9,2.914,2.885,2.907,107441950,311393231,False
2022-06-20,,2.902,2.902,2.875,2.885,92679000,267177374,False
2022-06-21,,2.885,2.905,2.878,2.891,73990800,214252619,False
2022-06-22,,2.89,2.894,2.85,2.855,89269300,256144762,False
2022-06-23,,2.853,2.883,2.84,2.879,89602800,256530803,False
2022-06-24,,2.88,2.892,2.87,2.883,65272200,187892210,False
2022-06-27,,2.883,2.915,2.88,2.91,92013601,267258326,False
2022-06-28,,2.91,2.935,2.906,2.935,73016401,213481306,False
2022-06-29,,2.934,2.97,2.93,2.947,113871351,336337179,False
2022-06-30,,2.947,2.972,2.938,2.964,80930051,239596096,False
2022-07-01,,2.962,2.976,2.936,2.969,100854600,298337923,False
2022-07-04,,2.966,2.981,2.957,2.975,61256659,181800280,False
2022-07-05,,2.98,3.004,2.972,2.989,122446734,366071726,False
2022-07-06,,2.974,2.975,2.905,2.923,108013034,316190698,False
2022-07-07,,2.922,2.944,2.911,2.936,48513558,142204590,False
2022-07-08,,2.948,2.955,2.93,2.934,55512401,163097998,False
2022-07-11,,2.931,2.931,2.896,2.907,70814800,205670178,False
2022-07-12,,2.907,2.944,2.907,2.93,68649845,201131104,False
2022-07-13,,2.93,2.936,2.914,2.928,40452300,118288747,False
2022-07-14,,2.928,2.928,2.89,2.898,89442600,259196175,False
2022-07-15,,2.898,2.91,2.857,2.858,101146732,291245066,False
2022-07-18,,2.859,2.917,2.859,2.917,116797200,339116684,False
2022-07-19,,2.917,2.927,2.905,2.921,49310165,143799156,False
2022-07-20,,2.92,2.935,2.92,2.926,39950700,116957199,False
2022-07-21,,2.925,2.925,2.88,2.882,88132800,254806513,False
2022-07-22,,2.88,2.886,2.85,2.865,124326300,356166693,False
2022-07-25,,2.867,2.885,2.865,2.874,53707100,154249151,False
2022-07-26,,2.874,2.921,2.862,2.912,113616723,329550853,False
2022-07-27,,2.907,2.922,2.893,2.912,67072200,195244569,False
2022-07-28,,2.918,2.929,2.91,2.923,83951740,245193656,False
2022-07-29,,2.925,2.931,2.896,2.901,59259230,172407870,False
2022-08-01,,2.901,2.914,2.874,2.908,80569700,233412233,False
2022-08-02,,2.9,2.901,2.827,2.845,177488300,506095433,False
2022-08-03,,2.843,2.875,2.812,2.817,125822604,357210142,False
2022-08-04,,2.82,2.829,2.796,2.821,130782800,367557703,False
2022-08-05,,2.821,2.829,2.8,2.825,110346900,310308328,False
2022-08-08,,2.826,2.861,2.821,2.856,87118100,248224904,False
2022-08-09,,2.856,2.88,2.847,2.877,67784300,194631564,False
2022-08-10,,2.876,2.88,2.852,2.861,50348100,144108965,False
2022-08-11,,2.867,2.889,2.863,2.888,73109102,210635118,False
2022-08-12,,2.888,2.918,2.888,2.915,110716379,322211704,False
2022-08-15,,2.913,2.944,2.91,2.929,96842301,283963414,False
2022-08-16,,2.929,2.946,2.922,2.939,103386188,303620120,False
2022-08-17,,2.937,2.95,2.925,2.943,78988518,232402956,False
2022-08-18,,2.941,2.954,2.916,2.919,67169719,196591374,False
2022-08-19,,2.922,2.964,2.922,2.944,131903241,389189740,False
2022-08-22,,2.945,2.974,2.942,2.97,85062041,252134030,False
2022-08-23,,2.969,2.993,2.948,2.98,89838791,267437970,False
2022-08-24,,2.981,2.988,2.934,2.936,81575735,241347361,False
2022-08-25,,2.943,3.003,2.943,3.001,188511786,563178935,False
2022-08-26,,3.0,3.007,2.975,2.98,85533451,255627411,False
2022-08-29,,2.979,3.007,2.938,3.002,96707300,288554415,False
2022-08-30,,3.0,3.008,2.959,2.975,54685700,162812945,False
2022-08-31,,2.974,2.98,2.946,2.957,61983417,183514643,False
2022-09-01,,2.955,3.019,2.95,2.985,150443519,450895201,False
2022-09-02,,2.985,2.991,2.969,2.979,48870900,145499574,False
2022-09-05,,2.99,3.035,2.979,3.033,164081814,495637940,False
2022-09-06,,3.038,3.086,3.032,3.082,121584220,372872185,False
2022-09-07,,3.081,3.086,3.057,3.074,72178800,221861140,False
2022-09-08,,3.072,3.084,3.043,3.065,57358359,175933465,False
2022-09-09,,3.067,3.112,3.067,3.108,92363170,286265047,False
2022-09-13,,3.107,3.112,3.077,3.085,58992706,182567215,False
2022-09-14,,3.069,3.092,3.055,3.059,58471499,179516068,False
2022-09-15,,3.073,3.106,3.035,3.071,115922899,356165435,False
2022-09-16,,3.065,3.068,2.974,2.981,98692735,297417656,False
2022-09-19,,2.974,2.998,2.954,2.981,84104219,250782013,False
2022-09-20,,2.991,3.002,2.973,2.978,47397500,141484064,False
2022-09-21,,2.973,3.014,2.96,3.005,62024053,185551315,False
2022-09-22,,2.996,3.023,2.99,3.017,56268700,169303488,False
2022-09-23,,3.014,3.036,2.985,2.993,74847900,224904412,False
2022-09-26,,2.984,2.997,2.938,2.945,89114800,264845105,False
2022-09-27,,2.945,2.963,2.906,2.961,56800900,166582598,False
2022-09-28,,2.961,2.965,2.933,2.94,59047000,173862188,False
2022-09-29,,2.949,2.973,2.921,2.935,58634200,172937702,False
2022-09-30,,2.935,2.976,2.932,2.96,50343100,148680974,False
2022-10-10,,2.961,3.014,2.96,2.965,75905100,226563525,False
2022-10-11,,2.965,2.971,2.93,2.955,65768500,193896407,False
2022-10-12,,2.954,2.991,2.926,2.99,54109800,159773464,False
2022-10-13,,2.986,2.986,2.925,2.944,88015600,259010066,False
2022-10-14,,2.948,2.987,2.948,2.976,60377047,179562588,False
2022-10-17,,2.976,2.976,2.925,2.967,52517601,154784435,False
2022-10-18,,2.965,2.979,2.95,2.962,33860200,100393704,False
2022-10-19,,2.961,2.98,2.95,2.959,42267200,125469677,False
2022-10-20,,2.955,2.955,2.925,2.933,65409732,191859245,False
2022-10-21,,2.933,2.962,2.933,2.946,40298301,118821049,False
2022-10-24,,2.945,2.953,2.879,2.894,93107776,270974434,False
2022-10-25,,2.895,2.9,2.846,2.866,81789476,234449644,False
2022-10-26,,2.865,2.88,2.84,2.849,80650200,230598026,False
2022-10-27,,2.85,2.877,2.849,2.863,62659200,179621077,False
2022-10-28,,2.86,2.86,2.803,2.814,106127400,299876415,False
2022-10-31,,2.814,2.815,2.738,2.747,188546700,520446726,False
2022-11-01,,2.748,2.767,2.725,2.767,161348800,442238474,False
2022-11-02,,2.767,2.806,2.751,2.8,83173200,231424407,False
2022-11-03,,2.789,2.795,2.771,2.781,56708297,157847968,False
2022-11-04,,2.781,2.844,2.781,2.829,72255300,203877597,False
2022-11-07,,2.829,2.865,2.823,2.854,60753769,173023737,False
2022-11-08,,2.854,2.862,2.844,2.854,46140929,131609691,False
2022-11-09,,2.854,2.88,2.851,2.852,68850301,197164153,False
2022-11-10,,2.847,2.87,2.816,2.859,71630500,204058304,False
2022-11-11,,2.898,2.938,2.887,2.921,119456001,347741401,False
2022-11-14,,2.95,2.972,2.9,2.91,78623800,230653245,False
2022-11-15,,2.91,2.923,2.888,2.92,49216950,143360828,False
2022-11-16,,2.92,2.923,2.907,2.911,36166330,105405225,False
2022-11-17,,2.91,2.91,2.872,2.89,63827668,184171854,False
2022-11-18,,2.89,2.891,2.871,2.877,53541700,154123180,False
2022-11-21,,2.868,2.871,2.839,2.866,46031568,131386213,False
2022-11-22,,2.866,2.905,2.865,2.885,55243002,159345661,False
2022-11-23,,2.884,2.916,2.88,2.901,94430000,274258846,False
2022-11-24,,2.913,2.92,2.897,2.917,49144981,143185060,False
2022-11-25,,2.916,2.97,2.913,2.966,132863784,392629164,False
2022-11-28,,2.946,2.956,2.918,2.948,62533665,183818533,False
2022-11-29,,2.985,3.036,2.97,3.034,201603967,607437968,False
2022-11-30,,3.028,3.063,3.004,3.014,88283935,267525107,False
2022-12-01,,3.038,3.044,2.99,2.993,68816606,207140895,False
2022-12-02,,2.993,2.993,2.955,2.972,103666700,307550700,False
2022-12-05,,2.983,3.034,2.983,3.025,86901500,262062372,False
2022-12-06,,3.022,3.023,2.999,3.013,67770800,203853657,False
2022-12-07,,3.006,3.018,2.985,2.998,46625100,139918417,False
2022-12-08,,2.997,3.022,2.989,3.013,49694000,149492388,False
2022-12-09,,3.011,3.025,3.0,3.02,54218300,163344675,False
2022-12-12,,3.008,3.011,2.957,2.958,82176300,244570794,False
2022-12-13,,2.958,2.982,2.953,2.972,34846438,103509561,False
2022-12-14,,2.972,2.974,2.96,2.966,34461200,102197956,False
2022-12-15,,2.964,2.965,2.923,2.931,73936000,216964764,False
2022-12-16,,2.926,2.968,2.92,2.953,58714200,173326482,False
2022-12-19,,2.953,2.964,2.898,2.914,72754600,212598731,False
2022-12-20,,2.914,2.915,2.865,2.88,80203700,231240543,False
2022-12-21,,2.882,2.899,2.87,2.883,74895000,215714424,False
2022-12-22,,2.89,2.906,2.852,2.861,77455600,222861041,False
2022-12-23,,2.86,2.869,2.843,2.851,67151900,191529018,False
2022-12-26,,2.851,2.856,2.842,2.844,65526100,186517983,False
2022-12-27,,2.846,2.877,2.846,2.872,66616400,191115142,False
2022-12-28,,2.872,2.883,2.854,2.878,44516900,127890499,False
2022-12-29,,2.876,2.876,2.841,2.849,74464500,212229124,False
2022-12-30,,2.85,2.865,2.846,2.863,55376500,158246823,False
2023-01-03,,2.864,2.883,2.854,2.876,48583200,139524146,False
2023-01-04,,2.876,2.905,2.869,2.897,53686317,155397648,False
2023-01-05,,2.9,2.908,2.892,2.902,50186053,145528108,False
2023-01-06,,2.902,2.904,2.892,2.897,51267700,148478958,False
2023-01-09,,2.901,2.907,2.89,2.899,51867400,150340272,False
2023-01-10,,2.9,2.904,2.878,2.883,85262100,245937423,False
2023-01-11,,2.883,2.911,2.881,2.905,64943100,188233342,False
2023-01-12,,2.905,2.906,2.882,2.892,90597300,261787768,False
2023-01-13,,2.893,2.91,2.893,2.907,66760753,193887486,False
2023-01-16,,2.82,2.82,2.77,2.788,186379353,519675045,False
2023-01-17,,2.788,2.792,2.776,2.78,106421800,295838452,False
2023-01-18,,2.78,2.791,2.78,2.783,75283900,209632690,False
2023-01-19,,2.784,2.79,2.775,2.789,90972000,252977954,False
2023-01-20,,2.79,2.818,2.79,2.817,88700498,249116778,False
2023-01-30,,2.833,2.849,2.8,2.801,127149100,358000624,False
2023-01-31,,2.801,2.81,2.796,2.809,60527300,169838230,False
2023-02-01,,2.809,2.815,2.796,2.813,78093727,219003348,False
2023-02-02,,2.813,2.823,2.802,2.817,68580008,193023853,False
2023-02-03,,2.815,2.816,2.786,2.799,139694000,390425628,False
2023-02-06,,2.792,2.792,2.777,2.784,86270600,240113329,False
2023-02-07,,2.784,2.802,2.784,2.795,58756917,164218406,False
2023-02-08,,2.797,2.802,2.786,2.788,59525900,166306998,False
2023-02-09,,2.786,2.8,2.781,2.797,56688600,158441046,False
2023-02-10,,2.798,2.805,2.792,2.8,69044200,193255409,False
2023-02-13,,2.8,2.806,2.787,2.805,69617900,194855539,False
2023-02-14,,2.804,2.823,2.804,2.822,96506800,271916690,False
2023-02-15,,2.822,2.823,2.805,2.809,59031800,165941895,False
2023-02-16,,2.809,2.827,2.78,2.794,128882900,362060765,False
2023-02-17,,2.799,2.814,2.791,2.799,114880900,322096574,False
2023-02-20,,2.799,2.844,2.799,2.843,175180900,495237396,False
2023-02-21,,2.848,2.886,2.848,2.879,130005541,373481898,False
2023-02-22,,2.879,2.889,2.86,2.883,80162400,230813153,False
2023-02-23,,2.894,2.91,2.882,2.894,96237928,278872064,False
2023-02-24,,2.893,2.896,2.869,2.886,73935565,213207989,False
2023-02-27,,2.88,2.907,2.88,2.891,73067550,211572943,False
2023-02-28,,2.891,2.898,2.877,2.898,51958359,150034861,False
2023-03-01,,2.899,2.916,2.898,2.915,112762711,328135308,False
2023-03-02,,2.915,2.942,2.91,2.929,86228774,252651667,False
2023-03-03,,2.93,2.948,2.921,2.944,87213463,256196216,False
2023-03-06,,2.945,2.95,2.927,2.93,91306800,268088307,False
2023-03-07,,2.929,2.97,2.92,2.923,111609900,329211304,False
2023-03-08,,2.92,2.922,2.901,2.921,77218638,224811490,False
2023-03-09,,2.922,2.939,2.915,2.917,57295400,167495220,False
2023-03-10,,2.914,2.914,2.87,2.877,97365800,281052253,False
2023-03-13,,2.873,2.91,2.87,2.91,72623800,209998465,False
2023-03-14,,2.91,2.923,2.883,2.895,71521600,207670627,False
2023-03-15,,2.899,2.925,2.886,2.919,88122000,256196945,False
2023-03-16,,2.91,2.924,2.894,2.898,72016400,209392783,False
2023-03-17,,2.901,2.93,2.901,2.917,77682000,226786099,False
2023-03-20,,2.917,2.941,2.902,2.904,95327000,278501185,False
2023-03-21,,2.906,2.914,2.887,2.896,63657800,184341646,False
2023-03-22,,2.9,2.921,2.893,2.91,54584066,158789472,False
2023-03-23,,2.909,2.915,2.896,2.912,42059400,122322128,False
2023-03-24,,2.915,2.917,2.89,2.894,62030900,179647395,False
2023-03-27,,2.894,2.894,2.86,2.873,97238353,278881016,False
2023-03-28,,2.875,2.886,2.866,2.878,45533700,130962553,False
2023-03-29,,2.88,2.89,2.871,2.876,34230274,98502953,False
2023-03-30,,2.875,2.888,2.858,2.887,67884200,194987414,False
2023-03-31,,2.889,2.905,2.884,2.894,55129200,159721785,False
2023-04-03,,2.894,2.918,2.894,2.915,75613500,220176079,False
2023-04-04,,2.913,2.935,2.907,2.928,110291700,322909367,False
2023-04-06,,2.928,2.928,2.909,2.911,31225906,91008860,False
2023-04-07,,2.91,2.922,2.905,2.912,37052900,107890557,False
2023-04-10,,2.912,2.913,2.901,2.909,45922792,133549938,False
2023-04-11,,2.909,2.932,2.903,2.932,79054500,231070532,False
2023-04-12,,2.934,2.967,2.934,2.966,128781253,381179772,False
2023-04-13,,2.964,2.986,2.961,2.973,107516040,319787901,False
2023-04-14,,2.973,2.979,2.954,2.965,62391435,184942348,False
2023-04-17,,2.962,3.0,2.952,2.999,99264253,296290766,False
2023-04-18,,2.997,3.019,2.99,3.018,119134496,358379733,False
2023-04-19,,3.016,3.025,3.006,3.013,123493956,372704726,False
2023-04-20,,3.01,3.021,2.984,3.009,71219301,213582218,False
2023-04-21,,3.009,3.038,2.991,2.992,67684800,203993526,False
2023-04-24,,2.993,3.004,2.98,2.987,175007101,523034033,False
2023-04-25,,2.988,3.013,2.97,3.009,112814600,338306937,False
2023-04-26,,2.999,3.032,2.97,3.015,122174900,367421983,False
2023-04-27,,3.014,3.037,2.999,3.023,121086700,365975685,False
2023-04-28,,3.016,3.061,3.013,3.059,160162400,487420768,False
2023-05-04,,3.052,3.135,3.042,3.13,110225394,342886224,False
2023-05-05,,3.138,3.179,3.119,3.158,103719097,326728367,False
2023-05-08,,3.155,3.263,3.148,3.249,194076954,626117647,False
2023-05-09,,3.249,3.285,3.208,3.211,206046131,669668909,False
2023-05-10,,3.2,3.212,3.132,3.143,172259637,544893190,False
2023-05-11,,3.145,3.164,3.125,3.136,78337498,246173841,False
2023-05-12,,3.136,3.163,3.11,3.123,92668900,290498742,False
2023-05-15,,3.122,3.123,3.046,3.116,122320000,376965463,False
2023-05-16,,3.113,3.138,3.091,3.096,79416149,247617056,False
2023-05-17,,3.096,3.105,3.071,3.083,72269820,223115089,False
2023-05-18,,3.085,3.129,3.084,3.111,65427820,203631845,False
2023-05-19,,3.098,3.098,3.064,3.068,209455600,644546232,False
2023-05-22,,3.065,3.076,3.045,3.058,69759400,213381011,False
2023-05-23,,3.056,3.066,3.02,3.02,67180700,204377434,False
2023-05-24,,3.018,3.018,2.974,2.978,96195399,287369302,False
2023-05-25,,2.974,2.978,2.932,2.963,91052700,268765483,False
2023-05-26,,2.96,2.999,2.946,2.991,105758900,314225158,False
2023-05-29,,2.999,3.044,2.981,3.022,153613900,463052316,False
2023-05-30,,3.016,3.029,2.98,3.021,80546630,242262389,False
2023-05-31,,3.012,3.018,2.982,2.988,78721000,235788344,False
2023-06-01,,2.99,3.011,2.971,2.985,64527800,192860693,False
2023-06-02,,2.987,3.0,2.977,2.984,85495900,255216880,False
2023-06-05,,2.985,3.005,2.973,3.002,61297600,183532760,False
2023-06-06,,3.002,3.038,2.982,2.992,81204535,244827859,False
2023-06-07,,2.991,3.028,2.976,3.023,97089500,292681837,False
2023-06-08,,3.021,3.068,3.006,3.06,100371600,305208527,False
2023-06-09,,3.058,3.059,3.032,3.041,60166000,183079655,False
2023-06-12,,3.041,3.041,3.006,3.01,76298500,230181326,False
2023-06-13,,3.004,3.017,2.998,3.003,49448020,148532062,False
2023-06-14,,3.003,3.025,2.984,2.985,78180600,234506339,False
2023-06-15,,2.988,2.997,2.98,2.994,58757000,175553046,False
2023-06-16,,2.994,3.001,2.988,2.989,87889300,263149365,False
2023-06-19,,2.989,2.99,2.95,2.952,103081422,305355734,False
2023-06-20,,2.95,2.951,2.922,2.925,83787500,245848047,False
2023-06-21,,2.924,2.938,2.905,2.908,95955209,280357291,False
2023-06-26,,2.9,2.9,2.861,2.862,185650900,533908538,False
2023-06-27,,2.862,2.92,2.862,2.915,114655500,331625619,False
2023-06-28,,2.911,2.938,2.905,2.935,79024700,231038912,False
2023-06-29,,2.934,2.943,2.918,2.933,76133400,223326056,False
2023-06-30,,2.931,2.948,2.929,2.938,71608401,210589391,False
2023-07-03,,2.94,2.975,2.94,2.973,97236200,287933595,False
2023-07-04,,2.97,2.97,2.936,2.95,64226300,189330282,False
2023-07-05,,2.944,2.957,2.933,2.948,109278300,322285370,False
2023-07-06,,2.948,2.957,2.934,2.941,55686809,163866682,False
2023-07-07,,2.936,2.961,2.932,2.959,59335022,175070563,False
2023-07-10,,2.96,2.972,2.954,2.966,47931012,142027990,False
2023-07-11,,2.968,2.973,2.95,2.964,40194180,119043555,False
2023-07-12,,2.966,2.969,2.94,2.946,51387480,151754232,False
2023-07-13,,2.95,2.981,2.948,2.977,66926200,198755934,False
2023-07-14,,2.979,3.002,2.978,2.992,73284063,219133170,False
2023-07-17,,2.983,2.983,2.96,2.975,46000300,136395587,False
2023-07-18,,2.974,2.981,2.96,2.968,37397400,111046331,False
2023-07-19,,2.965,2.988,2.965,2.987,47309100,140887349,False
2023-07-20,,2.987,2.996,2.972,2.978,41569153,124019111,False
2023-07-21,,2.974,2.984,2.967,2.978,37754200,112343994,False
2023-07-24,,2.97,2.988,2.961,2.976,57460100,170934718,False
2023-07-25,,2.993,3.019,2.993,3.018,107629214,324197418,False
2023-07-26,,3.019,3.031,3.015,3.025,88312200,266949260,False
2023-07-27,,3.024,3.058,3.019,3.034,102028283,310293894,False
2023-07-28,,3.028,3.093,3.027,3.086,134814800,414367885,False
2023-07-31,,3.101,3.134,3.093,3.106,115187491,357919395,False
2023-08-01,,3.105,3.125,3.096,3.11,105422589,327903473,False
2023-08-02,,3.108,3.108,3.065,3.071,92751100,285621180,False
2023-08-03,,3.063,3.088,3.051,3.087,70156394,215303794,False
2023-08-04,,3.097,3.112,3.073,3.076,90478000,279491037,False
2023-08-07,,3.072,3.072,3.039,3.048,55295600,168500139,False
2023-08-08,,3.042,3.059,3.033,3.043,55814500,169965281,False
2023-08-09,,3.043,3.043,3.03,3.033,37008564,112315761,False
2023-08-10,,3.033,3.065,3.029,3.054,40919500,124854924,False
2023-08-11,,3.054,3.061,3.011,3.012,50088900,151592860,False
2023-08-14,,2.997,3.012,2.972,3.006,81355151,243440080,False
2023-08-15,,3.006,3.036,2.997,3.03,99455122,300584131,False
2023-08-16,,3.025,3.043,3.006,3.029,74871978,226597756,False
2023-08-17,,3.013,3.029,3.0,3.028,69016074,208002829,False
2023-08-18,,3.024,3.058,3.023,3.029,78958046,239931265,False
2023-08-21,,3.029,3.034,3.0,3.004,86661872,261038783,False
2023-08-22,,3.005,3.031,2.993,3.022,82506000,248446640,False
2023-08-23,,3.019,3.058,3.016,3.028,79397401,241209477,False
2023-08-24,,3.028,3.039,3.007,3.012,72440000,218735083,False
2023-08-25,,3.01,3.033,3.001,3.015,106847963,322352398,False
2023-08-28,,3.15,3.168,3.047,3.057,172673199,531886076,False
2023-08-29,,3.049,3.064,3.035,3.057,86003564,262486451,False
2023-08-30,,3.057,3.057,3.016,3.027,92629001,280901441,False
2023-08-31,,3.024,3.034,2.988,2.994,102337554,307111445,False
2023-09-01,,2.995,3.028,2.995,3.022,66712669,201150060,False
2023-09-04,,3.032,3.075,3.032,3.068,105903360,324183861,False
2023-09-05,,3.068,3.068,3.034,3.044,61836014,188196574,False
2023-09-06,,3.036,3.049,3.025,3.041,45688400,138699883,False
2023-09-07,,3.04,3.057,3.031,3.033,72547621,220821934,False
2023-09-08,,3.025,3.029,3.007,3.014,69540000,209658836,False
2023-09-11,,3.015,3.039,3.014,3.035,46378225,140555589,False
2023-09-12,,3.033,3.038,3.026,3.03,31238825,94657868,False
2023-09-13,,3.033,3.057,3.033,3.045,71652376,218130039,False
2023-09-14,,3.044,3.086,3.037,3.083,119430806,366654561,False
2023-09-15,,3.085,3.11,3.072,3.085,104789693,323953456,False
2023-09-18,,3.084,3.087,3.054,3.087,61768300,189560174,False
2023-09-19,,3.085,3.113,3.082,3.108,73535350,228239533,False
2023-09-20,,3.106,3.121,3.095,3.116,65517532,204077919,False
2023-09-21,,3.107,3.123,3.095,3.097,104729399,324973555,False
2023-09-22,,3.083,3.112,3.082,3.111,100762067,312511526,False
2023-09-25,,3.107,3.125,3.095,3.105,86118600,268039907,False
2023-09-26,,3.101,3.11,3.088,3.092,44600700,137978930,False
2023-09-27,,3.091,3.097,3.075,3.081,71082300,219143618,False
2023-09-28,,3.084,3.09,3.076,3.077,52079000,160507715,False
2023-10-09,,3.077,3.078,3.042,3.072,66265900,202879871,False
2023-10-10,,3.072,3.078,3.041,3.043,63708100,194512034,False
2023-10-11,,3.047,3.051,3.026,3.034,76037100,230940816,False
2023-10-12,,3.043,3.066,3.041,3.06,62037103,189335370,False
2023-10-13,,3.046,3.065,3.037,3.056,53520215,163522910,False
2023-10-16,,3.058,3.076,3.05,3.075,70751010,216776420,False
2023-10-17,,3.073,3.076,3.059,3.071,39328200,120585680,False
2023-10-18,,3.068,3.071,3.047,3.048,52982500,161883635,False
2023-10-19,,3.039,3.043,3.0,3.003,91039100,274436031,False
2023-10-20,,2.999,2.999,2.97,2.98,107055000,319540227,False
2023-10-23,,2.979,2.983,2.935,2.95,80500862,238086559,False
2023-10-24,,2.968,2.972,2.95,2.971,69351300,205279078,False
2023-10-25,,2.987,3.003,2.981,2.994,83523800,249738015,False
2023-10-26,,2.987,3.007,2.975,3.004,52428800,156824086,False
2023-10-27,,3.004,3.027,2.998,3.015,80812200,243815269,False
2023-10-30,,3.009,3.01,2.97,2.974,118171838,351932913,False
2023-10-31,,2.972,2.983,2.961,2.982,53211888,158216602,False
2023-11-01,,2.983,2.985,2.964,2.979,55255150,164238770,False
2023-11-02,,2.979,2.998,2.977,2.988,53830712,161037369,False
2023-11-03,,2.988,2.996,2.97,2.974,70046700,208714193,False
2023-11-06,,2.974,2.978,2.948,2.955,172542660,509516531,False
2023-11-07,,2.952,2.96,2.94,2.957,58693200,173182766,False
2023-11-08,,2.953,2.963,2.945,2.956,50499789,149216320,False
2023-11-09,,2.956,2.983,2.953,2.981,90250558,268600330,False
2023-11-10,,2.971,2.979,2.957,2.973,50737294,150542193,False
2023-11-13,,2.977,2.983,2.955,2.978,44482028,131909519,False
2023-11-14,,2.978,2.981,2.96,2.968,44989800,133462722,False
2023-11-15,,2.98,2.984,2.97,2.977,43642050,129854731,False
2023-11-16,,2.977,2.985,2.968,2.979,54895312,163561653,False
2023-11-17,,2.974,2.977,2.959,2.969,42546443,126158077,False
2023-11-20,,2.97,2.978,2.962,2.973,46994700,139661371,False
2023-11-21,,2.976,3.007,2.975,2.989,74451569,222860684,False
2023-11-22,,2.983,3.0,2.981,2.981,62422629,186678900,False
2023-11-23,,2.981,3.005,2.978,3.001,78975166,236404539,False
2023-11-24,,2.998,3.015,2.998,3.009,54047416,162595960,False
2023-11-27,,3.002,3.006,2.987,3.0,60792100,181918979,False
2023-11-28,,2.996,2.996,2.978,2.994,47899900,143007650,False
2023-11-29,,2.994,2.999,2.976,2.981,53477001,159578384,False
2023-11-30,,2.977,2.991,2.975,2.99,45284200,135116873,False
2023-12-01,,2.99,3.005,2.987,3.002,60824500,182432761,False
2023-12-04,,3.002,3.014,2.996,3.008,66769900,200666266,False
2023-12-05,,3.004,3.004,2.97,2.972,79642395,238037773,False
2023-12-06,,2.973,2.974,2.941,2.969,68120100,201514304,False
2023-12-07,,2.966,2.978,2.953,2.97,44796400,132906112,False
2023-12-08,,2.97,2.982,2.955,2.971,45438800,134990555,False
2023-12-11,,2.963,3.0,2.921,2.997,103498712,306446892,False
2023-12-12,,2.991,3.01,2.98,3.009,79682300,238997947,False
2023-12-13,,3.003,3.01,2.986,2.987,48040200,144041471,False
2023-12-14,,2.997,3.006,2.98,2.995,59005900,176857125,False
2023-12-15,,2.998,3.002,2.972,2.978,65631700,195802391,False
2023-12-18,,2.972,2.99,2.962,2.975,49728912,148067048,False
2023-12-19,,2.971,2.974,2.955,2.967,70795600,209782264,False
2023-12-20,,2.97,2.987,2.961,2.965,66441112,197627032,False
2023-12-21,,2.959,2.959,2.929,2.945,110704800,325507067,False
2023-12-22,,2.946,2.959,2.933,2.941,78736042,231843127,False
2023-12-25,,2.937,2.94,2.918,2.939,68357200,200047872,False
2023-12-26,,2.938,2.957,2.919,2.922,81675800,239747051,False
2023-12-27,,2.92,2.935,2.907,2.934,82812327,242209513,False
2023-12-28,,2.934,2.938,2.908,2.916,157440300,459288706,False
2023-12-29,,2.916,2.935,2.907,2.931,108213960,316097312,False
2024-01-02,,2.931,2.983,2.93,2.97,145816989,432515576,False
2024-01-03,,2.968,3.014,2.965,3.01,244179313,733444176,False
2024-01-04,,3.008,3.04,3.003,3.034,246967953,747167919,False
2024-01-05,,3.03,3.087,3.026,3.044,321240200,984456676,False
2024-01-08,,3.04,3.042,3.013,3.015,119728400,362024466,False
2024-01-09,,3.014,3.042,2.991,3.038,107309100,324000371,False
2024-01-10,,3.026,3.045,3.019,3.023,85594400,258955427,False
2024-01-11,,3.02,3.02,2.991,2.995,110549200,331815755,False
2024-01-12,,2.995,3.017,2.99,3.01,112794000,339434882,False
2024-01-15,,3.0,3.025,2.99,3.024,53472700,161052976,False
2024-01-16,,3.022,3.036,3.009,3.034,106610355,322106829,False
2024-01-17,,3.032,3.042,2.993,2.997,102852200,310917036,False
2024-01-18,,2.993,2.993,2.9,2.972,291413900,857370693,False
2024-01-19,,2.967,2.975,2.941,2.95,133033264,393130633,False
2024-01-22,,2.95,2.952,2.842,2.881,306073753,885868183,False
2024-01-23,,2.779,2.779,2.71,2.768,302400943,829643281,False
2024-01-24,,2.773,2.845,2.766,2.836,162034243,452951071,False
2024-01-25,,2.836,2.91,2.836,2.908,182523900,526075343,False
2024-01-26,,2.905,2.955,2.901,2.949,201314024,590150297,False
2024-01-29,,2.953,2.987,2.95,2.964,181188403,537473140,False
2024-01-30,,2.95,2.978,2.925,2.93,222367359,655604462,False
2024-01-31,,2.924,2.96,2.913,2.934,139043363,408451765,False
2024-02-01,,2.923,2.926,2.894,2.904,103071600,299953702,False
2024-02-02,,2.902,2.953,2.851,2.912,310794398,907374977,False
2024-02-05,,2.896,2.94,2.861,2.918,193436841,561841598,False
2024-02-06,,2.91,2.977,2.888,2.96,220979100,649425457,False
2024-02-07,,2.959,3.006,2.931,3.004,211241868,629229074,False
2024-02-08,,3.003,3.028,2.988,3.005,157435563,473782142,False
2024-02-19,,3.007,3.079,2.983,3.075,209851897,638557517,False
2024-02-20,,3.063,3.127,3.056,3.119,207746746,645505995,False
2024-02-21,,3.111,3.154,3.102,3.112,217641302,681530656,False
2024-02-22,,3.107,3.172,3.105,3.17,175098700,551476051,False
2024-02-23,,3.168,3.187,3.141,3.152,176915000,558730587,False
2024-02-26,,3.151,3.151,3.07,3.083,195111634,606051288,False
2024-02-27,,3.071,3.109,3.061,3.1,97814640,302095035,False
2024-02-28,,3.1,3.125,3.076,3.094,122426679,379135091,False
2024-02-29,,3.076,3.114,3.072,3.112,98182151,303902063,False
2024-03-01,,3.106,3.125,3.098,3.107,137353950,427297985,False
2024-03-04,,3.108,3.136,3.093,3.134,109761600,342053833,False
2024-03-05,,3.128,3.157,3.119,3.155,100365293,315548619,False
2024-03-06,,3.151,3.181,3.148,3.153,85032795,269154706,False
2024-03-07,,3.153,3.193,3.151,3.172,125412142,397966453,False
2024-03-08,,3.173,3.195,3.154,3.189,134488700,427438924,False
2024-03-11,,3.187,3.19,3.133,3.157,141793751,446909608,False
2024-03-12,,3.151,3.151,3.072,3.086,202924309,627475471,False
2024-03-13,,3.077,3.078,3.041,3.068,158809227,486439842,False
2024-03-14,,3.059,3.083,3.051,3.077,101209032,310930649,False
2024-03-15,,3.07,3.076,3.044,3.071,107864900,329546901,False
2024-03-18,,3.068,3.068,3.04,3.054,158092500,481928019,False
2024-03-19,,3.054,3.076,3.047,3.052,81260800,248644447,False
2024-03-20,,3.051,3.067,3.031,3.058,105249153,321309390,False
2024-03-21,,3.057,3.07,3.044,3.062,53729800,164432373,False
2024-03-22,,3.06,3.07,3.041,3.068,121480900,371517272,False
2024-03-25,,3.063,3.109,3.047,3.078,140359426,433327000,False
2024-03-26,,3.072,3.08,3.043,3.061,104191700,318330435,False
2024-03-27,,3.057,3.084,3.052,3.06,121895574,374451098,False
2024-03-28,,3.058,3.062,3.03,3.052,127257400,387817807,False
2024-03-29,,3.049,3.075,3.04,3.072,113915205,348914884,False
2024-04-01,,3.07,3.072,3.057,3.067,72014321,220555190,False
2024-04-02,,3.067,3.095,3.066,3.088,98249497,303191431,False
2024-04-03,,3.088,3.127,3.084,3.125,132608200,412547985,False
2024-04-08,,3.121,3.161,3.103,3.135,114964901,361079788,False
2024-04-09,,3.132,3.148,3.104,3.12,92734700,289327266,False
2024-04-10,,3.12,3.151,3.115,3.131,132532576,415578633,False
2024-04-11,,3.123,3.186,3.118,3.171,128032500,404816747,False
2024-04-12,,3.164,3.182,3.152,3.164,86256612,273314685,False
2024-04-15,,3.165,3.232,3.156,3.23,142635870,457726472,False
2024-04-16,,3.229,3.27,3.203,3.244,190940500,618443141,False
2024-04-17,,3.226,3.282,3.203,3.277,172064263,558835097,False
2024-04-18,,3.276,3.32,3.27,3.286,171600500,565504225,False
2024-04-19,,3.274,3.325,3.267,3.308,214235900,707693956,False
2024-04-22,,3.306,3.318,3.22,3.221,226259562,735673390,False
2024-04-23,,3.207,3.216,3.162,3.173,170174600,541887570,False
2024-04-24,,3.173,3.179,3.14,3.174,150520100,475262342,False
2024-04-25,,3.166,3.194,3.161,3.193,100409299,319003727,False
2024-04-26,,3.187,3.204,3.143,3.164,148548600,469800614,False
2024-04-29,,3.15,3.153,3.1,3.13,189352927,591166881,False
2024-04-30,,3.124,3.161,3.122,3.143,112682098,354444371,False
2024-05-06,,3.148,3.161,3.128,3.16,132451471,417117574,False
2024-05-07,,3.156,3.165,3.143,3.16,83915500,264589415,False
2024-05-08,,3.158,3.192,3.154,3.182,134912900,428965922,False
2024-05-09,,3.18,3.198,3.172,3.193,98165800,312695364,False
2024-05-10,,3.19,3.212,3.182,3.212,106906190,341996408,False
2024-05-13,,3.207,3.22,3.173,3.216,108676600,347573335,False
2024-05-14,,3.211,3.214,3.184,3.203,114448501,366107123,False
2024-05-15,,3.199,3.221,3.186,3.202,91991301,294878769,False
2024-05-16,,3.201,3.223,3.199,3.209,115589511,371308246,False
2024-05-17,,3.209,3.233,3.196,3.23,106958000,343177582,False
2024-05-20,,3.228,3.277,3.228,3.269,108426500,352499537,False
2024-05-21,,3.261,3.292,3.259,3.285,88676206,290865366,False
2024-05-22,,3.286,3.317,3.284,3.285,130201490,429529429,False
2024-05-23,,3.275,3.28,3.236,3.243,137971800,448857690,False
2024-05-24,,3.239,3.277,3.231,3.238,116394730,379070814,False
2024-05-27,,3.24,3.295,3.24,3.295,103511600,339238701,False
2024-05-28,,3.29,3.303,3.273,3.286,119592706,393670913,False
2024-05-29,,3.28,3.316,3.274,3.289,133830250,441131422,False
2024-05-30,,3.279,3.307,3.257,3.266,119783400,392687175,False
2024-05-31,,3.265,3.288,3.265,3.273,63365200,207572224,False
2024-06-03,,3.268,3.269,3.226,3.242,102457700,332403966,False
2024-06-04,,3.238,3.258,3.223,3.255,84725163,274771920,False
2024-06-05,,3.253,3.259,3.213,3.217,88543175,286385124,False
2024-06-06,,3.217,3.25,3.216,3.234,77010590,248989697,False
2024-06-07,,3.232,3.262,3.232,3.261,77525000,251902045,False
2024-06-11,,3.259,3.26,3.189,3.205,118279470,380005617,False
2024-06-12,,3.199,3.25,3.184,3.246,100102600,322266154,False
2024-06-13,,3.24,3.246,3.207,3.218,70373900,226662702,False
2024-06-14,,3.217,3.232,3.206,3.223,83118700,267653356,False
2024-06-17,,3.215,3.225,3.173,3.181,118964900,379494049,False
2024-06-18,,3.181,3.193,3.158,3.188,76288055,242461141,False
2024-06-19,,3.187,3.201,3.18,3.188,64572000,206053855,False
2024-06-20,,3.186,3.202,3.181,3.194,63729083,203378892,False
2024-06-21,,3.192,3.204,3.182,3.199,74075300,236594818,False
2024-06-24,,3.191,3.191,3.143,3.157,93449500,295363246,False
2024-06-25,,3.156,3.182,3.155,3.17,72398700,229236035,False
2024-06-26,,3.169,3.181,3.152,3.178,67598900,214021107,False
2024-06-27,,3.178,3.191,3.165,3.178,83666100,266049053,False
2024-06-28,,3.176,3.209,3.169,3.201,79768726,254985981,False
2024-07-01,,3.195,3.272,3.192,3.269,153585806,499009361,False
2024-07-02,,3.267,3.28,3.245,3.271,81739180,266958356,False
2024-07-03,,3.271,3.278,3.243,3.249,81225300,264655992,False
2024-07-04,,3.249,3.263,3.229,3.235,66402000,215325824,False
2024-07-05,,3.235,3.244,3.2,3.218,115719800,371881325,False
2024-07-08,,3.217,3.227,3.2,3.207,82272100,264212320,False
2024-07-09,,3.206,3.235,3.183,3.233,96999700,311501408,False
2024-07-10,,3.227,3.228,3.163,3.167,151426000,481635213,False
2024-07-11,,3.17,3.179,3.151,3.162,140520499,443982393,False
2024-07-12,,3.162,3.18,3.151,3.158,86935464,274879380,False
2024-07-15,,3.152,3.198,3.138,3.195,101107233,321323695,False
2024-07-16,,3.191,3.198,3.168,3.182,79006789,251130425,False
2024-07-17,,3.18,3.186,3.157,3.169,63820379,201954786,False
2024-07-18,,3.166,3.174,3.137,3.173,89881800,283359890,False
2024-07-19,,3.164,3.166,3.132,3.15,113611200,357154250,False
2024-07-22,,3.143,3.143,3.091,3.118,174559436,543203072,False
2024-07-23,,3.113,3.119,3.093,3.097,73947100,229830204,False
2024-07-24,,3.094,3.107,3.081,3.099,77790100,240726775,False
2024-07-25,,3.09,3.093,3.06,3.085,98300900,302561240,False
2024-07-26,,3.081,3.088,3.051,3.067,80586431,247013868,False
2024-07-29,,3.06,3.08,3.053,3.079,56212900,172570612,False
2024-07-30,,3.075,3.076,3.052,3.064,54735300,167497865,False
2024-07-31,,3.063,3.095,3.059,3.093,99866400,307491908,False
2024-08-01,,3.093,3.106,3.084,3.096,59219600,183314308,False
2024-08-02,,3.082,3.1,3.068,3.088,86214600,266371163,False
2024-08-05,,3.082,3.088,3.043,3.047,112849100,345893056,False
2024-08-06,,3.048,3.066,3.013,3.036,107981562,327458332,False
2024-08-07,,3.025,3.063,3.023,3.048,75656800,230656971,False
2024-08-08,,3.048,3.063,3.038,3.059,65790400,200808544,False
2024-08-09,,3.059,3.065,3.044,3.048,81646700,249206238,False
2024-08-12,,3.043,3.075,3.035,3.068,72191773,221021131,False
2024-08-13,,3.064,3.076,3.05,3.069,96106607,294386057,False
2024-08-14,,3.068,3.075,3.057,3.062,46971472,144050369,False
2024-08-15,,3.06,3.098,3.053,3.091,86941756,268150604,False
2024-08-16,,3.091,3.103,3.083,3.096,58437100,180875895,False
2024-08-19,,3.095,3.128,3.092,3.126,88244900,275316304,False
2024-08-20,,3.128,3.13,3.076,3.091,86662300,268071028,False
2024-08-21,,3.085,3.086,3.04,3.058,94565686,288945858,False
2024-08-22,,3.056,3.074,3.05,3.061,74396800,227956652,False
2024-08-23,,3.06,3.07,3.045,3.059,66242775,202301178,False
2024-08-26,,3.056,3.059,3.026,3.043,73755728,223879047,False
2024-08-27,,3.038,3.054,3.035,3.05,50812698,154827183,False
2024-08-28,,3.045,3.058,3.028,3.037,50305100,152913498,False
2024-08-29,,3.035,3.035,2.976,2.981,122878200,367673933,False
2024-08-30,,2.979,3.012,2.956,2.99,115116000,343487081,False
2024-09-02,,2.984,3.022,2.954,3.005,97341900,292124401,False
2024-09-03,,3.003,3.013,2.959,2.978,112622400,334918991,False
2024-09-04,,2.97,2.984,2.952,2.977,64247500,190762708,False
2024-09-05,,2.974,2.988,2.966,2.979,51889455,154374591,False
2024-09-06,,2.98,2.991,2.953,2.955,65942853,195875597,False
2024-09-09,,2.946,2.948,2.891,2.9,117983600,343230502,False
2024-09-10,,2.899,2.912,2.883,2.907,97889100,283409499,False
2024-09-11,,2.902,2.902,2.83,2.843,148072830,422393854,False
2024-09-12,,2.84,2.864,2.83,2.853,175512200,500124280,False
2024-09-13,,2.851,2.876,2.842,2.845,132952450,380204794,False
2024-09-18,,2.844,2.882,2.842,2.878,98923500,282934205,False
2024-09-19,,2.879,2.886,2.849,2.873,98601100,282940216,False
2024-09-20,,2.872,2.879,2.856,2.874,61729600,176994157,False
2024-09-23,,2.87,2.912,2.865,2.905,90240600,261275260,False
2024-09-24,,2.932,3.04,2.92,3.039,249189600,746372074,False
2024-09-25,,3.086,3.149,3.079,3.085,347754517,1082686965,False
2024-09-26,,3.079,3.194,3.074,3.189,297067851,932807748,False
2024-09-27,,3.224,3.253,3.138,3.178,241338400,768259732,False
2024-09-30,,3.255,3.433,3.232,3.399,587413977,1951601206,False
2024-10-08,,3.731,3.731,3.316,3.404,507637798,1766260048,False
2024-10-09,,3.37,3.37,3.146,3.148,269941474,869561173,False
2024-10-10,,3.148,3.345,3.148,3.27,403220818,1319200654,False
2024-10-11,,3.272,3.3,3.195,3.226,265261600,862469389,False
2024-10-14,,3.238,3.334,3.238,3.312,231364800,762403772,False
2024-10-15,,3.3,3.308,3.229,3.231,190007400,621221100,False
2024-10-16,,3.213,3.3,3.209,3.279,170885400,558279644,False
2024-10-17,,3.278,3.302,3.228,3.231,138273900,450750236,False
2024-10-18,,3.225,3.287,3.181,3.252,238583443,770905583,False
2024-10-21,,3.255,3.26,3.211,3.232,207138769,668863440,False
2024-10-22,,3.232,3.258,3.218,3.244,115096213,372895639,False
2024-10-23,,3.244,3.255,3.232,3.245,147476000,478138345,False
2024-10-24,,3.239,3.241,3.216,3.226,153592613,495789574,False
2024-10-25,,3.226,3.234,3.214,3.224,115292800,371592637,False
2024-10-28,,3.221,3.246,3.214,3.245,163889200,529689427,False
2024-10-29,,3.243,3.25,3.192,3.2,143261100,460595983,False
2024-10-30,,3.2,3.205,3.146,3.165,146092600,462622652,False
2024-10-31,,3.164,3.164,3.117,3.146,134801800,423354446,False
2024-11-01,,3.14,3.193,3.136,3.175,195546600,620888484,False
2024-11-04,,3.18,3.192,3.143,3.189,90916706,288044828,False
2024-11-05,,3.188,3.218,3.179,3.218,137628278,440700142,False
2024-11-06,,3.218,3.218,3.178,3.19,202193074,645621491,False
2024-11-07,,3.181,3.26,3.177,3.259,183247500,590799638,False
2024-11-08,,3.266,3.278,3.207,3.226,171141067,553405289,False
2024-11-11,,3.22,3.22,3.172,3.193,179443532,571324327,False
2024-11-12,,3.19,3.215,3.16,3.173,186292600,594122359,False
2024-11-13,,3.17,3.196,3.162,3.193,138758400,441594912,False
2024-11-14,,3.188,3.199,3.163,3.167,133618400,425095871,False
2024-11-15,,3.16,3.195,3.155,3.17,226436200,719396361,False
2024-11-18,,3.187,3.26,3.185,3.218,272079820,879480495,False
2024-11-19,,3.218,3.229,3.18,3.209,232906567,745195537,False
2024-11-20,,3.205,3.216,3.195,3.215,110815723,355272026,False
2024-11-21,,3.21,3.222,3.205,3.218,91284152,293282711,False
2024-11-22,,3.218,3.231,3.137,3.142,197781147,628523274,False
2024-11-25,,3.142,3.173,3.133,3.148,202268832,636641287,False
2024-11-26,,3.142,3.17,3.135,3.159,88939542,280983607,False
2024-11-27,,3.159,3.191,3.125,3.189,224876200,711555586,False
2024-11-28,,3.185,3.2,3.179,3.186,92765311,295960702,False
2024-11-29,,3.185,3.214,3.185,3.201,123905600,396986685,False
2024-12-02,,3.209,3.213,3.183,3.209,121409100,388125396,False
2024-12-03,,3.202,3.245,3.193,3.241,243412596,785749045,False
2024-12-04,,3.238,3.28,3.22,3.266,262912500,856472737,False
2024-12-05,,3.264,3.27,3.252,3.259,249777833,814408173,False
2024-12-06,,3.259,3.313,3.259,3.302,328714635,1083884518,False
2024-12-09,,3.302,3.33,3.288,3.31,250858000,831408475,False
2024-12-10,,3.35,3.371,3.3,3.306,404395135,1346996877,False
2024-12-11,,3.302,3.325,3.3,3.319,129654653,429677946,False
2024-12-12,,3.321,3.328,3.309,3.325,128889953,427887083,False
2024-12-13,,3.322,3.322,3.28,3.288,191578400,631300359,False
2024-12-16,,3.285,3.338,3.281,3.317,190872500,632894247,False
2024-12-17,,3.308,3.336,3.302,3.312,176041100,584300688,False
2024-12-18,,3.319,3.35,3.317,3.332,196912001,656843420,False
2024-12-19,,3.32,3.321,3.278,3.292,181173800,597160320,False
2024-12-20,,3.284,3.298,3.262,3.264,142620200,466696688,False
2024-12-23,,3.26,3.302,3.26,3.278,161772811,531636042,False
2024-12-24,,3.278,3.316,3.273,3.311,163945800,541523489,False
2024-12-25,,3.311,3.334,3.305,3.326,169528800,563198679,False
2024-12-26,,3.327,3.329,3.304,3.316,161861100,535843856,False
2024-12-27,,3.308,3.317,3.282,3.315,151024500,498771822,False
2024-12-30,,3.314,3.365,3.31,3.362,249438901,835007238,False
2024-12-31,,3.363,3.388,3.345,3.351,242627000,816818217,False
2025-01-02,,3.351,3.368,3.255,3.279,291280800,963523375,False
2025-01-03,,3.282,3.29,3.238,3.248,312030900,1017359129,False
2025-01-06,,3.243,3.249,3.21,3.248,159646100,515785771,False
2025-01-07,,3.247,3.247,3.2,3.234,164322500,528765167,False
2025-01-08,,3.225,3.243,3.194,3.228,128830000,414840256,False
2025-01-09,,3.222,3.222,3.18,3.184,191348601,610367009,False
2025-01-10,,3.185,3.193,3.15,3.151,211617600,669076458,False
2025-01-13,,3.14,3.152,3.11,3.124,136759300,427664333,False
2025-01-14,,3.125,3.179,3.123,3.174,201953700,637514555,False
2025-01-15,,3.174,3.211,3.169,3.183,143646700,457884994,False
2025-01-16,,3.188,3.219,3.188,3.213,134217000,430139438,False
2025-01-17,,3.21,3.212,3.181,3.196,133009600,425256965,False
2025-01-20,,3.196,3.206,3.18,3.185,161191701,514639382,False
2025-01-21,,3.053,3.055,3.017,3.027,217611460,659378954,False
2025-01-22,,3.027,3.027,2.996,3.003,129926501,390232798,False
2025-01-23,,3.019,3.063,3.019,3.052,207932337,633230475,False
2025-01-24,,3.045,3.077,3.031,3.067,176820420,540343135,False
2025-01-27,,3.067,3.114,3.067,3.105,140551700,435627010,False
2025-02-05,,3.106,3.111,3.036,3.043,234095900,715366927,False
2025-02-06,,3.041,3.049,3.02,3.041,252298000,764346957,False
2025-02-07,,3.041,3.061,3.023,3.054,277715501,845621577,False
2025-02-10,,3.05,3.052,3.037,3.047,218705949,665773849,False
2025-02-11,,3.047,3.061,3.045,3.06,179773401,549307825,False
2025-02-12,,3.061,3.064,3.045,3.062,181305700,553650356,False
2025-02-13,,3.06,3.074,3.057,3.065,208861300,640334377,False
2025-02-14,,3.064,3.07,3.051,3.068,225514046,689851319,False
2025-02-17,,3.068,3.071,3.042,3.055,193882163,591055793,False
2025-02-18,,3.053,3.071,3.043,3.053,249105369,761812600,False
2025-02-19,,3.048,3.05,3.03,3.035,223587300,678959018,False
2025-02-20,,3.03,3.033,3.02,3.022,196738500,594853971,False
2025-02-21,,3.023,3.027,2.995,3.0,352205600,1058072446,False
2025-02-24,,2.999,3.002,2.981,2.996,235457477,704388238,False
2025-02-25,,2.991,3.0,2.972,2.975,208777400,623072744,False
2025-02-26,,2.975,3.008,2.975,3.001,207659401,622448532,False
2025-02-27,,3.002,3.028,2.996,3.028,187680756,565650501,False
2025-02-28,,3.027,3.039,3.007,3.01,163965650,495345853,False
2025-03-03,,3.01,3.019,2.996,2.997,205102343,615784707,False
2025-03-04,,2.997,3.002,2.983,2.996,97408000,291657495,False
2025-03-05,,2.996,3.004,2.984,3.004,113282400,339089688,False
2025-03-06,,3.004,3.007,2.985,2.998,172287800,515598502,False
2025-03-07,,2.996,3.007,2.992,2.997,224683269,673568017,False
2025-03-10,,2.995,3.002,2.985,3.001,136822900,409759286,False
2025-03-11,,2.993,3.023,2.986,3.022,188485969,566783383,False
2025-03-12,,3.022,3.026,3.011,3.018,102018427,307969053,False
2025-03-13,,3.014,3.047,3.013,3.046,205799156,625036125,False
2025-03-14,,3.043,3.077,3.041,3.068,241624061,740449971,False
2025-03-17,,3.069,3.081,3.063,3.077,136369884,419182885,False
2025-03-18,,3.077,3.079,3.054,3.065,134980698,413544469,False
2025-03-19,,3.061,3.07,3.051,3.066,100744501,308412086,False
2025-03-20,,3.066,3.077,3.058,3.061,191114200,585948012,False
2025-03-21,,3.058,3.08,3.043,3.055,174555717,534916071,False
2025-03-24,,3.054,3.08,3.054,3.078,146219701,448782776,False
2025-03-25,,3.073,3.1,3.072,3.1,169054626,522325495,False
2025-03-26,,3.096,3.103,3.084,3.101,171399001,530788815,False
2025-03-27,,3.1,3.105,3.091,3.099,93902700,291081985,False
2025-03-28,,3.095,3.099,3.074,3.082,157192901,484495058,False
2025-03-31,,3.079,3.095,3.067,3.073,150717500,464119231,False
2025-04-01,,3.071,3.098,3.07,3.097,113641700,350848542,False
2025-04-02,,3.097,3.116,3.092,3.112,133127236,413946188,False
2025-04-03,,3.098,3.12,3.089,3.117,145169479,451452176,False
2025-04-07,,3.05,3.053,2.875,2.938,471864511,1400235161,False
2025-04-08,,2.939,3.003,2.938,3.003,298132600,888849289,False
2025-04-09,,2.983,3.012,2.945,3.007,268858300,801625258,False
2025-04-10,,3.02,3.048,3.01,3.038,291703000,885372931,False
2025-04-11,,3.03,3.031,3.013,3.023,120779888,365078983,False
2025-04-14,,3.023,3.055,3.02,3.051,123122425,374237437,False
2025-04-15,,3.051,3.067,3.044,3.066,118990570,363495779,False
2025-04-16,,3.063,3.084,3.056,3.082,147468500,452387325,False
2025-04-17,,3.078,3.078,3.061,3.075,81058528,248877279,False
2025-04-18,,3.067,3.08,3.066,3.077,83169155,255559322,False
2025-04-21,,3.075,3.094,3.065,3.067,97844810,301075505,False
2025-04-22,,3.064,3.082,3.063,3.077,125932900,387436756,False
2025-04-23,,3.077,3.08,3.058,3.061,106024706,324950805,False
2025-04-24,,3.06,3.081,3.055,3.074,95897590,294733956,False
2025-04-25,,3.072,3.079,3.064,3.071,70100003,215152749,False
2025-04-28,,3.07,3.077,3.06,3.074,118311494,363368046,False
2025-04-29,,3.071,3.076,3.057,3.062,79978494,245018119,False
2025-04-30,,3.062,3.062,3.034,3.038,117201200,356508256,False
2025-05-06,,3.04,3.043,3.02,3.03,116445701,352428894,False
2025-05-07,,3.043,3.055,3.036,3.049,168755169,513728435,False
2025-05-08,,3.049,3.059,3.04,3.053,89909801,274413601,False
2025-05-09,,3.051,3.074,3.05,3.07,129185300,396206112,False
2025-05-12,,3.073,3.084,3.067,3.083,91184195,280634398,False
2025-05-13,,3.09,3.107,3.083,3.105,198210201,614150598,False
2025-05-14,,3.101,3.134,3.095,3.133,197015500,614422151,False
2025-05-15,,3.132,3.145,3.123,3.124,141456107,442995927,False
2025-05-16,,3.118,3.123,3.09,3.106,86700630,268988030,False
2025-05-19,,3.106,3.121,3.104,3.117,86716277,270282355,False
2025-05-20,,3.118,3.127,3.112,3.121,91527828,285541297,False
2025-05-21,,3.121,3.158,3.12,3.15,115707933,364002124,False
2025-05-22,,3.147,3.157,3.137,3.151,72560286,228471311,False
2025-05-23,,3.152,3.168,3.122,3.123,89887004,282705233,False
2025-05-26,,3.119,3.128,3.102,3.107,95942718,298445311,False
2025-05-27,,3.105,3.114,3.087,3.095,75818830,235010069,False
2025-05-28,,3.095,3.103,3.086,3.1,55699568,172392932,False
2025-05-29,,3.1,3.11,3.097,3.108,71506852,221997032,False
2025-05-30,,3.104,3.123,3.104,3.122,80482384,250818749,False
2025-06-03,,3.118,3.139,3.103,3.134,74922500,234014853,False
2025-06-04,,3.135,3.142,3.124,3.142,69241081,217069614,False
2025-06-05,,3.14,3.149,3.116,3.124,78906418,246694544,False
2025-06-06,,3.124,3.138,3.12,3.124,111079251,347082120,False
2025-06-09,,3.124,3.129,3.11,3.128,75424100,235332325,False
2025-06-10,,3.125,3.148,3.118,3.133,106585668,334252841,False
2025-06-11,,3.131,3.144,3.129,3.142,63494630,199338142,False
2025-06-12,,3.142,3.143,3.133,3.14,51247128,160803595,False
2025-06-13,,3.139,3.143,3.119,3.125,125091346,391104908,False
2025-06-16,,3.121,3.132,3.117,3.131,60081687,187725550,False
2025-06-17,,3.131,3.138,3.126,3.134,60362136,189105442,False
2025-06-18,,3.132,3.14,3.122,3.138,69871022,219000791,False
2025-06-19,,3.137,3.137,3.118,3.124,73519113,229796892,False
2025-06-20,,3.124,3.145,3.124,3.14,91566508,287317349,False
2025-06-23,,3.136,3.159,3.118,3.153,111588538,350443162,False
2025-06-24,,3.145,3.16,3.139,3.157,102083849,321835872,False
2025-06-25,,3.158,3.178,3.147,3.173,133355588,421989600,False
2025-06-26,,3.17,3.185,3.165,3.18,98276704,312154800,False
2025-06-27,,3.179,3.193,3.147,3.154,127815823,404722320,False
2025-06-30,,3.148,3.155,3.14,3.152,136603834,429836144,False
2025-07-01,,3.152,3.176,3.151,3.175,99495111,315150085,False
2025-07-02,,3.177,3.2,3.175,3.199,117885402,376313306,False
2025-07-03,,3.197,3.207,3.188,3.198,108784637,348047433,False
2025-07-04,,3.197,3.233,3.196,3.222,167707650,539974042,False
2025-07-07,,3.219,3.235,3.207,3.235,95827567,308935440,False
2025-07-08,,3.232,3.242,3.218,3.229,71753460,231601535,False
2025-07-09,,3.228,3.252,3.226,3.245,78020949,253102861,False
2025-07-10,,3.244,3.277,3.243,3.271,75563978,246576780,False
2025-07-11,,3.27,3.287,3.25,3.25,136776468,447220525,False
2025-07-14,,3.247,3.284,3.246,3.272,108586124,355275711,False
2025-07-15,,3.268,3.272,3.226,3.233,124622482,403984389,False
2025-07-16,,3.232,3.234,3.205,3.221,165737333,533075010,False
2025-07-17,,3.219,3.225,3.204,3.212,108941068,349830234,False
2025-07-18,,3.212,3.228,3.211,3.226,80614306,259717719,False
2025-07-21,,3.226,3.248,3.225,3.247,100531310,325907446,False
2025-07-22,,3.247,3.305,3.224,3.3,195337026,640154670,False
2025-07-23,,3.314,3.329,3.294,3.297,154403420,511370562,False
2025-07-24,,3.294,3.308,3.275,3.307,132457271,436800288,False
2025-07-25,,3.304,3.325,3.288,3.293,116835480,386062855,False
2025-07-28,,3.282,3.282,3.25,3.26,142440656,464594889,False
2025-07-29,,3.251,3.259,3.234,3.251,117932676,382663718,False
2025-07-30,,3.25,3.282,3.249,3.262,135363979,442289421,False
2025-07-31,,3.251,3.255,3.196,3.211,199017169,638954821,False
2025-08-01,,3.21,3.222,3.196,3.208,88037917,282201386,False
2025-08-04,,3.195,3.224,3.194,3.222,88429429,284009313,False
2025-08-05,,3.223,3.256,3.218,3.254,87068700,282106022,False
2025-08-06,,3.255,3.27,3.252,3.267,114725800,374422005,False
2025-08-07,,3.267,3.284,3.255,3.279,147066654,481477943,False
2025-08-08,,3.275,3.288,3.27,3.278,98807450,324005803,False
2025-08-11,,3.277,3.283,3.257,3.26,161379799,526366177,False
2025-08-12,,3.26,3.292,3.26,3.278,104948160,344012480,False
2025-08-13,,3.278,3.282,3.255,3.258,107908288,351994155,False
2025-08-14,,3.258,3.265,3.234,3.237,109252707,354894970,False
2025-08-15,,3.233,3.233,3.209,3.231,129936100,418361746,False
2025-08-18,,3.23,3.236,3.214,3.223,134969065,434845368,False
2025-08-19,,3.221,3.223,3.212,3.217,103232286,332002502,False
2025-08-20,,3.214,3.241,3.206,3.24,112975538,364871739,False
2025-08-21,,3.24,3.258,3.231,3.256,127908198,415674551,False
2025-08-22,,3.258,3.258,3.226,3.253,169201858,547820885,False
2025-08-25,,3.254,3.274,3.243,3.273,176378554,574875219,False
2025-08-26,,3.27,3.273,3.26,3.261,107061647,349638135,False
2025-08-27,,3.258,3.259,3.205,3.208,190896900,616117897,False
2025-08-28,,3.205,3.214,3.176,3.205,224181088,716433418,False
2025-08-29,,3.201,3.227,3.186,3.189,180980728,579134004,False
2025-09-01,,3.188,3.198,3.164,3.171,212962041,676408329,False
2025-09-02,,3.171,3.187,3.165,3.186,138606235,440228971,False
2025-09-03,,3.185,3.188,3.148,3.153,175130628,553425776,False
2025-09-04,,3.149,3.175,3.122,3.172,204558395,643178290,False
2025-09-05,,3.166,3.167,3.144,3.162,135163612,426184701,False
2025-09-08,,3.16,3.171,3.152,3.168,111711496,353563515,False
2025-09-09,,3.168,3.174,3.155,3.17,102677291,325048395,False
2025-09-10,,3.167,3.172,3.156,3.169,86565900,274032957,False
2025-09-11,,3.167,3.174,3.15,3.174,175492519,554593269,False
2025-09-12,,3.171,3.178,3.154,3.159,136000431,430411442,False
2025-09-15,,3.156,3.156,3.135,3.142,163360700,513234756,False
2025-09-16,,3.145,3.159,3.131,3.135,115256577,361916019,False
2025-09-17,,3.134,3.153,3.125,3.149,155671600,489338053,False
2025-09-18,,3.15,3.15,3.082,3.096,343379949,1068605314,False
2025-09-19,,3.096,3.114,3.077,3.113,254907648,789274234,False
2025-09-22,,3.112,3.113,3.08,3.087,140548279,434515263,False
2025-09-23,,3.087,3.107,3.07,3.105,226650330,701061686,False
2025-09-24,,3.1,3.122,3.093,3.111,147229828,457454869,False
2025-09-25,,3.106,3.108,3.083,3.097,132771900,410443852,False
2025-09-26,,3.095,3.104,3.08,3.098,137495261,425490676,False
2025-09-29,,3.091,3.105,3.072,3.093,214805423,662483851,False
2025-09-30,,3.091,3.092,3.073,3.082,115426700,355382758,False
2025-10-09,,3.082,3.103,3.068,3.103,192947361,594695149,False
2025-10-10,,3.1,3.141,3.091,3.136,265947347,832048253,False
2025-10-13,,3.125,3.145,3.094,3.14,238490581,743812669,False
2025-10-14,,3.139,3.205,3.126,3.204,474243200,1507596097,False
2025-10-15,,3.203,3.215,3.187,3.207,238431243,763943699,False
2025-10-16,,3.201,3.244,3.197,3.239,242080231,781310136,False
2025-10-17,,3.239,3.268,3.224,3.229,243919045,792139562,False
2025-10-20,,3.229,3.258,3.2,3.256,252638582,816254793,False
2025-10-21,,3.243,3.253,3.228,3.248,160358423,519618096,False
2025-10-22,,3.241,3.256,3.238,3.253,117732243,382621933,False
2025-10-23,,3.248,3.283,3.248,3.278,225949709,739691906,False
2025-10-24,,3.265,3.273,3.254,3.259,195565725,637760802,False
2025-10-27,,3.253,3.286,3.235,3.272,181602250,592349598,False
2025-10-28,,3.268,3.279,3.253,3.267,122988372,401591094,False
2025-10-29,,3.265,3.265,3.23,3.249,171294655,555620855,False
2025-10-30,,3.245,3.271,3.242,3.248,114843191,373835004,False
2025-10-31,,3.247,3.248,3.225,3.24,114408542,370000179,False
2025-11-03,,3.24,3.285,3.239,3.283,191633780,626811594,False
2025-11-04,,3.283,3.327,3.28,3.313,223001855,737846054,False
2025-11-05,,3.306,3.332,3.292,3.322,128942958,427582154,False
2025-11-06,,3.315,3.335,3.302,3.326,94328311,313556933,False
2025-11-07,,3.326,3.35,3.325,3.331,75841424,252940407,False
2025-11-10,,3.328,3.358,3.317,3.356,95077894,318181716,False
2025-11-11,,3.354,3.354,3.327,3.347,91917953,307055315,False
2025-11-12,,3.345,3.375,3.345,3.36,109340171,367505154,False
2025-11-13,,3.352,3.368,3.336,3.361,103080047,345429308,False
2025-11-14,,3.356,3.381,3.346,3.348,99226760,333939431,False
2025-11-17,,3.348,3.348,3.311,3.329,134521516,447738536,False
2025-11-18,,3.324,3.327,3.273,3.284,178681585,588238947,False
2025-11-19,,3.283,3.308,3.282,3.3,105795193,348660939,False
2025-11-20,,3.299,3.333,3.295,3.3,102651083,339974086,False
2025-11-21,,3.29,3.3,3.25,3.255,203958688,666227783,False
2025-11-24,,3.253,3.265,3.227,3.227,171180394,553967594,False
2025-11-25,,3.226,3.246,3.22,3.243,129958849,420361711,False
2025-11-26,,3.24,3.252,3.223,3.226,147222900,475840020,False
2025-11-27,,3.226,3.239,3.208,3.23,124318854,401048374,False
2025-11-28,,3.23,3.232,3.215,3.23,89971333,290065589,False
2025-12-01,,3.23,3.245,3.222,3.245,114560230,370453373,False
2025-12-02,,3.244,3.25,3.236,3.249,98340779,319016055,False
2025-12-03,,3.246,3.264,3.236,3.241,94656824,307606155,False
2025-12-04,,3.238,3.248,3.224,3.228,85025900,274815447,False
2025-12-05,,3.227,3.23,3.206,3.226,107288900,345204617,False
2025-12-08,,3.225,3.227,3.193,3.21,195997498,628441255,False
2025-12-09,,3.203,3.204,3.181,3.184,143744500,458517490,False
2025-12-10,,3.186,3.191,3.16,3.171,150870312,478269249,False
2025-12-11,,3.171,3.174,3.145,3.155,183537188,579234276,False
2025-12-12,,3.155,3.159,3.135,3.142,180122193,565760514,False
2025-12-15,,3.143,3.175,3.133,3.168,147648857,467091226,False
2025-12-16,,3.167,3.167,3.135,3.14,218581300,686949710,False
2025-12-17,,3.136,3.154,3.124,3.143,157998518,495539898,False
2025-12-18,,3.143,3.18,3.14,3.175,162248076,513315654,False
2025-12-19,,3.175,3.183,3.159,3.174,127672494,404755029,False
2025-12-22,,3.174,3.174,3.155,3.159,150432000,475517527,False
2025-12-23,,3.158,3.173,3.155,3.16,121823000,385373319,False
2025-12-24,,3.16,3.166,3.146,3.165,127133408,401114744,False
2025-12-25,,3.165,3.177,3.163,3.174,112772764,357444737,False
2025-12-26,,3.17,3.187,3.167,3.187,121476500,386249074,False
2025-12-29,,3.187,3.2,3.172,3.185,155206513,494659817,False
2025-12-30,,3.179,3.194,3.171,3.188,137469558,437951361,False
2025-12-31,,3.188,3.194,3.175,3.183,105880010,337059439,False
2026-01-05,,3.183,3.193,3.17,3.18,160709824,510847599,False
2026-01-06,,3.18,3.219,3.172,3.218,212208423,677876074,False
2026-01-07,,3.218,3.232,3.202,3.232,145318753,467902780,False
2026-01-08,,3.23,3.231,3.213,3.221,109021090,351116569,False
2026-01-09,,3.221,3.235,3.216,3.234,121750149,392760656,False
2026-01-12,,3.233,3.237,3.214,3.231,142405448,459145758,False
2026-01-13,,3.228,3.245,3.224,3.229,141142025,456857959,False
2026-01-14,,3.228,3.236,3.197,3.199,194456918,625541707,False
2026-01-15,,3.199,3.209,3.183,3.188,153320022,490206980,False
2026-01-16,,3.189,3.2,3.155,3.163,254663722,808039637,False
2026-01-19,,3.163,3.18,3.154,3.179,169245729,536333533,False
2026-01-20,,3.18,3.218,3.175,3.217,194369138,621283721,False
2026-01-21,,3.078,3.079,3.052,3.057,301877800,923943262,False
2026-01-22,,3.059,3.08,3.055,3.077,155801800,478674278,False
2026-01-23,,3.081,3.082,3.059,3.069,161176568,494701122,False
2026-01-26,,3.069,3.109,3.064,3.106,211831264,654976910,False
2026-01-27,,3.106,3.113,3.075,3.081,260210876,804341780,False
2026-01-28,,3.082,3.148,3.072,3.132,329895023,1028739544,False
2026-01-29,,3.134,3.168,3.12,3.166,225603099,709880740,False
2026-01-30,,3.165,3.196,3.124,3.144,264593377,834801090,False
2026-02-02,,3.137,3.138,3.042,3.046,401047605,1235729327,False
2026-02-03,,3.049,3.064,3.028,3.051,237958217,724610538,False
2026-02-04,,3.056,3.153,3.056,3.15,437466557,1363521066,False
2026-02-05,,3.132,3.143,3.112,3.136,149211527,466573398,False
2026-02-06,,3.11,3.141,3.1,3.126,151344403,472796203,False
2026-02-09,,3.126,3.146,3.125,3.144,93180979,292349656,False
2026-02-10,,3.144,3.16,3.132,3.156,118853689,374162405,False
2026-02-11,,3.153,3.192,3.143,3.183,224707518,713970108,False
2026-02-12,,3.185,3.198,3.169,3.18,142012267,452049042,False
2026-02-13,,3.17,3.175,3.134,3.137,148983293,469202890,False
2026-02-24,,3.152,3.196,3.152,3.19,217299547,691885851,False
2026-02-25,,3.19,3.237,3.187,3.194,363803227,1167864053,False
2026-02-26,,3.197,3.211,3.178,3.195,120777051,385766967,False
2026-02-27,,3.193,3.237,3.19,3.232,206367498,665145099,False
2026-03-02,,3.275,3.306,3.235,3.303,325190372,1065672481,False
2026-03-03,,3.306,3.404,3.296,3.367,374115273,1253251550,False
2026-03-04,,3.341,3.341,3.251,3.304,168292053,553439482,False
2026-03-05,,3.283,3.312,3.255,3.291,138530487,454326194,False
2026-03-06,,3.282,3.29,3.253,3.285,122717861,401360823,False
2026-03-09,,3.347,3.373,3.308,3.309,202199892,675842638,False
2026-03-10,,3.256,3.283,3.24,3.27,129612243,423148675,False
2026-03-11,,3.263,3.317,3.24,3.313,134046487,439613998,False
2026-03-12,,3.325,3.392,3.313,3.381,207427219,698295169,False
2026-03-13,,3.38,3.408,3.358,3.364,204236448,690999168,False
2026-03-16,,3.365,3.381,3.33,3.335,113578600,379859829,False
2026-03-17,,3.325,3.349,3.308,3.309,112049787,372500010,False
2026-03-18,,3.308,3.319,3.261,3.296,118516785,389647686,False
2026-03-19,,3.306,3.329,3.296,3.305,134593615,445624309,False
2026-03-20,,3.275,3.329,3.273,3.296,107415600,355018429,False
2026-03-23,,3.305,3.306,3.226,3.234,202280443,660155165,False
2026-03-24,,3.23,3.27,3.227,3.269,139870305,455037626,False
2026-03-25,,3.25,3.257,3.21,3.256,157561500,509345306,False
2026-03-26,,3.251,3.288,3.248,3.268,114829500,375558985,False
2026-03-27,,3.267,3.283,3.243,3.267,88778799,289198915,False
2026-03-30,,3.262,3.304,3.262,3.299,108153999,355809927,False
2026-03-31,,3.293,3.314,3.248,3.251,159039900,519957179,False
2026-04-01,,3.248,3.269,3.236,3.241,132234201,429458774,False
2026-04-02,,3.24,3.27,3.238,3.258,100208745,326342217,False
2026-04-03,,3.256,3.259,3.204,3.216,152336599,490888645,False
2026-04-07,,3.217,3.232,3.196,3.228,102118372,328441978,False
2026-04-08,,3.21,3.228,3.186,3.227,171453300,549273612,False
2026-04-09,,3.222,3.232,3.202,3.212,79258200,254702266,False
2026-04-10,,3.211,3.231,3.205,3.218,83960572,270381505,False
2026-04-13,,3.225,3.233,3.202,3.223,113707200,365930898,False
2026-04-14,,3.216,3.224,3.205,3.223,99129016,318664154,False
2026-04-15,,3.221,3.242,3.206,3.24,115504450,372895343,False
2026-04-16,,3.23,3.251,3.23,3.244,94220260,305409124,False
2026-04-17,,3.24,3.244,3.216,3.218,106833300,344442966,False
2026-04-20,,3.219,3.235,3.212,3.225,89628031,288666367,False
2026-04-21,,3.224,3.273,3.222,3.265,218600872,712181256,False
2026-04-22,,3.268,3.281,3.259,3.269,112700900,368498363,False
2026-04-23,,3.269,3.294,3.253,3.293,121308325,397569032,False
2026-04-24,,3.277,3.292,3.266,3.28,146004600,478523898,False
2026-04-27,,3.27,3.293,3.264,3.275,100852200,330541990,False
2026-04-28,,3.27,3.326,3.265,3.325,165336452,545846331,False
2026-04-29,,3.315,3.36,3.313,3.347,139571871,466652880,False
2026-04-30,,3.34,3.357,3.324,3.341,143435124,478767666,False
2026-05-06,,3.335,3.342,3.3,3.341,145180000,481710572,False
2026-05-07,,3.327,3.327,3.268,3.272,293781100,964538060,False
2026-05-08,,3.273,3.292,3.25,3.261,159384137,519812739,False
2026-05-11,,3.261,3.276,3.253,3.263,146354012,477609074,False
2026-05-12,,3.26,3.284,3.255,3.257,117147994,382461892,False
2026-05-13,,3.258,3.271,3.23,3.244,122094995,396171454,False
2026-05-14,,3.244,3.246,3.222,3.223,102244144,330506928,False
2026-05-15,,3.224,3.244,3.21,3.223,160566378,517776590,False
2026-05-18,,3.22,3.234,3.2,3.217,188532470,605137252,False
2026-05-19,,3.217,3.228,3.208,3.222,96124900,309449822,False
2026-05-20,,3.222,3.23,3.208,3.215,135717273,436881640,False
2026-05-21,,3.205,3.215,3.167,3.172,230279100,734993648,False
2026-05-22,,3.173,3.175,3.138,3.156,168086350,530077819,False
2026-05-25,,3.178,3.219,3.178,3.185,197291430,630135948,False
2026-05-26,,3.178,3.192,3.163,3.186,124157400,394360503,False
2026-05-27,,3.18,3.183,3.143,3.17,178428700,563920657,False
2026-05-28,,3.163,3.193,3.157,3.17,144437000,459099902,False
2026-05-29,,3.165,3.212,3.162,3.206,213209600,681631366,False
2026-06-01,,3.212,3.315,3.206,3.307,399834249,1309404277,False
2026-06-02,,3.307,3.365,3.294,3.308,325440124,1082836907,False
2026-06-03,,3.29,3.339,3.264,3.324,218034938,718390296,False
2026-06-04,,3.318,3.354,3.292,3.327,169110500,562193731,False
2026-06-05,,3.314,3.355,3.311,3.321,223490701,745405168,False
2026-06-08,,3.309,3.338,3.278,3.304,174442677,576629250,False
2026-06-09,,3.28,3.3,3.266,3.291,118373095,388507413,False
