date,open,high,low,close,volume,amount,suspended
2013-04-09,100.3,100.315,100.229,100.267,5202728,521697216,False
2013-04-10,100.28,100.302,100.272,100.296,5596440,561280384,False
2013-04-11,100.3,100.31,100.291,100.302,6233105,625179456,False
2013-04-12,100.304,100.384,100.304,100.352,3217067,322805952,False
2013-04-15,100.39,100.468,100.39,100.425,3866996,388437792,False
2013-04-16,100.5,100.596,100.47,100.516,5842487,587523264,False
2013-04-17,100.57,100.68,100.543,100.601,6938238,698103744,False
2013-04-18,100.601,100.615,100.102,100.359,5125548,514723936,False
2013-04-19,100.216,100.29,100.0,100.11,4757575,476159168,False
2013-04-22,100.065,100.09,99.831,99.859,4533829,453540672,False
2013-04-23,99.8,100.155,99.8,100.145,5041647,504540224,False
2013-04-24,100.14,100.298,100.0,100.154,4413536,442112096,False
2013-04-25,100.154,100.298,100.105,100.289,7046000,706311424,False
2013-04-26,100.291,100.5,100.291,100.357,6273539,629794368,False
2013-05-02,100.4,100.558,100.4,100.497,5750916,577941952,False
2013-05-03,100.591,100.607,100.48,100.503,6039168,607008576,False
2013-05-06,100.5,100.565,100.41,100.481,5376123,540292224,False
2013-05-07,100.508,100.55,100.452,100.53,5714464,574250176,False
2013-05-08,100.59,100.59,100.5,100.52,7455555,749487360,False
2013-05-09,100.53,100.535,100.499,100.519,7053283,709006656,False
2013-05-10,100.514,100.58,100.504,100.552,8450316,849431680,False
2013-05-13,100.55,100.551,100.479,100.521,5441812,547000576,False
2013-05-14,100.533,100.533,100.5,100.513,5898904,592943232,False
2013-05-15,100.512,100.516,100.465,100.474,7136164,717178496,False
2013-05-16,100.474,100.489,100.35,100.351,9009052,904818688,False
2013-05-17,100.4,100.509,100.371,100.456,7086487,711980608,False
2013-05-20,100.45,100.47,100.32,100.428,7353423,738450624,False
2013-05-21,100.409,100.435,100.3,100.35,9407254,943985664,False
2013-05-22,100.355,100.389,100.335,100.371,8669705,870085376,False
2013-05-23,100.381,100.415,100.32,100.364,9774526,981124032,False
2013-05-24,100.371,100.403,100.369,100.38,7295212,732328768,False
2013-05-27,100.389,100.5,100.389,100.484,9268116,930644288,False
2013-05-28,100.49,100.58,100.462,100.49,8657087,869978944,False
2013-05-29,100.501,100.51,100.452,100.485,9171076,921557824,False
2013-05-30,100.48,100.56,100.45,100.511,8699880,874139840,False
2013-05-31,100.51,100.6,100.5,100.503,7960494,800199296,False
2013-06-03,100.285,100.285,100.18,100.209,9158604,917748160,False
2013-06-04,100.203,100.259,100.175,100.205,8070849,808662784,False
2013-06-05,100.192,100.225,100.17,100.18,11693433,1171632640,False
2013-06-06,100.18,100.204,100.162,100.183,15512041,1554174336,False
2013-06-07,100.19,100.26,100.156,100.206,16057874,1608826112,False
2013-06-13,100.208,100.267,100.171,100.211,15555992,1559243904,False
2013-06-14,100.22,100.26,100.161,100.17,11205383,1122865536,False
2013-06-17,100.161,100.185,100.103,100.141,11798832,1181409280,False
2013-06-18,100.142,100.157,100.05,100.088,11400533,1141355648,False
2013-06-19,100.061,100.125,99.7,99.771,8928308,892992192,False
2013-06-20,99.802,99.809,98.0,98.86,6317571,624261376,False
2013-06-21,98.81,99.229,98.81,99.031,9627061,953585984,False
2013-06-24,99.09,99.5,98.501,99.059,8043812,798676032,False
2013-06-25,99.15,99.687,99.069,99.624,7595679,755113728,False
2013-06-26,99.56,100.5,99.56,100.033,8553348,856530560,False
2013-06-27,100.066,100.313,100.066,100.133,12622401,1265402496,False
2013-06-28,100.166,100.298,100.03,100.168,10847632,1087342848,False
2013-07-01,100.196,100.254,100.067,100.161,7634128,764494016,False
2013-07-02,100.199,100.208,100.14,100.168,7186540,719966784,False
2013-07-03,100.168,100.19,100.068,100.111,6593700,660362112,False
2013-07-04,100.111,100.132,100.071,100.108,4767950,477313984,False
2013-07-05,100.137,100.19,100.101,100.168,4818532,482558944,False
2013-07-08,100.171,100.228,100.171,100.205,4781450,479167008,False
2013-07-09,100.22,100.22,99.931,100.075,3442390,344658720,False
2013-07-10,100.09,100.14,100.011,100.013,4940010,494366208,False
2013-07-11,100.008,100.03,99.301,99.439,3679380,367232256,False
2013-07-12,99.45,99.583,99.198,99.285,4202446,417816992,False
2013-07-15,99.286,99.404,99.236,99.387,5423526,538941056,False
2013-07-16,99.385,99.385,99.235,99.33,5679440,564042816,False
2013-07-17,99.33,99.35,99.118,99.157,4501466,447019296,False
2013-07-18,99.15,99.229,99.013,99.145,4885729,484075488,False
2013-07-19,99.121,99.38,99.121,99.174,4209701,417713152,False
2013-07-22,99.174,99.201,99.103,99.106,4881317,483899104,False
2013-07-23,99.115,99.14,99.08,99.114,8591011,851469056,False
2013-07-24,99.119,99.13,98.932,99.003,4932000,488298624,False
2013-07-25,98.95,99.009,98.711,98.95,6536167,646433216,False
2013-07-26,98.988,99.55,98.987,99.019,3462416,343520992,False
2013-07-29,99.05,99.258,99.045,99.08,5424672,538013376,False
2013-07-30,99.08,99.69,99.08,99.195,5281175,524191328,False
2013-07-31,99.245,99.41,99.21,99.382,7834720,778475904,False
2013-08-01,99.401,99.5,99.38,99.481,7890440,784566208,False
2013-08-02,99.55,99.6,99.262,99.28,4920114,489560192,False
2013-08-05,99.292,99.359,99.247,99.28,8271368,821387904,False
2013-08-06,99.296,99.348,99.255,99.29,8345582,828779328,False
2013-08-07,99.34,99.34,98.9,98.946,5291332,524407616,False
2013-08-08,98.996,99.01,98.703,98.79,5292602,522865408,False
2013-08-09,98.75,98.941,98.735,98.761,6374256,629802176,False
2013-08-12,98.76,98.838,98.601,98.64,6348849,627179968,False
2013-08-13,98.65,98.697,98.456,98.47,6200700,611201856,False
2013-08-14,98.47,98.508,98.191,98.201,5754297,565619200,False
2013-08-15,98.201,98.25,97.98,98.232,5583282,547741888,False
2013-08-16,98.235,98.46,98.228,98.437,5662209,556579136,False
2013-08-19,98.449,98.449,97.988,98.004,4591156,450422400,False
2013-08-20,98.004,98.099,97.72,98.047,3924920,384442688,False
2013-08-21,98.034,98.225,97.9,98.081,4947322,485075968,False
2013-08-22,98.088,98.15,98.0,98.002,5466494,536281152,False
2013-08-23,98.083,98.335,98.011,98.258,3926494,385522080,False
2013-08-26,98.258,98.598,98.25,98.303,4382332,431194784,False
2013-08-27,98.38,99.3,98.3,98.306,6113420,601096512,False
2013-08-28,98.316,98.338,97.9,97.966,5126603,503348224,False
2013-08-29,97.972,98.32,97.97,98.015,8060331,790363776,False
2013-08-30,98.05,98.14,98.021,98.137,7201096,706143040,False
2013-09-02,98.09,98.221,98.08,98.124,4572466,448741056,False
2013-09-03,98.12,98.13,97.998,98.073,6957305,682341312,False
2013-09-04,98.073,98.1,98.012,98.014,7778241,762677056,False
2013-09-05,98.005,98.03,97.94,97.957,9354972,916373504,False
2013-09-06,97.967,98.039,97.9,97.905,7201577,705480320,False
2013-09-09,97.888,97.939,97.81,97.824,4018065,393365536,False
2013-09-10,97.831,97.85,97.73,97.737,5095591,498392960,False
2013-09-11,97.72,97.72,97.23,97.402,1755291,171084576,False
2013-09-12,97.28,97.585,97.28,97.351,3701651,360902528,False
2013-09-13,97.398,97.463,97.346,97.411,4895319,476841792,False
2013-09-16,97.5,97.78,97.428,97.708,4878499,476260096,False
2013-09-17,97.521,97.958,97.521,97.759,6392623,625113280,False
2013-09-18,97.759,97.985,97.729,97.907,4967311,486219200,False
2013-09-23,97.911,98.203,97.6,97.948,7947353,778777728,False
2013-09-24,97.98,97.999,97.71,97.788,9305282,911298496,False
2013-09-25,97.82,98.009,97.6,97.887,8619322,844356160,False
2013-09-26,97.85,98.279,97.85,98.129,9583010,940824832,False
2013-09-27,98.1,98.185,98.05,98.091,7478482,733715776,False
2013-09-30,98.092,98.215,98.091,98.138,5271572,517348576,False
2013-10-08,98.141,98.4,98.141,98.186,4248850,417261440,False
2013-10-09,98.193,98.502,97.6,98.259,3314898,325337440,False
2013-10-10,98.259,98.349,98.071,98.201,2328174,228611008,False
2013-10-11,98.28,98.31,98.12,98.187,2521314,247559936,False
2013-10-14,98.187,98.187,97.9,98.005,3684866,361258944,False
2013-10-15,98.016,98.99,97.92,97.991,8270577,810435072,False
2013-10-16,97.996,98.145,97.955,98.069,6919713,678322112,False
2013-10-17,98.077,98.08,97.736,97.873,6661377,652232000,False
2013-10-18,97.873,97.988,97.805,97.884,11440414,1119832064,False
2013-10-21,97.878,97.935,97.82,97.854,7692117,752750528,False
2013-10-22,97.791,97.85,97.734,97.809,7031899,687771840,False
2013-10-23,97.802,97.887,97.781,97.85,6920836,677150720,False
2013-10-24,97.8,97.875,97.654,97.687,9026666,882483072,False
2013-10-25,97.67,97.729,97.563,97.592,8583617,838198272,False
2013-10-28,97.768,97.768,97.402,97.577,9137147,892552512,False
2013-10-29,97.688,97.775,97.447,97.489,7924694,773706880,False
2013-10-30,97.496,97.571,97.389,97.438,13701133,1335531008,False
2013-10-31,97.515,97.798,97.471,97.737,16006073,1562840448,False
2013-11-01,97.74,97.931,97.74,97.817,10255242,1003583360,False
2013-11-04,97.828,97.966,97.542,97.702,6579070,642882624,False
2013-11-05,97.723,97.768,97.41,97.575,7885461,769153600,False
2013-11-06,97.581,97.608,97.202,97.298,11760610,1145676288,False
2013-11-07,97.299,97.32,96.655,96.819,3388974,328683648,False
2013-11-08,96.733,96.92,96.321,96.436,2732456,263683056,False
2013-11-11,96.15,96.438,95.811,96.0,3826373,367179680,False
2013-11-12,96.02,96.782,96.0,96.213,4207988,405918464,False
2013-11-13,96.213,96.4,95.714,95.791,4730579,454238272,False
2013-11-14,95.801,96.288,95.77,96.156,5515061,529743392,False
2013-11-15,96.256,96.282,95.608,95.784,4348260,416671808,False
2013-11-18,95.785,95.829,95.587,95.614,5531389,529529952,False
2013-11-19,95.693,96.01,95.615,95.9,5883733,564274816,False
2013-11-20,95.946,96.195,95.805,95.98,7547651,724878656,False
2013-11-21,96.08,96.28,96.0,96.17,9405660,904595392,False
2013-11-22,96.183,96.65,96.183,96.523,9293973,897204992,False
2013-11-25,96.555,96.674,96.401,96.442,9281036,895166912,False
2013-11-26,96.59,96.623,96.263,96.4,19117298,1843786880,False
2013-11-27,96.44,96.715,96.43,96.611,16290919,1572704640,False
2013-11-28,96.6,96.76,96.5,96.614,19355652,1871128960,False
2013-11-29,96.644,96.915,96.614,96.617,17465464,1691111808,False
2013-12-02,96.62,96.688,95.11,95.93,14710123,1418869504,False
2013-12-03,95.99,96.319,95.82,96.286,13217020,1271160704,False
2013-12-04,96.4,96.845,96.25,96.378,19989856,1929602304,False
2013-12-05,96.33,96.71,96.33,96.471,14550154,1405504640,False
2013-12-06,96.568,96.609,96.4,96.424,13621720,1315051776,False
2013-12-09,96.433,96.53,96.122,96.208,6426340,618687296,False
2013-12-10,96.155,96.175,95.951,95.971,7905240,759175872,False
2013-12-11,95.84,96.165,95.84,95.965,5872004,564106816,False
2013-12-12,96.0,96.38,95.96,96.215,6044450,581080384,False
2013-12-13,96.23,96.5,96.181,96.247,8387502,809108736,False
2013-12-16,96.468,96.479,96.105,96.151,6149299,591532352,False
2013-12-17,96.288,96.3,96.094,96.107,8148071,783632896,False
2013-12-18,96.151,96.165,95.95,96.024,9191432,883111360,False
2013-12-19,95.997,96.076,95.865,95.876,6723784,645013248,False
2013-12-20,95.925,96.029,95.881,95.9,5407880,518914560,False
2013-12-23,95.923,96.133,95.816,96.017,6703355,643934912,False
2013-12-24,96.058,96.44,95.963,95.993,5254490,505980512,False
2013-12-25,96.005,96.21,96.005,96.089,5959837,573184576,False
2013-12-26,96.14,96.349,96.052,96.147,2485920,239114688,False
2013-12-27,96.155,96.29,96.011,96.043,3752200,360842688,False
2013-12-30,96.035,96.359,96.035,96.053,5888230,566469376,False
2013-12-31,96.06,96.302,96.021,96.278,2807389,269933888,False
2014-01-02,96.213,96.31,96.04,96.106,823131,79131896,False
2014-01-03,96.098,96.13,95.83,95.851,386576,37080696,False
2014-01-06,95.89,95.9,95.639,95.663,254797,24404104,False
2014-01-07,95.689,95.9,95.689,95.833,190803,18283404,False
2014-01-08,95.705,96.117,95.702,96.096,308726,29640528,False
2014-01-09,96.1,96.24,96.001,96.001,275456,26480788,False
2014-01-10,96.119,96.12,96.011,96.067,926118,88985352,False
2014-01-13,96.399,96.83,96.051,96.18,626250,60225624,False
2014-01-14,96.192,96.192,96.058,96.099,581390,55912000,False
2014-01-15,96.081,96.178,96.001,96.174,664600,63868024,False
2014-01-16,96.449,96.53,96.068,96.172,978010,94138928,False
2014-01-17,96.171,96.198,96.0,96.03,901454,86666568,False
2014-01-20,96.169,96.169,95.916,95.979,1371480,131628184,False
2014-01-21,96.1,96.4,96.0,96.328,1226530,118149232,False
2014-01-22,96.42,96.735,96.333,96.62,1127172,108928760,False
2014-01-23,96.62,96.82,96.62,96.694,2173270,210231712,False
2014-01-24,96.694,96.694,96.551,96.626,1109347,107238752,False
2014-01-27,96.626,97.06,96.301,97.045,2144288,207815984,False
2014-01-28,97.0,97.05,96.868,97.001,1523230,147776448,False
2014-01-29,97.001,97.05,96.009,96.965,752310,72976264,False
2014-01-30,96.836,97.06,96.836,97.0,540900,52471224,False
2014-02-07,97.0,97.159,96.928,97.061,609600,59159092,False
2014-02-10,97.065,97.2,97.061,97.07,1445490,140392784,False
2014-02-11,97.07,97.15,96.3,97.122,1193688,115794672,False
2014-02-12,97.139,97.193,97.121,97.123,1447703,140641072,False
2014-02-13,97.15,97.18,96.904,97.17,1848081,179525936,False
2014-02-14,97.17,97.31,97.17,97.31,1965664,191110720,False
2014-02-17,97.31,97.313,97.21,97.275,2679485,260704544,False
2014-02-18,97.286,97.57,97.204,97.32,3232733,314343040,False
2014-02-19,97.27,97.605,97.251,97.567,1460370,142374384,False
2014-02-20,97.569,97.6,97.408,97.5,1554630,151632960,False
2014-02-21,97.5,97.55,97.33,97.361,1455976,141900160,False
2014-02-24,97.333,97.59,97.333,97.525,2100180,204827744,False
2014-02-25,97.525,97.736,97.525,97.733,3675165,358846528,False
2014-02-26,97.766,97.982,97.666,97.733,3002240,293883456,False
2014-02-27,97.798,98.07,97.798,97.969,3064790,300419232,False
2014-02-28,97.98,98.07,97.9,97.933,2619650,256714624,False
2014-03-03,97.9,98.004,97.808,97.861,2378390,232956864,False
2014-03-04,97.822,97.946,97.416,97.5,1181524,115349472,False
2014-03-05,97.45,97.779,97.425,97.449,2283964,222911312,False
2014-03-06,97.49,97.61,97.366,97.523,1973410,192549776,False
2014-03-07,97.25,97.7,97.25,97.47,1106380,107922088,False
2014-03-10,97.5,97.533,97.391,97.466,2208255,215186176,False
2014-03-11,87.777,97.6,87.777,97.535,1342764,130974872,False
2014-03-12,97.615,97.67,97.5,97.542,3268012,318782432,False
2014-03-13,97.59,97.812,97.407,97.81,1329240,129583640,False
2014-03-14,97.61,98.1,97.61,97.851,925621,90726824,False
2014-03-17,97.859,98.095,97.859,97.952,1678569,164442752,False
2014-03-18,97.936,97.99,97.748,97.764,1750881,171349168,False
2014-03-19,97.8,97.871,97.67,97.688,2341623,228839296,False
2014-03-20,97.61,97.742,97.6,97.638,2572249,251158656,False
2014-03-21,97.689,97.983,97.589,97.849,2067660,202245600,False
2014-03-24,97.65,97.919,97.65,97.857,2638051,258100912,False
2014-03-25,97.917,97.917,97.746,97.804,3155350,308611872,False
2014-03-26,97.805,97.867,97.758,97.799,2322436,227167744,False
2014-03-27,97.758,97.802,97.702,97.774,3328758,325389792,False
2014-03-28,97.6,97.795,97.583,97.612,2351760,229736160,False
2014-03-31,97.639,97.661,97.51,97.559,2452992,239379984,False
2014-04-01,97.501,97.588,97.002,97.508,1959434,191124448,False
2014-04-02,97.46,97.625,97.396,97.422,1784166,174015088,False
2014-04-03,97.416,97.512,97.333,97.419,1929464,187985216,False
2014-04-04,97.011,97.473,97.011,97.322,2120657,206440752,False
2014-04-08,97.0,97.398,97.0,97.397,1845289,179593008,False
2014-04-09,97.35,97.53,97.35,97.489,2361197,230140112,False
2014-04-10,97.301,97.709,97.301,97.597,2404728,234568112,False
2014-04-11,97.6,97.918,97.6,97.854,1375062,134519984,False
2014-04-14,97.795,98.062,97.795,97.951,1810559,177372384,False
2014-04-15,97.9,98.47,97.9,98.276,2035439,200001840,False
2014-04-16,98.247,98.343,97.951,97.966,2290299,224936656,False
2014-04-17,98.298,98.8,98.2,98.529,1453416,142995248,False
2014-04-18,98.508,98.88,98.468,98.552,2166554,213910512,False
2014-04-21,98.65,98.86,98.501,98.682,2042478,201632224,False
2014-04-22,98.605,98.75,98.011,98.286,2348970,231536256,False
2014-04-23,98.3,98.547,98.095,98.351,2673757,262752208,False
2014-04-24,98.199,98.36,97.939,98.019,1735745,170492144,False
2014-04-25,98.293,98.456,98.006,98.309,2884756,283407296,False
2014-04-28,98.15,98.569,98.02,98.168,1664830,163407504,False
2014-04-29,98.158,98.699,98.103,98.285,1936886,190305424,False
2014-04-30,98.21,98.68,98.21,98.622,1782945,175668016,False
2014-05-05,98.58,98.835,98.58,98.756,2125276,209915280,False
2014-05-06,98.8,98.958,98.779,98.843,2656277,262734544,False
2014-05-07,98.843,98.971,98.68,98.7,3234990,319839712,False
2014-05-08,98.718,98.896,98.628,98.856,2966695,293002208,False
2014-05-09,98.856,99.33,98.856,99.212,3812413,378238208,False
2014-05-12,99.25,99.287,98.8,99.12,4582169,454161856,False
2014-05-13,99.15,99.28,99.073,99.087,5809316,576078208,False
2014-05-14,99.09,99.239,98.707,98.96,3421326,338439168,False
2014-05-15,99.0,99.119,98.846,99.045,4222532,418200000,False
2014-05-16,98.951,99.15,98.951,99.052,3831910,379614848,False
2014-05-19,99.058,99.153,98.944,98.988,6709595,664934464,False
2014-05-20,98.902,99.09,98.902,99.003,6249458,618751296,False
2014-05-21,99.001,99.13,98.912,98.95,6637521,657437312,False
2014-05-22,98.67,99.188,98.67,99.074,5557557,550644928,False
2014-05-23,99.081,99.21,99.026,99.144,6286865,623017152,False
2014-05-26,99.115,99.551,99.115,99.268,6400818,635151296,False
2014-05-27,99.284,99.65,99.284,99.547,5247165,522095488,False
2014-05-28,99.56,99.63,99.512,99.55,10504808,1046331392,False
2014-05-29,99.58,99.84,99.58,99.719,5126399,511318720,False
2014-05-30,99.896,100.7,99.401,99.827,7125942,711666304,False
2014-06-03,99.851,99.99,99.751,99.99,7023658,701754432,False
2014-06-04,99.99,100.496,99.95,100.401,4930458,494767680,False
2014-06-05,100.413,100.466,99.776,99.791,2058427,206183280,False
2014-06-06,99.833,99.99,99.602,99.862,6888302,688262912,False
2014-06-09,99.91,99.91,99.71,99.897,4913634,490537248,False
2014-06-10,99.897,100.079,99.84,99.878,6768062,676374656,False
2014-06-11,99.863,100.009,99.84,99.96,6800328,679645120,False
2014-06-12,99.88,100.015,99.61,99.779,7168592,716608704,False
2014-06-13,99.755,99.838,99.66,99.736,8602466,858445888,False
2014-06-16,99.78,100.158,99.78,100.135,6525144,652155008,False
2014-06-17,100.161,100.354,99.872,99.923,6908246,691661760,False
2014-06-18,99.98,100.052,99.788,99.936,7224364,721975872,False
2014-06-19,99.975,99.988,99.811,99.9,10649826,1064260608,False
2014-06-20,99.905,100.142,99.811,99.989,9977089,998285696,False
2014-06-23,99.97,100.111,99.952,99.999,14623458,1462798336,False
2014-06-24,100.023,100.4,99.95,100.244,12916364,1291845504,False
2014-06-25,100.075,100.278,100.005,100.214,9673088,968836608,False
2014-06-26,100.257,100.257,100.003,100.02,8520528,853173440,False
2014-06-27,100.03,100.092,99.922,99.941,8714036,871790400,False
2014-06-30,99.956,100.05,99.6,99.886,3844185,384131200,False
2014-07-01,99.936,99.936,99.711,99.786,2845892,284059872,False
2014-07-02,99.786,99.831,99.682,99.708,2857636,285169024,False
2014-07-03,99.711,99.77,99.666,99.724,2826738,281923232,False
2014-07-04,99.714,99.79,99.66,99.722,2785189,277778880,False
2014-07-07,99.75,99.766,99.671,99.68,2380220,237330176,False
2014-07-08,99.666,99.714,99.268,99.337,1764822,175861376,False
2014-07-09,99.4,99.476,99.002,99.045,1601115,159124128,False
2014-07-10,99.032,99.115,98.67,98.683,1821252,180136624,False
2014-07-11,98.736,99.55,98.682,99.412,1459209,145054688,False
2014-07-14,99.41,99.647,99.35,99.518,1726585,171890048,False
2014-07-15,99.518,99.639,99.4,99.44,1750145,174192400,False
2014-07-16,99.401,99.443,99.021,99.204,1639513,162848720,False
2014-07-17,99.106,99.148,98.821,98.895,1958998,193923072,False
2014-07-18,98.8,98.99,98.664,98.863,1407647,138998352,False
2014-07-21,98.8,98.99,98.8,98.915,2124096,210067232,False
2014-07-22,98.88,99.15,98.88,99.005,3600423,356390240,False
2014-07-23,99.01,99.078,98.84,99.014,2060657,203997680,False
2014-07-24,99.062,99.062,98.96,98.974,3796808,375910624,False
2014-07-25,99.111,99.2,99.011,99.137,2574092,255079776,False
2014-07-28,99.12,99.19,99.11,99.134,3583371,355244032,False
2014-07-29,99.11,99.15,99.0,99.11,4031913,399620992,False
2014-07-30,99.121,99.3,99.09,99.286,3215316,318865536,False
2014-07-31,99.17,99.396,99.17,99.306,1982711,196948608,False
2014-08-01,99.22,100.0,99.22,99.795,1401643,139338240,False
2014-08-04,99.75,99.99,99.41,99.803,1299414,129484360,False
2014-08-05,99.751,99.988,99.751,99.884,2128454,212634928,False
2014-08-06,99.885,100.043,99.86,99.981,4435929,443641184,False
2014-08-07,99.957,100.03,99.721,99.806,3993986,399287168,False
2014-08-08,99.81,99.975,99.81,99.902,3548501,354587232,False
2014-08-11,99.83,100.018,99.83,99.947,5059964,505957856,False
2014-08-12,99.901,99.994,99.83,99.88,4661628,465906912,False
2014-08-13,99.88,100.222,99.78,99.954,5397372,539475904,False
2014-08-14,100.002,100.4,99.926,100.015,3902494,390591840,False
2014-08-15,99.933,100.196,99.933,100.141,5089583,509462816,False
2014-08-18,100.05,100.198,100.019,100.074,6680196,668904448,False
2014-08-19,100.066,100.096,99.995,100.037,10625868,1062808512,False
2014-08-20,100.0,100.091,99.955,99.998,9294965,929651456,False
2014-08-21,100.001,100.03,99.908,99.94,9117832,911707392,False
2014-08-22,99.941,99.98,99.885,99.913,12455915,1244841472,False
2014-08-25,99.9,99.959,99.9,99.912,13509652,1349925632,False
2014-08-26,99.923,100.296,99.903,99.988,7013798,701078528,False
2014-08-27,99.98,100.102,99.7,99.909,8437970,843643200,False
2014-08-28,99.96,100.014,99.901,99.972,8398008,839606976,False
2014-08-29,99.922,100.052,99.922,99.993,7540341,754032128,False
2014-09-01,99.96,100.072,99.96,100.05,9605514,960726848,False
2014-09-02,100.03,100.149,100.0,100.016,6539360,654299392,False
2014-09-03,100.025,100.071,99.982,99.995,8421960,842273280,False
2014-09-04,99.995,100.017,99.961,99.974,10134722,1013447296,False
2014-09-05,99.975,100.006,99.951,99.972,8524826,852367488,False
2014-09-09,99.992,100.085,99.974,100.001,7664601,766395584,False
2014-09-10,100.007,100.027,99.9,99.936,7179684,717843136,False
2014-09-11,99.935,99.98,99.902,99.924,7512548,750794688,False
2014-09-12,99.939,99.956,99.88,99.902,12088110,1208052736,False
2014-09-15,99.936,100.012,99.907,99.996,8911455,890940288,False
2014-09-16,100.003,100.02,99.72,99.98,7376885,737684224,False
2014-09-17,100.016,100.041,99.94,99.999,7764039,776378880,False
2014-09-18,99.995,100.596,99.922,100.49,4821090,482868448,False
2014-09-19,100.522,100.999,100.312,100.592,5144199,517323168,False
2014-09-22,100.535,101.602,100.482,100.693,6112335,615907712,False
2014-09-23,100.79,100.997,100.67,100.952,5352755,540016256,False
2014-09-24,100.731,101.29,100.241,100.488,2347390,236721648,False
2014-09-25,100.518,100.7,100.321,100.536,2638190,265065232,False
2014-09-26,100.54,100.584,100.1,100.46,2965393,297651872,False
2014-09-29,100.525,100.867,100.473,100.697,4853598,488742336,False
2014-09-30,100.722,101.196,100.711,101.138,4405015,445379840,False
2014-10-08,101.8,101.983,100.1,101.079,2572202,260023504,False
2014-10-09,101.08,101.23,101.02,101.112,6935230,701296896,False
2014-10-10,101.129,101.47,100.3,101.068,8473165,857332800,False
2014-10-13,101.119,101.399,101.1,101.153,5483814,555257920,False
2014-10-14,101.18,101.99,101.18,101.856,1976208,201272352,False
2014-10-15,102.05,102.574,102.0,102.228,2295222,234616000,False
2014-10-16,102.213,102.596,102.213,102.531,5769678,590953088,False
2014-10-17,102.3,102.899,102.3,102.8,3376204,346830880,False
2014-10-20,102.84,103.61,102.722,102.976,5164636,532993216,False
2014-10-21,102.905,103.23,102.71,102.731,2748670,282986528,False
2014-10-22,102.979,102.979,102.08,102.222,2804715,287503488,False
2014-10-23,102.248,102.407,102.2,102.337,10678180,1093174656,False
2014-10-24,102.2,102.878,102.2,102.38,4603720,471737600,False
2014-10-27,102.455,102.83,102.168,102.303,12903740,1325448832,False
2014-10-28,102.368,102.81,102.368,102.678,5201460,534070560,False
2014-10-29,102.7,102.996,102.625,102.924,9939734,1023126144,False
2014-10-30,102.924,103.049,102.608,102.839,6898470,708875712,False
2014-10-31,102.851,102.998,102.751,102.805,6123982,630246592,False
2014-11-03,102.903,103.34,102.821,103.023,4624752,476383968,False
2014-11-04,103.065,103.656,103.065,103.539,5640706,583374784,False
2014-11-05,103.578,103.861,103.501,103.809,7430392,770526464,False
2014-11-06,103.787,103.97,103.205,103.551,3696222,382988544,False
2014-11-07,103.565,104.063,103.551,103.979,6892076,716587264,False
2014-11-10,103.958,104.385,103.9,104.265,8427400,878341376,False
2014-11-11,104.28,104.837,104.1,104.191,3823900,400083232,False
2014-11-12,104.301,104.519,104.123,104.157,4714352,491915488,False
2014-11-13,104.202,104.202,103.752,103.938,4149227,431101824,False
2014-11-14,103.801,103.93,103.55,103.803,12139252,1260627712,False
2014-11-17,103.901,103.901,103.411,103.467,13169485,1365092480,False
2014-11-18,103.48,103.855,103.46,103.841,14187368,1469362944,False
2014-11-19,103.83,103.986,103.411,103.601,18379332,1909705088,False
2014-11-20,103.7,103.759,103.501,103.595,20528652,2127939712,False
2014-11-21,103.59,103.799,103.38,103.643,10524185,1089732864,False
2014-11-24,104.0,104.76,103.1,103.856,11768402,1226880000,False
2014-11-25,104.003,104.2,103.823,103.991,5103486,530820608,False
2014-11-26,103.991,104.18,103.8,103.97,11764672,1222011904,False
2014-11-27,104.012,104.13,103.98,104.043,11498948,1196714368,False
2014-11-28,104.19,104.238,103.949,104.095,8359356,870014976,False
2014-12-01,104.062,104.476,104.003,104.22,6081908,633952512,False
2014-12-02,104.21,104.396,104.0,104.052,9802374,1020863616,False
2014-12-03,104.04,104.06,103.222,103.323,3575239,370556320,False
2014-12-04,103.32,103.57,102.011,102.888,9868142,1019181568,False
2014-12-05,102.879,102.879,102.21,102.536,6361050,651692352,False
2014-12-08,102.8,102.83,102.217,102.305,9906025,1016044736,False
2014-12-09,102.012,102.53,101.819,102.259,5059470,517202912,False
2014-12-10,102.3,102.795,102.182,102.46,12256103,1256796928,False
2014-12-11,102.471,102.869,102.45,102.537,19668750,2019475968,False
2014-12-12,102.55,102.826,102.512,102.674,29596364,3040051456,False
2014-12-15,102.67,102.869,102.526,102.79,29605640,3041255424,False
2014-12-16,102.731,102.991,102.731,102.907,28216310,2903213056,False
2014-12-17,102.907,103.496,102.756,103.42,20027210,2066612992,False
2014-12-18,103.45,103.56,102.849,103.121,20666160,2131375360,False
2014-12-19,103.111,103.46,103.04,103.186,27620790,2851673600,False
2014-12-22,103.2,103.275,102.977,103.205,24431096,2518734848,False
2014-12-23,103.213,103.615,103.02,103.39,34717304,3593700864,False
2014-12-24,103.698,104.386,103.51,103.678,12694700,1318676736,False
2014-12-25,103.703,103.988,103.61,103.624,35214088,3654334464,False
2014-12-26,103.689,103.856,103.355,103.504,36996752,3838168576,False
2014-12-29,103.602,103.76,103.421,103.503,32577388,3371625216,False
2014-12-30,103.55,103.7,103.23,103.265,38697816,4002145792,False
2014-12-31,103.388,103.55,103.132,103.398,17090954,1765004928,False
2015-01-05,103.396,103.484,103.252,103.296,2172801,224616960,False
2015-01-06,103.163,103.4,103.163,103.362,1661401,171691936,False
2015-01-07,103.33,103.545,103.33,103.492,5783593,598522752,False
2015-01-08,103.599,103.599,103.398,103.518,9199931,952410688,False
2015-01-09,103.526,103.828,103.489,103.715,7653903,792426432,False
2015-01-12,103.698,103.993,103.63,103.99,7409829,769645376,False
2015-01-13,103.951,104.298,103.847,104.228,8903640,927831168,False
2015-01-14,104.251,104.376,104.228,104.342,7415368,773688320,False
2015-01-15,104.7,104.769,104.35,104.657,6889282,721101824,False
2015-01-16,104.55,105.496,104.55,105.217,4561700,478193792,False
2015-01-19,105.2,106.415,105.199,105.543,3665320,386942912,False
2015-01-20,104.36,105.985,104.36,105.548,5197208,549381760,False
2015-01-21,105.694,105.694,105.53,105.615,10753998,1135961088,False
2015-01-22,105.678,105.822,105.55,105.643,7853884,830086528,False
2015-01-23,105.651,105.78,105.6,105.693,14596600,1542882304,False
2015-01-26,105.777,105.879,105.7,105.82,14188756,1501039488,False
2015-01-27,105.75,105.995,105.75,105.919,13301776,1409115648,False
2015-01-28,105.919,106.179,105.801,105.849,18051564,1913190912,False
2015-01-29,105.614,106.1,105.614,105.689,8796443,931495040,False
2015-01-30,105.7,105.779,105.25,105.313,9852768,1040847744,False
2015-02-02,105.4,105.59,105.302,105.457,12245052,1292176128,False
2015-02-03,105.432,105.75,105.432,105.673,5035684,531559616,False
2015-02-04,105.698,105.878,105.698,105.831,10121784,1070580352,False
2015-02-05,105.931,106.09,105.9,106.033,19929184,2113253888,False
2015-02-06,106.048,106.999,106.0,106.452,491320,52274544,False
2015-02-09,106.455,106.884,106.1,106.595,2816836,300469632,False
2015-02-10,106.62,106.64,105.699,105.94,2962826,314540160,False
2015-02-11,106.299,106.566,105.801,106.487,2626020,279240160,False
2015-02-12,106.6,106.95,106.51,106.773,3989506,426144736,False
2015-02-13,106.74,106.999,106.74,106.962,19114770,2043226624,False
2015-02-16,106.968,107.186,106.333,106.677,3320628,353950656,False
2015-02-17,106.836,106.938,106.552,106.898,2116120,226075328,False
2015-02-25,106.95,106.952,106.823,106.904,11896403,1271573888,False
2015-02-26,107.095,107.4,106.7,106.707,14949851,1596725760,False
2015-02-27,106.671,106.819,106.671,106.729,9135603,975567360,False
2015-03-02,106.745,106.79,106.332,106.407,3681339,392816640,False
2015-03-03,106.375,106.535,106.325,106.359,6581400,700645824,False
2015-03-04,106.28,106.521,106.28,106.435,9517092,1013502528,False
2015-03-05,106.437,106.459,106.231,106.256,9274702,986259136,False
2015-03-06,106.221,106.356,106.202,106.222,3843136,408276640,False
2015-03-09,106.201,106.262,105.711,105.875,3880980,410859712,False
2015-03-10,106.079,106.2,105.701,105.747,2665178,282508288,False
2015-03-11,105.949,106.4,105.702,106.3,4032992,428178496,False
2015-03-12,106.3,106.614,106.111,106.303,3271942,348272448,False
2015-03-13,106.322,106.462,106.21,106.217,7139410,759357824,False
2015-03-16,106.5,106.5,106.13,106.215,20871656,2218183936,False
2015-03-17,106.141,106.366,106.141,106.278,10152130,1078932096,False
2015-03-18,106.281,106.535,106.225,106.254,8852200,941312064,False
2015-03-19,106.255,106.475,106.238,106.256,6008650,638737472,False
2015-03-20,106.269,106.364,106.254,106.273,12802600,1360634112,False
2015-03-23,106.282,106.421,106.282,106.343,10104701,1074554752,False
2015-03-24,106.384,106.531,106.301,106.342,12610962,1341628544,False
2015-03-25,106.361,106.461,106.31,106.352,7712105,820304704,False
2015-03-26,106.353,106.375,106.292,106.323,17638600,1875922816,False
2015-03-27,106.323,106.355,106.16,106.24,8663050,920965120,False
2015-03-30,106.24,106.292,105.703,105.738,7550905,801564608,False
2015-03-31,105.752,105.79,104.914,105.046,9050436,955627584,False
2015-04-01,105.2,105.433,105.194,105.419,8569881,903330240,False
2015-04-02,105.441,105.67,105.441,105.62,13889676,1466732928,False
2015-04-03,105.672,105.73,105.455,105.499,9489679,1001682944,False
2015-04-07,105.471,105.499,105.351,105.424,11284276,1189631872,False
2015-04-08,105.42,105.526,105.201,105.255,4246294,447674560,False
2015-04-09,105.111,105.343,105.111,105.329,20317484,2138992128,False
2015-04-10,105.342,105.42,105.318,105.387,19993736,2106315392,False
2015-04-13,105.41,105.466,105.385,105.466,5772772,608580672,False
2015-04-14,105.466,105.66,105.425,105.643,3320704,350669856,False
2015-04-15,105.697,105.953,105.552,105.612,5881110,621327232,False
2015-04-16,105.612,107.0,105.612,106.297,3057902,323589120,False
2015-04-17,105.888,106.798,105.888,106.313,9552060,1016002560,False
2015-04-20,106.401,106.748,106.4,106.66,3296700,350923296,False
2015-04-21,106.779,107.92,106.666,106.717,7704420,825159872,False
2015-04-22,107.0,107.012,106.602,106.942,6555568,701306240,False
2015-04-23,106.948,106.948,106.72,106.837,4096300,437402400,False
2015-04-24,106.837,106.85,106.641,106.65,8477500,904663488,False
2015-04-27,106.669,106.949,106.65,106.94,9999600,1067704832,False
2015-04-28,106.91,107.061,106.91,107.059,4854700,519378752,False
2015-04-29,106.852,107.44,106.6,107.099,6541200,700392128,False
2015-04-30,107.0,107.3,107.0,107.23,4875900,522914624,False
2015-05-04,107.44,107.45,106.8,106.912,3496900,374496128,False
2015-05-05,107.05,107.15,106.821,106.868,5212200,557199296,False
2015-05-06,106.841,106.87,106.401,106.455,2783200,296727680,False
2015-05-07,106.401,106.658,106.4,106.658,4416430,470263744,False
2015-05-08,106.756,107.056,106.72,107.029,5968300,638600576,False
2015-05-11,107.03,107.246,107.025,107.198,3149800,337438240,False
2015-05-12,107.27,107.27,107.1,107.18,6005400,643753408,False
2015-05-13,107.2,107.22,107.079,107.132,5475730,586806080,False
2015-05-14,107.145,107.487,107.145,107.357,3045860,326863264,False
2015-05-15,107.417,107.544,107.351,107.372,5507000,591493248,False
2015-05-18,107.381,107.483,107.38,107.4,9963770,1070218112,False
2015-05-19,107.325,107.399,107.151,107.193,4491200,481509312,False
2015-05-20,107.388,107.388,106.985,107.085,2397400,256917504,False
2015-05-21,107.046,107.146,106.716,106.946,3413312,365360672,False
2015-05-22,106.998,107.37,106.998,107.04,6616342,708077312,False
2015-05-25,107.1,107.1,106.706,107.035,3694382,395212032,False
2015-05-26,107.037,107.08,106.898,107.014,9375900,1003294144,False
2015-05-27,106.91,107.45,106.88,106.906,13092314,1400297984,False
2015-05-28,107.0,107.198,106.823,106.929,28007540,2996394752,False
2015-05-29,106.92,106.92,106.103,106.311,6270400,667601984,False
2015-06-01,106.486,107.0,105.501,105.8,6570420,696125632,False
2015-06-02,105.77,106.4,105.622,105.97,7827470,829435840,False
2015-06-03,105.92,106.601,105.92,106.595,10768748,1146854912,False
2015-06-04,106.6,106.998,106.411,106.69,6934836,739168192,False
2015-06-05,106.65,107.51,106.613,107.051,12667144,1353406464,False
2015-06-08,107.003,107.799,106.999,107.151,5905288,633145408,False
2015-06-09,107.39,107.42,106.9,106.939,10651670,1142505344,False
2015-06-10,107.088,107.11,106.605,106.693,3858600,412567104,False
2015-06-11,106.655,107.086,106.35,106.74,26393000,2818925312,False
2015-06-12,106.74,106.99,106.6,106.61,17235672,1840479488,False
2015-06-15,106.61,106.612,106.164,106.199,5068498,538672320,False
2015-06-16,106.45,106.45,105.8,106.196,7279772,772974464,False
2015-06-17,106.111,106.28,105.0,106.05,4554740,483010528,False
2015-06-18,106.34,106.398,105.904,106.121,13269230,1407873664,False
2015-06-19,106.121,106.2,106.06,106.198,6588413,699324992,False
2015-06-23,106.14,106.659,106.14,106.392,7029403,747848448,False
2015-06-24,106.392,106.665,106.39,106.656,15607012,1664118784,False
2015-06-25,106.666,106.794,106.2,106.2,12191500,1299635968,False
2015-06-26,106.319,106.801,105.731,105.795,13629500,1445695488,False
2015-06-29,106.37,106.972,105.525,105.95,7125800,754814144,False
2015-06-30,105.912,106.025,105.82,105.888,5948500,630210880,False
2015-07-01,105.888,106.15,105.71,106.07,656000,69542608,False
2015-07-02,106.06,106.06,105.8,105.823,387600,41052084,False
2015-07-03,105.771,106.964,105.771,105.907,400446,42401676,False
2015-07-06,105.92,106.6,105.92,106.59,523165,55663680,False
2015-07-07,106.242,107.31,106.242,107.299,1790835,191573184,False
2015-07-08,107.311,107.916,107.311,107.818,1109990,119662648,False
2015-07-09,107.601,107.721,107.091,107.653,478100,51472296,False
2015-07-10,107.786,107.786,106.605,107.042,290780,31174238,False
2015-07-13,107.0,107.3,107.0,107.184,2157830,231297344,False
2015-07-14,107.18,107.484,106.8,107.08,3209588,343729344,False
2015-07-15,107.155,107.796,106.8,107.333,3924112,420046464,False
2015-07-16,107.332,118.0,107.168,107.9,3187334,343259136,False
2015-07-17,107.9,108.996,107.831,108.605,1453744,157973488,False
2015-07-20,108.311,108.734,108.31,108.401,1079420,117196936,False
2015-07-21,108.695,108.695,108.301,108.36,1925500,208872240,False
2015-07-22,108.37,108.402,108.0,108.316,3012300,326358752,False
2015-07-23,108.36,108.483,108.3,108.45,2147360,232808816,False
2015-07-24,108.16,108.484,108.029,108.043,2139860,231785536,False
2015-07-27,108.173,108.174,107.803,108.099,1262016,136267568,False
2015-07-28,108.129,108.8,108.021,108.374,2111030,228861296,False
2015-07-29,108.38,111.0,108.374,108.721,1647588,179436256,False
2015-07-30,108.588,109.2,107.953,108.266,4419234,481137120,False
2015-07-31,108.278,108.278,108.034,108.18,5823256,629798016,False
2015-08-03,108.17,108.8,108.0,108.393,3531662,383230464,False
2015-08-04,107.8,108.719,107.76,108.182,7212537,781146816,False
2015-08-05,108.4,108.56,108.193,108.423,9486807,1027691456,False
2015-08-06,108.401,108.655,108.322,108.622,6561797,712425024,False
2015-08-07,108.65,108.95,108.65,108.689,6036988,657184384,False
2015-08-10,108.52,108.991,108.51,108.663,1715899,186677920,False
2015-08-11,108.64,108.834,108.54,108.593,2647604,287601248,False
2015-08-12,108.59,108.662,108.3,108.522,2640612,286677760,False
2015-08-13,108.495,108.74,108.333,108.408,4846900,525417152,False
2015-08-14,108.45,108.515,108.33,108.358,3361400,364396192,False
2015-08-17,108.325,108.389,107.94,108.018,1278191,138430688,False
2015-08-18,108.099,108.099,107.6,107.635,2699581,291452512,False
2015-08-19,107.549,107.7,107.549,107.698,15348788,1651973632,False
2015-08-20,107.64,107.738,107.631,107.686,17387110,1871935360,False
2015-08-21,107.6,107.79,107.6,107.713,5137695,553302528,False
2015-08-24,107.588,108.1,107.588,107.883,3466300,373391712,False
2015-08-25,107.784,108.119,107.784,108.0,8652965,934366976,False
2015-08-26,107.81,108.288,107.805,108.1,10246254,1107271936,False
2015-08-27,108.198,108.381,108.013,108.378,7426535,802930240,False
2015-08-28,108.292,108.65,108.1,108.532,2128000,230910864,False
2015-08-31,108.532,109.03,108.452,108.766,15393600,1674932096,False
2015-09-01,108.85,109.15,108.786,109.13,9481900,1033073088,False
2015-09-02,109.1,109.38,108.999,109.115,2898700,316406752,False
2015-09-07,109.108,109.913,108.58,109.019,8245650,898111040,False
2015-09-08,108.995,109.02,108.602,108.639,10361937,1127231872,False
2015-09-09,108.635,108.737,108.635,108.667,13325540,1448442240,False
2015-09-10,108.691,108.691,108.44,108.45,5682092,617318208,False
2015-09-11,108.499,108.58,108.134,108.214,9478272,1026762112,False
2015-09-14,108.209,108.389,108.209,108.389,11955287,1294651904,False
2015-09-15,108.41,108.526,108.314,108.428,12867601,1395445632,False
2015-09-16,108.425,108.6,108.321,108.4,12328110,1336372736,False
2015-09-17,108.35,108.498,108.35,108.372,17643400,1912440448,False
2015-09-18,108.399,108.399,108.317,108.358,13317900,1443092864,False
2015-09-21,108.4,108.42,108.359,108.377,19366900,2099053056,False
2015-09-22,108.378,108.396,108.3,108.305,20611000,2232940288,False
2015-09-23,108.31,108.325,108.301,108.321,38346476,4153144576,False
2015-09-24,108.321,108.332,108.291,108.315,28419296,3077785344,False
2015-09-25,108.32,108.32,108.248,108.278,35910324,3889193728,False
2015-09-28,108.271,108.41,106.2,108.301,16297300,1765207552,False
2015-09-29,108.3,108.43,108.291,108.429,5256900,569784704,False
2015-09-30,108.517,108.726,108.43,108.691,2071574,225034544,False
2015-10-08,108.71,108.71,108.418,108.579,510500,55434288,False
2015-10-09,107.69,108.169,106.9,107.86,777480,83904272,False
2015-10-12,107.55,108.449,107.55,108.44,999196,108003296,False
2015-10-13,108.275,108.798,108.275,108.302,879220,95297152,False
2015-10-14,108.399,108.782,108.321,108.623,2136960,232118304,False
2015-10-15,108.839,108.839,108.43,108.451,1115300,121147920,False
2015-10-16,108.39,108.43,107.95,108.016,1156956,124973224,False
2015-10-19,108.012,108.11,107.922,108.064,2304600,248944320,False
2015-10-20,108.09,108.596,108.09,108.589,841343,91147680,False
2015-10-21,108.56,108.64,108.303,108.499,1921516,208685376,False
2015-10-22,108.498,108.508,108.31,108.406,1102516,119503704,False
2015-10-23,108.407,108.733,108.387,108.539,627300,68100904,False
2015-10-26,108.28,108.704,108.28,108.664,2045400,222201504,False
2015-10-27,108.8,108.89,108.672,108.85,2002660,217903744,False
2015-10-28,108.85,109.219,108.85,109.04,927706,101230952,False
2015-10-29,109.0,109.084,108.7,108.748,1668120,181506016,False
2015-10-30,108.73,108.837,108.71,108.805,1288900,140192736,False
2015-11-02,108.805,108.974,108.738,108.836,1744201,189809872,False
2015-11-03,108.55,108.82,108.55,108.773,1190180,129450600,False
2015-11-04,108.764,108.764,108.356,108.406,1071800,116420584,False
2015-11-05,108.435,108.435,108.26,108.392,1047300,113453248,False
2015-11-06,108.394,108.394,108.14,108.222,941800,102038336,False
2015-11-09,108.221,108.221,106.5,107.214,1000817,107266664,False
2015-11-10,107.488,107.564,107.17,107.501,749875,80513848,False
2015-11-11,107.526,107.925,107.488,107.917,2022174,218210656,False
2015-11-12,107.9,108.1,107.774,108.013,1712920,185070256,False
2015-11-13,108.05,108.115,107.963,108.003,2135720,230676832,False
2015-11-16,108.03,108.099,107.94,108.032,922680,99674704,False
2015-11-17,108.032,108.15,107.944,108.15,1654660,178709888,False
2015-11-18,108.149,108.15,107.945,107.953,4576340,494492928,False
2015-11-19,107.935,108.018,107.901,108.012,1524484,164601872,False
2015-11-20,107.97,108.097,107.963,108.023,788480,85173008,False
2015-11-23,108.001,108.074,107.93,108.022,1314060,141943456,False
2015-11-24,108.018,108.331,108.009,108.268,1379877,149324960,False
2015-11-25,108.268,108.448,108.222,108.273,2354625,255062240,False
2015-11-26,108.273,108.647,108.273,108.495,1806940,196053104,False
2015-11-27,108.533,108.571,108.4,108.443,3132900,339869440,False
2015-11-30,108.435,108.668,108.4,108.578,1036400,112508120,False
2015-12-01,108.581,108.592,108.383,108.433,619500,67196568,False
2015-12-02,108.533,108.74,108.53,108.6,858500,93265720,False
2015-12-03,108.638,108.684,108.573,108.635,1642501,178424630,False
2015-12-04,108.718,108.746,108.556,108.616,2010376,218540576,False
2015-12-07,108.611,108.748,108.611,108.671,1982394,215417024,False
2015-12-08,108.671,108.749,108.625,108.725,1779182,193444000,False
2015-12-09,108.725,108.75,108.702,108.711,1647200,179089781,False
2015-12-10,108.713,108.823,108.712,108.757,1778800,193481296,False
2015-12-11,108.729,108.79,108.729,108.759,2349800,255567136,False
2015-12-14,108.76,108.76,108.613,108.63,4359300,473716384,False
2015-12-15,108.577,108.728,108.577,108.704,1298816,141110544,False
2015-12-16,108.689,108.792,108.621,108.785,2186304,237619072,False
2015-12-17,108.785,108.878,108.745,108.821,2689392,292607168,False
2015-12-18,108.8,109.171,108.55,109.1,3100291,338117504,False
2015-12-21,109.206,109.546,109.169,109.521,748203,81877648,False
2015-12-22,109.519,109.522,109.41,109.459,1031800,112947048,False
2015-12-23,109.452,109.6,109.34,109.501,1074984,117677008,False
2015-12-24,109.511,109.7,109.473,109.648,820440,89919840,False
2015-12-25,109.691,109.729,109.57,109.6,996712,109261632,False
2015-12-28,109.601,110.186,109.6,110.065,2607934,286168784,False
2015-12-29,110.175,110.18,109.882,109.998,1342072,147592013,False
2015-12-30,109.913,109.98,109.77,109.967,1864500,204925747,False
2015-12-31,109.964,110.197,109.802,109.845,1017687,111994390,False
2016-01-04,109.887,109.908,109.394,109.505,143579,15727101,False
2016-01-05,109.543,109.546,109.411,109.44,141942,15536986,False
2016-01-06,109.402,109.52,109.402,109.475,558325,61105392,False
2016-01-07,109.47,109.623,109.47,109.591,382466,41907432,False
2016-01-08,109.564,109.86,109.562,109.85,211486,23211326,False
2016-01-11,109.85,109.978,109.85,109.9,354567,38969295,False
2016-01-12,109.942,110.2,109.942,110.192,204900,22553344,False
2016-01-13,110.2,110.35,110.14,110.324,389200,42919319,False
2016-01-14,110.454,110.532,110.07,110.185,361200,39841994,False
2016-01-15,110.187,110.375,110.186,110.288,374200,41259661,False
2016-01-18,110.226,110.301,100.173,110.169,704433,77351367,False
2016-01-19,110.149,110.187,109.7,109.88,439400,48324192,False
2016-01-20,109.89,109.921,109.656,109.843,401200,44042232,False
2016-01-21,109.808,110.148,109.78,110.097,227334,25006364,False
2016-01-22,110.145,110.2,110.035,110.112,347100,38226545,False
2016-01-25,110.073,110.073,109.883,109.967,362034,39802372,False
2016-01-26,109.921,110.073,109.884,110.028,381900,42009175,False
2016-01-27,109.918,110.02,109.812,109.829,504190,55429968,False
2016-01-28,109.827,109.83,109.662,109.756,745900,81852515,False
2016-01-29,109.73,109.878,109.725,109.806,1447700,158984337,False
2016-02-01,109.838,109.838,109.801,109.804,1261080,138479001,False
2016-02-02,109.811,110.073,109.731,109.789,843810,92716163,False
2016-02-03,109.806,109.918,109.733,109.91,501029,55024315,False
2016-02-04,109.909,109.915,109.824,109.874,1285058,141186191,False
2016-02-05,109.908,109.95,109.869,109.905,1372700,150876471,False
2016-02-15,109.958,110.112,109.919,110.11,1956952,215198378,False
2016-02-16,110.09,110.199,110.01,110.106,1479210,162904038,False
2016-02-17,110.1,110.109,110.01,110.109,3375796,371500647,False
2016-02-18,110.073,110.099,110.001,110.042,998176,109854396,False
2016-02-19,110.035,110.173,110.034,110.139,2685684,295804601,False
2016-02-22,110.14,110.4,110.108,110.135,2942438,324104865,False
2016-02-23,110.111,110.208,110.111,110.197,1515712,166994902,False
2016-02-24,110.25,110.377,110.164,110.366,1459137,160980909,False
2016-02-25,110.38,110.459,110.2,110.279,1321234,145825952,False
2016-02-26,110.345,110.377,110.275,110.362,1930989,213048875,False
2016-02-29,110.348,110.473,110.347,110.373,1163800,128498293,False
2016-03-01,110.375,110.556,110.369,110.53,530396,58586394,False
2016-03-02,110.63,110.698,110.511,110.57,471226,52108480,False
2016-03-03,110.203,110.521,110.203,110.498,1339400,147985167,False
2016-03-04,110.491,110.56,100.5,110.435,2355000,260009027,False
2016-03-07,110.28,110.469,110.28,110.399,2261100,249685103,False
2016-03-08,110.401,110.457,110.399,110.421,3823900,422342181,False
2016-03-09,110.43,110.54,110.43,110.5,1949460,215413068,False
2016-03-10,110.5,110.65,110.472,110.639,1881740,208125050,False
2016-03-11,110.65,111.011,110.65,110.937,1218984,135066517,False
2016-03-14,110.9,111.296,110.649,110.672,1247001,138093100,False
2016-03-15,110.673,110.73,110.515,110.636,3070168,339519661,False
2016-03-16,110.65,110.84,110.641,110.821,1981083,219351052,False
2016-03-17,110.83,110.919,110.797,110.82,2876975,318855893,False
2016-03-18,110.8,110.862,110.75,110.819,3357300,372065817,False
2016-03-21,110.77,110.81,110.652,110.714,2783460,308224851,False
2016-03-22,110.72,110.865,110.72,110.83,2423670,268587101,False
2016-03-23,110.825,111.01,110.8,110.95,2255400,250243003,False
2016-03-24,110.96,111.2,110.95,111.194,1929660,214364967,False
2016-03-25,111.22,111.38,111.17,111.315,3601966,400984440,False
2016-03-28,111.305,111.99,111.302,111.357,1157000,128919769,False
2016-03-29,111.324,111.586,111.32,111.399,1508700,168096517,False
2016-03-30,111.4,111.495,111.388,111.46,2456600,273818717,False
2016-03-31,111.48,111.549,111.33,111.43,827200,92220292,False
2016-04-01,111.489,111.759,111.429,111.742,308028,34382031,False
2016-04-05,111.743,111.849,111.528,111.578,1576128,175937323,False
2016-04-06,111.603,111.641,111.561,111.61,871200,97224168,False
2016-04-07,111.61,111.679,111.51,111.523,1223614,136499694,False
2016-04-08,111.5,111.573,111.491,111.52,3638300,405815468,False
2016-04-11,111.51,111.549,111.49,111.523,319904,35675586,False
2016-04-12,111.507,111.541,111.48,111.496,1212800,135241319,False
2016-04-13,111.453,111.487,111.3,111.308,1117485,124428472,False
2016-04-14,111.303,111.374,111.055,111.15,1340000,148963633,False
2016-04-15,111.197,111.197,111.085,111.144,1653400,183692612,False
2016-04-18,111.144,111.261,111.144,111.214,340500,37865122,False
2016-04-19,111.215,111.284,111.215,111.26,1710700,190340025,False
2016-04-20,111.225,111.24,111.094,111.129,1035308,115091841,False
2016-04-21,110.996,110.998,110.575,110.653,493616,54673157,False
2016-04-22,110.671,110.701,110.604,110.625,541236,59871571,False
2016-04-25,110.587,110.587,110.02,110.03,569154,62773035,False
2016-04-26,110.03,110.21,110.007,110.199,1684131,185528214,False
2016-04-27,110.196,110.348,110.194,110.297,2056200,226838653,False
2016-04-28,110.349,110.645,110.349,110.644,509399,56332225,False
2016-04-29,110.644,110.7,110.63,110.689,6882500,761475434,False
2016-05-03,110.691,110.752,110.69,110.752,2007601,222304074,False
2016-05-04,110.74,110.784,110.7,110.73,727599,80583528,False
2016-05-05,110.745,110.81,110.745,110.803,1232176,136504952,False
2016-05-06,110.799,110.799,110.653,110.733,987074,109330434,False
2016-05-09,110.736,110.914,110.736,110.821,554247,61427550,False
2016-05-10,110.876,110.995,110.876,110.982,1310300,145417207,False
2016-05-11,110.989,111.058,110.989,111.047,890200,98841063,False
2016-05-12,111.037,111.243,111.025,111.242,313473,34840258,False
2016-05-13,111.099,111.326,111.099,111.304,844500,93956196,False
2016-05-16,111.289,111.425,111.0,111.026,753814,83874659,False
2016-05-17,111.007,111.128,111.007,111.044,1967100,218422855,False
2016-05-18,111.042,111.05,110.9,110.932,1619200,179607093,False
2016-05-19,110.881,110.911,110.781,110.835,969888,107481517,False
2016-05-20,110.825,110.986,110.825,110.98,438588,48628258,False
2016-05-23,110.844,111.044,110.843,110.886,812900,90132216,False
2016-05-24,110.86,110.91,110.845,110.899,183599,20353894,False
2016-05-25,110.894,110.973,110.871,110.953,966600,107217168,False
2016-05-26,110.943,110.943,110.846,110.883,261900,29039511,False
2016-05-27,110.9,110.933,110.85,110.896,2257750,250346321,False
2016-05-30,110.899,110.918,110.812,110.853,1511300,167546321,False
2016-05-31,110.811,110.893,110.811,110.891,1582200,175366292,False
2016-06-01,110.88,110.915,110.805,110.904,493800,54754472,False
2016-06-02,110.9,110.9,110.733,110.8,945800,104840844,False
2016-06-03,110.731,110.832,110.731,110.755,2643900,292929583,False
2016-06-06,110.755,110.786,110.751,110.771,918300,101722757,False
2016-06-07,110.774,110.841,110.757,110.794,1321700,146439265,False
2016-06-08,110.783,110.906,110.783,110.897,313100,34715743,False
2016-06-13,110.88,110.937,110.805,110.91,335200,37172896,False
2016-06-14,110.858,111.108,110.844,111.078,207015,22971572,False
2016-06-15,111.035,111.134,111.033,111.092,766115,85112264,False
2016-06-16,111.09,111.183,111.09,111.177,325015,36125618,False
2016-06-17,111.13,111.259,111.112,111.223,298030,33140939,False
2016-06-20,111.186,111.203,110.96,111.123,391580,43510610,False
2016-06-21,111.12,111.197,111.041,111.137,573348,63712790,False
2016-06-22,111.185,111.241,111.185,111.202,726416,80786070,False
2016-06-23,111.214,111.27,111.214,111.256,608959,67747450,False
2016-06-24,111.271,111.47,111.271,111.423,651616,72548550,False
2016-06-27,111.413,111.666,111.413,111.654,405488,45248473,False
2016-06-28,111.672,111.78,111.626,111.63,888300,99246033,False
2016-06-29,111.6,111.6,111.403,111.55,409100,45619262,False
2016-06-30,111.529,111.58,111.4,111.559,685600,76467821,False
2016-07-01,111.565,111.897,111.565,111.85,499800,55873451,False
2016-07-04,111.92,111.92,111.84,111.85,558600,62498512,False
2016-07-05,111.829,111.885,111.829,111.857,423700,47395603,False
2016-07-06,111.857,112.218,111.838,111.992,215345,24097992,False
2016-07-07,112.014,112.206,111.951,112.101,340899,38231403,False
2016-07-08,112.17,112.21,111.992,111.998,821100,92006254,False
2016-07-11,112.002,112.01,111.902,111.962,1095597,122686609,False
2016-07-12,111.95,111.99,111.85,111.917,763926,85518668,False
2016-07-13,111.888,111.907,111.849,111.861,870581,97393886,False
2016-07-14,111.858,111.908,111.851,111.891,1418480,158714039,False
2016-07-15,111.891,112.028,111.891,112.026,674120,75460579,False
2016-07-18,111.982,112.077,111.982,112.053,1067320,119586359,False
2016-07-19,112.053,112.148,112.052,112.129,1197330,134235340,False
2016-07-20,112.152,112.23,112.15,112.196,1312800,147287747,False
2016-07-21,112.326,112.326,112.203,112.26,2459800,276159774,False
2016-07-22,112.307,112.307,112.2,112.24,3604300,404630183,False
2016-07-25,112.206,112.298,112.206,112.227,1671900,187698561,False
2016-07-26,112.227,112.298,112.227,112.297,2170600,243697356,False
2016-07-27,112.323,112.323,112.279,112.318,4018300,451259166,False
2016-07-28,112.3,112.389,112.26,112.347,2926400,328649291,False
2016-07-29,112.395,112.42,112.32,112.42,2324338,261243886,False
2016-08-01,112.405,112.65,112.405,112.649,525100,59119853,False
2016-08-02,112.595,112.78,112.595,112.616,1398300,157559476,False
2016-08-03,112.619,112.675,112.419,112.627,2298700,258902585,False
2016-08-04,112.659,112.666,112.552,112.571,1668930,187919165,False
2016-08-05,112.553,112.741,112.553,112.718,2582400,290876752,False
2016-08-08,112.78,112.9,112.736,112.79,3432340,387124307,False
2016-08-09,112.788,112.974,112.788,112.974,4424295,499496051,False
2016-08-10,112.999,113.598,112.998,113.127,3935500,444971259,False
2016-08-11,113.155,113.202,113.005,113.06,2949192,333553945,False
2016-08-12,113.063,113.109,112.952,113.036,2565416,289973753,False
2016-08-15,113.033,113.11,112.78,112.872,1417188,160021425,False
2016-08-16,112.985,113.04,112.865,113.023,1095093,123701006,False
2016-08-17,113.0,113.088,112.987,113.045,926300,104701579,False
2016-08-18,113.046,113.051,112.959,112.979,858900,97068685,False
2016-08-19,113.017,113.017,112.84,112.846,1490348,168259381,False
2016-08-22,112.835,112.966,112.805,112.95,1099741,124145337,False
2016-08-23,112.967,112.967,112.48,112.888,2819557,318384490,False
2016-08-24,112.888,112.945,112.651,112.676,4260400,480634452,False
2016-08-25,112.722,112.722,112.633,112.681,4332145,488150887,False
2016-08-26,112.72,112.815,112.686,112.808,4762095,536908772,False
2016-08-29,112.814,112.889,112.768,112.85,3289556,371181234,False
2016-08-30,112.842,112.868,112.719,112.789,3786231,427182347,False
2016-08-31,112.81,112.859,112.588,112.797,3108170,350594938,False
2016-09-01,112.8,112.847,112.607,112.661,1490500,167964263,False
2016-09-02,112.711,112.711,112.622,112.651,842425,94915552,False
2016-09-05,112.688,112.698,112.639,112.673,1148829,129435662,False
2016-09-06,112.682,112.682,112.514,112.521,983235,110713978,False
2016-09-07,112.528,112.579,112.51,112.556,1742990,196165102,False
2016-09-08,112.55,112.606,112.55,112.6,1310145,147512235,False
2016-09-09,112.58,112.774,112.58,112.766,1481020,166906689,False
2016-09-12,112.69,112.69,112.255,112.632,941050,105990982,False
2016-09-13,112.632,112.698,112.585,112.685,3535400,398359357,False
2016-09-14,112.721,112.868,112.688,112.784,3060787,345113230,False
2016-09-19,112.84,112.84,112.771,112.811,3408835,384556302,False
2016-09-20,112.828,112.897,112.808,112.872,4120448,465120025,False
2016-09-21,112.913,112.928,112.808,112.854,2977015,336032620,False
2016-09-22,112.879,112.879,112.809,112.85,3830963,432259509,False
2016-09-23,112.86,112.887,112.823,112.873,3657434,412803597,False
2016-09-26,112.876,112.93,112.87,112.903,2297400,259390074,False
2016-09-27,112.903,112.96,112.903,112.921,4484104,506391453,False
2016-09-28,112.919,112.99,112.917,112.988,3933100,444186865,False
2016-09-29,112.951,113.56,112.951,113.094,5201510,588283030,False
2016-09-30,113.192,113.278,113.11,113.157,1918000,217086604,False
2016-10-10,113.145,113.199,113.122,113.175,688220,77882769,False
2016-10-11,113.181,113.298,113.156,113.197,2047898,231931568,False
2016-10-12,113.232,113.247,113.142,113.198,2225224,251943684,False
2016-10-13,113.194,113.269,113.171,113.227,2631110,297872677,False
2016-10-14,113.243,113.33,113.227,113.317,2552492,289100452,False
2016-10-17,113.437,113.438,113.363,113.415,2683773,304327067,False
2016-10-18,113.435,113.44,113.405,113.43,2262311,256597107,False
2016-10-19,113.421,113.523,113.419,113.474,2632300,298629173,False
2016-10-20,113.558,113.648,113.533,113.607,3267700,371110466,False
2016-10-21,113.671,113.785,113.608,113.762,2741100,311797206,False
2016-10-24,113.935,114.0,113.733,113.757,2223800,253190902,False
2016-10-25,113.783,113.79,113.637,113.648,2757800,313515823,False
2016-10-26,113.627,113.662,113.426,113.494,2814900,319598904,False
2016-10-27,113.509,113.632,113.13,113.333,3444200,390602615,False
2016-10-28,113.361,113.535,113.361,113.524,3260175,369929899,False
2016-10-31,113.524,113.53,113.33,113.463,2772190,314525598,False
2016-11-01,113.498,113.758,113.44,113.501,3125196,354770045,False
2016-11-02,113.545,113.545,113.35,113.411,3158937,358312151,False
2016-11-03,113.42,113.49,113.414,113.479,3447987,391191026,False
2016-11-04,113.48,113.649,113.471,113.611,3187802,362040847,False
2016-11-07,113.592,113.664,113.42,113.494,3871600,439499927,False
2016-11-08,113.494,113.518,113.13,113.487,3309710,375558969,False
2016-11-09,113.477,113.559,113.41,113.515,3332988,378330873,False
2016-11-10,113.515,113.515,113.422,113.452,4478574,508138044,False
2016-11-11,113.36,113.475,113.36,113.469,3982210,451665674,False
2016-11-14,113.439,113.495,113.051,113.181,4292916,486453293,False
2016-11-15,113.011,113.098,112.874,112.91,4363400,493359999,False
2016-11-16,112.914,113.037,112.88,112.923,3234812,365357674,False
2016-11-17,112.923,112.923,112.62,112.728,3889878,438509115,False
2016-11-18,112.72,112.734,112.5,112.501,4282652,482419559,False
2016-11-21,112.529,112.59,112.473,112.574,5515277,620722715,False
2016-11-22,112.574,112.726,112.574,112.693,5920168,666974672,False
2016-11-23,112.722,113.01,112.7,112.761,4143954,467667601,False
2016-11-24,112.761,112.761,112.511,112.554,8412200,947547719,False
2016-11-25,112.524,112.625,112.223,112.297,4206710,472768337,False
2016-11-28,112.281,112.498,112.266,112.318,7315280,822024168,False
2016-11-29,112.306,112.438,111.604,111.705,5395255,605894257,False
2016-11-30,111.786,111.94,111.61,111.694,4602330,514318998,False
2016-12-01,111.701,111.76,111.66,111.677,10980360,1226475343,False
2016-12-02,111.681,111.897,111.677,111.704,9115909,1019175567,False
2016-12-05,111.727,111.778,111.651,111.664,8422441,941265704,False
2016-12-06,111.618,111.7,111.518,111.541,7050229,786619371,False
2016-12-07,111.52,111.55,111.41,111.498,4292000,478427132,False
2016-12-08,111.523,111.798,111.51,111.584,5255800,586802253,False
2016-12-09,111.603,111.828,111.4,111.533,4008100,447631410,False
2016-12-12,111.533,111.598,110.715,110.737,4141864,461056929,False
2016-12-13,110.624,110.78,110.211,110.398,3411483,376925805,False
2016-12-14,110.451,110.451,110.012,110.03,2794519,308207811,False
2016-12-15,109.968,109.968,107.045,108.185,2963129,324131635,False
2016-12-16,108.2,109.0,108.2,108.644,3779935,410774054,False
2016-12-19,108.618,109.809,108.389,109.283,4604568,503967818,False
2016-12-20,108.9,109.45,108.671,109.182,4640877,506510556,False
2016-12-21,110.0,110.056,109.326,109.884,3924864,430446713,False
2016-12-22,109.887,110.35,109.683,110.149,3761620,413845256,False
2016-12-23,110.16,110.16,109.85,109.877,4171633,459060285,False
2016-12-26,109.895,110.09,109.77,109.879,4618165,507483557,False
2016-12-27,109.812,110.067,109.81,109.996,5719390,628874782,False
2016-12-28,110.439,110.439,110.001,110.24,5497668,605698599,False
2016-12-29,110.316,110.696,110.316,110.681,5401264,597239272,False
2016-12-30,110.715,111.0,110.682,110.719,2757400,305747632,False
2017-01-03,110.8,110.8,110.675,110.716,682341,75553277,False
2017-01-04,110.72,110.78,110.551,110.589,676857,74922373,False
2017-01-05,110.59,110.798,110.45,110.615,898659,99393999,False
2017-01-06,110.61,110.8,110.4,110.613,1325800,146761177,False
2017-01-09,110.614,110.7,110.562,110.662,863206,95515255,False
2017-01-10,110.765,110.765,110.66,110.705,1754664,194268500,False
2017-01-11,110.707,110.794,110.611,110.66,1074800,118959678,False
2017-01-12,110.708,110.851,110.66,110.726,913200,101119383,False
2017-01-13,110.749,110.776,110.703,110.754,930000,102975910,False
2017-01-16,110.756,110.891,110.37,110.384,504100,55815233,False
2017-01-17,110.384,110.974,110.345,110.429,1386573,153294495,False
2017-01-18,110.466,110.593,110.45,110.54,1595261,176343339,False
2017-01-19,110.541,110.8,110.541,110.725,1492814,165199271,False
2017-01-20,110.685,110.898,110.6,110.881,828174,91797812,False
2017-01-23,110.901,111.16,110.901,111.149,664700,73824250,False
2017-01-24,111.151,111.96,110.81,110.882,803400,89396464,False
2017-01-25,110.826,110.827,110.601,110.703,816500,90390090,False
2017-01-26,110.708,110.898,110.67,110.876,563900,62473480,False
2017-02-03,110.763,110.873,110.763,110.827,1722900,190957910,False
2017-02-06,110.828,110.895,110.7,110.715,1458337,161605049,False
2017-02-07,110.736,110.785,110.68,110.695,3206578,354968684,False
2017-02-08,110.698,110.699,110.67,110.674,4224952,467619901,False
2017-02-09,110.674,110.702,110.575,110.599,553300,61224170,False
2017-02-10,110.599,110.615,110.291,110.299,405200,44783605,False
2017-02-13,110.489,110.489,110.232,110.372,428300,47274405,False
2017-02-14,110.42,110.437,110.37,110.386,3761964,415253897,False
2017-02-15,110.386,110.618,110.31,110.6,1219814,134750621,False
2017-02-16,110.591,110.846,110.521,110.829,720654,79816431,False
2017-02-17,110.82,110.958,110.758,110.781,941000,104357722,False
2017-02-20,110.825,110.856,110.7,110.716,1002677,111080342,False
2017-02-21,110.767,110.895,110.716,110.768,2535916,280954774,False
2017-02-22,110.822,110.97,110.749,110.9,2807977,311213925,False
2017-02-23,110.879,111.399,110.826,111.071,798447,88615265,False
2017-02-24,111.177,111.278,110.175,110.924,2691145,298755477,False
2017-02-27,110.95,111.048,110.948,111.012,3746879,415870286,False
2017-02-28,110.921,111.244,110.9,111.131,2338585,260019483,False
2017-03-01,111.131,111.275,111.12,111.159,2693700,299504352,False
2017-03-02,111.127,111.218,110.956,110.964,3283800,364960595,False
2017-03-03,111.05,111.16,110.969,111.02,3206561,356124808,False
2017-03-06,111.05,111.05,110.913,110.921,7699188,854327901,False
2017-03-07,110.946,111.037,110.903,110.943,2114691,234656578,False
2017-03-08,110.959,110.976,110.936,110.951,3296874,365801688,False
2017-03-09,110.95,110.961,110.88,110.88,1577600,175004797,False
2017-03-10,110.821,110.928,110.001,110.6,665401,73709743,False
2017-03-13,110.531,110.815,110.401,110.457,762796,84392957,False
2017-03-14,110.537,110.738,110.46,110.659,1318494,145877747,False
2017-03-15,110.659,110.736,110.523,110.554,1878200,207823720,False
2017-03-16,110.561,111.174,110.561,110.882,1559189,172878760,False
2017-03-17,110.94,111.055,110.75,110.903,2640644,293007957,False
2017-03-20,110.85,111.02,110.85,110.939,2049901,227429808,False
2017-03-21,110.929,110.929,110.668,110.78,4045478,448360008,False
2017-03-22,110.781,110.866,110.719,110.772,3513354,389358287,False
2017-03-23,110.761,110.879,110.739,110.82,3464748,383814861,False
2017-03-24,110.82,111.081,110.794,111.033,2822605,313242758,False
2017-03-27,110.983,111.188,110.983,111.089,2844975,316177717,False
2017-03-28,111.2,111.201,110.099,110.919,4383180,486753020,False
2017-03-29,110.906,111.05,110.214,110.931,4678350,519020266,False
2017-03-30,110.93,111.126,110.538,110.626,3670035,406872081,False
2017-03-31,110.676,111.035,110.676,110.82,3036581,336758241,False
2017-04-05,110.836,111.012,110.8,110.81,2189867,242953168,False
2017-04-06,110.886,110.949,110.822,110.898,2024397,224467522,False
2017-04-07,110.92,111.01,110.874,110.941,2681163,297499261,False
2017-04-10,110.913,110.999,110.904,110.988,2603556,288900082,False
2017-04-11,110.921,111.03,110.906,110.925,3411167,378475552,False
2017-04-12,110.923,110.961,110.87,110.899,2862252,317473148,False
2017-04-13,110.919,110.949,110.829,110.916,2976176,330100083,False
2017-04-14,110.94,110.97,110.921,110.94,3132660,347547644,False
2017-04-17,110.94,110.94,110.594,110.697,1056930,117080201,False
2017-04-18,110.623,110.68,110.412,110.6,4035630,446196156,False
2017-04-19,110.563,110.62,110.4,110.456,2209775,244186130,False
2017-04-20,110.508,110.564,110.25,110.388,1468125,162124912,False
2017-04-21,110.538,110.538,110.218,110.274,1841500,203168470,False
2017-04-24,110.233,110.233,110.016,110.034,2156400,237435897,False
2017-04-25,110.035,110.143,109.6,110.068,1647330,181184911,False
2017-04-26,110.011,110.214,110.011,110.083,2090350,230225802,False
2017-04-27,110.065,110.135,109.85,109.947,1840000,202451154,False
2017-04-28,110.006,110.1,109.961,109.989,1787300,196695893,False
2017-05-02,110.048,110.213,109.991,110.05,6597200,726505117,False
2017-05-03,110.05,110.05,109.9,109.909,7671300,843556517,False
2017-05-04,109.91,109.91,109.525,109.588,7345000,806526653,False
2017-05-05,109.53,109.578,109.4,109.473,8063920,883018138,False
2017-05-08,109.456,109.5,109.16,109.2,6615642,723283840,False
2017-05-09,109.296,109.3,109.155,109.23,7435145,812132263,False
2017-05-10,109.24,109.24,108.713,108.822,5893335,642261380,False
2017-05-11,108.782,108.996,108.737,108.944,6795202,739451527,False
2017-05-12,108.854,109.125,108.694,108.9,5928336,645971418,False
2017-05-15,108.945,109.13,108.9,109.033,6800178,741139958,False
2017-05-16,108.838,109.1,108.8,108.881,7042074,766729661,False
2017-05-17,108.861,108.998,108.72,108.805,5496001,598191158,False
2017-05-18,108.721,109.03,108.721,108.989,7427906,808917521,False
2017-05-19,108.98,108.991,108.5,108.638,7659100,833481997,False
2017-05-22,108.766,108.766,108.511,108.536,7794600,846365963,False
2017-05-23,108.596,108.694,108.469,108.51,7965012,864804427,False
2017-05-24,108.482,108.846,108.482,108.709,8073585,876986059,False
2017-05-25,108.709,109.299,108.709,109.2,8667199,945309416,False
2017-05-26,109.081,109.308,109.011,109.049,3607400,393831473,False
2017-05-31,109.051,109.301,109.051,109.234,7616228,831339240,False
2017-06-01,109.194,109.609,109.194,109.513,9499523,1039154136,False
2017-06-02,109.421,109.849,109.421,109.729,9622408,1056186492,False
2017-06-05,109.732,110.011,109.701,109.822,7039761,773724901,False
2017-06-06,109.834,110.088,109.585,109.73,6951275,763847361,False
2017-06-07,109.725,109.92,109.515,109.646,7378915,808883377,False
2017-06-08,109.661,109.767,109.505,109.557,8630500,946346111,False
2017-06-09,109.557,109.818,109.419,109.69,5366903,588337472,False
2017-06-12,109.631,110.086,109.622,109.853,8014975,880725975,False
2017-06-13,109.915,110.098,109.85,109.895,8422200,926359173,False
2017-06-14,109.899,110.055,109.898,110.003,10879252,1196933459,False
2017-06-15,110.021,110.26,110.013,110.108,11570698,1274219605,False
2017-06-16,110.101,110.41,109.867,109.961,8490993,933927327,False
2017-06-19,109.942,110.229,109.911,110.117,13764795,1516097492,False
2017-06-20,110.153,110.411,110.075,110.178,16372600,1805239354,False
2017-06-21,110.278,110.278,109.996,109.996,13045900,1436674518,False
2017-06-22,109.999,110.049,109.36,109.819,11794974,1295769605,False
2017-06-23,109.994,109.997,109.75,109.817,14546300,1598594233,False
2017-06-26,109.788,110.08,109.72,109.896,11606100,1274871484,False
2017-06-27,109.906,110.257,109.906,110.088,13862480,1526299478,False
2017-06-28,110.068,110.249,110.039,110.041,15949900,1756966669,False
2017-06-29,110.071,110.199,109.91,109.912,11225400,1235183077,False
2017-06-30,109.86,109.983,109.71,109.728,9202600,1011280986,False
2017-07-03,109.829,109.898,109.756,109.819,9976200,1095636712,False
2017-07-04,109.821,109.908,109.709,109.888,8044100,882914530,False
2017-07-05,109.851,109.875,109.723,109.803,7293900,800882718,False
2017-07-06,109.65,110.099,109.633,109.992,9448496,1037810752,False
2017-07-07,109.95,110.087,109.901,109.979,7978736,877160200,False
2017-07-10,110.001,110.028,109.83,109.857,5646600,620658641,False
2017-07-11,109.827,109.962,109.827,109.91,5855200,643530588,False
2017-07-12,109.876,110.031,109.876,109.906,8787100,965978951,False
2017-07-13,109.886,109.986,109.802,109.817,10159901,1117000767,False
2017-07-14,109.851,109.937,109.772,109.788,6078599,667654864,False
2017-07-17,109.878,109.95,109.774,109.838,6690656,735198863,False
2017-07-18,109.838,109.842,109.501,109.557,7604100,833589979,False
2017-07-19,109.599,109.753,109.554,109.632,10272833,1126549105,False
2017-07-20,109.625,109.832,109.625,109.708,11192596,1228427912,False
2017-07-21,109.708,109.834,109.708,109.744,11227209,1232121280,False
2017-07-24,109.721,109.814,109.62,109.687,9703410,1064727860,False
2017-07-25,109.705,109.75,109.585,109.64,9192300,1008223885,False
2017-07-26,109.651,109.678,109.611,109.644,9800900,1074661476,False
2017-07-27,109.561,109.75,109.561,109.672,15898378,1743201122,False
2017-07-28,109.67,109.75,109.652,109.676,8899606,976319763,False
2017-07-31,109.681,109.757,109.67,109.68,10196500,1118875007,False
2017-08-01,109.67,109.792,109.67,109.764,8384500,920077841,False
2017-08-02,109.766,109.787,109.727,109.769,10325344,1133286709,False
2017-08-03,109.77,109.802,109.711,109.77,11067318,1214809726,False
2017-08-04,109.775,109.9,109.754,109.893,8359802,917723361,False
2017-08-07,109.882,110.095,109.4,109.869,4159300,457289542,False
2017-08-08,109.841,109.956,109.601,109.76,4964900,545408824,False
2017-08-09,109.805,109.839,109.702,109.764,6149700,675100771,False
2017-08-10,109.77,109.806,109.739,109.776,7244500,795234454,False
2017-08-11,109.779,109.87,109.714,109.865,7343000,806350229,False
2017-08-14,109.877,109.936,109.839,109.914,6458900,709870723,False
2017-08-15,109.938,110.139,109.915,110.099,5931000,652362389,False
2017-08-16,110.101,110.138,109.838,109.841,4265600,469585830,False
2017-08-17,109.92,110.0,109.85,109.944,6885200,756799064,False
2017-08-18,109.972,109.994,109.901,109.963,7138300,784947835,False
2017-08-21,109.925,109.985,109.878,109.924,6084600,668809363,False
2017-08-22,109.912,109.945,109.888,109.927,7937570,872537102,False
2017-08-23,109.927,110.062,109.927,110.0,6517920,716925517,False
2017-08-24,109.986,110.094,109.965,109.993,7451790,819936233,False
2017-08-25,109.966,110.021,109.953,110.018,6729730,740264599,False
2017-08-28,110.018,110.031,109.96,109.986,2744700,301943392,False
2017-08-29,109.991,109.999,109.91,109.963,6349200,698218932,False
2017-08-30,109.962,109.986,109.89,109.936,6909600,759753690,False
2017-08-31,109.945,109.946,109.881,109.891,6615700,727212111,False
2017-09-01,109.898,109.969,109.89,109.951,2147520,236096362,False
2017-09-04,109.931,110.034,109.926,109.994,5755260,632904120,False
2017-09-05,109.988,109.988,109.9,109.923,5332321,586264962,False
2017-09-06,109.934,110.033,109.868,109.994,5279681,580384044,False
2017-09-07,110.045,110.045,109.989,110.043,6092616,670332664,False
2017-09-08,110.045,110.25,110.038,110.151,4447300,489803452,False
2017-09-11,110.177,110.25,110.15,110.168,7252700,799122749,False
2017-09-12,110.164,110.281,110.005,110.144,4775772,525920341,False
2017-09-13,110.138,110.159,110.013,110.044,6533237,718976592,False
2017-09-14,110.082,110.133,110.028,110.112,4477400,492899965,False
2017-09-15,110.121,110.159,110.048,110.09,3836000,422326382,False
2017-09-18,110.08,110.111,109.962,110.014,1469201,161668820,False
2017-09-19,110.047,110.047,109.758,110.021,2706168,297736948,False
2017-09-20,110.021,110.042,109.871,109.894,1767100,194335738,False
2017-09-21,109.899,109.928,109.828,109.856,2485600,273119492,False
2017-09-22,109.87,109.91,109.812,109.888,1368604,150379567,False
2017-09-25,109.9,109.95,109.875,109.944,677944,74515441,False
2017-09-26,109.944,109.971,109.873,109.965,384900,42309857,False
2017-09-27,109.965,109.965,109.836,109.885,407601,44793502,False
2017-09-28,109.89,109.984,109.89,109.908,384172,42239147,False
2017-09-29,109.915,109.984,109.86,109.87,138829,15263550,False
2017-10-09,109.898,109.898,109.82,109.85,177900,19542924,False
2017-10-10,109.85,109.95,109.845,109.88,285000,31323412,False
2017-10-11,109.891,109.98,109.87,109.893,433591,47660290,False
2017-10-12,109.91,109.949,109.852,109.865,384700,42275076,False
2017-10-13,109.865,109.892,109.85,109.857,239700,26336712,False
2017-10-16,109.831,109.85,109.761,109.783,153134,16811989,False
2017-10-17,109.788,109.815,109.761,109.775,88512,9718364,False
2017-10-18,109.771,109.771,109.606,109.616,56712,6219019,False
2017-10-19,109.68,109.75,109.608,109.7,94924,10410801,False
2017-10-20,109.705,109.761,109.653,109.715,21948,2408301,False
2017-10-23,109.715,109.715,109.608,109.66,27500,3014786,False
2017-10-24,109.666,109.695,109.622,109.653,24336,2668717,False
2017-10-25,109.66,109.665,109.61,109.615,2546900,279234925,False
2017-10-26,109.607,109.607,109.302,109.509,3867612,423107470,False
2017-10-27,109.367,109.594,109.311,109.351,1079012,118115518,False
2017-10-30,109.302,109.378,109.083,109.133,4701412,513428087,False
2017-10-31,109.226,109.388,109.158,109.274,4703400,514119167,False
2017-11-01,109.36,109.36,109.255,109.257,2886524,315432720,False
2017-11-02,109.523,109.523,109.202,109.214,827100,90333876,False
2017-11-03,109.24,109.24,108.643,109.003,3576500,390466545,False
2017-11-06,109.01,109.145,108.802,109.099,266400,29063835,False
2017-11-07,109.099,109.228,108.93,109.204,364836,39832484,False
2017-11-08,109.234,109.53,109.12,109.366,423112,46260043,False
2017-11-09,109.4,109.45,109.32,109.352,412917,45160410,False
2017-11-10,109.449,109.95,109.352,109.52,440700,48293054,False
2017-11-13,109.5,109.6,109.201,109.207,769829,84194745,False
2017-11-14,109.207,109.95,108.889,109.078,1407558,153560068,False
2017-11-15,109.105,109.18,109.0,109.129,1762174,192250351,False
2017-11-16,109.18,109.315,109.16,109.251,1796900,196258168,False
2017-11-17,109.251,109.364,109.016,109.288,1764694,192808750,False
2017-11-20,109.288,109.369,109.057,109.191,1642900,179314037,False
2017-11-21,109.297,109.454,109.079,109.144,1489400,162573319,False
2017-11-22,109.1,109.14,108.913,108.944,1455700,158792018,False
2017-11-23,108.751,108.965,108.751,108.834,883600,96210737,False
2017-11-24,108.834,108.999,108.81,108.919,1181100,128673392,False
2017-11-27,108.836,109.139,108.836,109.05,628100,68465970,False
2017-11-28,108.999,109.295,108.905,109.118,1714332,187028075,False
2017-11-29,109.118,109.298,109.063,109.241,1961300,214096244,False
2017-11-30,109.188,109.45,109.15,109.195,2184700,238891372,False
2017-12-01,109.294,109.452,109.1,109.325,2474774,270608079,False
2017-12-04,109.43,109.599,109.316,109.473,3040896,332768025,False
2017-12-05,109.43,109.75,109.43,109.61,2672532,292948545,False
2017-12-06,109.748,109.877,102.005,108.886,2503600,274452335,False
2017-12-07,109.53,109.53,109.4,109.452,4550900,498151357,False
2017-12-08,109.403,109.59,109.2,109.371,2262700,247678889,False
2017-12-11,109.098,109.486,109.098,109.352,3957700,432865542,False
2017-12-12,109.4,109.506,109.23,109.3,2180800,238533006,False
2017-12-13,109.122,109.479,109.122,109.311,2780900,304126487,False
2017-12-14,109.445,109.449,109.325,109.343,1340000,146596213,False
2017-12-15,109.222,109.65,109.222,109.371,3066100,335441141,False
2017-12-18,109.41,109.67,109.4,109.437,1860115,203674685,False
2017-12-19,109.52,109.677,109.465,109.526,2542400,278516469,False
2017-12-20,109.595,109.62,109.464,109.52,1940900,212616833,False
2017-12-21,109.588,109.606,109.408,109.502,2021760,221396875,False
2017-12-22,109.336,109.606,109.336,109.544,1859510,203679904,False
2017-12-25,109.544,109.665,109.506,109.572,1760400,192934034,False
2017-12-26,109.538,109.795,109.538,109.591,2543100,278924891,False
2017-12-27,109.551,109.71,109.51,109.605,2570926,281934551,False
2017-12-28,109.699,109.699,109.066,109.198,454400,49780288,False
2017-12-29,109.488,109.488,109.155,109.386,178890,19551455,False
2018-01-02,109.606,109.606,109.449,109.52,248100,27171778,False
2018-01-03,109.52,109.661,109.456,109.564,173300,18992881,False
2018-01-04,109.53,109.587,109.521,109.584,476900,52250984,False
2018-01-05,109.586,109.601,109.55,109.593,90800,9950634,False
2018-01-08,109.593,109.679,109.59,109.656,83000,9099840,False
2018-01-09,109.657,109.683,109.656,109.677,156530,17167393,False
2018-01-10,109.738,109.74,109.643,109.669,671010,73607476,False
2018-01-11,109.669,109.669,109.541,109.571,46600,5106842,False
2018-01-12,109.63,109.701,109.55,109.667,175400,19222844,False
2018-01-15,109.606,109.62,109.54,109.542,115620,12668549,False
2018-01-16,109.559,109.681,109.532,109.545,167717,18386635,False
2018-01-17,109.545,109.597,109.4,109.531,82200,9002152,False
2018-01-18,109.579,109.579,109.411,109.414,77200,8454803,False
2018-01-19,109.454,109.57,109.411,109.557,135800,14864358,False
2018-01-22,109.456,110.366,109.456,109.645,168477,18482306,False
2018-01-23,109.57,109.72,109.545,109.686,220700,24209755,False
2018-01-24,109.687,110.157,109.609,109.815,170477,18722319,False
2018-01-25,109.791,109.986,109.731,109.908,202765,22275931,False
2018-01-26,109.897,110.06,109.897,109.937,173900,19125931,False
2018-01-29,109.935,110.063,109.935,109.992,125035,13752694,False
2018-01-30,109.992,110.028,109.933,109.986,73800,8116942,False
2018-01-31,109.986,109.986,109.699,109.845,208000,22845401,False
2018-02-01,109.737,109.885,109.737,109.868,28200,3097595,False
2018-02-02,109.763,109.92,109.763,109.92,494200,54308134,False
2018-02-05,109.986,110.003,109.931,109.996,368300,40509383,False
2018-02-06,110.062,110.214,109.976,109.982,456500,50213389,False
2018-02-07,109.921,110.062,109.919,110.047,680069,74809131,False
2018-02-08,110.047,110.093,109.995,110.039,877700,96597212,False
2018-02-09,110.043,110.594,110.041,110.389,272100,30007125,False
2018-02-12,110.374,110.515,110.29,110.514,249772,27591246,False
2018-02-13,110.381,110.52,110.372,110.512,477100,52723581,False
2018-02-14,110.513,110.521,110.37,110.52,351700,38865041,False
2018-02-22,110.444,110.587,110.36,110.369,409300,45210486,False
2018-02-23,110.29,110.428,110.29,110.328,530100,58512117,False
2018-02-26,110.291,110.42,110.291,110.373,1375000,151770692,False
2018-02-27,110.389,110.592,110.389,110.494,1256275,138731833,False
2018-02-28,110.495,110.674,110.488,110.646,1266900,140091204,False
2018-03-01,110.716,110.997,110.65,110.9,1466600,162620778,False
2018-03-02,110.9,111.006,110.898,110.976,1723100,191237095,False
2018-03-05,110.995,111.175,110.939,110.995,1917000,212778024,False
2018-03-06,110.99,111.047,110.901,110.999,1192200,132344052,False
2018-03-07,110.898,110.997,110.824,110.937,638200,70815064,False
2018-03-08,111.057,111.057,110.904,110.97,1830684,203227544,False
2018-03-09,110.981,111.05,110.855,110.861,1064100,118109135,False
2018-03-12,110.873,111.069,110.843,110.843,1786700,198165313,False
2018-03-13,110.854,110.87,110.806,110.813,2890700,320389833,False
2018-03-14,110.823,110.897,110.763,110.764,2813600,311880374,False
2018-03-15,110.795,110.816,110.717,110.779,747500,82814849,False
2018-03-16,110.808,110.849,110.763,110.815,1567700,173712029,False
2018-03-19,110.86,111.08,110.818,110.852,928100,102885600,False
2018-03-20,110.823,110.893,110.82,110.829,3894400,431635252,False
2018-03-21,110.83,110.849,110.829,110.831,4777800,529566661,False
2018-03-22,110.833,110.843,110.828,110.832,5421200,600850855,False
2018-03-23,110.835,111.095,110.831,111.05,1248472,138473003,False
2018-03-26,111.043,111.778,111.043,111.497,950200,105688609,False
2018-03-27,111.196,111.616,111.171,111.339,724400,80686693,False
2018-03-28,111.317,111.53,111.25,111.288,1614600,179846857,False
2018-03-29,111.335,111.358,110.805,111.009,453800,50494659,False
2018-03-30,111.16,111.303,111.121,111.213,1326900,147624709,False
2018-04-02,111.202,111.266,111.18,111.194,3620500,402765316,False
2018-04-03,111.203,111.384,111.203,111.306,643500,71643471,False
2018-04-04,111.315,111.387,111.306,111.334,1959300,218147550,False
2018-04-09,111.337,111.533,111.337,111.492,134500,14991993,False
2018-04-10,111.592,111.592,111.477,111.506,183700,20484239,False
2018-04-11,111.509,111.65,111.506,111.517,700200,78131011,False
2018-04-12,111.515,111.6,111.515,111.586,512700,57201626,False
2018-04-13,111.586,111.886,111.586,111.776,97300,10868365,False
2018-04-16,111.997,112.118,111.847,112.086,174300,19514736,False
2018-04-17,111.997,112.147,111.951,112.004,135900,15221656,False
2018-04-18,112.057,112.994,112.057,112.494,145200,16323477,False
2018-04-19,112.502,112.55,112.213,112.264,141218,15870626,False
2018-04-20,112.153,112.227,112.081,112.115,519260,58237369,False
2018-04-23,112.137,112.354,112.022,112.105,469890,52706537,False
2018-04-24,112.105,112.308,112.105,112.252,632900,71021571,False
2018-04-25,112.264,112.639,112.264,112.344,1000400,112528854,False
2018-04-26,112.344,112.428,112.294,112.311,1463400,164409326,False
2018-04-27,112.311,112.559,112.168,112.359,2585800,290652257,False
2018-05-02,112.367,112.395,112.203,112.275,1918620,215578829,False
2018-05-03,112.305,112.5,112.297,112.428,1858664,208851648,False
2018-05-04,112.436,112.753,112.166,112.301,1858126,209325847,False
2018-05-07,112.338,112.378,112.211,112.302,1066900,119787681,False
2018-05-08,112.298,112.3,112.192,112.202,1898500,213121512,False
2018-05-09,112.202,112.204,111.926,112.007,1718682,192630150,False
2018-05-10,112.046,112.059,111.98,112.011,2333000,261314704,False
2018-05-11,112.006,112.121,111.997,112.083,2151499,241133191,False
2018-05-14,112.105,112.15,112.07,112.089,1752400,196507172,False
2018-05-15,112.115,112.118,112.052,112.066,1977900,221663241,False
2018-05-16,112.071,112.121,112.05,112.087,1587200,177916855,False
2018-05-17,112.08,112.086,112.036,112.044,2143900,240254378,False
2018-05-18,112.045,112.106,112.045,112.047,1772700,198677346,False
2018-05-21,112.05,112.089,112.017,112.063,1750000,196112412,False
2018-05-22,112.063,112.19,112.062,112.116,1716000,192431879,False
2018-05-23,112.12,112.225,112.12,112.214,1021400,114584506,False
2018-05-24,112.216,112.337,112.216,112.295,734583,82477555,False
2018-05-25,112.295,112.5,112.286,112.493,643415,72344973,False
2018-05-28,112.454,112.54,112.285,112.31,536700,60349143,False
2018-05-29,112.3,112.389,112.141,112.172,211000,23691834,False
2018-05-30,112.172,112.491,112.091,112.138,354698,39837579,False
2018-05-31,112.18,112.249,112.1,112.149,452800,50780091,False
2018-06-01,112.2,112.248,112.115,112.189,591782,66381720,False
2018-06-04,112.188,112.273,112.151,112.273,1808823,202951651,False
2018-06-05,112.266,112.3,112.003,112.154,1196930,134350569,False
2018-06-06,112.167,112.199,112.099,112.147,548724,61548262,False
2018-06-07,112.1,112.15,112.091,112.118,867500,97269993,False
2018-06-08,112.149,112.245,112.116,112.131,1073899,120433958,False
2018-06-11,112.17,112.294,112.17,112.245,866928,97313262,False
2018-06-12,112.233,112.259,112.05,112.08,970800,108942217,False
2018-06-13,112.16,112.189,112.051,112.093,663000,74324034,False
2018-06-14,112.116,112.277,112.092,112.097,870600,97682170,False
2018-06-15,112.192,112.288,112.15,112.156,765306,85881847,False
2018-06-19,112.241,112.45,112.142,112.418,274900,30865836,False
2018-06-20,112.4,112.41,112.28,112.403,275800,30987678,False
2018-06-21,112.274,112.491,112.274,112.34,157500,17707647,False
2018-06-22,112.34,112.449,112.304,112.416,160500,18038651,False
2018-06-25,112.417,112.597,112.412,112.562,379200,42665176,False
2018-06-26,112.55,112.696,112.55,112.604,409500,46112946,False
2018-06-27,112.613,112.696,112.5,112.547,1131500,127343269,False
2018-06-28,112.552,112.687,112.205,112.239,870400,97992583,False
2018-06-29,112.255,112.89,112.255,112.856,1257100,141549892,False
2018-07-02,112.85,112.9,112.627,112.842,982100,110817476,False
2018-07-03,112.994,112.994,112.701,112.773,603119,68049388,False
2018-07-04,112.81,113.15,112.737,113.0,818400,92338269,False
2018-07-05,113.1,113.146,112.88,112.996,515300,58204668,False
2018-07-06,112.761,113.0,112.761,112.991,419200,47345753,False
2018-07-09,112.991,113.25,112.903,112.935,1424400,160944253,False
2018-07-10,112.95,112.998,112.74,112.841,1571100,177356809,False
2018-07-11,112.892,112.91,112.8,112.806,1416696,159895522,False
2018-07-12,112.809,113.2,112.705,112.773,1361800,153605543,False
2018-07-13,112.83,112.95,112.76,112.898,1849200,208661347,False
2018-07-16,112.95,113.158,112.881,113.097,1412300,159646740,False
2018-07-17,112.9,113.753,112.9,113.243,1786300,202187520,False
2018-07-18,113.2,113.436,113.14,113.281,2235300,253303328,False
2018-07-19,113.123,113.567,113.122,113.398,1488300,168723033,False
2018-07-20,113.4,114.345,113.15,113.35,2213500,251191567,False
2018-07-23,113.1,113.55,113.1,113.459,1596300,180786323,False
2018-07-24,113.4,113.489,112.99,113.212,1788500,202567210,False
2018-07-25,113.212,113.28,113.025,113.225,1699200,192332334,False
2018-07-26,113.01,113.42,113.0,113.41,679800,76997030,False
2018-07-27,113.366,113.519,113.15,113.239,1548272,175594504,False
2018-07-30,113.365,113.5,113.255,113.31,1728400,195866517,False
2018-07-31,113.448,113.448,113.321,113.418,1578900,179040002,False
2018-08-01,113.45,113.731,113.407,113.71,1599500,181571000,False
2018-08-02,113.76,113.996,113.65,113.797,2476360,282008205,False
2018-08-03,113.8,114.1,113.8,113.893,884400,100799404,False
2018-08-06,113.99,114.067,113.701,113.97,2381300,271325298,False
2018-08-07,113.999,114.087,113.82,114.035,1634252,186344281,False
2018-08-08,114.15,114.17,113.897,113.92,1613032,184058489,False
2018-08-09,113.97,113.99,113.766,113.777,1195100,136062416,False
2018-08-10,113.762,113.819,113.516,113.65,1052773,119687632,False
2018-08-13,113.65,113.746,113.454,113.51,1042918,118506823,False
2018-08-14,113.51,113.797,113.464,113.758,1148681,130452649,False
2018-08-15,113.901,113.901,113.402,113.421,1154200,131109201,False
2018-08-16,113.488,113.493,113.352,113.382,950800,107853565,False
2018-08-17,113.372,113.482,112.037,112.513,344460,38910059,False
2018-08-20,112.781,112.781,112.5,112.679,752926,84828185,False
2018-08-21,112.681,112.735,112.475,112.684,853661,96158844,False
2018-08-22,112.675,112.877,112.6,112.737,698900,78746101,False
2018-08-23,112.738,112.98,112.67,112.851,865200,97660169,False
2018-08-24,112.9,113.083,112.9,113.014,897888,101494815,False
2018-08-27,113.066,113.187,112.941,112.978,418773,47328440,False
2018-08-28,113.1,113.222,112.922,113.136,543000,61399747,False
2018-08-29,113.379,113.379,113.013,113.29,419000,47477939,False
2018-08-30,113.29,113.429,113.202,113.281,690027,78174810,False
2018-08-31,113.348,113.479,113.319,113.459,487500,55292967,False
2018-09-03,113.459,113.573,113.201,113.31,354600,40231670,False
2018-09-04,113.302,113.398,113.141,113.141,101000,11444687,False
2018-09-05,113.141,113.315,113.13,113.278,43961,4978315,False
2018-09-06,113.245,113.346,113.002,113.233,378706,42907999,False
2018-09-07,113.116,113.355,113.116,113.142,476390,53909727,False
2018-09-10,113.142,114.753,112.823,113.16,295900,33495944,False
2018-09-11,113.16,113.26,112.847,112.951,181100,20477030,False
2018-09-12,113.0,113.143,112.91,113.132,55326,6252186,False
2018-09-13,113.132,113.145,113.023,113.103,276390,31265556,False
2018-09-14,113.002,113.195,112.958,113.082,929500,105105493,False
2018-09-17,113.109,113.249,113.021,113.083,1083744,122595378,False
2018-09-18,113.053,113.112,113.03,113.05,643286,72735398,False
2018-09-19,113.1,113.214,113.015,113.088,635152,71829990,False
2018-09-20,113.2,113.297,113.095,113.124,642500,72699465,False
2018-09-21,113.124,113.319,113.124,113.26,995100,112701798,False
2018-09-25,113.191,113.43,113.191,113.258,2432500,275579949,False
2018-09-26,113.26,113.399,113.248,113.375,2834600,321260101,False
2018-09-27,113.375,113.486,113.301,113.428,2866100,325068067,False
2018-09-28,113.493,113.749,113.493,113.728,3488600,396450637,False
2018-10-08,113.697,114.1,113.563,114.0,4860900,553126579,False
2018-10-09,113.816,114.3,113.816,113.995,4373500,498886595,False
2018-10-10,113.81,114.095,113.432,113.546,2934902,333434676,False
2018-10-11,113.546,114.02,113.546,113.938,4401700,500715013,False
2018-10-12,113.781,114.199,113.781,114.067,4367210,498485089,False
2018-10-15,114.7,114.7,114.08,114.199,4337410,495180899,False
2018-10-16,113.903,114.598,113.902,114.189,475900,54359890,False
2018-10-17,113.79,114.479,113.79,114.25,2472120,282474515,False
2018-10-18,114.255,114.5,114.255,114.48,2688497,307632295,False
2018-10-19,114.49,114.6,114.4,114.513,2764600,316521752,False
2018-10-22,114.48,114.5,114.252,114.328,2736800,312974363,False
2018-10-23,114.326,114.498,114.254,114.354,4213600,482010796,False
2018-10-24,114.261,114.443,114.261,114.375,4204800,480873265,False
2018-10-25,114.419,114.753,114.2,114.298,2329300,266644897,False
2018-10-26,114.298,114.35,114.189,114.296,2366700,270526993,False
2018-10-29,114.347,114.434,114.266,114.308,1936120,221318019,False
2018-10-30,114.331,114.353,114.201,114.267,2082700,238024118,False
2018-10-31,114.214,114.314,114.214,114.305,2538029,290049259,False
2018-11-01,114.306,114.394,114.305,114.39,2139900,244759101,False
2018-11-02,114.25,114.498,114.055,114.171,2634100,301243208,False
2018-11-05,114.34,114.395,114.203,114.331,2958200,338179910,False
2018-11-06,114.368,114.498,114.342,114.445,2561200,292982643,False
2018-11-07,114.43,114.627,114.43,114.62,2655600,304274047,False
2018-11-08,114.62,114.827,114.62,114.766,1709100,196113927,False
2018-11-09,114.755,114.865,114.668,114.701,2352176,269997347,False
2018-11-12,114.71,114.949,114.71,114.932,1983500,227745220,False
2018-11-13,114.932,115.055,114.751,114.826,2446900,281196685,False
2018-11-14,115.073,115.073,114.826,115.037,2473300,284395034,False
2018-11-15,115.037,117.0,115.037,115.429,1239822,142880781,False
2018-11-16,115.3,115.772,115.3,115.548,1086300,125517675,False
2018-11-19,115.548,115.644,115.49,115.505,2043300,236106867,False
2018-11-20,115.5,115.52,115.22,115.265,1437800,165818248,False
2018-11-21,115.215,115.426,115.212,115.329,1388600,160210165,False
2018-11-22,115.35,115.49,115.25,115.26,1401700,161738524,False
2018-11-23,115.265,115.299,114.657,114.691,1589700,182456455,False
2018-11-26,114.699,114.794,114.665,114.685,2197800,252084491,False
2018-11-27,114.687,114.86,114.684,114.718,1690200,193932406,False
2018-11-28,114.725,114.815,114.694,114.722,1442400,165492400,False
2018-11-29,114.75,114.75,114.695,114.725,1749900,200769704,False
2018-11-30,114.732,114.876,114.731,114.755,1847127,212111820,False
2018-12-03,114.713,114.892,110.183,114.84,1033835,118682455,False
2018-12-04,114.845,115.249,114.845,115.175,668000,76900178,False
2018-12-05,115.189,115.451,115.177,115.441,1196300,138074293,False
2018-12-06,115.498,115.773,115.498,115.697,632100,73094468,False
2018-12-07,115.697,115.748,115.595,115.651,412400,47688650,False
2018-12-10,115.719,116.0,115.7,115.832,548400,63532846,False
2018-12-11,115.851,115.989,115.851,115.988,452300,52436355,False
2018-12-12,115.99,116.046,115.94,116.007,1421400,164897010,False
2018-12-13,115.994,116.016,115.801,115.819,2301494,266691336,False
2018-12-14,115.811,115.811,115.618,115.665,2496800,288896825,False
2018-12-17,115.671,115.789,115.671,115.76,1127600,130518941,False
2018-12-18,115.501,115.85,115.5,115.85,854800,99009404,False
2018-12-19,115.865,116.0,115.8,115.995,499600,57901549,False
2018-12-20,115.995,116.086,115.732,115.804,679329,78765886,False
2018-12-21,115.811,116.062,115.811,116.047,1633900,189588138,False
2018-12-24,116.051,116.748,115.981,116.031,463200,53749648,False
2018-12-25,116.04,116.099,115.008,115.982,777384,90187845,False
2018-12-26,115.988,116.017,115.892,115.969,1362200,157958872,False
2018-12-27,115.903,116.04,115.819,116.008,1357300,157447679,False
2018-12-28,116.051,116.6,116.051,116.593,517343,60215738,False
2019-01-02,116.585,116.59,116.018,116.267,535400,62249939,False
2019-01-03,116.268,116.7,116.268,116.32,1103400,128359318,False
2019-01-04,116.489,116.6,116.42,116.527,1051100,122510883,False
2019-01-07,116.481,116.649,116.481,116.638,514300,59974833,False
2019-01-08,116.631,116.639,116.53,116.622,519100,60531120,False
2019-01-09,116.622,116.64,116.531,116.624,814000,94899887,False
2019-01-10,116.624,116.682,116.601,116.617,719700,83934131,False
2019-01-11,116.617,116.617,116.56,116.571,959000,111812944,False
2019-01-14,116.571,116.574,116.453,116.47,525900,61262793,False
2019-01-15,116.472,116.549,116.472,116.504,1125900,131169084,False
2019-01-16,116.504,116.65,116.456,116.599,1084400,126420073,False
2019-01-17,116.55,116.689,116.55,116.671,648900,75706005,False
2019-01-18,116.667,116.72,116.598,116.603,404700,47212212,False
2019-01-21,116.352,116.594,116.352,116.48,558400,65045539,False
2019-01-22,116.451,116.517,116.451,116.515,710400,82763003,False
2019-01-23,116.518,116.559,116.423,116.488,627800,73149532,False
2019-01-24,116.401,116.537,116.399,116.525,428500,49931075,False
2019-01-25,116.48,116.557,116.48,116.521,459800,53568475,False
2019-01-28,116.521,116.524,116.428,116.498,748100,87141807,False
2019-01-29,116.499,116.584,116.498,116.57,706700,82365976,False
2019-01-30,116.57,116.66,116.57,116.654,707100,82468043,False
2019-01-31,116.655,116.789,116.655,116.724,695600,81200449,False
2019-02-01,116.724,116.899,116.724,116.83,498700,58245249,False
2019-02-11,116.83,116.988,116.801,116.942,763800,89275936,False
2019-02-12,116.942,117.092,116.941,117.009,613400,71784171,False
2019-02-13,117.05,117.088,117.01,117.032,754400,88314365,False
2019-02-14,117.015,117.079,116.94,116.944,1235550,144555143,False
2019-02-15,116.958,117.068,116.958,117.068,929000,108687737,False
2019-02-18,117.067,117.499,116.912,116.939,1791200,209498502,False
2019-02-19,116.939,116.939,116.75,116.883,962000,112414921,False
2019-02-20,116.87,116.935,116.821,116.923,2808500,328296879,False
2019-02-21,116.923,116.928,116.86,116.881,2502400,292532715,False
2019-02-22,116.876,116.907,116.801,116.806,1615500,188829679,False
2019-02-25,116.79,116.79,116.401,116.56,1177042,137243805,False
2019-02-26,116.31,116.55,116.235,116.256,1198900,139563220,False
2019-02-27,116.27,116.654,116.27,116.599,1299000,151288108,False
2019-02-28,116.599,116.599,116.421,116.444,797100,92840835,False
2019-03-01,116.445,116.5,116.366,116.422,1284700,149580365,False
2019-03-04,116.3,116.415,116.2,116.363,940000,109342459,False
2019-03-05,116.263,116.448,116.263,116.312,966700,112496058,False
2019-03-06,116.312,116.312,116.208,116.238,2242200,260677824,False
2019-03-07,116.238,116.378,116.219,116.357,2350400,273451185,False
2019-03-08,116.428,116.59,116.355,116.488,2139100,249065435,False
2019-03-11,116.48,116.549,116.38,116.393,2053400,239131599,False
2019-03-12,116.386,116.458,116.335,116.43,2415700,281174576,False
2019-03-13,116.433,116.475,116.33,116.443,1530600,178218141,False
2019-03-14,116.331,116.441,116.331,116.367,1847500,215012826,False
2019-03-15,116.369,116.385,116.34,116.366,2928800,340801002,False
2019-03-18,116.365,116.381,116.324,116.353,1483548,172621377,False
2019-03-19,116.33,116.397,116.33,116.363,1327998,154551773,False
2019-03-20,116.375,116.444,116.367,116.394,1244099,144809971,False
2019-03-21,116.401,116.461,116.392,116.399,1992500,231971439,False
2019-03-22,116.405,116.508,116.405,116.484,1533000,178581612,False
2019-03-25,116.567,116.709,116.503,116.693,1403465,163685566,False
2019-03-26,116.693,116.926,116.693,116.856,1494000,174620018,False
2019-03-27,116.85,116.85,116.758,116.768,1912200,223359905,False
2019-03-28,116.828,116.897,116.819,116.876,2818600,329385909,False
2019-03-29,116.876,116.918,116.803,116.862,685500,80096311,False
2019-04-01,116.862,116.888,116.724,116.739,935200,109209059,False
2019-04-02,116.74,116.749,116.695,116.721,1104340,128902871,False
2019-04-03,116.747,116.747,116.402,116.456,583300,67994273,False
2019-04-04,116.456,116.457,116.389,116.424,762800,88808955,False
2019-04-08,116.4,116.4,116.002,116.134,751400,87271024,False
2019-04-09,116.134,116.192,116.116,116.142,379900,44125071,False
2019-04-10,115.9,116.098,115.74,115.776,638100,73904946,False
2019-04-11,115.901,116.196,115.8,116.177,1134800,131775499,False
2019-04-12,116.177,116.205,115.713,116.061,548500,63642434,False
2019-04-15,116.026,116.026,115.75,115.873,706600,81870405,False
2019-04-16,115.87,115.872,115.782,115.785,937000,108508981,False
2019-04-17,115.785,115.9,115.758,115.857,852800,98765218,False
2019-04-18,115.855,115.898,115.792,115.859,1226600,142097496,False
2019-04-19,115.86,116.016,115.86,115.958,1160000,134541766,False
2019-04-22,115.921,116.029,115.91,116.027,793800,92065428,False
2019-04-23,116.01,116.01,115.822,115.929,1235200,143135153,False
2019-04-24,115.87,115.989,115.714,115.787,442200,51226232,False
2019-04-25,115.84,115.932,115.795,115.916,1119600,129764840,False
2019-04-26,115.917,116.116,115.916,116.007,680700,78952133,False
2019-04-29,116.1,116.1,115.807,115.839,706500,81865507,False
2019-04-30,115.853,116.097,115.853,116.084,552400,64069874,False
2019-05-06,116.13,116.584,116.067,116.1,795600,92419397,False
2019-05-07,116.116,116.362,116.116,116.343,942600,109636322,False
2019-05-08,116.34,116.49,116.243,116.337,772400,89836095,False
2019-05-09,116.42,116.42,116.318,116.38,1268500,147589559,False
2019-05-10,116.379,116.46,116.174,116.385,632100,73546439,False
2019-05-13,116.401,116.49,116.401,116.485,1812600,211133485,False
2019-05-14,116.484,116.53,116.362,116.387,980300,114104028,False
2019-05-15,116.384,116.389,116.195,116.382,1241000,144406856,False
2019-05-16,116.37,116.471,116.37,116.421,1037200,120776269,False
2019-05-17,116.425,116.66,116.425,116.583,1205900,140549394,False
2019-05-20,116.583,116.648,116.493,116.576,1041610,121435902,False
2019-05-21,116.546,116.607,116.453,116.485,928122,108108187,False
2019-05-22,116.483,116.502,116.41,116.458,934202,108786355,False
2019-05-23,116.499,116.611,116.481,116.575,625432,72896026,False
2019-05-24,116.605,116.747,116.605,116.661,979000,114219947,False
2019-05-27,116.57,116.669,116.376,116.454,843600,98276371,False
2019-05-28,116.454,116.644,116.454,116.612,1230843,143525263,False
2019-05-29,116.612,116.701,116.611,116.696,645900,75350022,False
2019-05-30,116.7,116.924,116.661,116.82,748700,87427580,False
2019-05-31,116.86,117.081,116.851,116.956,1105100,129212550,False
2019-06-03,116.956,117.05,116.956,116.996,1201300,140554591,False
2019-06-04,116.902,117.025,116.902,117.001,1087800,127273838,False
2019-06-05,116.992,117.056,116.991,117.056,1168200,136711369,False
2019-06-06,117.05,117.061,116.99,116.992,961100,112463988,False
2019-06-10,117.11,117.11,116.815,116.928,863010,100879561,False
2019-06-11,116.927,116.927,116.7,116.732,885000,103326090,False
2019-06-12,116.762,116.857,116.732,116.794,816400,95363894,False
2019-06-13,116.8,116.841,116.758,116.794,901700,105318793,False
2019-06-14,116.822,116.999,116.811,116.944,1077500,125952901,False
2019-06-17,117.0,117.03,116.966,117.003,1184300,138568404,False
2019-06-18,117.043,117.051,117.02,117.029,942300,110285843,False
2019-06-19,116.93,117.101,116.928,117.061,1108300,129726031,False
2019-06-20,117.088,117.498,117.024,117.09,1412000,165343696,False
2019-06-21,117.125,117.275,116.92,117.203,1819000,213154968,False
2019-06-24,117.203,117.279,117.125,117.157,1128600,132255738,False
2019-06-25,117.1,117.222,117.1,117.189,1291400,151357185,False
2019-06-26,117.177,117.182,117.17,117.175,1430800,167656075,False
2019-06-27,117.183,117.196,117.146,117.147,1206300,141339579,False
2019-06-28,117.159,117.196,117.145,117.163,1525136,178707035,False
2019-07-01,117.021,117.194,117.021,117.184,1157500,135632777,False
2019-07-02,117.181,117.329,117.181,117.319,1015200,119057322,False
2019-07-03,117.38,117.752,117.38,117.699,821700,96568244,False
2019-07-04,117.604,117.604,117.499,117.55,1205500,141676106,False
2019-07-05,117.535,117.575,117.465,117.527,946300,111230873,False
2019-07-08,117.527,117.792,117.46,117.513,519295,61029187,False
2019-07-09,117.466,117.607,117.466,117.58,724290,85146359,False
2019-07-10,117.753,117.853,117.402,117.511,974200,114531322,False
2019-07-11,117.511,117.52,117.4,117.514,1412800,166011032,False
2019-07-12,117.456,117.529,117.456,117.513,1133300,133178291,False
2019-07-15,117.551,117.635,117.502,117.553,867700,101994816,False
2019-07-16,117.552,117.595,117.481,117.556,1033200,121464287,False
2019-07-17,117.556,117.585,117.54,117.555,601000,70654001,False
2019-07-18,117.555,117.615,117.515,117.602,1204700,141685901,False
2019-07-19,117.612,117.72,117.553,117.637,641700,75492380,False
2019-07-22,117.621,117.66,117.612,117.642,642140,75543931,False
2019-07-23,117.643,117.701,117.643,117.682,784500,92329599,False
2019-07-24,117.681,117.698,117.622,117.67,696200,81923779,False
2019-07-25,117.652,117.673,117.64,117.641,955095,112377131,False
2019-07-26,117.662,117.678,117.641,117.661,1499100,176378634,False
2019-07-29,117.661,117.754,117.635,117.647,925300,108874245,False
2019-07-30,117.611,117.649,117.6,117.641,835500,98284329,False
2019-07-31,117.671,117.718,117.655,117.69,866900,102032176,False
2019-08-01,117.71,117.756,117.71,117.756,1285550,151362556,False
2019-08-02,117.805,117.947,117.805,117.94,877700,103479385,False
2019-08-05,117.949,118.7,117.949,118.29,601127,71049346,False
2019-08-06,127.0,127.0,118.287,118.494,824400,97757239,False
2019-08-07,118.483,118.483,118.113,118.132,573200,67857950,False
2019-08-08,118.006,118.19,118.006,118.146,994500,117499213,False
2019-08-09,118.169,118.456,118.169,118.427,648300,76700101,False
2019-08-12,118.427,118.999,118.345,118.64,1060600,125829425,False
2019-08-13,118.95,118.95,118.619,118.629,1156900,137254092,False
2019-08-14,118.6,118.7,118.312,118.51,663600,78657257,False
2019-08-15,118.535,118.741,118.483,118.526,561300,66569542,False
2019-08-16,118.538,118.538,118.418,118.428,568600,67359356,False
2019-08-19,118.45,118.5,118.23,118.232,1151100,136245422,False
2019-08-20,118.249,118.265,118.2,118.22,1261300,149112932,False
2019-08-21,118.21,118.292,118.13,118.265,791300,93545694,False
2019-08-22,118.193,118.284,118.193,118.233,1052500,124449615,False
2019-08-23,118.25,118.259,118.0,118.027,760900,89936162,False
2019-08-26,118.142,118.259,118.142,118.258,1372131,162239345,False
2019-08-27,118.258,118.279,118.207,118.22,717100,84790819,False
2019-08-28,118.241,118.277,118.231,118.24,742300,87770478,False
2019-08-29,118.24,118.276,118.201,118.27,1117160,132090501,False
2019-08-30,118.27,118.274,118.176,118.191,1258200,148739583,False
2019-09-02,118.191,118.236,118.08,118.149,863100,101985146,False
2019-09-03,118.15,118.15,118.0,118.047,981000,115853713,False
2019-09-04,118.075,118.138,118.0,118.051,1389100,163985160,False
2019-09-05,118.101,118.17,118.057,118.16,1176591,138998744,False
2019-09-06,118.191,118.551,118.191,118.541,551185,65239723,False
2019-09-09,118.563,118.563,118.371,118.431,533400,63173861,False
2019-09-10,118.179,118.434,118.179,118.382,221900,26258183,False
2019-09-11,118.3,118.427,118.291,118.321,447800,53009182,False
2019-09-12,118.319,118.399,118.12,118.199,643000,76073919,False
2019-09-16,118.2,118.263,118.058,118.184,625700,73947737,False
2019-09-17,118.217,118.299,118.145,118.232,1083400,128128732,False
2019-09-18,118.182,118.243,118.182,118.186,801700,94764061,False
2019-09-19,118.212,118.229,118.16,118.21,865100,102265728,False
2019-09-20,118.216,118.279,118.211,118.268,344421,40722455,False
2019-09-23,118.27,118.389,118.258,118.329,432800,51221119,False
2019-09-24,118.371,118.399,118.265,118.28,259100,30657046,False
2019-09-25,118.281,118.33,118.248,118.282,264100,31237253,False
2019-09-26,118.285,118.304,118.221,118.254,222700,26336529,False
2019-09-27,118.255,118.264,118.131,118.161,429800,50805980,False
2019-09-30,118.2,118.479,118.2,118.399,168900,19973525,False
2019-10-08,118.376,118.398,118.274,118.351,618300,73175621,False
2019-10-09,118.431,118.468,118.411,118.464,475700,56345857,False
2019-10-10,118.464,118.464,118.359,118.369,720400,85318355,False
2019-10-11,118.349,118.359,118.251,118.304,354300,41918565,False
2019-10-14,118.301,118.304,118.231,118.261,549200,64943782,False
2019-10-15,118.261,118.311,118.261,118.291,310500,36729270,False
2019-10-16,118.302,118.33,118.242,118.28,203500,24073517,False
2019-10-17,118.333,118.338,118.28,118.331,303221,35876124,False
2019-10-18,118.33,118.358,118.248,118.256,384000,45426757,False
2019-10-21,118.23,118.271,117.961,118.018,364700,43070192,False
2019-10-22,118.042,118.171,118.042,118.111,240455,28405564,False
2019-10-23,118.114,118.179,118.089,118.151,269100,31791482,False
2019-10-24,118.17,118.195,118.085,118.167,357255,42216623,False
2019-10-25,118.267,118.295,118.139,118.215,124243,14689050,False
2019-10-28,118.155,118.155,118.001,118.027,526645,62164122,False
2019-10-29,118.026,118.027,117.91,117.96,142832,16849094,False
2019-10-30,117.96,117.966,117.911,117.912,570800,67325959,False
2019-10-31,117.968,117.979,117.93,117.96,482470,56910156,False
2019-11-01,117.982,118.06,117.975,118.021,365033,43078178,False
2019-11-04,117.951,118.02,117.95,117.956,383200,45206582,False
2019-11-05,117.956,118.099,117.956,118.06,306588,36195442,False
2019-11-06,118.025,118.281,118.025,118.211,238410,28164813,False
2019-11-07,118.211,118.319,118.11,118.131,284300,33594830,False
2019-11-08,118.115,118.134,118.002,118.079,487100,57516525,False
2019-11-11,118.079,118.289,118.079,118.229,1093500,129264671,False
2019-11-12,118.261,118.39,118.255,118.27,480400,56843216,False
2019-11-13,118.272,118.295,117.087,118.283,1053100,124553331,False
2019-11-14,118.235,118.315,118.21,118.223,920300,108866478,False
2019-11-15,118.226,118.338,118.226,118.321,683800,80880222,False
2019-11-18,118.335,118.79,118.335,118.638,474400,56199170,False
2019-11-19,118.64,118.765,118.64,118.695,900555,106883925,False
2019-11-20,118.695,118.699,118.55,118.631,1670000,198208879,False
2019-11-21,118.662,118.78,118.633,118.703,853100,101302548,False
2019-11-22,118.711,118.711,118.603,118.673,1155402,137111597,False
2019-11-25,118.659,118.659,118.55,118.57,1230700,145989095,False
2019-11-26,118.573,118.617,118.525,118.56,1244500,147570310,False
2019-11-27,118.545,118.657,118.545,118.599,998100,118392386,False
2019-11-28,118.663,118.663,118.596,118.596,1725100,204614896,False
2019-11-29,118.599,118.792,118.599,118.775,913200,108327625,False
2019-12-02,118.775,118.999,118.676,118.934,123200,14637258,False
2019-12-03,118.937,119.998,118.601,119.02,797301,94830923,False
2019-12-04,119.019,119.069,119.0,119.001,654400,77875725,False
2019-12-05,118.998,119.004,118.8,118.981,640500,76198153,False
2019-12-06,118.981,119.0,118.905,118.96,591900,70411962,False
2019-12-09,118.949,119.011,118.788,118.789,562600,66914380,False
2019-12-10,118.786,118.839,118.675,118.719,232500,27616173,False
2019-12-11,118.722,118.779,118.704,118.756,645400,76626916,False
2019-12-12,118.756,118.796,118.746,118.758,518900,61630956,False
2019-12-13,118.746,118.799,118.707,118.761,542100,64391404,False
2019-12-16,118.76,118.787,118.731,118.746,557400,66196409,False
2019-12-17,118.749,118.763,118.689,118.69,294150,34926848,False
2019-12-18,118.689,118.73,118.621,118.722,435200,51646346,False
2019-12-19,118.719,118.788,118.675,118.752,288700,34284776,False
2019-12-20,118.752,118.974,118.749,118.882,577100,68592159,False
2019-12-23,118.895,119.119,118.895,119.026,524400,62410990,False
2019-12-24,119.049,119.4,119.049,119.356,406200,48451114,False
2019-12-25,119.356,119.431,119.29,119.32,442000,52750156,False
2019-12-26,119.32,119.63,119.317,119.469,428298,51144677,False
2019-12-27,119.472,119.706,119.472,119.697,112900,13506610,False
2019-12-30,119.696,119.696,119.45,119.637,45600,5453949,False
2019-12-31,119.637,120.206,119.602,119.851,366822,43971814,False
2020-01-02,119.601,119.799,119.325,119.377,356000,42550391,False
2020-01-03,119.381,119.438,119.251,119.266,382000,45576568,False
2020-01-06,119.27,119.458,119.23,119.391,947700,113045014,False
2020-01-07,119.38,119.391,119.306,119.336,715520,85395779,False
2020-01-08,119.35,119.486,119.347,119.469,507500,60626304,False
2020-01-09,119.43,119.581,119.364,119.574,1248100,149197368,False
2020-01-10,119.524,119.707,119.46,119.696,522940,62577473,False
2020-01-13,119.699,119.745,119.65,119.699,493100,59033816,False
2020-01-14,119.65,119.853,119.6,119.789,565600,67698480,False
2020-01-15,119.705,119.915,119.699,119.84,456400,54694554,False
2020-01-16,119.885,119.885,119.617,119.648,472100,56530970,False
2020-01-17,119.628,119.835,119.628,119.76,527100,63109356,False
2020-01-20,119.712,119.838,119.712,119.814,491000,58821801,False
2020-01-21,119.838,120.38,119.825,120.38,532840,63948319,False
2020-01-22,120.03,120.602,120.001,120.101,543000,65353703,False
2020-01-23,120.101,120.929,120.101,120.799,391001,47165245,False
2020-02-03,120.815,126.818,120.815,122.597,800200,98121861,False
2020-02-04,122.706,122.715,121.0,121.336,517900,62879444,False
2020-02-05,121.383,121.696,121.18,121.525,473400,57540415,False
2020-02-06,121.525,121.525,121.078,121.175,472500,57301617,False
2020-02-07,121.178,121.49,121.178,121.366,304700,36966794,False
2020-02-10,121.39,121.57,121.39,121.569,232100,28198268,False
2020-02-11,121.519,121.7,121.502,121.642,303686,36937700,False
2020-02-12,121.665,121.665,121.4,121.522,563100,68492256,False
2020-02-13,121.473,121.484,121.328,121.347,577500,70081242,False
2020-02-14,121.347,121.385,121.335,121.343,496500,60252204,False
2020-02-17,121.343,121.343,121.155,121.166,545900,66198584,False
2020-02-18,121.1,121.166,121.008,121.143,482600,58458977,False
2020-02-19,121.114,121.2,121.114,121.169,527100,63863108,False
2020-02-20,121.13,121.19,120.894,121.024,657600,79622285,False
2020-02-21,121.08,121.16,121.041,121.143,546200,66146987,False
2020-02-24,121.15,121.376,121.15,121.37,407000,49354089,False
2020-02-25,121.393,121.869,121.228,121.301,506900,61539748,False
2020-02-26,121.351,121.351,121.202,121.315,354600,43002630,False
2020-02-27,121.312,121.481,121.2,121.438,479700,58200273,False
2020-02-28,121.5,122.389,121.485,121.964,639600,77920821,False
2020-03-02,121.974,121.988,121.701,121.749,447192,54449755,False
2020-03-03,121.401,121.773,121.401,121.771,519300,63164629,False
2020-03-04,121.818,122.0,121.818,121.95,484700,59100564,False
2020-03-05,121.949,122.1,121.92,121.976,751900,91702898,False
2020-03-06,121.938,122.215,121.938,122.14,601200,73403881,False
2020-03-09,122.239,123.333,122.239,122.973,829826,102078464,False
2020-03-10,122.981,123.25,122.402,122.604,553800,67941112,False
2020-03-11,122.604,122.654,122.302,122.603,206900,25344395,False
2020-03-12,122.605,123.0,122.603,122.701,590700,72495115,False
2020-03-13,122.999,122.999,122.094,122.212,385300,47158363,False
2020-03-16,122.265,122.9,122.021,122.067,473900,57879761,False
2020-03-17,122.056,122.064,121.739,121.791,279900,34116001,False
2020-03-18,121.701,121.795,121.569,121.791,721100,87747138,False
2020-03-19,121.651,121.932,121.418,121.479,921700,112201855,False
2020-03-20,121.481,121.724,121.481,121.701,704312,85704090,False
2020-03-23,121.86,122.306,121.86,122.297,1057200,129130596,False
2020-03-24,122.29,122.398,122.051,122.312,1053700,128885519,False
2020-03-25,122.309,122.357,122.2,122.331,969000,118528644,False
2020-03-26,122.304,122.69,122.304,122.597,918400,112523846,False
2020-03-27,122.649,122.945,122.61,122.8,638700,78397299,False
2020-03-30,122.8,122.968,122.8,122.958,647500,79557951,False
2020-03-31,122.668,123.21,122.668,123.193,963570,118515497,False
2020-04-01,123.315,124.14,123.315,123.425,877600,108300758,False
2020-04-02,123.424,123.591,123.265,123.271,992800,122515027,False
2020-04-03,123.277,123.41,123.185,123.213,886900,109363766,False
2020-04-07,123.309,123.998,123.309,123.862,907200,112230856,False
2020-04-08,123.912,124.585,123.912,124.385,985100,122449170,False
2020-04-09,124.62,124.797,124.133,124.525,881590,109794265,False
2020-04-10,124.575,124.59,124.086,124.284,946300,117636862,False
2020-04-13,124.284,124.475,124.186,124.458,1103400,137273131,False
2020-04-14,124.476,124.524,124.457,124.498,971500,120939855,False
2020-04-15,124.61,125.093,124.6,125.087,815000,101601744,False
2020-04-16,125.085,125.311,124.88,124.963,1057900,132315381,False
2020-04-17,124.96,125.143,124.811,124.884,922000,115170915,False
2020-04-20,124.884,125.0,124.8,124.875,725100,90576885,False
2020-04-21,124.875,124.991,124.76,124.939,632900,79027377,False
2020-04-22,125.011,125.396,125.011,125.393,594300,74465030,False
2020-04-23,125.365,125.86,125.365,125.788,638208,80224101,False
2020-04-24,125.767,126.19,125.633,125.864,1103600,138910720,False
2020-04-27,125.859,126.028,125.821,125.896,887700,111790090,False
2020-04-28,125.896,126.039,125.805,126.029,590300,74300992,False
2020-04-29,126.81,126.81,126.05,126.398,915690,115716747,False
2020-04-30,126.3,126.439,126.24,126.435,713000,90073605,False
2020-05-06,126.427,126.485,126.17,126.176,767200,96847043,False
2020-05-07,126.168,126.168,125.303,125.447,963300,121109674,False
2020-05-08,125.448,125.448,125.25,125.285,797200,99938725,False
2020-05-11,125.21,125.309,124.86,125.013,1074100,134386184,False
2020-05-12,125.0,125.347,124.949,125.188,996490,124769493,False
2020-05-13,125.323,125.323,125.041,125.12,647500,81054619,False
2020-05-14,125.12,125.379,124.908,125.324,905600,113354321,False
2020-05-15,125.38,125.57,125.326,125.536,991300,124386030,False
2020-05-18,125.535,125.535,125.088,125.102,944800,118271506,False
2020-05-19,124.9,125.06,124.85,124.91,1004800,125543501,False
2020-05-20,124.85,124.89,124.4,124.508,848400,105696908,False
2020-05-21,124.508,124.734,124.441,124.534,804441,100233704,False
2020-05-22,124.535,125.109,124.535,125.08,830200,103657230,False
2020-05-25,124.61,125.109,124.61,124.758,752700,93929612,False
2020-05-26,124.8,124.808,123.901,124.079,1068100,132673625,False
2020-05-27,124.035,124.296,123.67,123.787,1075641,133215016,False
2020-05-28,123.8,124.17,123.8,124.028,768056,95252219,False
2020-05-29,124.028,124.164,123.891,123.892,559800,69416466,False
2020-06-01,123.937,123.969,123.65,123.721,694800,86007997,False
2020-06-02,123.7,123.7,123.05,123.138,828941,102264049,False
2020-06-03,123.0,123.0,122.715,122.826,994400,122105197,False
2020-06-04,122.846,122.936,122.649,122.701,756700,92913687,False
2020-06-05,122.7,122.795,122.561,122.568,770400,94476627,False
2020-06-08,122.499,122.969,122.451,122.889,772900,94846867,False
2020-06-09,122.877,123.26,122.877,122.959,1009000,124195931,False
2020-06-10,122.952,123.122,122.64,122.651,840100,103256407,False
2020-06-11,122.696,122.909,122.67,122.826,655600,80504434,False
2020-06-12,122.95,123.236,122.936,123.011,1604900,197543918,False
2020-06-15,123.0,123.2,122.91,123.149,899500,110713931,False
2020-06-16,122.87,122.87,122.428,122.472,1115900,136818525,False
2020-06-17,122.472,122.49,122.0,122.01,858800,104931973,False
2020-06-18,122.209,122.35,121.931,121.971,904500,110413875,False
2020-06-19,122.12,122.12,121.708,121.8,804100,97984317,False
2020-06-22,121.862,121.957,121.717,121.942,837100,102006500,False
2020-06-23,121.926,121.94,121.4,121.401,972100,118305477,False
2020-06-24,121.627,121.928,121.62,121.898,895914,109130283,False
2020-06-29,121.922,122.198,121.883,122.145,752434,91887230,False
2020-06-30,122.14,122.14,121.888,121.996,1067565,130215422,False
2020-07-01,122.116,122.25,122.02,122.158,817200,99834952,False
2020-07-02,122.158,122.442,122.009,122.294,1133200,138392570,False
2020-07-03,122.28,122.287,122.085,122.145,687100,83943376,False
2020-07-06,122.01,122.01,121.4,121.416,1162790,141439140,False
2020-07-07,121.099,121.33,120.6,121.098,900775,108989687,False
2020-07-08,121.1,121.294,120.702,120.875,623500,75494157,False
2020-07-09,120.874,120.994,120.699,120.887,1387532,167637083,False
2020-07-10,120.894,121.306,120.894,121.253,848700,102784178,False
2020-07-13,121.203,121.8,120.7,120.94,1053500,127499897,False
2020-07-14,121.109,121.61,121.109,121.4,1425700,173081702,False
2020-07-15,121.13,121.649,121.124,121.617,1016500,123472134,False
2020-07-16,121.579,122.363,121.523,122.016,1633200,199214053,False
2020-07-17,122.017,122.3,121.703,121.801,1241516,151486065,False
2020-07-20,121.718,121.851,121.0,121.543,1387010,168491001,False
2020-07-21,121.52,121.892,121.4,121.769,1067600,129946199,False
2020-07-22,121.799,122.209,121.62,122.202,1023900,124763754,False
2020-07-23,122.211,122.568,121.988,122.492,1216000,148802629,False
2020-07-24,122.491,122.558,122.166,122.361,1246832,152579319,False
2020-07-27,122.331,122.529,122.31,122.49,1034500,126636350,False
2020-07-28,122.485,122.485,122.166,122.248,1325800,162076029,False
2020-07-29,122.24,122.248,122.105,122.112,843200,102979284,False
2020-07-30,122.0,122.04,121.922,121.985,1120600,136669768,False
2020-07-31,121.926,121.955,121.737,121.756,952268,116002491,False
2020-08-03,121.66,121.696,120.7,121.656,675500,82139697,False
2020-08-04,121.638,121.698,121.513,121.671,713600,86781012,False
2020-08-05,121.688,121.89,121.688,121.726,850500,103540202,False
2020-08-06,121.612,121.69,121.523,121.621,701200,85273174,False
2020-08-07,121.572,121.697,121.506,121.616,657400,79932748,False
2020-08-10,121.59,121.669,121.541,121.611,521600,63421551,False
2020-08-11,121.6,121.613,121.501,121.588,678400,82471435,False
2020-08-12,121.585,121.59,121.1,121.166,708500,85943884,False
2020-08-13,121.166,121.379,121.083,121.278,802500,97283246,False
2020-08-14,121.227,121.425,121.161,121.301,620800,75335685,False
2020-08-17,121.33,121.449,121.303,121.429,504500,61253675,False
2020-08-18,121.401,121.507,121.332,121.507,526000,63888215,False
2020-08-19,121.42,121.52,121.385,121.39,894400,108632377,False
2020-08-20,121.429,121.43,121.098,121.122,389300,47204598,False
2020-08-21,121.11,121.28,121.101,121.144,328600,39815183,False
2020-08-24,121.102,121.172,121.102,121.12,281824,34138785,False
2020-08-25,121.12,121.135,120.85,120.866,543500,65737889,False
2020-08-26,120.87,120.939,120.732,120.745,475202,57445404,False
2020-08-27,120.772,120.772,120.48,120.485,481300,58041887,False
2020-08-28,120.44,120.503,120.372,120.403,685300,82523074,False
2020-08-31,120.419,120.51,120.354,120.488,610500,73533285,False
2020-09-01,120.56,120.905,120.512,120.853,577000,69672044,False
2020-09-02,120.849,120.881,120.7,120.715,514000,62064775,False
2020-09-03,120.666,120.697,120.48,120.692,279600,33706460,False
2020-09-04,120.677,120.678,120.49,120.496,717700,86498435,False
2020-09-07,120.54,120.62,120.211,120.212,610301,73457892,False
2020-09-08,120.202,120.457,120.165,120.428,581400,70004685,False
2020-09-09,120.428,120.659,120.428,120.541,717500,86455641,False
2020-09-10,120.541,120.83,120.508,120.777,625700,75544730,False
2020-09-11,120.813,120.898,120.642,120.706,401100,48429518,False
2020-09-14,120.707,120.707,120.351,120.495,722900,87093750,False
2020-09-15,120.46,120.745,120.455,120.626,858200,103540108,False
2020-09-16,120.656,120.723,120.607,120.675,569900,68773855,False
2020-09-17,120.69,120.791,120.676,120.71,639000,77152591,False
2020-09-18,120.66,121.002,120.626,120.714,621400,75040555,False
2020-09-21,120.73,121.099,120.707,121.058,689300,83403068,False
2020-09-22,121.06,121.261,120.994,121.217,610700,73978728,False
2020-09-23,121.218,121.298,121.102,121.182,400900,48581386,False
2020-09-24,121.225,121.253,121.076,121.081,557200,67497545,False
2020-09-25,121.08,121.122,120.863,120.955,629800,76208282,False
2020-09-28,120.954,120.963,120.711,120.854,607500,73402233,False
2020-09-29,120.805,120.845,120.731,120.746,604100,72967224,False
2020-09-30,120.756,120.977,120.665,120.7,420700,50854403,False
2020-10-09,120.7,120.701,120.501,120.523,333200,40174347,False
2020-10-12,120.523,120.686,120.406,120.6,681100,82099960,False
2020-10-13,120.6,120.699,120.367,120.436,468200,56452469,False
2020-10-14,120.408,120.551,120.392,120.429,463600,55840180,False
2020-10-15,120.42,120.516,120.25,120.291,564900,67970586,False
2020-10-16,120.303,120.573,120.303,120.481,513600,61864296,False
2020-10-19,120.527,120.75,120.434,120.729,436800,52697329,False
2020-10-20,120.699,120.84,120.609,120.771,511200,61687743,False
2020-10-21,120.782,120.98,120.652,120.878,412200,49818163,False
2020-10-22,120.862,121.041,120.862,121.001,357900,43298268,False
2020-10-23,121.001,121.058,120.819,120.823,352700,42642863,False
2020-10-26,120.815,120.903,120.7,120.71,396100,47846991,False
2020-10-27,120.701,121.001,120.7,120.942,590500,71386009,False
2020-10-28,120.991,121.081,120.79,120.875,433600,52439436,False
2020-10-29,120.925,120.968,120.808,120.82,567300,68582809,False
2020-10-30,120.823,120.996,120.821,120.961,624800,75551351,False
2020-11-02,120.961,121.299,120.961,121.177,302000,36565832,False
2020-11-03,121.19,121.302,121.08,121.136,296100,35883700,False
2020-11-04,121.195,121.238,119.588,121.214,592600,71791867,False
2020-11-05,121.183,121.2,121.082,121.083,204100,24724720,False
2020-11-06,121.085,121.085,120.622,120.916,564500,68271170,False
2020-11-09,120.866,120.965,120.606,120.734,663100,80057585,False
2020-11-10,120.614,120.899,120.614,120.768,486200,58729525,False
2020-11-11,120.735,120.9,120.729,120.752,703300,84939017,False
2020-11-12,120.752,120.756,120.435,120.701,621200,74976360,False
2020-11-13,120.651,120.739,120.374,120.442,737300,88836975,False
2020-11-16,120.442,120.671,120.442,120.646,510100,61538336,False
2020-11-17,120.65,120.877,120.521,120.579,673100,81227285,False
2020-11-18,120.601,120.606,120.4,120.412,337900,40707420,False
2020-11-19,120.421,120.421,120.318,120.347,311400,37477138,False
2020-11-20,120.334,120.4,120.181,120.347,625900,75318671,False
2020-11-23,120.361,120.66,120.361,120.657,275000,33145266,False
2020-11-24,120.611,120.722,120.52,120.524,376800,45434124,False
2020-11-25,120.524,120.602,120.445,120.585,204800,24687478,False
2020-11-26,120.603,120.657,120.535,120.551,441600,53255592,False
2020-11-27,120.553,120.612,120.497,120.504,440900,53143170,False
2020-11-30,120.504,120.789,120.454,120.786,774600,93472084,False
2020-12-01,120.78,120.78,120.57,120.599,664700,80184284,False
2020-12-02,120.615,120.641,120.534,120.633,667200,80463325,False
2020-12-03,120.618,120.632,120.505,120.542,515500,62143155,False
2020-12-04,120.536,120.745,120.536,120.735,586100,70714028,False
2020-12-07,120.729,120.871,120.654,120.668,604100,72924425,False
2020-12-08,120.668,120.74,120.668,120.718,538100,64956680,False
2020-12-09,120.724,120.765,120.702,120.764,659600,79637782,False
2020-12-10,120.661,120.775,120.661,120.763,306267,36983484,False
2020-12-11,120.747,120.763,120.578,120.623,592100,71433732,False
2020-12-14,120.623,120.63,120.474,120.515,463700,55892801,False
2020-12-15,120.589,120.785,120.52,120.718,717840,86667067,False
2020-12-16,120.722,120.821,120.708,120.784,598100,72235248,False
2020-12-17,120.851,120.879,120.723,120.736,584600,70595755,False
2020-12-18,120.703,120.75,120.65,120.666,440100,53116080,False
2020-12-21,120.653,120.849,120.602,120.809,605100,73087725,False
2020-12-22,120.796,121.053,120.796,121.028,637516,77102069,False
2020-12-23,121.028,121.134,121.008,121.098,440090,53271183,False
2020-12-24,121.092,121.229,121.07,121.121,602500,72985990,False
2020-12-25,121.121,121.316,121.087,121.251,666700,80809072,False
2020-12-28,121.251,121.4,121.121,121.131,846800,102648387,False
2020-12-29,121.25,121.267,121.083,121.2,575306,69709292,False
2020-12-30,121.202,121.38,121.195,121.266,581400,70507351,False
2020-12-31,121.312,121.373,121.223,121.312,594765,72135713,False
2021-01-04,121.128,121.315,121.098,121.124,580600,70346658,False
2021-01-05,121.124,121.268,121.103,121.242,565000,68484357,False
2021-01-06,121.243,121.55,121.243,121.493,727932,88412918,False
2021-01-07,121.5,121.596,121.48,121.564,554100,67349758,False
2021-01-08,121.565,121.6,121.466,121.509,556100,67576323,False
2021-01-11,121.599,121.599,121.366,121.392,531900,64596807,False
2021-01-12,121.395,121.551,121.375,121.518,630600,76614062,False
2021-01-13,121.522,121.777,121.522,121.757,593900,72272685,False
2021-01-14,121.805,122.1,121.8,122.008,716200,87342868,False
2021-01-15,122.02,122.026,121.813,121.86,516000,62910663,False
2021-01-18,121.881,121.91,121.655,121.692,267600,32577027,False
2021-01-19,121.65,121.7,121.417,121.468,369200,44857249,False
2021-01-20,121.51,121.669,121.469,121.663,696400,84657072,False
2021-01-21,121.63,121.82,121.59,121.81,724800,88244041,False
2021-01-22,121.8,121.865,121.65,121.865,607100,73928836,False
2021-01-25,121.8,121.876,121.718,121.868,629600,76700509,False
2021-01-26,121.705,121.812,121.42,121.452,701400,85263571,False
2021-01-27,121.404,121.547,121.367,121.48,391900,47599253,False
2021-01-28,121.43,121.495,121.316,121.386,670900,81448211,False
2021-01-29,121.386,121.445,120.957,121.41,893900,108452029,False
2021-02-01,121.402,121.609,121.321,121.529,702988,85431099,False
2021-02-02,121.529,121.833,121.477,121.591,797700,97014111,False
2021-02-03,121.595,121.77,121.53,121.666,442200,53774633,False
2021-02-04,121.666,121.772,121.563,121.638,479800,58383515,False
2021-02-05,121.598,121.607,121.435,121.447,624800,75903897,False
2021-02-08,121.405,121.457,121.1,121.307,598192,72521118,False
2021-02-09,121.307,121.318,121.13,121.294,707100,85748638,False
2021-02-10,121.261,121.587,121.195,121.466,430400,52238551,False
2021-02-18,121.471,121.471,121.33,121.349,569300,69108342,False
2021-02-19,121.34,121.399,121.305,121.365,649100,78768868,False
2021-02-22,121.36,121.431,121.252,121.419,558000,67713914,False
2021-02-23,121.37,121.55,121.37,121.549,504600,61292607,False
2021-02-24,121.55,121.779,121.55,121.771,478000,58165636,False
2021-02-25,121.771,121.787,121.677,121.756,629600,76650380,False
2021-02-26,121.66,121.76,121.483,121.508,500800,60879050,False
2021-03-01,121.5,121.525,121.465,121.503,484460,58860413,False
2021-03-02,121.503,121.994,121.448,121.983,598000,72791826,False
2021-03-03,121.898,122.085,121.771,121.904,813550,99177437,False
2021-03-04,121.901,121.919,121.806,121.852,638200,77769007,False
2021-03-05,121.805,121.994,121.715,121.991,958900,116852726,False
2021-03-08,121.948,121.998,121.813,121.99,472300,57587127,False
2021-03-09,121.88,121.988,121.814,121.854,693400,84505799,False
2021-03-10,121.804,121.938,121.725,121.929,696200,84821876,False
2021-03-11,121.96,121.96,121.804,121.844,584600,71236609,False
2021-03-12,121.8,121.945,121.702,121.854,818920,99719086,False
2021-03-15,121.861,121.861,121.75,121.791,608000,74054266,False
2021-03-16,121.78,121.78,121.615,121.627,516400,62850052,False
2021-03-17,121.634,121.74,121.634,121.673,390800,47553688,False
2021-03-18,121.623,121.687,121.6,121.618,714900,86953892,False
2021-03-19,121.605,121.689,121.552,121.594,856100,104123275,False
2021-03-22,121.571,121.657,121.571,121.61,818400,99535396,False
2021-03-23,121.6,121.688,121.598,121.639,450300,54770544,False
2021-03-24,121.667,121.794,121.65,121.79,602200,73315463,False
2021-03-25,121.76,121.918,121.74,121.885,650400,79252688,False
2021-03-26,121.885,121.933,121.706,121.72,720400,87715353,False
2021-03-29,121.72,121.75,121.657,121.71,322400,39233023,False
2021-03-30,121.682,121.933,121.682,121.902,358200,43631733,False
2021-03-31,121.9,121.962,121.795,121.934,836600,102003728,False
2021-04-01,121.935,122.019,121.839,121.9,307000,37416355,False
2021-04-02,121.899,122.166,121.835,122.082,704900,86048958,False
2021-04-06,122.032,122.032,121.901,122.004,536900,65484794,False
2021-04-07,121.991,122.06,121.897,121.987,500800,61098144,False
2021-04-08,121.987,121.994,121.821,121.829,676500,82436680,False
2021-04-09,121.756,121.858,121.756,121.825,615621,75000429,False
2021-04-12,121.825,122.146,121.81,122.049,576300,70322353,False
2021-04-13,122.001,122.35,122.001,122.313,433600,52988207,False
2021-04-14,122.319,122.532,122.223,122.273,478700,58593890,False
2021-04-15,122.32,122.391,122.243,122.279,278200,34021819,False
2021-04-16,122.229,122.39,122.18,122.339,382100,46739307,False
2021-04-19,122.352,122.392,122.208,122.261,672100,82217054,False
2021-04-20,122.265,122.369,122.265,122.322,286400,35032297,False
2021-04-21,122.272,122.556,122.272,122.555,386600,47317396,False
2021-04-22,122.555,122.555,122.317,122.457,481400,58949188,False
2021-04-23,122.48,122.798,122.406,122.746,303700,37241556,False
2021-04-26,122.756,122.756,122.561,122.581,358000,43898918,False
2021-04-27,122.537,122.67,122.452,122.483,476900,58456339,False
2021-04-28,122.426,122.483,122.284,122.398,367000,44894931,False
2021-04-29,122.398,122.568,122.316,122.452,771700,94480488,False
2021-04-30,122.46,122.625,122.403,122.6,636300,77950433,False
2021-05-06,122.6,122.849,122.427,122.633,423100,51895348,False
2021-05-07,122.627,122.699,122.465,122.587,371400,45527714,False
2021-05-10,122.591,122.697,122.582,122.65,545100,66845885,False
2021-05-11,122.66,123.1,122.66,122.892,701700,86166186,False
2021-05-12,122.896,122.937,122.813,122.9,282100,34666258,False
2021-05-13,122.9,122.9,122.663,122.726,629800,77291108,False
2021-05-14,122.702,122.788,122.7,122.739,570200,69998463,False
2021-05-17,122.738,122.952,122.699,122.887,804200,98822106,False
2021-05-18,122.96,122.976,122.731,122.856,447300,54970491,False
2021-05-19,122.856,123.088,122.807,123.059,541500,66568928,False
2021-05-20,123.001,123.28,122.881,123.229,689721,84957907,False
2021-05-21,123.241,123.378,123.113,123.351,640200,78944490,False
2021-05-24,123.301,123.517,123.153,123.377,743800,91753132,False
2021-05-25,123.379,123.379,123.078,123.167,756300,93247015,False
2021-05-26,123.165,123.266,123.05,123.225,620600,76457777,False
2021-05-27,123.226,123.227,123.13,123.134,557600,68675987,False
2021-05-28,123.14,123.178,123.008,123.132,608221,74840093,False
2021-05-31,123.14,123.14,122.78,122.902,1043700,128273561,False
2021-06-01,122.92,123.146,122.902,123.071,767000,94387823,False
2021-06-02,123.06,123.06,122.98,122.985,660900,81301279,False
2021-06-03,122.985,123.019,122.858,122.966,590300,72567749,False
2021-06-04,122.966,123.052,122.936,123.015,782000,96198959,False
2021-06-07,123.0,123.0,122.871,122.876,669500,82286008,False
2021-06-08,122.888,123.018,122.877,122.896,651400,80064903,False
2021-06-09,122.9,122.9,122.85,122.86,676500,83118729,False
2021-06-10,122.86,122.93,122.86,122.888,614100,75473855,False
2021-06-11,122.862,122.917,122.688,122.712,782700,96090318,False
2021-06-15,122.697,122.72,122.612,122.69,933300,114490558,False
2021-06-16,122.689,122.937,122.551,122.937,929800,114168360,False
2021-06-17,122.9,122.968,122.812,122.873,665200,81763059,False
2021-06-18,122.873,122.988,122.818,122.968,564700,69405615,False
2021-06-21,122.959,123.277,122.948,123.227,587900,72355135,False
2021-06-22,123.19,123.19,123.106,123.161,606500,74684904,False
2021-06-23,123.148,123.169,123.076,123.13,564200,69480378,False
2021-06-24,123.168,123.168,123.019,123.047,686400,84458400,False
2021-06-25,123.013,123.118,123.011,123.091,580800,71481557,False
2021-06-28,123.09,123.318,123.041,123.231,653300,80447183,False
2021-06-29,123.198,123.388,123.08,123.378,653100,80499762,False
2021-06-30,123.348,123.699,123.298,123.523,778400,96161907,False
2021-07-01,123.473,123.699,123.43,123.485,1270200,156889482,False
2021-07-02,123.44,123.592,123.437,123.467,801700,99001972,False
2021-07-05,123.42,123.636,123.418,123.482,571900,70634131,False
2021-07-06,123.482,123.546,123.435,123.518,579800,71614561,False
2021-07-07,123.53,123.779,123.443,123.655,906300,111984037,False
2021-07-08,123.66,123.85,123.66,123.837,708000,87645504,False
2021-07-09,123.834,123.889,123.761,123.887,791100,97935176,False
2021-07-12,123.887,123.934,123.724,123.912,237300,29390363,False
2021-07-13,123.991,124.286,123.95,124.212,586900,72830634,False
2021-07-14,124.212,124.318,124.01,124.279,982800,122032685,False
2021-07-15,124.23,124.273,123.99,124.022,889822,110379862,False
2021-07-16,124.02,124.148,123.973,124.1,968200,120099882,False
2021-07-19,124.06,124.15,124.051,124.114,1135500,140944292,False
2021-07-20,124.135,124.394,124.08,124.204,902600,112159690,False
2021-07-21,124.162,124.38,124.162,124.321,828500,103006557,False
2021-07-22,124.272,124.371,124.211,124.341,880922,109528153,False
2021-07-23,124.391,124.397,124.279,124.386,1017300,126521593,False
2021-07-26,124.386,124.805,124.386,124.701,905900,112942520,False
2021-07-27,124.652,124.989,124.42,124.856,1071300,133820130,False
2021-07-28,124.905,124.983,124.41,124.721,1065900,132945988,False
2021-07-29,124.721,124.812,124.61,124.646,1059952,132174089,False
2021-07-30,124.646,124.866,124.596,124.826,877600,109493541,False
2021-08-02,124.8,125.22,124.8,125.17,903400,112930864,False
2021-08-03,125.17,125.25,125.046,125.111,861300,107757098,False
2021-08-04,125.061,125.161,125.01,125.034,628100,78541045,False
2021-08-05,125.001,125.05,124.91,124.984,1047600,130960671,False
2021-08-06,124.984,125.054,123.938,125.019,896100,112004260,False
2021-08-09,125.059,125.059,124.715,124.731,923200,115187299,False
2021-08-10,124.725,124.778,124.6,124.615,854200,106478894,False
2021-08-11,124.615,124.664,124.4,124.493,1244800,154896986,False
2021-08-12,124.444,124.675,124.444,124.6,676400,84263864,False
2021-08-13,124.543,124.93,124.533,124.832,819900,102357105,False
2021-08-16,124.829,124.978,124.782,124.827,804600,100475774,False
2021-08-17,124.823,125.099,124.765,125.025,917800,114645312,False
2021-08-18,125.02,125.185,124.899,125.102,1005000,125674691,False
2021-08-19,125.139,125.239,125.052,125.088,750500,93889240,False
2021-08-20,125.074,125.263,125.056,125.166,1369700,171450933,False
2021-08-23,125.117,125.216,125.058,125.092,851700,106536533,False
2021-08-24,125.053,125.09,124.809,125.04,972000,121411801,False
2021-08-25,124.99,125.235,124.915,125.085,818400,102385719,False
2021-08-26,125.053,125.135,124.628,124.777,715900,89386469,False
2021-08-27,124.925,124.925,124.72,124.815,883700,110267247,False
2021-08-30,124.79,124.936,124.688,124.86,1040400,129905804,False
2021-08-31,124.86,125.04,124.86,125.033,878000,109758305,False
2021-09-01,125.0,125.156,124.99,125.1,996300,124662797,False
2021-09-02,125.065,125.14,125.025,125.093,766500,95890221,False
2021-09-03,125.092,125.135,125.044,125.128,699100,87449661,False
2021-09-06,125.08,125.143,125.007,125.024,760500,95122405,False
2021-09-07,124.99,125.01,124.91,124.928,1387500,173369045,False
2021-09-08,124.929,124.944,124.89,124.893,966200,120703922,False
2021-09-09,124.9,124.933,124.858,124.907,621100,77562818,False
2021-09-10,124.908,124.963,124.875,124.905,750100,93705668,False
2021-09-13,124.889,124.919,124.857,124.859,873300,109059726,False
2021-09-14,124.866,124.879,124.765,124.792,649500,81058481,False
2021-09-15,124.81,124.895,124.77,124.815,787707,98335421,False
2021-09-16,124.69,124.789,124.582,124.65,814969,101588559,False
2021-09-17,124.7,124.769,124.6,124.758,802100,100027667,False
2021-09-22,124.735,124.926,124.735,124.821,598900,74760142,False
2021-09-23,124.871,125.095,124.856,124.986,592200,73996625,False
2021-09-24,124.958,125.062,124.958,124.975,611900,76488458,False
2021-09-27,124.985,125.035,124.96,124.971,665000,83108027,False
2021-09-28,124.961,125.098,124.919,124.989,521800,65250839,False
2021-09-29,124.98,125.338,124.943,125.291,757500,94742499,False
2021-09-30,125.211,125.494,125.211,125.349,570700,71558947,False
2021-10-08,125.348,125.397,125.092,125.148,633200,79252284,False
2021-10-11,125.15,125.188,124.933,124.99,718400,89820679,False
2021-10-12,124.99,125.08,124.8,124.806,563732,70413065,False
2021-10-13,124.81,124.856,124.74,124.76,530600,66206892,False
2021-10-14,124.777,124.835,124.757,124.789,589900,73613610,False
2021-10-15,124.83,124.83,124.606,124.77,852500,106313038,False
2021-10-18,124.772,124.772,124.204,124.392,664364,82626370,False
2021-10-19,124.399,124.43,124.284,124.38,678700,84416279,False
2021-10-20,124.395,124.448,124.345,124.42,502900,62556055,False
2021-10-21,124.43,124.604,124.401,124.598,683800,85114249,False
2021-10-22,124.461,124.6,124.41,124.453,746000,92855030,False
2021-10-25,124.502,124.502,124.404,124.48,602500,74998116,False
2021-10-26,124.53,124.598,124.467,124.573,494600,61618565,False
2021-10-27,124.588,124.639,124.584,124.609,545900,68022029,False
2021-10-28,124.57,124.622,124.55,124.589,647200,80652320,False
2021-10-29,124.64,124.69,124.587,124.686,483000,60194854,False
2021-11-01,124.68,124.78,124.641,124.777,825500,102968337,False
2021-11-02,124.731,124.888,124.727,124.878,607600,75852844,False
2021-11-03,124.862,125.032,124.852,124.976,684900,85603472,False
2021-11-04,124.976,124.985,124.915,124.932,689700,86161613,False
2021-11-05,124.982,125.159,124.982,125.06,618400,77329025,False
2021-11-08,125.06,125.336,125.06,125.173,535800,67080913,False
2021-11-09,125.173,125.179,124.985,125.065,655700,81990783,False
2021-11-10,125.071,125.238,125.071,125.228,426800,53439882,False
2021-11-11,125.239,125.248,125.166,125.193,666300,83426823,False
2021-11-12,125.143,125.185,125.001,125.055,834000,104319462,False
2021-11-15,125.139,125.162,125.034,125.149,514100,64326157,False
2021-11-16,125.149,125.243,125.149,125.197,454400,56898299,False
2021-11-17,125.194,125.265,125.15,125.199,881000,110293399,False
2021-11-18,125.191,125.37,125.191,125.281,824800,103301120,False
2021-11-19,125.288,125.398,125.176,125.208,481300,60336166,False
2021-11-22,125.208,125.288,125.208,125.256,687900,86163449,False
2021-11-23,125.263,125.266,125.231,125.258,636700,79750301,False
2021-11-24,125.265,125.378,125.265,125.349,638700,80066503,False
2021-11-25,125.323,125.49,125.323,125.42,733300,91956964,False
2021-11-26,125.425,125.818,125.424,125.674,403900,50763112,False
2021-11-29,125.67,125.698,125.501,125.511,727000,91275891,False
2021-11-30,125.512,125.561,125.47,125.529,689700,86588203,False
2021-12-01,125.536,125.579,125.459,125.47,689100,86463011,False
2021-12-02,125.5,125.5,125.4,125.404,198400,24888292,False
2021-12-03,125.404,125.437,125.229,125.23,113000,14162818,False
2021-12-06,125.289,125.545,125.289,125.481,392400,49248577,False
2021-12-07,125.486,125.522,125.424,125.424,185500,23280987,False
2021-12-08,125.424,125.473,125.424,125.455,59600,7477002,False
2021-12-09,125.458,125.498,125.389,125.41,156100,19578653,False
2021-12-10,125.415,125.508,125.41,125.489,113200,14203939,False
2021-12-13,125.489,125.521,125.463,125.485,91800,11520290,False
2021-12-14,125.488,125.877,125.488,125.682,611000,76835698,False
2021-12-15,125.683,125.797,125.639,125.693,209000,26266703,False
2021-12-16,125.743,125.743,125.645,125.654,66700,8382227,False
2021-12-17,125.654,125.839,125.654,125.83,134000,16847021,False
2021-12-20,125.822,125.899,125.742,125.806,82000,10317453,False
2021-12-21,125.756,125.774,125.706,125.755,59600,7494418,False
2021-12-22,125.752,125.858,125.709,125.829,176600,22210128,False
2021-12-23,125.836,125.939,125.78,125.859,69400,8734789,False
2021-12-24,125.811,126.013,125.811,125.85,187400,23593294,False
2021-12-27,125.85,126.024,125.85,125.961,152800,19246403,False
2021-12-28,125.93,126.039,125.911,126.021,35900,4522798,False
2021-12-29,125.971,126.13,125.971,126.052,144200,18176904,False
2021-12-30,126.058,126.399,126.058,126.372,484500,61200695,False
2021-12-31,126.37,126.56,126.362,126.479,140000,17707152,False
2022-01-04,126.429,126.435,126.283,126.418,66600,8417527,False
2022-01-05,126.418,126.418,126.259,126.283,118600,14983403,False
2022-01-06,126.283,126.283,126.163,126.214,81900,10337522,False
2022-01-07,126.214,126.263,126.206,126.224,114900,14504427,False
2022-01-10,126.224,126.368,126.22,126.368,169500,21403006,False
2022-01-11,126.368,126.617,126.36,126.54,110100,13925870,False
2022-01-12,126.555,126.588,126.466,126.588,104400,13208453,False
2022-01-13,126.58,126.599,126.454,126.573,58600,7416025,False
2022-01-14,126.573,126.869,126.573,126.869,167300,21200441,False
2022-01-17,126.752,127.014,126.752,126.832,227600,28884913,False
2022-01-18,126.85,127.231,126.836,127.198,232000,29459727,False
2022-01-19,127.239,127.372,127.107,127.138,295600,37633835,False
2022-01-20,127.155,127.164,127.069,127.116,211800,26919787,False
2022-01-21,127.118,127.434,127.118,127.426,198000,25210579,False
2022-01-24,127.466,127.999,127.466,127.875,257200,32871876,False
2022-01-25,127.6,127.998,127.6,127.842,194811,24909050,False
2022-01-26,127.793,127.842,127.187,127.259,788500,100562375,False
2022-01-27,127.269,127.399,127.18,127.206,509300,64798638,False
2022-01-28,127.215,127.469,127.206,127.464,635700,80940363,False
2022-02-07,127.47,127.499,127.285,127.353,638600,81315970,False
2022-02-08,127.36,127.554,127.353,127.504,511600,65237132,False
2022-02-09,127.51,127.739,127.461,127.571,410400,52382799,False
2022-02-10,127.558,127.697,127.521,127.687,458500,58524845,False
2022-02-11,127.637,127.637,127.119,127.146,570600,72651600,False
2022-02-14,127.125,127.18,127.034,127.035,415800,52854589,False
2022-02-15,127.023,127.069,126.924,127.037,426900,54212899,False
2022-02-16,127.033,127.152,126.991,127.134,389800,49541137,False
2022-02-17,127.02,127.238,127.02,127.145,414500,52707908,False
2022-02-18,127.09,127.194,127.025,127.067,618100,78556397,False
2022-02-21,127.023,127.023,126.753,126.785,407000,51653698,False
2022-02-22,126.733,126.806,126.659,126.716,531700,67401535,False
2022-02-23,126.716,126.85,126.706,126.849,449100,56938473,False
2022-02-24,126.825,126.951,126.825,126.893,415400,52712379,False
2022-02-25,126.924,126.989,126.659,126.97,383600,48693896,False
2022-02-28,126.97,127.098,126.921,127.013,369100,46876875,False
2022-03-01,127.013,127.014,126.784,126.794,271200,34416968,False
2022-03-02,126.797,126.797,126.692,126.737,401300,50854002,False
2022-03-03,126.731,126.93,126.69,126.743,407500,51670870,False
2022-03-04,126.695,126.779,126.632,126.683,545600,69129978,False
2022-03-07,126.68,127.088,126.666,126.948,572400,72622672,False
2022-03-08,126.95,127.139,126.946,127.075,486000,61756024,False
2022-03-09,127.084,127.125,126.701,126.8,510100,64677958,False
2022-03-10,126.755,127.07,126.755,126.852,432600,54892836,False
2022-03-11,126.848,127.109,126.758,127.079,525000,66598792,False
2022-03-14,127.082,127.45,127.082,127.44,709600,90405056,False
2022-03-15,127.44,127.489,126.942,126.974,613200,77966057,False
2022-03-16,127.37,127.37,126.791,126.91,526000,66740416,False
2022-03-17,126.903,127.007,126.872,126.934,423300,53732186,False
2022-03-18,126.934,127.16,126.934,127.105,564500,71750641,False
2022-03-21,127.105,127.178,126.979,127.055,413100,52491673,False
2022-03-22,127.006,127.006,126.86,126.91,485600,61636806,False
2022-03-23,126.908,127.217,126.86,126.951,521300,66194962,False
2022-03-24,126.942,127.17,126.89,127.055,479500,60916391,False
2022-03-25,127.094,127.3,127.056,127.16,285600,36334168,False
2022-03-28,127.21,127.35,127.156,127.165,509000,64790784,False
2022-03-29,127.2,127.39,127.102,127.107,470700,59873383,False
2022-03-30,127.107,127.197,127.059,127.077,496900,63164573,False
2022-03-31,127.064,127.188,126.958,126.976,548301,69676964,False
2022-04-01,126.976,127.166,126.976,127.134,360500,45829156,False
2022-04-06,127.169,127.39,127.169,127.25,806222,102610899,False
2022-04-07,127.25,127.489,127.25,127.395,739500,94186293,False
2022-04-08,127.4,127.659,127.395,127.566,549700,70130742,False
2022-04-11,127.566,127.647,127.288,127.31,641900,81823349,False
2022-04-12,127.323,127.555,127.314,127.357,557501,71053222,False
2022-04-13,127.357,127.486,127.262,127.394,644800,82155814,False
2022-04-14,127.444,127.8,127.443,127.595,766700,97900502,False
2022-04-15,127.595,127.668,127.453,127.483,398700,50875287,False
2022-04-18,127.483,127.483,127.31,127.335,297700,37918580,False
2022-04-19,127.35,127.459,127.336,127.384,535300,68188943,False
2022-04-20,127.434,127.434,127.244,127.42,529400,67409206,False
2022-04-21,127.42,127.449,127.305,127.31,670200,85372674,False
2022-04-22,127.31,127.405,127.26,127.278,528200,67279300,False
2022-04-25,127.278,127.401,127.263,127.285,487200,62053524,False
2022-04-26,127.288,127.394,127.285,127.357,747000,95136917,False
2022-04-27,127.347,127.403,127.3,127.316,802600,102212357,False
2022-04-28,127.323,127.399,127.234,127.248,742800,94555826,False
2022-04-29,127.248,127.398,127.228,127.379,1027700,130860314,False
2022-05-05,127.379,127.423,127.329,127.38,751800,95755914,False
2022-05-06,127.38,127.579,127.2,127.285,958500,122062401,False
2022-05-09,127.289,127.4,127.289,127.367,782700,99692229,False
2022-05-10,127.399,127.649,127.368,127.629,788200,100561565,False
2022-05-11,127.679,127.679,127.501,127.532,1014100,129375993,False
2022-05-12,127.501,127.751,127.486,127.6,978600,124933745,False
2022-05-13,127.62,127.835,127.613,127.708,884600,112964752,False
2022-05-16,127.658,127.756,127.651,127.693,933100,119143841,False
2022-05-17,127.676,127.91,127.676,127.842,1040320,132971772,False
2022-05-18,127.87,128.145,127.798,128.04,1057000,135278803,False
2022-05-19,128.089,128.193,127.78,127.936,1015700,129952882,False
2022-05-20,127.9,128.06,127.774,127.867,931200,119067277,False
2022-05-23,127.82,128.02,127.82,127.922,850600,108817769,False
2022-05-24,127.921,128.27,127.881,127.984,1035400,132561823,False
2022-05-25,128.034,128.23,127.975,128.084,882600,113085543,False
2022-05-26,128.134,128.344,128.128,128.316,997100,127935143,False
2022-05-27,128.316,128.364,128.038,128.1,680200,87199020,False
2022-05-30,128.051,128.149,127.926,127.95,1006800,128883670,False
2022-05-31,127.95,127.999,127.766,127.831,845100,108028623,False
2022-06-01,127.805,127.939,127.716,127.795,1228200,156941531,False
2022-06-02,127.84,127.84,127.724,127.774,1128200,144180780,False
2022-06-06,127.774,127.83,127.744,127.815,1043500,133351099,False
2022-06-07,127.85,127.85,127.786,127.809,975500,124680427,False
2022-06-08,127.8,127.839,127.759,127.779,947700,121102489,False
2022-06-09,127.764,127.8,127.764,127.8,1536000,196295088,False
2022-06-10,127.804,127.879,127.71,127.754,979400,125141934,False
2022-06-13,127.714,127.749,127.704,127.748,1867600,238572171,False
2022-06-14,127.742,127.742,127.62,127.687,1422600,181604993,False
2022-06-15,127.69,127.771,127.561,127.63,1815400,231800903,False
2022-06-16,127.671,127.742,127.58,127.625,1446900,184770287,False
2022-06-17,127.635,127.77,127.632,127.73,1036000,132335944,False
2022-06-20,127.73,127.733,127.637,127.714,1886100,240851807,False
2022-06-21,127.708,127.77,127.674,127.697,1980200,252911439,False
2022-06-22,127.73,127.829,127.724,127.792,2047300,261598921,False
2022-06-23,127.794,127.818,127.745,127.792,1785100,228120598,False
2022-06-24,127.796,127.874,127.725,127.799,1878100,240011603,False
2022-06-27,127.779,127.779,127.581,127.607,1593300,203386671,False
2022-06-28,127.59,127.799,127.59,127.622,1869600,238803766,False
2022-06-29,127.669,127.796,127.62,127.721,1828000,233560820,False
2022-06-30,127.676,127.83,127.635,127.725,1887800,241202296,False
2022-07-01,127.725,127.97,127.704,127.907,1910700,244210170,False
2022-07-04,127.907,127.94,127.632,127.686,1813400,231731995,False
2022-07-05,127.686,127.78,127.546,127.568,2012800,257083337,False
2022-07-06,127.565,127.665,127.565,127.605,1815000,231622532,False
2022-07-07,127.606,127.649,127.603,127.613,1699100,216845484,False
2022-07-08,127.647,127.647,127.544,127.556,1576800,201166294,False
2022-07-11,127.59,127.66,127.518,127.601,2118500,270284134,False
2022-07-12,127.652,127.7,127.62,127.677,1800400,229815325,False
2022-07-13,127.725,127.856,127.67,127.753,1452900,185634178,False
2022-07-14,127.803,127.858,127.753,127.852,1704200,217789366,False
2022-07-15,127.861,128.055,127.861,128.028,2510100,321133971,False
2022-07-18,128.017,128.04,127.82,127.939,2428800,310824229,False
2022-07-19,127.905,127.97,127.814,127.891,2226700,284749775,False
2022-07-20,127.845,127.95,127.841,127.942,2531600,323792539,False
2022-07-21,127.941,128.08,127.941,128.015,2372100,303680471,False
2022-07-22,128.015,128.136,127.972,128.108,2049000,262342348,False
2022-07-25,128.017,128.142,128.001,128.129,2485200,318322010,False
2022-07-26,128.176,128.36,128.105,128.257,2425000,311096121,False
2022-07-27,128.257,128.399,128.239,128.266,2254300,289231234,False
2022-07-28,128.271,128.375,128.217,128.24,2349500,301454805,False
2022-07-29,128.228,128.81,128.228,128.499,2631320,338127151,False
2022-08-01,128.499,128.698,128.471,128.694,1906500,245338058,False
2022-08-02,128.694,128.889,128.65,128.877,2724200,350940338,False
2022-08-03,128.868,128.892,128.726,128.833,2868300,369551151,False
2022-08-04,128.833,129.115,128.833,128.985,2836250,365881447,False
2022-08-05,128.985,128.985,128.79,128.795,2503400,322667817,False
2022-08-08,128.81,128.868,128.77,128.82,1516400,195352977,False
2022-08-09,128.82,128.898,128.709,128.734,2251100,289938507,False
2022-08-10,128.744,128.938,128.734,128.787,3500800,451131785,False
2022-08-11,128.794,128.85,128.717,128.752,2006800,258461990,False
2022-08-12,128.744,128.842,128.733,128.755,2198400,283092397,False
2022-08-15,128.805,132.0,128.805,129.205,2673900,345130789,False
2022-08-16,129.249,129.477,129.249,129.384,1951600,252477716,False
2022-08-17,129.383,129.433,129.334,129.414,3068800,397094081,False
2022-08-18,129.41,129.58,129.372,129.5,2163100,280134507,False
2022-08-19,129.5,129.621,129.461,129.589,2860300,370575260,False
2022-08-22,129.571,129.765,129.469,129.595,2017191,261430027,False
2022-08-23,129.573,129.684,129.505,129.505,1869500,242251758,False
2022-08-24,129.506,129.577,129.467,129.475,1978900,256321957,False
2022-08-25,129.522,129.539,129.39,129.391,2656000,343823453,False
2022-08-26,129.391,129.391,129.3,129.332,2540500,328591304,False
2022-08-29,129.335,129.457,129.23,129.34,1761300,227819089,False
2022-08-30,129.348,129.54,129.342,129.456,2011700,260431144,False
2022-08-31,129.464,129.525,129.422,129.508,3007500,389400205,False
2022-09-01,129.499,129.545,129.458,129.521,3201500,414621440,False
2022-09-02,129.53,129.767,129.512,129.675,3142200,407347513,False
2022-09-05,129.571,129.88,129.571,129.729,3159691,409932280,False
2022-09-06,129.749,129.865,129.657,129.685,2794000,362441164,False
2022-09-07,129.685,129.811,129.514,129.691,3255300,422095671,False
2022-09-08,129.679,129.705,129.561,129.643,3110900,403367671,False
2022-09-09,129.622,129.735,129.511,129.532,2355500,305402882,False
2022-09-13,129.495,129.53,129.401,129.426,1244000,161017030,False
2022-09-14,129.43,129.475,129.299,129.313,3342200,432306776,False
2022-09-15,129.314,129.4,129.266,129.308,3189300,412519653,False
2022-09-16,129.288,129.307,129.1,129.193,2410500,311472907,False
2022-09-19,129.151,129.3,129.146,129.208,1394700,180234189,False
2022-09-20,129.208,129.387,129.199,129.352,3071700,397237881,False
2022-09-21,129.371,129.458,129.324,129.378,2740700,354567271,False
2022-09-22,129.417,129.428,129.359,129.375,3074600,397833800,False
2022-09-23,129.33,129.371,129.22,129.248,3178800,410970064,False
2022-09-26,129.324,129.324,128.9,128.946,3161400,408109313,False
2022-09-27,128.898,129.0,128.713,128.948,2305500,297281391,False
2022-09-28,128.948,128.989,128.901,128.905,3071900,396095392,False
2022-09-29,128.856,128.941,128.653,128.684,3135400,403952804,False
2022-09-30,128.685,128.78,128.634,128.78,3180600,409421344,False
2022-10-10,128.77,129.03,128.77,128.99,2306100,297401160,False
2022-10-11,129.04,129.192,128.94,129.159,2229800,287805577,False
2022-10-12,129.159,129.202,128.855,129.071,3206700,414094353,False
2022-10-13,129.085,129.16,129.038,129.158,2659200,343281481,False
2022-10-14,129.158,129.897,129.119,129.45,3474200,449151388,False
2022-10-17,129.449,129.449,129.25,129.265,3183500,411776094,False
2022-10-18,129.267,129.305,129.128,129.246,3518982,454784003,False
2022-10-19,129.256,129.359,129.216,129.339,3113800,402525631,False
2022-10-20,129.34,129.36,129.216,129.249,3103400,401264886,False
2022-10-21,129.294,129.365,129.223,129.264,3638400,470364357,False
2022-10-24,129.264,129.443,129.24,129.375,2722300,352157389,False
2022-10-25,129.379,129.379,129.206,129.297,2662200,344191209,False
2022-10-26,129.297,129.377,129.247,129.303,3350800,433282865,False
2022-10-27,129.349,129.47,129.304,129.394,2298100,297344793,False
2022-10-28,129.4,129.625,129.4,129.575,2436100,315635739,False
2022-10-31,129.537,129.703,129.537,129.668,2715000,352056010,False
2022-11-01,129.718,129.718,129.5,129.537,1677400,217322545,False
2022-11-02,129.526,129.571,129.132,129.42,2718494,351721849,False
2022-11-03,129.42,129.576,129.39,129.537,2291100,296616196,False
2022-11-04,129.313,129.575,129.313,129.413,3168100,410255695,False
2022-11-07,129.463,129.464,129.408,129.412,4383000,567269168,False
2022-11-08,129.41,129.443,129.374,129.441,3408600,441124132,False
2022-11-09,129.413,129.545,129.413,129.51,656900,85067735,False
2022-11-10,129.515,129.559,129.4,129.419,3189400,413058881,False
2022-11-11,129.401,129.468,129.042,129.167,2434400,314964749,False
2022-11-14,129.167,129.167,128.752,128.821,1515200,195244758,False
2022-11-15,128.771,128.771,128.509,128.68,3221500,414489033,False
2022-11-16,128.678,128.8,128.47,128.481,1973400,254017749,False
2022-11-17,128.481,128.645,128.43,128.64,3453400,443857348,False
2022-11-18,128.63,128.789,128.505,128.57,5475300,704511154,False
2022-11-21,128.587,128.86,128.587,128.809,2717700,350061850,False
2022-11-22,128.8,129.105,128.669,128.863,4412300,568582676,False
2022-11-23,128.855,129.183,128.855,129.083,4048400,522278259,False
2022-11-24,129.133,129.333,129.133,129.243,6431500,831153173,False
2022-11-25,129.244,129.292,129.0,129.0,4629400,597824748,False
2022-11-28,129.19,129.19,128.746,128.763,4470400,575825260,False
2022-11-29,128.75,128.762,128.312,128.414,1627700,209180088,False
2022-11-30,128.42,128.55,128.42,128.508,1733200,222718371,False
2022-12-01,128.458,128.619,128.313,128.582,5437800,698693014,False
2022-12-02,128.631,128.675,128.586,128.621,5096600,655615373,False
2022-12-05,128.582,128.643,128.532,128.564,6764700,869890296,False
2022-12-06,128.515,128.562,128.406,128.431,9507700,1221634398,False
2022-12-07,128.462,128.469,128.347,128.355,3026300,388517532,False
2022-12-08,128.363,128.618,128.363,128.541,5438400,698700720,False
2022-12-09,128.515,128.61,128.401,128.431,4686600,602365771,False
2022-12-12,128.456,128.48,128.417,128.452,7899200,1014609625,False
2022-12-13,128.464,128.465,128.12,128.155,7126100,914898300,False
2022-12-14,128.155,128.47,128.155,128.42,2251800,289146454,False
2022-12-15,128.456,128.58,128.41,128.501,2546300,327312216,False
2022-12-16,128.453,128.549,128.4,128.469,2471400,317606149,False
2022-12-19,128.519,128.7,128.519,128.657,3042800,391532056,False
2022-12-20,128.67,128.769,128.661,128.669,4323100,556390347,False
2022-12-21,128.669,128.669,128.499,128.599,2445000,314422271,False
2022-12-22,128.599,128.661,128.599,128.64,2738000,352203741,False
2022-12-23,128.649,128.689,128.633,128.678,5392200,693636787,False
2022-12-26,128.68,128.728,128.584,128.627,2820800,362789592,False
2022-12-27,128.626,128.795,128.61,128.641,3001000,386479789,False
2022-12-28,128.69,128.834,128.65,128.826,2389500,307715795,False
2022-12-29,128.826,128.954,128.8,128.897,4104900,528951266,False
2022-12-30,128.947,129.292,128.9,129.104,217900,28133131,False
2023-01-03,129.154,129.215,129.056,129.067,6477600,836731628,False
2023-01-04,129.054,129.39,129.031,129.288,2946500,380604147,False
2023-01-05,129.288,129.333,129.196,129.221,3576100,462246443,False
2023-01-06,129.271,129.271,128.951,128.957,3153300,406829194,False
2023-01-09,128.956,129.019,128.944,128.96,2768800,357056494,False
2023-01-10,128.957,128.973,128.855,128.885,3405946,439056191,False
2023-01-11,128.885,128.885,128.718,128.75,3483195,448467430,False
2023-01-12,128.738,128.821,128.738,128.785,4317000,556077360,False
2023-01-13,128.82,128.834,128.735,128.813,5575100,718060483,False
2023-01-16,128.786,128.787,128.68,128.71,1672000,215203731,False
2023-01-17,128.71,128.732,128.691,128.719,3460046,445342878,False
2023-01-18,128.731,128.81,128.67,128.7,4395500,565976119,False
2023-01-19,128.7,128.73,128.67,128.729,4935500,635202640,False
2023-01-20,128.778,128.857,128.731,128.854,436100,56155476,False
2023-01-30,128.854,128.894,128.791,128.854,4487700,578274147,False
2023-01-31,128.854,128.906,128.73,128.838,3736800,481491718,False
2023-02-01,128.841,128.924,128.831,128.887,3384800,436211692,False
2023-02-02,128.887,128.987,128.868,128.972,2349600,302898711,False
2023-02-03,128.972,129.04,128.972,129.018,3439400,443810960,False
2023-02-06,129.019,129.067,128.901,128.956,2182000,281434132,False
2023-02-07,128.968,128.983,128.927,128.975,4972900,641336162,False
2023-02-08,128.999,129.06,128.975,129.018,7759900,1001281564,False
2023-02-09,129.02,129.05,128.987,129.028,5870400,757320802,False
2023-02-10,129.029,129.084,129.029,129.079,4456900,575246171,False
2023-02-13,129.099,129.128,129.079,129.089,3465900,447465052,False
2023-02-14,129.081,129.117,129.046,129.093,8731100,1127146905,False
2023-02-15,129.097,129.142,129.053,129.099,5253000,678053550,False
2023-02-16,129.1,129.14,129.049,129.087,1526300,197081412,False
2023-02-17,129.1,129.134,129.056,129.102,3485800,450045924,False
2023-02-20,129.144,129.152,129.0,129.008,3078502,397390564,False
2023-02-21,129.008,129.008,128.958,128.967,4760200,614015767,False
2023-02-22,128.976,129.049,128.976,128.992,1363600,175907187,False
2023-02-23,128.991,129.03,128.98,128.99,3693700,476460250,False
2023-02-24,129.038,129.038,128.99,128.993,2367800,305451613,False
2023-02-27,128.993,129.032,128.921,128.972,2469000,318482262,False
2023-02-28,129.021,129.021,128.923,128.954,3709300,478467792,False
2023-03-01,128.956,128.991,128.956,128.963,6255220,806801213,False
2023-03-02,128.977,129.011,128.96,128.991,554410,71505720,False
2023-03-03,128.99,129.001,128.953,128.974,1894310,244311120,False
2023-03-06,128.961,129.068,128.961,129.063,2321810,299591651,False
2023-03-07,129.063,129.169,129.056,129.163,584200,75427720,False
2023-03-08,129.166,129.263,129.118,129.232,1811600,234135700,False
2023-03-09,129.235,129.269,129.235,129.251,1706600,220584742,False
2023-03-10,129.261,129.342,129.23,129.3,3000500,387949673,False
2023-03-13,129.258,129.346,129.258,129.295,1802800,233153691,False
2023-03-14,129.295,129.357,129.272,129.338,3310800,428180717,False
2023-03-15,129.306,129.338,129.296,129.307,2134900,276046248,False
2023-03-16,129.312,129.375,129.312,129.366,2168900,280565651,False
2023-03-17,129.342,129.467,129.317,129.436,2375900,307508621,False
2023-03-20,129.486,129.564,129.4,129.521,2970600,384822322,False
2023-03-21,129.571,129.571,129.4,129.459,2505400,324455752,False
2023-03-22,129.428,129.5,129.353,129.453,3217000,416345391,False
2023-03-23,129.412,129.494,129.407,129.427,3041700,393736141,False
2023-03-24,129.407,129.469,129.35,129.373,3825100,495143000,False
2023-03-27,129.373,129.415,129.284,129.383,1045500,135275008,False
2023-03-28,129.385,129.429,129.385,129.407,1952000,252609750,False
2023-03-29,129.449,129.457,129.368,129.435,4449300,575964626,False
2023-03-30,129.4,129.51,129.4,129.47,1813400,234813430,False
2023-03-31,129.52,129.55,129.47,129.48,3383800,438278396,False
2023-04-03,129.481,129.53,129.451,129.47,6632500,858684593,False
2023-04-04,129.45,129.514,129.421,129.514,4025800,521251685,False
2023-04-06,129.51,129.56,129.499,129.554,3849700,498720583,False
2023-04-07,129.538,129.59,129.526,129.587,3744100,485104728,False
2023-04-10,129.587,129.78,129.574,129.697,2576000,333953672,False
2023-04-11,129.697,129.875,129.648,129.742,3875294,502848404,False
2023-04-12,129.741,129.792,129.741,129.775,1685000,218679971,False
2023-04-13,129.775,129.825,129.725,129.746,3085000,400369521,False
2023-04-14,129.766,129.766,129.697,129.711,2027600,263055562,False
2023-04-17,129.71,129.745,129.664,129.683,2935600,380724162,False
2023-04-18,129.674,129.743,129.669,129.736,4582800,594485236,False
2023-04-19,129.735,129.906,129.735,129.812,1769900,229741690,False
2023-04-20,129.801,129.823,129.722,129.792,2878100,373608235,False
2023-04-21,129.792,129.857,129.792,129.851,2472600,321034926,False
2023-04-24,129.849,129.975,129.838,129.884,3506265,455448043,False
2023-04-25,129.886,129.934,129.862,129.894,3147700,408847633,False
2023-04-26,129.894,129.929,129.864,129.895,2806700,364590936,False
2023-04-27,129.91,130.09,129.91,130.078,2078900,270325325,False
2023-04-28,130.092,130.17,130.033,130.135,2463934,320591751,False
2023-05-04,130.185,130.285,130.136,130.247,1946100,253466721,False
2023-05-05,130.247,130.512,130.198,130.479,2422600,315989504,False
2023-05-08,130.475,130.51,130.373,130.415,738200,96275702,False
2023-05-09,130.463,130.57,130.401,130.463,2051600,267672810,False
2023-05-10,130.467,130.64,130.467,130.633,2576600,336510386,False
2023-05-11,130.75,130.898,130.685,130.811,3349100,437941268,False
2023-05-12,130.809,130.88,130.703,130.74,1365500,178576886,False
2023-05-15,130.749,130.932,130.749,130.81,1531800,200415198,False
2023-05-16,130.808,130.81,130.72,130.74,2321600,303530877,False
2023-05-17,130.747,130.786,130.692,130.728,3468500,453442925,False
2023-05-18,130.728,130.728,130.527,130.688,2949100,385304464,False
2023-05-19,130.673,130.78,130.648,130.774,1374612,179691762,False
2023-05-22,130.776,130.941,130.775,130.935,4084700,534641899,False
2023-05-23,130.97,131.301,130.936,131.26,2430800,318730703,False
2023-05-24,131.3,131.301,131.082,131.183,3402100,446224481,False
2023-05-25,131.186,131.186,130.979,131.02,3265900,427920134,False
2023-05-26,131.06,131.149,131.0,131.014,4751200,622821176,False
2023-05-29,130.968,131.086,130.8,131.044,2361000,309136094,False
2023-05-30,131.06,131.19,131.06,131.15,3346200,438790462,False
2023-05-31,131.15,131.301,131.15,131.218,3761800,493565554,False
2023-06-01,131.172,131.348,131.172,131.326,2847700,373875153,False
2023-06-02,131.341,131.355,131.076,131.148,3298500,433163511,False
2023-06-05,131.1,131.299,131.1,131.279,826500,108493412,False
2023-06-06,131.279,131.347,131.279,131.328,2318600,304476578,False
2023-06-07,131.376,131.457,131.334,131.453,3248100,426881688,False
2023-06-08,131.453,131.46,131.35,131.393,2828200,371697104,False
2023-06-09,131.352,131.518,131.352,131.47,1394200,183219806,False
2023-06-12,131.497,131.559,131.452,131.544,3384400,445018420,False
2023-06-13,131.545,131.729,131.545,131.69,3143010,413960267,False
2023-06-14,131.693,131.819,131.693,131.785,3468600,457082368,False
2023-06-15,131.78,131.784,126.78,131.437,2395900,315448792,False
2023-06-16,131.338,131.505,131.051,131.158,2609390,342938153,False
2023-06-19,131.182,131.297,131.159,131.196,1448900,190087260,False
2023-06-20,131.146,131.245,131.146,131.222,2312100,303408221,False
2023-06-21,131.23,131.363,131.23,131.36,806900,105985474,False
2023-06-26,131.367,131.442,131.367,131.439,1768765,232480019,False
2023-06-27,131.439,131.45,131.269,131.363,1848865,242885290,False
2023-06-28,131.361,131.405,131.361,131.385,1887400,247996931,False
2023-06-29,131.388,131.427,131.351,131.351,2474200,325114694,False
2023-06-30,131.4,131.532,131.392,131.529,1766470,232139968,False
2023-07-03,131.579,131.645,131.501,131.589,3378000,444419539,False
2023-07-04,131.589,131.706,131.54,131.567,193800,25514973,False
2023-07-05,131.571,131.758,131.571,131.756,244700,32224900,False
2023-07-06,131.765,131.847,131.706,131.799,724800,95530754,False
2023-07-07,131.767,131.848,131.767,131.812,1235100,162804073,False
2023-07-10,131.811,131.84,131.711,131.804,3883555,511772671,False
2023-07-11,131.799,131.853,131.799,131.82,1570400,207039614,False
2023-07-12,131.824,131.838,131.771,131.817,2791500,367976034,False
2023-07-13,131.808,131.827,131.767,131.799,2204076,290526284,False
2023-07-14,131.801,131.801,131.711,131.758,3827200,504254287,False
2023-07-17,131.758,131.869,131.758,131.85,1956400,257905657,False
2023-07-18,131.854,131.958,131.854,131.932,1865700,246126131,False
2023-07-19,131.942,132.058,131.932,131.966,2697700,356021905,False
2023-07-20,131.966,131.966,131.918,131.963,1866900,246320038,False
2023-07-21,132.012,132.098,131.963,132.096,2042600,269689961,False
2023-07-24,132.069,132.186,132.049,132.132,1977800,261327026,False
2023-07-25,131.982,131.982,131.8,131.801,3277400,432118881,False
2023-07-26,131.8,131.828,131.6,131.825,4993501,658099492,False
2023-07-27,131.838,131.946,131.835,131.937,2989600,394288126,False
2023-07-28,131.92,131.998,131.78,131.846,4053000,534588534,False
2023-07-31,131.836,131.836,131.501,131.727,3813900,502367084,False
2023-08-01,131.73,131.88,131.73,131.821,3841200,506379659,False
2023-08-02,131.822,131.871,131.817,131.826,3502180,461744090,False
2023-08-03,131.83,131.899,131.83,131.883,2802340,369558033,False
2023-08-04,131.883,132.033,131.834,131.927,863722,113936478,False
2023-08-07,131.977,131.996,131.959,131.983,3110900,410608196,False
2023-08-08,131.986,132.019,131.976,132.01,2332500,307883107,False
2023-08-09,132.06,132.06,131.96,132.035,2594120,342502890,False
2023-08-10,132.026,132.05,131.963,131.984,2850700,376273673,False
2023-08-11,131.984,132.041,131.984,132.022,3287000,433937190,False
2023-08-14,132.037,132.121,132.037,132.088,3221000,425453103,False
2023-08-15,132.088,132.479,132.088,132.361,1831720,242331532,False
2023-08-16,132.38,132.5,132.38,132.432,4017000,532053169,False
2023-08-17,132.452,132.478,132.311,132.39,5007200,662992562,False
2023-08-18,132.39,132.482,132.345,132.457,3312980,438689398,False
2023-08-21,132.473,132.594,132.473,132.578,3299000,437185078,False
2023-08-22,132.578,132.615,132.3,132.504,3573500,473578700,False
2023-08-23,132.506,132.547,132.468,132.491,3223200,427080198,False
2023-08-24,132.461,132.521,132.434,132.46,3492300,462600724,False
2023-08-25,132.467,132.51,132.385,132.397,2639600,349582933,False
2023-08-28,132.175,132.272,130.855,132.232,3615100,477962129,False
2023-08-29,132.251,132.38,132.029,132.07,2717100,358904360,False
2023-08-30,132.021,132.393,132.01,132.323,3712300,491143561,False
2023-08-31,132.325,132.385,132.315,132.349,2951100,390606086,False
2023-09-01,132.305,132.31,132.199,132.208,2913700,385365357,False
2023-09-04,132.13,132.13,131.791,131.888,2661388,351146844,False
2023-09-05,131.965,131.997,131.911,131.983,3414800,450689636,False
2023-09-06,131.989,132.044,131.853,131.883,4507600,594859280,False
2023-09-07,131.881,131.881,131.705,131.722,2748000,362147293,False
2023-09-08,131.775,131.849,131.762,131.827,2966400,391031766,False
2023-09-11,131.827,131.884,131.772,131.827,2800200,369167353,False
2023-09-12,131.827,131.918,131.819,131.85,1714000,226038468,False
2023-09-13,131.888,132.035,131.87,131.984,3535400,466676446,False
2023-09-14,131.95,132.077,131.95,132.051,3850819,508389498,False
2023-09-15,132.05,132.07,131.966,131.985,2557100,337515666,False
2023-09-18,131.935,131.935,131.8,131.843,2955500,389654351,False
2023-09-19,131.872,131.872,131.813,131.828,2587900,341219746,False
2023-09-20,131.828,131.839,131.765,131.776,2278300,300281036,False
2023-09-21,131.776,131.895,131.727,131.873,2674900,352695114,False
2023-09-22,131.873,131.9,131.768,131.778,2626082,346221592,False
2023-09-25,131.777,131.9,131.749,131.751,3123200,411669555,False
2023-09-26,131.704,131.763,131.567,131.602,3388600,446313628,False
2023-09-27,131.603,131.649,131.301,131.304,374490,49205761,False
2023-09-28,131.652,131.96,131.59,131.882,2735590,360752444,False
2023-10-09,131.883,132.049,131.864,131.993,2368800,312652565,False
2023-10-10,131.956,132.009,131.893,131.899,2787700,367859102,False
2023-10-11,131.86,131.882,131.61,131.659,2331200,307138057,False
2023-10-12,131.609,131.68,131.46,131.64,3494400,459807435,False
2023-10-13,131.644,131.777,131.644,131.749,2568700,338376288,False
2023-10-16,131.799,131.9,131.741,131.763,4749000,625810972,False
2023-10-17,131.733,131.737,131.666,131.698,4016000,528878663,False
2023-10-18,131.698,131.723,131.657,131.673,2884800,379928341,False
2023-10-19,131.627,131.653,130.226,131.438,4231000,556641030,False
2023-10-20,131.438,131.579,131.438,131.54,2930400,385371929,False
2023-10-23,131.6,131.675,131.598,131.662,3568300,469834574,False
2023-10-24,131.632,131.647,131.544,131.6,2750000,361975223,False
2023-10-25,131.601,131.779,131.532,131.754,1984700,261317852,False
2023-10-26,131.756,131.921,131.756,131.91,2883600,380318363,False
2023-10-27,131.91,131.975,131.833,131.85,2731300,360238494,False
2023-10-30,131.847,132.069,131.847,132.026,2688746,354822534,False
2023-10-31,132.001,132.123,132.001,132.066,2727800,360303314,False
2023-11-01,132.15,132.15,132.051,132.093,2752800,363597904,False
2023-11-02,132.096,132.203,132.083,132.191,2754800,364126128,False
2023-11-03,132.181,132.292,132.105,132.182,2949600,389886213,False
2023-11-06,132.18,132.18,132.091,132.145,2997400,396096233,False
2023-11-07,132.145,132.21,132.145,132.18,2970490,392697354,False
2023-11-08,132.195,132.195,132.103,132.193,2857200,377615800,False
2023-11-09,132.238,132.265,132.171,132.2,3908500,516764697,False
2023-11-10,132.201,132.238,132.163,132.205,2851700,376994077,False
2023-11-13,132.204,132.434,132.168,132.363,4650450,615227094,False
2023-11-14,132.361,132.361,132.256,132.352,2966450,392512751,False
2023-11-15,132.352,132.367,132.306,132.349,3188500,421971382,False
2023-11-16,132.33,132.445,132.33,132.425,2790200,369450386,False
2023-11-17,132.426,132.47,132.372,132.437,2826600,374291714,False
2023-11-20,132.466,132.466,132.355,132.367,3350700,443597853,False
2023-11-21,132.335,132.35,132.264,132.306,2732100,361522071,False
2023-11-22,132.306,132.306,132.131,132.155,2807000,371105577,False
2023-11-23,132.17,132.17,131.93,131.99,2781100,367208779,False
2023-11-24,132.038,132.179,132.01,132.086,2688280,355049262,False
2023-11-27,132.04,132.14,132.005,132.067,3052500,403162654,False
2023-11-28,132.07,132.226,132.0,132.055,3653540,482504162,False
2023-11-29,132.056,132.075,132.001,132.007,4399300,580900954,False
2023-11-30,132.02,132.142,132.01,132.101,3181970,420419477,False
2023-12-01,132.151,132.3,132.145,132.2,4614800,610146584,False
2023-12-04,132.2,132.259,132.094,132.105,4499300,594621236,False
2023-12-05,132.107,132.124,132.067,132.091,2214510,292521389,False
2023-12-06,132.091,132.124,132.043,132.073,3437000,454050433,False
2023-12-07,132.073,132.152,132.055,132.144,3428600,453052722,False
2023-12-08,132.239,132.268,132.188,132.21,3270700,432516448,False
2023-12-11,132.265,132.431,132.265,132.395,3045100,403067643,False
2023-12-12,132.395,132.433,132.354,132.383,3383500,447930163,False
2023-12-13,132.401,132.614,132.401,132.565,2226000,294983516,False
2023-12-14,132.571,132.571,132.42,132.441,1869700,247695562,False
2023-12-15,132.469,132.573,132.452,132.558,3380500,448072693,False
2023-12-18,132.574,132.7,132.574,132.665,3285200,435803161,False
2023-12-19,132.672,132.682,132.63,132.652,3419900,453695956,False
2023-12-20,132.654,132.699,132.553,132.561,3334300,442207626,False
2023-12-21,132.563,132.639,132.521,132.61,2968200,393473151,False
2023-12-22,132.701,132.817,132.663,132.787,1453500,192990701,False
2023-12-25,132.837,132.929,132.786,132.895,1095100,145467781,False
2023-12-26,132.9,133.115,132.867,132.997,1928600,256504978,False
2023-12-27,133.059,133.159,133.059,133.126,3181240,423501805,False
2023-12-28,133.179,133.4,133.107,133.245,787520,104887087,False
2023-12-29,133.262,133.387,133.262,133.363,2628740,350506070,False
2024-01-02,133.364,133.364,133.03,133.252,3166400,422059052,False
2024-01-03,133.215,133.247,133.155,133.217,4173900,555849698,False
2024-01-04,133.205,133.394,133.171,133.32,400500,53394226,False
2024-01-05,133.318,133.592,133.283,133.457,330700,44113446,False
2024-01-08,133.444,133.699,133.36,133.423,3061400,408421848,False
2024-01-09,133.422,133.486,133.41,133.444,2925600,390354639,False
2024-01-10,133.469,133.487,133.396,133.427,2224950,296839811,False
2024-01-11,133.428,133.476,133.369,133.46,2733850,364757465,False
2024-01-12,133.499,133.499,133.254,133.417,2687300,358434741,False
2024-01-15,133.417,133.456,133.367,133.373,6196400,826566021,False
2024-01-16,133.331,133.359,133.28,133.282,4633100,617761839,False
2024-01-17,133.264,133.379,133.264,133.379,4292500,572341542,False
2024-01-18,133.415,133.557,133.334,133.35,4270100,569876312,False
2024-01-19,133.44,133.575,133.44,133.575,5047700,673929522,False
2024-01-22,133.577,133.7,133.548,133.637,3062400,409094798,False
2024-01-23,133.637,133.637,133.502,133.559,3137600,418987630,False
2024-01-24,133.511,133.598,133.496,133.512,1421400,189815057,False
2024-01-25,133.564,133.721,133.564,133.682,1687500,225569346,False
2024-01-26,133.75,133.847,133.747,133.775,4099500,548326574,False
2024-01-29,133.775,133.825,133.754,133.821,3087300,413130976,False
2024-01-30,134.016,134.308,133.918,134.167,3649300,489255910,False
2024-01-31,134.27,134.39,134.118,134.2,2520500,338210701,False
2024-02-01,134.12,134.177,133.944,134.078,3404300,456351073,False
2024-02-02,134.063,134.09,134.031,134.066,4073800,546118929,False
2024-02-05,134.322,134.39,134.169,134.224,3441300,461796508,False
2024-02-06,134.145,134.17,133.97,134.023,4267700,572060128,False
2024-02-07,133.969,134.23,133.745,133.961,1531200,205142624,False
2024-02-08,134.195,134.2,134.002,134.2,2564500,343927269,False
2024-02-19,134.119,134.178,134.026,134.16,3890800,521972404,False
2024-02-20,134.148,134.22,134.13,134.202,3598300,482744989,False
2024-02-21,134.252,134.427,134.16,134.285,2946900,395684697,False
2024-02-22,134.285,134.357,134.231,134.343,2698000,362284554,False
2024-02-23,134.48,134.578,134.387,134.509,3679000,494736824,False
2024-02-26,134.499,134.566,134.41,134.521,2591500,348596463,False
2024-02-27,134.551,134.612,134.528,134.559,2853883,384026914,False
2024-02-28,134.525,134.597,134.498,134.57,2525500,339736624,False
2024-02-29,134.581,134.639,134.58,134.621,5421900,729932059,False
2024-03-01,134.6,134.624,134.53,134.54,5222300,702672881,False
2024-03-04,134.507,134.566,134.425,134.545,4392700,591032483,False
2024-03-05,134.527,134.578,134.501,134.55,4192500,564130439,False
2024-03-06,134.64,134.734,134.58,134.73,3717200,500761277,False
2024-03-07,134.955,134.955,134.742,134.846,3763000,507391105,False
2024-03-08,134.844,134.873,134.72,134.793,4372400,589453577,False
2024-03-11,134.696,134.792,134.671,134.708,4228600,569558883,False
2024-03-12,134.608,134.66,134.508,134.581,4178000,562296870,False
2024-03-13,134.469,134.555,134.374,134.544,3938400,529420557,False
2024-03-14,134.513,134.513,134.413,134.471,3467300,466290866,False
2024-03-15,134.499,134.603,134.492,134.554,4188700,563565878,False
2024-03-18,134.544,134.68,134.534,134.677,4150900,558782778,False
2024-03-19,134.68,134.792,134.68,134.783,3437800,463246829,False
2024-03-20,134.777,134.794,134.734,134.759,6740700,908402705,False
2024-03-21,134.709,134.791,134.624,134.783,3589600,483576756,False
2024-03-22,134.84,134.9,134.783,134.816,3849300,518969632,False
2024-03-25,134.68,134.776,134.658,134.752,4111800,553835634,False
2024-03-26,134.705,134.744,134.698,134.737,3151600,424598115,False
2024-03-27,134.732,134.812,134.721,134.791,4030400,543158055,False
2024-03-28,134.848,134.848,134.756,134.775,282700,38109293,False
2024-03-29,134.807,134.933,134.779,134.923,4063200,548002566,False
2024-04-01,134.925,134.926,134.816,134.878,3037300,409613209,False
2024-04-02,134.878,134.93,134.878,134.926,3773800,509095249,False
2024-04-03,134.976,135.07,134.968,135.063,3431799,463414435,False
2024-04-08,135.063,135.258,135.052,135.23,3154429,426404639,False
2024-04-09,135.23,135.373,135.182,135.355,4140900,560376532,False
2024-04-10,135.287,135.4,135.258,135.369,5289529,715854808,False
2024-04-11,135.37,135.457,135.368,135.394,3936500,533063942,False
2024-04-12,135.437,135.599,135.437,135.569,3998700,541980870,False
2024-04-15,135.575,135.645,135.542,135.55,3080300,417584221,False
2024-04-16,135.55,135.55,135.388,135.477,3868300,524038437,False
2024-04-17,135.477,135.542,135.477,135.512,3412800,462501503,False
2024-04-18,135.56,135.629,135.492,135.618,3145100,426368681,False
2024-04-19,135.679,135.736,135.679,135.706,6899300,936298335,False
2024-04-22,135.72,135.79,135.72,135.787,3070800,416881888,False
2024-04-23,135.798,135.979,135.793,135.977,2983800,405530649,False
2024-04-24,135.785,135.977,135.568,135.618,3471300,471142568,False
2024-04-25,135.626,135.782,135.626,135.713,3179400,431549647,False
2024-04-26,135.765,135.84,135.48,135.489,2806100,380788172,False
2024-04-29,135.625,135.625,134.512,134.929,1069200,144190462,False
2024-04-30,135.07,135.34,135.07,135.312,3608500,488135623,False
2024-05-06,135.317,135.525,135.058,135.525,1829600,247889785,False
2024-05-07,135.642,135.795,135.545,135.691,2975800,403983601,False
2024-05-08,135.691,135.734,135.679,135.715,2835265,384760094,False
2024-05-09,135.65,135.66,135.559,135.596,4116922,558285771,False
2024-05-10,135.588,135.624,135.554,135.572,2933452,397753233,False
2024-05-13,135.612,135.719,135.6,135.716,2780339,377206359,False
2024-05-14,135.749,135.826,135.721,135.791,3896800,529176557,False
2024-05-15,135.797,135.851,135.731,135.79,3414230,463696607,False
2024-05-16,135.778,135.778,135.656,135.726,3300500,447901104,False
2024-05-17,135.628,135.71,135.527,135.627,3834300,520056659,False
2024-05-20,135.702,135.79,135.63,135.789,3393110,460591794,False
2024-05-21,135.797,135.797,135.698,135.719,3229600,438365632,False
2024-05-22,135.732,135.78,135.722,135.777,3381000,459043440,False
2024-05-23,135.81,135.878,135.81,135.871,3449500,468626305,False
2024-05-24,135.899,135.906,135.838,135.874,3205200,435493170,False
2024-05-27,135.873,135.873,135.804,135.84,3564300,484134371,False
2024-05-28,135.857,135.921,135.843,135.916,3088200,419630816,False
2024-05-29,135.966,136.0,135.929,135.988,2891700,393217257,False
2024-05-30,135.986,136.048,135.985,136.041,2877774,391452427,False
2024-05-31,135.98,136.059,135.98,136.018,3590300,488344735,False
2024-06-03,136.025,136.16,136.023,136.16,4324600,588590463,False
2024-06-04,136.14,136.199,136.124,136.192,3578129,487162149,False
2024-06-05,136.158,136.349,136.158,136.231,3314200,451510230,False
2024-06-06,136.233,136.27,136.159,136.205,2837100,386461629,False
2024-06-07,136.215,136.255,136.208,136.254,3279800,446804856,False
2024-06-11,136.254,136.298,136.218,136.254,2641990,359971961,False
2024-06-12,136.243,136.284,136.211,136.236,2555100,348113356,False
2024-06-13,136.238,136.277,136.237,136.249,2811100,383015862,False
2024-06-14,136.265,136.279,136.233,136.27,3393400,462389224,False
2024-06-17,136.272,136.328,136.271,136.327,2762500,376491110,False
2024-06-18,136.327,136.382,136.327,136.364,2848700,388415339,False
2024-06-19,136.366,136.423,136.171,136.391,5315700,724892385,False
2024-06-20,136.476,136.51,136.424,136.506,3052900,416635556,False
2024-06-21,136.509,136.509,136.392,136.437,2970300,405267714,False
2024-06-24,136.437,136.525,136.331,136.52,2841800,387723210,False
2024-06-25,136.515,136.62,136.514,136.562,3862500,527605233,False
2024-06-26,136.595,136.677,136.595,136.662,3523046,481371445,False
2024-06-27,136.674,136.812,136.674,136.803,3105500,424762226,False
2024-06-28,136.838,136.946,136.833,136.899,4905000,671355110,False
2024-07-01,136.93,136.98,136.56,136.672,891500,121957868,False
2024-07-02,136.639,136.798,136.331,136.795,3444622,470877130,False
2024-07-03,136.817,137.039,136.817,137.007,4045100,553749871,False
2024-07-04,137.032,137.032,136.907,136.934,6453810,883819042,False
2024-07-05,136.935,136.982,136.78,136.828,4506700,616550151,False
2024-07-08,136.688,136.688,136.411,136.561,4643320,633828016,False
2024-07-09,136.635,136.732,136.635,136.729,3447600,471260267,False
2024-07-10,136.729,136.822,136.679,136.815,4066200,556048440,False
2024-07-11,136.814,136.825,136.728,136.808,4430100,605995419,False
2024-07-12,136.835,136.947,136.835,136.916,3225100,441525725,False
2024-07-15,136.93,136.984,136.916,136.968,3451600,472735322,False
2024-07-16,136.97,136.994,136.863,136.967,3225400,441735710,False
2024-07-17,136.971,137.029,136.94,136.999,3883010,531856232,False
2024-07-18,137.006,137.007,136.917,136.958,1860100,254751432,False
2024-07-19,136.961,137.055,136.961,137.05,3821500,523565601,False
2024-07-22,137.192,137.4,137.09,137.341,3073110,421893553,False
2024-07-23,137.464,137.49,137.363,137.486,4565600,627477998,False
2024-07-24,137.497,137.542,137.43,137.488,4058900,557941088,False
2024-07-25,137.488,137.588,137.481,137.508,3568400,490721426,False
2024-07-26,137.524,137.581,137.503,137.567,1886800,259492947,False
2024-07-29,137.58,137.58,137.518,137.544,3488200,479801006,False
2024-07-30,137.549,137.596,137.504,137.564,3854200,530140343,False
2024-07-31,137.63,137.75,137.601,137.661,3206700,441450945,False
2024-08-01,137.754,138.0,137.65,137.887,2494900,343700335,False
2024-08-02,137.97,138.288,137.958,138.088,2564800,354010935,False
2024-08-05,138.094,138.25,137.99,138.139,3802900,525168199,False
2024-08-06,137.916,137.961,137.601,137.94,2754400,379823604,False
2024-08-07,137.934,138.21,137.934,138.131,3979746,549421280,False
2024-08-08,138.1,138.1,137.798,138.011,4042900,557716555,False
2024-08-09,137.822,137.847,137.725,137.826,2974010,409834442,False
2024-08-12,137.55,137.749,137.2,137.204,4883200,670790971,False
2024-08-13,137.318,137.668,137.209,137.609,5640100,775790600,False
2024-08-14,137.758,137.989,137.683,137.736,3698200,509655437,False
2024-08-15,137.736,137.836,137.551,137.6,2438100,335713097,False
2024-08-16,137.585,137.665,137.52,137.577,3654800,502938450,False
2024-08-19,137.663,137.663,137.528,137.636,4183200,575601000,False
2024-08-20,137.638,137.638,137.571,137.614,4090550,562956075,False
2024-08-21,137.613,137.64,137.455,137.467,5297000,728438040,False
2024-08-22,137.668,137.745,137.501,137.743,2153100,296505454,False
2024-08-23,137.733,137.946,137.73,137.944,3943300,543410882,False
2024-08-26,137.94,138.0,137.819,137.946,3174700,437899175,False
2024-08-27,137.832,137.946,137.829,137.856,4156300,573048361,False
2024-08-28,137.835,137.906,137.77,137.901,4814600,663689773,False
2024-08-29,137.901,137.955,137.82,137.827,3540800,488190046,False
2024-08-30,137.852,137.878,137.664,137.785,3277900,451610334,False
2024-09-02,138.028,138.15,137.829,138.106,4336300,598891652,False
2024-09-03,138.157,138.29,138.059,138.289,4212790,582406440,False
2024-09-04,138.368,138.486,138.25,138.337,4270770,590911718,False
2024-09-05,138.408,138.498,138.408,138.423,3408320,471901680,False
2024-09-06,138.406,138.509,138.338,138.468,3260600,451442774,False
2024-09-09,138.468,138.719,138.468,138.541,1082564,149963461,False
2024-09-10,138.591,138.679,138.542,138.659,3073500,425915369,False
2024-09-11,138.66,138.883,138.657,138.866,2400200,333183361,False
2024-09-12,138.866,138.912,138.648,138.651,1521680,211198651,False
2024-09-13,138.79,138.888,138.748,138.845,1448130,201007071,False
2024-09-18,138.979,138.979,138.845,138.879,1138600,158139154,False
2024-09-19,138.905,138.92,138.655,138.695,2632508,365367755,False
2024-09-20,138.737,138.819,138.726,138.794,2699490,374644194,False
2024-09-23,138.828,138.905,138.806,138.824,2069600,287365284,False
2024-09-24,138.906,138.968,138.515,138.672,2342300,325022013,False
2024-09-25,138.455,139.04,138.302,138.997,1757300,243887602,False
2024-09-26,139.141,139.141,138.83,138.89,1848300,256839374,False
2024-09-27,138.68,138.68,138.201,138.31,987320,136649607,False
2024-09-30,137.0,137.888,135.65,137.844,2972170,408040372,False
2024-10-08,137.049,138.102,137.049,137.79,1884750,259664706,False
2024-10-09,137.909,138.5,137.801,138.07,2481800,342442212,False
2024-10-10,138.02,138.48,138.002,138.398,1370800,189523482,False
2024-10-11,138.485,138.579,138.35,138.47,3389367,469396265,False
2024-10-14,138.484,138.58,138.42,138.448,3237366,448294641,False
2024-10-15,138.489,138.489,138.429,138.484,3263712,451883611,False
2024-10-16,138.534,138.547,138.467,138.503,4609900,638376064,False
2024-10-17,138.506,138.7,138.427,138.691,5219745,723563962,False
2024-10-18,138.76,138.78,138.397,138.537,7224936,1000947534,False
2024-10-21,138.537,138.586,138.424,138.519,3446830,477447413,False
2024-10-22,138.515,138.55,138.3,138.325,1700400,235453765,False
2024-10-23,138.285,138.322,138.066,138.186,4468000,617394854,False
2024-10-24,138.199,138.324,138.199,138.24,4046000,559374573,False
2024-10-25,138.241,138.25,138.169,138.228,4892400,676179307,False
2024-10-28,138.276,138.328,138.232,138.255,3167700,437979923,False
2024-10-29,138.282,138.399,138.27,138.392,1765900,244297751,False
2024-10-30,138.6,138.6,138.376,138.435,1940800,268680316,False
2024-10-31,138.441,138.442,138.345,138.424,1658203,229504083,False
2024-11-01,138.528,138.635,138.477,138.631,1065201,147606218,False
2024-11-04,138.692,138.713,138.63,138.69,1459903,202478306,False
2024-11-05,138.674,138.728,138.626,138.678,2231500,309446791,False
2024-11-06,138.683,138.8,138.683,138.729,1004100,139311498,False
2024-11-07,138.757,138.88,138.757,138.849,2018060,280148422,False
2024-11-08,138.731,138.905,138.731,138.902,4491400,623820729,False
2024-11-11,138.925,138.959,138.877,138.94,1283280,178281047,False
2024-11-12,138.965,139.15,138.965,139.131,1806250,251271818,False
2024-11-13,139.127,139.149,139.08,139.13,2194700,305333619,False
2024-11-14,139.133,139.14,139.057,139.137,1729700,240601059,False
2024-11-15,139.142,139.325,139.142,139.235,1085500,151113900,False
2024-11-18,139.221,139.222,139.036,139.16,3738500,520176740,False
2024-11-19,139.158,139.187,139.058,139.129,1037100,144314270,False
2024-11-20,139.175,139.234,139.173,139.224,1601400,222917818,False
2024-11-21,139.239,139.315,139.225,139.311,3359800,467966528,False
2024-11-22,139.355,139.361,139.289,139.337,3765800,524686907,False
2024-11-25,139.337,139.451,139.244,139.45,1386800,193324700,False
2024-11-26,139.45,139.5,139.371,139.423,3148900,438998863,False
2024-11-27,139.4,139.422,139.356,139.364,2383800,332261446,False
2024-11-28,139.363,139.467,139.363,139.462,2966800,413599030,False
2024-11-29,139.505,139.547,139.438,139.539,2645900,369125332,False
2024-12-02,139.687,139.858,139.539,139.844,2392900,334502591,False
2024-12-03,139.879,139.928,139.807,139.817,3273600,457763394,False
2024-12-04,139.82,139.965,139.82,139.938,3347980,468453598,False
2024-12-05,139.935,139.991,139.82,139.968,2152700,301263806,False
2024-12-06,139.966,139.99,139.921,139.925,7678400,1074468242,False
2024-12-09,139.926,139.975,139.925,139.937,2447800,342553708,False
2024-12-10,139.88,140.394,139.851,140.373,4606500,646045300,False
2024-12-11,140.35,140.416,140.15,140.382,3100600,435188652,False
2024-12-12,140.411,140.628,140.411,140.563,3469600,487421064,False
2024-12-13,140.87,141.097,140.87,141.055,3776900,532686553,False
2024-12-16,141.154,141.404,141.152,141.163,2089400,295108021,False
2024-12-17,141.104,141.104,140.917,140.963,9924600,1399074018,False
2024-12-18,141.025,141.164,140.707,140.955,1993600,280967253,False
2024-12-19,140.971,141.069,140.971,141.0,3459400,487811661,False
2024-12-20,141.191,141.5,141.19,141.437,2204600,311518796,False
2024-12-23,141.505,141.602,141.319,141.361,3928715,555449871,False
2024-12-24,141.33,141.385,141.248,141.253,3099490,437956407,False
2024-12-25,141.254,141.291,140.953,140.995,2063778,291154302,False
2024-12-26,141.025,141.087,140.987,140.997,2875300,405468565,False
2024-12-27,141.12,141.299,141.066,141.288,2903900,410049161,False
2024-12-30,141.267,141.27,140.955,141.003,1809300,255258235,False
2024-12-31,141.15,141.246,141.011,141.216,2383300,336517938,False
2025-01-02,141.36,141.438,141.26,141.411,2748670,388656746,False
2025-01-03,141.47,141.799,141.47,141.787,2116100,299664872,False
2025-01-06,141.807,141.999,141.601,141.789,3154310,447313768,False
2025-01-07,141.793,141.793,141.453,141.558,1561400,221098456,False
2025-01-08,141.51,141.675,141.51,141.603,3426590,485293134,False
2025-01-09,141.551,141.601,141.27,141.298,2607500,368708413,False
2025-01-10,140.95,141.287,140.661,141.209,1503100,211894199,False
2025-01-13,141.202,141.202,140.901,141.039,3296000,464892516,False
2025-01-14,141.019,141.129,140.86,141.111,2346000,330815325,False
2025-01-15,141.25,141.345,141.239,141.267,3784690,534647062,False
2025-01-16,141.229,141.325,141.116,141.243,2614060,369128199,False
2025-01-17,141.293,141.293,141.166,141.178,2490200,351623333,False
2025-01-20,141.128,141.22,141.085,141.189,8219800,1160577519,False
2025-01-21,141.086,141.226,141.086,141.219,1024000,144584689,False
2025-01-22,141.3,141.347,141.288,141.31,12468500,1761877034,False
2025-01-23,141.259,141.265,141.093,141.146,12633900,1783187892,False
2025-01-24,141.142,141.142,140.912,141.004,15436500,2176190516,False
2025-01-27,141.122,141.499,141.122,141.496,11867900,1677881693,False
2025-02-05,141.431,141.488,141.162,141.459,10471200,1480642754,False
2025-02-06,141.473,141.612,141.422,141.594,11085700,1568559965,False
2025-02-07,141.618,141.659,141.5,141.511,15845400,2242793282,False
2025-02-10,141.465,141.465,141.258,141.281,15157000,2141896017,False
2025-02-11,141.265,141.337,141.196,141.248,5280200,745854857,False
2025-02-12,141.258,141.341,141.238,141.25,2832600,400237911,False
2025-02-13,141.252,141.253,141.169,141.227,15222300,2149203552,False
2025-02-14,141.226,141.226,140.915,140.926,14411200,2031037213,False
2025-02-17,140.918,140.918,140.73,140.832,1559500,219615204,False
2025-02-18,140.822,140.822,140.481,140.637,15701200,2208975781,False
2025-02-19,140.661,140.819,140.615,140.817,14666100,2062844991,False
2025-02-20,140.818,140.818,140.51,140.583,5857800,824264508,False
2025-02-21,140.48,140.673,140.28,140.45,15708100,2204531142,False
2025-02-24,140.35,140.4,139.931,140.064,15863000,2224846986,False
2025-02-25,140.179,140.456,139.912,140.253,1876742,263078803,False
2025-02-26,140.293,140.443,140.207,140.265,14574590,2044656259,False
2025-02-27,140.276,140.35,140.166,140.207,15301100,2146722170,False
2025-02-28,140.186,140.34,140.032,140.254,2076203,291037256,False
2025-03-03,140.29,140.636,140.212,140.6,15658100,2197633370,False
2025-03-04,140.712,140.863,140.433,140.594,2139300,300824219,False
2025-03-05,140.58,140.674,140.543,140.546,14991800,2108131530,False
2025-03-06,140.536,140.536,140.339,140.417,14971200,2101496941,False
2025-03-07,140.286,140.286,140.0,140.137,1877100,262948958,False
2025-03-10,139.999,140.095,139.886,139.905,2300900,322151634,False
2025-03-11,139.935,139.951,139.527,139.581,1296300,181089081,False
2025-03-12,139.53,140.133,139.375,140.073,18383600,2567643999,False
2025-03-13,140.0,140.25,139.93,140.091,2062500,289055370,False
2025-03-14,139.991,140.128,139.741,140.066,5248100,734683334,False
2025-03-17,139.938,139.944,139.771,139.779,1221000,170742795,False
2025-03-18,139.762,139.956,139.729,139.88,2367100,331114763,False
2025-03-19,139.88,139.998,139.74,139.792,3237300,452586542,False
2025-03-20,139.912,140.05,139.9,139.965,3776600,528672465,False
2025-03-21,140.012,140.012,139.906,139.912,1383700,193642852,False
2025-03-24,139.88,139.905,139.79,139.844,1479800,206968095,False
2025-03-25,140.015,140.07,139.92,140.017,4024500,563393410,False
2025-03-26,140.007,140.183,139.944,140.176,814400,114073831,False
2025-03-27,140.18,140.258,140.102,140.227,1105900,155030948,False
2025-03-28,140.218,140.303,140.145,140.197,922971,129437244,False
2025-03-31,140.193,140.294,140.16,140.187,9048300,1268608186,False
2025-04-01,140.231,140.284,140.156,140.18,7099400,995092985,False
2025-04-02,140.178,140.305,140.134,140.282,1873300,262688842,False
2025-04-03,140.47,140.83,140.405,140.794,2117600,297898903,False
2025-04-07,141.145,141.27,141.036,141.217,2310900,326222256,False
2025-04-08,141.052,141.74,140.935,141.103,6876600,970298725,False
2025-04-09,141.19,141.238,140.992,141.184,2241980,316324997,False
2025-04-10,141.1,141.348,140.955,141.318,9858397,1392052075,False
2025-04-11,141.406,141.485,141.283,141.365,8629800,1220245213,False
2025-04-14,141.323,141.33,141.222,141.243,19477740,2751360169,False
2025-04-15,141.249,141.3,141.231,141.246,1409400,199086331,False
2025-04-16,141.25,141.395,141.23,141.364,17679500,2499038307,False
2025-04-17,141.357,141.406,141.261,141.276,12636900,1785632175,False
2025-04-18,141.275,141.301,141.2,141.217,17805000,2514789067,False
2025-04-21,141.217,141.236,141.07,141.099,796200,112369628,False
2025-04-22,141.103,141.173,141.103,141.15,4598200,648966577,False
2025-04-23,141.128,141.128,140.98,141.021,959099,135259736,False
2025-04-24,141.06,141.09,140.896,140.903,11755300,1657710810,False
2025-04-25,140.98,141.072,140.934,141.029,1202700,169593657,False
2025-04-28,141.038,141.063,140.983,140.991,10293400,1451560136,False
2025-04-29,141.018,141.18,141.018,141.176,7472800,1054460936,False
2025-04-30,141.192,141.3,141.141,141.283,2006100,283278065,False
2025-05-06,141.27,141.27,141.167,141.208,18714662,2642918335,False
2025-05-07,141.249,141.295,141.152,141.17,4469100,631050549,False
2025-05-08,141.272,141.459,141.27,141.45,4841500,684567461,False
2025-05-09,141.462,141.55,141.389,141.41,1714900,242591105,False
2025-05-12,141.352,141.445,141.275,141.345,1572600,222325869,False
2025-05-13,141.29,141.31,141.217,141.251,2160600,305174618,False
2025-05-14,141.249,141.3,141.121,141.135,1347800,190289071,False
2025-05-15,141.131,141.17,141.031,141.037,1088200,153524008,False
2025-05-16,141.027,141.027,140.902,140.943,1024300,144356714,False
2025-05-19,140.943,141.037,140.943,141.012,1121500,158124469,False
2025-05-20,141.08,141.131,141.001,141.059,1068602,150735318,False
2025-05-21,141.01,141.07,141.01,141.044,665900,93920227,False
2025-05-22,141.07,141.111,141.028,141.043,649400,91609588,False
2025-05-23,141.065,141.158,141.025,141.149,761500,107431278,False
2025-05-26,141.15,141.215,141.112,141.146,5257900,742069945,False
2025-05-27,141.153,141.186,141.081,141.094,6687560,943822379,False
2025-05-28,141.113,141.113,141.048,141.101,3282900,463154890,False
2025-05-29,141.084,141.094,140.93,140.943,1232600,173763878,False
2025-05-30,141.043,141.112,141.013,141.076,2365600,333760140,False
2025-06-03,141.129,141.13,141.035,141.069,15885200,2241350095,False
2025-06-04,141.084,141.161,141.075,141.159,23458700,3309652314,False
2025-06-05,141.158,141.26,141.116,141.226,11370500,1605657541,False
2025-06-06,141.29,141.345,141.284,141.341,15213900,2150296184,False
2025-06-09,141.357,141.392,141.35,141.39,12158500,1718978403,False
2025-06-10,141.415,141.426,141.361,141.406,22195300,3138435082,False
2025-06-11,141.424,141.45,141.35,141.399,14128300,1997668355,False
2025-06-12,141.398,141.418,141.351,141.369,10317820,1458824820,False
2025-06-13,141.369,141.401,141.36,141.398,19204340,2715223508,False
2025-06-16,141.406,141.465,141.401,141.429,13721100,1940597436,False
2025-06-17,141.413,141.595,141.413,141.583,13191671,1867025044,False
2025-06-18,141.6,141.611,141.566,141.599,1426400,201963862,False
2025-06-19,141.602,141.634,141.593,141.605,1145600,162234983,False
2025-06-20,141.613,141.64,141.581,141.63,553400,78370916,False
2025-06-23,141.628,141.675,141.573,141.601,1004200,142186288,False
2025-06-24,141.601,141.63,141.528,141.548,28030400,3967299893,False
2025-06-25,141.548,141.59,141.511,141.512,19628100,2778588414,False
2025-06-26,141.512,141.61,141.511,141.55,27171300,3845598972,False
2025-06-27,141.55,141.675,141.55,141.645,19770000,2800057202,False
2025-06-30,141.648,141.661,141.476,141.581,7800867,1104500634,False
2025-07-01,141.594,141.642,141.589,141.631,13070500,1851012477,False
2025-07-02,141.632,141.718,141.632,141.711,22122200,3134424889,False
2025-07-03,141.73,141.758,141.693,141.729,19040600,2698971004,False
2025-07-04,141.744,141.769,141.736,141.762,19161100,2716145342,False
2025-07-07,141.765,141.785,141.718,141.741,9494700,1345666324,False
2025-07-08,141.733,141.733,141.619,141.631,10380000,1470175661,False
2025-07-09,141.64,141.658,141.617,141.629,20455000,2896966771,False
2025-07-10,141.635,141.635,141.535,141.537,24112600,3413609029,False
2025-07-11,141.533,141.535,141.44,141.499,2834600,401020180,False
2025-07-14,141.5,141.5,141.397,141.427,1464200,207082394,False
2025-07-15,141.45,141.571,141.45,141.567,21718900,3073925072,False
2025-07-16,141.572,141.616,141.556,141.576,13768000,1949148478,False
2025-07-17,141.552,141.57,141.518,141.568,1079900,152867821,False
2025-07-18,141.568,141.579,141.508,141.556,1133800,160478386,False
2025-07-21,141.556,141.58,141.451,141.469,6988000,988643031,False
2025-07-22,141.473,142.03,141.386,141.395,9606299,1359760771,False
2025-07-23,141.335,141.391,141.191,141.341,4109800,580452933,False
2025-07-24,141.302,141.324,141.071,141.074,11399396,1608854283,False
2025-07-25,141.08,141.2,141.055,141.105,6268600,884715833,False
2025-07-28,141.201,141.315,141.14,141.238,14564000,2056132830,False
2025-07-29,141.253,141.253,141.054,141.064,7363200,1039197397,False
2025-07-30,141.078,141.214,141.013,141.203,11671600,1647708359,False
2025-07-31,141.206,141.329,141.179,141.313,11971200,1691440828,False
2025-08-01,141.294,141.362,141.195,141.321,16247800,2295315358,False
2025-08-04,141.352,142.0,141.285,141.293,23539100,3328242167,False
2025-08-05,141.253,141.344,141.212,141.337,8447400,1193442724,False
2025-08-06,141.33,141.383,141.239,141.351,11794234,1666621556,False
2025-08-07,141.39,141.497,141.376,141.451,9593800,1357236056,False
2025-08-08,141.65,141.734,141.434,141.508,13344700,1888073147,False
2025-08-11,141.509,141.509,141.317,141.341,12435500,1758131820,False
2025-08-12,141.348,141.366,141.261,141.313,1251000,176761130,False
2025-08-13,141.3,141.455,141.245,141.411,9301800,1314980260,False
2025-08-14,141.41,141.41,141.264,141.358,8108800,1146241959,False
2025-08-15,141.38,141.4,141.315,141.345,1173200,165836762,False
2025-08-18,141.37,141.442,141.003,141.047,6527894,921224911,False
2025-08-19,141.07,141.079,141.017,141.058,2882000,406516273,False
2025-08-20,141.122,141.174,140.97,140.996,1586500,223840318,False
2025-08-21,141.0,141.076,140.928,141.058,1154700,162810692,False
2025-08-22,141.1,141.118,140.95,141.021,10610600,1496865833,False
2025-08-25,141.024,141.152,140.951,141.14,6759900,953617259,False
2025-08-26,141.14,141.165,141.106,141.146,2190300,309141375,False
2025-08-27,141.157,141.198,141.113,141.184,12051700,1701443898,False
2025-08-28,141.198,141.198,141.107,141.116,9712800,1371129482,False
2025-08-29,141.112,141.16,141.07,141.148,15072000,2126926762,False
2025-09-01,141.14,141.26,141.103,141.259,1794800,253403686,False
2025-09-02,141.266,141.317,141.235,141.257,20637700,2915444474,False
2025-09-03,141.298,141.419,141.261,141.402,10669800,1508283479,False
2025-09-04,141.435,141.522,141.435,141.488,7046500,997096842,False
2025-09-05,141.479,141.479,141.248,141.279,17092100,2416047163,False
2025-09-08,141.29,141.29,141.2,141.251,15206700,2148137329,False
2025-09-09,141.25,141.36,141.212,141.231,18983600,2681317680,False
2025-09-10,141.25,141.252,141.13,141.155,20513400,2896339774,False
2025-09-11,141.183,141.31,141.134,141.256,8707900,1229280891,False
2025-09-12,141.258,141.335,141.256,141.301,17919200,2531881924,False
2025-09-15,141.364,141.444,141.31,141.39,12568500,1777011590,False
2025-09-16,141.8,141.804,141.166,141.475,14236300,2012786765,False
2025-09-17,141.505,141.639,141.44,141.632,7428600,1051596980,False
2025-09-18,141.609,141.61,141.528,141.54,1479500,209446427,False
2025-09-19,141.54,141.574,141.33,141.385,2242400,317255213,False
2025-09-22,141.4,141.71,141.379,141.497,4620700,653769526,False
2025-09-23,140.1,140.1,139.801,139.922,2050300,286766979,False
2025-09-24,139.973,139.973,139.788,139.804,1712400,239540100,False
2025-09-25,139.742,139.793,139.617,139.752,1094000,152811779,False
2025-09-26,139.78,139.903,139.76,139.856,1367000,191160931,False
2025-09-29,139.91,139.938,139.804,139.821,854800,119550758,False
2025-09-30,139.83,140.04,139.821,140.028,934400,130786484,False
2025-10-09,140.04,140.144,139.949,140.123,20722427,2903212974,False
2025-10-10,140.134,140.195,140.084,140.093,936078,131187618,False
2025-10-13,140.119,140.165,140.09,140.134,14569286,2041830215,False
2025-10-14,140.11,140.21,140.01,140.181,27577572,3864121551,False
2025-10-15,140.18,140.18,140.108,140.14,13922400,1951086403,False
2025-10-16,140.14,140.185,140.139,140.146,1611500,225882754,False
2025-10-17,140.173,140.249,140.158,140.246,27247100,3820809676,False
2025-10-20,140.195,140.209,140.104,140.122,19245600,2696776998,False
2025-10-21,140.121,140.168,140.078,140.142,16841800,2360352711,False
2025-10-22,140.142,140.198,140.133,140.168,5449000,763689778,False
2025-10-23,140.169,140.203,140.113,140.128,1463500,205131598,False
2025-10-24,140.127,140.164,140.115,140.119,13253100,1857074922,False
2025-10-27,140.081,140.199,140.037,140.166,2213000,310154177,False
2025-10-28,140.328,140.446,140.276,140.445,12752800,1790619992,False
2025-10-29,140.395,140.64,140.356,140.561,2053900,288715938,False
2025-10-30,140.629,140.699,140.578,140.674,11884600,1671640546,False
2025-10-31,140.723,140.78,140.659,140.69,10768200,1514989542,False
2025-11-03,140.693,140.727,140.605,140.628,20762900,2919850898,False
2025-11-04,140.65,140.65,140.56,140.621,1160600,163167321,False
2025-11-05,140.674,140.681,140.612,140.626,12072100,1697717912,False
2025-11-06,140.627,140.645,140.535,140.56,22426300,3152261364,False
2025-11-07,140.588,140.612,140.56,140.589,8636200,1214077719,False
2025-11-10,140.589,140.598,140.54,140.585,2436900,342585581,False
2025-11-11,140.579,140.678,140.579,140.602,7071800,994472664,False
2025-11-12,140.666,140.666,140.62,140.66,11565500,1626726873,False
2025-11-13,140.66,140.666,140.588,140.604,4039100,567929741,False
2025-11-14,140.604,140.63,140.565,140.587,10940800,1538069442,False
2025-11-17,140.587,140.645,140.587,140.613,16989652,2389023218,False
2025-11-18,140.613,140.64,140.586,140.621,16301900,2292207003,False
2025-11-19,140.622,140.632,140.56,140.579,731300,102803877,False
2025-11-20,140.578,140.686,140.564,140.652,875000,123069611,False
2025-11-21,140.668,140.695,140.584,140.614,2221100,312346385,False
2025-11-24,140.609,140.663,140.6,140.63,2578750,362680824,False
2025-11-25,140.63,140.667,140.61,140.633,1270450,178675378,False
2025-11-26,140.645,140.645,140.478,140.481,855275,120220448,False
2025-11-27,140.483,140.5,140.437,140.473,17620800,2475191555,False
2025-11-28,140.474,140.53,140.461,140.528,5460400,767277624,False
2025-12-01,140.526,140.599,140.474,140.575,695500,97746569,False
2025-12-02,140.586,140.593,140.53,140.54,13848200,1946453657,False
2025-12-03,140.54,140.611,140.52,140.552,2160200,303603829,False
2025-12-04,140.551,140.552,140.383,140.411,720600,101194425,False
2025-12-05,140.416,140.511,140.4,140.483,8040300,1129231503,False
2025-12-08,140.506,140.506,140.405,140.468,1030400,144721563,False
2025-12-09,140.511,140.561,140.509,140.545,4643100,652541606,False
2025-12-10,140.529,140.579,140.52,140.566,3418700,480455777,False
2025-12-11,140.588,140.671,140.572,140.66,7102100,998954330,False
2025-12-12,140.748,140.748,140.57,140.621,12159260,1710045851,False
2025-12-15,140.592,140.624,140.552,140.562,952200,133867934,False
2025-12-16,140.535,140.611,140.528,140.536,7784700,1094298398,False
2025-12-17,140.553,140.633,140.52,140.629,8683720,1220560151,False
2025-12-18,140.636,140.742,140.597,140.713,1529630,215201281,False
2025-12-19,140.75,140.798,140.721,140.787,2044800,287806491,False
2025-12-22,140.79,140.798,140.672,140.715,3291310,463266345,False
2025-12-23,140.711,140.965,140.707,140.952,11294900,1590619850,False
2025-12-24,140.901,140.928,140.843,140.894,2778100,391354276,False
2025-12-25,140.894,140.926,140.832,140.847,2486500,350359154,False
2025-12-26,140.2,140.291,140.2,140.285,2147600,301239032,False
2025-12-29,140.267,140.315,140.07,140.116,6411000,898161012,False
2025-12-30,140.116,140.142,140.048,140.093,2281800,319708291,False
2025-12-31,140.099,140.104,140.025,140.096,1722600,241243464,False
2026-01-05,140.09,140.09,139.954,139.965,1297200,181611918,False
2026-01-06,139.965,139.97,139.792,139.86,11235700,1570924207,False
2026-01-07,139.801,139.87,139.702,139.783,16737800,2340480836,False
2026-01-08,139.85,139.909,139.78,139.904,3989500,557781282,False
2026-01-09,139.904,139.909,139.81,139.893,1228600,171833972,False
2026-01-12,139.871,140.025,139.771,139.962,1672500,234056872,False
2026-01-13,139.98,140.015,139.924,140.002,803421,112451723,False
2026-01-14,140.028,140.155,139.928,140.093,15037800,2104882648,False
2026-01-15,140.093,140.204,140.042,140.148,1225400,171717523,False
2026-01-16,140.118,140.27,140.118,140.238,2852500,399848109,False
2026-01-19,140.284,140.29,140.216,140.229,19480300,2731692858,False
2026-01-20,140.25,140.325,140.225,140.318,13143200,1843502135,False
2026-01-21,140.321,140.345,140.253,140.315,747800,104913570,False
2026-01-22,140.28,140.344,140.28,140.302,32689200,4586112978,False
2026-01-23,140.283,140.398,140.271,140.349,18594100,2609245846,False
2026-01-26,140.352,140.38,140.311,140.322,1438230,201839995,False
2026-01-27,140.324,140.376,140.308,140.335,20681100,2902384149,False
2026-01-28,140.316,140.364,140.315,140.357,2013000,282511254,False
2026-01-29,140.364,140.506,140.352,140.443,17475500,2455320580,False
2026-01-30,140.444,140.497,140.406,140.429,946700,132960114,False
2026-02-02,140.449,140.477,140.4,140.432,20306330,2851431322,False
2026-02-03,140.414,140.495,140.375,140.481,1758900,247050033,False
2026-02-04,140.5,140.5,140.436,140.466,20175000,2833934279,False
2026-02-05,140.466,140.552,140.435,140.55,798700,112208158,False
2026-02-06,140.6,140.6,140.513,140.586,1286800,180871019,False
2026-02-09,140.58,140.677,140.543,140.672,847900,119245705,False
2026-02-10,140.68,140.692,140.579,140.669,542120,76259714,False
2026-02-11,140.675,140.743,140.668,140.733,606400,85336447,False
2026-02-12,140.729,140.798,140.703,140.791,604000,85023235,False
2026-02-13,140.89,140.91,140.77,140.845,1880900,264879853,False
2026-02-24,140.835,140.885,140.804,140.861,1063300,149773178,False
2026-02-25,140.861,140.861,140.737,140.745,987700,139060363,False
2026-02-26,140.745,140.753,140.597,140.61,891400,125362222,False
2026-02-27,140.61,140.701,140.595,140.698,11610100,1633170980,False
2026-03-02,140.699,140.819,140.699,140.819,805364,113379940,False
2026-03-03,140.819,140.825,140.77,140.808,1566300,220550049,False
2026-03-04,140.825,140.94,140.802,140.929,608800,85755837,False
2026-03-05,140.93,140.933,140.833,140.87,10259900,1445202167,False
2026-03-06,140.873,140.913,140.873,140.906,25719200,3623453034,False
2026-03-09,140.908,140.912,140.72,140.737,9751400,1372498930,False
2026-03-10,140.762,140.795,140.68,140.745,2368100,333197917,False
2026-03-11,140.732,140.755,140.689,140.735,3683300,518344812,False
2026-03-12,140.699,140.765,140.698,140.739,5102600,718108320,False
2026-03-13,140.757,140.8,140.726,140.772,1380700,194367506,False
2026-03-16,140.775,140.8,140.665,140.678,14854000,2089975756,False
2026-03-17,140.688,140.724,140.67,140.68,2710100,381256370,False
2026-03-18,140.69,140.819,140.63,140.818,1392800,196057791,False
2026-03-19,140.81,140.904,140.772,140.894,24451000,3444857036,False
2026-03-20,140.888,140.888,140.845,140.853,18874800,2658540561,False
2026-03-23,140.823,140.927,140.767,140.8,2512600,353840647,False
2026-03-24,140.8,140.8,140.75,140.764,2917100,410657475,False
2026-03-25,140.181,140.31,140.166,140.237,10356200,1451880805,False
2026-03-26,140.23,140.339,140.212,140.291,2567800,360196720,False
2026-03-27,140.295,140.38,140.272,140.376,11722947,1645336838,False
2026-03-30,140.385,140.486,140.385,140.464,10897700,1530325060,False
2026-03-31,140.486,140.518,140.435,140.504,2650200,372298158,False
2026-04-01,140.503,140.503,140.37,140.385,9095700,1276869393,False
2026-04-02,140.393,140.443,140.343,140.41,2803700,393562799,False
2026-04-03,140.417,140.495,140.417,140.476,1542300,216651600,False
2026-04-07,140.476,140.512,140.451,140.459,1828800,256892861,False
2026-04-08,140.44,140.44,140.3,140.387,7077600,993720023,False
2026-04-09,140.387,140.446,140.355,140.404,2551100,358126493,False
2026-04-10,140.404,140.415,140.374,140.406,4074100,571981864,False
2026-04-13,140.412,140.458,140.38,140.442,3041800,427188473,False
2026-04-14,140.446,140.498,140.42,140.468,5140772,722004013,False
2026-04-15,140.45,140.609,140.448,140.601,3311800,465441359,False
2026-04-16,140.606,140.697,140.568,140.687,2921500,410935490,False
2026-04-17,140.686,140.763,140.686,140.754,2383000,335391041,False
2026-04-20,140.756,140.795,140.72,140.739,5686600,800322151,False
2026-04-21,140.723,140.778,140.703,140.734,798200,112355403,False
2026-04-22,140.774,140.843,140.766,140.837,2960800,416911557,False
2026-04-23,140.837,140.842,140.77,140.837,5075000,714682913,False
2026-04-24,140.844,140.93,140.839,140.899,4898441,690287943,False
2026-04-27,140.841,140.855,140.688,140.701,3084900,434322626,False
2026-04-28,140.76,140.839,140.742,140.82,8455400,1190676364,False
2026-04-29,140.83,140.899,140.812,140.899,4170400,587490081,False
2026-04-30,140.901,140.931,140.87,140.873,17200600,2423305309,False
2026-05-06,140.8,140.87,140.717,140.811,4819000,678304691,False
2026-05-07,140.811,140.882,140.789,140.82,5461578,769267027,False
2026-05-08,140.848,140.9,140.848,140.9,20099500,2831456493,False
2026-05-11,140.896,140.93,140.794,140.911,3614600,509168664,False
2026-05-12,140.928,140.986,140.89,140.963,3219200,453697250,False
2026-05-13,140.963,141.009,140.962,140.999,2041390,287814920,False
2026-05-14,141.009,141.02,140.977,141.011,1554500,219193453,False
2026-05-15,141.046,141.096,141.014,141.074,1851400,261157821,False
2026-05-18,141.076,141.136,141.0,141.126,1827300,257802404,False
2026-05-19,141.122,141.269,141.122,141.247,3718778,525124559,False
2026-05-20,141.248,141.299,141.234,141.278,1507800,213001454,False
2026-05-21,141.275,141.291,141.181,141.191,2017500,284969253,False
2026-05-22,141.193,141.215,141.148,141.204,1051600,148471271,False
2026-05-25,141.202,141.202,141.145,141.176,1615178,228006970,False
2026-05-26,141.176,141.235,141.176,141.23,1017078,143613189,False
2026-05-27,141.232,141.307,141.231,141.302,7257810,1025342458,False
2026-05-28,141.327,141.418,141.323,141.417,1855400,262327548,False
2026-05-29,141.41,141.504,141.388,141.499,6625000,937183209,False
2026-06-01,141.498,141.526,141.475,141.504,2716600,384406914,False
2026-06-02,141.503,141.525,141.47,141.48,2917300,412757992,False
2026-06-03,141.481,141.508,141.448,141.464,3429000,485092362,False
2026-06-04,141.465,141.525,141.413,141.504,3541200,501012003,False
2026-06-05,141.512,141.565,141.481,141.5,2955300,418197984,False
2026-06-08,141.477,141.489,141.351,141.409,2033600,287548734,False
2026-06-09,141.411,141.439,141.331,141.345,3022600,427297140,False
