date,open,high,low,close,volume,amount,suspended
2018-11-29,0.993,0.997,0.974,0.975,47349935,46831833,False
2018-11-30,0.974,0.984,0.969,0.983,28533619,27838916,False
2018-12-03,1.0,1.012,0.995,1.008,80538560,81021204,False
2018-12-04,1.005,1.012,1.002,1.009,22508239,22697841,False
2018-12-05,0.998,1.01,0.998,1.006,11748339,11795074,False
2018-12-06,1.001,1.001,0.99,0.991,7150447,7121122,False
2018-12-07,0.989,0.995,0.989,0.995,3101085,3078356,False
2018-12-10,0.99,0.992,0.98,0.984,7927300,7809980,False
2018-12-11,0.984,0.992,0.984,0.989,7710651,7612677,False
2018-12-12,0.991,0.997,0.987,0.996,14303557,14179819,False
2018-12-13,0.995,1.011,0.993,1.009,44839088,45137125,False
2018-12-14,1.008,1.008,0.995,0.998,17446100,17471640,False
2018-12-17,0.996,0.996,0.984,0.991,15961257,15811113,False
2018-12-18,0.983,0.993,0.976,0.983,14428595,14185166,False
2018-12-19,0.983,0.984,0.971,0.971,13204300,12908924,False
2018-12-20,0.971,0.975,0.961,0.968,22832300,22104454,False
2018-12-21,0.968,0.968,0.953,0.958,18690348,17902113,False
2018-12-24,0.958,0.963,0.952,0.962,14060100,13480796,False
2018-12-25,0.96,0.96,0.937,0.958,19385900,18345849,False
2018-12-26,0.956,0.96,0.947,0.951,15376722,14640170,False
2018-12-27,0.96,0.966,0.947,0.947,22349700,21410019,False
2018-12-28,0.949,0.957,0.945,0.95,25932200,24655438,False
2019-01-02,0.955,0.955,0.93,0.931,14093200,13196000,False
2019-01-03,0.931,0.939,0.924,0.924,9184154,8547104,False
2019-01-04,0.922,0.944,0.917,0.942,19088846,17839728,False
2019-01-07,0.947,0.954,0.944,0.953,21977140,20861916,False
2019-01-08,0.952,0.952,0.947,0.95,6355400,6038659,False
2019-01-09,0.95,0.969,0.95,0.957,30295300,29193561,False
2019-01-10,0.958,0.963,0.954,0.956,9211800,8820936,False
2019-01-11,0.956,0.962,0.954,0.96,3893900,3727745,False
2019-01-14,0.961,0.961,0.95,0.953,8717100,8308745,False
2019-01-15,0.953,0.966,0.95,0.966,10222000,9782939,False
2019-01-16,0.964,0.97,0.963,0.969,12006517,11607376,False
2019-01-17,0.969,0.97,0.96,0.962,6903500,6661665,False
2019-01-18,0.965,0.975,0.962,0.973,15636800,15155089,False
2019-01-21,0.972,0.982,0.972,0.978,12093698,11832731,False
2019-01-22,0.978,0.978,0.966,0.968,8607180,8370214,False
2019-01-23,0.967,0.972,0.966,0.969,4192000,4062246,False
2019-01-24,0.971,0.975,0.966,0.973,8202100,7963171,False
2019-01-25,0.973,0.985,0.973,0.979,13414000,13157887,False
2019-01-28,0.978,0.989,0.976,0.979,12666800,12451202,False
2019-01-29,0.975,0.981,0.961,0.977,8194000,7960263,False
2019-01-30,0.977,0.979,0.967,0.969,14711381,14340620,False
2019-01-31,0.969,0.978,0.967,0.969,10340512,10044705,False
2019-02-01,0.967,0.988,0.967,0.987,21494164,21037166,False
2019-02-11,0.986,1.006,0.98,1.005,28031329,27941555,False
2019-02-12,1.002,1.015,1.002,1.012,46214618,46675800,False
2019-02-13,1.013,1.032,1.012,1.029,49183812,50315237,False
2019-02-14,1.025,1.037,1.024,1.031,44387014,45719479,False
2019-02-15,1.031,1.031,1.016,1.018,23254695,23777330,False
2019-02-18,1.019,1.047,1.019,1.046,40673759,42193366,False
2019-02-19,1.046,1.056,1.036,1.043,42478639,44464871,False
2019-02-20,1.043,1.051,1.039,1.047,38042497,39824745,False
2019-02-21,1.048,1.061,1.04,1.042,38516626,40455062,False
2019-02-22,1.042,1.055,1.035,1.055,20039586,20956388,False
2019-02-25,1.061,1.11,1.061,1.107,40347719,43795368,False
2019-02-26,1.108,1.121,1.094,1.105,50330828,55811678,False
2019-02-27,1.105,1.114,1.089,1.1,28711350,31650293,False
2019-02-28,1.1,1.114,1.1,1.107,42618429,47175108,False
2019-03-01,1.107,1.119,1.1,1.119,35068603,38846425,False
2019-03-04,1.119,1.157,1.119,1.134,29807768,33906055,False
2019-03-05,1.135,1.156,1.129,1.154,24028314,27489879,False
2019-03-06,1.155,1.17,1.149,1.169,26802262,31021572,False
2019-03-07,1.165,1.166,1.148,1.16,23487717,27204087,False
2019-03-08,1.132,1.151,1.111,1.111,27782548,31446510,False
2019-03-11,1.111,1.147,1.111,1.146,17649937,19965536,False
2019-03-12,1.155,1.171,1.149,1.162,28045610,32532046,False
2019-03-13,1.161,1.164,1.143,1.146,15962400,18406384,False
2019-03-14,1.148,1.148,1.124,1.13,20332083,23002317,False
2019-03-15,1.13,1.157,1.13,1.151,33031263,37948028,False
2019-03-18,1.151,1.181,1.148,1.181,23267578,27083627,False
2019-03-19,1.181,1.186,1.17,1.175,21145925,24873496,False
2019-03-20,1.174,1.176,1.158,1.171,19291586,22496156,False
2019-03-21,1.172,1.178,1.163,1.174,18402891,21604583,False
2019-03-22,1.166,1.181,1.165,1.18,13606119,15946165,False
2019-03-25,1.15,1.176,1.15,1.162,17499448,20413049,False
2019-03-26,1.164,1.168,1.135,1.136,25140267,28882276,False
2019-03-27,1.139,1.151,1.137,1.15,21949600,25092454,False
2019-03-28,1.145,1.155,1.143,1.146,13414300,15418117,False
2019-03-29,1.15,1.182,1.143,1.181,42407650,49478376,False
2019-04-01,1.181,1.216,1.18,1.216,44508723,53634431,False
2019-04-02,1.217,1.223,1.212,1.217,24460900,29799340,False
2019-04-03,1.216,1.233,1.206,1.23,18653676,22780167,False
2019-04-04,1.234,1.248,1.234,1.247,18166666,22592728,False
2019-04-08,1.248,1.272,1.231,1.248,24134867,30221222,False
2019-04-09,1.247,1.253,1.23,1.249,15788981,19656403,False
2019-04-10,1.249,1.262,1.238,1.249,7594300,9466063,False
2019-04-11,1.249,1.252,1.221,1.223,25079200,30965742,False
2019-04-12,1.222,1.225,1.214,1.22,11314817,13792190,False
2019-04-15,1.235,1.246,1.21,1.211,15543500,19130285,False
2019-04-16,1.203,1.238,1.202,1.238,21849400,26650476,False
2019-04-17,1.239,1.245,1.233,1.238,11977300,14830585,False
2019-04-18,1.239,1.241,1.228,1.23,11133033,13751273,False
2019-04-19,1.231,1.239,1.22,1.238,10278900,12634801,False
2019-04-22,1.24,1.245,1.213,1.219,12857900,15730431,False
2019-04-23,1.22,1.222,1.204,1.208,14009100,16968724,False
2019-04-24,1.209,1.215,1.191,1.21,17477018,21044590,False
2019-04-25,1.208,1.208,1.176,1.177,31486600,37570382,False
2019-04-26,1.175,1.176,1.158,1.16,13116700,15302938,False
2019-04-29,1.16,1.172,1.148,1.154,18424240,21359411,False
2019-04-30,1.154,1.167,1.151,1.166,17767800,20631780,False
2019-05-06,1.154,1.154,1.049,1.093,27547700,30580220,False
2019-05-07,1.105,1.112,1.092,1.104,16527300,18229108,False
2019-05-08,1.1,1.113,1.083,1.096,15468400,17029571,False
2019-05-09,1.085,1.095,1.078,1.078,17466342,18928196,False
2019-05-10,1.082,1.111,1.073,1.11,19304390,21172537,False
2019-05-13,1.106,1.106,1.093,1.099,12583377,13841921,False
2019-05-14,1.079,1.1,1.079,1.089,11430400,12504415,False
2019-05-15,1.098,1.116,1.098,1.113,14541600,16073913,False
2019-05-16,1.111,1.118,1.107,1.116,12945300,14394759,False
2019-05-17,1.12,1.12,1.086,1.091,17253808,19007503,False
2019-05-20,1.091,1.091,1.068,1.081,20110100,21603803,False
2019-05-21,1.081,1.098,1.076,1.092,15593300,16990836,False
2019-05-22,1.092,1.096,1.085,1.086,15538300,16936194,False
2019-05-23,1.086,1.086,1.068,1.071,20142600,21636353,False
2019-05-24,1.066,1.077,1.066,1.07,15027300,16072220,False
2019-05-27,1.07,1.086,1.062,1.082,18305300,19648321,False
2019-05-28,1.082,1.093,1.08,1.085,13995400,15222135,False
2019-05-29,1.085,1.091,1.08,1.085,10744500,11654799,False
2019-05-30,1.085,1.086,1.074,1.083,12337100,13288730,False
2019-05-31,1.083,1.094,1.081,1.083,7121400,7738582,False
2019-06-03,1.081,1.091,1.07,1.077,11838000,12760574,False
2019-06-04,1.076,1.076,1.063,1.065,9318600,9942774,False
2019-06-05,1.072,1.075,1.063,1.065,8170600,8736425,False
2019-06-06,1.068,1.068,1.049,1.051,9868800,10422235,False
2019-06-10,1.05,1.07,1.05,1.064,8617700,9154320,False
2019-06-11,1.069,1.097,1.065,1.096,12391900,13469180,False
2019-06-12,1.096,1.096,1.086,1.087,9470700,10324032,False
2019-06-13,1.089,1.09,1.079,1.089,9076300,9848341,False
2019-06-14,1.088,1.091,1.077,1.079,4780800,5177962,False
2019-06-17,1.074,1.081,1.071,1.075,8253700,8877814,False
2019-06-18,1.083,1.083,1.068,1.072,5622600,6031591,False
2019-06-19,1.089,1.098,1.085,1.085,12674600,13854180,False
2019-06-20,1.085,1.115,1.085,1.11,16288900,17980267,False
2019-06-21,1.111,1.124,1.111,1.121,20970100,23479499,False
2019-06-24,1.12,1.12,1.115,1.119,9259077,10347915,False
2019-06-25,1.118,1.118,1.099,1.11,10212900,11308486,False
2019-06-26,1.111,1.114,1.105,1.11,4851000,5378948,False
2019-06-27,1.115,1.125,1.11,1.12,8958700,10032644,False
2019-06-28,1.117,1.117,1.107,1.115,6552400,7284899,False
2019-07-01,1.133,1.142,1.13,1.142,13932600,15827740,False
2019-07-02,1.14,1.144,1.132,1.142,17683894,20158929,False
2019-07-03,1.142,1.145,1.135,1.138,15615700,17802064,False
2019-07-04,1.14,1.146,1.131,1.139,8977800,10215561,False
2019-07-05,1.139,1.144,1.136,1.142,6141498,7004454,False
2019-07-08,1.142,1.142,1.109,1.117,9442198,10586271,False
2019-07-09,1.12,1.12,1.11,1.113,6163300,6862056,False
2019-07-10,1.113,1.116,1.104,1.104,4090200,4535158,False
2019-07-11,1.11,1.12,1.104,1.108,10003600,11109204,False
2019-07-12,1.114,1.119,1.109,1.117,8650247,9651640,False
2019-07-15,1.11,1.126,1.101,1.118,8828100,9840123,False
2019-07-16,1.119,1.121,1.117,1.12,4683000,5239001,False
2019-07-17,1.12,1.12,1.113,1.116,2328100,2601832,False
2019-07-18,1.116,1.116,1.103,1.103,5480100,6059308,False
2019-07-19,1.106,1.116,1.106,1.109,9149300,10158519,False
2019-07-22,1.108,1.109,1.093,1.099,10674100,11769308,False
2019-07-23,1.104,1.107,1.097,1.104,8591641,9470492,False
2019-07-24,1.104,1.119,1.104,1.113,12202900,13601797,False
2019-07-25,1.113,1.122,1.111,1.121,13970363,15609354,False
2019-07-26,1.116,1.124,1.115,1.123,6454900,7218378,False
2019-07-29,1.123,1.125,1.119,1.123,5028100,5642615,False
2019-07-30,1.123,1.138,1.123,1.13,7132200,8079320,False
2019-07-31,1.13,1.13,1.123,1.126,5310300,5980644,False
2019-08-01,1.123,1.124,1.113,1.116,8937700,9986565,False
2019-08-02,1.105,1.105,1.091,1.099,10579300,11592542,False
2019-08-05,1.099,1.099,1.078,1.079,9463600,10295778,False
2019-08-06,1.07,1.07,1.048,1.065,19141460,20269501,False
2019-08-07,1.074,1.074,1.061,1.063,11196900,11926779,False
2019-08-08,1.063,1.071,1.063,1.069,4491000,4795211,False
2019-08-09,1.076,1.076,1.061,1.063,5319500,5680471,False
2019-08-12,1.064,1.078,1.062,1.078,6093700,6503770,False
2019-08-13,1.076,1.077,1.07,1.077,7392400,7929697,False
2019-08-14,1.089,1.09,1.078,1.08,5657959,6133947,False
2019-08-15,1.069,1.083,1.062,1.081,3642300,3913788,False
2019-08-16,1.083,1.093,1.08,1.087,9433000,10252656,False
2019-08-19,1.095,1.115,1.094,1.115,10528500,11629652,False
2019-08-20,1.114,1.119,1.11,1.111,6890806,7681191,False
2019-08-21,1.111,1.114,1.105,1.111,5805689,6446495,False
2019-08-22,1.119,1.119,1.111,1.116,8985109,10005119,False
2019-08-23,1.115,1.122,1.113,1.122,9901912,11077362,False
2019-08-26,1.111,1.114,1.099,1.11,13824400,15329965,False
2019-08-27,1.119,1.135,1.118,1.13,14527290,16396112,False
2019-08-28,1.13,1.13,1.12,1.123,4431200,4972281,False
2019-08-29,1.12,1.12,1.113,1.115,5015100,5592120,False
2019-08-30,1.116,1.125,1.102,1.104,8043200,8911339,False
2019-09-02,1.104,1.12,1.104,1.118,13717900,15284830,False
2019-09-03,1.12,1.122,1.115,1.12,6111500,6836684,False
2019-09-04,1.122,1.13,1.12,1.129,8305700,9344716,False
2019-09-05,1.13,1.151,1.13,1.139,16713200,19121483,False
2019-09-06,1.141,1.142,1.136,1.142,10769200,12264902,False
2019-09-09,1.145,1.155,1.145,1.154,9244300,10627066,False
2019-09-10,1.154,1.155,1.148,1.154,7358200,8475239,False
2019-09-11,1.154,1.157,1.146,1.148,8216800,9450652,False
2019-09-12,1.149,1.154,1.146,1.152,5218000,6002629,False
2019-09-16,1.153,1.157,1.149,1.151,6039800,6960938,False
2019-09-17,1.148,1.148,1.133,1.137,7692700,8769262,False
2019-09-18,1.135,1.145,1.135,1.143,3780900,4316424,False
2019-09-19,1.143,1.149,1.14,1.149,3569911,4086315,False
2019-09-20,1.15,1.156,1.15,1.152,7131800,8225939,False
2019-09-23,1.15,1.15,1.133,1.139,16375600,18625160,False
2019-09-24,1.138,1.147,1.135,1.137,6390500,7286903,False
2019-09-25,1.134,1.134,1.125,1.125,6950100,7847156,False
2019-09-26,1.133,1.133,1.112,1.112,5386600,6034611,False
2019-09-27,1.113,1.118,1.11,1.116,3925600,4378116,False
2019-09-30,1.115,1.122,1.108,1.108,6313600,7043605,False
2019-10-08,1.107,1.122,1.107,1.115,5317600,5944067,False
2019-10-09,1.111,1.121,1.109,1.12,4652500,5195689,False
2019-10-10,1.12,1.13,1.12,1.129,4995500,5622835,False
2019-10-11,1.132,1.136,1.128,1.136,6825400,7725169,False
2019-10-14,1.136,1.155,1.136,1.147,14055800,16136472,False
2019-10-15,1.145,1.146,1.142,1.143,3261600,3732974,False
2019-10-16,1.15,1.153,1.14,1.141,3332200,3818169,False
2019-10-17,1.141,1.143,1.136,1.138,6238200,7099773,False
2019-10-18,1.143,1.143,1.124,1.126,4437800,5013484,False
2019-10-21,1.126,1.13,1.12,1.129,4932000,5535963,False
2019-10-22,1.129,1.138,1.128,1.137,5312700,6018457,False
2019-10-23,1.137,1.137,1.127,1.129,5414600,6133294,False
2019-10-24,1.134,1.134,1.123,1.129,11317900,12760243,False
2019-10-25,1.127,1.134,1.123,1.134,2380436,2686112,False
2019-10-28,1.132,1.137,1.131,1.136,5475600,6213261,False
2019-10-29,1.136,1.137,1.13,1.13,3477200,3938137,False
2019-10-30,1.129,1.129,1.118,1.121,5096200,5719777,False
2019-10-31,1.13,1.13,1.117,1.118,3083800,3458458,False
2019-11-01,1.118,1.13,1.114,1.129,3939000,4435846,False
2019-11-04,1.129,1.138,1.129,1.134,6653100,7552068,False
2019-11-05,1.135,1.15,1.131,1.143,15890675,18148735,False
2019-11-06,1.144,1.145,1.133,1.136,4428375,5041072,False
2019-11-07,1.137,1.144,1.137,1.144,7646800,8719666,False
2019-11-08,1.143,1.15,1.14,1.141,5297300,6069800,False
2019-11-11,1.14,1.14,1.116,1.117,8338100,9374209,False
2019-11-12,1.126,1.126,1.109,1.117,4745100,5286292,False
2019-11-13,1.117,1.119,1.11,1.113,4030100,4484316,False
2019-11-14,1.115,1.118,1.11,1.115,3463200,3858914,False
2019-11-15,1.115,1.117,1.104,1.104,8499900,9428286,False
2019-11-18,1.104,1.112,1.098,1.109,10597000,11705949,False
2019-11-19,1.111,1.125,1.11,1.124,11239813,12591797,False
2019-11-20,1.125,1.126,1.117,1.119,6571900,7372049,False
2019-11-21,1.118,1.118,1.111,1.115,5394900,6013555,False
2019-11-22,1.117,1.126,1.103,1.108,15222200,16944472,False
2019-11-25,1.111,1.112,1.102,1.11,4572420,5062974,False
2019-11-26,1.118,1.118,1.108,1.112,3907800,4343919,False
2019-11-27,1.11,1.114,1.107,1.11,4984700,5527918,False
2019-11-28,1.11,1.113,1.103,1.105,3355500,3713707,False
2019-11-29,1.105,1.107,1.095,1.098,4066000,4471338,False
2019-12-02,1.097,1.106,1.097,1.102,7300100,8043103,False
2019-12-03,1.101,1.104,1.095,1.104,2503000,2749998,False
2019-12-04,1.099,1.104,1.098,1.101,2603900,2865129,False
2019-12-05,1.104,1.109,1.102,1.108,4054400,4482261,False
2019-12-06,1.108,1.113,1.106,1.112,4845900,5374877,False
2019-12-09,1.118,1.118,1.112,1.116,6996605,7803433,False
2019-12-10,1.12,1.12,1.112,1.117,3219500,3591872,False
2019-12-11,1.118,1.12,1.114,1.117,7377500,8242584,False
2019-12-12,1.116,1.118,1.114,1.116,7629500,8512335,False
2019-12-13,1.114,1.126,1.114,1.125,10113200,11351602,False
2019-12-16,1.13,1.144,1.129,1.144,12509832,14216826,False
2019-12-17,1.143,1.16,1.142,1.156,12194914,14054532,False
2019-12-18,1.156,1.16,1.151,1.153,7004300,8089434,False
2019-12-19,1.151,1.16,1.151,1.157,8181100,9468676,False
2019-12-20,1.159,1.162,1.154,1.154,5345400,6193295,False
2019-12-23,1.15,1.156,1.139,1.14,8989812,10299978,False
2019-12-24,1.139,1.153,1.139,1.153,11421600,13101797,False
2019-12-25,1.15,1.153,1.144,1.148,4595608,5279415,False
2019-12-26,1.15,1.157,1.15,1.157,7512300,8668104,False
2019-12-27,1.155,1.166,1.155,1.155,4540723,5280026,False
2019-12-30,1.155,1.166,1.146,1.166,7955200,9244047,False
2019-12-31,1.165,1.172,1.163,1.172,11153854,13031820,False
2020-01-02,1.172,1.195,1.172,1.191,19220500,22818467,False
2020-01-03,1.191,1.196,1.188,1.192,7201000,8588441,False
2020-01-06,1.192,1.205,1.184,1.193,9335500,11155892,False
2020-01-07,1.193,1.205,1.193,1.205,9655600,11576756,False
2020-01-08,1.199,1.201,1.185,1.188,7391462,8812487,False
2020-01-09,1.19,1.207,1.19,1.203,6342300,7614864,False
2020-01-10,1.203,1.205,1.198,1.203,4349000,5225395,False
2020-01-13,1.2,1.21,1.195,1.21,5818641,6994559,False
2020-01-14,1.211,1.216,1.21,1.21,3763500,4565502,False
2020-01-15,1.21,1.21,1.199,1.204,3487900,4195118,False
2020-01-16,1.204,1.206,1.2,1.2,3399721,4083695,False
2020-01-17,1.201,1.204,1.193,1.195,3602371,4322004,False
2020-01-20,1.194,1.2,1.193,1.199,4711486,5631983,False
2020-01-21,1.196,1.196,1.184,1.185,5897600,7018620,False
2020-01-22,1.185,1.19,1.165,1.185,6838865,8065984,False
2020-01-23,1.179,1.179,1.142,1.146,10955900,12707334,False
2020-02-03,1.035,1.08,1.031,1.037,12408600,12924097,False
2020-02-04,1.036,1.075,1.036,1.074,13489100,14319969,False
2020-02-05,1.084,1.1,1.073,1.096,11464716,12509733,False
2020-02-06,1.105,1.125,1.091,1.121,7929816,8800326,False
2020-02-07,1.112,1.125,1.111,1.122,7401216,8270953,False
2020-02-10,1.121,1.135,1.113,1.134,8432400,9513502,False
2020-02-11,1.14,1.14,1.128,1.135,4000684,4536941,False
2020-02-12,1.134,1.149,1.134,1.145,5382200,6142187,False
2020-02-13,1.148,1.153,1.136,1.138,8195600,9379648,False
2020-02-14,1.144,1.149,1.141,1.148,3091770,3543843,False
2020-02-17,1.148,1.179,1.148,1.175,8070370,9407417,False
2020-02-18,1.175,1.181,1.164,1.176,7697697,9037768,False
2020-02-19,1.187,1.187,1.17,1.17,7302197,8591850,False
2020-02-20,1.176,1.189,1.172,1.188,10471003,12361734,False
2020-02-21,1.192,1.202,1.184,1.194,8734800,10413862,False
2020-02-24,1.194,1.198,1.182,1.197,7270200,8670602,False
2020-02-25,1.18,1.189,1.155,1.183,7322700,8633726,False
2020-02-26,1.171,1.198,1.168,1.18,7922700,9417584,False
2020-02-27,1.185,1.2,1.184,1.193,10944900,13066254,False
2020-02-28,1.17,1.189,1.15,1.155,7435900,8641645,False
2020-03-02,1.151,1.202,1.151,1.198,7500000,8936055,False
2020-03-03,1.199,1.215,1.193,1.203,12772500,15415608,False
2020-03-04,1.196,1.22,1.196,1.22,10802426,13072263,False
2020-03-05,1.222,1.24,1.222,1.238,10756896,13274625,False
2020-03-06,1.228,1.23,1.222,1.226,3723100,4560568,False
2020-03-09,1.213,1.213,1.18,1.181,7928500,9403913,False
2020-03-10,1.173,1.197,1.163,1.197,7925200,9382789,False
2020-03-11,1.197,1.201,1.184,1.185,3984100,4749980,False
2020-03-12,1.184,1.184,1.158,1.163,5697200,6626209,False
2020-03-13,1.133,1.158,1.1,1.15,7031100,7936263,False
2020-03-16,1.149,1.155,1.106,1.11,8174600,9196963,False
2020-03-17,1.11,1.128,1.081,1.105,7734353,8513117,False
2020-03-18,1.105,1.125,1.088,1.09,9174400,10119594,False
2020-03-19,1.077,1.093,1.06,1.087,7672861,8246830,False
2020-03-20,1.092,1.106,1.087,1.104,3718500,4071363,False
2020-03-23,1.1,1.1,1.068,1.072,2313900,2494906,False
2020-03-24,1.083,1.094,1.073,1.09,2032200,2206574,False
2020-03-25,1.101,1.118,1.101,1.115,1848800,2054352,False
2020-03-26,1.105,1.117,1.105,1.108,3358500,3736553,False
2020-03-27,1.119,1.129,1.114,1.119,4007900,4493278,False
2020-03-30,1.114,1.114,1.102,1.108,2107800,2332367,False
2020-03-31,1.114,1.117,1.108,1.111,2271400,2525521,False
2020-04-01,1.111,1.119,1.102,1.102,1388400,1542930,False
2020-04-02,1.099,1.116,1.097,1.116,1788100,1977705,False
2020-04-03,1.116,1.117,1.106,1.108,1542500,1715907,False
2020-04-07,1.119,1.139,1.119,1.138,4617800,5227397,False
2020-04-08,1.136,1.14,1.129,1.136,3497400,3964598,False
2020-04-09,1.139,1.142,1.136,1.138,842300,960543,False
2020-04-10,1.137,1.147,1.127,1.132,3548500,4027195,False
2020-04-13,1.123,1.135,1.123,1.131,1202300,1361009,False
2020-04-14,1.136,1.149,1.135,1.148,2861500,3268110,False
2020-04-15,1.148,1.151,1.143,1.144,259600,298043,False
2020-04-16,1.14,1.148,1.139,1.147,936100,1071294,False
2020-04-17,1.152,1.162,1.15,1.152,2503100,2887543,False
2020-04-20,1.155,1.163,1.153,1.161,2979850,3457296,False
2020-04-21,1.157,1.159,1.15,1.157,2181500,2518567,False
2020-04-22,1.151,1.164,1.146,1.163,2834938,3277163,False
2020-04-23,1.165,1.169,1.16,1.164,1555800,1814790,False
2020-04-24,1.152,1.163,1.144,1.151,1039800,1196594,False
2020-04-27,1.151,1.16,1.15,1.152,1867600,2154528,False
2020-04-28,1.152,1.152,1.123,1.147,4005700,4572616,False
2020-04-29,1.148,1.154,1.147,1.15,1253500,1441017,False
2020-04-30,1.15,1.167,1.15,1.166,1976100,2298923,False
2020-05-06,1.16,1.175,1.16,1.172,2378300,2783440,False
2020-05-07,1.167,1.18,1.167,1.175,4312500,5069541,False
2020-05-08,1.181,1.188,1.18,1.185,598587,709758,False
2020-05-11,1.19,1.194,1.183,1.189,2582100,3071961,False
2020-05-12,1.188,1.189,1.177,1.182,5454900,6439502,False
2020-05-13,1.178,1.187,1.177,1.187,1925100,2272980,False
2020-05-14,1.183,1.183,1.169,1.17,3077400,3613799,False
2020-05-15,1.17,1.177,1.169,1.17,5030600,5890778,False
2020-05-18,1.172,1.176,1.167,1.171,2350700,2757187,False
2020-05-19,1.175,1.182,1.174,1.177,5586700,6569107,False
2020-05-20,1.172,1.175,1.166,1.168,5786300,6761411,False
2020-05-21,1.169,1.17,1.16,1.16,2714100,3164543,False
2020-05-22,1.16,1.16,1.138,1.141,1279000,1464154,False
2020-05-25,1.132,1.145,1.132,1.145,2012000,2296080,False
2020-05-26,1.15,1.16,1.15,1.159,1623100,1873032,False
2020-05-27,1.157,1.16,1.153,1.156,1596000,1845718,False
2020-05-28,1.157,1.163,1.147,1.155,952800,1103366,False
2020-05-29,1.154,1.164,1.154,1.163,1395300,1615169,False
2020-06-01,1.162,1.192,1.162,1.191,1847500,2192172,False
2020-06-02,1.188,1.193,1.188,1.193,5476700,6521481,False
2020-06-03,1.192,1.198,1.189,1.191,3118200,3720024,False
2020-06-04,1.191,1.194,1.187,1.19,2027800,2412976,False
2020-06-05,1.19,1.19,1.183,1.189,4031800,4786990,False
2020-06-08,1.19,1.197,1.19,1.196,5226191,6242713,False
2020-06-09,1.196,1.205,1.196,1.204,3550900,4271491,False
2020-06-10,1.204,1.21,1.203,1.21,2747700,3316668,False
2020-06-11,1.21,1.214,1.194,1.2,755700,908253,False
2020-06-12,1.188,1.201,1.178,1.201,1413400,1678165,False
2020-06-15,1.196,1.207,1.196,1.196,964000,1155669,False
2020-06-16,1.198,1.215,1.198,1.214,4298100,5196998,False
2020-06-17,1.214,1.223,1.21,1.222,8401000,10216058,False
2020-06-18,1.217,1.228,1.217,1.225,2839000,3475959,False
2020-06-19,1.225,1.23,1.222,1.228,672600,824965,False
2020-06-22,1.228,1.233,1.224,1.226,1826000,2245481,False
2020-06-23,1.229,1.23,1.226,1.229,3819100,4689273,False
2020-06-24,1.228,1.24,1.228,1.238,1364600,1686168,False
2020-06-29,1.237,1.237,1.222,1.228,3714900,4556583,False
2020-06-30,1.229,1.24,1.229,1.239,585559,724248,False
2020-07-01,1.242,1.269,1.242,1.269,4911100,6194433,False
2020-07-02,1.269,1.299,1.269,1.297,3438700,4423651,False
2020-07-03,1.297,1.32,1.297,1.317,2380100,3116418,False
2020-07-06,1.316,1.398,1.316,1.396,5851700,8058689,False
2020-07-07,1.397,1.422,1.382,1.389,11685900,16326139,False
2020-07-08,1.387,1.412,1.337,1.407,3375691,4707495,False
2020-07-09,1.408,1.438,1.407,1.438,3285400,4682887,False
2020-07-10,1.439,1.439,1.408,1.416,2828000,4029473,False
2020-07-13,1.415,1.453,1.415,1.451,1377754,1981642,False
2020-07-14,1.455,1.461,1.421,1.445,2275500,3289818,False
2020-07-15,1.445,1.452,1.415,1.415,3324600,4748762,False
2020-07-16,1.415,1.43,1.366,1.367,1965800,2774144,False
2020-07-17,1.368,1.397,1.366,1.381,4256800,5867748,False
2020-07-20,1.397,1.44,1.397,1.44,1910500,2728561,False
2020-07-21,1.441,1.448,1.432,1.438,4938100,7114976,False
2020-07-22,1.439,1.459,1.436,1.444,2654800,3834071,False
2020-07-23,1.43,1.45,1.415,1.439,3257929,4670757,False
2020-07-24,1.438,1.446,1.385,1.393,4848400,6864421,False
2020-07-27,1.4,1.405,1.385,1.395,1293000,1800605,False
2020-07-28,1.396,1.415,1.396,1.411,15209000,21432002,False
2020-07-29,1.407,1.442,1.403,1.441,2489500,3551768,False
2020-07-30,1.442,1.455,1.442,1.446,1564800,2268258,False
2020-07-31,1.45,1.47,1.438,1.459,2030800,2967634,False
2020-08-03,1.46,1.49,1.46,1.488,1155400,1711456,False
2020-08-04,1.489,1.505,1.489,1.493,1873906,2805034,False
2020-08-05,1.488,1.5,1.476,1.494,1701610,2527763,False
2020-08-06,1.495,1.506,1.48,1.498,2296700,3438431,False
2020-08-07,1.498,1.5,1.478,1.496,1202700,1792069,False
2020-08-10,1.496,1.523,1.494,1.514,4591700,6912240,False
2020-08-11,1.512,1.524,1.489,1.49,1875400,2835174,False
2020-08-12,1.49,1.491,1.458,1.491,5863100,8642225,False
2020-08-13,1.486,1.496,1.483,1.485,2676200,3984625,False
2020-08-14,1.48,1.507,1.48,1.506,3111000,4631455,False
2020-08-17,1.516,1.548,1.51,1.538,7335300,11253821,False
2020-08-18,1.539,1.548,1.539,1.543,2919000,4505038,False
2020-08-19,1.545,1.56,1.537,1.539,5194500,8053060,False
2020-08-20,1.537,1.537,1.513,1.517,11925400,18146990,False
2020-08-21,1.535,1.535,1.517,1.528,9948453,15207737,False
2020-08-24,1.529,1.55,1.523,1.531,16370253,25100799,False
2020-08-25,1.532,1.541,1.524,1.526,2770200,4249255,False
2020-08-26,1.523,1.532,1.5,1.506,2510900,3805520,False
2020-08-27,1.508,1.512,1.492,1.507,3624900,5427048,False
2020-08-28,1.5,1.535,1.5,1.526,5837100,8888195,False
2020-08-31,1.537,1.548,1.523,1.53,3472300,5354795,False
2020-09-01,1.529,1.529,1.51,1.523,3019900,4589085,False
2020-09-02,1.528,1.53,1.517,1.527,3286400,5007252,False
2020-09-03,1.527,1.535,1.518,1.519,4561700,6965213,False
2020-09-04,1.517,1.517,1.494,1.512,4313000,6484740,False
2020-09-07,1.51,1.52,1.483,1.488,3354700,5060515,False
2020-09-08,1.488,1.495,1.475,1.492,6150800,9132139,False
2020-09-09,1.491,1.491,1.425,1.456,2692300,3929797,False
2020-09-10,1.457,1.478,1.442,1.448,2042500,2992787,False
2020-09-11,1.448,1.459,1.44,1.459,2147700,3103169,False
2020-09-14,1.456,1.466,1.456,1.462,1881900,2747735,False
2020-09-15,1.461,1.475,1.458,1.474,713100,1043758,False
2020-09-16,1.472,1.479,1.47,1.474,3933000,5798093,False
2020-09-17,1.471,1.481,1.468,1.481,3020500,4453121,False
2020-09-18,1.483,1.509,1.482,1.507,3525300,5272307,False
2020-09-21,1.507,1.507,1.495,1.495,1144400,1717595,False
2020-09-22,1.494,1.494,1.468,1.475,2733900,4036429,False
2020-09-23,1.476,1.479,1.47,1.477,777500,1144784,False
2020-09-24,1.476,1.476,1.445,1.446,3532800,5128161,False
2020-09-25,1.447,1.458,1.443,1.444,2649600,3840690,False
2020-09-28,1.445,1.454,1.444,1.448,1267400,1836173,False
2020-09-29,1.448,1.46,1.448,1.452,1139300,1660087,False
2020-09-30,1.455,1.455,1.436,1.443,2925500,4224879,False
2020-10-09,1.455,1.48,1.455,1.475,2814300,4137388,False
2020-10-12,1.476,1.508,1.476,1.508,2931700,4395809,False
2020-10-13,1.508,1.511,1.5,1.508,1437400,2164046,False
2020-10-14,1.504,1.504,1.495,1.498,715174,1073309,False
2020-10-15,1.5,1.504,1.49,1.499,401500,602584,False
2020-10-16,1.5,1.501,1.492,1.499,1145884,1714985,False
2020-10-19,1.5,1.517,1.49,1.494,1759200,2650010,False
2020-10-20,1.493,1.499,1.482,1.498,1131100,1682371,False
2020-10-21,1.499,1.499,1.482,1.492,1431600,2126715,False
2020-10-22,1.49,1.49,1.475,1.484,659500,977796,False
2020-10-23,1.483,1.49,1.472,1.474,1277600,1890524,False
2020-10-26,1.473,1.475,1.456,1.468,917600,1345082,False
2020-10-27,1.467,1.467,1.457,1.466,554600,810454,False
2020-10-28,1.466,1.469,1.453,1.464,343300,500853,False
2020-10-29,1.463,1.472,1.45,1.472,269800,394328,False
2020-10-30,1.47,1.47,1.442,1.445,1864600,2720954,False
2020-11-02,1.444,1.455,1.443,1.45,315100,457295,False
2020-11-03,1.451,1.47,1.451,1.464,1118400,1636750,False
2020-11-04,1.464,1.472,1.462,1.47,966452,1419952,False
2020-11-05,1.487,1.497,1.481,1.494,1565000,2332335,False
2020-11-06,1.493,1.496,1.487,1.496,1376500,2054507,False
2020-11-09,1.497,1.513,1.497,1.509,1830305,2763701,False
2020-11-10,1.511,1.515,1.504,1.504,377900,571694,False
2020-11-11,1.506,1.526,1.506,1.515,693800,1052871,False
2020-11-12,1.509,1.519,1.508,1.518,542200,819715,False
2020-11-13,1.519,1.519,1.493,1.502,800600,1197485,False
2020-11-16,1.503,1.534,1.503,1.533,2034400,3101021,False
2020-11-17,1.535,1.54,1.527,1.535,2219300,3407773,False
2020-11-18,1.533,1.542,1.53,1.535,921300,1414518,False
2020-11-19,1.537,1.541,1.526,1.54,488000,747727,False
2020-11-20,1.534,1.547,1.532,1.547,617400,953317,False
2020-11-23,1.546,1.569,1.546,1.561,1405300,2184555,False
2020-11-24,1.555,1.556,1.548,1.552,543100,843183,False
2020-11-25,1.554,1.557,1.532,1.533,353000,544300,False
2020-11-26,1.529,1.532,1.517,1.532,639900,975790,False
2020-11-27,1.537,1.54,1.519,1.539,123500,188405,False
2020-11-30,1.552,1.559,1.532,1.534,579500,894563,False
2020-12-01,1.532,1.554,1.529,1.552,1732200,2677264,False
2020-12-02,1.551,1.56,1.548,1.556,2168800,3371087,False
2020-12-03,1.554,1.554,1.54,1.547,684400,1057563,False
2020-12-04,1.548,1.548,1.528,1.541,302500,465703,False
2020-12-07,1.541,1.541,1.527,1.527,512000,783174,False
2020-12-08,1.531,1.531,1.521,1.523,380700,580355,False
2020-12-09,1.525,1.525,1.507,1.507,233400,353322,False
2020-12-10,1.501,1.515,1.501,1.51,197700,298423,False
2020-12-11,1.527,1.528,1.482,1.494,1185900,1767367,False
2020-12-14,1.494,1.496,1.489,1.496,185600,276976,False
2020-12-15,1.495,1.495,1.484,1.495,139600,208083,False
2020-12-16,1.494,1.494,1.487,1.489,78800,117511,False
2020-12-17,1.487,1.499,1.475,1.498,468700,699102,False
2020-12-18,1.499,1.501,1.484,1.493,588700,879595,False
2020-12-21,1.484,1.501,1.484,1.495,597588,894288,False
2020-12-22,1.49,1.499,1.472,1.474,670200,991701,False
2020-12-23,1.473,1.474,1.465,1.471,442200,649873,False
2020-12-24,1.472,1.472,1.455,1.459,1516900,2216249,False
2020-12-25,1.458,1.466,1.45,1.464,927108,1351062,False
2020-12-28,1.466,1.468,1.457,1.463,184700,269969,False
2020-12-29,1.463,1.472,1.458,1.467,17968400,26293813,False
2020-12-30,1.467,1.468,1.458,1.467,1670100,2439725,False
2020-12-31,1.472,1.488,1.472,1.487,712800,1053451,False
2021-01-04,1.486,1.495,1.477,1.491,1069800,1595676,False
2021-01-05,1.495,1.501,1.48,1.5,295200,439489,False
2021-01-06,1.501,1.505,1.493,1.504,2843200,4264008,False
2021-01-07,1.504,1.504,1.483,1.493,791100,1180272,False
2021-01-08,1.491,1.507,1.486,1.497,1710300,2565507,False
2021-01-11,1.497,1.507,1.483,1.489,1753900,2636171,False
2021-01-12,1.489,1.506,1.488,1.505,1184500,1778709,False
2021-01-13,1.505,1.505,1.493,1.501,2165800,3250851,False
2021-01-14,1.504,1.519,1.495,1.509,1703700,2578120,False
2021-01-15,1.516,1.52,1.507,1.518,3156800,4788764,False
2021-01-18,1.517,1.537,1.517,1.536,1882200,2885483,False
2021-01-19,1.533,1.551,1.531,1.542,2609500,4011998,False
2021-01-20,1.54,1.541,1.532,1.537,1903400,2925389,False
2021-01-21,1.537,1.553,1.537,1.553,4562600,7071321,False
2021-01-22,1.548,1.548,1.532,1.543,654200,1007410,False
2021-01-25,1.512,1.536,1.512,1.53,1385500,2116006,False
2021-01-26,1.528,1.528,1.518,1.52,5672300,8633619,False
2021-01-27,1.526,1.533,1.523,1.532,1163200,1778671,False
2021-01-28,1.53,1.53,1.508,1.508,1447000,2195838,False
2021-01-29,1.506,1.519,1.484,1.497,1680100,2524513,False
2021-02-01,1.498,1.527,1.497,1.526,1465900,2223552,False
2021-02-02,1.526,1.54,1.526,1.539,1610400,2474636,False
2021-02-03,1.54,1.546,1.526,1.535,2487300,3820192,False
2021-02-04,1.531,1.534,1.504,1.51,591600,898296,False
2021-02-05,1.512,1.527,1.51,1.513,571900,868638,False
2021-02-08,1.509,1.531,1.509,1.526,1527300,2332459,False
2021-02-09,1.532,1.56,1.528,1.556,1966511,3037820,False
2021-02-10,1.558,1.574,1.558,1.573,469000,735277,False
2021-02-18,1.575,1.608,1.575,1.602,1357300,2171333,False
2021-02-19,1.598,1.633,1.59,1.633,2968400,4789135,False
2021-02-22,1.633,1.656,1.633,1.634,2964300,4866825,False
2021-02-23,1.632,1.636,1.617,1.622,3212500,5210117,False
2021-02-24,1.623,1.631,1.594,1.605,2318900,3726338,False
2021-02-25,1.608,1.636,1.608,1.629,2152170,3510418,False
2021-02-26,1.627,1.627,1.591,1.591,3513000,5631072,False
2021-03-01,1.593,1.63,1.593,1.63,1251700,2029113,False
2021-03-02,1.634,1.645,1.61,1.624,2838600,4637313,False
2021-03-03,1.629,1.658,1.627,1.658,2884200,4745287,False
2021-03-04,1.662,1.662,1.635,1.638,1995900,3284244,False
2021-03-05,1.64,1.64,1.615,1.627,2966500,4808601,False
2021-03-08,1.63,1.652,1.61,1.61,2372500,3871418,False
2021-03-09,1.608,1.608,1.554,1.57,4261300,6776554,False
2021-03-10,1.57,1.584,1.561,1.564,1057900,1661342,False
2021-03-11,1.55,1.605,1.55,1.603,6163900,9826641,False
2021-03-12,1.605,1.624,1.603,1.62,2471500,3998017,False
2021-03-15,1.622,1.63,1.6,1.627,8055800,13027004,False
2021-03-16,1.628,1.633,1.61,1.632,3712000,6017530,False
2021-03-17,1.635,1.635,1.613,1.626,5881600,9533636,False
2021-03-18,1.629,1.64,1.619,1.637,1846400,3010651,False
2021-03-19,1.619,1.632,1.605,1.614,3765835,6088063,False
2021-03-22,1.615,1.634,1.615,1.634,2271500,3692244,False
2021-03-23,1.636,1.636,1.604,1.613,5092600,8218424,False
2021-03-24,1.616,1.616,1.58,1.58,1958500,3107663,False
2021-03-25,1.578,1.585,1.565,1.583,1792000,2831879,False
2021-03-26,1.588,1.602,1.588,1.6,471000,750271,False
2021-03-29,1.597,1.613,1.597,1.611,2409400,3875386,False
2021-03-30,1.609,1.618,1.605,1.617,1240500,2001650,False
2021-03-31,1.617,1.624,1.612,1.624,696800,1128904,False
2021-04-01,1.619,1.632,1.617,1.631,1134600,1844413,False
2021-04-02,1.634,1.634,1.626,1.63,1070100,1744509,False
2021-04-06,1.631,1.644,1.631,1.641,1187600,1945234,False
2021-04-07,1.639,1.646,1.632,1.646,985400,1613595,False
2021-04-08,1.646,1.646,1.635,1.638,1757600,2880527,False
2021-04-09,1.633,1.639,1.63,1.634,1963100,3208823,False
2021-04-12,1.634,1.638,1.61,1.613,2877800,4667918,False
2021-04-13,1.611,1.611,1.602,1.605,673600,1082108,False
2021-04-14,1.604,1.62,1.604,1.618,2724000,4395523,False
2021-04-15,1.619,1.619,1.6,1.611,2374200,3820588,False
2021-04-16,1.611,1.637,1.611,1.637,2490400,4043158,False
2021-04-19,1.637,1.649,1.628,1.648,1812200,2975920,False
2021-04-20,1.649,1.656,1.644,1.645,1279400,2109866,False
2021-04-21,1.64,1.656,1.635,1.653,1624000,2668527,False
2021-04-22,1.656,1.66,1.65,1.653,764900,1265165,False
2021-04-23,1.651,1.652,1.641,1.648,1183800,1947809,False
2021-04-26,1.65,1.668,1.647,1.647,2593700,4300454,False
2021-04-27,1.647,1.647,1.634,1.644,853900,1401220,False
2021-04-28,1.636,1.658,1.636,1.658,787100,1300478,False
2021-04-29,1.655,1.67,1.655,1.669,937900,1562601,False
2021-04-30,1.669,1.669,1.65,1.654,1274700,2108422,False
2021-05-06,1.657,1.67,1.654,1.662,2525400,4199845,False
2021-05-07,1.65,1.666,1.65,1.652,620878,1026968,False
2021-05-10,1.647,1.65,1.639,1.645,2625900,4317012,False
2021-05-11,1.645,1.645,1.616,1.637,1273900,2070223,False
2021-05-12,1.637,1.65,1.636,1.649,912900,1499343,False
2021-05-13,1.645,1.646,1.636,1.641,1989900,3263427,False
2021-05-14,1.647,1.651,1.644,1.648,2086500,3438016,False
2021-05-17,1.648,1.658,1.648,1.655,3146100,5197863,False
2021-05-18,1.655,1.665,1.655,1.663,855300,1420350,False
2021-05-19,1.665,1.665,1.65,1.65,297700,492281,False
2021-05-20,1.645,1.648,1.631,1.642,2347800,3852524,False
2021-05-21,1.647,1.649,1.641,1.641,241000,396493,False
2021-05-24,1.641,1.656,1.641,1.656,980300,1618688,False
2021-05-25,1.659,1.681,1.656,1.68,2232500,3737383,False
2021-05-26,1.684,1.698,1.684,1.691,491440,830465,False
2021-05-27,1.681,1.696,1.681,1.696,1687900,2855778,False
2021-05-28,1.697,1.701,1.685,1.688,1349500,2286727,False
2021-05-31,1.692,1.693,1.68,1.693,801600,1352442,False
2021-06-01,1.695,1.695,1.676,1.695,723600,1217218,False
2021-06-02,1.688,1.694,1.685,1.69,810300,1370250,False
2021-06-03,1.695,1.698,1.684,1.685,801700,1358569,False
2021-06-04,1.679,1.693,1.679,1.684,788266,1329912,False
2021-06-07,1.688,1.69,1.682,1.689,683000,1150558,False
2021-06-08,1.688,1.69,1.675,1.677,2217300,3725163,False
2021-06-09,1.68,1.685,1.68,1.68,318700,536353,False
2021-06-10,1.687,1.687,1.683,1.685,652100,1098260,False
2021-06-11,1.685,1.685,1.674,1.674,660500,1108717,False
2021-06-15,1.67,1.67,1.646,1.646,1706000,2815359,False
2021-06-16,1.642,1.647,1.637,1.638,507800,833221,False
2021-06-17,1.64,1.644,1.635,1.64,831600,1362096,False
2021-06-18,1.626,1.638,1.626,1.635,489100,798227,False
2021-06-21,1.635,1.635,1.627,1.627,1093100,1781305,False
2021-06-22,1.627,1.643,1.627,1.636,508200,831202,False
2021-06-23,1.635,1.642,1.631,1.641,556300,909731,False
2021-06-24,1.642,1.654,1.642,1.652,306800,506668,False
2021-06-25,1.656,1.673,1.656,1.67,625700,1044739,False
2021-06-28,1.67,1.675,1.669,1.673,294100,491510,False
2021-06-29,1.672,1.672,1.664,1.664,1774400,2959151,False
2021-06-30,1.664,1.67,1.662,1.669,694300,1156856,False
2021-07-01,1.67,1.682,1.664,1.667,3100900,5180586,False
2021-07-02,1.659,1.659,1.648,1.653,1216100,2009206,False
2021-07-05,1.648,1.652,1.642,1.652,855900,1410358,False
2021-07-06,1.652,1.662,1.651,1.662,755900,1251769,False
2021-07-07,1.663,1.663,1.655,1.662,486500,807226,False
2021-07-08,1.666,1.666,1.644,1.644,775700,1276494,False
2021-07-09,1.643,1.657,1.64,1.657,1484600,2453874,False
2021-07-12,1.656,1.672,1.656,1.665,1175800,1960598,False
2021-07-13,1.665,1.684,1.661,1.684,2120300,3555483,False
2021-07-14,1.678,1.679,1.67,1.67,1921700,3218044,False
2021-07-15,1.669,1.68,1.666,1.679,1187100,1991524,False
2021-07-16,1.677,1.685,1.677,1.678,3170700,5336917,False
2021-07-19,1.68,1.68,1.665,1.674,1477600,2469336,False
2021-07-20,1.67,1.67,1.652,1.657,1139400,1884277,False
2021-07-21,1.662,1.667,1.656,1.658,2103300,3494978,False
2021-07-22,1.662,1.674,1.662,1.674,767392,1282055,False
2021-07-23,1.674,1.674,1.656,1.658,1124200,1868004,False
2021-07-26,1.648,1.648,1.613,1.618,2688800,4375407,False
2021-07-27,1.627,1.627,1.572,1.573,1908700,3067617,False
2021-07-28,1.573,1.573,1.538,1.558,1011700,1572548,False
2021-07-29,1.557,1.576,1.557,1.574,537700,846152,False
2021-07-30,1.575,1.595,1.568,1.595,2124400,3342927,False
2021-08-02,1.598,1.617,1.574,1.615,878700,1406222,False
2021-08-03,1.621,1.621,1.609,1.612,633500,1021682,False
2021-08-04,1.617,1.624,1.616,1.619,1108600,1796890,False
2021-08-05,1.622,1.634,1.615,1.619,1490400,2414659,False
2021-08-06,1.619,1.621,1.608,1.621,572100,925020,False
2021-08-09,1.636,1.66,1.635,1.657,3615100,5983822,False
2021-08-10,1.656,1.668,1.651,1.668,2711800,4509346,False
2021-08-11,1.667,1.693,1.667,1.687,575300,971885,False
2021-08-12,1.687,1.694,1.682,1.693,2355100,3978735,False
2021-08-13,1.693,1.701,1.688,1.699,1774000,3011891,False
2021-08-16,1.699,1.717,1.699,1.706,2614200,4469781,False
2021-08-17,1.704,1.723,1.684,1.687,939400,1608416,False
2021-08-18,1.687,1.712,1.687,1.711,1308100,2228260,False
2021-08-19,1.711,1.711,1.688,1.692,728300,1231152,False
2021-08-20,1.691,1.698,1.678,1.697,1347300,2275929,False
2021-08-23,1.702,1.715,1.702,1.715,385400,660578,False
2021-08-24,1.719,1.726,1.715,1.725,1413700,2438396,False
2021-08-25,1.726,1.735,1.719,1.735,2136300,3690381,False
2021-08-26,1.735,1.738,1.726,1.728,545200,945374,False
2021-08-27,1.73,1.736,1.727,1.736,741000,1282320,False
2021-08-30,1.735,1.738,1.73,1.735,256900,445244,False
2021-08-31,1.739,1.77,1.735,1.768,14228700,25038367,False
2021-09-01,1.769,1.788,1.76,1.78,1060300,1886661,False
2021-09-02,1.78,1.809,1.775,1.809,3232900,5803852,False
2021-09-03,1.812,1.812,1.787,1.796,1348200,2422909,False
2021-09-06,1.811,1.821,1.8,1.821,832100,1512027,False
2021-09-07,1.821,1.857,1.821,1.857,929700,1720927,False
2021-09-08,1.86,1.879,1.86,1.876,2290500,4290294,False
2021-09-09,1.874,1.914,1.872,1.912,3560800,6767163,False
2021-09-10,1.912,1.926,1.893,1.898,3782700,7198153,False
2021-09-13,1.903,1.925,1.892,1.923,1589600,3030198,False
2021-09-14,1.923,1.923,1.878,1.885,3351600,6368587,False
2021-09-15,1.883,1.895,1.872,1.882,2249400,4237132,False
2021-09-16,1.882,1.908,1.855,1.855,4190000,7894694,False
2021-09-17,1.854,1.868,1.822,1.852,1576100,2901572,False
2021-09-22,1.849,1.871,1.832,1.871,1500000,2785306,False
2021-09-23,1.876,1.922,1.876,1.902,1636600,3116147,False
2021-09-24,1.904,1.904,1.859,1.86,1273700,2387112,False
2021-09-27,1.86,1.86,1.789,1.803,11582300,20967185,False
2021-09-28,1.808,1.842,1.808,1.838,4021500,7346358,False
2021-09-29,1.833,1.833,1.784,1.786,2045000,3678754,False
2021-09-30,1.791,1.802,1.778,1.8,2118600,3796834,False
2021-10-08,1.8,1.819,1.793,1.811,3260000,5869268,False
2021-10-11,1.811,1.82,1.801,1.804,596900,1078507,False
2021-10-12,1.795,1.805,1.761,1.774,1702800,3026641,False
2021-10-13,1.774,1.774,1.745,1.765,445400,784572,False
2021-10-14,1.795,1.795,1.75,1.758,203100,356460,False
2021-10-15,1.757,1.766,1.75,1.754,672900,1180326,False
2021-10-18,1.758,1.77,1.747,1.77,321700,566937,False
2021-10-19,1.77,1.787,1.767,1.787,854800,1521128,False
2021-10-20,1.787,1.787,1.766,1.775,149700,265275,False
2021-10-21,1.774,1.796,1.774,1.787,570400,1015781,False
2021-10-22,1.787,1.795,1.768,1.769,266400,473489,False
2021-10-25,1.764,1.772,1.764,1.771,3109200,5495117,False
2021-10-26,1.769,1.781,1.76,1.764,700300,1236642,False
2021-10-27,1.748,1.753,1.738,1.749,795300,1390490,False
2021-10-28,1.751,1.751,1.71,1.712,2001800,3433889,False
2021-10-29,1.714,1.723,1.7,1.721,2224200,3826502,False
2021-11-01,1.721,1.739,1.716,1.734,615900,1064392,False
2021-11-02,1.733,1.736,1.685,1.701,595800,1011043,False
2021-11-03,1.728,1.728,1.7,1.717,603300,1031611,False
2021-11-04,1.715,1.726,1.713,1.726,770900,1328302,False
2021-11-05,1.728,1.728,1.7,1.7,1481300,2536415,False
2021-11-08,1.699,1.708,1.696,1.705,642200,1094973,False
2021-11-09,1.713,1.72,1.708,1.715,987300,1691554,False
2021-11-10,1.697,1.72,1.69,1.719,1554600,2636773,False
2021-11-11,1.719,1.748,1.718,1.747,809600,1411594,False
2021-11-12,1.748,1.755,1.74,1.754,848100,1481114,False
2021-11-15,1.755,1.765,1.75,1.761,907500,1597370,False
2021-11-16,1.764,1.765,1.745,1.745,1345900,2355489,False
2021-11-17,1.745,1.76,1.745,1.76,598738,1051459,False
2021-11-18,1.76,1.76,1.746,1.748,739700,1297481,False
2021-11-19,1.745,1.776,1.741,1.776,494400,876869,False
2021-11-22,1.776,1.776,1.768,1.775,397100,703676,False
2021-11-23,1.778,1.789,1.778,1.784,666100,1188316,False
2021-11-24,1.784,1.788,1.779,1.782,104500,186448,False
2021-11-25,1.784,1.784,1.776,1.777,431300,767730,False
2021-11-26,1.769,1.778,1.766,1.778,639300,1133770,False
2021-11-29,1.756,1.772,1.756,1.772,293300,517544,False
2021-11-30,1.773,1.787,1.773,1.78,935700,1666599,False
2021-12-01,1.781,1.797,1.779,1.796,950094,1701182,False
2021-12-02,1.797,1.802,1.766,1.801,629500,1132258,False
2021-12-03,1.801,1.82,1.794,1.816,1302900,2351840,False
2021-12-06,1.82,1.841,1.816,1.818,1332700,2437915,False
2021-12-07,1.809,1.835,1.806,1.827,1971800,3589260,False
2021-12-08,1.828,1.84,1.823,1.84,408200,748407,False
2021-12-09,1.84,1.855,1.839,1.854,599700,1111476,False
2021-12-10,1.853,1.853,1.842,1.848,666300,1229847,False
2021-12-13,1.855,1.872,1.855,1.857,913500,1705558,False
2021-12-14,1.857,1.857,1.831,1.835,1216100,2234307,False
2021-12-15,1.834,1.842,1.832,1.835,512500,941179,False
2021-12-16,1.836,1.86,1.835,1.86,782200,1446159,False
2021-12-17,1.86,1.861,1.849,1.852,3690700,6846878,False
2021-12-20,1.85,1.855,1.838,1.841,4430900,8174923,False
2021-12-21,1.852,1.876,1.852,1.876,4341600,8098059,False
2021-12-22,1.876,1.877,1.864,1.874,5860800,10957170,False
2021-12-23,1.863,1.873,1.863,1.872,4927800,9205279,False
2021-12-24,1.862,1.864,1.851,1.86,4144800,7690181,False
2021-12-27,1.858,1.884,1.858,1.878,4994600,9386660,False
2021-12-28,1.878,1.878,1.867,1.874,5246200,9815558,False
2021-12-29,1.869,1.879,1.869,1.871,3327300,6233175,False
2021-12-30,1.875,1.882,1.875,1.875,3507900,6587421,False
2021-12-31,1.875,1.894,1.875,1.893,4327900,8175293,False
2022-01-04,1.896,1.917,1.896,1.912,4608000,8803093,False
2022-01-05,1.911,1.916,1.897,1.908,6220800,11868999,False
2022-01-06,1.906,1.937,1.906,1.935,8025200,15442526,False
2022-01-07,1.933,1.969,1.931,1.952,11955300,23431994,False
2022-01-10,1.958,1.973,1.952,1.97,5953600,11670120,False
2022-01-11,1.959,1.987,1.959,1.977,8604900,17014412,False
2022-01-12,1.98,1.98,1.945,1.966,4714700,9224694,False
2022-01-13,1.965,1.974,1.941,1.942,5986900,11716163,False
2022-01-14,1.937,1.937,1.915,1.917,4776100,9187264,False
2022-01-17,1.916,1.942,1.916,1.935,9384700,18126411,False
2022-01-18,1.94,1.962,1.928,1.955,8638500,16803538,False
2022-01-19,1.95,1.993,1.95,1.984,11888300,23495559,False
2022-01-20,1.993,1.993,1.969,1.972,11405400,22560387,False
2022-01-21,1.972,1.972,1.937,1.941,12428300,24195461,False
2022-01-24,1.944,1.947,1.914,1.938,6495800,12578377,False
2022-01-25,1.937,1.937,1.864,1.872,15260600,28984838,False
2022-01-26,1.871,1.887,1.863,1.875,6518500,12233475,False
2022-01-27,1.877,1.877,1.846,1.848,7535400,13995327,False
2022-01-28,1.852,1.863,1.826,1.834,9835200,18071418,False
2022-02-07,1.845,1.893,1.845,1.88,10166500,19033620,False
2022-02-08,1.884,1.924,1.884,1.924,15358700,29202197,False
2022-02-09,1.955,1.955,1.91,1.937,7634100,14798807,False
2022-02-10,1.94,1.97,1.909,1.969,8396300,16392202,False
2022-02-11,1.972,2.018,1.955,1.956,17021900,33695672,False
2022-02-14,1.954,1.954,1.908,1.917,7838500,15094405,False
2022-02-15,1.908,1.92,1.895,1.91,5920300,11304735,False
2022-02-16,1.906,1.936,1.906,1.934,6742900,13007093,False
2022-02-17,1.939,1.939,1.912,1.916,5841500,11231716,False
2022-02-18,1.904,1.958,1.904,1.957,6591300,12771703,False
2022-02-21,1.95,1.972,1.946,1.972,11583400,22697861,False
2022-02-22,1.974,1.974,1.931,1.946,6879800,13394669,False
2022-02-23,1.946,1.95,1.931,1.95,5317800,10299730,False
2022-02-24,1.933,1.944,1.876,1.894,10015600,19153922,False
2022-02-25,1.895,1.918,1.884,1.893,6448800,12263674,False
2022-02-28,1.88,1.894,1.866,1.889,6363100,11947391,False
2022-03-01,1.884,1.908,1.883,1.906,7191200,13609842,False
2022-03-02,1.9,1.913,1.893,1.911,4673300,8918921,False
2022-03-03,1.905,1.936,1.905,1.934,8912600,17194189,False
2022-03-04,1.93,1.932,1.902,1.917,5343800,10246502,False
2022-03-07,1.914,1.919,1.877,1.883,15540000,29441578,False
2022-03-08,1.873,1.89,1.819,1.822,4668700,8626115,False
2022-03-09,1.82,1.836,1.732,1.795,10446800,18719320,False
2022-03-10,1.807,1.837,1.801,1.827,7732200,14108013,False
2022-03-11,1.804,1.84,1.779,1.837,8536500,15430873,False
2022-03-14,1.828,1.842,1.79,1.79,8189100,14940248,False
2022-03-15,1.79,1.79,1.667,1.669,10191600,17537412,False
2022-03-16,1.688,1.715,1.632,1.708,11438200,19118881,False
2022-03-17,1.714,1.78,1.714,1.751,8942000,15657788,False
2022-03-18,1.744,1.799,1.74,1.798,8450600,14979448,False
2022-03-21,1.8,1.808,1.776,1.798,9872000,17712147,False
2022-03-22,1.789,1.835,1.786,1.824,9191300,16584346,False
2022-03-23,1.828,1.838,1.809,1.83,8200600,14938072,False
2022-03-24,1.83,1.834,1.816,1.822,5791900,10583442,False
2022-03-25,1.821,1.845,1.814,1.816,8434800,15386169,False
2022-03-28,1.816,1.843,1.793,1.831,6069700,11020483,False
2022-03-29,1.832,1.832,1.814,1.819,3810700,6943928,False
2022-03-30,1.824,1.862,1.822,1.861,6310000,11643177,False
2022-03-31,1.864,1.898,1.854,1.881,6556300,12333206,False
2022-04-01,1.881,1.905,1.862,1.904,8612700,16227522,False
2022-04-06,1.899,1.95,1.898,1.947,6196000,11913971,False
2022-04-07,1.947,1.948,1.909,1.91,13359200,25746913,False
2022-04-08,1.91,1.935,1.888,1.932,5007300,9589846,False
2022-04-11,1.935,1.935,1.882,1.894,9437100,17960608,False
2022-04-12,1.891,1.903,1.865,1.891,6189700,11678314,False
2022-04-13,1.891,1.895,1.858,1.87,6739200,12635851,False
2022-04-14,1.867,1.912,1.867,1.905,8928700,16926709,False
2022-04-15,1.893,1.919,1.886,1.895,10639500,20246533,False
2022-04-18,1.895,1.895,1.857,1.858,10434300,19509855,False
2022-04-19,1.856,1.876,1.85,1.868,6736700,12544653,False
2022-04-20,1.871,1.871,1.808,1.817,7513000,13790496,False
2022-04-21,1.824,1.824,1.76,1.767,11724900,20984367,False
2022-04-22,1.755,1.794,1.742,1.784,12167200,21600269,False
2022-04-25,1.779,1.779,1.679,1.685,11672600,20104391,False
2022-04-26,1.684,1.701,1.65,1.656,9935900,16605529,False
2022-04-27,1.631,1.686,1.631,1.685,12087700,20038186,False
2022-04-28,1.689,1.707,1.666,1.697,18597000,31323899,False
2022-04-29,1.702,1.735,1.685,1.735,12276400,20980981,False
2022-05-05,1.735,1.759,1.73,1.75,12341800,21543608,False
2022-05-06,1.741,1.741,1.704,1.708,13795200,23664364,False
2022-05-09,1.7,1.72,1.7,1.711,14283000,24424129,False
2022-05-10,1.71,1.723,1.54,1.721,14589100,24670863,False
2022-05-11,1.712,1.742,1.712,1.717,13276400,22929033,False
2022-05-12,1.712,1.726,1.692,1.709,17054500,29216241,False
2022-05-13,1.714,1.751,1.714,1.751,15914900,27615836,False
2022-05-16,1.755,1.775,1.755,1.769,27457000,48461238,False
2022-05-17,1.772,1.772,1.737,1.764,13022400,22807108,False
2022-05-18,1.757,1.763,1.745,1.754,9655200,16898943,False
2022-05-19,1.747,1.754,1.72,1.752,15585000,27130200,False
2022-05-20,1.745,1.772,1.745,1.772,15907700,28027188,False
2022-05-23,1.77,1.774,1.761,1.768,10477500,18522208,False
2022-05-24,1.759,1.765,1.714,1.716,17696200,30903757,False
2022-05-25,1.714,1.736,1.708,1.736,25144700,43305567,False
2022-05-26,1.736,1.763,1.727,1.757,16866300,29407662,False
2022-05-27,1.75,1.768,1.75,1.759,27593900,48643856,False
2022-05-30,1.754,1.764,1.745,1.758,12701600,22282981,False
2022-05-31,1.76,1.769,1.752,1.768,14384700,25304666,False
2022-06-01,1.759,1.78,1.759,1.775,11049300,19589409,False
2022-06-02,1.775,1.775,1.757,1.765,11876200,20921864,False
2022-06-06,1.756,1.778,1.756,1.778,15502100,27286067,False
2022-06-07,1.773,1.789,1.769,1.788,12839800,22838363,False
2022-06-08,1.787,1.795,1.765,1.795,13744400,24572330,False
2022-06-09,1.795,1.81,1.785,1.79,14005400,25176809,False
2022-06-10,1.784,1.804,1.776,1.801,14852200,26635302,False
2022-06-13,1.796,1.798,1.771,1.786,13474400,24053830,False
2022-06-14,1.778,1.8,1.753,1.8,17380900,30884391,False
2022-06-15,1.802,1.842,1.8,1.816,17127700,31140485,False
2022-06-16,1.816,1.831,1.798,1.807,14371700,26071641,False
2022-06-17,1.802,1.806,1.781,1.805,16785500,30152229,False
2022-06-20,1.797,1.811,1.797,1.806,14704000,26495437,False
2022-06-21,1.801,1.82,1.795,1.81,14941400,27096786,False
2022-06-22,1.803,1.808,1.781,1.782,13785500,24815850,False
2022-06-23,1.774,1.802,1.774,1.802,14747200,26307317,False
2022-06-24,1.8,1.815,1.8,1.813,13548000,24522993,False
2022-06-27,1.81,1.83,1.81,1.825,11649600,21242632,False
2022-06-28,1.825,1.836,1.815,1.834,11958200,21797598,False
2022-06-29,1.835,1.849,1.825,1.826,33367400,61482996,False
2022-06-30,1.825,1.844,1.822,1.838,13333400,24453901,False
2022-07-01,1.838,1.847,1.827,1.84,11724100,21536796,False
2022-07-04,1.842,1.85,1.835,1.85,13240800,24379188,False
2022-07-05,1.851,1.855,1.829,1.848,13698900,25257441,False
2022-07-06,1.842,1.842,1.795,1.81,19844900,35964233,False
2022-07-07,1.809,1.815,1.798,1.809,13514000,24428322,False
2022-07-08,1.813,1.818,1.8,1.807,15085700,27291047,False
2022-07-11,1.807,1.807,1.78,1.789,18515900,33150637,False
2022-07-12,1.784,1.8,1.784,1.791,14271600,25583717,False
2022-07-13,1.791,1.792,1.779,1.787,11277200,20116870,False
2022-07-14,1.778,1.78,1.767,1.776,11828000,20984108,False
2022-07-15,1.781,1.781,1.735,1.736,12820200,22585242,False
2022-07-18,1.735,1.772,1.735,1.772,13045200,22959242,False
2022-07-19,1.772,1.78,1.766,1.78,12485500,22150763,False
2022-07-20,1.782,1.789,1.779,1.789,9221900,16452953,False
2022-07-21,1.789,1.789,1.774,1.775,9359000,16643579,False
2022-07-22,1.775,1.781,1.755,1.766,11792900,20903386,False
2022-07-25,1.761,1.777,1.761,1.767,11880200,21033218,False
2022-07-26,1.767,1.784,1.757,1.782,12254500,21678935,False
2022-07-27,1.783,1.786,1.779,1.783,8291800,14772878,False
2022-07-28,1.787,1.798,1.787,1.792,11337900,20345846,False
2022-07-29,1.797,1.797,1.774,1.776,10869500,19409782,False
2022-08-01,1.779,1.779,1.762,1.774,5373900,9497768,False
2022-08-02,1.765,1.765,1.703,1.722,10537500,18152196,False
2022-08-03,1.731,1.742,1.705,1.708,11289800,19529649,False
2022-08-04,1.709,1.721,1.702,1.72,10250700,17567480,False
2022-08-05,1.722,1.743,1.714,1.74,10391300,17892619,False
2022-08-08,1.731,1.752,1.731,1.752,9419700,16470773,False
2022-08-09,1.758,1.76,1.743,1.759,8257400,14496458,False
2022-08-10,1.764,1.764,1.747,1.755,7111700,12477128,False
2022-08-11,1.754,1.787,1.754,1.786,5659300,10055321,False
2022-08-12,1.786,1.801,1.786,1.797,5003200,8989618,False
2022-08-15,1.801,1.806,1.794,1.799,8101600,14587876,False
2022-08-16,1.799,1.803,1.794,1.802,9028900,16240186,False
2022-08-17,1.794,1.809,1.794,1.805,5838800,10518221,False
2022-08-18,1.803,1.803,1.787,1.794,7990300,14323989,False
2022-08-19,1.797,1.804,1.791,1.793,5510500,9908033,False
2022-08-22,1.802,1.812,1.783,1.811,6647600,11987361,False
2022-08-23,1.812,1.816,1.804,1.814,8897500,16096466,False
2022-08-24,1.817,1.817,1.78,1.785,9303300,16681938,False
2022-08-25,1.79,1.804,1.768,1.804,11263500,20093661,False
2022-08-26,1.804,1.809,1.79,1.791,8583300,15457114,False
2022-08-29,1.788,1.798,1.772,1.798,8950100,15983562,False
2022-08-30,1.799,1.801,1.777,1.787,6960100,12440955,False
2022-08-31,1.784,1.786,1.76,1.765,9218400,16362082,False
2022-09-01,1.765,1.787,1.762,1.77,8227900,14647728,False
2022-09-02,1.765,1.776,1.761,1.769,12543800,22177761,False
2022-09-05,1.77,1.79,1.766,1.79,13110200,23295897,False
2022-09-06,1.795,1.804,1.789,1.804,13750600,24695423,False
2022-09-07,1.803,1.803,1.788,1.795,11058100,19842972,False
2022-09-08,1.788,1.795,1.786,1.786,11949800,21375752,False
2022-09-09,1.784,1.814,1.784,1.814,10396300,18746879,False
2022-09-13,1.818,1.819,1.802,1.805,6881100,12465037,False
2022-09-14,1.8,1.8,1.783,1.79,8058300,14440937,False
2022-09-15,1.793,1.804,1.757,1.774,9056600,16210947,False
2022-09-16,1.774,1.774,1.727,1.728,11518600,20166559,False
2022-09-19,1.719,1.728,1.71,1.72,9574300,16475814,False
2022-09-20,1.728,1.73,1.716,1.72,8202900,14147762,False
2022-09-21,1.714,1.732,1.703,1.729,9665600,16540325,False
2022-09-22,1.729,1.729,1.716,1.721,9963700,17164951,False
2022-09-23,1.721,1.728,1.696,1.704,11570900,19800898,False
2022-09-26,1.704,1.704,1.666,1.669,10874700,18305957,False
2022-09-27,1.674,1.693,1.662,1.692,7989500,13357355,False
2022-09-28,1.7,1.7,1.67,1.674,12485800,21004905,False
2022-09-29,1.672,1.691,1.659,1.672,10221600,17198238,False
2022-09-30,1.667,1.681,1.664,1.669,12349900,20638800,False
2022-10-10,1.664,1.684,1.651,1.656,12373300,20695004,False
2022-10-11,1.65,1.656,1.629,1.647,13590500,22278762,False
2022-10-12,1.642,1.67,1.623,1.669,16124300,26422164,False
2022-10-13,1.669,1.673,1.653,1.664,10962700,18206095,False
2022-10-14,1.659,1.707,1.659,1.703,10833000,18396872,False
2022-10-17,1.703,1.712,1.692,1.71,10865600,18519930,False
2022-10-18,1.71,1.72,1.706,1.709,10934400,18721134,False
2022-10-19,1.709,1.709,1.688,1.688,10084400,17141075,False
2022-10-20,1.696,1.697,1.672,1.68,8422300,14162506,False
2022-10-21,1.68,1.69,1.674,1.68,10358600,17438194,False
2022-10-24,1.68,1.698,1.642,1.65,10563700,17595692,False
2022-10-25,1.651,1.651,1.621,1.634,9941100,16231987,False
2022-10-26,1.642,1.664,1.631,1.647,6775500,11191474,False
2022-10-27,1.641,1.661,1.641,1.653,6426000,10624254,False
2022-10-28,1.645,1.648,1.599,1.602,8785800,14264760,False
2022-10-31,1.602,1.616,1.589,1.6,12857000,20589374,False
2022-11-01,1.605,1.637,1.603,1.635,11384600,18360791,False
2022-11-02,1.643,1.664,1.625,1.655,12247300,20240009,False
2022-11-03,1.654,1.654,1.637,1.642,12438300,20435475,False
2022-11-04,1.637,1.682,1.637,1.678,8229100,13740557,False
2022-11-07,1.67,1.693,1.67,1.69,13404000,22606438,False
2022-11-08,1.682,1.688,1.679,1.686,8700500,14648611,False
2022-11-09,1.694,1.696,1.687,1.687,3445900,5821210,False
2022-11-10,1.684,1.691,1.675,1.686,12117500,20400201,False
2022-11-11,1.698,1.735,1.698,1.716,15121700,25949812,False
2022-11-14,1.717,1.747,1.717,1.732,9801900,17051402,False
2022-11-15,1.732,1.754,1.728,1.754,8269300,14416592,False
2022-11-16,1.763,1.763,1.742,1.744,5365900,9397444,False
2022-11-17,1.74,1.749,1.732,1.746,8153700,14202169,False
2022-11-18,1.74,1.756,1.738,1.741,9571300,16730970,False
2022-11-21,1.738,1.741,1.714,1.741,11220400,19409700,False
2022-11-22,1.741,1.75,1.725,1.733,10062000,17491177,False
2022-11-23,1.726,1.734,1.717,1.724,9184100,15834387,False
2022-11-24,1.72,1.74,1.72,1.737,9059400,15716762,False
2022-11-25,1.726,1.75,1.726,1.749,13127600,22884216,False
2022-11-28,1.738,1.738,1.719,1.737,8592800,14876276,False
2022-11-29,1.737,1.796,1.737,1.796,14493300,25893372,False
2022-11-30,1.797,1.803,1.783,1.79,10199100,18314119,False
2022-12-01,1.789,1.81,1.786,1.79,11332800,20305217,False
2022-12-02,1.785,1.787,1.78,1.786,12975000,23133412,False
2022-12-05,1.786,1.811,1.786,1.809,9356900,16867102,False
2022-12-06,1.812,1.812,1.792,1.797,13642500,24536914,False
2022-12-07,1.797,1.803,1.783,1.795,10118500,18146044,False
2022-12-08,1.787,1.805,1.787,1.798,12003600,21581319,False
2022-12-09,1.791,1.814,1.791,1.81,11881700,21432694,False
2022-12-12,1.808,1.821,1.771,1.772,12070100,21543174,False
2022-12-13,1.781,1.787,1.776,1.783,17568100,31277359,False
2022-12-14,1.784,1.786,1.766,1.768,9105000,16137220,False
2022-12-15,1.764,1.769,1.752,1.758,13884000,24384763,False
2022-12-16,1.75,1.777,1.75,1.764,9839800,17387356,False
2022-12-19,1.767,1.769,1.722,1.731,10123000,17640254,False
2022-12-20,1.724,1.724,1.704,1.711,9175200,15764161,False
2022-12-21,1.706,1.722,1.704,1.706,9362900,16040830,False
2022-12-22,1.708,1.722,1.684,1.688,9638400,16475985,False
2022-12-23,1.679,1.71,1.677,1.69,9384900,15817705,False
2022-12-26,1.69,1.696,1.685,1.693,11681800,19759540,False
2022-12-27,1.684,1.708,1.684,1.707,13918300,23684612,False
2022-12-28,1.698,1.71,1.693,1.697,13234200,22482024,False
2022-12-29,1.697,1.697,1.674,1.678,13871900,23315854,False
2022-12-30,1.673,1.7,1.673,1.689,46239500,78121008,False
2023-01-03,1.689,1.702,1.684,1.701,10732000,18181124,False
2023-01-04,1.701,1.717,1.699,1.71,14064700,24017281,False
2023-01-05,1.703,1.718,1.703,1.716,10992400,18842843,False
2023-01-06,1.71,1.718,1.71,1.713,12958600,22206156,False
2023-01-09,1.718,1.726,1.714,1.717,7224700,12420117,False
2023-01-10,1.718,1.718,1.704,1.705,7443500,12705778,False
2023-01-11,1.705,1.725,1.705,1.718,10185300,17521638,False
2023-01-12,1.712,1.717,1.708,1.713,15551500,26653344,False
2023-01-13,1.713,1.726,1.713,1.725,12623200,21723431,False
2023-01-16,1.729,1.742,1.726,1.737,10409900,18067316,False
2023-01-17,1.737,1.737,1.725,1.727,12940300,22382489,False
2023-01-18,1.729,1.746,1.729,1.735,11806400,20487471,False
2023-01-19,1.727,1.745,1.727,1.742,10452200,18114970,False
2023-01-20,1.74,1.764,1.74,1.763,10323600,18158189,False
2023-01-30,1.773,1.78,1.758,1.758,19548400,34564897,False
2023-01-31,1.751,1.771,1.751,1.771,10804700,19078038,False
2023-02-01,1.772,1.781,1.763,1.781,12061900,21338245,False
2023-02-02,1.775,1.792,1.775,1.789,9268500,16566803,False
2023-02-03,1.785,1.785,1.761,1.774,9692200,17175455,False
2023-02-06,1.774,1.774,1.756,1.764,9349300,16500978,False
2023-02-07,1.764,1.793,1.764,1.781,10134800,17985588,False
2023-02-08,1.781,1.781,1.769,1.769,9103900,16175464,False
2023-02-09,1.768,1.784,1.766,1.784,8375600,14869775,False
2023-02-10,1.784,1.79,1.776,1.784,12518700,22314309,False
2023-02-13,1.784,1.8,1.778,1.798,10695800,19150465,False
2023-02-14,1.8,1.81,1.8,1.81,11279400,20370793,False
2023-02-15,1.815,1.815,1.798,1.798,10566700,19068398,False
2023-02-16,1.8,1.819,1.775,1.786,12339600,22340605,False
2023-02-17,1.786,1.801,1.782,1.785,10777600,19337107,False
2023-02-20,1.787,1.825,1.787,1.824,11113000,20072310,False
2023-02-21,1.824,1.848,1.824,1.846,9745300,17963218,False
2023-02-22,1.849,1.85,1.833,1.847,12226300,22564527,False
2023-02-23,1.848,1.861,1.841,1.848,28588100,53003982,False
2023-02-24,1.841,1.849,1.829,1.844,12569100,23132947,False
2023-02-27,1.844,1.853,1.836,1.84,10244900,18907246,False
2023-02-28,1.841,1.847,1.829,1.846,9963300,18323352,False
2023-03-01,1.847,1.857,1.845,1.855,14811200,27418283,False
2023-03-02,1.855,1.869,1.854,1.86,8998200,16757547,False
2023-03-03,1.861,1.868,1.855,1.865,11099400,20665008,False
2023-03-06,1.866,1.872,1.853,1.856,10538100,19569104,False
2023-03-07,1.851,1.866,1.834,1.834,11607200,21565887,False
2023-03-08,1.832,1.834,1.825,1.834,10202310,18672290,False
2023-03-09,1.834,1.839,1.823,1.831,10311600,18897530,False
2023-03-10,1.824,1.825,1.794,1.796,11073700,19994112,False
2023-03-13,1.797,1.813,1.794,1.812,8966700,16170734,False
2023-03-14,1.812,1.812,1.784,1.789,9384000,16862797,False
2023-03-15,1.793,1.819,1.793,1.815,11900100,21538358,False
2023-03-16,1.804,1.811,1.79,1.794,11775100,21222946,False
2023-03-17,1.804,1.822,1.803,1.81,8071000,14619394,False
2023-03-20,1.81,1.821,1.798,1.798,9902000,17922981,False
2023-03-21,1.798,1.809,1.798,1.807,7362600,13277865,False
2023-03-22,1.799,1.835,1.799,1.832,7874300,14389984,False
2023-03-23,1.82,1.834,1.82,1.832,10476500,19160559,False
2023-03-24,1.832,1.832,1.816,1.821,8807000,16039308,False
2023-03-27,1.813,1.825,1.802,1.812,10369700,18755184,False
2023-03-28,1.804,1.819,1.804,1.806,12984500,23511509,False
2023-03-29,1.806,1.812,1.794,1.795,12687200,22845653,False
2023-03-30,1.794,1.809,1.783,1.809,9315810,16717849,False
2023-03-31,1.809,1.822,1.808,1.815,10265600,18649797,False
2023-04-03,1.815,1.834,1.815,1.832,14547100,26556144,False
2023-04-04,1.834,1.835,1.824,1.828,10048100,18380320,False
2023-04-06,1.828,1.828,1.816,1.822,11003000,20035314,False
2023-04-07,1.822,1.831,1.82,1.829,10291300,18816423,False
2023-04-10,1.82,1.825,1.815,1.822,11578300,21102280,False
2023-04-11,1.816,1.827,1.811,1.826,12281800,22355530,False
2023-04-12,1.824,1.843,1.824,1.843,11642600,21414977,False
2023-04-13,1.833,1.852,1.833,1.846,11595429,21409534,False
2023-04-14,1.843,1.854,1.841,1.849,10974500,20269378,False
2023-04-17,1.85,1.874,1.846,1.873,10061500,18724532,False
2023-04-18,1.873,1.894,1.869,1.893,11032700,20762710,False
2023-04-19,1.898,1.898,1.879,1.88,9501000,17952434,False
2023-04-20,1.883,1.886,1.866,1.885,13792300,25823197,False
2023-04-21,1.885,1.896,1.859,1.862,11103100,20887094,False
2023-04-24,1.859,1.865,1.844,1.852,12288381,22812148,False
2023-04-25,1.852,1.859,1.818,1.846,11571600,21364277,False
2023-04-26,1.836,1.862,1.835,1.855,9473200,17483607,False
2023-04-27,1.861,1.865,1.845,1.86,10190800,18917757,False
2023-04-28,1.851,1.883,1.845,1.88,12731200,23786094,False
2023-05-04,1.879,1.906,1.865,1.902,11548900,21771672,False
2023-05-05,1.901,1.918,1.893,1.915,10369400,19825876,False
2023-05-08,1.92,1.956,1.92,1.947,22111800,42965171,False
2023-05-09,1.953,1.973,1.939,1.94,9806300,19216623,False
2023-05-10,1.935,1.936,1.902,1.915,47119900,90033643,False
2023-05-11,1.909,1.92,1.906,1.912,13111200,25080390,False
2023-05-12,1.902,1.918,1.887,1.889,11817300,22478467,False
2023-05-15,1.884,1.887,1.851,1.886,20470400,38318240,False
2023-05-16,1.871,1.891,1.866,1.871,11268800,21197097,False
2023-05-17,1.871,1.885,1.866,1.875,14963300,28048940,False
2023-05-18,1.875,1.892,1.875,1.885,15740500,29701455,False
2023-05-19,1.871,1.885,1.859,1.863,10755100,20077372,False
2023-05-22,1.864,1.87,1.854,1.863,16092600,29965390,False
2023-05-23,1.853,1.864,1.847,1.848,11567700,21490939,False
2023-05-24,1.845,1.846,1.818,1.822,12380500,22628594,False
2023-05-25,1.82,1.843,1.791,1.808,10471000,18912204,False
2023-05-26,1.8,1.822,1.795,1.819,10231500,18431504,False
2023-05-29,1.813,1.831,1.813,1.822,9276000,16925895,False
2023-05-30,1.82,1.833,1.808,1.833,10435300,19012833,False
2023-05-31,1.833,1.833,1.812,1.818,11217200,20482668,False
2023-06-01,1.81,1.829,1.804,1.818,6637200,12073836,False
2023-06-02,1.805,1.843,1.805,1.841,8336300,15296033,False
2023-06-05,1.845,1.845,1.832,1.845,9549069,17570879,False
2023-06-06,1.843,1.855,1.82,1.823,9936000,18286429,False
2023-06-07,1.815,1.837,1.815,1.832,9153500,16765763,False
2023-06-08,1.832,1.844,1.82,1.844,12760500,23375201,False
2023-06-09,1.846,1.846,1.83,1.845,13583900,24987838,False
2023-06-12,1.844,1.849,1.83,1.846,10760000,19752936,False
2023-06-13,1.832,1.844,1.826,1.827,8018300,14679116,False
2023-06-14,1.827,1.836,1.826,1.83,11589831,21208844,False
2023-06-15,1.829,1.837,1.82,1.837,9248800,16895839,False
2023-06-16,1.83,1.848,1.83,1.844,3309300,6101382,False
2023-06-19,1.845,1.847,1.831,1.834,7486700,13739501,False
2023-06-20,1.828,1.845,1.818,1.82,9419200,17161853,False
2023-06-21,1.815,1.833,1.81,1.81,9616700,17489814,False
2023-06-26,1.81,1.81,1.786,1.79,13139300,23573558,False
2023-06-27,1.79,1.822,1.79,1.82,6921500,12531427,False
2023-06-28,1.805,1.83,1.805,1.83,6138900,11147095,False
2023-06-29,1.831,1.837,1.822,1.832,12885700,23628297,False
2023-06-30,1.832,1.857,1.832,1.852,7140000,13214889,False
2023-07-03,1.853,1.866,1.853,1.865,4819000,8956546,False
2023-07-04,1.865,1.867,1.855,1.861,7916300,14726088,False
2023-07-05,1.861,1.864,1.854,1.855,8960900,16654903,False
2023-07-06,1.852,1.86,1.843,1.846,8440400,15622791,False
2023-07-07,1.834,1.855,1.834,1.849,8971500,16579610,False
2023-07-10,1.849,1.861,1.849,1.857,7873900,14609854,False
2023-07-11,1.852,1.861,1.851,1.858,7166300,13304096,False
2023-07-12,1.856,1.863,1.848,1.85,7606600,14112026,False
2023-07-13,1.848,1.869,1.848,1.865,8386400,15630157,False
2023-07-14,1.866,1.874,1.863,1.867,7925100,14821145,False
2023-07-17,1.868,1.868,1.851,1.857,8743900,16211291,False
2023-07-18,1.86,1.861,1.851,1.858,6376100,11835184,False
2023-07-19,1.861,1.866,1.854,1.863,6860900,12771154,False
2023-07-20,1.866,1.881,1.854,1.857,7741900,14468138,False
2023-07-21,1.854,1.863,1.849,1.855,6824800,12659198,False
2023-07-24,1.858,1.858,1.84,1.851,8340500,15440263,False
2023-07-25,1.854,1.889,1.854,1.888,7220900,13587128,False
2023-07-26,1.891,1.896,1.884,1.893,8234900,15575066,False
2023-07-27,1.896,1.896,1.88,1.884,6834400,12926699,False
2023-07-28,1.887,1.916,1.878,1.911,12635300,24055246,False
2023-07-31,1.922,1.939,1.915,1.919,10403100,20059336,False
2023-08-01,1.919,1.919,1.905,1.908,9358300,17910690,False
2023-08-02,1.938,1.938,1.894,1.897,8508400,16185844,False
2023-08-03,1.899,1.911,1.893,1.91,7961800,15122740,False
2023-08-04,1.911,1.93,1.906,1.906,10907200,20896621,False
2023-08-07,1.904,1.904,1.883,1.888,8464400,15974281,False
2023-08-08,1.879,1.901,1.877,1.889,7355800,13875892,False
2023-08-09,1.879,1.9,1.878,1.882,8210600,15456077,False
2023-08-10,1.88,1.891,1.878,1.888,6163800,11619550,False
2023-08-11,1.886,1.89,1.863,1.864,7748800,14540643,False
2023-08-14,1.864,1.864,1.838,1.862,12667600,23459327,False
2023-08-15,1.86,1.868,1.851,1.866,10485700,19534324,False
2023-08-16,1.86,1.875,1.86,1.864,9108100,16987932,False
2023-08-17,1.865,1.868,1.846,1.867,7804800,14466459,False
2023-08-18,1.866,1.872,1.847,1.849,7334700,13678287,False
2023-08-21,1.849,1.857,1.829,1.83,36451700,67334036,False
2023-08-22,1.833,1.85,1.811,1.833,8022900,14658906,False
2023-08-23,1.824,1.837,1.816,1.818,7614500,13923717,False
2023-08-24,1.818,1.825,1.807,1.818,11244500,20436997,False
2023-08-25,1.815,1.824,1.804,1.809,9874800,17913680,False
2023-08-28,1.893,1.902,1.834,1.842,7903000,14721110,False
2023-08-29,1.838,1.87,1.838,1.867,10552500,19577798,False
2023-08-30,1.861,1.875,1.856,1.862,23518500,43788325,False
2023-08-31,1.861,1.866,1.843,1.845,10251200,18986518,False
2023-09-01,1.84,1.868,1.84,1.867,5084300,9420572,False
2023-09-04,1.882,1.893,1.855,1.888,8003300,15059446,False
2023-09-05,1.891,1.891,1.871,1.876,7311800,13717982,False
2023-09-06,1.872,1.88,1.864,1.878,6351400,11866689,False
2023-09-07,1.88,1.88,1.861,1.864,8943800,16769016,False
2023-09-08,1.854,1.864,1.85,1.857,10195600,18925472,False
2023-09-11,1.848,1.874,1.848,1.871,7024600,13139203,False
2023-09-12,1.871,1.881,1.871,1.874,6590300,12353731,False
2023-09-13,1.875,1.883,1.865,1.876,24366000,45616933,False
2023-09-14,1.878,1.89,1.871,1.889,23450100,44084899,False
2023-09-15,1.892,1.899,1.883,1.889,9603600,18161418,False
2023-09-18,1.889,1.896,1.877,1.893,7758600,14618867,False
2023-09-19,1.884,1.897,1.884,1.895,9411600,17827019,False
2023-09-20,1.9,1.9,1.888,1.893,6016700,11391129,False
2023-09-21,1.885,1.894,1.878,1.879,8200400,15462984,False
2023-09-22,1.869,1.891,1.869,1.89,8536100,16043875,False
2023-09-25,1.889,1.897,1.884,1.889,8957700,16934786,False
2023-09-26,1.886,1.888,1.879,1.882,7525900,14175652,False
2023-09-27,1.878,1.889,1.878,1.886,11095100,20925664,False
2023-09-28,1.887,1.899,1.887,1.894,10264700,19452051,False
2023-10-09,1.893,1.893,1.872,1.884,9594600,18019575,False
2023-10-10,1.877,1.886,1.855,1.857,9034000,16859611,False
2023-10-11,1.857,1.857,1.857,1.857,64256800,59575613,False
2023-10-12,0.925,0.934,0.925,0.932,20437600,19036542,False
2023-10-13,0.928,0.93,0.926,0.93,15330700,14225300,False
2023-10-16,0.93,0.931,0.923,0.927,15712000,14576062,False
2023-10-17,0.927,0.927,0.92,0.927,15574700,14372098,False
2023-10-18,0.925,0.925,0.912,0.914,12770300,11719447,False
2023-10-19,0.91,0.912,0.899,0.901,12788600,11577173,False
2023-10-20,0.901,0.904,0.895,0.898,16678900,15005342,False
2023-10-23,0.892,0.899,0.875,0.88,16420000,14571645,False
2023-10-24,0.875,0.888,0.875,0.887,14530300,12802417,False
2023-10-25,0.893,0.9,0.893,0.897,15425400,13843760,False
2023-10-26,0.891,0.898,0.888,0.896,13232500,11792060,False
2023-10-27,0.896,0.912,0.894,0.91,17780600,16022345,False
2023-10-30,0.911,0.912,0.903,0.908,51543800,46755275,False
2023-10-31,0.911,0.911,0.906,0.911,17282600,15701508,False
2023-11-01,0.913,0.913,0.903,0.907,16760200,15188821,False
2023-11-02,0.904,0.915,0.9,0.903,13834600,12531886,False
2023-11-03,0.901,0.911,0.901,0.906,11615300,10533368,False
2023-11-06,0.908,0.914,0.908,0.914,16235500,14775129,False
2023-11-07,0.915,0.915,0.907,0.909,15102000,13729324,False
2023-11-08,0.907,0.914,0.905,0.912,14564600,13274424,False
2023-11-09,0.909,0.92,0.909,0.919,14706800,13487678,False
2023-11-10,0.913,0.919,0.911,0.919,11746800,10744135,False
2023-11-13,0.919,0.922,0.912,0.922,15478300,14172007,False
2023-11-14,0.917,0.922,0.914,0.921,13338000,12261275,False
2023-11-15,0.921,0.929,0.921,0.929,11264300,10428534,False
2023-11-16,0.922,0.929,0.921,0.926,14755300,13628236,False
2023-11-17,0.92,0.931,0.92,0.929,15427700,14270691,False
2023-11-20,0.93,0.933,0.928,0.933,18893500,17571834,False
2023-11-21,0.933,0.94,0.933,0.936,19490900,18260575,False
2023-11-22,0.932,0.935,0.93,0.932,12161100,11360051,False
2023-11-23,0.933,0.943,0.93,0.943,11605700,10861725,False
2023-11-24,0.937,0.947,0.937,0.945,15778800,14889378,False
2023-11-27,0.945,0.951,0.939,0.943,15454690,14543721,False
2023-11-28,0.943,0.947,0.937,0.947,15762300,14850504,False
2023-11-29,0.942,0.948,0.94,0.942,12048500,11369463,False
2023-11-30,0.939,0.943,0.936,0.943,13192200,12377712,False
2023-12-01,0.943,0.95,0.942,0.95,18337600,17335530,False
2023-12-04,0.948,0.95,0.946,0.948,10962700,10390217,False
2023-12-05,0.948,0.949,0.933,0.934,12328900,11606813,False
2023-12-06,0.933,0.939,0.931,0.938,11450500,10700722,False
2023-12-07,0.938,0.938,0.928,0.929,13037300,12158389,False
2023-12-08,0.929,0.931,0.924,0.924,27364100,25427022,False
2023-12-11,0.924,0.939,0.914,0.938,30179300,27994718,False
2023-12-12,0.938,0.944,0.933,0.942,11971600,11247184,False
2023-12-13,0.838,0.905,0.833,0.833,10879700,9098094,False
2023-12-14,0.83,0.837,0.83,0.832,12549400,10456863,False
2023-12-15,0.83,0.835,0.825,0.827,13138500,10904001,False
2023-12-18,0.828,0.828,0.819,0.821,18466200,15229348,False
2023-12-19,0.816,0.826,0.814,0.819,13765900,11247950,False
2023-12-20,0.819,0.822,0.813,0.814,13565300,11105704,False
2023-12-21,0.814,0.82,0.807,0.82,13813900,11218739,False
2023-12-22,0.82,0.826,0.815,0.817,14842900,12167437,False
2023-12-25,0.817,0.818,0.811,0.817,11948600,9718246,False
2023-12-26,0.813,0.818,0.808,0.809,13205700,10738488,False
2023-12-27,0.807,0.82,0.807,0.819,18408200,14939350,False
2023-12-28,0.813,0.825,0.813,0.824,20819300,17090470,False
2023-12-29,0.825,0.832,0.822,0.831,20919750,17297009,False
2024-01-02,0.833,0.842,0.83,0.838,22224650,18610459,False
2024-01-03,0.832,0.839,0.832,0.839,26100600,21845783,False
2024-01-04,0.835,0.842,0.835,0.842,24228300,20285846,False
2024-01-05,0.838,0.848,0.833,0.838,38028300,31985467,False
2024-01-08,0.835,0.838,0.825,0.826,22123400,18357538,False
2024-01-09,0.824,0.834,0.823,0.833,34761300,28839269,False
2024-01-10,0.827,0.834,0.827,0.829,36477900,30302065,False
2024-01-11,0.825,0.832,0.825,0.83,28676460,23755125,False
2024-01-12,0.826,0.839,0.826,0.833,46797300,39059431,False
2024-01-15,0.833,0.841,0.83,0.839,31138000,26035745,False
2024-01-16,0.838,0.842,0.832,0.84,35311600,29596483,False
2024-01-17,0.84,0.842,0.831,0.832,27984300,23476993,False
2024-01-18,0.826,0.83,0.806,0.825,58484600,47748611,False
2024-01-19,0.819,0.828,0.817,0.82,37802600,31149269,False
2024-01-22,0.82,0.82,0.78,0.787,51498400,41463845,False
2024-01-23,0.787,0.799,0.775,0.792,75628200,59827913,False
2024-01-24,0.792,0.807,0.783,0.807,38049200,30333843,False
2024-01-25,0.804,0.833,0.804,0.832,51326800,42309009,False
2024-01-26,0.829,0.841,0.827,0.838,34820900,29119242,False
2024-01-29,0.837,0.841,0.831,0.833,29218900,24433672,False
2024-01-30,0.833,0.833,0.814,0.819,55354300,45586581,False
2024-01-31,0.817,0.819,0.801,0.808,37740900,30608422,False
2024-02-01,0.802,0.809,0.792,0.799,28804000,23015832,False
2024-02-02,0.797,0.806,0.769,0.788,36299300,28806306,False
2024-02-05,0.781,0.797,0.759,0.781,71862100,55875828,False
2024-02-06,0.78,0.817,0.77,0.811,46543200,36939895,False
2024-02-07,0.806,0.832,0.805,0.832,63227400,51990449,False
2024-02-08,0.834,0.851,0.834,0.844,49473600,41794408,False
2024-02-19,0.844,0.855,0.841,0.855,47020000,39856582,False
2024-02-20,0.855,0.862,0.846,0.86,31391500,26826006,False
2024-02-21,0.858,0.881,0.853,0.865,48980900,42446930,False
2024-02-22,0.861,0.877,0.861,0.877,34225900,29778988,False
2024-02-23,0.874,0.88,0.868,0.876,26855300,23486883,False
2024-02-26,0.876,0.879,0.865,0.868,29302000,25589905,False
2024-02-27,0.865,0.878,0.863,0.877,31972200,27852522,False
2024-02-28,0.874,0.88,0.862,0.863,53900000,47145139,False
2024-02-29,0.861,0.879,0.86,0.878,33317700,28987415,False
2024-03-01,0.875,0.883,0.875,0.879,51731000,45445683,False
2024-03-04,0.879,0.892,0.876,0.89,48157000,42519589,False
2024-03-05,0.887,0.893,0.885,0.891,28890600,25674279,False
2024-03-06,0.89,0.897,0.888,0.894,25946200,23134266,False
2024-03-07,0.894,0.904,0.894,0.896,93177300,83781924,False
2024-03-08,0.895,0.903,0.893,0.902,37210900,33378064,False
2024-03-11,0.902,0.903,0.893,0.903,36215600,32487662,False
2024-03-12,0.903,0.903,0.889,0.895,46586400,41726244,False
2024-03-13,0.89,0.896,0.886,0.89,33438300,29781362,False
2024-03-14,0.891,0.896,0.885,0.893,38145700,34048367,False
2024-03-15,0.888,0.896,0.886,0.895,37402300,33261022,False
2024-03-18,0.896,0.899,0.89,0.899,30291000,27093962,False
2024-03-19,0.899,0.899,0.89,0.891,36742200,32858863,False
2024-03-20,0.886,0.893,0.886,0.891,55087400,49074065,False
2024-03-21,0.891,0.894,0.89,0.893,51760300,46178806,False
2024-03-22,0.893,0.893,0.878,0.886,33811900,29916150,False
2024-03-25,0.884,0.897,0.882,0.885,39991400,35587333,False
2024-03-26,0.885,0.887,0.877,0.885,49539400,43707348,False
2024-03-27,0.883,0.886,0.874,0.875,33727100,29794240,False
2024-03-28,0.875,0.889,0.874,0.884,31464800,27734761,False
2024-03-29,0.884,0.898,0.883,0.895,42088800,37429592,False
2024-04-01,0.896,0.906,0.896,0.906,22721100,20463345,False
2024-04-02,0.906,0.91,0.904,0.908,24556500,22279528,False
2024-04-03,0.908,0.915,0.907,0.915,38480900,35025264,False
2024-04-08,0.915,0.921,0.906,0.908,72136300,65947114,False
2024-04-09,0.908,0.911,0.903,0.91,33143150,30056792,False
2024-04-10,0.909,0.915,0.903,0.908,34995200,31882550,False
2024-04-11,0.908,0.922,0.902,0.917,101212400,92882408,False
2024-04-12,0.92,0.924,0.915,0.915,33312100,30593251,False
2024-04-15,0.914,0.933,0.907,0.931,65755802,60816887,False
2024-04-16,0.931,0.934,0.918,0.923,70426700,65202741,False
2024-04-17,0.92,0.941,0.918,0.941,54250500,50430619,False
2024-04-18,0.941,0.953,0.938,0.947,74074200,70082306,False
2024-04-19,0.945,0.952,0.941,0.95,42937300,40692341,False
2024-04-22,0.951,0.952,0.934,0.938,78327600,73694841,False
2024-04-23,0.936,0.936,0.916,0.919,64392478,59408791,False
2024-04-24,0.916,0.928,0.915,0.926,69291598,63872575,False
2024-04-25,0.925,0.931,0.923,0.93,38327798,35523206,False
2024-04-26,0.929,0.931,0.92,0.928,37184000,34455809,False
2024-04-29,0.93,0.939,0.92,0.935,97346300,90241267,False
2024-04-30,0.933,0.944,0.933,0.94,126884000,119407366,False
2024-05-06,0.945,0.955,0.94,0.955,55301500,52450023,False
2024-05-07,0.954,0.958,0.951,0.958,67133400,64183477,False
2024-05-08,0.956,0.956,0.948,0.95,63712200,60650677,False
2024-05-09,0.95,0.965,0.949,0.963,80378600,77066445,False
2024-05-10,0.963,0.968,0.957,0.967,75036500,72245977,False
2024-05-13,0.962,0.979,0.958,0.976,117910058,114743828,False
2024-05-14,0.974,0.978,0.973,0.977,55203100,53880640,False
2024-05-15,0.976,0.981,0.971,0.973,49293700,48101603,False
2024-05-16,0.974,0.979,0.967,0.972,99945500,97232604,False
2024-05-17,0.97,0.977,0.96,0.975,107240300,103333684,False
2024-05-20,0.974,0.982,0.971,0.979,57587300,56222813,False
2024-05-21,0.978,0.981,0.974,0.977,81545800,79755091,False
2024-05-22,0.976,0.982,0.973,0.975,95116700,93020431,False
2024-05-23,0.974,0.974,0.959,0.96,238739600,229736782,False
2024-05-24,0.958,0.968,0.954,0.955,220180800,211510076,False
2024-05-27,0.957,0.972,0.957,0.971,98316200,94870904,False
2024-05-28,0.972,0.972,0.961,0.963,76442800,73848835,False
2024-05-29,0.961,0.97,0.961,0.966,49651600,47940909,False
2024-05-30,0.965,0.968,0.955,0.959,48299498,46380902,False
2024-05-31,0.959,0.963,0.956,0.957,34313900,32930680,False
2024-06-03,0.956,0.961,0.945,0.952,70297100,67197732,False
2024-06-04,0.953,0.966,0.948,0.965,63727400,61123015,False
2024-06-05,0.966,0.966,0.946,0.949,94313900,89966665,False
2024-06-06,0.95,0.955,0.944,0.946,71692900,68119073,False
2024-06-07,0.946,0.952,0.943,0.95,66489600,63034997,False
2024-06-11,0.948,0.952,0.934,0.939,66077000,62039024,False
2024-06-12,0.939,0.949,0.937,0.947,59730000,56440629,False
2024-06-13,0.947,0.947,0.933,0.938,58126600,54593477,False
2024-06-14,0.937,0.943,0.934,0.941,42809500,40189378,False
2024-06-17,0.939,0.944,0.933,0.935,85531300,80162940,False
2024-06-18,0.936,0.939,0.931,0.938,53816400,50384532,False
2024-06-19,0.938,0.938,0.928,0.93,69659700,64929547,False
2024-06-20,0.929,0.931,0.913,0.914,80765200,74244056,False
2024-06-21,0.913,0.923,0.913,0.919,36867698,33888977,False
2024-06-24,0.917,0.917,0.899,0.903,63009605,56965525,False
2024-06-25,0.903,0.913,0.901,0.906,69540159,63107412,False
2024-06-26,0.903,0.915,0.898,0.912,75384599,68420128,False
2024-06-27,0.911,0.911,0.897,0.899,43084170,38833754,False
2024-06-28,0.898,0.912,0.897,0.906,45499996,41276980,False
2024-07-01,0.904,0.927,0.903,0.925,109327000,100525449,False
2024-07-02,0.925,0.925,0.91,0.913,63388600,58011884,False
2024-07-03,0.912,0.913,0.902,0.904,62021300,56188773,False
2024-07-04,0.903,0.907,0.891,0.895,86307107,77497502,False
2024-07-05,0.894,0.897,0.884,0.897,64680210,57599469,False
2024-07-08,0.895,0.895,0.882,0.884,53551300,47500667,False
2024-07-09,0.884,0.897,0.874,0.893,93789800,83501214,False
2024-07-10,0.892,0.894,0.885,0.887,39190700,34848178,False
2024-07-11,0.89,0.898,0.888,0.897,61456300,54902434,False
2024-07-12,0.898,0.899,0.89,0.893,53348836,47651192,False
2024-07-15,0.892,0.893,0.887,0.891,38206456,34026325,False
2024-07-16,0.89,0.891,0.882,0.887,39822600,35261208,False
2024-07-17,0.885,0.887,0.876,0.879,40313100,35411179,False
2024-07-18,0.877,0.884,0.87,0.883,56721400,49791979,False
2024-07-19,0.881,0.882,0.875,0.88,35046990,30782730,False
2024-07-22,0.88,0.88,0.87,0.876,40384036,35260356,False
2024-07-23,0.874,0.875,0.856,0.857,55067400,47596270,False
2024-07-24,0.858,0.858,0.845,0.847,47620600,40462941,False
2024-07-25,0.847,0.852,0.843,0.849,37472500,31724799,False
2024-07-26,0.849,0.857,0.848,0.856,33193100,28318740,False
2024-07-29,0.856,0.856,0.849,0.85,62655900,53289649,False
2024-07-30,0.85,0.851,0.842,0.848,26449410,22355595,False
2024-07-31,0.847,0.874,0.845,0.873,58405400,50463264,False
2024-08-01,0.871,0.878,0.865,0.868,68537881,59556970,False
2024-08-02,0.864,0.868,0.859,0.862,34304200,29599275,False
2024-08-05,0.855,0.868,0.845,0.847,47626300,40924767,False
2024-08-06,0.852,0.857,0.842,0.85,43878700,37217213,False
2024-08-07,0.85,0.857,0.846,0.852,31293000,26679844,False
2024-08-08,0.851,0.863,0.849,0.861,43797500,37661610,False
2024-08-09,0.859,0.867,0.856,0.857,28438800,24487424,False
2024-08-12,0.855,0.859,0.853,0.856,21627100,18525065,False
2024-08-13,0.856,0.858,0.851,0.857,18121400,15480174,False
2024-08-14,0.858,0.858,0.848,0.848,24677100,21011819,False
2024-08-15,0.846,0.861,0.844,0.854,56891600,48722373,False
2024-08-16,0.856,0.856,0.849,0.852,19850400,16922236,False
2024-08-19,0.852,0.86,0.85,0.857,26368700,22577300,False
2024-08-20,0.857,0.858,0.84,0.845,28404000,24047999,False
2024-08-21,0.844,0.844,0.835,0.838,39455602,33032545,False
2024-08-22,0.838,0.839,0.833,0.835,28330900,23681540,False
2024-08-23,0.834,0.837,0.83,0.836,45231700,37753360,False
2024-08-26,0.836,0.838,0.828,0.834,30141400,25069194,False
2024-08-27,0.832,0.832,0.826,0.828,25443800,21077924,False
2024-08-28,0.827,0.83,0.824,0.825,14832600,12261998,False
2024-08-29,0.823,0.832,0.823,0.829,27958300,23130501,False
2024-08-30,0.83,0.849,0.825,0.839,43626800,36559765,False
2024-09-02,0.837,0.839,0.83,0.831,27989100,23362270,False
2024-09-03,0.83,0.836,0.83,0.833,20594700,17153292,False
2024-09-04,0.832,0.837,0.827,0.83,33374200,27792097,False
2024-09-05,0.83,0.835,0.83,0.834,124179000,103372976,False
2024-09-06,0.831,0.835,0.824,0.825,37684400,31287699,False
2024-09-09,0.822,0.822,0.811,0.814,58869800,47959693,False
2024-09-10,0.813,0.816,0.801,0.812,49870900,40286540,False
2024-09-11,0.809,0.811,0.803,0.807,36630800,29560808,False
2024-09-12,0.807,0.813,0.804,0.805,29793847,24060210,False
2024-09-13,0.805,0.811,0.8,0.801,36463500,29401697,False
2024-09-18,0.798,0.813,0.798,0.808,173199100,139484357,False
2024-09-19,0.812,0.825,0.806,0.82,42935700,35110177,False
2024-09-20,0.819,0.822,0.814,0.822,217298600,177731702,False
2024-09-23,0.82,0.827,0.817,0.822,34128300,28102231,False
2024-09-24,0.825,0.856,0.825,0.855,85563400,71741642,False
2024-09-25,0.861,0.881,0.861,0.863,82355541,71598828,False
2024-09-26,0.863,0.897,0.86,0.896,172992200,152279959,False
2024-09-27,0.906,0.925,0.901,0.922,49102200,44738670,False
2024-09-30,0.938,1.0,0.937,0.997,209411700,204530555,False
2024-10-08,1.097,1.097,0.983,1.016,192215722,196935383,False
2024-10-09,0.99,0.996,0.93,0.934,368141710,352798524,False
2024-10-10,0.936,0.98,0.936,0.957,228854300,220073503,False
2024-10-11,0.95,0.96,0.925,0.935,160666892,150920705,False
2024-10-14,0.938,0.961,0.932,0.957,77497388,73584576,False
2024-10-15,0.953,0.959,0.932,0.933,54447100,51482815,False
2024-10-16,0.92,0.95,0.92,0.939,87936496,82327818,False
2024-10-17,0.943,0.949,0.926,0.926,58235600,54561285,False
2024-10-18,0.926,0.983,0.924,0.943,96324800,90734531,False
2024-10-21,0.947,0.952,0.933,0.944,71207200,67108324,False
2024-10-22,0.944,0.958,0.942,0.957,58414300,55585579,False
2024-10-23,0.953,0.965,0.953,0.957,58732500,56361292,False
2024-10-24,0.956,0.956,0.948,0.951,39220300,37330123,False
2024-10-25,0.948,0.962,0.947,0.958,41726000,39894873,False
2024-10-28,0.957,0.966,0.951,0.966,53299900,51117985,False
2024-10-29,0.966,0.97,0.949,0.95,46008831,44018289,False
2024-10-30,0.947,0.952,0.936,0.943,29078700,27391414,False
2024-10-31,0.94,0.948,0.935,0.944,73023300,68737615,False
2024-11-01,0.942,0.956,0.94,0.945,65471900,62008388,False
2024-11-04,0.947,0.959,0.946,0.958,43342210,41246493,False
2024-11-05,0.955,0.974,0.953,0.971,93345768,90075700,False
2024-11-06,0.971,0.98,0.965,0.974,146111700,142292236,False
2024-11-07,0.969,0.999,0.967,0.998,83928100,82667428,False
2024-11-08,1.0,1.003,0.977,0.983,81526877,80439464,False
2024-11-11,0.974,0.986,0.968,0.983,93162500,91058468,False
2024-11-12,0.981,0.995,0.97,0.976,259274200,253693514,False
2024-11-13,0.973,0.984,0.97,0.983,82689900,80841988,False
2024-11-14,0.98,0.984,0.963,0.965,64965100,63291814,False
2024-11-15,0.964,0.974,0.957,0.958,59439200,57471765,False
2024-11-18,0.957,0.977,0.955,0.96,74893600,72341250,False
2024-11-19,0.961,0.972,0.953,0.972,49809500,47897643,False
2024-11-20,0.969,0.983,0.964,0.982,67265700,65663453,False
2024-11-21,0.982,0.983,0.975,0.98,45828200,44888559,False
2024-11-22,0.978,0.986,0.956,0.956,51619300,49950646,False
2024-11-25,0.956,0.967,0.953,0.96,56385000,54083565,False
2024-11-26,0.96,0.962,0.954,0.955,32605800,31233857,False
2024-11-27,0.956,0.966,0.942,0.965,36603400,34833282,False
2024-11-28,0.962,0.965,0.956,0.958,34320800,32991247,False
2024-11-29,0.955,0.975,0.955,0.966,43620100,42152246,False
2024-12-02,0.966,0.977,0.964,0.975,42084000,40895226,False
2024-12-03,0.973,0.979,0.968,0.977,45500200,44248376,False
2024-12-04,0.972,0.979,0.968,0.974,72242690,70430285,False
2024-12-05,0.973,0.974,0.965,0.971,49637130,48185965,False
2024-12-06,0.968,0.985,0.968,0.983,45124900,44102112,False
2024-12-09,0.983,0.986,0.974,0.979,56155700,55000104,False
2024-12-10,0.996,1.01,0.982,0.984,50001200,49619485,False
2024-12-11,0.984,0.993,0.982,0.991,46666200,46189448,False
2024-12-12,0.994,1.004,0.99,1.002,110529100,110327051,False
2024-12-13,0.998,0.998,0.98,0.983,64892700,64091131,False
2024-12-16,0.983,0.985,0.977,0.979,46346000,45475845,False
2024-12-17,0.979,0.986,0.973,0.976,119734400,117420784,False
2024-12-18,0.976,0.985,0.976,0.981,46370200,45576888,False
2024-12-19,0.979,0.979,0.969,0.977,68749200,66926323,False
2024-12-20,0.974,0.976,0.97,0.973,38109400,37095073,False
2024-12-23,0.973,0.978,0.969,0.971,34203396,33338645,False
2024-12-24,0.97,0.982,0.97,0.981,115491800,112877648,False
2024-12-25,0.983,0.984,0.976,0.982,63931460,62684971,False
2024-12-26,0.981,0.985,0.979,0.984,82070400,80665513,False
2024-12-27,0.983,0.987,0.979,0.984,44151710,43403572,False
2024-12-30,0.983,0.993,0.983,0.988,47054400,46544626,False
2024-12-31,0.988,0.992,0.979,0.981,39288200,38716057,False
2025-01-02,0.98,0.985,0.956,0.963,44727500,43558926,False
2025-01-03,0.964,0.973,0.95,0.953,45103500,43394933,False
2025-01-06,0.955,0.959,0.944,0.952,186872300,177296054,False
2025-01-07,0.951,0.955,0.941,0.951,153199100,145135127,False
2025-01-08,0.952,0.957,0.935,0.951,68067800,64267775,False
2025-01-09,0.951,0.951,0.94,0.942,49719900,46943388,False
2025-01-10,0.942,0.943,0.929,0.929,34812100,32552773,False
2025-01-13,0.925,0.932,0.919,0.923,41292100,38168418,False
2025-01-14,0.928,0.947,0.924,0.945,80782500,75870657,False
2025-01-15,0.941,0.947,0.94,0.942,29519200,27839355,False
2025-01-16,0.944,0.956,0.943,0.95,45389829,43089092,False
2025-01-17,0.949,0.959,0.946,0.956,32470400,30939158,False
2025-01-20,0.958,0.964,0.955,0.957,36216700,34797625,False
2025-01-21,0.959,0.96,0.95,0.953,22677200,21598943,False
2025-01-22,0.954,0.957,0.941,0.947,42287700,39994747,False
2025-01-23,0.951,0.959,0.948,0.949,35592600,33929666,False
2025-01-24,0.949,0.958,0.948,0.957,36160300,34475157,False
2025-01-27,0.958,0.97,0.958,0.965,37243700,35978019,False
2025-02-05,0.967,0.969,0.941,0.945,40604300,38509374,False
2025-02-06,0.948,0.948,0.94,0.947,44521200,41998777,False
2025-02-07,0.945,0.957,0.941,0.953,77442303,73571570,False
2025-02-10,0.954,0.954,0.946,0.95,58631200,55622286,False
2025-02-11,0.948,0.954,0.945,0.954,42666378,40534636,False
2025-02-12,0.954,0.956,0.95,0.955,81226708,77297635,False
2025-02-13,0.955,0.959,0.952,0.952,33349500,31876257,False
2025-02-14,0.952,0.952,0.946,0.952,44162176,41931624,False
2025-02-17,0.952,0.952,0.94,0.944,44554250,41998073,False
2025-02-18,0.944,0.948,0.934,0.937,42031400,39628590,False
2025-02-19,0.938,0.943,0.935,0.943,28503800,26755138,False
2025-02-20,0.943,0.943,0.936,0.94,26718200,25094453,False
2025-02-21,0.943,0.944,0.937,0.942,44383200,41746852,False
2025-02-24,0.943,0.945,0.936,0.943,35856909,33788192,False
2025-02-25,0.936,0.941,0.932,0.934,43724000,41001882,False
2025-02-26,0.935,0.945,0.935,0.945,43315200,40803488,False
2025-02-27,0.945,0.947,0.939,0.947,69446900,65488658,False
2025-02-28,0.947,0.949,0.935,0.937,47969700,45194705,False
2025-03-03,0.94,0.949,0.938,0.942,42661600,40241846,False
2025-03-04,0.942,0.944,0.935,0.944,52333300,49248566,False
2025-03-05,0.944,0.946,0.937,0.945,44086200,41520522,False
2025-03-06,0.944,0.951,0.944,0.95,41724300,39554838,False
2025-03-07,0.947,0.958,0.947,0.953,45667700,43557903,False
2025-03-10,0.954,0.958,0.952,0.958,52399600,50017348,False
2025-03-11,0.95,0.963,0.95,0.962,49859900,47688448,False
2025-03-12,0.962,0.966,0.959,0.962,32199700,30997474,False
2025-03-13,0.961,0.967,0.959,0.966,80216500,77210939,False
2025-03-14,0.964,0.977,0.964,0.977,65568100,63618051,False
2025-03-17,0.977,0.981,0.976,0.976,33280900,32552908,False
2025-03-18,0.976,0.978,0.974,0.976,42274200,41252682,False
2025-03-19,0.975,0.977,0.97,0.974,26767600,26084110,False
2025-03-20,0.975,0.976,0.97,0.97,41627600,40547897,False
2025-03-21,0.97,0.979,0.964,0.968,74726400,72669054,False
2025-03-24,0.967,0.975,0.965,0.974,49826800,48394911,False
2025-03-25,0.977,0.98,0.973,0.979,55445000,54140991,False
2025-03-26,0.979,0.98,0.974,0.976,51500500,50359455,False
2025-03-27,0.976,0.98,0.97,0.976,72623100,71035891,False
2025-03-28,0.976,0.977,0.967,0.968,33993000,33007588,False
2025-03-31,0.968,0.972,0.956,0.961,42690500,41094308,False
2025-04-01,0.959,0.968,0.959,0.966,38726000,37388115,False
2025-04-02,0.966,0.973,0.965,0.969,21448000,20787766,False
2025-04-03,0.962,0.963,0.953,0.958,45043800,43192919,False
2025-04-07,0.916,0.931,0.868,0.879,49795000,44581530,False
2025-04-08,0.879,0.892,0.878,0.892,37200100,32965162,False
2025-04-09,0.887,0.898,0.867,0.895,45836953,40571470,False
2025-04-10,0.897,0.918,0.897,0.912,40015500,36505715,False
2025-04-11,0.911,0.914,0.904,0.91,62267300,56588044,False
2025-04-14,0.913,0.918,0.913,0.916,54050400,49488647,False
2025-04-15,0.915,0.92,0.911,0.92,45622800,41780209,False
2025-04-16,0.919,0.919,0.907,0.916,31667900,28856246,False
2025-04-17,0.915,0.92,0.912,0.917,52290900,48010349,False
2025-04-18,0.917,0.919,0.912,0.917,38455700,35231936,False
2025-04-21,0.917,0.923,0.915,0.922,26121500,24051461,False
2025-04-22,0.919,0.926,0.919,0.924,62774500,57984833,False
2025-04-23,0.924,0.931,0.924,0.929,35664000,33072506,False
2025-04-24,0.929,0.934,0.927,0.929,26749800,24903869,False
2025-04-25,0.929,0.932,0.927,0.929,37166300,34556215,False
2025-04-28,0.929,0.929,0.92,0.923,31020300,28609402,False
2025-04-29,0.92,0.926,0.919,0.922,129450200,119293545,False
2025-04-30,0.919,0.922,0.916,0.917,20492600,18832411,False
2025-05-06,0.921,0.923,0.916,0.923,98990200,91171838,False
2025-05-07,0.929,0.933,0.924,0.929,38341200,35580578,False
2025-05-08,0.928,0.934,0.926,0.932,141822700,132195444,False
2025-05-09,0.932,0.936,0.928,0.933,59961700,55957006,False
2025-05-12,0.935,0.94,0.935,0.94,26206700,24579610,False
2025-05-13,0.943,0.947,0.943,0.946,38506400,36399035,False
2025-05-14,0.945,0.952,0.942,0.95,20459500,19401941,False
2025-05-15,0.949,0.951,0.943,0.946,81365800,76994888,False
2025-05-16,0.944,0.945,0.938,0.942,44040500,41483439,False
2025-05-19,0.94,0.945,0.94,0.944,30999300,29236414,False
2025-05-20,0.944,0.952,0.943,0.95,26481900,25133452,False
2025-05-21,0.949,0.957,0.949,0.957,29424500,28096347,False
2025-05-22,0.956,0.956,0.952,0.953,19825800,18918324,False
2025-05-23,0.953,0.958,0.948,0.948,28008700,26736124,False
2025-05-26,0.946,0.95,0.942,0.945,20434900,19324179,False
2025-05-27,0.943,0.946,0.939,0.942,32727900,30819096,False
2025-05-28,0.941,0.947,0.941,0.945,113869400,107631821,False
2025-05-29,0.945,0.952,0.945,0.951,86055700,81750289,False
2025-05-30,0.948,0.951,0.947,0.949,29665900,28144378,False
2025-06-03,0.947,0.95,0.943,0.95,29754200,28173398,False
2025-06-04,0.95,0.956,0.95,0.956,32209800,30703651,False
2025-06-05,0.958,0.958,0.953,0.955,33818400,32278973,False
2025-06-06,0.956,0.956,0.953,0.955,31552900,30122331,False
2025-06-09,0.955,0.958,0.955,0.957,24134158,23083906,False
2025-06-10,0.958,0.963,0.952,0.959,48294700,46290070,False
2025-06-11,0.959,0.964,0.957,0.962,44565900,42877477,False
2025-06-12,0.962,0.965,0.96,0.965,31304100,30156803,False
2025-06-13,0.962,0.966,0.957,0.958,43242200,41581048,False
2025-06-16,0.96,0.96,0.954,0.954,41125300,39361036,False
2025-06-17,0.955,0.955,0.951,0.954,116425200,110912322,False
2025-06-18,0.95,0.955,0.948,0.953,45033200,42883118,False
2025-06-19,0.951,0.952,0.942,0.946,61916100,58700376,False
2025-06-20,0.943,0.949,0.943,0.947,44873600,42490693,False
2025-06-23,0.946,0.947,0.939,0.946,40119100,37853564,False
2025-06-24,0.948,0.955,0.944,0.955,29169500,27760835,False
2025-06-25,0.954,0.962,0.953,0.962,36139000,34557504,False
2025-06-26,0.963,0.963,0.957,0.958,24969200,23943932,False
2025-06-27,0.956,0.965,0.956,0.958,32006800,30744707,False
2025-06-30,0.959,0.962,0.958,0.961,57508000,55159944,False
2025-07-01,0.964,0.966,0.96,0.966,40145405,38667157,False
2025-07-02,0.965,0.971,0.964,0.971,38518200,37308833,False
2025-07-03,0.969,0.975,0.969,0.975,38946300,37894451,False
2025-07-04,0.975,0.978,0.971,0.973,59184500,57689518,False
2025-07-07,0.974,0.975,0.971,0.975,43567200,42393036,False
2025-07-08,0.976,0.981,0.975,0.98,37040700,36215965,False
2025-07-09,0.981,0.983,0.977,0.98,40918300,40136382,False
2025-07-10,0.98,0.987,0.979,0.985,57586400,56528105,False
2025-07-11,0.984,0.991,0.982,0.985,41109500,40541149,False
2025-07-14,0.986,0.99,0.983,0.987,56563500,55830480,False
2025-07-15,0.989,0.993,0.979,0.985,92127300,90670410,False
2025-07-16,0.981,0.987,0.981,0.987,39056400,38465700,False
2025-07-17,0.988,0.99,0.984,0.988,88236000,87014489,False
2025-07-18,0.988,0.995,0.987,0.993,44867000,44463319,False
2025-07-21,0.994,1.004,0.994,1.002,51250300,51195963,False
2025-07-22,1.009,1.017,0.998,1.015,38776800,39041411,False
2025-07-23,1.02,1.022,1.012,1.014,58028500,59044797,False
2025-07-24,1.014,1.023,1.012,1.023,58190700,59206477,False
2025-07-25,1.021,1.027,1.018,1.02,48091200,49134933,False
2025-07-28,1.016,1.019,1.009,1.011,44222500,44785834,False
2025-07-29,1.009,1.012,1.004,1.011,43052200,43390984,False
2025-07-30,1.011,1.022,1.01,1.017,33628400,34237489,False
2025-07-31,1.017,1.017,0.996,1.001,59329200,59512690,False
2025-08-01,1.001,1.01,1.0,1.007,40374015,40543278,False
2025-08-04,1.005,1.011,1.001,1.011,33664200,33905558,False
2025-08-05,1.012,1.02,1.011,1.019,27498800,27950462,False
2025-08-06,1.021,1.025,1.019,1.024,30075000,30745320,False
2025-08-07,1.026,1.03,1.022,1.029,40182400,41235556,False
2025-08-08,1.029,1.035,1.025,1.032,38187300,39387732,False
2025-08-11,1.031,1.034,1.027,1.032,31738500,32735622,False
2025-08-12,1.032,1.038,1.031,1.036,30561300,31620484,False
2025-08-13,1.036,1.043,1.034,1.042,39021000,40537872,False
2025-08-14,1.042,1.045,1.033,1.034,38776600,40323588,False
2025-08-15,1.035,1.047,1.031,1.047,37576300,39155640,False
2025-08-18,1.048,1.054,1.043,1.053,138261800,145034302,False
2025-08-19,1.048,1.05,1.043,1.047,40800112,42675410,False
2025-08-20,1.045,1.064,1.041,1.063,183666000,194191827,False
2025-08-21,1.063,1.068,1.059,1.064,39587600,42148269,False
2025-08-22,1.064,1.066,1.056,1.065,44877600,47635504,False
2025-08-25,1.066,1.076,1.065,1.076,45266332,48421036,False
2025-08-26,1.073,1.083,1.071,1.079,37886100,40873933,False
2025-08-27,1.076,1.08,1.058,1.058,47632000,51175557,False
2025-08-28,1.058,1.069,1.044,1.067,162054300,171903100,False
2025-08-29,1.066,1.074,1.066,1.073,23481000,25133379,False
2025-09-01,1.073,1.084,1.071,1.083,62336900,67290361,False
2025-09-02,1.083,1.086,1.067,1.075,42956000,46247374,False
2025-09-03,1.075,1.078,1.059,1.066,38037900,40599082,False
2025-09-04,1.064,1.066,1.045,1.06,45762400,48336286,False
2025-09-05,1.058,1.077,1.053,1.075,26230400,27956980,False
2025-09-08,1.075,1.084,1.071,1.084,47037400,50663058,False
2025-09-09,1.084,1.088,1.076,1.082,27365600,29604992,False
2025-09-10,1.082,1.084,1.074,1.08,41203800,44478732,False
2025-09-11,1.077,1.093,1.075,1.091,81354468,88189383,False
2025-09-12,1.093,1.094,1.087,1.088,26033512,28399544,False
2025-09-15,1.088,1.089,1.083,1.084,21200900,23006856,False
2025-09-16,1.085,1.087,1.072,1.083,21880000,23613766,False
2025-09-17,1.083,1.098,1.082,1.097,31011400,33870819,False
2025-09-18,1.095,1.099,1.074,1.083,34277900,37409362,False
2025-09-19,1.082,1.092,1.08,1.09,40562700,43976115,False
2025-09-22,1.088,1.091,1.078,1.084,34814700,37663315,False
2025-09-23,1.085,1.086,1.067,1.079,26608400,28658088,False
2025-09-24,1.081,1.096,1.077,1.093,23886500,25967053,False
2025-09-25,1.09,1.095,1.086,1.09,19972700,21781517,False
2025-09-26,1.088,1.093,1.086,1.09,19998600,21801613,False
2025-09-29,1.088,1.104,1.085,1.102,33571600,36793112,False
2025-09-30,1.1,1.106,1.099,1.106,21849922,24099792,False
2025-10-09,1.104,1.125,1.104,1.124,31802600,35399410,False
2025-10-10,1.12,1.127,1.113,1.12,25244300,28316488,False
2025-10-13,1.086,1.123,1.086,1.114,50111900,55194793,False
2025-10-14,1.114,1.122,1.102,1.108,24312900,27053308,False
2025-10-15,1.108,1.123,1.106,1.12,24324000,27099814,False
2025-10-16,1.122,1.127,1.115,1.119,23290000,26113221,False
2025-10-17,1.12,1.12,1.097,1.1,29986300,33165137,False
2025-10-20,1.101,1.106,1.098,1.105,43612200,48034901,False
2025-10-21,1.107,1.119,1.101,1.116,19337360,21541925,False
2025-10-22,1.112,1.118,1.106,1.118,26649000,29706776,False
2025-10-23,1.117,1.124,1.109,1.122,16329400,18197323,False
2025-10-24,1.124,1.126,1.118,1.124,15958700,17913166,False
2025-10-27,1.126,1.137,1.124,1.135,23634200,26776777,False
2025-10-28,1.135,1.135,1.126,1.127,129651400,146492195,False
2025-10-29,1.132,1.147,1.127,1.145,35323800,40177540,False
2025-10-30,1.146,1.149,1.135,1.138,22998400,26292993,False
2025-10-31,1.138,1.142,1.134,1.137,25189700,28667646,False
2025-11-03,1.138,1.147,1.134,1.147,50723500,57909216,False
2025-11-04,1.143,1.152,1.133,1.142,45338997,51799759,False
2025-11-05,1.125,1.153,1.125,1.148,36704900,42001078,False
2025-11-06,1.148,1.171,1.148,1.169,51328500,59614769,False
2025-11-07,1.165,1.173,1.162,1.167,32274000,37686880,False
2025-11-10,1.173,1.178,1.168,1.175,49464700,58000927,False
2025-11-11,1.175,1.177,1.166,1.171,45309800,53109826,False
2025-11-12,1.17,1.178,1.163,1.172,33230000,38913388,False
2025-11-13,1.172,1.176,1.164,1.174,41800500,49004602,False
2025-11-14,1.168,1.176,1.162,1.164,33170200,38808022,False
2025-11-17,1.158,1.16,1.148,1.152,43811785,50510202,False
2025-11-18,1.148,1.15,1.133,1.138,63484849,72377424,False
2025-11-19,1.137,1.144,1.132,1.139,112944900,128264448,False
2025-11-20,1.143,1.144,1.132,1.134,34110700,38781166,False
2025-11-21,1.125,1.128,1.103,1.104,54117703,60257017,False
2025-11-24,1.103,1.11,1.096,1.103,46004200,50710454,False
2025-11-25,1.104,1.118,1.104,1.112,34405500,38257534,False
2025-11-26,1.108,1.116,1.108,1.111,20908200,23266376,False
2025-11-27,1.112,1.119,1.111,1.114,16036100,17893766,False
2025-11-28,1.113,1.123,1.11,1.122,24362500,27212561,False
2025-12-01,1.121,1.132,1.121,1.131,32089100,36192920,False
2025-12-02,1.132,1.132,1.122,1.124,17355700,19530759,False
2025-12-03,1.126,1.135,1.126,1.129,82205900,93000437,False
2025-12-04,1.127,1.134,1.122,1.129,23991000,27058603,False
2025-12-05,1.129,1.141,1.126,1.139,50032300,56763913,False
2025-12-08,1.139,1.143,1.129,1.137,73884400,84043357,False
2025-12-09,1.138,1.138,1.125,1.127,34037139,38494709,False
2025-12-10,1.125,1.133,1.123,1.132,40429800,45568699,False
2025-12-11,1.13,1.137,1.12,1.122,31957096,36082814,False
2025-12-12,1.125,1.13,1.122,1.129,21596935,24323810,False
2025-12-15,1.121,1.135,1.121,1.129,37345200,42219140,False
2025-12-16,1.127,1.13,1.116,1.119,31450256,35226567,False
2025-12-17,1.119,1.138,1.117,1.135,51583800,58234677,False
2025-12-18,1.135,1.14,1.131,1.136,43488901,49452740,False
2025-12-19,1.141,1.148,1.137,1.145,21434500,24471977,False
2025-12-22,1.147,1.15,1.14,1.143,35307800,40334145,False
2025-12-23,1.144,1.147,1.14,1.143,33271600,38044076,False
2025-12-24,1.142,1.149,1.138,1.147,27435200,31376461,False
2025-12-25,1.15,1.156,1.146,1.154,47649800,54953197,False
2025-12-26,1.154,1.162,1.151,1.156,59052600,68341007,False
2025-12-29,1.156,1.158,1.149,1.151,30163900,34819549,False
2025-12-30,1.149,1.159,1.145,1.156,32862600,37937102,False
2025-12-31,1.158,1.158,1.15,1.154,70668000,81558806,False
2026-01-05,1.154,1.168,1.154,1.166,75248553,87520503,False
2026-01-06,1.168,1.182,1.168,1.181,35037100,41176596,False
2026-01-07,1.181,1.185,1.176,1.178,38311400,45244795,False
2026-01-08,1.177,1.182,1.17,1.178,36551100,43033846,False
2026-01-09,1.18,1.192,1.178,1.192,26591000,31510992,False
2026-01-12,1.194,1.202,1.188,1.201,34005300,40620594,False
2026-01-13,1.2,1.21,1.193,1.197,20701200,24874914,False
2026-01-14,1.19,1.215,1.19,1.203,41856000,50515960,False
2026-01-15,1.198,1.212,1.194,1.202,60738100,73199230,False
2026-01-16,1.207,1.214,1.199,1.206,25392253,30597831,False
2026-01-19,1.201,1.214,1.198,1.212,44468904,53788809,False
2026-01-20,1.216,1.222,1.202,1.221,45084200,54684007,False
2026-01-21,1.216,1.225,1.21,1.223,38003900,46272913,False
2026-01-22,1.224,1.227,1.219,1.222,65035000,79483155,False
2026-01-23,1.222,1.237,1.222,1.235,62287300,76704894,False
2026-01-26,1.237,1.249,1.231,1.242,41343800,51289684,False
2026-01-27,1.248,1.25,1.233,1.244,43638800,54080865,False
2026-01-28,1.241,1.265,1.235,1.262,50722980,63414553,False
2026-01-29,1.264,1.267,1.252,1.262,42239100,53188832,False
2026-01-30,1.258,1.26,1.233,1.249,43242800,54003292,False
2026-02-02,1.242,1.244,1.205,1.211,81454100,100018657,False
2026-02-03,1.209,1.235,1.209,1.233,59003200,72167023,False
2026-02-04,1.234,1.248,1.232,1.248,52999400,65795277,False
2026-02-05,1.245,1.246,1.229,1.239,84326700,104349439,False
2026-02-06,1.223,1.247,1.223,1.235,94669600,117356816,False
2026-02-09,1.242,1.254,1.24,1.251,61722100,77038758,False
2026-02-10,1.251,1.256,1.245,1.256,47641600,59623910,False
2026-02-11,1.257,1.26,1.251,1.256,59849804,75230418,False
2026-02-12,1.256,1.265,1.254,1.259,40599400,51107323,False
2026-02-13,1.255,1.256,1.234,1.236,62070252,77190995,False
2026-02-24,1.251,1.253,1.242,1.251,48248100,60210928,False
2026-02-25,1.252,1.269,1.252,1.26,50236700,63357387,False
2026-02-26,1.264,1.264,1.256,1.263,49827514,62805749,False
2026-02-27,1.262,1.275,1.24,1.272,134400600,170903714,False
2026-03-02,1.268,1.291,1.264,1.29,112806404,144214159,False
2026-03-03,1.288,1.295,1.268,1.272,96471800,123410100,False
2026-03-04,1.264,1.267,1.25,1.257,70840396,89128402,False
2026-03-05,1.266,1.27,1.254,1.265,134084555,168968297,False
2026-03-06,1.26,1.279,1.246,1.277,41478700,52723388,False
2026-03-09,1.269,1.277,1.253,1.265,43700481,55223454,False
2026-03-10,1.261,1.275,1.259,1.274,66442100,84218538,False
2026-03-11,1.277,1.284,1.266,1.283,93431900,119323962,False
2026-03-12,1.276,1.291,1.276,1.284,91719800,117682426,False
2026-03-13,1.283,1.294,1.276,1.277,120191800,154508658,False
2026-03-16,1.28,1.282,1.263,1.271,69263100,87833945,False
2026-03-17,1.27,1.284,1.262,1.265,63351600,80614692,False
2026-03-18,1.265,1.267,1.242,1.266,62716100,78704905,False
2026-03-19,1.255,1.266,1.235,1.239,112956803,140913595,False
2026-03-20,1.234,1.254,1.23,1.232,153222200,190428427,False
2026-03-23,1.215,1.226,1.177,1.188,109746602,131556289,False
2026-03-24,1.196,1.212,1.189,1.21,105252100,126237757,False
2026-03-25,1.217,1.23,1.214,1.226,159695400,195484539,False
2026-03-26,1.22,1.232,1.212,1.215,60545600,74034621,False
2026-03-27,1.205,1.226,1.203,1.224,61932800,75502902,False
2026-03-30,1.208,1.226,1.208,1.226,95752900,116845707,False
2026-03-31,1.225,1.229,1.208,1.209,56536300,68718635,False
2026-04-01,1.22,1.227,1.219,1.221,137352931,167999288,False
2026-04-02,1.222,1.228,1.214,1.22,77409690,94643058,False
2026-04-03,1.222,1.223,1.202,1.204,79415600,95921224,False
2026-04-07,1.202,1.211,1.2,1.206,45454053,54777789,False
2026-04-08,1.225,1.234,1.209,1.232,134405900,165077086,False
2026-04-09,1.228,1.231,1.223,1.227,78300400,96054416,False
2026-04-10,1.227,1.241,1.227,1.232,59992000,74068077,False
2026-04-13,1.229,1.23,1.22,1.224,79885700,97823633,False
2026-04-14,1.228,1.232,1.222,1.232,64215900,78719989,False
2026-04-15,1.235,1.238,1.229,1.232,74165100,91428808,False
2026-04-16,1.233,1.245,1.232,1.243,51488400,63788761,False
2026-04-17,1.238,1.243,1.234,1.239,83908100,103882582,False
2026-04-20,1.241,1.244,1.234,1.242,43999000,54592575,False
2026-04-21,1.242,1.253,1.239,1.253,97536883,121835078,False
2026-04-22,1.249,1.253,1.244,1.252,69256091,86444214,False
2026-04-23,1.249,1.253,1.24,1.246,113692500,141571999,False
2026-04-24,1.246,1.246,1.233,1.241,50102400,62097669,False
2026-04-27,1.241,1.243,1.235,1.237,49782700,61622103,False
2026-04-28,1.235,1.242,1.234,1.241,37708200,46707321,False
2026-04-29,1.241,1.258,1.237,1.255,58308800,73004383,False
2026-04-30,1.256,1.256,1.244,1.249,75096300,93674225,False
2026-05-06,1.251,1.264,1.245,1.263,63869403,80190056,False
2026-05-07,1.263,1.265,1.253,1.258,120410900,151183083,False
2026-05-08,1.258,1.262,1.254,1.262,121985200,153433312,False
2026-05-11,1.262,1.271,1.256,1.267,126428800,160158744,False
2026-05-12,1.265,1.271,1.261,1.267,106764300,135048487,False
2026-05-13,1.263,1.273,1.262,1.273,57881200,73419753,False
2026-05-14,1.273,1.273,1.249,1.253,94892600,119585997,False
2026-05-15,1.253,1.257,1.236,1.245,151269800,188460309,False
2026-05-18,1.24,1.24,1.228,1.234,213067400,262908014,False
2026-05-19,1.234,1.242,1.226,1.239,115099970,142110892,False
2026-05-20,1.237,1.242,1.229,1.241,80825307,99843046,False
2026-05-21,1.241,1.25,1.22,1.222,83108200,103158591,False
2026-05-22,1.223,1.226,1.217,1.223,63860100,78009913,False
2026-05-25,1.222,1.226,1.211,1.217,86321130,105001958,False
2026-05-26,1.212,1.222,1.207,1.221,114945630,139648812,False
2026-05-27,1.221,1.224,1.205,1.211,210256530,254920743,False
2026-05-28,1.208,1.214,1.196,1.207,122591090,147749520,False
2026-05-29,1.206,1.219,1.203,1.209,138285690,167392932,False
2026-06-01,1.207,1.224,1.206,1.221,128568700,156587503,False
2026-06-02,1.221,1.228,1.214,1.226,183017700,223809556,False
2026-06-03,1.226,1.228,1.212,1.217,126728300,154315771,False
2026-06-04,1.213,1.215,1.203,1.208,129001900,155911639,False
2026-06-05,1.207,1.214,1.197,1.202,75169000,90747114,False
2026-06-08,1.184,1.195,1.172,1.182,162434906,192392789,False
2026-06-09,1.184,1.197,1.182,1.193,377046637,448424757,False
2026-06-10,1.191,1.193,1.182,1.192,99119450,117750477,False
2026-06-11,1.186,1.194,1.181,1.188,194456092,230594776,False
