date,open,high,low,close,volume,amount,suspended
2019-06-17,0.988,0.999,0.971,0.983,85696758,84837789,False
2019-06-18,0.983,0.998,0.98,0.997,30746458,30457272,False
2019-06-19,1.013,1.028,1.0,1.004,46744458,47398852,False
2019-06-20,1.005,1.032,1.001,1.028,13156900,13415532,False
2019-06-21,1.028,1.048,1.028,1.043,5658100,5899973,False
2019-06-24,1.043,1.044,1.035,1.042,8461300,8786796,False
2019-06-25,1.035,1.04,1.018,1.03,2405300,2479580,False
2019-06-26,1.013,1.058,1.013,1.055,8423400,8819032,False
2019-06-27,1.07,1.072,1.057,1.067,5621600,5985558,False
2019-06-28,1.067,1.067,1.048,1.057,5278100,5557671,False
2019-07-01,1.078,1.084,1.065,1.084,7788600,8398625,False
2019-07-02,1.084,1.102,1.078,1.098,7463400,8172550,False
2019-07-03,1.098,1.098,1.081,1.084,4196100,4566588,False
2019-07-04,1.089,1.089,1.065,1.07,4152900,4460915,False
2019-07-05,1.07,1.08,1.07,1.078,2950500,3167637,False
2019-07-08,1.074,1.074,1.043,1.055,5109600,5398912,False
2019-07-09,1.046,1.066,1.045,1.064,4360700,4621652,False
2019-07-10,1.064,1.073,1.062,1.065,4831000,5147450,False
2019-07-11,1.064,1.088,1.064,1.077,5269900,5689596,False
2019-07-12,1.076,1.084,1.067,1.079,3939000,4251302,False
2019-07-15,1.08,1.09,1.065,1.086,4648900,5002519,False
2019-07-16,1.1,1.1,1.078,1.082,3604100,3916685,False
2019-07-17,1.074,1.082,1.072,1.076,2494000,2684019,False
2019-07-18,1.068,1.068,1.056,1.057,3459100,3670740,False
2019-07-19,1.061,1.071,1.059,1.063,3093600,3294051,False
2019-07-22,1.061,1.062,1.042,1.047,3468200,3644470,False
2019-07-23,1.052,1.056,1.046,1.056,3362400,3527335,False
2019-07-24,1.06,1.072,1.059,1.065,3416900,3630564,False
2019-07-25,1.065,1.071,1.063,1.066,2650500,2828437,False
2019-07-26,1.08,1.08,1.065,1.076,4385100,4699251,False
2019-07-29,1.07,1.074,1.062,1.064,3102900,3308539,False
2019-07-30,1.067,1.077,1.067,1.071,3701558,3969874,False
2019-07-31,1.071,1.071,1.062,1.065,3137600,3340118,False
2019-08-01,1.058,1.062,1.056,1.061,3032000,3214298,False
2019-08-02,1.048,1.062,1.041,1.06,3602500,3806577,False
2019-08-05,1.06,1.071,1.05,1.051,3529200,3739566,False
2019-08-06,1.051,1.051,1.022,1.038,6862200,7063892,False
2019-08-07,1.041,1.048,1.035,1.04,3058600,3188112,False
2019-08-08,1.04,1.059,1.04,1.058,3097400,3263562,False
2019-08-09,1.058,1.071,1.056,1.06,3234200,3444597,False
2019-08-12,1.068,1.075,1.06,1.075,3189700,3409248,False
2019-08-13,1.076,1.08,1.067,1.074,2683000,2885869,False
2019-08-14,1.084,1.094,1.077,1.09,3697600,4026240,False
2019-08-15,1.077,1.105,1.077,1.104,3876300,4251453,False
2019-08-16,1.102,1.125,1.102,1.11,6793700,7554477,False
2019-08-19,1.115,1.135,1.115,1.134,3873600,4366489,False
2019-08-20,1.132,1.146,1.132,1.141,2913500,3320615,False
2019-08-21,1.145,1.145,1.128,1.131,3101800,3513521,False
2019-08-22,1.133,1.14,1.125,1.135,2756900,3118007,False
2019-08-23,1.13,1.162,1.127,1.157,5746900,6595109,False
2019-08-26,1.141,1.166,1.134,1.16,6007600,6942006,False
2019-08-27,1.162,1.18,1.161,1.172,4274300,5019278,False
2019-08-28,1.172,1.173,1.157,1.161,4190100,4872783,False
2019-08-29,1.157,1.166,1.155,1.159,4436400,5151983,False
2019-08-30,1.16,1.175,1.151,1.158,5608400,6540756,False
2019-09-02,1.158,1.188,1.158,1.187,4158300,4903431,False
2019-09-03,1.187,1.187,1.174,1.178,3920800,4620603,False
2019-09-04,1.178,1.179,1.161,1.172,4356700,5094245,False
2019-09-05,1.172,1.186,1.172,1.176,4503300,5312358,False
2019-09-06,1.175,1.186,1.174,1.182,7415500,8746216,False
2019-09-09,1.185,1.198,1.183,1.197,4720700,5627556,False
2019-09-10,1.2,1.213,1.193,1.207,8020400,9674121,False
2019-09-11,1.207,1.217,1.188,1.189,6149500,7388859,False
2019-09-12,1.19,1.203,1.186,1.201,3595700,4296984,False
2019-09-16,1.198,1.211,1.198,1.207,4279500,5164970,False
2019-09-17,1.2,1.205,1.181,1.183,4801100,5714049,False
2019-09-18,1.188,1.197,1.18,1.193,3744500,4456348,False
2019-09-19,1.191,1.213,1.191,1.213,3425500,4130208,False
2019-09-20,1.213,1.22,1.212,1.215,6111400,7427608,False
2019-09-23,1.2,1.212,1.193,1.199,3824900,4587990,False
2019-09-24,1.21,1.232,1.206,1.231,9451300,11542810,False
2019-09-25,1.231,1.231,1.213,1.219,6444800,7878336,False
2019-09-26,1.219,1.23,1.189,1.19,7078200,8498098,False
2019-09-27,1.18,1.202,1.18,1.199,7437500,8870051,False
2019-09-30,1.178,1.21,1.178,1.196,6681200,8011464,False
2019-10-08,1.193,1.217,1.193,1.204,5484800,6637461,False
2019-10-09,1.206,1.206,1.185,1.2,6340600,7551614,False
2019-10-10,1.2,1.245,1.2,1.241,7986200,9807659,False
2019-10-11,1.239,1.254,1.239,1.249,9859500,12307640,False
2019-10-14,1.259,1.266,1.251,1.256,9983000,12552117,False
2019-10-15,1.25,1.26,1.246,1.249,6548500,8201968,False
2019-10-16,1.249,1.274,1.249,1.266,11035500,13933110,False
2019-10-17,1.266,1.277,1.256,1.268,6634700,8401546,False
2019-10-18,1.268,1.292,1.266,1.271,14988800,19152806,False
2019-10-21,1.26,1.278,1.227,1.243,16260200,20285847,False
2019-10-22,1.243,1.26,1.239,1.253,12054000,15018245,False
2019-10-23,1.248,1.254,1.225,1.228,12187400,15077397,False
2019-10-24,1.235,1.235,1.211,1.221,6613400,8063800,False
2019-10-25,1.221,1.234,1.2,1.232,5993700,7359286,False
2019-10-28,1.233,1.262,1.233,1.261,9817300,12287181,False
2019-10-29,1.261,1.275,1.256,1.268,9311400,11805562,False
2019-10-30,1.268,1.27,1.25,1.258,12093600,15222831,False
2019-10-31,1.272,1.28,1.263,1.265,9457100,12036467,False
2019-11-01,1.275,1.293,1.262,1.293,14186700,18185555,False
2019-11-04,1.294,1.324,1.294,1.324,16403800,21612803,False
2019-11-05,1.323,1.327,1.313,1.321,14580900,19252543,False
2019-11-06,1.321,1.325,1.308,1.311,16099800,21148894,False
2019-11-07,1.306,1.334,1.304,1.326,15255500,20200173,False
2019-11-08,1.334,1.338,1.317,1.32,14538800,19247990,False
2019-11-11,1.318,1.318,1.281,1.286,20967100,27172839,False
2019-11-12,1.286,1.295,1.278,1.295,18753200,24131466,False
2019-11-13,1.291,1.327,1.29,1.322,29370400,38557497,False
2019-11-14,1.321,1.337,1.32,1.333,22551700,29995377,False
2019-11-15,1.333,1.339,1.321,1.325,18009000,23951421,False
2019-11-18,1.325,1.33,1.315,1.328,18865800,24969089,False
2019-11-19,1.328,1.366,1.326,1.365,28515900,38609646,False
2019-11-20,1.36,1.382,1.36,1.37,29520700,40469041,False
2019-11-21,1.369,1.369,1.34,1.344,40648500,54909353,False
2019-11-22,1.338,1.352,1.279,1.294,49166200,64519733,False
2019-11-25,1.29,1.297,1.253,1.27,25093400,31921821,False
2019-11-26,1.279,1.282,1.264,1.27,19472800,24785684,False
2019-11-27,1.275,1.275,1.25,1.263,20351100,25663651,False
2019-11-28,1.267,1.268,1.254,1.26,23382200,29477471,False
2019-11-29,1.258,1.258,1.22,1.233,33337800,41105399,False
2019-12-02,1.234,1.237,1.218,1.22,27554100,33694612,False
2019-12-03,1.215,1.225,1.198,1.225,35988400,43535571,False
2019-12-04,1.219,1.236,1.215,1.231,21227900,26090174,False
2019-12-05,1.232,1.25,1.232,1.247,21604600,26873209,False
2019-12-06,1.247,1.252,1.242,1.252,18292700,22805127,False
2019-12-09,1.251,1.256,1.223,1.231,34171100,42052354,False
2019-12-10,1.232,1.25,1.224,1.25,23896400,29659374,False
2019-12-11,1.251,1.252,1.241,1.245,20404100,25442566,False
2019-12-12,1.251,1.252,1.24,1.242,19954700,24817383,False
2019-12-13,1.247,1.269,1.246,1.267,34885699,43962498,False
2019-12-16,1.266,1.28,1.265,1.28,28178100,35886961,False
2019-12-17,1.283,1.295,1.271,1.292,36349500,46681186,False
2019-12-18,1.291,1.292,1.268,1.272,39978000,51013790,False
2019-12-19,1.272,1.272,1.26,1.268,21170500,26764625,False
2019-12-20,1.265,1.272,1.251,1.254,24608100,30959692,False
2019-12-23,1.244,1.261,1.237,1.24,40818500,50994571,False
2019-12-24,1.242,1.244,1.237,1.244,23542900,29195882,False
2019-12-25,1.246,1.246,1.235,1.243,19906200,24681254,False
2019-12-26,1.242,1.248,1.238,1.245,24856300,30897128,False
2019-12-27,1.246,1.247,1.228,1.23,44876600,55496330,False
2019-12-30,1.23,1.236,1.215,1.236,28126600,34483747,False
2019-12-31,1.235,1.263,1.234,1.26,49242900,61761057,False
2020-01-02,1.262,1.265,1.249,1.262,40979400,51504992,False
2020-01-03,1.263,1.264,1.248,1.256,40712000,51077231,False
2020-01-06,1.248,1.253,1.235,1.247,41088900,51192457,False
2020-01-07,1.242,1.272,1.242,1.271,44889100,56610765,False
2020-01-08,1.27,1.274,1.26,1.263,50486800,63826976,False
2020-01-09,1.273,1.313,1.271,1.312,82728100,107538788,False
2020-01-10,1.313,1.32,1.309,1.312,45700800,60031035,False
2020-01-13,1.311,1.325,1.296,1.325,34996700,45864473,False
2020-01-14,1.325,1.33,1.31,1.313,32258800,42466248,False
2020-01-15,1.309,1.333,1.303,1.32,35815200,47334365,False
2020-01-16,1.32,1.343,1.31,1.341,49983900,66532203,False
2020-01-17,1.341,1.361,1.334,1.35,36323100,48979301,False
2020-01-20,1.366,1.378,1.341,1.365,56716200,77016057,False
2020-01-21,1.381,1.395,1.363,1.38,66228000,91541796,False
2020-01-22,1.39,1.39,1.349,1.367,46471701,63340473,False
2020-01-23,1.366,1.376,1.316,1.337,59369200,80123342,False
2020-02-03,1.416,1.423,1.245,1.292,96367600,128744787,False
2020-02-04,1.279,1.372,1.278,1.369,62585000,83174985,False
2020-02-05,1.369,1.399,1.352,1.398,76371700,105442247,False
2020-02-06,1.395,1.468,1.388,1.451,114800000,165131166,False
2020-02-07,1.462,1.472,1.416,1.438,86329100,124690778,False
2020-02-10,1.438,1.452,1.411,1.429,71205399,101710087,False
2020-02-11,1.421,1.44,1.413,1.434,48738900,69531209,False
2020-02-12,1.43,1.463,1.43,1.459,49817200,72428075,False
2020-02-13,1.466,1.473,1.442,1.454,33951000,49461733,False
2020-02-14,1.45,1.469,1.438,1.448,28567700,41561439,False
2020-02-17,1.449,1.501,1.449,1.496,40927400,60795375,False
2020-02-18,1.496,1.507,1.49,1.503,29156500,43710817,False
2020-02-19,1.49,1.5,1.467,1.47,32585100,48207677,False
2020-02-20,1.47,1.494,1.47,1.491,32485300,48248573,False
2020-02-21,1.485,1.524,1.485,1.513,39989400,60294674,False
2020-02-24,1.52,1.579,1.52,1.574,70579300,108670202,False
2020-02-25,1.574,1.582,1.516,1.566,115907557,181079260,False
2020-02-26,1.546,1.555,1.5,1.502,63529000,96779370,False
2020-02-27,1.498,1.555,1.498,1.538,77203100,118219223,False
2020-02-28,1.499,1.538,1.488,1.494,90151300,136286425,False
2020-03-02,1.512,1.559,1.501,1.555,59389600,90813614,False
2020-03-03,1.595,1.634,1.575,1.599,181994900,292353624,False
2020-03-04,1.6,1.603,1.554,1.576,129252000,203432060,False
2020-03-05,1.587,1.601,1.576,1.595,97675800,155378836,False
2020-03-06,1.586,1.626,1.563,1.613,93256300,150302002,False
2020-03-09,1.617,1.617,1.57,1.572,137025800,218097446,False
2020-03-10,1.557,1.59,1.512,1.569,126408340,195960286,False
2020-03-11,1.567,1.576,1.54,1.54,70729600,109988306,False
2020-03-12,1.523,1.537,1.481,1.492,79673500,119655607,False
2020-03-13,1.42,1.49,1.394,1.47,74860600,108193545,False
2020-03-16,1.472,1.486,1.394,1.399,72844100,105450950,False
2020-03-17,1.399,1.423,1.344,1.387,65278600,90352085,False
2020-03-18,1.398,1.43,1.372,1.374,66163300,93236243,False
2020-03-19,1.382,1.382,1.31,1.35,67216200,90558247,False
2020-03-20,1.362,1.394,1.361,1.393,56454960,77769734,False
2020-03-23,1.363,1.394,1.348,1.352,52781800,72213495,False
2020-03-24,1.374,1.395,1.358,1.394,52869600,73073213,False
2020-03-25,1.426,1.46,1.422,1.456,73817200,106416537,False
2020-03-26,1.456,1.502,1.442,1.5,131983400,195798246,False
2020-03-27,1.526,1.53,1.465,1.471,121654900,181502302,False
2020-03-30,1.454,1.473,1.423,1.429,82270700,118987585,False
2020-03-31,1.438,1.444,1.422,1.431,51917500,74285482,False
2020-04-01,1.425,1.446,1.416,1.421,63589100,90962830,False
2020-04-02,1.425,1.455,1.411,1.455,61445600,88021880,False
2020-04-03,1.45,1.478,1.45,1.461,54488500,79937174,False
2020-04-07,1.483,1.509,1.477,1.505,73614500,110061511,False
2020-04-08,1.497,1.505,1.48,1.498,47182000,70565370,False
2020-04-09,1.503,1.565,1.503,1.559,84404000,130372107,False
2020-04-10,1.56,1.579,1.523,1.531,84554300,131085309,False
2020-04-13,1.522,1.549,1.522,1.536,66447300,102052178,False
2020-04-14,1.535,1.56,1.516,1.558,66168900,101902902,False
2020-04-15,1.557,1.579,1.55,1.557,54901500,85812420,False
2020-04-16,1.545,1.597,1.542,1.586,69626200,109715736,False
2020-04-17,1.591,1.605,1.57,1.574,59993300,95051403,False
2020-04-20,1.575,1.625,1.575,1.621,71139900,114602556,False
2020-04-21,1.621,1.625,1.583,1.607,51797100,83037852,False
2020-04-22,1.588,1.62,1.577,1.619,59987200,96286101,False
2020-04-23,1.627,1.659,1.617,1.622,51282200,83796891,False
2020-04-24,1.617,1.62,1.577,1.585,50516400,80533521,False
2020-04-27,1.584,1.615,1.562,1.602,59153200,94420466,False
2020-04-28,1.6,1.625,1.572,1.614,59869900,96242921,False
2020-04-29,1.608,1.627,1.59,1.594,40981500,65782602,False
2020-04-30,1.59,1.598,1.572,1.578,78754500,124200986,False
2020-05-06,1.566,1.608,1.561,1.608,46466100,73741254,False
2020-05-07,1.606,1.623,1.597,1.615,78608400,126876591,False
2020-05-08,1.618,1.642,1.614,1.635,45354200,73988800,False
2020-05-11,1.65,1.655,1.604,1.614,45550900,73805557,False
2020-05-12,1.615,1.649,1.609,1.647,51516300,84233875,False
2020-05-13,1.646,1.714,1.646,1.713,66043200,111398273,False
2020-05-14,1.702,1.704,1.682,1.685,56034900,94658304,False
2020-05-15,1.681,1.69,1.656,1.671,67355900,112353066,False
2020-05-18,1.662,1.717,1.66,1.708,85012987,144366523,False
2020-05-19,1.709,1.724,1.69,1.712,74475500,126844910,False
2020-05-20,1.708,1.715,1.672,1.682,60154900,101672748,False
2020-05-21,1.688,1.719,1.686,1.693,80461300,137151126,False
2020-05-22,1.687,1.694,1.634,1.645,66228617,110170943,False
2020-05-25,1.642,1.663,1.636,1.662,41410900,68460750,False
2020-05-26,1.664,1.714,1.664,1.713,63325500,107266652,False
2020-05-27,1.717,1.717,1.658,1.668,64365600,108352107,False
2020-05-28,1.663,1.673,1.623,1.655,62070000,102436023,False
2020-05-29,1.649,1.7,1.64,1.694,70636191,119145237,False
2020-06-01,1.706,1.737,1.703,1.732,60745691,104440883,False
2020-06-02,1.728,1.732,1.692,1.711,92019517,156767277,False
2020-06-03,1.711,1.723,1.704,1.71,56607600,96967261,False
2020-06-04,1.71,1.726,1.705,1.722,60550900,103865639,False
2020-06-05,1.723,1.735,1.713,1.732,41832300,72051345,False
2020-06-08,1.732,1.743,1.702,1.709,96655500,165594291,False
2020-06-09,1.709,1.73,1.7,1.726,53411900,91869743,False
2020-06-10,1.722,1.764,1.721,1.758,60081100,105103615,False
2020-06-11,1.754,1.781,1.741,1.755,44762400,78844247,False
2020-06-12,1.729,1.801,1.72,1.798,67664300,120005526,False
2020-06-15,1.821,1.849,1.816,1.828,63535400,116320580,False
2020-06-16,1.831,1.873,1.818,1.872,58911500,108715691,False
2020-06-17,1.879,1.915,1.876,1.894,107167680,202894637,False
2020-06-18,1.886,1.886,1.823,1.845,110545500,203890539,False
2020-06-19,1.832,1.906,1.832,1.894,111948300,210506714,False
2020-06-22,1.91,1.928,1.891,1.913,71320080,136006033,False
2020-06-23,1.91,1.963,1.902,1.96,73410200,142119051,False
2020-06-24,1.957,1.97,1.921,1.95,90454700,175554917,False
2020-06-29,1.953,1.99,1.949,1.988,79358600,156396110,False
2020-06-30,1.994,2.031,1.984,2.027,66009600,132819607,False
2020-07-01,2.03,2.036,1.948,1.985,206381809,409969753,False
2020-07-02,1.973,1.979,1.938,1.949,149692600,292630347,False
2020-07-03,1.945,1.999,1.913,1.996,169057800,332600755,False
2020-07-06,1.985,2.024,1.962,1.999,176182614,349825237,False
2020-07-07,1.999,2.061,1.965,2.044,141106145,285149666,False
2020-07-08,2.053,2.058,2.021,2.055,107526400,219888653,False
2020-07-09,2.047,2.146,2.039,2.139,111590000,233503212,False
2020-07-10,2.145,2.189,2.12,2.176,127111417,275512266,False
2020-07-13,2.201,2.261,2.192,2.254,246904231,549286410,False
2020-07-14,2.272,2.275,2.147,2.203,230850900,509293242,False
2020-07-15,2.209,2.268,2.18,2.217,169441074,378038214,False
2020-07-16,2.232,2.242,2.081,2.093,164877544,356464970,False
2020-07-17,2.09,2.175,2.09,2.132,125122569,266550969,False
2020-07-20,2.17,2.176,2.053,2.134,138359269,290454582,False
2020-07-21,2.118,2.202,2.11,2.195,140597569,304936862,False
2020-07-22,2.171,2.238,2.16,2.221,89120800,197168755,False
2020-07-23,2.203,2.267,2.187,2.264,130948890,292748334,False
2020-07-24,2.263,2.263,2.101,2.129,162245700,351264573,False
2020-07-27,2.129,2.167,2.112,2.138,79357888,169922342,False
2020-07-28,2.149,2.166,2.12,2.165,77669947,166911934,False
2020-07-29,2.153,2.225,2.15,2.22,145531167,321066376,False
2020-07-30,2.22,2.256,2.199,2.211,93932100,209030086,False
2020-07-31,2.207,2.248,2.181,2.241,85767272,190854863,False
2020-08-03,2.255,2.281,2.222,2.28,80780700,182724429,False
2020-08-04,2.288,2.32,2.261,2.268,81736710,187226869,False
2020-08-05,2.25,2.297,2.231,2.287,77925400,176998331,False
2020-08-06,2.285,2.308,2.226,2.244,162271786,364801486,False
2020-08-07,2.233,2.268,2.158,2.2,122811557,271478313,False
2020-08-10,2.2,2.22,2.154,2.21,75752859,166253482,False
2020-08-11,2.204,2.247,2.17,2.171,55115151,122200066,False
2020-08-12,2.163,2.179,2.075,2.112,60751100,128582480,False
2020-08-13,2.112,2.128,2.091,2.098,43901300,92630405,False
2020-08-14,2.099,2.134,2.072,2.12,33537500,70586560,False
2020-08-17,2.13,2.14,2.097,2.138,55836500,118497991,False
2020-08-18,2.138,2.159,2.13,2.15,45945300,98702413,False
2020-08-19,2.15,2.15,2.091,2.092,44083100,93239090,False
2020-08-20,2.077,2.114,2.062,2.081,39793700,83007688,False
2020-08-21,2.097,2.118,2.092,2.105,38039100,80147020,False
2020-08-24,2.12,2.138,2.072,2.135,43042061,91084228,False
2020-08-25,2.128,2.165,2.128,2.153,45857668,98696575,False
2020-08-26,2.15,2.208,2.142,2.157,71499500,155989627,False
2020-08-27,2.15,2.198,2.14,2.195,51730600,112322992,False
2020-08-28,2.198,2.251,2.185,2.25,67910200,151210812,False
2020-08-31,2.254,2.266,2.22,2.233,65816861,147731634,False
2020-09-01,2.238,2.253,2.228,2.251,46510000,104274829,False
2020-09-02,2.252,2.259,2.219,2.244,45868803,102707405,False
2020-09-03,2.237,2.288,2.221,2.235,51858300,117013707,False
2020-09-04,2.181,2.199,2.15,2.18,63399300,137705035,False
2020-09-07,2.162,2.188,2.096,2.1,51628100,110333347,False
2020-09-08,2.1,2.127,2.073,2.099,37860800,79361703,False
2020-09-09,2.078,2.078,2.001,2.018,65771075,133632121,False
2020-09-10,2.04,2.072,1.993,2.0,40201100,81847151,False
2020-09-11,1.993,2.037,1.993,2.035,33565500,67825169,False
2020-09-14,2.047,2.06,2.026,2.041,25813400,52757709,False
2020-09-15,2.041,2.067,2.022,2.065,27270700,55950233,False
2020-09-16,2.065,2.074,2.009,2.022,28970900,58775566,False
2020-09-17,2.012,2.02,1.971,2.0,32323000,64330314,False
2020-09-18,1.993,2.026,1.98,2.025,31148800,62480804,False
2020-09-21,2.024,2.028,1.993,2.001,27116200,54399109,False
2020-09-22,1.99,2.04,1.989,2.022,42089400,85264148,False
2020-09-23,2.018,2.078,2.01,2.071,42661875,87487229,False
2020-09-24,2.051,2.061,2.02,2.033,28893075,58868090,False
2020-09-25,2.034,2.069,2.033,2.045,26273899,53822880,False
2020-09-28,2.043,2.056,2.013,2.02,26140098,53086229,False
2020-09-29,2.029,2.072,2.015,2.062,33169895,67849834,False
2020-09-30,2.06,2.115,2.056,2.1,41899900,87869120,False
2020-10-09,2.132,2.154,2.122,2.151,35055700,74975509,False
2020-10-12,2.161,2.24,2.161,2.237,59845645,132133829,False
2020-10-13,2.244,2.274,2.226,2.27,61980218,139881037,False
2020-10-14,2.262,2.294,2.247,2.268,64494209,146668928,False
2020-10-15,2.26,2.261,2.229,2.242,53166591,119166425,False
2020-10-16,2.24,2.264,2.212,2.251,62640800,140577349,False
2020-10-19,2.252,2.259,2.181,2.188,56023900,123811224,False
2020-10-20,2.172,2.219,2.172,2.218,37352000,82058910,False
2020-10-21,2.223,2.245,2.2,2.213,43495218,96660075,False
2020-10-22,2.2,2.208,2.161,2.196,34298318,74844225,False
2020-10-23,2.189,2.21,2.12,2.134,40175200,86764656,False
2020-10-26,2.128,2.16,2.088,2.157,32733000,69851801,False
2020-10-27,2.15,2.221,2.142,2.216,47826400,105071847,False
2020-10-28,2.217,2.249,2.203,2.239,46876900,104521909,False
2020-10-29,2.22,2.304,2.219,2.296,78859500,179443324,False
2020-10-30,2.29,2.298,2.234,2.244,55984007,126533412,False
2020-11-02,2.242,2.262,2.219,2.245,39204400,87746251,False
2020-11-03,2.23,2.276,2.222,2.271,51820799,116893303,False
2020-11-04,2.268,2.276,2.243,2.269,38253400,86394009,False
2020-11-05,2.276,2.284,2.22,2.256,66298000,149083644,False
2020-11-06,2.236,2.246,2.166,2.194,71558000,157333731,False
2020-11-09,2.186,2.268,2.186,2.26,75414100,169020899,False
2020-11-10,2.237,2.24,2.195,2.209,41438000,91676312,False
2020-11-11,2.205,2.209,2.149,2.152,34821200,75473300,False
2020-11-12,2.152,2.194,2.151,2.174,25026400,54403104,False
2020-11-13,2.167,2.181,2.157,2.174,28335400,61502093,False
2020-11-16,2.175,2.193,2.152,2.193,30949000,67475350,False
2020-11-17,2.189,2.189,2.111,2.131,51018300,109069724,False
2020-11-18,2.12,2.142,2.052,2.061,63388737,131863031,False
2020-11-19,2.054,2.078,2.033,2.074,31265815,64567225,False
2020-11-20,2.073,2.111,2.073,2.097,32493300,68212202,False
2020-11-23,2.097,2.109,2.08,2.09,43724400,91467651,False
2020-11-24,2.086,2.09,2.055,2.073,29149200,60246423,False
2020-11-25,2.07,2.07,2.011,2.014,59556100,120679841,False
2020-11-26,2.025,2.041,1.992,2.016,40112367,80704782,False
2020-11-27,2.02,2.04,2.001,2.023,36454500,73622475,False
2020-11-30,2.012,2.035,1.987,2.026,52061800,104832108,False
2020-12-01,2.031,2.088,2.025,2.087,62217700,128726525,False
2020-12-02,2.081,2.103,2.064,2.085,41280400,85894837,False
2020-12-03,2.085,2.138,2.078,2.13,56204728,118937225,False
2020-12-04,2.12,2.158,2.115,2.154,33603600,71910456,False
2020-12-07,2.147,2.165,2.128,2.154,64780500,139126626,False
2020-12-08,2.15,2.171,2.15,2.163,31606200,68384552,False
2020-12-09,2.16,2.176,2.125,2.126,42762612,91884319,False
2020-12-10,2.124,2.178,2.086,2.177,62095400,133876903,False
2020-12-11,2.177,2.19,2.14,2.169,51512914,111542305,False
2020-12-14,2.164,2.205,2.142,2.202,54214900,118139768,False
2020-12-15,2.207,2.241,2.191,2.218,80831700,179110562,False
2020-12-16,2.218,2.238,2.2,2.23,43033900,95563543,False
2020-12-17,2.23,2.285,2.23,2.262,49773200,112593252,False
2020-12-18,2.259,2.26,2.231,2.238,42197900,94672404,False
2020-12-21,2.238,2.284,2.224,2.282,45834656,103501270,False
2020-12-22,2.287,2.331,2.281,2.291,66424400,153088294,False
2020-12-23,2.29,2.291,2.236,2.276,56252900,127314094,False
2020-12-24,2.261,2.284,2.256,2.269,36111900,81926442,False
2020-12-25,2.259,2.314,2.253,2.311,43587800,99691602,False
2020-12-28,2.32,2.322,2.289,2.299,41651000,95932761,False
2020-12-29,2.298,2.3,2.259,2.292,39238200,89443142,False
2020-12-30,2.271,2.325,2.271,2.317,37570700,86746187,False
2020-12-31,2.308,2.36,2.308,2.353,39634311,92792734,False
2021-01-04,2.339,2.391,2.32,2.354,67357600,158815556,False
2021-01-05,2.349,2.399,2.337,2.398,48149900,114545943,False
2021-01-06,2.383,2.444,2.382,2.442,79176300,191536041,False
2021-01-07,2.444,2.463,2.417,2.461,62625700,152647551,False
2021-01-08,2.454,2.502,2.43,2.465,60141811,148017822,False
2021-01-11,2.461,2.51,2.437,2.47,71619000,177245650,False
2021-01-12,2.471,2.5,2.432,2.497,59059330,145749100,False
2021-01-13,2.495,2.504,2.438,2.456,57562825,142147736,False
2021-01-14,2.443,2.494,2.426,2.466,48406699,119158051,False
2021-01-15,2.445,2.463,2.406,2.45,46033207,112088754,False
2021-01-18,2.442,2.495,2.418,2.481,41317200,101652073,False
2021-01-19,2.485,2.491,2.42,2.432,36704900,90084784,False
2021-01-20,2.427,2.55,2.427,2.546,77821716,195457139,False
2021-01-21,2.572,2.637,2.572,2.63,79486500,208008327,False
2021-01-22,2.63,2.81,2.628,2.799,120466400,329230939,False
2021-01-25,2.8,2.829,2.755,2.801,132323769,370295822,False
2021-01-26,2.78,2.78,2.675,2.683,102533891,278206934,False
2021-01-27,2.682,2.718,2.619,2.678,64301611,171601530,False
2021-01-28,2.629,2.665,2.57,2.581,70604934,184671659,False
2021-01-29,2.599,2.63,2.525,2.575,73070800,188883456,False
2021-02-01,2.574,2.634,2.571,2.632,78699851,205684336,False
2021-02-02,2.631,2.656,2.58,2.653,76775400,201929488,False
2021-02-03,2.653,2.695,2.623,2.647,68010064,180795144,False
2021-02-04,2.638,2.67,2.586,2.611,67001000,176062111,False
2021-02-05,2.611,2.705,2.611,2.674,74261400,198401638,False
2021-02-08,2.676,2.703,2.623,2.699,69231599,184797909,False
2021-02-09,2.7,2.768,2.695,2.765,66468800,181740551,False
2021-02-10,2.767,2.835,2.731,2.821,75096000,209757518,False
2021-02-18,2.877,2.877,2.681,2.7,144473500,396394726,False
2021-02-19,2.68,2.732,2.627,2.723,79920640,214564987,False
2021-02-22,2.71,2.717,2.598,2.605,86667319,229257548,False
2021-02-23,2.58,2.613,2.549,2.564,61496400,158545576,False
2021-02-25,2.564,2.564,2.564,2.564,204297200,168261956,False
2021-02-26,0.796,0.813,0.787,0.799,226042748,180601604,False
2021-03-01,0.808,0.812,0.788,0.81,120953205,97042943,False
2021-03-02,0.813,0.817,0.786,0.792,147697105,118422972,False
2021-03-03,0.788,0.807,0.782,0.807,125942300,100565447,False
2021-03-04,0.797,0.799,0.765,0.77,197835700,154176097,False
2021-03-05,0.747,0.778,0.747,0.771,161067800,122872377,False
2021-03-08,0.776,0.779,0.723,0.726,188310000,140629575,False
2021-03-09,0.724,0.731,0.694,0.706,176546624,126008203,False
2021-03-10,0.72,0.73,0.71,0.722,150316400,108362533,False
2021-03-11,0.721,0.75,0.715,0.741,171576700,126603078,False
2021-03-12,0.743,0.745,0.727,0.743,116177197,85650986,False
2021-03-15,0.734,0.736,0.696,0.705,214075400,152334363,False
2021-03-16,0.71,0.713,0.697,0.709,131658100,92892533,False
2021-03-17,0.705,0.722,0.697,0.716,106599125,75905053,False
2021-03-18,0.72,0.732,0.718,0.728,113681500,82541486,False
2021-03-19,0.711,0.725,0.707,0.713,130078400,92996551,False
2021-03-22,0.712,0.725,0.702,0.714,96680500,69008653,False
2021-03-23,0.714,0.723,0.705,0.713,96661800,68942046,False
2021-03-24,0.709,0.725,0.708,0.714,111108794,79624334,False
2021-03-25,0.709,0.729,0.703,0.727,148398400,106821827,False
2021-03-26,0.728,0.753,0.726,0.752,260361500,193640858,False
2021-03-29,0.754,0.761,0.738,0.752,217002625,162693472,False
2021-03-30,0.749,0.77,0.744,0.764,135578400,103148885,False
2021-03-31,0.761,0.764,0.752,0.758,130977900,99286804,False
2021-04-01,0.758,0.78,0.758,0.779,141319094,109270539,False
2021-04-02,0.779,0.792,0.777,0.788,145886637,114551876,False
2021-04-06,0.788,0.788,0.767,0.774,147590300,114335566,False
2021-04-07,0.771,0.771,0.754,0.764,116545000,88735037,False
2021-04-08,0.76,0.779,0.755,0.779,119045900,91792593,False
2021-04-09,0.778,0.783,0.764,0.771,131207453,100991881,False
2021-04-12,0.767,0.77,0.74,0.744,231983900,173811747,False
2021-04-13,0.741,0.763,0.74,0.754,151102700,113871170,False
2021-04-14,0.754,0.764,0.748,0.761,231777953,175146707,False
2021-04-15,0.759,0.765,0.748,0.759,104931100,79369585,False
2021-04-16,0.762,0.763,0.746,0.758,102816900,77595479,False
2021-04-19,0.76,0.777,0.752,0.776,176552406,135533949,False
2021-04-20,0.775,0.789,0.767,0.783,170781200,133332566,False
2021-04-21,0.775,0.796,0.775,0.796,149368656,117834114,False
2021-04-22,0.799,0.799,0.786,0.796,136104300,107900750,False
2021-04-23,0.794,0.831,0.794,0.829,234654124,192360493,False
2021-04-26,0.84,0.851,0.821,0.823,313848170,263155222,False
2021-04-27,0.82,0.845,0.816,0.845,218634067,182496278,False
2021-04-28,0.847,0.854,0.835,0.853,203817586,172512169,False
2021-04-29,0.85,0.855,0.838,0.852,188068454,159373011,False
2021-04-30,0.852,0.86,0.849,0.854,170855800,145943084,False
2021-05-06,0.848,0.848,0.816,0.83,265545099,220977714,False
2021-05-07,0.83,0.834,0.798,0.8,242255862,196869923,False
2021-05-10,0.8,0.815,0.798,0.809,148362400,119745414,False
2021-05-11,0.803,0.823,0.796,0.82,179871100,146090648,False
2021-05-12,0.818,0.844,0.812,0.842,181546200,150590181,False
2021-05-13,0.833,0.847,0.824,0.843,214681502,179763433,False
2021-05-14,0.843,0.858,0.835,0.851,222006188,188769280,False
2021-05-17,0.853,0.881,0.853,0.874,230307588,200968507,False
2021-05-18,0.873,0.874,0.859,0.869,190312302,164737367,False
2021-05-19,0.866,0.869,0.856,0.861,146355900,125940423,False
2021-05-20,0.859,0.874,0.858,0.872,180472800,156554115,False
2021-05-21,0.872,0.881,0.862,0.875,214640000,187569019,False
2021-05-24,0.871,0.875,0.848,0.874,211813080,182738437,False
2021-05-25,0.87,0.896,0.87,0.895,226270962,201052853,False
2021-05-26,0.893,0.897,0.884,0.892,148846900,132411514,False
2021-05-27,0.892,0.91,0.882,0.91,170745500,153544657,False
2021-05-28,0.909,0.912,0.88,0.89,303617123,271933787,False
2021-05-31,0.888,0.901,0.885,0.898,169517623,151683987,False
2021-06-01,0.898,0.921,0.894,0.92,244240378,221859237,False
2021-06-02,0.908,0.916,0.893,0.898,274457700,247711238,False
2021-06-03,0.893,0.902,0.88,0.889,225602699,201381885,False
2021-06-04,0.884,0.904,0.882,0.9,212164600,190324250,False
2021-06-07,0.9,0.903,0.884,0.902,160897099,144015795,False
2021-06-08,0.899,0.913,0.878,0.892,229161200,205217661,False
2021-06-09,0.885,0.898,0.879,0.894,164134600,146167607,False
2021-06-10,0.895,0.905,0.894,0.904,168449600,151688618,False
2021-06-11,0.904,0.905,0.887,0.895,157982070,141480189,False
2021-06-15,0.892,0.899,0.878,0.883,168543200,149377635,False
2021-06-16,0.883,0.887,0.848,0.85,249174032,215302909,False
2021-06-17,0.846,0.868,0.846,0.861,159987400,137677751,False
2021-06-18,0.863,0.881,0.863,0.879,211303800,184497826,False
2021-06-21,0.874,0.898,0.87,0.897,224617890,199648641,False
2021-06-22,0.896,0.919,0.885,0.918,279848077,253440812,False
2021-06-23,0.918,0.923,0.908,0.91,184985077,169320435,False
2021-06-24,0.911,0.914,0.887,0.898,206685282,185366712,False
2021-06-25,0.899,0.927,0.898,0.926,268282977,246244369,False
2021-06-28,0.925,0.945,0.925,0.94,203483682,190589787,False
2021-06-29,0.94,0.944,0.929,0.937,196060400,183382789,False
2021-06-30,0.937,0.942,0.93,0.941,203833373,190981342,False
2021-07-01,0.942,0.968,0.938,0.953,260574820,248384633,False
2021-07-02,0.946,0.947,0.905,0.91,378298600,348475407,False
2021-07-05,0.904,0.924,0.893,0.911,286488600,261111337,False
2021-07-06,0.909,0.911,0.846,0.866,574055400,500047993,False
2021-07-07,0.856,0.901,0.855,0.893,362752887,321139639,False
2021-07-08,0.894,0.902,0.869,0.872,373145447,328686405,False
2021-07-09,0.862,0.874,0.84,0.87,288174478,247103334,False
2021-07-12,0.87,0.896,0.854,0.894,360287186,317370333,False
2021-07-13,0.889,0.904,0.884,0.892,191037194,170401465,False
2021-07-14,0.888,0.915,0.882,0.903,346736800,313948219,False
2021-07-15,0.898,0.909,0.89,0.909,219445225,197097867,False
2021-07-16,0.903,0.903,0.875,0.879,439647600,389450290,False
2021-07-19,0.875,0.893,0.872,0.889,232963727,206418231,False
2021-07-20,0.888,0.899,0.882,0.89,185331300,165134695,False
2021-07-21,0.892,0.9,0.887,0.898,239622870,214457726,False
2021-07-22,0.899,0.901,0.878,0.882,345506432,306039928,False
2021-07-23,0.877,0.877,0.846,0.85,606545500,518357775,False
2021-07-26,0.84,0.842,0.783,0.803,657148372,531043146,False
2021-07-27,0.795,0.809,0.783,0.786,383437187,305137394,False
2021-07-28,0.78,0.817,0.774,0.816,464846700,371298741,False
2021-07-29,0.825,0.84,0.821,0.833,414059667,344138798,False
2021-07-30,0.827,0.827,0.797,0.815,317957597,257407234,False
2021-08-02,0.813,0.828,0.783,0.826,472055867,380397620,False
2021-08-03,0.82,0.862,0.81,0.856,604013038,508689786,False
2021-08-04,0.85,0.853,0.83,0.851,408818434,344222076,False
2021-08-05,0.845,0.854,0.835,0.839,394592100,332769582,False
2021-08-06,0.834,0.837,0.808,0.815,383965500,314566057,False
2021-08-09,0.807,0.826,0.803,0.818,211113508,172547424,False
2021-08-10,0.82,0.831,0.801,0.83,463886139,379093991,False
2021-08-11,0.828,0.828,0.807,0.811,417327200,340134704,False
2021-08-12,0.804,0.817,0.796,0.798,451745100,362715636,False
2021-08-13,0.8,0.805,0.784,0.792,447080831,355035962,False
2021-08-16,0.79,0.8,0.786,0.794,242008400,192229471,False
2021-08-17,0.791,0.796,0.754,0.758,690776831,533694319,False
2021-08-18,0.758,0.769,0.754,0.759,354998331,269748337,False
2021-08-19,0.759,0.767,0.756,0.758,330889300,251847077,False
2021-08-20,0.75,0.75,0.7,0.709,958843600,687144551,False
2021-08-23,0.709,0.714,0.694,0.712,449452049,317360529,False
2021-08-24,0.713,0.738,0.711,0.735,562803614,409540426,False
2021-08-25,0.736,0.749,0.728,0.744,392075857,290295290,False
2021-08-26,0.744,0.747,0.719,0.721,343240890,249522103,False
2021-08-27,0.718,0.736,0.714,0.717,405386100,293667055,False
2021-08-30,0.716,0.719,0.702,0.707,405625392,287471038,False
2021-08-31,0.706,0.714,0.695,0.7,390361500,274171502,False
2021-09-01,0.698,0.71,0.678,0.703,499640531,346393443,False
2021-09-02,0.701,0.706,0.679,0.68,617382600,425506852,False
2021-09-03,0.678,0.692,0.671,0.686,408273100,279698052,False
2021-09-06,0.687,0.731,0.682,0.727,839451356,598714052,False
2021-09-07,0.725,0.725,0.713,0.723,566522400,407559656,False
2021-09-08,0.724,0.726,0.708,0.714,531602688,379896508,False
2021-09-09,0.709,0.723,0.708,0.715,344601800,246401271,False
2021-09-10,0.713,0.715,0.703,0.712,497702927,352993990,False
2021-09-13,0.714,0.727,0.706,0.71,635571971,454284967,False
2021-09-14,0.708,0.729,0.706,0.723,654274711,472569261,False
2021-09-15,0.722,0.727,0.711,0.714,501123011,359277915,False
2021-09-16,0.709,0.73,0.704,0.722,626416341,448667011,False
2021-09-17,0.72,0.766,0.714,0.761,1040510436,775990282,False
2021-09-22,0.75,0.778,0.748,0.766,735882458,562134922,False
2021-09-23,0.765,0.774,0.751,0.758,609702511,463472851,False
2021-09-24,0.756,0.774,0.752,0.766,468847400,358208817,False
2021-09-27,0.765,0.787,0.762,0.774,818930939,636954349,False
2021-09-28,0.769,0.784,0.761,0.771,467774610,361049843,False
2021-09-29,0.762,0.77,0.753,0.76,576443771,439593440,False
2021-09-30,0.76,0.774,0.758,0.773,433196910,333160083,False
2021-10-08,0.774,0.782,0.763,0.768,470574900,363366602,False
2021-10-11,0.768,0.775,0.748,0.751,967245389,733388517,False
2021-10-12,0.747,0.764,0.745,0.754,627357090,473553565,False
2021-10-13,0.752,0.773,0.748,0.77,743837100,566177093,False
2021-10-14,0.77,0.77,0.747,0.751,1056691815,796830732,False
2021-10-15,0.745,0.745,0.735,0.738,884957702,653765640,False
2021-10-18,0.738,0.739,0.717,0.723,779812149,564307295,False
2021-10-19,0.72,0.736,0.719,0.733,586779742,429038036,False
2021-10-20,0.733,0.736,0.713,0.72,743847100,535653635,False
2021-10-21,0.719,0.729,0.717,0.72,522005800,376673789,False
2021-10-22,0.72,0.723,0.713,0.719,504470354,362363721,False
2021-10-25,0.719,0.728,0.718,0.727,489039337,354403549,False
2021-10-26,0.724,0.736,0.722,0.725,449827184,327607446,False
2021-10-27,0.725,0.726,0.707,0.71,597513100,426198946,False
2021-10-28,0.707,0.716,0.703,0.709,439730300,311900827,False
2021-10-29,0.709,0.725,0.704,0.723,666379693,477446262,False
2021-11-01,0.722,0.725,0.704,0.706,843492000,597635162,False
2021-11-02,0.705,0.712,0.697,0.702,616580600,434786314,False
2021-11-03,0.702,0.713,0.701,0.708,424563700,300578077,False
2021-11-04,0.709,0.711,0.701,0.704,640882500,451641831,False
2021-11-05,0.703,0.708,0.7,0.703,392278800,276028729,False
2021-11-08,0.701,0.702,0.682,0.686,868574000,597635714,False
2021-11-09,0.686,0.696,0.684,0.695,542646418,375269714,False
2021-11-10,0.693,0.699,0.686,0.698,606883839,421240363,False
2021-11-11,0.696,0.706,0.694,0.702,487369396,342243232,False
2021-11-12,0.705,0.707,0.697,0.701,290183037,203437029,False
2021-11-15,0.701,0.71,0.7,0.71,477444755,337899725,False
2021-11-16,0.711,0.732,0.711,0.728,967776459,701550754,False
2021-11-17,0.727,0.735,0.723,0.726,415847646,302344606,False
2021-11-18,0.724,0.724,0.707,0.709,614874022,437821177,False
2021-11-19,0.706,0.71,0.703,0.708,375354595,265451413,False
2021-11-22,0.708,0.708,0.702,0.705,578908400,407579577,False
2021-11-23,0.705,0.71,0.702,0.706,480761446,338622808,False
2021-11-24,0.705,0.711,0.699,0.711,596557050,420796132,False
2021-11-25,0.711,0.719,0.709,0.716,581194948,415404138,False
2021-11-26,0.717,0.723,0.714,0.715,514816268,369914552,False
2021-11-29,0.723,0.735,0.709,0.713,549870214,396251902,False
2021-11-30,0.711,0.714,0.705,0.713,384190109,272227370,False
2021-12-01,0.711,0.711,0.702,0.705,401686000,283296923,False
2021-12-02,0.702,0.706,0.692,0.692,687476223,479388306,False
2021-12-03,0.692,0.7,0.691,0.697,468068885,325419399,False
2021-12-06,0.695,0.696,0.683,0.684,936912000,645191361,False
2021-12-07,0.687,0.69,0.683,0.687,517050900,354886592,False
2021-12-08,0.689,0.696,0.685,0.696,711761299,491569795,False
2021-12-09,0.698,0.715,0.693,0.714,1081086863,765905025,False
2021-12-10,0.711,0.715,0.708,0.711,619574168,440679807,False
2021-12-13,0.712,0.715,0.705,0.706,824585700,584716759,False
2021-12-14,0.704,0.711,0.704,0.707,431477900,305204725,False
2021-12-15,0.705,0.707,0.679,0.681,1603595624,1107164941,False
2021-12-16,0.68,0.689,0.679,0.683,763357549,521623274,False
2021-12-17,0.686,0.691,0.674,0.676,994519918,676314680,False
2021-12-20,0.674,0.676,0.658,0.66,1097369785,730077222,False
2021-12-21,0.66,0.668,0.659,0.668,466008100,309730037,False
2021-12-22,0.669,0.67,0.664,0.667,269897449,180016315,False
2021-12-23,0.669,0.67,0.66,0.662,368916000,244565257,False
2021-12-24,0.664,0.664,0.657,0.66,448155282,295715116,False
2021-12-27,0.66,0.668,0.657,0.668,463097004,306346178,False
2021-12-28,0.667,0.675,0.661,0.673,557722312,372921271,False
2021-12-29,0.672,0.682,0.671,0.673,537922400,364305475,False
2021-12-30,0.674,0.683,0.67,0.681,733135593,497422266,False
2021-12-31,0.681,0.684,0.674,0.677,444902197,301593732,False
2022-01-04,0.672,0.673,0.648,0.651,1425101088,932760423,False
2022-01-05,0.65,0.65,0.638,0.641,676981197,435000028,False
2022-01-06,0.638,0.639,0.625,0.628,870812993,548697635,False
2022-01-07,0.628,0.63,0.622,0.623,575908393,360198107,False
2022-01-10,0.621,0.631,0.615,0.631,621487229,388659732,False
2022-01-11,0.627,0.63,0.622,0.626,432288322,270701021,False
2022-01-12,0.626,0.64,0.624,0.638,695079065,441296050,False
2022-01-13,0.639,0.641,0.631,0.632,418969183,266696831,False
2022-01-14,0.627,0.643,0.626,0.638,542817429,345635212,False
2022-01-17,0.639,0.644,0.635,0.639,357343400,228357842,False
2022-01-18,0.639,0.643,0.63,0.632,421822400,267711578,False
2022-01-19,0.63,0.63,0.616,0.62,564975295,351408746,False
2022-01-20,0.618,0.623,0.612,0.614,548691800,338203975,False
2022-01-21,0.613,0.613,0.594,0.596,960902283,576780586,False
2022-01-24,0.593,0.599,0.591,0.597,375488783,223670250,False
2022-01-25,0.594,0.597,0.581,0.582,508660300,300059467,False
2022-01-26,0.582,0.587,0.565,0.57,553845926,318166880,False
2022-01-27,0.569,0.57,0.556,0.558,473502418,267012706,False
2022-01-28,0.561,0.565,0.553,0.559,411754483,230579224,False
2022-02-07,0.565,0.569,0.559,0.562,331755300,187279634,False
2022-02-08,0.555,0.556,0.536,0.55,800828419,435838906,False
2022-02-09,0.55,0.554,0.54,0.552,678433400,371953817,False
2022-02-10,0.551,0.551,0.536,0.538,783508700,424441180,False
2022-02-11,0.534,0.534,0.518,0.52,838135525,440446349,False
2022-02-14,0.518,0.53,0.517,0.526,521707705,273797977,False
2022-02-15,0.526,0.557,0.524,0.556,1253670637,683723621,False
2022-02-16,0.556,0.563,0.553,0.557,594769259,331768133,False
2022-02-17,0.557,0.56,0.552,0.558,356609016,198492568,False
2022-02-18,0.554,0.562,0.552,0.561,350932194,195788870,False
2022-02-21,0.565,0.568,0.555,0.561,311740600,174808243,False
2022-02-22,0.556,0.556,0.545,0.549,372194000,204215594,False
2022-02-23,0.55,0.562,0.549,0.562,351958431,195971098,False
2022-02-24,0.557,0.566,0.543,0.549,480548115,266518587,False
2022-02-25,0.554,0.578,0.553,0.575,1034295003,592250917,False
2022-02-28,0.574,0.58,0.567,0.579,736202803,423500877,False
2022-03-01,0.579,0.585,0.575,0.582,477635000,277092046,False
2022-03-02,0.575,0.577,0.567,0.573,552483049,315900573,False
2022-03-03,0.575,0.576,0.565,0.567,351810948,200113939,False
2022-03-04,0.56,0.574,0.559,0.567,599013522,340264656,False
2022-03-07,0.562,0.565,0.545,0.547,553368400,304980554,False
2022-03-08,0.544,0.557,0.532,0.534,453849723,246830854,False
2022-03-09,0.534,0.539,0.499,0.519,853616085,443156435,False
2022-03-10,0.532,0.542,0.53,0.542,656186100,352433119,False
2022-03-11,0.533,0.556,0.531,0.556,590643006,320423622,False
2022-03-14,0.563,0.564,0.541,0.542,770466652,424228994,False
2022-03-15,0.532,0.544,0.513,0.516,757814273,399604886,False
2022-03-16,0.523,0.53,0.498,0.528,888276352,455725476,False
2022-03-17,0.536,0.558,0.532,0.545,956736630,523072036,False
2022-03-18,0.54,0.546,0.536,0.544,433031600,234124330,False
2022-03-21,0.545,0.55,0.537,0.546,358477300,195314518,False
2022-03-22,0.542,0.542,0.531,0.533,441130510,235955343,False
2022-03-23,0.535,0.554,0.532,0.551,917286900,501026879,False
2022-03-24,0.545,0.569,0.54,0.563,985357778,549491515,False
2022-03-25,0.559,0.562,0.542,0.543,597192805,329664684,False
2022-03-28,0.54,0.546,0.537,0.543,443220213,240075967,False
2022-03-29,0.545,0.552,0.541,0.545,331612900,181245922,False
2022-03-30,0.547,0.564,0.539,0.564,622177000,344480830,False
2022-03-31,0.56,0.571,0.557,0.56,539221100,303847109,False
2022-04-01,0.555,0.56,0.549,0.557,439973600,244196044,False
2022-04-06,0.558,0.561,0.55,0.553,422867700,234475993,False
2022-04-07,0.549,0.556,0.543,0.543,431163300,236304705,False
2022-04-08,0.543,0.546,0.532,0.537,414917400,223581220,False
2022-04-11,0.535,0.538,0.525,0.528,472172500,250345676,False
2022-04-12,0.528,0.547,0.527,0.546,456606709,245210066,False
2022-04-13,0.542,0.543,0.532,0.534,385216039,206931666,False
2022-04-14,0.537,0.55,0.535,0.545,535531200,290519603,False
2022-04-15,0.541,0.556,0.535,0.55,494663600,270372278,False
2022-04-18,0.545,0.55,0.543,0.549,281907400,154145485,False
2022-04-19,0.547,0.552,0.532,0.535,616480800,331730378,False
2022-04-20,0.534,0.535,0.522,0.524,560939337,296124193,False
2022-04-21,0.521,0.529,0.508,0.511,508936400,263459817,False
2022-04-22,0.509,0.522,0.504,0.516,473763037,242285458,False
2022-04-25,0.509,0.512,0.491,0.492,565303600,285196024,False
2022-04-26,0.493,0.515,0.493,0.503,598044500,302206916,False
2022-04-27,0.498,0.517,0.495,0.516,509020700,256989832,False
2022-04-28,0.511,0.513,0.501,0.506,506991200,256347855,False
2022-04-29,0.506,0.519,0.502,0.517,892927390,455936470,False
2022-05-05,0.513,0.518,0.508,0.515,373326390,191621601,False
2022-05-06,0.505,0.513,0.503,0.506,415131000,210980287,False
2022-05-09,0.504,0.509,0.497,0.499,437268761,219471282,False
2022-05-10,0.493,0.51,0.49,0.506,445027000,223070899,False
2022-05-11,0.505,0.526,0.502,0.516,1011457571,523626359,False
2022-05-12,0.511,0.524,0.511,0.522,467289400,242915731,False
2022-05-13,0.524,0.528,0.517,0.522,415546273,216976537,False
2022-05-16,0.522,0.524,0.51,0.511,499289800,256987311,False
2022-05-17,0.51,0.514,0.506,0.513,399952000,203774614,False
2022-05-18,0.513,0.515,0.503,0.505,499446100,253223278,False
2022-05-19,0.5,0.506,0.498,0.506,397861853,199442513,False
2022-05-20,0.507,0.52,0.507,0.518,878861998,452937682,False
2022-05-23,0.522,0.523,0.515,0.516,379285500,196347003,False
2022-05-24,0.517,0.518,0.497,0.497,747369000,376731493,False
2022-05-25,0.497,0.502,0.496,0.499,782166800,389919789,False
2022-05-26,0.5,0.501,0.489,0.493,824897100,406224077,False
2022-05-27,0.496,0.507,0.495,0.497,867497100,434773666,False
2022-05-30,0.498,0.506,0.494,0.502,542975771,271164866,False
2022-05-31,0.501,0.518,0.497,0.517,955593700,486906741,False
2022-06-01,0.515,0.522,0.512,0.515,538351261,278306135,False
2022-06-02,0.512,0.514,0.504,0.509,540290100,274171352,False
2022-06-06,0.51,0.524,0.506,0.523,1172468445,607886908,False
2022-06-07,0.524,0.534,0.52,0.532,838708689,443958661,False
2022-06-08,0.532,0.549,0.53,0.543,1216382714,657809137,False
2022-06-09,0.542,0.543,0.527,0.529,721797949,385620677,False
2022-06-10,0.524,0.536,0.523,0.535,508404300,269544528,False
2022-06-13,0.526,0.527,0.518,0.523,715459800,372851185,False
2022-06-14,0.517,0.527,0.513,0.526,622366160,323448980,False
2022-06-15,0.526,0.536,0.524,0.529,835906514,442880862,False
2022-06-16,0.528,0.54,0.527,0.536,819707895,438921879,False
2022-06-17,0.532,0.551,0.526,0.551,1007200900,543935863,False
2022-06-20,0.552,0.563,0.549,0.555,790224995,438954614,False
2022-06-21,0.555,0.562,0.548,0.553,681384279,378070770,False
2022-06-22,0.554,0.556,0.543,0.544,535419411,294690167,False
2022-06-23,0.545,0.55,0.537,0.548,793535131,430950734,False
2022-06-24,0.549,0.567,0.548,0.566,1496347411,839874587,False
2022-06-27,0.567,0.578,0.566,0.57,934963340,535249509,False
2022-06-28,0.568,0.569,0.558,0.566,1049813735,590687520,False
2022-06-29,0.565,0.577,0.561,0.565,868681248,495113165,False
2022-06-30,0.566,0.585,0.565,0.58,879335500,508176470,False
2022-07-01,0.581,0.583,0.57,0.575,625065894,359727522,False
2022-07-04,0.576,0.602,0.572,0.602,1095193940,649084648,False
2022-07-05,0.603,0.612,0.59,0.606,1112585858,666645237,False
2022-07-06,0.603,0.614,0.591,0.596,941966528,567502530,False
2022-07-07,0.597,0.597,0.575,0.585,1029076648,600116685,False
2022-07-08,0.586,0.594,0.584,0.587,624648900,367602785,False
2022-07-11,0.586,0.588,0.573,0.579,808123599,468593321,False
2022-07-12,0.582,0.584,0.56,0.56,937172442,531576040,False
2022-07-13,0.56,0.566,0.557,0.563,485477926,272620902,False
2022-07-14,0.564,0.582,0.562,0.577,796103089,458367140,False
2022-07-15,0.576,0.58,0.564,0.564,609497925,348921433,False
2022-07-18,0.563,0.565,0.547,0.563,688810400,382564661,False
2022-07-19,0.562,0.565,0.55,0.555,740392563,411566366,False
2022-07-20,0.56,0.569,0.557,0.564,701051500,395329087,False
2022-07-21,0.564,0.569,0.559,0.562,545172600,306910303,False
2022-07-22,0.564,0.566,0.549,0.553,692381700,384984495,False
2022-07-25,0.553,0.556,0.548,0.552,425048000,234299445,False
2022-07-26,0.553,0.556,0.547,0.552,682348726,375563422,False
2022-07-27,0.551,0.553,0.543,0.546,622745981,340334243,False
2022-07-28,0.548,0.549,0.539,0.541,801381200,434710941,False
2022-07-29,0.54,0.541,0.523,0.526,1174935344,623007891,False
2022-08-01,0.523,0.531,0.52,0.529,687670802,361920237,False
2022-08-02,0.524,0.526,0.513,0.518,704523900,365801659,False
2022-08-03,0.519,0.527,0.517,0.519,672339031,350365500,False
2022-08-04,0.521,0.528,0.521,0.527,642906689,337259354,False
2022-08-05,0.529,0.537,0.527,0.536,714414147,380924914,False
2022-08-08,0.536,0.539,0.53,0.532,714555553,380970270,False
2022-08-09,0.531,0.531,0.524,0.529,492432047,259344628,False
2022-08-10,0.528,0.528,0.515,0.518,879799841,457566910,False
2022-08-11,0.521,0.536,0.52,0.535,904447665,478854781,False
2022-08-12,0.534,0.536,0.529,0.535,470368089,250871468,False
2022-08-15,0.531,0.533,0.524,0.526,657132805,346519998,False
2022-08-16,0.526,0.527,0.518,0.521,741058981,386596515,False
2022-08-17,0.52,0.526,0.517,0.524,671871872,350973980,False
2022-08-18,0.522,0.524,0.515,0.517,908949119,470030861,False
2022-08-19,0.515,0.517,0.509,0.51,979291619,501970056,False
2022-08-22,0.509,0.514,0.504,0.513,597124100,304814554,False
2022-08-23,0.512,0.513,0.503,0.505,823395100,416528835,False
2022-08-24,0.503,0.508,0.498,0.498,843465893,423353443,False
2022-08-25,0.499,0.504,0.497,0.503,645981300,323530005,False
2022-08-26,0.503,0.514,0.502,0.505,838606993,426082109,False
2022-08-29,0.5,0.502,0.496,0.501,709873600,354320421,False
2022-08-30,0.501,0.503,0.496,0.502,561185351,280119429,False
2022-08-31,0.499,0.513,0.499,0.509,1009259507,511596611,False
2022-09-01,0.507,0.513,0.504,0.505,635880878,323293225,False
2022-09-02,0.505,0.51,0.497,0.501,789379080,395899491,False
2022-09-05,0.502,0.505,0.491,0.495,1130684800,560203404,False
2022-09-06,0.495,0.495,0.489,0.493,876532000,430948671,False
2022-09-07,0.491,0.494,0.487,0.491,888128601,435430957,False
2022-09-08,0.492,0.495,0.489,0.489,739646900,363287315,False
2022-09-09,0.495,0.504,0.495,0.503,1293441523,647625726,False
2022-09-13,0.5,0.502,0.489,0.491,1436984522,708657867,False
2022-09-14,0.485,0.49,0.481,0.488,1046029323,507874190,False
2022-09-15,0.49,0.498,0.482,0.485,1171470938,573955538,False
2022-09-16,0.483,0.485,0.47,0.471,1209980084,577785174,False
2022-09-19,0.47,0.473,0.459,0.462,999458064,464044777,False
2022-09-20,0.462,0.465,0.457,0.461,633893289,292650169,False
2022-09-21,0.46,0.46,0.45,0.451,1153691611,521772142,False
2022-09-22,0.446,0.45,0.442,0.443,714878611,318079760,False
2022-09-23,0.442,0.445,0.433,0.438,853583600,374513164,False
2022-09-26,0.436,0.447,0.435,0.44,882605677,390720498,False
2022-09-27,0.44,0.465,0.438,0.464,1436081535,652102913,False
2022-09-28,0.461,0.472,0.46,0.462,1061807215,495449561,False
2022-09-29,0.466,0.479,0.465,0.47,1162615017,549800821,False
2022-09-30,0.468,0.478,0.468,0.468,818252204,386755078,False
2022-10-10,0.47,0.474,0.453,0.454,839050486,388265440,False
2022-10-11,0.455,0.456,0.446,0.451,666882190,300121289,False
2022-10-12,0.45,0.455,0.436,0.454,1043220533,463175414,False
2022-10-13,0.452,0.469,0.45,0.464,961124816,445446548,False
2022-10-14,0.471,0.51,0.469,0.51,2889117960,1434649371,False
2022-10-17,0.515,0.523,0.508,0.514,1804978188,928290755,False
2022-10-18,0.515,0.522,0.503,0.517,1293833162,665724458,False
2022-10-19,0.512,0.514,0.506,0.508,1190431584,606548582,False
2022-10-20,0.503,0.522,0.502,0.511,1273026481,654511270,False
2022-10-21,0.509,0.514,0.501,0.509,919849592,466359159,False
2022-10-24,0.508,0.509,0.486,0.491,1578068960,780334899,False
2022-10-25,0.485,0.492,0.472,0.479,1315200672,631430947,False
2022-10-26,0.483,0.513,0.483,0.508,1787227527,899679644,False
2022-10-27,0.506,0.506,0.492,0.498,1696742600,844433435,False
2022-10-28,0.492,0.501,0.485,0.487,1133967400,559216339,False
2022-10-31,0.481,0.49,0.475,0.484,1137366805,548637566,False
2022-11-01,0.485,0.497,0.474,0.496,1872280500,910046406,False
2022-11-02,0.491,0.511,0.488,0.504,1885646800,947590271,False
2022-11-03,0.498,0.509,0.495,0.504,1170429017,586773727,False
2022-11-04,0.503,0.517,0.502,0.514,1447163773,738377539,False
2022-11-07,0.511,0.516,0.506,0.514,1325251013,676732850,False
2022-11-08,0.512,0.513,0.501,0.505,995328900,502923375,False
2022-11-09,0.505,0.51,0.502,0.502,812220300,409886230,False
2022-11-10,0.499,0.508,0.497,0.499,1105179100,554493198,False
2022-11-11,0.515,0.52,0.503,0.504,2136472633,1095380372,False
2022-11-14,0.503,0.519,0.502,0.516,1432494269,735978948,False
2022-11-15,0.515,0.521,0.503,0.52,1720201707,881086687,False
2022-11-16,0.518,0.53,0.515,0.521,1554325611,813903266,False
2022-11-17,0.517,0.523,0.511,0.519,1055770300,545058952,False
2022-11-18,0.523,0.53,0.52,0.522,1672376137,876889606,False
2022-11-21,0.515,0.518,0.508,0.517,834578952,428972097,False
2022-11-22,0.515,0.521,0.5,0.506,1359908424,691631144,False
2022-11-23,0.503,0.504,0.491,0.497,1325730606,657152226,False
2022-11-24,0.497,0.502,0.495,0.499,665766574,331856017,False
2022-11-25,0.498,0.498,0.49,0.495,671506925,331503598,False
2022-11-28,0.483,0.491,0.481,0.486,977521945,473177754,False
2022-11-29,0.485,0.504,0.485,0.5,1087802410,540641210,False
2022-11-30,0.501,0.504,0.494,0.497,632509638,315199252,False
2022-12-01,0.506,0.508,0.501,0.505,1128451917,569384505,False
2022-12-02,0.503,0.509,0.502,0.502,505788896,255322607,False
2022-12-05,0.508,0.509,0.501,0.505,867789300,437783583,False
2022-12-06,0.503,0.511,0.501,0.503,844851526,426935511,False
2022-12-07,0.501,0.508,0.497,0.504,826345014,415432887,False
2022-12-08,0.504,0.505,0.5,0.504,684099013,343469886,False
2022-12-09,0.503,0.508,0.5,0.508,1175091590,592932305,False
2022-12-12,0.508,0.512,0.506,0.508,723327360,368070839,False
2022-12-13,0.509,0.51,0.498,0.501,782661839,391990628,False
2022-12-14,0.5,0.503,0.497,0.498,602066023,300726369,False
2022-12-15,0.498,0.502,0.495,0.499,616359429,306927349,False
2022-12-16,0.497,0.5,0.495,0.499,430507381,214269397,False
2022-12-19,0.499,0.499,0.484,0.486,916776448,447944891,False
2022-12-20,0.484,0.486,0.475,0.477,1138874837,544057199,False
2022-12-21,0.476,0.481,0.474,0.477,508716562,242583956,False
2022-12-22,0.48,0.492,0.475,0.483,766231793,371729401,False
2022-12-23,0.482,0.494,0.481,0.492,752185783,368253063,False
2022-12-26,0.493,0.495,0.489,0.491,436107248,214354993,False
2022-12-27,0.491,0.501,0.487,0.5,909357900,450708505,False
2022-12-28,0.498,0.507,0.498,0.502,776170300,390013978,False
2022-12-29,0.5,0.513,0.499,0.508,968550300,492460470,False
2022-12-30,0.509,0.511,0.506,0.508,714703305,363867355,False
2023-01-03,0.508,0.511,0.501,0.507,605907700,306260614,False
2023-01-04,0.506,0.513,0.505,0.51,649126826,331133907,False
2023-01-05,0.511,0.527,0.511,0.523,1505234450,782772427,False
2023-01-06,0.523,0.523,0.518,0.521,716289200,372547031,False
2023-01-09,0.521,0.526,0.518,0.523,669016079,349245556,False
2023-01-10,0.523,0.532,0.52,0.53,700315346,369795348,False
2023-01-11,0.53,0.533,0.526,0.526,548678300,290709284,False
2023-01-12,0.528,0.531,0.523,0.526,559049700,294522424,False
2023-01-13,0.527,0.541,0.524,0.54,1006680191,539508434,False
2023-01-16,0.541,0.567,0.54,0.558,1483520012,827542683,False
2023-01-17,0.557,0.559,0.551,0.555,794628401,441407980,False
2023-01-18,0.554,0.555,0.548,0.55,449540485,247621061,False
2023-01-19,0.548,0.566,0.546,0.562,606260800,338105510,False
2023-01-20,0.562,0.571,0.559,0.559,814871765,458838590,False
2023-01-30,0.567,0.568,0.555,0.555,740861865,414143661,False
2023-01-31,0.554,0.555,0.541,0.541,696131000,380160120,False
2023-02-01,0.542,0.549,0.537,0.548,807669599,437768469,False
2023-02-02,0.549,0.559,0.545,0.554,757943146,419537766,False
2023-02-03,0.55,0.554,0.541,0.547,680885707,372208465,False
2023-02-06,0.541,0.543,0.534,0.538,938098206,504430262,False
2023-02-07,0.539,0.544,0.534,0.538,679902106,366517218,False
2023-02-08,0.538,0.545,0.536,0.538,557219000,301213191,False
2023-02-09,0.535,0.544,0.535,0.544,465025239,251336450,False
2023-02-10,0.542,0.545,0.538,0.543,453374500,245447219,False
2023-02-13,0.542,0.552,0.541,0.546,674387777,368328372,False
2023-02-14,0.546,0.549,0.542,0.546,542420260,295321812,False
2023-02-15,0.546,0.546,0.535,0.535,526910000,283716158,False
2023-02-16,0.536,0.542,0.527,0.534,677449500,362847438,False
2023-02-17,0.531,0.535,0.527,0.527,563702786,299175797,False
2023-02-20,0.528,0.535,0.521,0.535,594855083,313999230,False
2023-02-21,0.534,0.535,0.526,0.53,602313083,319144596,False
2023-02-22,0.526,0.531,0.524,0.526,393387800,207318893,False
2023-02-23,0.524,0.532,0.521,0.523,622149500,326691091,False
2023-02-24,0.524,0.525,0.517,0.52,657588100,342189261,False
2023-02-27,0.516,0.518,0.511,0.514,591267600,303863403,False
2023-02-28,0.514,0.52,0.514,0.518,489111100,252899561,False
2023-03-01,0.519,0.519,0.512,0.518,770325163,397232852,False
2023-03-02,0.516,0.517,0.511,0.512,625545300,321213437,False
2023-03-03,0.513,0.518,0.51,0.514,822462646,422788891,False
2023-03-06,0.514,0.516,0.51,0.514,603366300,309362712,False
2023-03-07,0.513,0.517,0.503,0.503,911209369,464176336,False
2023-03-08,0.502,0.506,0.5,0.502,617455100,310253881,False
2023-03-09,0.502,0.504,0.498,0.5,654917300,328174517,False
2023-03-10,0.498,0.505,0.495,0.501,703840284,351588932,False
2023-03-13,0.499,0.501,0.496,0.499,632344470,315392412,False
2023-03-14,0.498,0.502,0.494,0.499,649318500,323780541,False
2023-03-15,0.501,0.504,0.494,0.495,908511200,453721102,False
2023-03-16,0.493,0.498,0.49,0.492,729612400,360439444,False
2023-03-17,0.495,0.495,0.48,0.483,1468779215,713912644,False
2023-03-20,0.481,0.483,0.473,0.478,1005557416,479956583,False
2023-03-21,0.479,0.494,0.478,0.494,1136310752,555039929,False
2023-03-22,0.495,0.498,0.491,0.495,890958300,440921031,False
2023-03-23,0.493,0.498,0.492,0.495,595695660,294659559,False
2023-03-24,0.497,0.5,0.492,0.494,776229157,384846708,False
2023-03-27,0.494,0.506,0.488,0.503,1158398481,579117168,False
2023-03-28,0.503,0.507,0.501,0.503,770303364,388564553,False
2023-03-29,0.504,0.505,0.497,0.498,727782530,363584781,False
2023-03-30,0.498,0.503,0.495,0.501,773016998,386448806,False
2023-03-31,0.501,0.502,0.495,0.498,892904274,444035328,False
2023-04-03,0.497,0.498,0.488,0.491,1942055798,954387340,False
2023-04-04,0.491,0.491,0.485,0.49,1501218752,732333425,False
2023-04-06,0.49,0.495,0.489,0.494,1083892500,533889020,False
2023-04-07,0.495,0.509,0.493,0.508,1842947125,929591224,False
2023-04-10,0.511,0.515,0.508,0.51,1589778585,812716473,False
2023-04-11,0.51,0.515,0.504,0.507,1167373644,594121365,False
2023-04-12,0.506,0.51,0.502,0.504,1094396017,552236705,False
2023-04-13,0.502,0.514,0.498,0.512,1396602971,709396285,False
2023-04-14,0.514,0.52,0.509,0.511,1616972158,830083754,False
2023-04-17,0.51,0.512,0.506,0.51,1076360800,548057233,False
2023-04-18,0.506,0.507,0.503,0.505,1494742200,754768966,False
2023-04-19,0.504,0.506,0.5,0.5,1341351000,672704263,False
2023-04-20,0.5,0.502,0.488,0.491,1743159898,861109476,False
2023-04-21,0.489,0.492,0.482,0.483,1378575682,670223312,False
2023-04-24,0.484,0.485,0.47,0.474,2172750319,1034471055,False
2023-04-25,0.473,0.474,0.459,0.463,1943737700,903118716,False
2023-04-26,0.461,0.469,0.46,0.466,1185094363,551967509,False
2023-04-27,0.465,0.474,0.464,0.471,1039720708,487412626,False
2023-04-28,0.472,0.474,0.468,0.471,1212340248,570644181,False
2023-05-04,0.47,0.472,0.464,0.466,1073963500,500971041,False
2023-05-05,0.466,0.467,0.458,0.46,1002853575,461991708,False
2023-05-08,0.461,0.462,0.454,0.46,1294467904,591542319,False
2023-05-09,0.459,0.46,0.451,0.452,1272572685,579118582,False
2023-05-10,0.451,0.458,0.449,0.455,927070048,420878854,False
2023-05-11,0.456,0.463,0.456,0.458,923617556,424082538,False
2023-05-12,0.457,0.461,0.454,0.455,681554108,311269561,False
2023-05-15,0.455,0.464,0.454,0.464,811661100,372402331,False
2023-05-16,0.464,0.466,0.462,0.464,704735014,326962863,False
2023-05-17,0.464,0.464,0.458,0.459,688360173,316809120,False
2023-05-18,0.46,0.461,0.454,0.456,711732000,325411710,False
2023-05-19,0.455,0.463,0.453,0.46,718956448,329971516,False
2023-05-22,0.461,0.467,0.459,0.464,770121117,356737668,False
2023-05-23,0.464,0.468,0.461,0.461,719733004,334397508,False
2023-05-24,0.46,0.461,0.456,0.458,622586550,285295668,False
2023-05-25,0.457,0.457,0.451,0.455,873041200,396326268,False
2023-05-26,0.455,0.456,0.451,0.453,944457286,428211222,False
2023-05-29,0.453,0.456,0.448,0.452,796994900,359461150,False
2023-05-30,0.451,0.453,0.44,0.448,1143584516,510105381,False
2023-05-31,0.446,0.45,0.441,0.443,790553200,351628443,False
2023-06-01,0.442,0.45,0.44,0.446,853457233,380339426,False
2023-06-02,0.448,0.451,0.445,0.449,808412243,362505455,False
2023-06-05,0.449,0.449,0.443,0.445,633619500,281869130,False
2023-06-06,0.444,0.445,0.434,0.435,1344622600,589807554,False
2023-06-07,0.436,0.437,0.428,0.43,1223033600,528512032,False
2023-06-08,0.43,0.431,0.426,0.428,1024840600,438615832,False
2023-06-09,0.428,0.437,0.427,0.433,966125000,418389261,False
2023-06-12,0.433,0.436,0.429,0.434,846240400,366563888,False
2023-06-13,0.433,0.437,0.431,0.435,816757700,354177674,False
2023-06-14,0.435,0.44,0.433,0.435,1002555918,437559072,False
2023-06-15,0.435,0.449,0.434,0.445,1604892565,707149783,False
2023-06-16,0.446,0.448,0.443,0.446,1201350500,535308798,False
2023-06-19,0.445,0.445,0.44,0.442,742227300,328178992,False
2023-06-20,0.441,0.444,0.437,0.438,692209172,304422860,False
2023-06-21,0.437,0.437,0.425,0.427,1736347400,744890316,False
2023-06-26,0.423,0.426,0.42,0.423,1139268400,481924499,False
2023-06-27,0.424,0.429,0.422,0.425,1026972300,436631724,False
2023-06-28,0.425,0.426,0.42,0.421,1048782500,442685737,False
2023-06-29,0.422,0.423,0.417,0.419,1148171200,481650633,False
2023-06-30,0.418,0.425,0.418,0.423,822786832,347135976,False
2023-07-03,0.422,0.425,0.42,0.424,1074354507,454297781,False
2023-07-04,0.423,0.427,0.42,0.426,1700840393,721244400,False
2023-07-05,0.425,0.426,0.421,0.422,810683700,342738986,False
2023-07-06,0.421,0.422,0.416,0.416,1330416990,556643861,False
2023-07-07,0.415,0.417,0.413,0.414,1220908769,506341805,False
2023-07-10,0.416,0.421,0.415,0.417,1036742700,433548390,False
2023-07-11,0.418,0.42,0.415,0.419,742756000,310183662,False
2023-07-12,0.419,0.419,0.414,0.415,830831999,346371742,False
2023-07-13,0.417,0.426,0.416,0.424,1696595500,717417447,False
2023-07-14,0.424,0.426,0.422,0.423,660894200,279866750,False
2023-07-17,0.421,0.422,0.415,0.417,1132962310,472330645,False
2023-07-18,0.417,0.418,0.413,0.416,902452200,374752216,False
2023-07-19,0.416,0.418,0.413,0.415,893747153,370933182,False
2023-07-20,0.416,0.419,0.414,0.414,911099453,379493534,False
2023-07-21,0.414,0.423,0.413,0.419,1412034021,591119637,False
2023-07-24,0.418,0.424,0.418,0.42,1208352400,509037008,False
2023-07-25,0.424,0.426,0.42,0.425,1438311653,608947032,False
2023-07-26,0.423,0.43,0.423,0.427,1382389900,590802180,False
2023-07-27,0.428,0.429,0.425,0.427,877792756,374662860,False
2023-07-28,0.425,0.433,0.423,0.432,1805773600,772752816,False
2023-07-31,0.434,0.437,0.428,0.43,1866943454,808165098,False
2023-08-01,0.43,0.436,0.427,0.429,1397488500,602937784,False
2023-08-02,0.427,0.428,0.42,0.421,1717775338,727245059,False
2023-08-03,0.42,0.429,0.419,0.429,1460120536,620529952,False
2023-08-04,0.43,0.432,0.425,0.427,1304141612,557270887,False
2023-08-07,0.424,0.425,0.412,0.413,3446196978,1430473211,False
2023-08-08,0.411,0.415,0.409,0.413,1654766693,681888396,False
2023-08-09,0.411,0.423,0.411,0.419,2212698441,925848508,False
2023-08-10,0.419,0.422,0.416,0.42,911296994,381482286,False
2023-08-11,0.42,0.423,0.415,0.416,1135016659,475190274,False
2023-08-14,0.413,0.415,0.409,0.415,1421445500,584578799,False
2023-08-15,0.413,0.414,0.407,0.41,1580475131,647408122,False
2023-08-16,0.409,0.416,0.408,0.41,1242037216,512098518,False
2023-08-17,0.409,0.412,0.406,0.412,1301437005,532367352,False
2023-08-18,0.411,0.412,0.403,0.404,1834879664,746340612,False
2023-08-21,0.402,0.408,0.4,0.401,1452531266,585829364,False
2023-08-22,0.403,0.404,0.394,0.399,2793699500,1112235731,False
2023-08-23,0.398,0.399,0.39,0.391,1719474066,677928029,False
2023-08-24,0.392,0.404,0.391,0.401,1673595514,665183723,False
2023-08-25,0.4,0.402,0.395,0.396,1447990500,576545676,False
2023-08-28,0.419,0.42,0.399,0.399,2561482031,1040820818,False
2023-08-29,0.4,0.41,0.399,0.408,1754172494,711056963,False
2023-08-30,0.409,0.412,0.407,0.41,1227386165,502533413,False
2023-08-31,0.409,0.41,0.406,0.408,919746961,374811052,False
2023-09-01,0.409,0.41,0.405,0.406,637727900,259153732,False
2023-09-04,0.408,0.413,0.406,0.411,1117326071,457519100,False
2023-09-05,0.41,0.41,0.407,0.408,566849100,231379943,False
2023-09-06,0.407,0.407,0.4,0.401,1281772083,515487736,False
2023-09-07,0.401,0.401,0.393,0.394,2036079091,806048180,False
2023-09-08,0.393,0.397,0.393,0.395,845016038,333883638,False
2023-09-11,0.395,0.405,0.395,0.403,1615858298,648751826,False
2023-09-12,0.403,0.405,0.4,0.403,770537390,310199809,False
2023-09-13,0.402,0.403,0.396,0.398,1088023584,433850967,False
2023-09-14,0.399,0.401,0.395,0.399,922970113,367464256,False
2023-09-15,0.4,0.411,0.397,0.407,1989200511,806664094,False
2023-09-18,0.407,0.414,0.406,0.412,1529492609,628575290,False
2023-09-19,0.412,0.414,0.407,0.41,850975157,348404338,False
2023-09-20,0.408,0.411,0.406,0.406,689151500,281006026,False
2023-09-21,0.405,0.406,0.401,0.401,783870600,315785883,False
2023-09-22,0.4,0.407,0.398,0.407,950961379,382539840,False
2023-09-25,0.405,0.414,0.405,0.411,1288915005,528857924,False
2023-09-26,0.411,0.413,0.408,0.409,766543637,314487130,False
2023-09-27,0.409,0.421,0.409,0.419,2035319330,848820145,False
2023-09-28,0.42,0.422,0.415,0.417,859101685,358453368,False
2023-10-09,0.415,0.417,0.409,0.415,1139877752,470993162,False
2023-10-10,0.416,0.417,0.408,0.409,1021680925,419762136,False
2023-10-11,0.409,0.427,0.409,0.422,2213862752,932312796,False
2023-10-12,0.425,0.427,0.42,0.423,946180452,400495296,False
2023-10-13,0.421,0.425,0.419,0.424,1020382823,431665134,False
2023-10-16,0.425,0.427,0.415,0.417,1134730431,476530983,False
2023-10-17,0.419,0.42,0.412,0.415,1158834977,479814385,False
2023-10-18,0.414,0.414,0.407,0.407,1211802661,495888632,False
2023-10-19,0.406,0.407,0.402,0.403,1134153889,458176947,False
2023-10-20,0.401,0.402,0.396,0.397,1533952278,611218921,False
2023-10-23,0.395,0.398,0.391,0.393,1413265813,557038843,False
2023-10-24,0.394,0.397,0.39,0.395,1326174146,521978804,False
2023-10-25,0.397,0.398,0.387,0.389,2952045452,1157742017,False
2023-10-26,0.387,0.393,0.386,0.392,1186609300,462645931,False
2023-10-27,0.391,0.409,0.389,0.407,2705259196,1083657424,False
2023-10-30,0.406,0.421,0.405,0.42,2638343148,1101319308,False
2023-10-31,0.417,0.42,0.413,0.417,1197236736,498684961,False
2023-11-01,0.418,0.419,0.41,0.414,1146882827,473898718,False
2023-11-02,0.415,0.417,0.41,0.41,927531442,383376836,False
2023-11-03,0.411,0.418,0.411,0.415,1171773896,486318148,False
2023-11-06,0.418,0.427,0.418,0.425,1647771719,697025304,False
2023-11-07,0.424,0.427,0.422,0.424,1040197783,441721152,False
2023-11-08,0.423,0.431,0.422,0.427,1563501115,669207956,False
2023-11-09,0.427,0.431,0.422,0.422,893054880,380189458,False
2023-11-10,0.42,0.424,0.418,0.421,700315370,294740511,False
2023-11-13,0.423,0.424,0.416,0.417,955743552,399746257,False
2023-11-14,0.418,0.423,0.417,0.42,749056400,314252008,False
2023-11-15,0.425,0.427,0.421,0.422,869981759,368499289,False
2023-11-16,0.422,0.423,0.415,0.415,921163894,384761711,False
2023-11-17,0.414,0.417,0.413,0.417,893681052,370914555,False
2023-11-20,0.418,0.422,0.415,0.421,904269300,378404785,False
2023-11-21,0.422,0.424,0.419,0.419,913646200,385081736,False
2023-11-22,0.419,0.42,0.413,0.414,815057458,339162648,False
2023-11-23,0.413,0.416,0.412,0.415,832838646,344846946,False
2023-11-24,0.415,0.417,0.412,0.413,800049700,330758510,False
2023-11-27,0.413,0.414,0.409,0.41,806609904,331079992,False
2023-11-28,0.41,0.417,0.408,0.417,1030252404,426751710,False
2023-11-29,0.416,0.418,0.412,0.413,857923171,356050667,False
2023-11-30,0.413,0.416,0.412,0.414,880010300,364236198,False
2023-12-01,0.414,0.416,0.41,0.415,938066865,387342866,False
2023-12-04,0.414,0.414,0.402,0.402,1592871996,646073208,False
2023-12-05,0.401,0.404,0.395,0.396,1545567392,617154651,False
2023-12-06,0.396,0.401,0.394,0.397,961041685,381176363,False
2023-12-07,0.397,0.398,0.392,0.396,994302927,392478034,False
2023-12-08,0.394,0.402,0.392,0.4,1093936273,433990237,False
2023-12-11,0.398,0.403,0.394,0.402,969285082,385613188,False
2023-12-12,0.401,0.402,0.396,0.399,873860864,348069155,False
2023-12-13,0.397,0.399,0.393,0.394,1039355425,411628546,False
2023-12-14,0.396,0.4,0.391,0.392,1121854517,443201494,False
2023-12-15,0.393,0.395,0.387,0.389,1439314800,562626122,False
2023-12-18,0.388,0.394,0.386,0.39,1245430083,485175738,False
2023-12-19,0.389,0.389,0.384,0.386,1138800917,440002382,False
2023-12-20,0.387,0.39,0.384,0.385,769454011,297516897,False
2023-12-21,0.382,0.387,0.381,0.385,1282062633,492890957,False
2023-12-22,0.385,0.386,0.38,0.381,1251414000,478854775,False
2023-12-25,0.381,0.385,0.38,0.384,649218786,248557110,False
2023-12-26,0.383,0.384,0.377,0.378,984387600,373449228,False
2023-12-27,0.379,0.381,0.376,0.38,871686354,329788695,False
2023-12-28,0.38,0.391,0.378,0.391,1624863381,627420273,False
2023-12-29,0.39,0.393,0.389,0.391,1076776504,420961968,False
2024-01-02,0.391,0.392,0.384,0.386,878254700,339325704,False
2024-01-03,0.385,0.388,0.382,0.384,711075963,273449225,False
2024-01-04,0.383,0.384,0.378,0.38,1003106500,381306887,False
2024-01-05,0.38,0.381,0.372,0.373,1253759147,471631613,False
2024-01-08,0.372,0.373,0.368,0.368,966906054,358073194,False
2024-01-09,0.369,0.373,0.367,0.368,1023442444,377804764,False
2024-01-10,0.368,0.373,0.365,0.37,980262000,362243378,False
2024-01-11,0.372,0.377,0.37,0.375,1127476391,421116497,False
2024-01-12,0.373,0.377,0.37,0.37,761258666,284335238,False
2024-01-15,0.368,0.374,0.367,0.369,708037400,262550020,False
2024-01-16,0.369,0.37,0.363,0.369,1096253352,401563041,False
2024-01-17,0.367,0.368,0.358,0.359,1067783000,387383283,False
2024-01-18,0.357,0.363,0.352,0.362,1418297172,504381474,False
2024-01-19,0.36,0.365,0.36,0.361,1030837534,373374622,False
2024-01-22,0.361,0.362,0.346,0.347,1510946635,534982065,False
2024-01-23,0.347,0.354,0.346,0.351,1225193300,429380947,False
2024-01-24,0.353,0.356,0.345,0.356,1266105000,444315994,False
2024-01-25,0.354,0.361,0.351,0.36,1382604800,492416016,False
2024-01-26,0.358,0.362,0.342,0.345,2063922357,726193898,False
2024-01-29,0.346,0.349,0.336,0.337,1561605500,534055968,False
2024-01-30,0.335,0.338,0.33,0.33,1135633124,379606330,False
2024-01-31,0.33,0.33,0.321,0.322,1421062894,461211566,False
2024-02-01,0.32,0.33,0.319,0.325,1261653383,409274912,False
2024-02-02,0.325,0.328,0.305,0.313,1731017389,548148846,False
2024-02-05,0.309,0.324,0.301,0.316,1984392754,617438479,False
2024-02-06,0.312,0.339,0.312,0.339,2030729054,666788196,False
2024-02-07,0.341,0.352,0.34,0.352,1891239872,659565634,False
2024-02-08,0.352,0.36,0.348,0.35,1379879239,488784993,False
2024-02-19,0.351,0.352,0.343,0.346,1312798627,454894340,False
2024-02-20,0.345,0.351,0.344,0.349,882086900,306750499,False
2024-02-21,0.347,0.358,0.345,0.353,1369253948,483086191,False
2024-02-22,0.351,0.353,0.349,0.351,1099211321,385376853,False
2024-02-23,0.351,0.352,0.347,0.35,849768007,296791972,False
2024-02-26,0.35,0.357,0.348,0.353,1120451341,395103815,False
2024-02-27,0.351,0.357,0.349,0.356,1179528951,416073393,False
2024-02-28,0.357,0.365,0.35,0.351,1742148424,626448794,False
2024-02-29,0.349,0.359,0.348,0.358,1184573199,419098096,False
2024-03-01,0.358,0.358,0.353,0.356,1089277369,387394146,False
2024-03-04,0.356,0.367,0.355,0.363,1553604708,561618074,False
2024-03-05,0.36,0.361,0.358,0.359,1025592702,368411926,False
2024-03-06,0.358,0.362,0.355,0.359,939353546,336684011,False
2024-03-07,0.355,0.355,0.344,0.345,1773144694,621005990,False
2024-03-08,0.345,0.348,0.342,0.345,970256041,334682896,False
2024-03-11,0.346,0.357,0.345,0.356,1615886161,567368896,False
2024-03-12,0.358,0.364,0.357,0.362,1608201382,580558413,False
2024-03-13,0.361,0.362,0.356,0.358,882985547,316465272,False
2024-03-14,0.365,0.368,0.356,0.359,1396122122,505756345,False
2024-03-15,0.357,0.363,0.354,0.357,964187708,344639293,False
2024-03-18,0.358,0.362,0.353,0.362,1060521500,379809924,False
2024-03-19,0.36,0.361,0.357,0.358,704968000,252985448,False
2024-03-20,0.357,0.36,0.354,0.357,873236000,311146879,False
2024-03-21,0.358,0.358,0.352,0.353,851257600,301696529,False
2024-03-22,0.351,0.352,0.344,0.346,1114676900,386645566,False
2024-03-25,0.346,0.35,0.342,0.343,812657000,281115219,False
2024-03-26,0.342,0.343,0.337,0.34,1126499700,382643367,False
2024-03-27,0.339,0.341,0.335,0.336,1034239489,349913369,False
2024-03-28,0.335,0.339,0.332,0.335,1263057543,423088382,False
2024-03-29,0.334,0.336,0.332,0.335,747081200,249157632,False
2024-04-01,0.335,0.341,0.334,0.34,1034701900,349576595,False
2024-04-02,0.34,0.341,0.335,0.336,806040700,271127869,False
2024-04-03,0.336,0.337,0.333,0.334,724917300,242516665,False
2024-04-08,0.331,0.331,0.324,0.324,1285913215,420126784,False
2024-04-09,0.325,0.332,0.323,0.331,1197390700,392007836,False
2024-04-10,0.33,0.33,0.324,0.325,815801183,266432599,False
2024-04-11,0.323,0.326,0.321,0.323,1187159100,383626972,False
2024-04-12,0.323,0.325,0.318,0.32,971230958,311885764,False
2024-04-15,0.319,0.324,0.318,0.32,1094431151,351975736,False
2024-04-16,0.319,0.32,0.312,0.313,1334861152,421197128,False
2024-04-17,0.313,0.319,0.312,0.317,1238308300,391269955,False
2024-04-18,0.316,0.322,0.314,0.318,1122837700,357569210,False
2024-04-19,0.316,0.317,0.31,0.313,1067227100,334190946,False
2024-04-22,0.311,0.319,0.311,0.317,864299500,273169751,False
2024-04-23,0.316,0.322,0.314,0.32,1383478100,439727577,False
2024-04-24,0.319,0.321,0.317,0.32,957497000,305807501,False
2024-04-25,0.319,0.325,0.318,0.322,1083392322,348868273,False
2024-04-26,0.321,0.331,0.321,0.33,1645156798,538490801,False
2024-04-29,0.331,0.342,0.33,0.34,1687530000,569192064,False
2024-04-30,0.338,0.34,0.336,0.336,1045909200,352966279,False
2024-05-06,0.341,0.349,0.341,0.348,1659311846,573650470,False
2024-05-07,0.347,0.349,0.345,0.348,1006826900,349711505,False
2024-05-08,0.348,0.35,0.344,0.345,1181148710,408917258,False
2024-05-09,0.344,0.349,0.343,0.348,1141174700,395506218,False
2024-05-10,0.348,0.349,0.343,0.345,1111688900,383931722,False
2024-05-13,0.348,0.349,0.342,0.344,1028953167,354667262,False
2024-05-14,0.343,0.349,0.342,0.348,1148436188,398712851,False
2024-05-15,0.346,0.346,0.34,0.34,999499165,342498015,False
2024-05-16,0.341,0.344,0.338,0.341,920117834,313983823,False
2024-05-17,0.34,0.343,0.337,0.34,957639300,324890438,False
2024-05-20,0.34,0.343,0.34,0.342,988112311,337382826,False
2024-05-21,0.342,0.342,0.337,0.338,789025500,267381677,False
2024-05-22,0.339,0.34,0.335,0.337,1196704900,403968734,False
2024-05-23,0.336,0.337,0.331,0.333,1102072290,367648942,False
2024-05-24,0.331,0.334,0.328,0.329,1051360200,347151633,False
2024-05-27,0.329,0.33,0.323,0.328,1223562000,398944939,False
2024-05-28,0.327,0.328,0.324,0.325,1067158780,347713929,False
2024-05-29,0.324,0.327,0.323,0.325,889774300,289205802,False
2024-05-30,0.324,0.326,0.322,0.325,733737600,237791370,False
2024-05-31,0.326,0.328,0.324,0.324,985013488,321191667,False
2024-06-03,0.324,0.325,0.32,0.321,1017531800,327702700,False
2024-06-04,0.321,0.327,0.32,0.327,1102415258,357371216,False
2024-06-05,0.326,0.33,0.324,0.326,1094906857,358564384,False
2024-06-06,0.327,0.328,0.32,0.321,1242609458,401691946,False
2024-06-07,0.322,0.324,0.318,0.32,1082494000,346708627,False
2024-06-11,0.319,0.323,0.316,0.322,1070694700,341448531,False
2024-06-12,0.322,0.327,0.32,0.324,1195437675,387194476,False
2024-06-13,0.325,0.325,0.319,0.32,940340800,301926773,False
2024-06-14,0.319,0.32,0.313,0.318,1650102655,521144698,False
2024-06-17,0.315,0.316,0.314,0.315,752848066,237283360,False
2024-06-18,0.316,0.317,0.311,0.313,1501231400,470341059,False
2024-06-19,0.313,0.313,0.309,0.309,1177310500,365243543,False
2024-06-20,0.309,0.312,0.305,0.305,1464869200,450686484,False
2024-06-21,0.304,0.307,0.303,0.305,1237978800,376835225,False
2024-06-24,0.303,0.305,0.301,0.301,1242816177,376219802,False
2024-06-25,0.301,0.303,0.297,0.299,1569056400,470452876,False
2024-06-26,0.299,0.306,0.297,0.305,1264501000,381341537,False
2024-06-27,0.304,0.305,0.3,0.3,993041100,299477004,False
2024-06-28,0.299,0.304,0.296,0.297,1472743968,441272021,False
2024-07-01,0.297,0.298,0.291,0.297,1394778600,410876951,False
2024-07-02,0.296,0.297,0.291,0.293,1396275000,409987601,False
2024-07-03,0.292,0.293,0.288,0.29,1566908900,454525687,False
2024-07-04,0.29,0.291,0.283,0.284,1432119600,410075821,False
2024-07-05,0.283,0.293,0.282,0.292,1956105500,562914812,False
2024-07-08,0.291,0.291,0.282,0.283,1462015900,417778325,False
2024-07-09,0.282,0.286,0.278,0.285,1664690400,469401956,False
2024-07-10,0.283,0.288,0.282,0.285,1130728700,322829336,False
2024-07-11,0.288,0.296,0.288,0.295,2131787820,624083565,False
2024-07-12,0.295,0.298,0.293,0.295,1245676100,367576370,False
2024-07-15,0.293,0.295,0.288,0.289,1052956700,306193605,False
2024-07-16,0.289,0.291,0.288,0.289,891825900,258152700,False
2024-07-17,0.29,0.297,0.289,0.296,1778532400,521924546,False
2024-07-18,0.295,0.3,0.293,0.3,1751411900,520122285,False
2024-07-19,0.298,0.302,0.296,0.3,1266291400,378849851,False
2024-07-22,0.3,0.305,0.298,0.302,1279475360,386829130,False
2024-07-23,0.302,0.302,0.292,0.292,1575235200,466983866,False
2024-07-24,0.292,0.294,0.287,0.288,1248394800,362092830,False
2024-07-25,0.287,0.292,0.286,0.29,1059246020,306869912,False
2024-07-26,0.29,0.293,0.288,0.291,1018709100,296059974,False
2024-07-29,0.291,0.292,0.285,0.286,1132578800,325775299,False
2024-07-30,0.286,0.289,0.284,0.285,1231228500,352263637,False
2024-07-31,0.285,0.301,0.284,0.3,2545143920,749985829,False
2024-08-01,0.3,0.302,0.295,0.297,1383513500,411913286,False
2024-08-02,0.295,0.307,0.295,0.3,2160624100,652895653,False
2024-08-05,0.298,0.307,0.298,0.299,1884895400,570066646,False
2024-08-06,0.301,0.306,0.3,0.305,1520509200,460593888,False
2024-08-07,0.304,0.304,0.3,0.302,1163669500,351037330,False
2024-08-08,0.3,0.304,0.3,0.302,1099102200,331905844,False
2024-08-09,0.302,0.304,0.296,0.296,1506426800,450416548,False
2024-08-12,0.296,0.3,0.295,0.298,968210900,288302297,False
2024-08-13,0.298,0.298,0.293,0.296,1050786866,309435338,False
2024-08-14,0.295,0.296,0.29,0.291,943606200,275349000,False
2024-08-15,0.291,0.296,0.289,0.293,1275898370,373297239,False
2024-08-16,0.292,0.293,0.288,0.292,1386414600,403068613,False
2024-08-19,0.291,0.294,0.289,0.289,1258865300,366052763,False
2024-08-20,0.289,0.29,0.283,0.284,1678312140,478704283,False
2024-08-21,0.284,0.285,0.28,0.281,1174720600,331444116,False
2024-08-22,0.281,0.282,0.275,0.276,1742779000,484044006,False
2024-08-23,0.275,0.276,0.273,0.274,1143987600,313796456,False
2024-08-26,0.274,0.275,0.27,0.271,1564655012,424868601,False
2024-08-27,0.271,0.272,0.269,0.27,984203000,265961292,False
2024-08-28,0.269,0.272,0.269,0.271,923249100,249480636,False
2024-08-29,0.269,0.277,0.268,0.276,1572000700,429601492,False
2024-08-30,0.276,0.285,0.275,0.281,2149951800,603622656,False
2024-09-02,0.28,0.28,0.271,0.272,1461127500,401956049,False
2024-09-03,0.272,0.278,0.271,0.274,1171173200,321881405,False
2024-09-04,0.273,0.28,0.272,0.277,1254291200,346739308,False
2024-09-05,0.277,0.282,0.276,0.279,1142957800,319622805,False
2024-09-06,0.28,0.281,0.274,0.275,887716400,245229623,False
2024-09-09,0.274,0.279,0.273,0.275,1179891400,325641573,False
2024-09-10,0.274,0.275,0.27,0.274,1125764042,306320358,False
2024-09-11,0.272,0.277,0.271,0.275,965778742,264929447,False
2024-09-12,0.275,0.279,0.273,0.273,918871500,253763380,False
2024-09-13,0.273,0.275,0.27,0.27,783403000,213501066,False
2024-09-18,0.271,0.271,0.266,0.269,1093890000,293466229,False
2024-09-19,0.269,0.276,0.267,0.273,1485730700,404100903,False
2024-09-20,0.272,0.273,0.269,0.271,1168284300,316079227,False
2024-09-23,0.274,0.275,0.269,0.269,1498803800,407436682,False
2024-09-24,0.271,0.279,0.268,0.279,2849985164,781609789,False
2024-09-25,0.282,0.288,0.281,0.282,2824922000,802622758,False
2024-09-26,0.281,0.297,0.278,0.296,3687763691,1052808382,False
2024-09-27,0.301,0.321,0.301,0.32,3615182506,1119513714,False
2024-09-30,0.338,0.352,0.333,0.352,5605666531,1934609896,False
2024-10-08,0.387,0.387,0.376,0.387,4195893298,1618015496,False
2024-10-09,0.387,0.396,0.361,0.362,6399921533,2432631185,False
2024-10-10,0.366,0.379,0.356,0.36,3716278382,1361969203,False
2024-10-11,0.358,0.358,0.335,0.34,4189246426,1438884344,False
2024-10-14,0.34,0.344,0.331,0.343,2723308800,921303184,False
2024-10-15,0.341,0.344,0.331,0.332,2147567900,725627237,False
2024-10-16,0.326,0.332,0.325,0.327,2016500000,660857584,False
2024-10-17,0.33,0.332,0.323,0.324,1745394000,572296457,False
2024-10-18,0.322,0.351,0.321,0.34,3635153500,1212829753,False
2024-10-21,0.341,0.346,0.333,0.34,2686543800,911757466,False
2024-10-22,0.338,0.345,0.337,0.344,2238402700,765695754,False
2024-10-23,0.345,0.348,0.34,0.345,2564770100,882336282,False
2024-10-24,0.342,0.345,0.339,0.34,1535551400,525463897,False
2024-10-25,0.339,0.354,0.339,0.353,3476090391,1208646129,False
2024-10-28,0.352,0.357,0.348,0.357,2319979200,820316868,False
2024-10-29,0.36,0.361,0.347,0.348,2766902700,974249906,False
2024-10-30,0.345,0.349,0.339,0.343,2032729500,697385358,False
2024-10-31,0.34,0.345,0.338,0.341,1713779300,585640715,False
2024-11-01,0.339,0.343,0.336,0.336,2140667800,725812507,False
2024-11-04,0.337,0.343,0.337,0.341,2038427511,693540011,False
2024-11-05,0.341,0.353,0.338,0.352,2874295138,998246831,False
2024-11-06,0.352,0.358,0.349,0.351,2405641099,849698740,False
2024-11-07,0.348,0.365,0.346,0.365,2882156098,1029124023,False
2024-11-08,0.371,0.372,0.361,0.363,2865559900,1049083822,False
2024-11-11,0.359,0.369,0.357,0.369,2336104730,850244527,False
2024-11-12,0.369,0.384,0.368,0.374,3757899665,1418142105,False
2024-11-13,0.371,0.376,0.364,0.368,2308218565,850583695,False
2024-11-14,0.367,0.368,0.356,0.356,1998867100,723093629,False
2024-11-15,0.355,0.358,0.347,0.347,2069166038,730104667,False
2024-11-18,0.347,0.35,0.339,0.342,1993836700,687690899,False
2024-11-19,0.343,0.347,0.338,0.347,1770471928,607584002,False
2024-11-20,0.346,0.356,0.345,0.354,2492669500,877687985,False
2024-11-21,0.353,0.353,0.348,0.35,1950532900,683038637,False
2024-11-22,0.349,0.35,0.334,0.335,2587983062,883662579,False
2024-11-25,0.335,0.339,0.33,0.334,1541122962,514760146,False
2024-11-26,0.333,0.339,0.332,0.333,1176539310,394755858,False
2024-11-27,0.333,0.34,0.33,0.339,1543855559,516945437,False
2024-11-28,0.339,0.34,0.334,0.335,1312387800,441421612,False
2024-11-29,0.335,0.344,0.334,0.341,1874820760,636705581,False
2024-12-02,0.342,0.349,0.34,0.347,1720973400,595641707,False
2024-12-03,0.347,0.348,0.343,0.347,1318996900,455812742,False
2024-12-04,0.346,0.346,0.34,0.341,1351125310,462926867,False
2024-12-05,0.341,0.344,0.339,0.341,941891900,321223854,False
2024-12-06,0.342,0.355,0.341,0.352,2631252021,917917721,False
2024-12-09,0.357,0.359,0.351,0.353,1780339874,631152149,False
2024-12-10,0.365,0.367,0.352,0.354,2412409100,866351837,False
2024-12-11,0.352,0.357,0.352,0.355,1119979500,397217965,False
2024-12-12,0.355,0.358,0.352,0.358,2118072566,751278554,False
2024-12-13,0.355,0.356,0.347,0.348,1748933300,612857359,False
2024-12-16,0.346,0.348,0.342,0.344,1108913500,381448714,False
2024-12-17,0.343,0.344,0.339,0.34,1251557000,426905214,False
2024-12-18,0.341,0.343,0.339,0.341,928735610,316659526,False
2024-12-19,0.338,0.34,0.335,0.338,1248717200,421822077,False
2024-12-20,0.338,0.342,0.337,0.338,850680666,288911048,False
2024-12-23,0.338,0.339,0.334,0.335,1364374991,458699691,False
2024-12-24,0.335,0.339,0.334,0.338,1057422900,356746349,False
2024-12-25,0.341,0.342,0.334,0.336,1535560700,517343832,False
2024-12-26,0.335,0.337,0.334,0.334,1001458515,335472564,False
2024-12-27,0.335,0.337,0.332,0.335,1184482300,396018975,False
2024-12-30,0.334,0.336,0.332,0.333,1419362100,473700483,False
2024-12-31,0.333,0.334,0.326,0.327,1872079300,617352451,False
2025-01-02,0.326,0.328,0.316,0.319,2356115000,759369092,False
2025-01-03,0.319,0.322,0.313,0.315,1435261305,456686206,False
2025-01-06,0.316,0.32,0.314,0.315,1347770454,426276874,False
2025-01-07,0.316,0.316,0.308,0.313,1636229100,509429673,False
2025-01-08,0.312,0.313,0.304,0.309,1594857100,491267006,False
2025-01-09,0.308,0.312,0.307,0.308,995568584,307682928,False
2025-01-10,0.308,0.31,0.303,0.304,1239819800,380056737,False
2025-01-13,0.302,0.307,0.301,0.305,1206531700,367754510,False
2025-01-14,0.306,0.315,0.306,0.315,1807906800,562540025,False
2025-01-15,0.313,0.314,0.309,0.31,1106569000,343720824,False
2025-01-16,0.311,0.316,0.309,0.311,1546636393,482272125,False
2025-01-17,0.31,0.313,0.308,0.311,1195859000,370887777,False
2025-01-20,0.313,0.318,0.312,0.314,1467658100,462390526,False
2025-01-21,0.315,0.316,0.309,0.313,1105074500,344683854,False
2025-01-22,0.311,0.312,0.307,0.31,1069298800,330099899,False
2025-01-23,0.312,0.315,0.31,0.31,1170892700,365710353,False
2025-01-24,0.31,0.314,0.309,0.312,1158002400,360946372,False
2025-01-27,0.313,0.315,0.311,0.311,969115800,303300369,False
2025-02-05,0.313,0.315,0.31,0.313,1081695500,338311456,False
2025-02-06,0.313,0.32,0.31,0.319,1852823600,584525569,False
2025-02-07,0.319,0.331,0.318,0.328,2685101457,874109759,False
2025-02-10,0.329,0.338,0.327,0.337,2779304319,926860701,False
2025-02-11,0.338,0.339,0.331,0.333,1749271848,583036514,False
2025-02-12,0.332,0.336,0.33,0.334,1366090995,454644113,False
2025-02-13,0.334,0.338,0.333,0.333,1571474100,526630116,False
2025-02-14,0.334,0.352,0.333,0.349,4166571039,1437789783,False
2025-02-17,0.355,0.363,0.352,0.355,3878676501,1386392785,False
2025-02-18,0.353,0.353,0.343,0.345,2903343000,1008805727,False
2025-02-19,0.343,0.351,0.34,0.349,2145567100,743684273,False
2025-02-20,0.349,0.362,0.349,0.36,3761262000,1348376100,False
2025-02-21,0.361,0.365,0.357,0.364,2951752183,1066378463,False
2025-02-24,0.363,0.364,0.353,0.356,2905554212,1038442315,False
2025-02-25,0.35,0.354,0.348,0.349,2279840200,800697561,False
2025-02-26,0.35,0.353,0.348,0.353,2185334800,765437432,False
2025-02-27,0.351,0.355,0.347,0.351,1965842800,690319780,False
2025-02-28,0.35,0.354,0.341,0.342,2235233790,775938265,False
2025-03-03,0.342,0.352,0.341,0.346,1929499007,669770706,False
2025-03-04,0.343,0.35,0.342,0.349,1554336939,538808815,False
2025-03-05,0.349,0.35,0.342,0.345,1629149400,561967175,False
2025-03-06,0.347,0.354,0.346,0.353,2576904790,904314598,False
2025-03-07,0.351,0.352,0.346,0.348,1916237463,669459563,False
2025-03-10,0.355,0.358,0.347,0.35,2206472563,774895422,False
2025-03-11,0.345,0.351,0.345,0.35,1529023900,532665332,False
2025-03-12,0.35,0.353,0.346,0.346,1484388100,517651852,False
2025-03-13,0.346,0.348,0.341,0.343,1585097300,544642634,False
2025-03-14,0.344,0.353,0.343,0.352,2486777217,868531068,False
2025-03-17,0.354,0.354,0.349,0.351,1742625500,612729338,False
2025-03-18,0.355,0.361,0.353,0.357,2216590060,792744902,False
2025-03-19,0.355,0.358,0.353,0.355,1345606800,478136261,False
2025-03-20,0.355,0.355,0.349,0.35,1562609400,549284254,False
2025-03-21,0.349,0.35,0.342,0.343,1956256400,675720066,False
2025-03-24,0.343,0.345,0.337,0.34,1811317600,616909632,False
2025-03-25,0.341,0.343,0.339,0.341,1201252300,409719759,False
2025-03-26,0.342,0.343,0.339,0.34,1292228700,440082143,False
2025-03-27,0.339,0.345,0.336,0.344,1760467853,600924823,False
2025-03-28,0.344,0.348,0.341,0.341,1698675100,584471938,False
2025-03-31,0.34,0.341,0.334,0.336,1788960700,602818239,False
2025-04-01,0.338,0.349,0.337,0.344,2632207100,906550996,False
2025-04-02,0.344,0.345,0.34,0.342,1248409000,427613269,False
2025-04-03,0.339,0.343,0.335,0.337,2023761700,684682822,False
2025-04-07,0.324,0.326,0.303,0.305,4403398200,1381428132,False
2025-04-08,0.306,0.314,0.304,0.308,2299436306,708182128,False
2025-04-09,0.302,0.31,0.296,0.309,2778300500,843617719,False
2025-04-10,0.313,0.319,0.313,0.315,2322037501,733107468,False
2025-04-11,0.312,0.317,0.311,0.315,1884936500,592274751,False
2025-04-14,0.317,0.319,0.314,0.316,1580464500,500067218,False
2025-04-15,0.314,0.315,0.311,0.314,1219063500,381283326,False
2025-04-16,0.312,0.312,0.306,0.31,1932905500,597057670,False
2025-04-17,0.308,0.313,0.308,0.311,1215007700,377744237,False
2025-04-18,0.31,0.313,0.309,0.31,1334046500,413732483,False
2025-04-21,0.31,0.314,0.308,0.313,1569069300,488944822,False
2025-04-22,0.313,0.315,0.311,0.313,1826043600,572628141,False
2025-04-23,0.315,0.317,0.312,0.313,2339860300,733842845,False
2025-04-24,0.313,0.317,0.311,0.313,1528086300,479624345,False
2025-04-25,0.314,0.317,0.313,0.314,2345319400,737828316,False
2025-04-28,0.313,0.313,0.31,0.311,1391168300,433581965,False
2025-04-29,0.312,0.317,0.311,0.315,1746572899,550001564,False
2025-04-30,0.315,0.319,0.315,0.317,1210220000,383775103,False
2025-05-06,0.319,0.322,0.317,0.322,1476855300,473003273,False
2025-05-07,0.325,0.326,0.318,0.321,1558063800,500502593,False
2025-05-08,0.32,0.323,0.319,0.322,996381729,320486934,False
2025-05-09,0.322,0.322,0.319,0.32,807174829,258280778,False
2025-05-12,0.321,0.322,0.319,0.321,1367989800,438705885,False
2025-05-13,0.324,0.328,0.323,0.326,2079795547,676775393,False
2025-05-14,0.326,0.329,0.324,0.327,1330759700,433852186,False
2025-05-15,0.327,0.327,0.324,0.324,1121356300,364430717,False
2025-05-16,0.323,0.325,0.321,0.322,1027994624,331751276,False
2025-05-19,0.322,0.322,0.319,0.321,1428384000,457651800,False
2025-05-20,0.322,0.326,0.321,0.325,1486495900,481712908,False
2025-05-21,0.324,0.328,0.324,0.326,1325612300,432622769,False
2025-05-22,0.326,0.326,0.322,0.324,1330441300,431191237,False
2025-05-23,0.324,0.33,0.323,0.326,2997324600,981532652,False
2025-05-26,0.325,0.326,0.322,0.323,1450498347,469597859,False
2025-05-27,0.323,0.326,0.322,0.324,1285578200,417034171,False
2025-05-28,0.325,0.325,0.322,0.322,1000675299,323491921,False
2025-05-29,0.323,0.33,0.322,0.329,2030635803,664758897,False
2025-05-30,0.328,0.332,0.327,0.328,1499946909,494191631,False
2025-06-03,0.327,0.333,0.326,0.332,1476543300,488801965,False
2025-06-04,0.333,0.335,0.331,0.334,1248851800,416074963,False
2025-06-05,0.334,0.335,0.33,0.333,1238348900,411214378,False
2025-06-06,0.332,0.333,0.329,0.33,1108182372,366151829,False
2025-06-09,0.331,0.338,0.33,0.335,1758683618,589402406,False
2025-06-10,0.335,0.339,0.332,0.334,1808240900,606433180,False
2025-06-11,0.334,0.338,0.334,0.334,1466718165,491877231,False
2025-06-12,0.334,0.337,0.332,0.336,1351001304,453077280,False
2025-06-13,0.336,0.339,0.331,0.331,1779864100,594122518,False
2025-06-16,0.33,0.332,0.328,0.329,1398213700,460847690,False
2025-06-17,0.33,0.334,0.326,0.327,1703088396,561197615,False
2025-06-18,0.326,0.327,0.322,0.324,1367836598,442755738,False
2025-06-19,0.324,0.325,0.318,0.32,1843322286,590948791,False
2025-06-20,0.319,0.321,0.318,0.319,1009003898,322171673,False
2025-06-23,0.318,0.322,0.317,0.321,1696198535,542008769,False
2025-06-24,0.321,0.324,0.32,0.324,1212204335,391483343,False
2025-06-25,0.325,0.328,0.322,0.328,1852170235,602472412,False
2025-06-26,0.328,0.329,0.324,0.325,1520687334,496183903,False
2025-06-27,0.325,0.329,0.324,0.326,2114339034,690318248,False
2025-06-30,0.326,0.331,0.324,0.331,1831808500,601744755,False
2025-07-01,0.331,0.334,0.33,0.333,1454692833,484140693,False
2025-07-02,0.333,0.335,0.33,0.331,1201491564,398767097,False
2025-07-03,0.331,0.333,0.33,0.332,1073010800,355820185,False
2025-07-04,0.331,0.334,0.33,0.332,1256301700,417268672,False
2025-07-07,0.332,0.333,0.328,0.329,1249784600,412460613,False
2025-07-08,0.329,0.333,0.328,0.332,1307142100,433393098,False
2025-07-09,0.332,0.336,0.331,0.333,1629101800,543378224,False
2025-07-10,0.332,0.336,0.331,0.335,1572018400,524720204,False
2025-07-11,0.335,0.343,0.335,0.341,2751555195,934557722,False
2025-07-14,0.341,0.342,0.338,0.34,1465255021,497847928,False
2025-07-15,0.339,0.342,0.335,0.339,1614709900,545541874,False
2025-07-16,0.34,0.342,0.338,0.341,1247665100,424087951,False
2025-07-17,0.34,0.345,0.339,0.345,1679322300,574378711,False
2025-07-18,0.345,0.348,0.344,0.348,1525862835,527379900,False
2025-07-21,0.348,0.349,0.344,0.348,1669094800,578844500,False
2025-07-22,0.348,0.353,0.347,0.35,2067424300,723851839,False
2025-07-23,0.351,0.358,0.35,0.354,2963997169,1051894857,False
2025-07-24,0.353,0.365,0.353,0.364,3141798336,1126502446,False
2025-07-25,0.364,0.373,0.362,0.367,3214024803,1183380449,False
2025-07-28,0.367,0.369,0.366,0.368,1896121533,697524692,False
2025-07-29,0.369,0.378,0.365,0.377,3094825596,1152191885,False
2025-07-30,0.375,0.382,0.371,0.375,3105568364,1171282790,False
2025-07-31,0.373,0.378,0.368,0.369,2734001988,1019535966,False
2025-08-01,0.369,0.376,0.365,0.367,2455875130,907498126,False
2025-08-04,0.364,0.368,0.359,0.367,2061176000,748962403,False
2025-08-05,0.369,0.371,0.365,0.368,2210833019,812269364,False
2025-08-06,0.368,0.371,0.366,0.368,1819407700,668648830,False
2025-08-07,0.367,0.375,0.366,0.369,2361476695,874861713,False
2025-08-08,0.368,0.37,0.363,0.366,1778430581,652007300,False
2025-08-11,0.365,0.373,0.365,0.372,1675806445,619711689,False
2025-08-12,0.372,0.378,0.37,0.373,2053320320,768446839,False
2025-08-13,0.374,0.38,0.371,0.379,2096110800,788996225,False
2025-08-14,0.38,0.382,0.372,0.374,2667530452,1004811338,False
2025-08-15,0.372,0.379,0.372,0.378,1694882600,637748868,False
2025-08-18,0.38,0.383,0.379,0.381,1951260600,743403465,False
2025-08-19,0.383,0.388,0.377,0.378,2565744596,983030513,False
2025-08-20,0.376,0.38,0.372,0.38,2036428714,766247036,False
2025-08-21,0.38,0.384,0.379,0.382,1983435300,758171059,False
2025-08-22,0.382,0.385,0.38,0.385,2013444470,768989681,False
2025-08-25,0.385,0.393,0.384,0.393,2788020067,1085484439,False
2025-08-26,0.392,0.393,0.387,0.388,2059493111,802407376,False
2025-08-27,0.388,0.393,0.38,0.38,2795380858,1083238083,False
2025-08-28,0.379,0.382,0.37,0.382,3092573510,1167129551,False
2025-08-29,0.381,0.389,0.38,0.387,2395942086,920914324,False
2025-09-01,0.386,0.397,0.386,0.397,2923927662,1147470130,False
2025-09-02,0.398,0.401,0.388,0.393,2459898875,970783231,False
2025-09-03,0.393,0.396,0.387,0.388,2106206817,823685796,False
2025-09-04,0.389,0.391,0.371,0.376,3034430557,1154929871,False
2025-09-05,0.376,0.388,0.373,0.387,2376695451,906183713,False
2025-09-08,0.388,0.403,0.387,0.402,3582752795,1427014689,False
2025-09-09,0.4,0.402,0.389,0.392,2394712894,945789645,False
2025-09-10,0.391,0.397,0.39,0.392,1674903400,658948763,False
2025-09-11,0.386,0.395,0.379,0.395,2457251206,949716979,False
2025-09-12,0.394,0.397,0.389,0.393,2018557448,793088188,False
2025-09-15,0.393,0.398,0.392,0.395,1578931900,623913759,False
2025-09-16,0.396,0.398,0.392,0.397,1570982415,621037405,False
2025-09-17,0.397,0.399,0.393,0.397,1826827215,723735273,False
2025-09-18,0.397,0.4,0.388,0.392,2353778062,929976902,False
2025-09-19,0.391,0.395,0.385,0.388,2071847646,806709800,False
2025-09-22,0.389,0.393,0.384,0.386,1406870620,544881572,False
2025-09-23,0.386,0.387,0.373,0.379,2234846600,846173839,False
2025-09-24,0.378,0.386,0.378,0.385,1480788500,566557028,False
2025-09-25,0.385,0.391,0.384,0.388,1509392900,586249939,False
2025-09-26,0.386,0.387,0.381,0.382,1453439900,557166983,False
2025-09-29,0.38,0.385,0.376,0.384,1722290924,654651312,False
2025-09-30,0.384,0.392,0.384,0.392,1624136599,631314003,False
2025-10-09,0.392,0.395,0.388,0.394,1719546200,673716060,False
2025-10-10,0.393,0.394,0.385,0.386,1647099000,640464268,False
2025-10-13,0.375,0.381,0.373,0.378,2153330406,812246455,False
2025-10-14,0.379,0.382,0.372,0.373,2355252600,888750611,False
2025-10-15,0.374,0.379,0.371,0.378,1568503275,589272544,False
2025-10-16,0.378,0.382,0.376,0.377,1307720089,494887603,False
2025-10-17,0.377,0.378,0.367,0.368,1848175396,686925101,False
2025-10-20,0.37,0.372,0.367,0.368,1220378800,450902061,False
2025-10-21,0.37,0.374,0.369,0.372,1104007879,410549474,False
2025-10-22,0.372,0.375,0.369,0.37,1078239400,400358354,False
2025-10-23,0.37,0.371,0.366,0.37,1650213900,606847147,False
2025-10-24,0.371,0.376,0.371,0.372,1196342998,446671203,False
2025-10-27,0.376,0.38,0.373,0.374,1654197100,622465447,False
2025-10-28,0.374,0.375,0.371,0.372,1135410400,423581684,False
2025-10-29,0.372,0.376,0.368,0.375,1517650000,564767436,False
2025-10-30,0.373,0.373,0.366,0.367,2101905004,776654195,False
2025-10-31,0.366,0.373,0.365,0.37,1683112090,622597783,False
2025-11-03,0.371,0.372,0.366,0.369,1177509000,434098255,False
2025-11-04,0.367,0.368,0.36,0.363,1964523701,713517860,False
2025-11-05,0.36,0.365,0.359,0.363,1185072805,429660802,False
2025-11-06,0.362,0.363,0.36,0.362,1293404200,467879533,False
2025-11-07,0.361,0.363,0.359,0.361,1077774800,388966393,False
2025-11-10,0.361,0.367,0.36,0.367,1384226200,504247195,False
2025-11-11,0.367,0.368,0.363,0.365,1151226587,419659485,False
2025-11-12,0.366,0.369,0.364,0.366,1218393302,446439865,False
2025-11-13,0.365,0.368,0.364,0.368,1121110713,410335888,False
2025-11-14,0.366,0.369,0.364,0.365,1325905000,486656635,False
2025-11-17,0.364,0.364,0.357,0.358,2049444700,736314065,False
2025-11-18,0.358,0.359,0.356,0.357,1265470000,452401586,False
2025-11-19,0.357,0.358,0.353,0.354,1242748200,441441408,False
2025-11-20,0.355,0.357,0.349,0.351,1600096755,563279147,False
2025-11-21,0.349,0.352,0.341,0.344,2734095355,946095708,False
2025-11-24,0.345,0.349,0.344,0.348,1542712457,534774225,False
2025-11-25,0.349,0.351,0.347,0.347,1395764600,486904026,False
2025-11-26,0.348,0.352,0.346,0.348,1420558957,496358479,False
2025-11-27,0.347,0.348,0.343,0.345,1364381399,471748759,False
2025-11-28,0.346,0.347,0.343,0.346,800563576,276785210,False
2025-12-01,0.347,0.349,0.346,0.348,1061361673,369047931,False
2025-12-02,0.348,0.349,0.343,0.343,1169566091,403357287,False
2025-12-03,0.343,0.345,0.34,0.341,1446567300,494635233,False
2025-12-04,0.341,0.343,0.339,0.341,893363931,304178729,False
2025-12-05,0.341,0.345,0.339,0.344,1371628222,468840005,False
2025-12-08,0.345,0.346,0.343,0.345,937805227,323315706,False
2025-12-09,0.345,0.347,0.342,0.343,1172565000,403703861,False
2025-12-10,0.342,0.343,0.338,0.343,1254283917,427251362,False
2025-12-11,0.343,0.344,0.339,0.34,1201231120,410491109,False
2025-12-12,0.34,0.343,0.337,0.342,1278172330,434833173,False
2025-12-15,0.341,0.344,0.34,0.34,1142577800,390596722,False
2025-12-16,0.339,0.342,0.337,0.338,1297398464,439384699,False
2025-12-17,0.337,0.344,0.337,0.343,1234485584,420532162,False
2025-12-18,0.343,0.347,0.342,0.346,1342469180,463748381,False
2025-12-19,0.346,0.351,0.344,0.349,1525501870,530563819,False
2025-12-22,0.348,0.349,0.345,0.347,977387800,339094195,False
2025-12-23,0.347,0.347,0.342,0.344,1304012100,449129527,False
2025-12-24,0.343,0.345,0.342,0.345,1018891469,350192226,False
2025-12-25,0.345,0.349,0.344,0.349,1223495884,424641028,False
2025-12-26,0.348,0.349,0.345,0.347,1310332213,454847986,False
2025-12-29,0.347,0.347,0.343,0.345,1601745608,552392030,False
2025-12-30,0.344,0.344,0.341,0.342,1037874000,355176530,False
2025-12-31,0.342,0.344,0.339,0.34,1096717678,373772525,False
2026-01-05,0.341,0.358,0.34,0.358,3325133914,1166499105,False
2026-01-06,0.359,0.362,0.356,0.362,2823591024,1016819943,False
2026-01-07,0.362,0.365,0.36,0.362,2117901984,767569990,False
2026-01-08,0.362,0.369,0.361,0.366,2396964698,874987842,False
2026-01-09,0.365,0.375,0.365,0.375,2654055201,984475021,False
2026-01-12,0.377,0.382,0.376,0.381,2694657039,1021096230,False
2026-01-13,0.384,0.395,0.383,0.387,4031898282,1567354883,False
2026-01-14,0.386,0.399,0.384,0.39,4489842613,1761861567,False
2026-01-15,0.388,0.392,0.383,0.385,2467176850,953591621,False
2026-01-16,0.384,0.386,0.374,0.375,2370024127,897791778,False
2026-01-19,0.374,0.377,0.371,0.372,1550222100,578937068,False
2026-01-20,0.372,0.374,0.364,0.367,2063510471,758196481,False
2026-01-21,0.366,0.372,0.363,0.368,1699739232,625895391,False
2026-01-22,0.368,0.369,0.364,0.366,1591267466,582951072,False
2026-01-23,0.367,0.372,0.366,0.371,1950339548,721716526,False
2026-01-26,0.372,0.373,0.364,0.369,2561899260,940223865,False
2026-01-27,0.368,0.369,0.359,0.363,2382975883,863833175,False
2026-01-28,0.362,0.363,0.355,0.357,3059764330,1096340729,False
2026-01-29,0.356,0.363,0.353,0.362,2682294000,964732913,False
2026-01-30,0.361,0.363,0.355,0.356,2083949200,746459210,False
2026-02-02,0.355,0.358,0.348,0.348,2403276344,848023722,False
2026-02-03,0.35,0.355,0.349,0.354,1785760900,628904595,False
2026-02-04,0.353,0.36,0.351,0.36,2075091694,737245264,False
2026-02-05,0.358,0.362,0.358,0.36,1630642100,587028049,False
2026-02-06,0.358,0.36,0.355,0.358,1337140691,478402073,False
2026-02-09,0.36,0.361,0.357,0.359,1578441046,565842887,False
2026-02-10,0.359,0.363,0.357,0.362,1478725504,533608177,False
2026-02-11,0.361,0.363,0.359,0.36,870685657,314116509,False
2026-02-12,0.36,0.362,0.358,0.358,1281730997,460802375,False
2026-02-13,0.357,0.359,0.352,0.353,1545455199,548710443,False
2026-02-24,0.355,0.357,0.351,0.353,1334832600,471849513,False
2026-02-25,0.353,0.357,0.352,0.356,1053521142,374026747,False
2026-02-26,0.356,0.356,0.351,0.352,1594634583,563488334,False
2026-02-27,0.352,0.356,0.351,0.354,1084281146,383924209,False
2026-03-02,0.351,0.353,0.344,0.348,2829413300,985582775,False
2026-03-03,0.348,0.349,0.337,0.339,2953732836,1010283973,False
2026-03-04,0.337,0.339,0.332,0.334,1999076770,669980981,False
2026-03-05,0.337,0.338,0.333,0.334,1522637521,511250361,False
2026-03-06,0.334,0.342,0.333,0.342,1798270500,610218547,False
2026-03-09,0.337,0.339,0.332,0.337,2271725138,761691010,False
2026-03-10,0.339,0.343,0.339,0.342,1484152280,506918620,False
2026-03-11,0.343,0.345,0.34,0.343,1139289542,390255240,False
2026-03-12,0.343,0.344,0.338,0.34,1721247116,586568408,False
2026-03-13,0.338,0.342,0.337,0.338,1354889300,459420842,False
2026-03-16,0.339,0.341,0.336,0.339,1298653500,439474183,False
2026-03-17,0.339,0.344,0.337,0.339,2049976114,697113529,False
2026-03-18,0.338,0.339,0.335,0.338,1451366385,489041016,False
2026-03-19,0.336,0.337,0.331,0.332,2351177516,784574256,False
2026-03-20,0.331,0.334,0.325,0.326,2149943392,707617264,False
2026-03-23,0.322,0.322,0.31,0.312,3819735800,1209477415,False
2026-03-24,0.315,0.32,0.314,0.319,2112449092,669580560,False
2026-03-25,0.322,0.325,0.321,0.324,1582096000,510771951,False
2026-03-26,0.323,0.326,0.317,0.319,1648628251,529928989,False
2026-03-27,0.316,0.328,0.315,0.327,2049886600,663182339,False
2026-03-30,0.324,0.33,0.324,0.33,1777740803,581397060,False
2026-03-31,0.33,0.337,0.329,0.33,1794268400,597803339,False
2026-04-01,0.334,0.342,0.332,0.341,2826482918,953181493,False
2026-04-02,0.341,0.342,0.337,0.339,1907156026,647152186,False
2026-04-03,0.336,0.337,0.33,0.33,1683754435,560047350,False
2026-04-07,0.331,0.336,0.328,0.332,1317676418,437879740,False
2026-04-08,0.335,0.34,0.333,0.339,1792777363,604095144,False
2026-04-09,0.337,0.34,0.335,0.336,1259236861,424066876,False
2026-04-10,0.336,0.342,0.335,0.339,1462681516,496026011,False
2026-04-13,0.337,0.338,0.334,0.335,1384445100,464444328,False
2026-04-14,0.336,0.338,0.331,0.337,2259316700,754822668,False
2026-04-15,0.339,0.341,0.335,0.337,1667934284,563022458,False
2026-04-16,0.336,0.338,0.333,0.337,1672658288,561363508,False
2026-04-17,0.336,0.337,0.33,0.331,2103119065,697860505,False
2026-04-20,0.33,0.337,0.33,0.334,1453099346,484491681,False
2026-04-21,0.334,0.336,0.331,0.332,1090177672,362825180,False
2026-04-22,0.331,0.336,0.33,0.336,1472597542,490830141,False
2026-04-23,0.336,0.338,0.332,0.335,1607412844,538365390,False
2026-04-24,0.333,0.338,0.332,0.335,1516279386,508233684,False
2026-04-27,0.334,0.335,0.331,0.332,1298118800,431894269,False
2026-04-28,0.335,0.343,0.335,0.34,2298157889,780528639,False
2026-04-29,0.339,0.341,0.337,0.338,1485173300,502427300,False
2026-04-30,0.337,0.339,0.334,0.336,1481271200,497994461,False
2026-05-06,0.336,0.337,0.334,0.335,2375035947,796572578,False
2026-05-07,0.336,0.338,0.335,0.338,1304808826,439495056,False
2026-05-08,0.337,0.34,0.336,0.337,1089496567,367810044,False
2026-05-11,0.336,0.341,0.333,0.34,2412715264,812490389,False
2026-05-12,0.34,0.341,0.336,0.337,1974669938,668043435,False
2026-05-13,0.337,0.338,0.333,0.336,1691936901,566482511,False
2026-05-14,0.336,0.339,0.328,0.329,2652435833,881757655,False
2026-05-15,0.328,0.332,0.325,0.327,1629156185,535729075,False
2026-05-18,0.326,0.327,0.32,0.322,1569713500,507314712,False
2026-05-19,0.322,0.327,0.321,0.325,1381885000,447463214,False
2026-05-20,0.323,0.324,0.318,0.321,1459269000,467746229,False
2026-05-21,0.321,0.334,0.321,0.324,3341077137,1098719254,False
2026-05-22,0.325,0.326,0.319,0.321,1968661584,632634644,False
2026-05-25,0.32,0.324,0.318,0.322,1436615400,460851091,False
2026-05-26,0.321,0.322,0.316,0.32,1885584837,600586215,False
2026-05-27,0.318,0.32,0.313,0.317,1804197544,571166788,False
2026-05-28,0.316,0.317,0.311,0.313,1792971530,561963164,False
2026-05-29,0.314,0.318,0.312,0.315,1830754546,576228914,False
2026-06-01,0.313,0.316,0.31,0.313,1682360000,525640631,False
2026-06-02,0.312,0.313,0.306,0.309,2837975279,877423038,False
2026-06-03,0.308,0.309,0.303,0.305,1805859201,552166798,False
2026-06-04,0.303,0.305,0.298,0.301,1931384061,581055475,False
2026-06-05,0.302,0.305,0.299,0.3,1599323605,482101308,False
2026-06-08,0.297,0.299,0.289,0.293,2704429030,794341202,False
2026-06-09,0.292,0.293,0.288,0.292,1864778719,540902577,False
2026-06-10,0.29,0.293,0.288,0.291,1785225253,518380040,False
2026-06-11,0.291,0.294,0.289,0.293,1689487738,492289075,False
