date,open,high,low,close,volume,amount,suspended
2017-09-25,0.982,0.982,0.95,0.95,76124600,73084573,False
2017-09-26,0.953,0.962,0.95,0.956,20895900,19954482,False
2017-09-27,0.956,0.966,0.956,0.963,8733500,8383671,False
2017-09-28,0.955,0.962,0.945,0.946,6940100,6628677,False
2017-09-29,0.946,0.956,0.946,0.949,8949200,8517971,False
2017-10-09,0.962,0.999,0.959,0.96,6424400,6209225,False
2017-10-10,0.959,0.961,0.953,0.961,3839600,3672421,False
2017-10-11,0.961,0.964,0.957,0.958,5830700,5596136,False
2017-10-12,0.956,0.959,0.95,0.954,3134700,2993642,False
2017-10-13,0.957,0.958,0.953,0.954,2570600,2454426,False
2017-10-16,0.955,0.955,0.941,0.941,4705600,4467398,False
2017-10-17,0.942,0.947,0.939,0.942,5663900,5333858,False
2017-10-18,0.942,0.946,0.941,0.943,1795900,1693020,False
2017-10-19,0.941,0.941,0.931,0.933,3076100,2874741,False
2017-10-20,0.934,0.944,0.933,0.944,13962700,13129505,False
2017-10-23,0.943,0.947,0.943,0.945,2839600,2684146,False
2017-10-24,0.946,0.96,0.943,0.956,3609100,3435755,False
2017-10-25,0.956,0.968,0.956,0.961,5109800,4919077,False
2017-10-26,0.958,0.962,0.955,0.96,3212400,3080489,False
2017-10-27,0.96,0.967,0.953,0.954,5818300,5587766,False
2017-10-30,0.954,0.958,0.943,0.954,4073500,3864885,False
2017-10-31,0.95,0.958,0.948,0.957,5978400,5689487,False
2017-11-01,0.955,0.971,0.955,0.957,4422400,4261440,False
2017-11-02,0.954,0.955,0.949,0.952,2363400,2249592,False
2017-11-03,0.951,0.951,0.935,0.942,4231600,3995161,False
2017-11-06,0.94,0.94,0.928,0.933,2091900,1948081,False
2017-11-07,0.93,0.94,0.93,0.94,3609100,3373859,False
2017-11-08,0.938,0.947,0.938,0.941,9678500,9111216,False
2017-11-09,0.94,0.946,0.94,0.945,2200600,2071385,False
2017-11-10,0.941,0.945,0.939,0.94,2046200,1924219,False
2017-11-13,0.941,0.943,0.937,0.94,3929800,3694276,False
2017-11-14,0.936,0.948,0.935,0.945,17555300,16525431,False
2017-11-15,0.941,0.95,0.94,0.948,5844600,5514737,False
2017-11-16,0.944,0.959,0.944,0.955,4214700,4023431,False
2017-11-17,0.955,0.961,0.947,0.948,3478000,3324014,False
2017-11-20,0.951,0.951,0.932,0.945,2974900,2782898,False
2017-11-21,0.934,0.973,0.934,0.97,6095500,5883297,False
2017-11-22,0.975,0.983,0.97,0.977,5102300,4991910,False
2017-11-23,0.978,0.98,0.956,0.956,5623800,5479521,False
2017-11-24,0.96,0.967,0.95,0.965,2651000,2542450,False
2017-11-27,0.965,0.973,0.955,0.958,4631500,4470867,False
2017-11-28,0.953,0.956,0.946,0.955,2474700,2357453,False
2017-11-29,0.955,0.993,0.953,0.991,6008400,5851209,False
2017-11-30,0.99,0.99,0.962,0.963,2272100,2219869,False
2017-12-01,0.96,0.981,0.959,0.967,3226300,3127056,False
2017-12-04,0.965,0.967,0.957,0.964,10422400,10018000,False
2017-12-05,0.957,0.964,0.957,0.958,1494500,1435031,False
2017-12-06,0.955,0.959,0.946,0.953,3957200,3785568,False
2017-12-07,0.956,0.978,0.953,0.953,3107900,2988635,False
2017-12-08,0.95,0.958,0.945,0.955,3869000,3683638,False
2017-12-11,0.954,0.959,0.952,0.959,616700,589520,False
2017-12-12,0.96,0.968,0.955,0.955,1313100,1261054,False
2017-12-13,0.956,0.958,0.951,0.957,333900,318767,False
2017-12-14,0.956,0.959,0.954,0.955,1081100,1035623,False
2017-12-15,0.951,0.952,0.943,0.944,1152800,1092437,False
2017-12-18,0.95,0.95,0.85,0.934,1857300,1725287,False
2017-12-19,0.936,0.946,0.936,0.946,1503500,1413952,False
2017-12-20,0.946,0.946,0.931,0.934,1576500,1472602,False
2017-12-21,0.936,0.954,0.934,0.948,586400,553750,False
2017-12-22,0.948,0.95,0.945,0.945,263800,250259,False
2017-12-25,0.957,0.969,0.95,0.953,1625500,1561057,False
2017-12-26,0.953,0.959,0.953,0.959,2025600,1938379,False
2017-12-27,0.958,0.965,0.952,0.954,2465100,2364887,False
2017-12-28,0.95,0.957,0.95,0.953,85400,81592,False
2017-12-29,0.953,0.97,0.953,0.967,3821400,3683883,False
2018-01-02,0.972,1.001,0.972,0.994,8787900,8747553,False
2018-01-03,0.994,1.008,0.99,1.004,10867500,10907648,False
2018-01-04,1.003,1.008,0.996,1.006,8229700,8265106,False
2018-01-05,1.009,1.065,0.997,1.042,21453800,22138462,False
2018-01-08,1.1,1.1,1.05,1.067,18934700,20257591,False
2018-01-09,1.062,1.08,1.056,1.069,10749200,11505710,False
2018-01-10,1.07,1.085,1.06,1.068,4286500,4599348,False
2018-01-11,1.065,1.069,1.052,1.064,6694000,7097340,False
2018-01-12,1.066,1.092,1.066,1.079,8837500,9555245,False
2018-01-15,1.078,1.09,1.065,1.072,8615100,9311090,False
2018-01-16,1.065,1.147,1.065,1.135,23812900,26346665,False
2018-01-17,1.133,1.14,1.09,1.121,19399800,21784686,False
2018-01-18,1.124,1.124,1.104,1.112,11121800,12398743,False
2018-01-19,1.11,1.134,1.095,1.114,15165300,16993901,False
2018-01-22,1.109,1.114,1.097,1.11,7488000,8287441,False
2018-01-23,1.112,1.147,1.11,1.143,18459600,20836294,False
2018-01-24,1.14,1.152,1.125,1.129,12078900,13765202,False
2018-01-25,1.125,1.125,1.098,1.115,7151200,7958386,False
2018-01-26,1.11,1.138,1.109,1.128,13335000,15020919,False
2018-01-29,1.128,1.144,1.11,1.119,9356200,10566061,False
2018-01-30,1.115,1.118,1.091,1.092,3554000,3922067,False
2018-01-31,1.096,1.116,1.082,1.107,6688100,7366438,False
2018-02-01,1.107,1.112,1.078,1.083,9713200,10646179,False
2018-02-02,1.084,1.084,1.008,1.081,7141200,7651178,False
2018-02-05,1.058,1.086,1.058,1.085,4909800,5302172,False
2018-02-06,1.065,1.066,1.025,1.03,7000100,7335947,False
2018-02-07,1.056,1.056,0.973,0.983,6616000,6696677,False
2018-02-08,0.984,0.994,0.946,0.979,3260400,3194960,False
2018-02-09,0.934,0.958,0.91,0.921,4757100,4412759,False
2018-02-12,0.932,0.952,0.924,0.943,5175300,4847254,False
2018-02-13,0.943,0.982,0.943,0.966,3644400,3537835,False
2018-02-14,0.96,0.973,0.953,0.972,2864700,2761416,False
2018-02-22,0.977,0.99,0.977,0.985,1536600,1513631,False
2018-02-23,0.985,1.009,0.984,0.998,6036600,6015132,False
2018-02-26,0.995,1.004,0.967,0.995,4023400,3957317,False
2018-02-27,0.986,0.986,0.972,0.972,3467200,3392916,False
2018-02-28,0.97,0.991,0.957,0.988,8228100,8054649,False
2018-03-01,0.977,0.988,0.962,0.976,9813800,9630972,False
2018-03-02,0.961,0.986,0.961,0.976,7592100,7407974,False
2018-03-05,0.98,0.99,0.976,0.977,5797400,5706900,False
2018-03-06,0.984,1.008,0.968,1.007,11628200,11489606,False
2018-03-07,1.007,1.01,0.993,0.997,3475100,3481034,False
2018-03-08,0.995,1.009,0.988,1.009,2759000,2755025,False
2018-03-09,1.009,1.009,0.999,1.004,3501300,3514872,False
2018-03-12,1.002,1.003,0.981,0.989,3948300,3913116,False
2018-03-13,0.986,0.995,0.984,0.988,3492900,3457130,False
2018-03-14,0.983,0.997,0.979,0.99,6453100,6368302,False
2018-03-15,0.986,0.994,0.978,0.982,2194600,2158248,False
2018-03-16,0.981,0.996,0.981,0.987,4491100,4435519,False
2018-03-19,0.986,0.986,0.969,0.972,2567800,2497282,False
2018-03-20,0.972,0.972,0.958,0.966,6464800,6226896,False
2018-03-21,0.966,0.984,0.963,0.971,6281700,6129317,False
2018-03-22,0.964,0.972,0.957,0.961,785200,755458,False
2018-03-23,0.945,0.956,0.909,0.927,2311500,2147348,False
2018-03-26,0.927,0.927,0.908,0.922,915000,836006,False
2018-03-27,0.94,0.943,0.93,0.936,3341900,3128657,False
2018-03-28,0.922,0.945,0.922,0.935,2752000,2574347,False
2018-03-29,0.94,0.988,0.925,0.971,4957800,4751471,False
2018-03-30,0.971,0.971,0.955,0.961,2799900,2693957,False
2018-04-02,0.962,0.978,0.958,0.961,6476700,6270344,False
2018-04-03,0.948,0.96,0.944,0.954,6268200,5966181,False
2018-04-04,0.95,0.961,0.946,0.947,3208900,3067271,False
2018-04-09,0.947,0.948,0.933,0.939,1920100,1804443,False
2018-04-10,0.94,0.96,0.94,0.96,3019900,2870826,False
2018-04-11,0.96,0.978,0.956,0.971,4732500,4567135,False
2018-04-12,0.963,0.979,0.955,0.959,1555300,1497121,False
2018-04-13,0.961,0.969,0.948,0.95,634800,609511,False
2018-04-16,0.947,0.949,0.923,0.928,1763900,1642435,False
2018-04-17,0.929,0.929,0.912,0.916,1880500,1728500,False
2018-04-18,0.922,0.928,0.909,0.921,2322700,2132614,False
2018-04-19,0.923,0.927,0.903,0.922,678100,625059,False
2018-04-20,0.921,0.921,0.906,0.906,1352900,1233348,False
2018-04-23,0.909,0.912,0.9,0.907,1537900,1394777,False
2018-04-24,0.907,0.934,0.907,0.929,3190100,2967360,False
2018-04-25,0.928,0.928,0.919,0.92,1304800,1201756,False
2018-04-26,0.925,0.925,0.903,0.903,2502600,2285607,False
2018-04-27,0.91,0.91,0.889,0.9,3484100,3121426,False
2018-05-02,0.901,0.905,0.897,0.901,1194900,1077348,False
2018-05-03,0.9,0.906,0.892,0.903,856100,768165,False
2018-05-04,0.905,0.911,0.903,0.904,2111500,1915611,False
2018-05-07,0.91,0.916,0.902,0.914,2579700,2350249,False
2018-05-08,0.914,0.934,0.914,0.928,2931400,2715011,False
2018-05-09,0.928,0.93,0.921,0.924,1368700,1269551,False
2018-05-10,0.929,0.93,0.92,0.93,420800,389685,False
2018-05-11,0.928,0.93,0.922,0.922,1499100,1389784,False
2018-05-14,0.928,0.928,0.915,0.917,1168000,1074207,False
2018-05-15,0.92,0.921,0.915,0.921,237800,218376,False
2018-05-16,0.921,0.922,0.912,0.915,477500,437325,False
2018-05-17,0.915,0.921,0.911,0.911,1853800,1699235,False
2018-05-18,0.911,0.917,0.906,0.916,607400,553734,False
2018-05-21,0.917,0.92,0.915,0.916,558600,512828,False
2018-05-22,0.914,0.914,0.903,0.907,1062200,962048,False
2018-05-23,0.906,0.906,0.896,0.897,712300,640716,False
2018-05-24,0.895,0.898,0.891,0.894,757300,677530,False
2018-05-25,0.895,0.895,0.887,0.888,1416700,1264167,False
2018-05-28,0.888,0.89,0.881,0.883,515100,455434,False
2018-05-29,0.885,0.89,0.862,0.87,2014100,1751580,False
2018-05-30,0.863,0.863,0.847,0.848,1467300,1252561,False
2018-05-31,0.851,0.865,0.842,0.86,3206900,2722230,False
2018-06-01,0.861,0.868,0.852,0.858,2664000,2293009,False
2018-06-04,0.862,0.874,0.858,0.871,3155900,2737692,False
2018-06-05,0.875,0.878,0.866,0.876,1434500,1250835,False
2018-06-06,0.875,0.878,0.87,0.872,1427800,1243687,False
2018-06-07,0.873,0.882,0.873,0.878,1669600,1464461,False
2018-06-08,0.872,0.873,0.86,0.866,761300,658049,False
2018-06-11,0.861,0.879,0.861,0.874,4594700,4004563,False
2018-06-12,0.875,0.883,0.868,0.877,1497600,1311859,False
2018-06-13,0.876,0.887,0.873,0.873,3960700,3489443,False
2018-06-14,0.873,0.879,0.865,0.87,684100,595665,False
2018-06-15,0.868,0.889,0.868,0.876,3326600,2929937,False
2018-06-19,0.871,0.871,0.823,0.832,1582400,1336047,False
2018-06-20,0.838,0.845,0.828,0.844,1520800,1270979,False
2018-06-21,0.845,0.862,0.84,0.847,2199000,1874733,False
2018-06-22,0.847,0.851,0.836,0.849,1560700,1319633,False
2018-06-25,0.86,0.86,0.826,0.827,807400,676512,False
2018-06-26,0.825,0.825,0.785,0.805,2006600,1607720,False
2018-06-27,0.805,0.805,0.776,0.783,1759800,1378763,False
2018-06-28,0.782,0.787,0.772,0.772,354200,276341,False
2018-06-29,0.778,0.793,0.772,0.793,1076400,845564,False
2018-07-02,0.793,0.793,0.755,0.761,1950100,1508293,False
2018-07-03,0.762,0.766,0.748,0.765,1216400,923263,False
2018-07-04,0.761,0.764,0.751,0.752,760700,574732,False
2018-07-05,0.755,0.755,0.738,0.739,811400,604179,False
2018-07-06,0.739,0.743,0.721,0.741,1091400,799268,False
2018-07-09,0.741,0.755,0.741,0.755,1427200,1072148,False
2018-07-10,0.751,0.769,0.751,0.763,6027100,4576386,False
2018-07-11,0.752,0.752,0.739,0.746,691300,515918,False
2018-07-12,0.747,0.763,0.747,0.76,448200,340340,False
2018-07-13,0.76,0.782,0.76,0.764,2792400,2150209,False
2018-07-16,0.76,0.762,0.748,0.754,801300,604794,False
2018-07-17,0.748,0.754,0.745,0.751,748300,560967,False
2018-07-18,0.751,0.752,0.744,0.744,601200,450212,False
2018-07-19,0.745,0.747,0.739,0.74,555700,413973,False
2018-07-20,0.74,0.755,0.732,0.751,915800,681644,False
2018-07-23,0.75,0.769,0.745,0.765,941200,716499,False
2018-07-24,0.77,0.795,0.77,0.785,2755700,2166637,False
2018-07-25,0.785,0.789,0.779,0.786,1524600,1195021,False
2018-07-26,0.786,0.794,0.78,0.783,3742200,2950211,False
2018-07-27,0.778,0.787,0.774,0.782,3026000,2357102,False
2018-07-30,0.785,0.785,0.77,0.775,3421400,2669969,False
2018-07-31,0.779,0.785,0.775,0.784,2006400,1565230,False
2018-08-01,0.78,0.78,0.757,0.757,1723600,1323527,False
2018-08-02,0.75,0.751,0.72,0.734,2320100,1702807,False
2018-08-03,0.738,0.739,0.726,0.727,970100,709321,False
2018-08-06,0.727,0.727,0.708,0.711,1424800,1021230,False
2018-08-07,0.709,0.735,0.709,0.732,1895000,1377049,False
2018-08-08,0.732,0.738,0.724,0.724,2546800,1868999,False
2018-08-09,0.724,0.744,0.724,0.741,1258700,920674,False
2018-08-10,0.741,0.765,0.741,0.756,1159300,876521,False
2018-08-13,0.75,0.75,0.736,0.75,1045700,775665,False
2018-08-14,0.741,0.744,0.736,0.736,1132800,838569,False
2018-08-15,0.736,0.736,0.73,0.732,1282500,941022,False
2018-08-16,0.73,0.737,0.721,0.731,277200,202141,False
2018-08-17,0.736,0.738,0.725,0.725,206000,150512,False
2018-08-20,0.731,0.731,0.721,0.728,211800,153410,False
2018-08-21,0.733,0.743,0.73,0.735,355100,262514,False
2018-08-22,0.735,0.742,0.735,0.735,141100,103819,False
2018-08-23,0.736,0.74,0.729,0.738,128400,94319,False
2018-08-24,0.732,0.739,0.73,0.735,406600,299495,False
2018-08-27,0.739,0.755,0.739,0.752,457900,341272,False
2018-08-28,0.752,0.757,0.752,0.757,487000,367409,False
2018-08-29,0.755,0.76,0.754,0.756,284800,216077,False
2018-08-30,0.759,0.759,0.75,0.75,397400,300175,False
2018-08-31,0.746,0.76,0.744,0.753,1205000,908999,False
2018-09-03,0.745,0.756,0.745,0.749,1563000,1175708,False
2018-09-04,0.749,0.762,0.749,0.761,1075100,811254,False
2018-09-05,0.762,0.762,0.745,0.745,738800,552550,False
2018-09-06,0.745,0.749,0.733,0.737,3396500,2519936,False
2018-09-07,0.739,0.746,0.733,0.741,3396900,2508420,False
2018-09-10,0.742,0.747,0.736,0.736,1723000,1277430,False
2018-09-11,0.736,0.74,0.729,0.732,585100,431388,False
2018-09-12,0.732,0.734,0.727,0.729,867900,634180,False
2018-09-13,0.739,0.739,0.728,0.736,161000,118487,False
2018-09-14,0.745,0.745,0.73,0.737,767100,563419,False
2018-09-17,0.732,0.733,0.724,0.728,43100,31323,False
2018-09-18,0.726,0.737,0.723,0.734,342800,250144,False
2018-09-19,0.734,0.766,0.734,0.762,5198300,3920835,False
2018-09-20,0.75,0.768,0.75,0.759,2007700,1525405,False
2018-09-21,0.762,0.784,0.758,0.781,1737600,1349941,False
2018-09-25,0.775,0.775,0.752,0.758,1156400,877326,False
2018-09-26,0.758,0.764,0.75,0.758,1636700,1236526,False
2018-09-27,0.751,0.756,0.748,0.749,798400,600617,False
2018-09-28,0.749,0.756,0.747,0.752,1827900,1375286,False
2018-10-08,0.752,0.752,0.717,0.719,2666700,1928401,False
2018-10-09,0.719,0.719,0.708,0.712,861500,611969,False
2018-10-10,0.712,0.716,0.705,0.709,965100,685569,False
2018-10-11,0.68,0.694,0.66,0.667,1199700,812003,False
2018-10-12,0.665,0.67,0.647,0.67,2042300,1355585,False
2018-10-15,0.669,0.671,0.656,0.658,531100,354272,False
2018-10-16,0.659,0.664,0.638,0.64,157400,101910,False
2018-10-17,0.65,0.65,0.64,0.648,736100,475707,False
2018-10-18,0.641,0.642,0.633,0.633,383200,244424,False
2018-10-19,0.631,0.654,0.602,0.654,310900,199999,False
2018-10-22,0.656,0.689,0.656,0.679,1269300,864809,False
2018-10-23,0.679,0.686,0.668,0.672,140700,95146,False
2018-10-24,0.676,0.686,0.671,0.674,108000,73193,False
2018-10-25,0.67,0.692,0.657,0.689,1060600,723904,False
2018-10-26,0.686,0.75,0.686,0.726,2175800,1559173,False
2018-10-29,0.715,0.715,0.684,0.69,2067200,1434798,False
2018-10-30,0.69,0.711,0.686,0.71,2005200,1401648,False
2018-10-31,0.709,0.717,0.697,0.714,1605900,1131156,False
2018-11-01,0.722,0.731,0.717,0.719,955300,691738,False
2018-11-02,0.734,0.734,0.71,0.728,1294900,934203,False
2018-11-05,0.711,0.721,0.711,0.721,504600,361592,False
2018-11-06,0.721,0.73,0.717,0.728,2710700,1959590,False
2018-11-07,0.726,0.732,0.72,0.722,1965200,1423249,False
2018-11-08,0.721,0.731,0.721,0.722,1471500,1070649,False
2018-11-09,0.722,0.725,0.716,0.72,577700,416518,False
2018-11-12,0.721,0.734,0.718,0.733,1180100,857717,False
2018-11-13,0.725,0.75,0.725,0.749,4064400,2977624,False
2018-11-14,0.749,0.758,0.745,0.747,2075800,1554095,False
2018-11-15,0.74,0.756,0.74,0.755,467200,350749,False
2018-11-16,0.755,0.777,0.752,0.773,735000,562324,False
2018-11-19,0.78,0.8,0.778,0.799,5047900,4000617,False
2018-11-20,0.799,0.799,0.773,0.773,3500900,2764320,False
2018-11-21,0.756,0.799,0.756,0.791,3744100,2924623,False
2018-11-22,0.791,0.791,0.771,0.779,728500,566195,False
2018-11-23,0.779,0.779,0.745,0.751,1108300,838657,False
2018-11-26,0.751,0.761,0.747,0.748,993500,746956,False
2018-11-27,0.749,0.755,0.742,0.746,2456500,1844627,False
2018-11-28,0.747,0.762,0.746,0.762,4953200,3722324,False
2018-11-29,0.768,0.769,0.741,0.744,1852700,1408990,False
2018-11-30,0.74,0.749,0.73,0.749,1424000,1056086,False
2018-12-03,0.749,0.764,0.741,0.754,913600,689141,False
2018-12-04,0.751,0.771,0.745,0.753,5581800,4189201,False
2018-12-05,0.742,0.753,0.74,0.745,1728300,1288928,False
2018-12-06,0.742,0.743,0.735,0.735,1071300,791349,False
2018-12-07,0.738,0.746,0.738,0.739,1311400,974751,False
2018-12-10,0.739,0.74,0.73,0.73,1216100,895880,False
2018-12-11,0.732,0.751,0.732,0.751,2333400,1731234,False
2018-12-12,0.753,0.758,0.749,0.75,7500600,5638161,False
2018-12-13,0.751,0.771,0.751,0.769,4598300,3494530,False
2018-12-14,0.769,0.769,0.747,0.747,1891200,1430373,False
2018-12-17,0.745,0.78,0.739,0.749,465700,347131,False
2018-12-18,0.746,0.746,0.726,0.733,402600,295495,False
2018-12-19,0.74,0.742,0.728,0.731,1512600,1116069,False
2018-12-20,0.731,0.747,0.727,0.731,5623300,4102181,False
2018-12-21,0.724,0.724,0.708,0.716,4502600,3193371,False
2018-12-24,0.716,0.716,0.706,0.712,1358400,961773,False
2018-12-25,0.711,0.711,0.696,0.708,617000,432368,False
2018-12-26,0.707,0.71,0.702,0.71,315500,222665,False
2018-12-27,0.72,0.72,0.704,0.705,1374800,982855,False
2018-12-28,0.705,0.71,0.701,0.706,1119400,786890,False
2019-01-02,0.706,0.706,0.698,0.701,227000,159445,False
2019-01-03,0.701,0.71,0.7,0.702,61700,43329,False
2019-01-04,0.698,0.72,0.697,0.72,351200,248367,False
2019-01-07,0.729,0.771,0.725,0.733,1668100,1221260,False
2019-01-08,0.727,0.727,0.719,0.722,1512500,1092013,False
2019-01-09,0.722,0.737,0.722,0.727,1866100,1366935,False
2019-01-10,0.727,0.728,0.72,0.722,1613000,1169424,False
2019-01-11,0.722,0.727,0.72,0.727,1457300,1055550,False
2019-01-14,0.728,0.728,0.718,0.719,1329300,962337,False
2019-01-15,0.717,0.727,0.709,0.727,839400,604490,False
2019-01-16,0.727,0.739,0.723,0.734,2030800,1478199,False
2019-01-17,0.73,0.732,0.724,0.727,659200,480745,False
2019-01-18,0.727,0.734,0.725,0.733,2611200,1905404,False
2019-01-21,0.733,0.737,0.726,0.732,5134500,3767698,False
2019-01-22,0.731,0.741,0.726,0.728,2158900,1585378,False
2019-01-23,0.727,0.727,0.722,0.726,1131100,819877,False
2019-01-24,0.724,0.728,0.721,0.728,451500,326738,False
2019-01-25,0.729,0.739,0.728,0.732,12456900,9153560,False
2019-01-28,0.732,0.747,0.727,0.74,3225400,2369910,False
2019-01-29,0.73,0.739,0.719,0.734,3265100,2381805,False
2019-01-30,0.732,0.759,0.732,0.737,6086200,4549964,False
2019-01-31,0.737,0.746,0.737,0.741,2703900,2000395,False
2019-02-01,0.743,0.746,0.734,0.746,1677700,1241439,False
2019-02-11,0.745,0.759,0.74,0.759,1441900,1080126,False
2019-02-12,0.758,0.761,0.75,0.761,1552300,1177051,False
2019-02-13,0.761,0.776,0.758,0.775,3085500,2362992,False
2019-02-14,0.771,0.778,0.77,0.776,3112200,2411746,False
2019-02-15,0.776,0.776,0.76,0.76,1698400,1302650,False
2019-02-18,0.76,0.785,0.76,0.78,3994200,3081461,False
2019-02-19,0.78,0.791,0.778,0.787,2320800,1826069,False
2019-02-20,0.78,0.798,0.772,0.793,1278300,1007837,False
2019-02-21,0.79,0.797,0.78,0.78,2174000,1721283,False
2019-02-22,0.78,0.795,0.777,0.795,874200,685711,False
2019-02-25,0.795,0.853,0.795,0.853,4077900,3335914,False
2019-02-26,0.856,0.858,0.832,0.838,6380300,5382551,False
2019-02-27,0.836,0.856,0.833,0.841,4693100,3962022,False
2019-02-28,0.841,0.858,0.839,0.842,4969800,4233457,False
2019-03-01,0.842,0.845,0.828,0.843,4247300,3559497,False
2019-03-04,0.844,0.889,0.844,0.878,7944600,6894031,False
2019-03-05,0.878,0.899,0.86,0.895,12906600,11394772,False
2019-03-06,0.895,0.899,0.884,0.899,5658500,5041503,False
2019-03-07,0.885,0.902,0.88,0.891,5062900,4501581,False
2019-03-08,0.88,0.887,0.84,0.85,2788400,2421212,False
2019-03-11,0.85,0.865,0.835,0.864,3978200,3369187,False
2019-03-12,0.861,0.888,0.861,0.874,2325800,2042903,False
2019-03-13,0.874,0.907,0.871,0.899,3774800,3381470,False
2019-03-14,0.918,0.919,0.868,0.883,4233300,3762239,False
2019-03-15,0.88,0.919,0.86,0.911,3099500,2803910,False
2019-03-18,0.92,0.933,0.895,0.932,2912800,2657726,False
2019-03-19,0.932,0.951,0.926,0.933,5181800,4866902,False
2019-03-20,0.933,0.944,0.91,0.943,4181900,3902434,False
2019-03-21,0.952,0.965,0.935,0.941,5875900,5564722,False
2019-03-22,0.941,0.946,0.927,0.942,2960900,2765814,False
2019-03-25,0.933,0.942,0.92,0.928,4847100,4542564,False
2019-03-26,0.928,0.931,0.904,0.917,2223800,2033931,False
2019-03-27,0.917,0.93,0.901,0.919,1769800,1611078,False
2019-03-28,0.915,0.917,0.882,0.899,1856200,1674588,False
2019-03-29,0.893,0.95,0.893,0.94,3571000,3303116,False
2019-04-01,0.96,0.988,0.96,0.982,8429200,8255571,False
2019-04-02,0.991,0.991,0.971,0.99,4690100,4598500,False
2019-04-03,0.988,1.089,0.969,0.998,7013800,6992246,False
2019-04-04,1.02,1.02,0.987,0.999,10158300,10156944,False
2019-04-08,1.001,1.011,0.975,0.987,9245700,9206174,False
2019-04-09,0.993,1.021,0.993,1.015,10635500,10731012,False
2019-04-10,1.02,1.02,1.0,1.01,7472700,7535240,False
2019-04-11,1.012,1.014,0.985,0.989,11649900,11614048,False
2019-04-12,0.989,0.996,0.975,0.993,3550200,3497886,False
2019-04-15,1.012,1.02,0.977,0.977,3600600,3590762,False
2019-04-16,0.977,0.992,0.95,0.992,3424100,3317517,False
2019-04-17,0.993,0.993,0.977,0.982,2945600,2896847,False
2019-04-18,0.974,0.981,0.968,0.978,6487000,6312502,False
2019-04-19,0.967,0.98,0.963,0.978,4266900,4148141,False
2019-04-22,0.97,0.97,0.94,0.948,5381000,5123560,False
2019-04-23,0.944,0.955,0.939,0.948,1792000,1695081,False
2019-04-24,0.949,0.949,0.931,0.944,2586400,2430816,False
2019-04-25,0.942,0.945,0.917,0.921,2672600,2480827,False
2019-04-26,0.917,0.922,0.905,0.905,2616600,2386381,False
2019-04-29,0.906,0.913,0.896,0.898,2199400,1987897,False
2019-04-30,0.898,0.91,0.895,0.906,2228600,2015194,False
2019-05-06,0.89,0.89,0.836,0.847,3984100,3416411,False
2019-05-07,0.867,0.867,0.847,0.855,2581900,2208828,False
2019-05-08,0.845,0.867,0.844,0.858,1012500,865090,False
2019-05-09,0.85,0.857,0.836,0.837,990800,836127,False
2019-05-10,0.85,0.869,0.831,0.867,2638900,2254575,False
2019-05-13,0.867,0.867,0.854,0.865,541900,466308,False
2019-05-14,0.848,0.866,0.848,0.861,2318400,1989271,False
2019-05-15,0.865,0.875,0.863,0.874,3232500,2806988,False
2019-05-16,0.864,0.879,0.864,0.878,398100,347174,False
2019-05-17,0.878,0.88,0.85,0.853,769400,664785,False
2019-05-20,0.853,0.853,0.834,0.842,940700,790790,False
2019-05-21,0.842,0.861,0.842,0.853,963100,822957,False
2019-05-22,0.855,0.855,0.847,0.851,114100,97170,False
2019-05-23,0.844,0.854,0.836,0.844,3995900,3356738,False
2019-05-24,0.844,0.844,0.834,0.838,803300,673592,False
2019-05-27,0.835,0.853,0.833,0.847,2854200,2391716,False
2019-05-28,0.854,0.863,0.85,0.857,2082600,1782420,False
2019-05-29,0.857,0.859,0.851,0.854,547300,467810,False
2019-05-30,0.848,0.848,0.841,0.848,520900,440249,False
2019-05-31,0.85,0.854,0.846,0.85,375800,319034,False
2019-06-03,0.849,0.855,0.838,0.849,321100,271859,False
2019-06-04,0.85,0.85,0.831,0.834,1346000,1122384,False
2019-06-05,0.844,0.853,0.835,0.845,2166900,1833450,False
2019-06-06,0.845,0.845,0.83,0.837,431200,360212,False
2019-06-10,0.843,0.85,0.838,0.845,1156900,979692,False
2019-06-11,0.845,0.888,0.845,0.875,5350000,4601785,False
2019-06-12,0.867,0.867,0.858,0.86,2676600,2304480,False
2019-06-13,0.856,0.86,0.85,0.858,1327600,1137815,False
2019-06-14,0.858,0.865,0.852,0.855,1011700,870092,False
2019-06-17,0.844,0.861,0.844,0.861,462100,394517,False
2019-06-18,0.854,0.854,0.844,0.848,1980300,1679140,False
2019-06-19,0.854,0.869,0.85,0.854,3488300,2995908,False
2019-06-20,0.854,0.872,0.853,0.869,2374600,2042710,False
2019-06-21,0.866,0.878,0.866,0.875,1785500,1560375,False
2019-06-24,0.875,0.875,0.864,0.872,974100,847337,False
2019-06-25,0.872,0.872,0.856,0.867,947800,816011,False
2019-06-26,0.857,0.868,0.857,0.865,1836400,1588531,False
2019-06-27,0.865,0.872,0.861,0.865,3635600,3151999,False
2019-06-28,0.865,0.866,0.858,0.865,1320600,1140183,False
2019-07-01,0.874,0.886,0.87,0.886,1397600,1224149,False
2019-07-02,0.88,0.886,0.875,0.885,917500,807005,False
2019-07-03,0.885,0.899,0.88,0.896,5113500,4562755,False
2019-07-04,0.882,0.91,0.882,0.899,53151900,47820524,False
2019-07-05,0.898,0.898,0.88,0.885,5486100,4853054,False
2019-07-08,0.885,0.885,0.856,0.864,3824800,3323579,False
2019-07-09,0.866,0.873,0.861,0.864,3459400,3000678,False
2019-07-10,0.865,0.865,0.855,0.859,576700,495540,False
2019-07-11,0.863,0.866,0.852,0.857,3163100,2714222,False
2019-07-12,0.857,0.866,0.852,0.864,2790200,2402351,False
2019-07-15,0.869,0.869,0.835,0.865,2433300,2093947,False
2019-07-16,0.864,0.875,0.86,0.873,3617700,3144903,False
2019-07-17,0.874,0.88,0.87,0.878,2251900,1973275,False
2019-07-18,0.875,0.875,0.866,0.866,1612100,1402631,False
2019-07-19,0.867,0.893,0.867,0.89,6202300,5494329,False
2019-07-22,0.89,0.896,0.88,0.887,3603400,3204761,False
2019-07-23,0.884,0.885,0.869,0.873,3240500,2841732,False
2019-07-24,0.875,0.879,0.872,0.875,1756900,1539137,False
2019-07-25,0.871,0.875,0.868,0.875,1401200,1220348,False
2019-07-26,0.873,0.878,0.87,0.876,1769700,1544477,False
2019-07-29,0.875,0.877,0.87,0.871,560800,489125,False
2019-07-30,0.871,0.88,0.871,0.879,2519300,2210076,False
2019-07-31,0.874,0.877,0.854,0.857,5733300,4929849,False
2019-08-01,0.856,0.856,0.839,0.84,2282300,1926651,False
2019-08-02,0.826,0.829,0.82,0.828,1561100,1285326,False
2019-08-05,0.825,0.825,0.808,0.81,1549200,1261874,False
2019-08-06,0.805,0.805,0.784,0.798,2529500,2011372,False
2019-08-07,0.798,0.806,0.798,0.802,2049900,1646460,False
2019-08-08,0.807,0.807,0.8,0.802,721500,578168,False
2019-08-09,0.804,0.804,0.789,0.794,3019800,2398318,False
2019-08-12,0.794,0.802,0.791,0.801,760500,606815,False
2019-08-13,0.802,0.802,0.793,0.795,583200,463229,False
2019-08-14,0.797,0.802,0.794,0.795,886300,708084,False
2019-08-15,0.791,0.8,0.783,0.798,1801700,1428791,False
2019-08-16,0.798,0.805,0.798,0.799,1067100,855463,False
2019-08-19,0.805,0.825,0.805,0.824,2424600,1977168,False
2019-08-20,0.825,0.833,0.824,0.829,3212500,2662648,False
2019-08-21,0.827,0.835,0.827,0.831,1495900,1246997,False
2019-08-22,0.831,0.831,0.823,0.826,474100,391701,False
2019-08-23,0.824,0.83,0.824,0.829,3542700,2928479,False
2019-08-26,0.829,0.829,0.809,0.818,4724600,3841340,False
2019-08-27,0.821,0.84,0.821,0.833,4871400,4055473,False
2019-08-28,0.832,0.835,0.828,0.831,445700,370197,False
2019-08-29,0.835,0.835,0.822,0.823,5024900,4161587,False
2019-08-30,0.829,0.83,0.814,0.817,1342200,1105950,False
2019-09-02,0.82,0.829,0.82,0.826,2160400,1781947,False
2019-09-03,0.826,0.827,0.82,0.823,2150800,1770184,False
2019-09-04,0.823,0.848,0.823,0.846,8615500,7238123,False
2019-09-05,0.851,0.86,0.844,0.844,12318200,10501924,False
2019-09-06,0.844,0.85,0.841,0.848,3508800,2962692,False
2019-09-09,0.854,0.86,0.853,0.86,4242100,3632893,False
2019-09-10,0.853,0.858,0.845,0.856,1750600,1489980,False
2019-09-11,0.865,0.866,0.85,0.852,1485900,1270609,False
2019-09-12,0.856,0.875,0.853,0.871,4611800,4002184,False
2019-09-16,0.882,0.882,0.862,0.867,2021900,1759355,False
2019-09-17,0.868,0.868,0.846,0.851,2326100,1987270,False
2019-09-18,0.849,0.866,0.849,0.86,2458300,2115761,False
2019-09-19,0.86,0.862,0.855,0.862,1655000,1419854,False
2019-09-20,0.862,0.862,0.854,0.859,1176000,1007619,False
2019-09-23,0.88,0.88,0.838,0.844,2050100,1740157,False
2019-09-24,0.845,0.85,0.841,0.844,614000,518621,False
2019-09-25,0.837,0.843,0.837,0.838,1270400,1065556,False
2019-09-26,0.84,0.848,0.834,0.836,1566300,1320388,False
2019-09-27,0.834,0.837,0.831,0.833,1571500,1310506,False
2019-09-30,0.833,0.836,0.829,0.829,1220400,1017168,False
2019-10-08,0.832,0.853,0.83,0.85,5223400,4418593,False
2019-10-09,0.847,0.865,0.842,0.864,5125900,4401879,False
2019-10-10,0.864,0.869,0.858,0.864,2403300,2069588,False
2019-10-11,0.864,0.87,0.862,0.867,2631500,2278771,False
2019-10-14,0.872,0.883,0.865,0.876,3756800,3300550,False
2019-10-15,0.876,0.882,0.87,0.872,878700,768334,False
2019-10-16,0.875,0.898,0.873,0.875,6843200,6050477,False
2019-10-17,0.875,0.879,0.869,0.871,4157200,3635299,False
2019-10-18,0.875,0.876,0.851,0.855,5872900,5081369,False
2019-10-21,0.855,0.872,0.855,0.869,3278400,2824723,False
2019-10-22,0.869,0.877,0.862,0.87,830000,719220,False
2019-10-23,0.868,0.868,0.857,0.861,1913900,1652206,False
2019-10-24,0.86,0.865,0.86,0.863,833500,718527,False
2019-10-25,0.865,0.872,0.856,0.872,752800,653328,False
2019-10-28,0.872,0.872,0.86,0.868,2229400,1931368,False
2019-10-29,0.865,0.865,0.86,0.86,1627800,1402558,False
2019-10-30,0.861,0.861,0.849,0.851,1897100,1616678,False
2019-10-31,0.855,0.855,0.842,0.845,1136200,961668,False
2019-11-01,0.849,0.861,0.84,0.861,965400,821885,False
2019-11-04,0.861,0.862,0.854,0.858,1829200,1568870,False
2019-11-05,0.858,0.868,0.854,0.862,1908600,1644613,False
2019-11-06,0.865,0.865,0.853,0.863,1698900,1456814,False
2019-11-07,0.859,0.862,0.856,0.857,2028500,1742236,False
2019-11-08,0.86,0.863,0.851,0.852,642900,551333,False
2019-11-11,0.85,0.85,0.832,0.837,2307900,1936002,False
2019-11-12,0.837,0.837,0.83,0.834,1002200,836159,False
2019-11-13,0.831,0.832,0.822,0.824,1977700,1634953,False
2019-11-14,0.831,0.831,0.823,0.825,790100,652428,False
2019-11-15,0.832,0.832,0.818,0.819,1180000,970560,False
2019-11-18,0.818,0.827,0.815,0.825,894100,735738,False
2019-11-19,0.825,0.835,0.824,0.834,925200,769080,False
2019-11-20,0.834,0.837,0.829,0.83,1543200,1287585,False
2019-11-21,0.831,0.831,0.824,0.829,1065300,883346,False
2019-11-22,0.827,0.838,0.822,0.827,1057100,873621,False
2019-11-25,0.828,0.851,0.828,0.85,8227700,6956341,False
2019-11-26,0.851,0.852,0.841,0.843,6081000,5138903,False
2019-11-27,0.845,0.851,0.841,0.841,2851300,2417119,False
2019-11-28,0.847,0.847,0.833,0.835,973900,815521,False
2019-11-29,0.834,0.838,0.831,0.833,2767200,2312372,False
2019-12-02,0.836,0.848,0.836,0.848,2697400,2278027,False
2019-12-03,0.837,0.85,0.837,0.847,3241600,2744207,False
2019-12-04,0.84,0.845,0.838,0.84,599800,504789,False
2019-12-05,0.84,0.845,0.84,0.845,1955900,1648473,False
2019-12-06,0.845,0.848,0.841,0.848,1875900,1581848,False
2019-12-09,0.849,0.864,0.848,0.864,7027000,6030156,False
2019-12-10,0.864,0.864,0.857,0.861,3219300,2766050,False
2019-12-11,0.863,0.874,0.863,0.866,6609500,5729890,False
2019-12-12,0.865,0.866,0.86,0.862,5240100,4514746,False
2019-12-13,0.864,0.873,0.864,0.873,5567100,4836840,False
2019-12-16,0.875,0.882,0.867,0.882,4310400,3768617,False
2019-12-17,0.884,0.913,0.878,0.898,13156100,11730590,False
2019-12-18,0.897,0.907,0.894,0.899,8484300,7636191,False
2019-12-19,0.899,0.904,0.894,0.899,12520300,11253277,False
2019-12-20,0.899,0.914,0.899,0.906,14069300,12768075,False
2019-12-23,0.903,0.912,0.882,0.884,11144200,10012146,False
2019-12-24,0.886,0.888,0.873,0.883,8076200,7108274,False
2019-12-25,0.877,0.885,0.877,0.884,5474700,4817044,False
2019-12-26,0.884,0.906,0.884,0.903,18865300,16941252,False
2019-12-27,0.902,0.908,0.894,0.898,14069000,12684038,False
2019-12-30,0.897,0.915,0.897,0.91,59515400,54136941,False
2019-12-31,0.91,0.922,0.907,0.92,19421400,17742153,False
2020-01-02,0.938,0.947,0.927,0.928,20599700,19255128,False
2020-01-03,0.928,0.928,0.915,0.923,18820800,17330057,False
2020-01-06,0.916,0.919,0.908,0.916,19619500,17906150,False
2020-01-07,0.916,0.921,0.913,0.921,14215100,13029376,False
2020-01-08,0.918,0.918,0.901,0.902,19347800,17588744,False
2020-01-09,0.913,0.923,0.912,0.921,16019200,14704359,False
2020-01-10,0.923,0.927,0.91,0.914,10869900,9944630,False
2020-01-13,0.91,0.921,0.908,0.92,10077200,9208308,False
2020-01-14,0.924,0.925,0.917,0.917,13984100,12877219,False
2020-01-15,0.916,0.917,0.905,0.908,9807300,8920451,False
2020-01-16,0.907,0.911,0.902,0.903,10017400,9071688,False
2020-01-17,0.907,0.909,0.899,0.902,10228700,9241782,False
2020-01-20,0.903,0.903,0.893,0.9,15326600,13745813,False
2020-01-21,0.895,0.9,0.88,0.883,22794200,20193912,False
2020-01-22,0.88,0.895,0.873,0.893,32691900,28982930,False
2020-01-23,0.886,0.886,0.854,0.861,51387500,44970370,False
2020-02-03,0.775,0.802,0.775,0.775,27351700,21351509,False
2020-02-04,0.763,0.785,0.761,0.778,25985300,20090484,False
2020-02-05,0.779,0.795,0.775,0.785,10946000,8592898,False
2020-02-06,0.79,0.802,0.779,0.796,34964500,27508812,False
2020-02-07,0.794,0.794,0.782,0.794,22414000,17637078,False
2020-02-10,0.793,0.813,0.785,0.811,40940300,32919809,False
2020-02-11,0.814,0.824,0.808,0.816,33118000,27097998,False
2020-02-12,0.816,0.82,0.811,0.82,16262600,13257337,False
2020-02-13,0.816,0.845,0.816,0.829,38573200,32250860,False
2020-02-14,0.829,0.858,0.829,0.856,88865200,75323704,False
2020-02-17,0.857,0.874,0.848,0.87,66509400,57028678,False
2020-02-18,0.866,0.866,0.848,0.856,39898600,34140937,False
2020-02-19,0.852,0.867,0.852,0.861,48404400,41641309,False
2020-02-20,0.851,0.87,0.849,0.87,39888700,34312576,False
2020-02-21,0.87,0.871,0.859,0.863,33023800,28506708,False
2020-02-24,0.855,0.856,0.842,0.85,37394000,31734368,False
2020-02-25,0.835,0.852,0.83,0.847,36226700,30561466,False
2020-02-26,0.84,0.888,0.836,0.867,135534400,118286264,False
2020-02-27,0.873,0.875,0.855,0.858,60176000,51945085,False
2020-02-28,0.84,0.861,0.82,0.834,64768700,54822272,False
2020-03-02,0.839,0.891,0.839,0.879,107433800,93495678,False
2020-03-03,0.887,0.895,0.868,0.88,83046700,72768777,False
2020-03-04,0.877,0.913,0.872,0.912,204148300,182566897,False
2020-03-05,0.9,0.919,0.896,0.916,148700800,135196129,False
2020-03-06,0.9,0.905,0.888,0.895,83575600,74756446,False
2020-03-09,0.871,0.877,0.865,0.866,75679600,65866160,False
2020-03-10,0.852,0.879,0.851,0.878,46599600,40471316,False
2020-03-11,0.879,0.889,0.873,0.873,42567400,37477007,False
2020-03-12,0.86,0.87,0.853,0.86,29769200,25637253,False
2020-03-13,0.83,0.856,0.817,0.851,48054000,40197823,False
2020-03-16,0.853,0.86,0.822,0.827,43282200,36571437,False
2020-03-17,0.831,0.839,0.793,0.816,32525800,26467164,False
2020-03-18,0.817,0.823,0.786,0.787,42025700,33989116,False
2020-03-19,0.785,0.787,0.752,0.773,45805500,35241647,False
2020-03-20,0.783,0.795,0.775,0.795,38422500,30238876,False
2020-03-23,0.771,0.775,0.759,0.76,22805400,17478878,False
2020-03-24,0.767,0.779,0.76,0.776,22144300,17024324,False
2020-03-25,0.788,0.814,0.786,0.811,66697000,53481125,False
2020-03-26,0.806,0.81,0.797,0.803,29247200,23538803,False
2020-03-27,0.808,0.826,0.806,0.81,58210400,47391148,False
2020-03-30,0.798,0.804,0.793,0.799,34065500,27198367,False
2020-03-31,0.802,0.808,0.788,0.793,17713400,14107417,False
2020-04-01,0.791,0.807,0.791,0.795,18957900,15188357,False
2020-04-02,0.791,0.805,0.79,0.804,15243600,12148436,False
2020-04-03,0.805,0.807,0.797,0.802,14622700,11739955,False
2020-04-07,0.812,0.816,0.809,0.814,15747500,12799281,False
2020-04-08,0.808,0.812,0.804,0.81,14362100,11619001,False
2020-04-09,0.81,0.815,0.808,0.81,10128400,8213260,False
2020-04-10,0.81,0.823,0.801,0.806,42049600,34081558,False
2020-04-13,0.801,0.805,0.797,0.802,12879100,10326846,False
2020-04-14,0.798,0.818,0.798,0.816,22561100,18339876,False
2020-04-15,0.813,0.816,0.804,0.806,10417600,8437534,False
2020-04-16,0.801,0.809,0.801,0.807,12017400,9686024,False
2020-04-17,0.811,0.817,0.809,0.811,16717400,13575723,False
2020-04-20,0.817,0.817,0.8,0.812,47630800,38471259,False
2020-04-21,0.81,0.811,0.796,0.802,16741200,13423327,False
2020-04-22,0.795,0.806,0.793,0.806,15164000,12152787,False
2020-04-23,0.807,0.809,0.802,0.805,12837300,10350012,False
2020-04-24,0.803,0.804,0.796,0.799,13773900,11012438,False
2020-04-27,0.799,0.811,0.799,0.804,22343300,17972833,False
2020-04-28,0.811,0.811,0.791,0.804,22335800,17938791,False
2020-04-29,0.803,0.819,0.801,0.819,25518100,20734816,False
2020-04-30,0.819,0.829,0.815,0.828,19866700,16364113,False
2020-05-06,0.816,0.822,0.814,0.822,16388800,13404893,False
2020-05-07,0.822,0.822,0.814,0.815,12292700,10044012,False
2020-05-08,0.82,0.827,0.815,0.827,30971800,25490510,False
2020-05-11,0.827,0.829,0.821,0.826,17962900,14826592,False
2020-05-12,0.824,0.824,0.814,0.818,11508600,9411916,False
2020-05-13,0.818,0.819,0.812,0.818,9527900,7765532,False
2020-05-14,0.816,0.816,0.808,0.809,13311600,10796992,False
2020-05-15,0.808,0.815,0.808,0.812,11052200,8978086,False
2020-05-18,0.813,0.82,0.811,0.816,14043000,11480437,False
2020-05-19,0.816,0.824,0.814,0.817,14873600,12155215,False
2020-05-20,0.815,0.815,0.808,0.81,10183000,8248993,False
2020-05-21,0.81,0.814,0.804,0.804,21394800,17327474,False
2020-05-22,0.804,0.805,0.791,0.792,11612600,9270001,False
2020-05-25,0.792,0.802,0.79,0.798,13851700,11047302,False
2020-05-26,0.801,0.807,0.799,0.807,6581100,5279296,False
2020-05-27,0.808,0.813,0.804,0.809,14072200,11388249,False
2020-05-28,0.811,0.823,0.808,0.814,24177100,19779780,False
2020-05-29,0.811,0.813,0.806,0.809,30021900,24274718,False
2020-06-01,0.81,0.831,0.81,0.83,24869700,20507076,False
2020-06-02,0.835,0.848,0.832,0.844,32117600,27043346,False
2020-06-03,0.846,0.857,0.84,0.84,23941500,20334214,False
2020-06-04,0.84,0.847,0.836,0.839,13919500,11676717,False
2020-06-05,0.839,0.84,0.83,0.837,10057600,8385357,False
2020-06-08,0.84,0.848,0.839,0.844,17968800,15168339,False
2020-06-09,0.844,0.849,0.84,0.844,11040900,9313153,False
2020-06-10,0.844,0.847,0.835,0.838,11593000,9749037,False
2020-06-11,0.838,0.843,0.83,0.835,6284900,5260282,False
2020-06-12,0.82,0.834,0.819,0.83,6683600,5532339,False
2020-06-15,0.825,0.839,0.824,0.827,7387100,6153907,False
2020-06-16,0.835,0.84,0.832,0.84,7368800,6161749,False
2020-06-17,0.84,0.84,0.832,0.838,8498000,7099067,False
2020-06-18,0.838,0.847,0.836,0.843,11085600,9343554,False
2020-06-19,0.83,0.85,0.83,0.842,34389600,28899457,False
2020-06-22,0.839,0.848,0.839,0.843,20597600,17405789,False
2020-06-23,0.84,0.844,0.835,0.841,19303700,16214411,False
2020-06-24,0.842,0.858,0.841,0.857,50031000,42558920,False
2020-06-29,0.855,0.856,0.838,0.841,26795500,22596617,False
2020-06-30,0.845,0.861,0.842,0.859,60187900,51245377,False
2020-07-01,0.863,0.915,0.858,0.91,101312800,90275361,False
2020-07-02,0.909,0.941,0.902,0.937,155332900,143868073,False
2020-07-03,0.94,0.953,0.924,0.952,141834000,133050940,False
2020-07-06,0.982,1.047,0.968,1.047,471237800,472135338,False
2020-07-07,1.1,1.114,1.007,1.015,400461100,412811472,False
2020-07-08,1.0,1.03,0.991,1.028,316862389,318841739,False
2020-07-09,1.018,1.037,1.005,1.029,248698500,254000597,False
2020-07-10,1.015,1.032,1.008,1.016,197535877,201336965,False
2020-07-13,1.015,1.034,1.001,1.03,167779500,171446090,False
2020-07-14,1.028,1.045,1.0,1.017,171315700,174284781,False
2020-07-15,1.017,1.026,0.982,0.988,174500200,173934647,False
2020-07-16,0.982,1.001,0.954,0.956,81468200,80022163,False
2020-07-17,0.969,0.971,0.939,0.951,95149097,90494088,False
2020-07-20,0.955,0.988,0.954,0.987,126854407,124029679,False
2020-07-21,0.993,0.997,0.981,0.987,62290207,61458874,False
2020-07-22,0.987,1.002,0.978,0.99,77038000,76283508,False
2020-07-23,0.984,0.984,0.955,0.974,75252400,72948496,False
2020-07-24,0.964,0.983,0.938,0.944,152357300,145495924,False
2020-07-27,0.945,0.947,0.921,0.927,106905700,99363640,False
2020-07-28,0.928,0.936,0.925,0.933,103017600,95733543,False
2020-07-29,0.93,0.95,0.921,0.95,132160700,124251816,False
2020-07-30,0.946,0.949,0.938,0.945,110786600,104480816,False
2020-07-31,0.94,0.956,0.935,0.946,118797500,112400597,False
2020-08-03,0.952,0.969,0.951,0.967,100511250,96544659,False
2020-08-04,0.979,0.985,0.963,0.982,124491050,121119995,False
2020-08-05,0.975,0.975,0.956,0.965,81984600,78996024,False
2020-08-06,0.965,0.975,0.956,0.97,79643200,76932463,False
2020-08-07,0.965,0.967,0.95,0.959,92862300,89165760,False
2020-08-10,0.954,0.987,0.954,0.98,140458200,136789265,False
2020-08-11,0.98,0.991,0.968,0.971,137854400,135471881,False
2020-08-12,0.965,0.981,0.957,0.98,100641800,97534729,False
2020-08-13,0.982,0.984,0.973,0.978,68014900,66533280,False
2020-08-14,0.979,0.996,0.972,0.996,90416000,89115583,False
2020-08-17,1.005,1.022,0.992,1.012,139642400,141093822,False
2020-08-18,1.013,1.015,1.003,1.01,98479400,99183485,False
2020-08-19,1.01,1.01,0.993,0.995,127707700,127901872,False
2020-08-20,0.992,0.993,0.98,0.985,63286000,62454368,False
2020-08-21,0.986,0.995,0.98,0.989,62134700,61431919,False
2020-08-24,0.988,0.996,0.984,0.987,62091500,61475016,False
2020-08-25,0.987,0.997,0.981,0.984,53130400,52450482,False
2020-08-26,0.98,0.987,0.967,0.974,78379500,76763506,False
2020-08-27,0.971,0.974,0.957,0.969,55266600,53232859,False
2020-08-28,0.969,0.982,0.965,0.981,76342900,74501931,False
2020-08-31,0.98,0.993,0.972,0.974,83302200,82072320,False
2020-09-01,0.969,0.974,0.965,0.971,41503600,40189915,False
2020-09-02,0.972,0.973,0.96,0.969,78376600,75670143,False
2020-09-03,0.967,0.973,0.96,0.963,85796800,82891965,False
2020-09-04,0.953,0.966,0.949,0.964,53389500,51229202,False
2020-09-07,0.961,0.982,0.955,0.96,102010800,99202494,False
2020-09-08,0.96,0.97,0.956,0.963,62120800,59866679,False
2020-09-09,0.95,0.964,0.946,0.95,55611000,53217605,False
2020-09-10,0.957,0.978,0.951,0.952,67944700,65725254,False
2020-09-11,0.95,0.954,0.943,0.949,37548500,35605297,False
2020-09-14,0.954,0.955,0.943,0.948,31368600,29689031,False
2020-09-15,0.948,0.956,0.944,0.956,37864800,36010641,False
2020-09-16,0.954,0.968,0.948,0.964,58710100,56210679,False
2020-09-17,0.96,0.964,0.953,0.958,53369500,51171915,False
2020-09-18,0.955,0.985,0.954,0.984,90713600,88235727,False
2020-09-21,0.984,0.988,0.976,0.978,42717900,41921804,False
2020-09-22,0.972,0.98,0.962,0.965,26770200,25976634,False
2020-09-23,0.967,0.97,0.957,0.961,28193600,27117326,False
2020-09-24,0.956,0.958,0.94,0.942,39429200,37303849,False
2020-09-25,0.94,0.947,0.921,0.924,68011000,63346210,False
2020-09-28,0.923,0.933,0.923,0.928,47277800,43897696,False
2020-09-29,0.926,0.932,0.925,0.925,37099300,34439335,False
2020-09-30,0.929,0.932,0.913,0.919,39607474,36506572,False
2020-10-09,0.924,0.931,0.924,0.928,23349300,21678284,False
2020-10-12,0.935,0.954,0.933,0.951,48616200,45866158,False
2020-10-13,0.948,0.95,0.94,0.943,29625700,27929684,False
2020-10-14,0.942,0.942,0.929,0.93,28969700,27028311,False
2020-10-15,0.93,0.934,0.926,0.928,26655100,24797101,False
2020-10-16,0.928,0.932,0.924,0.929,37142100,34493583,False
2020-10-19,0.932,0.948,0.924,0.926,76595000,71607762,False
2020-10-20,0.92,0.926,0.914,0.923,41871800,38428334,False
2020-10-21,0.922,0.923,0.912,0.92,36893500,33827211,False
2020-10-22,0.919,0.92,0.915,0.918,42457900,38939641,False
2020-10-23,0.92,0.922,0.915,0.917,69604200,63961343,False
2020-10-26,0.914,0.918,0.903,0.904,43005100,39104662,False
2020-10-27,0.903,0.905,0.894,0.896,35534200,31922549,False
2020-10-28,0.897,0.898,0.884,0.891,32931500,29272571,False
2020-10-29,0.882,0.891,0.879,0.889,40993900,36261667,False
2020-10-30,0.889,0.9,0.874,0.875,46284500,41033931,False
2020-11-02,0.873,0.879,0.87,0.873,69279800,60466689,False
2020-11-03,0.875,0.887,0.869,0.886,37178000,32743048,False
2020-11-04,0.886,0.886,0.878,0.884,35217363,31079457,False
2020-11-05,0.89,0.906,0.888,0.903,92387637,83077346,False
2020-11-06,0.904,0.908,0.9,0.906,63064863,57007155,False
2020-11-09,0.907,0.917,0.907,0.914,69797668,63682543,False
2020-11-10,0.925,0.925,0.906,0.909,48500300,44415360,False
2020-11-11,0.905,0.924,0.905,0.917,70008300,64177277,False
2020-11-12,0.913,0.917,0.906,0.911,35705300,32531219,False
2020-11-13,0.911,0.911,0.892,0.894,34120668,30557264,False
2020-11-16,0.894,0.906,0.894,0.906,21483400,19337346,False
2020-11-17,0.905,0.925,0.903,0.921,111257000,101919841,False
2020-11-18,0.92,0.936,0.913,0.928,89627400,83034608,False
2020-11-19,0.922,0.932,0.922,0.93,81375800,75470895,False
2020-11-20,0.927,0.928,0.917,0.925,33501611,30893694,False
2020-11-23,0.925,0.933,0.918,0.93,86932200,80517641,False
2020-11-24,0.931,0.932,0.92,0.923,64084000,59305766,False
2020-11-25,0.926,0.931,0.915,0.915,73365200,67821699,False
2020-11-26,0.911,0.915,0.904,0.912,48778800,44359341,False
2020-11-27,0.912,0.932,0.912,0.929,78237900,72408316,False
2020-11-30,0.93,0.951,0.922,0.926,133858395,125675588,False
2020-12-01,0.923,0.93,0.908,0.929,103280900,94939741,False
2020-12-02,0.929,0.946,0.924,0.935,152229300,142647384,False
2020-12-03,0.936,0.936,0.925,0.931,66955600,62260787,False
2020-12-04,0.928,0.929,0.915,0.918,182074600,167371967,False
2020-12-07,0.919,0.919,0.906,0.908,63147100,57533449,False
2020-12-08,0.907,0.909,0.902,0.904,45559289,41224098,False
2020-12-09,0.904,0.905,0.889,0.89,86438100,77533186,False
2020-12-10,0.89,0.892,0.885,0.889,47364500,42068405,False
2020-12-11,0.89,0.892,0.872,0.878,133972800,117554986,False
2020-12-14,0.882,0.887,0.879,0.886,53626500,47332537,False
2020-12-15,0.883,0.886,0.875,0.881,56686100,49800863,False
2020-12-16,0.879,0.88,0.871,0.876,37812800,33089130,False
2020-12-17,0.875,0.882,0.866,0.882,88487300,77356574,False
2020-12-18,0.882,0.884,0.873,0.875,50754900,44565491,False
2020-12-21,0.873,0.876,0.864,0.874,52245759,45477604,False
2020-12-22,0.871,0.875,0.86,0.861,99982000,86728240,False
2020-12-23,0.862,0.863,0.854,0.859,55218400,47389124,False
2020-12-24,0.858,0.862,0.845,0.848,50870800,43310686,False
2020-12-25,0.847,0.852,0.84,0.847,75900800,64244139,False
2020-12-28,0.847,0.848,0.838,0.841,88837600,74912140,False
2020-12-29,0.843,0.852,0.843,0.848,94286343,79951809,False
2020-12-30,0.848,0.848,0.841,0.845,100017600,84354822,False
2020-12-31,0.844,0.859,0.843,0.859,88875000,75695030,False
2021-01-04,0.851,0.853,0.835,0.84,156501200,131483216,False
2021-01-05,0.838,0.838,0.821,0.838,178605900,147901949,False
2021-01-06,0.837,0.841,0.833,0.839,129576400,108485034,False
2021-01-07,0.84,0.845,0.82,0.826,174861300,145167334,False
2021-01-08,0.824,0.836,0.818,0.832,235128086,195111905,False
2021-01-11,0.832,0.841,0.828,0.83,216158757,180381918,False
2021-01-12,0.83,0.834,0.822,0.833,200007214,165359383,False
2021-01-13,0.835,0.837,0.824,0.832,378500300,314112370,False
2021-01-14,0.834,0.849,0.83,0.842,346754940,291145373,False
2021-01-15,0.842,0.854,0.839,0.843,365718403,309949585,False
2021-01-18,0.846,0.858,0.838,0.858,396942663,336273182,False
2021-01-19,0.855,0.889,0.847,0.874,601770228,522005140,False
2021-01-20,0.87,0.87,0.858,0.863,363561230,313455835,False
2021-01-21,0.861,0.863,0.855,0.857,277963471,238643732,False
2021-01-22,0.853,0.856,0.833,0.834,335110300,281787057,False
2021-01-25,0.83,0.836,0.823,0.828,278082914,230100766,False
2021-01-26,0.826,0.835,0.824,0.824,227217590,188358492,False
2021-01-27,0.824,0.83,0.819,0.821,208131036,171522696,False
2021-01-28,0.812,0.818,0.805,0.807,206474165,167182123,False
2021-01-29,0.808,0.811,0.789,0.793,179817000,143617473,False
2021-02-01,0.789,0.799,0.788,0.798,130321200,103458077,False
2021-02-02,0.798,0.806,0.795,0.801,109593200,87769723,False
2021-02-03,0.8,0.801,0.788,0.791,120742567,95597961,False
2021-02-04,0.789,0.79,0.775,0.781,132376900,103507225,False
2021-02-05,0.779,0.801,0.779,0.794,177050195,140166289,False
2021-02-08,0.796,0.801,0.79,0.793,132806000,105691261,False
2021-02-09,0.792,0.796,0.784,0.796,120350100,95116021,False
2021-02-10,0.793,0.799,0.79,0.796,111310900,88498387,False
2021-02-18,0.803,0.817,0.8,0.816,193945801,157117569,False
2021-02-19,0.812,0.834,0.809,0.832,204374774,168341009,False
2021-02-22,0.832,0.85,0.829,0.837,293522699,246813506,False
2021-02-23,0.834,0.843,0.83,0.832,147757575,123347400,False
2021-02-24,0.834,0.849,0.83,0.838,157652001,132525910,False
2021-02-25,0.842,0.909,0.842,0.89,606637083,537981243,False
2021-02-26,0.87,0.881,0.86,0.863,290300983,252514278,False
2021-03-01,0.862,0.878,0.854,0.871,212269900,183825678,False
2021-03-02,0.876,0.89,0.861,0.864,184179005,160922031,False
2021-03-03,0.859,0.876,0.856,0.872,107664039,93291419,False
2021-03-04,0.868,0.881,0.859,0.862,122921300,106980391,False
2021-03-05,0.854,0.863,0.84,0.852,107017600,91125526,False
2021-03-08,0.853,0.863,0.84,0.842,108793600,92561893,False
2021-03-09,0.842,0.846,0.821,0.83,99767800,83203814,False
2021-03-10,0.831,0.833,0.817,0.819,71587000,58945719,False
2021-03-11,0.823,0.834,0.821,0.832,67247700,55665054,False
2021-03-12,0.832,0.855,0.825,0.847,98383200,82754443,False
2021-03-15,0.845,0.851,0.838,0.844,107741400,90942201,False
2021-03-16,0.844,0.87,0.842,0.867,199562900,171115923,False
2021-03-17,0.863,0.873,0.86,0.863,144193900,124722402,False
2021-03-18,0.864,0.87,0.862,0.864,79740300,68985829,False
2021-03-19,0.86,0.86,0.842,0.845,82610000,70336832,False
2021-03-22,0.844,0.858,0.843,0.857,74480900,63436444,False
2021-03-23,0.854,0.857,0.843,0.848,57538400,48803684,False
2021-03-24,0.845,0.845,0.831,0.834,62961000,52618934,False
2021-03-25,0.83,0.836,0.828,0.832,47914200,39860514,False
2021-03-26,0.834,0.838,0.833,0.834,50844200,42478653,False
2021-03-29,0.831,0.841,0.827,0.838,67191300,56098454,False
2021-03-30,0.836,0.845,0.833,0.84,56261038,47184625,False
2021-03-31,0.836,0.839,0.832,0.838,48578100,40606395,False
2021-04-01,0.839,0.841,0.834,0.839,60373800,50525802,False
2021-04-02,0.839,0.845,0.836,0.845,72941800,61328056,False
2021-04-06,0.845,0.847,0.842,0.844,37505600,31657975,False
2021-04-07,0.841,0.853,0.841,0.852,88881000,75419622,False
2021-04-08,0.849,0.85,0.84,0.841,59303700,50024061,False
2021-04-09,0.839,0.842,0.836,0.841,44735563,37540824,False
2021-04-12,0.84,0.847,0.839,0.841,62631400,52819709,False
2021-04-13,0.841,0.844,0.832,0.835,53436200,44740298,False
2021-04-14,0.832,0.843,0.832,0.842,36666529,30793145,False
2021-04-15,0.842,0.845,0.834,0.839,40756500,34170559,False
2021-04-16,0.841,0.857,0.839,0.857,81319800,69242608,False
2021-04-19,0.856,0.856,0.85,0.854,51246971,43696635,False
2021-04-20,0.851,0.854,0.845,0.848,45675200,38809371,False
2021-04-21,0.844,0.85,0.841,0.849,46074200,39047161,False
2021-04-22,0.848,0.858,0.847,0.849,48591000,41432825,False
2021-04-23,0.847,0.848,0.834,0.839,64438737,54011046,False
2021-04-26,0.839,0.841,0.83,0.832,57535100,48074407,False
2021-04-27,0.831,0.834,0.829,0.833,37032700,30783080,False
2021-04-28,0.833,0.837,0.831,0.836,43781600,36548256,False
2021-04-29,0.837,0.843,0.834,0.842,49628700,41728301,False
2021-04-30,0.84,0.842,0.827,0.83,75268200,62599570,False
2021-05-06,0.83,0.834,0.826,0.83,41470200,34424735,False
2021-05-07,0.829,0.829,0.82,0.822,42935200,35410695,False
2021-05-10,0.822,0.822,0.807,0.813,46905000,38062615,False
2021-05-11,0.812,0.825,0.806,0.824,40654400,33203094,False
2021-05-12,0.82,0.822,0.816,0.821,32454700,26584707,False
2021-05-13,0.816,0.828,0.816,0.826,37314399,30719903,False
2021-05-14,0.825,0.836,0.825,0.834,55943000,46531482,False
2021-05-17,0.836,0.84,0.832,0.835,65566400,54800660,False
2021-05-18,0.834,0.844,0.833,0.842,52328188,43944924,False
2021-05-19,0.842,0.843,0.834,0.835,59881200,50195600,False
2021-05-20,0.835,0.835,0.83,0.834,36348500,30258804,False
2021-05-21,0.834,0.835,0.829,0.83,27748700,23088367,False
2021-05-24,0.827,0.837,0.827,0.837,33228900,27712447,False
2021-05-25,0.837,0.845,0.833,0.845,53129300,44642245,False
2021-05-26,0.845,0.862,0.844,0.855,109918300,93809280,False
2021-05-27,0.85,0.858,0.848,0.856,62343300,53312123,False
2021-05-28,0.856,0.863,0.851,0.853,63644400,54410763,False
2021-05-31,0.854,0.855,0.847,0.853,54822900,46667028,False
2021-06-01,0.854,0.856,0.845,0.849,57960000,49220574,False
2021-06-02,0.851,0.856,0.844,0.849,87807217,74750557,False
2021-06-03,0.848,0.862,0.847,0.855,101086200,86314497,False
2021-06-04,0.855,0.857,0.845,0.848,65281500,55488028,False
2021-06-07,0.845,0.845,0.831,0.834,82421400,68747829,False
2021-06-08,0.835,0.843,0.835,0.837,55241900,46314767,False
2021-06-09,0.836,0.838,0.831,0.834,57425300,47872591,False
2021-06-10,0.834,0.834,0.828,0.829,63205300,52531735,False
2021-06-11,0.828,0.83,0.821,0.823,60353100,49774576,False
2021-06-15,0.822,0.823,0.808,0.81,65727400,53427605,False
2021-06-16,0.806,0.816,0.805,0.809,53296600,43133734,False
2021-06-17,0.807,0.813,0.805,0.81,46673300,37772123,False
2021-06-18,0.81,0.811,0.802,0.81,48474444,39092367,False
2021-06-21,0.806,0.808,0.802,0.808,47240400,38035030,False
2021-06-22,0.808,0.81,0.803,0.807,53284500,43014685,False
2021-06-23,0.805,0.811,0.804,0.811,45570100,36773860,False
2021-06-24,0.81,0.812,0.804,0.805,42282600,34124894,False
2021-06-25,0.806,0.811,0.804,0.81,51874000,41915872,False
2021-06-28,0.81,0.811,0.8,0.802,73818100,59393058,False
2021-06-29,0.802,0.804,0.796,0.797,140134800,112014645,False
2021-06-30,0.796,0.8,0.795,0.798,85911100,68452881,False
2021-07-01,0.798,0.821,0.796,0.817,177968744,144148021,False
2021-07-02,0.809,0.811,0.795,0.799,126207365,101226101,False
2021-07-05,0.797,0.8,0.791,0.794,54701200,43456256,False
2021-07-06,0.794,0.81,0.794,0.807,125986635,101153695,False
2021-07-07,0.801,0.808,0.797,0.803,64907900,51990849,False
2021-07-08,0.804,0.804,0.793,0.796,59685762,47512206,False
2021-07-09,0.795,0.801,0.792,0.799,68481600,54561205,False
2021-07-12,0.801,0.804,0.793,0.795,75664999,60332931,False
2021-07-13,0.794,0.802,0.792,0.8,67756300,54092203,False
2021-07-14,0.799,0.799,0.789,0.79,72290700,57261744,False
2021-07-15,0.791,0.791,0.784,0.791,64680800,50964185,False
2021-07-16,0.79,0.793,0.788,0.79,43191901,34144545,False
2021-07-19,0.787,0.787,0.774,0.779,83749500,65120701,False
2021-07-20,0.775,0.776,0.769,0.774,83565800,64557233,False
2021-07-21,0.773,0.777,0.766,0.768,108222200,83304325,False
2021-07-22,0.769,0.776,0.768,0.775,133238000,102680485,False
2021-07-23,0.775,0.776,0.767,0.77,46582300,35910888,False
2021-07-26,0.766,0.766,0.733,0.74,166481000,123896837,False
2021-07-27,0.736,0.739,0.713,0.713,156977800,113837695,False
2021-07-28,0.712,0.715,0.702,0.707,111432000,78943593,False
2021-07-29,0.713,0.715,0.705,0.71,59323800,42093137,False
2021-07-30,0.706,0.712,0.699,0.709,54394100,38429976,False
2021-08-02,0.707,0.723,0.698,0.72,104210000,74243759,False
2021-08-03,0.716,0.722,0.715,0.716,85225200,61226374,False
2021-08-04,0.714,0.717,0.71,0.713,63347200,45125974,False
2021-08-05,0.714,0.738,0.714,0.722,117944800,85862602,False
2021-08-06,0.716,0.723,0.712,0.721,75403700,54069302,False
2021-08-09,0.72,0.754,0.718,0.747,151043000,111827682,False
2021-08-10,0.742,0.751,0.734,0.746,98026000,72462177,False
2021-08-11,0.752,0.785,0.752,0.769,212014000,164597459,False
2021-08-12,0.771,0.774,0.759,0.763,155303100,118730603,False
2021-08-13,0.76,0.765,0.753,0.76,56085400,42606276,False
2021-08-16,0.765,0.776,0.759,0.77,82371300,63415176,False
2021-08-17,0.77,0.781,0.762,0.762,92721300,71547526,False
2021-08-18,0.762,0.776,0.755,0.775,89770700,68955042,False
2021-08-19,0.771,0.772,0.76,0.763,76818200,58674058,False
2021-08-20,0.761,0.767,0.755,0.766,93752504,71394199,False
2021-08-23,0.765,0.768,0.762,0.764,52019200,39743740,False
2021-08-24,0.761,0.771,0.761,0.77,56847300,43591814,False
2021-08-25,0.77,0.772,0.765,0.768,31506900,24218026,False
2021-08-26,0.767,0.772,0.758,0.761,46963500,35898908,False
2021-08-27,0.757,0.76,0.752,0.756,61903000,46783484,False
2021-08-30,0.754,0.754,0.742,0.745,80239900,59971772,False
2021-08-31,0.742,0.765,0.741,0.765,62340500,46982548,False
2021-09-01,0.763,0.789,0.761,0.788,102152100,79684843,False
2021-09-02,0.787,0.801,0.782,0.798,80365000,63836963,False
2021-09-03,0.801,0.808,0.792,0.798,107725800,86347124,False
2021-09-06,0.801,0.801,0.79,0.792,71674189,56879455,False
2021-09-07,0.792,0.799,0.786,0.798,67667000,53637465,False
2021-09-08,0.795,0.801,0.794,0.799,43844900,34947549,False
2021-09-09,0.799,0.802,0.793,0.8,44323700,35347633,False
2021-09-10,0.8,0.812,0.797,0.804,72590700,58487021,False
2021-09-13,0.803,0.82,0.797,0.819,95030506,77383432,False
2021-09-14,0.82,0.824,0.797,0.799,101541797,82135929,False
2021-09-15,0.793,0.799,0.784,0.789,55033000,43525137,False
2021-09-16,0.789,0.793,0.769,0.77,50321700,39182221,False
2021-09-17,0.768,0.779,0.767,0.776,54556800,42120291,False
2021-09-22,0.763,0.794,0.759,0.793,81701703,63989360,False
2021-09-23,0.793,0.823,0.793,0.812,99107000,80498388,False
2021-09-24,0.812,0.817,0.799,0.8,54004996,43526963,False
2021-09-27,0.8,0.803,0.772,0.777,70270766,54993147,False
2021-09-28,0.786,0.807,0.785,0.803,119471443,95781492,False
2021-09-29,0.799,0.806,0.792,0.793,67621934,53983696,False
2021-09-30,0.802,0.812,0.797,0.806,101619100,81752345,False
2021-10-08,0.807,0.813,0.796,0.802,63668700,51021775,False
2021-10-11,0.801,0.817,0.798,0.807,55983100,45254060,False
2021-10-12,0.802,0.824,0.8,0.811,103742500,84464212,False
2021-10-13,0.81,0.812,0.796,0.808,113067400,91103972,False
2021-10-14,0.803,0.804,0.789,0.79,81957800,65025596,False
2021-10-15,0.786,0.794,0.784,0.787,61494000,48516314,False
2021-10-18,0.785,0.787,0.767,0.783,102511300,79541290,False
2021-10-19,0.779,0.782,0.769,0.781,101656000,78813679,False
2021-10-20,0.776,0.777,0.766,0.769,80599000,62043920,False
2021-10-21,0.774,0.787,0.769,0.783,194380915,151889935,False
2021-10-22,0.789,0.816,0.788,0.799,259124700,207918097,False
2021-10-25,0.78,0.794,0.773,0.78,139165500,108569224,False
2021-10-26,0.777,0.784,0.764,0.767,106406067,82101145,False
2021-10-27,0.764,0.767,0.752,0.755,73647500,55735077,False
2021-10-28,0.755,0.756,0.739,0.739,77507500,57777292,False
2021-10-29,0.74,0.745,0.728,0.735,138618200,101379096,False
2021-11-01,0.733,0.737,0.726,0.729,118307992,86260106,False
2021-11-02,0.729,0.732,0.706,0.712,161883000,116084201,False
2021-11-03,0.713,0.724,0.711,0.722,202289000,145905252,False
2021-11-04,0.723,0.723,0.712,0.718,133642500,95810733,False
2021-11-05,0.714,0.718,0.704,0.706,173196400,122584731,False
2021-11-08,0.707,0.714,0.704,0.712,163771800,116553409,False
2021-11-09,0.71,0.716,0.71,0.716,95910599,68418203,False
2021-11-10,0.716,0.735,0.706,0.732,295847539,213480597,False
2021-11-11,0.732,0.781,0.732,0.78,389875366,296781769,False
2021-11-12,0.773,0.773,0.755,0.765,239014833,182863286,False
2021-11-15,0.765,0.766,0.753,0.763,116937433,88721794,False
2021-11-16,0.761,0.767,0.754,0.757,127916400,97250602,False
2021-11-17,0.758,0.76,0.749,0.758,95760600,72155740,False
2021-11-18,0.756,0.758,0.744,0.747,87564200,65652143,False
2021-11-19,0.744,0.775,0.742,0.771,234175183,178346561,False
2021-11-22,0.77,0.77,0.753,0.759,130080039,98655531,False
2021-11-23,0.759,0.769,0.757,0.764,161700680,123421853,False
2021-11-24,0.761,0.777,0.76,0.769,115825000,89265813,False
2021-11-25,0.77,0.776,0.765,0.767,73373000,56372287,False
2021-11-26,0.766,0.767,0.758,0.761,53426100,40630213,False
2021-11-29,0.752,0.755,0.749,0.753,53128000,39955369,False
2021-11-30,0.754,0.758,0.745,0.751,69309100,52061473,False
2021-12-01,0.748,0.763,0.748,0.759,104676200,79345324,False
2021-12-02,0.756,0.766,0.752,0.762,100811600,76703256,False
2021-12-03,0.763,0.773,0.758,0.771,95230100,73031543,False
2021-12-06,0.783,0.794,0.771,0.771,142262400,111203889,False
2021-12-07,0.786,0.794,0.778,0.791,220251600,173025179,False
2021-12-08,0.785,0.785,0.77,0.783,153625600,119316747,False
2021-12-09,0.78,0.799,0.778,0.797,208126300,164654918,False
2021-12-10,0.791,0.794,0.785,0.788,129373100,102090610,False
2021-12-13,0.788,0.793,0.78,0.784,100294500,78792133,False
2021-12-14,0.786,0.787,0.771,0.774,143364993,110939247,False
2021-12-15,0.774,0.785,0.772,0.779,131098368,102379558,False
2021-12-16,0.776,0.787,0.774,0.785,88652400,69377642,False
2021-12-17,0.785,0.793,0.78,0.784,115270440,90615625,False
2021-12-20,0.786,0.8,0.784,0.79,177049000,140481896,False
2021-12-21,0.792,0.831,0.79,0.829,332923029,272446550,False
2021-12-22,0.829,0.835,0.812,0.819,239429800,196339141,False
2021-12-23,0.811,0.816,0.799,0.805,162556500,130671003,False
2021-12-24,0.804,0.804,0.788,0.793,183170500,145508084,False
2021-12-27,0.795,0.81,0.795,0.799,157873300,126711153,False
2021-12-28,0.793,0.798,0.787,0.797,139370800,110321449,False
2021-12-29,0.794,0.798,0.791,0.793,76483900,60743243,False
2021-12-30,0.791,0.796,0.789,0.793,128946205,102239169,False
2021-12-31,0.795,0.811,0.792,0.804,154520700,124011889,False
2022-01-04,0.799,0.817,0.793,0.816,179694595,145169095,False
2022-01-05,0.813,0.832,0.813,0.819,305071100,250740290,False
2022-01-06,0.818,0.832,0.814,0.82,151815000,124852579,False
2022-01-07,0.823,0.847,0.821,0.835,194001800,162638961,False
2022-01-10,0.834,0.85,0.829,0.847,212814400,178487967,False
2022-01-11,0.845,0.867,0.841,0.848,233333500,199172508,False
2022-01-12,0.842,0.845,0.829,0.843,177552900,148559707,False
2022-01-13,0.844,0.853,0.83,0.832,172391700,145121314,False
2022-01-14,0.828,0.828,0.807,0.811,148713900,121145458,False
2022-01-17,0.807,0.824,0.807,0.821,112401490,92119449,False
2022-01-18,0.82,0.844,0.816,0.833,166895799,138820435,False
2022-01-19,0.836,0.849,0.831,0.838,173430299,145702024,False
2022-01-20,0.842,0.855,0.831,0.833,373248300,315166424,False
2022-01-21,0.828,0.836,0.82,0.826,259207606,214470117,False
2022-01-24,0.822,0.844,0.813,0.837,142461200,118453667,False
2022-01-25,0.833,0.833,0.803,0.804,249865200,203558597,False
2022-01-26,0.806,0.813,0.799,0.808,156655900,126221775,False
2022-01-27,0.803,0.809,0.793,0.794,172513700,138061679,False
2022-01-28,0.796,0.803,0.788,0.792,115211800,91471085,False
2022-02-07,0.79,0.807,0.784,0.807,146895600,116724812,False
2022-02-08,0.8,0.817,0.799,0.815,143606251,115881778,False
2022-02-09,0.811,0.83,0.81,0.815,149454700,122689197,False
2022-02-10,0.809,0.828,0.798,0.823,159518000,130511759,False
2022-02-11,0.829,0.841,0.821,0.823,183017700,152067773,False
2022-02-14,0.815,0.815,0.797,0.803,187570500,150745140,False
2022-02-15,0.798,0.801,0.786,0.794,138022500,109437529,False
2022-02-16,0.794,0.805,0.79,0.8,119695300,95553695,False
2022-02-17,0.8,0.801,0.788,0.791,96040600,76074464,False
2022-02-18,0.787,0.818,0.787,0.817,195605819,157711400,False
2022-02-21,0.814,0.828,0.807,0.826,227963784,186092592,False
2022-02-22,0.82,0.833,0.816,0.82,171643139,141468931,False
2022-02-23,0.819,0.822,0.808,0.813,140299700,114091394,False
2022-02-24,0.808,0.815,0.786,0.796,207511900,166332968,False
2022-02-25,0.797,0.805,0.788,0.793,102519599,81484344,False
2022-02-28,0.791,0.791,0.776,0.784,321691039,251172426,False
2022-03-01,0.781,0.795,0.781,0.795,116549039,91930667,False
2022-03-02,0.797,0.81,0.793,0.8,188470139,150903512,False
2022-03-03,0.802,0.816,0.8,0.816,149597100,121541051,False
2022-03-04,0.813,0.813,0.796,0.804,254406265,204502991,False
2022-03-07,0.803,0.815,0.801,0.804,186889239,151101699,False
2022-03-08,0.804,0.804,0.776,0.777,135948600,107127544,False
2022-03-09,0.778,0.783,0.726,0.751,238933770,181494271,False
2022-03-10,0.76,0.77,0.751,0.76,120173699,91550294,False
2022-03-11,0.751,0.767,0.74,0.766,110675099,83435994,False
2022-03-14,0.754,0.776,0.75,0.754,109705079,83826213,False
2022-03-15,0.745,0.745,0.687,0.689,149548770,107311549,False
2022-03-16,0.705,0.721,0.68,0.716,165157500,115030168,False
2022-03-17,0.751,0.78,0.74,0.749,203319000,152188910,False
2022-03-18,0.737,0.79,0.712,0.787,258865800,198178992,False
2022-03-21,0.78,0.785,0.765,0.78,225708700,175258329,False
2022-03-22,0.775,0.818,0.764,0.811,329692356,262878275,False
2022-03-23,0.806,0.839,0.798,0.827,285814390,233566745,False
2022-03-24,0.813,0.828,0.809,0.812,203682425,166917218,False
2022-03-25,0.807,0.83,0.799,0.814,270259236,220696279,False
2022-03-28,0.81,0.841,0.804,0.833,256188436,212005451,False
2022-03-29,0.824,0.833,0.81,0.815,383877700,314412891,False
2022-03-30,0.815,0.875,0.815,0.864,389492900,331131663,False
2022-03-31,0.86,0.897,0.857,0.873,464468764,406238888,False
2022-04-01,0.861,0.905,0.858,0.899,393314300,344418650,False
2022-04-06,0.914,0.94,0.897,0.927,396116600,364048727,False
2022-04-07,0.909,0.923,0.888,0.891,436983796,393868981,False
2022-04-08,0.883,0.925,0.87,0.913,540380948,483220086,False
2022-04-11,0.897,0.905,0.874,0.88,537714300,476660118,False
2022-04-12,0.869,0.888,0.854,0.858,421095041,366626464,False
2022-04-13,0.845,0.868,0.831,0.847,423600158,359389445,False
2022-04-14,0.849,0.891,0.845,0.88,547426894,474738337,False
2022-04-15,0.866,0.908,0.866,0.88,571201000,508540633,False
2022-04-18,0.864,0.885,0.847,0.851,387930900,335537151,False
2022-04-19,0.84,0.862,0.828,0.854,457736562,387264732,False
2022-04-20,0.851,0.854,0.806,0.813,458113755,377899276,False
2022-04-21,0.804,0.815,0.787,0.792,519023802,416988841,False
2022-04-22,0.781,0.805,0.772,0.796,393976002,313013739,False
2022-04-25,0.784,0.803,0.75,0.752,405331650,316005096,False
2022-04-26,0.755,0.778,0.749,0.753,332443450,252692742,False
2022-04-27,0.748,0.757,0.721,0.742,503633700,371170955,False
2022-04-28,0.735,0.77,0.735,0.763,665504725,500950005,False
2022-04-29,0.765,0.796,0.756,0.794,628417803,488342050,False
2022-05-05,0.798,0.802,0.769,0.786,635056966,497456669,False
2022-05-06,0.765,0.769,0.739,0.745,612723747,462579378,False
2022-05-09,0.738,0.763,0.738,0.754,305997781,230591561,False
2022-05-10,0.743,0.766,0.733,0.76,387489000,290562129,False
2022-05-11,0.757,0.769,0.75,0.756,336105300,254962776,False
2022-05-12,0.748,0.756,0.73,0.741,423358400,314145819,False
2022-05-13,0.741,0.78,0.738,0.779,510612605,387772330,False
2022-05-16,0.805,0.806,0.773,0.79,534506608,420411790,False
2022-05-17,0.783,0.788,0.766,0.778,371093599,288075515,False
2022-05-18,0.776,0.782,0.764,0.772,270985300,209305937,False
2022-05-19,0.76,0.791,0.758,0.791,435632499,340441847,False
2022-05-20,0.792,0.799,0.775,0.781,740219300,579474738,False
2022-05-23,0.778,0.781,0.762,0.766,551348100,424187665,False
2022-05-24,0.765,0.767,0.745,0.746,599383700,453569660,False
2022-05-25,0.746,0.754,0.738,0.752,340665213,254715767,False
2022-05-26,0.751,0.766,0.75,0.759,376835100,285705279,False
2022-05-27,0.759,0.761,0.75,0.755,332322263,250752737,False
2022-05-30,0.754,0.76,0.743,0.748,360898864,270673519,False
2022-05-31,0.746,0.749,0.737,0.748,497818153,370695673,False
2022-06-01,0.747,0.755,0.741,0.75,494508787,370171245,False
2022-06-02,0.747,0.749,0.737,0.739,517349555,383274929,False
2022-06-06,0.736,0.739,0.719,0.735,729902674,529703823,False
2022-06-07,0.731,0.744,0.73,0.744,495064789,365152736,False
2022-06-08,0.741,0.743,0.727,0.736,566177583,416536633,False
2022-06-09,0.732,0.747,0.732,0.738,544072100,403547723,False
2022-06-10,0.733,0.741,0.731,0.739,422234900,311015389,False
2022-06-13,0.733,0.735,0.715,0.718,508227400,367300382,False
2022-06-14,0.712,0.73,0.712,0.729,601996583,434394614,False
2022-06-15,0.73,0.761,0.727,0.75,977023300,731641231,False
2022-06-16,0.751,0.756,0.74,0.744,600812297,448825848,False
2022-06-17,0.74,0.745,0.731,0.74,351678000,259632272,False
2022-06-20,0.741,0.758,0.74,0.755,633089002,476319468,False
2022-06-21,0.755,0.774,0.752,0.757,622429868,475524422,False
2022-06-22,0.758,0.761,0.744,0.745,370279200,278162248,False
2022-06-23,0.744,0.76,0.739,0.759,418641300,314233917,False
2022-06-24,0.759,0.76,0.747,0.752,618359900,464738701,False
2022-06-27,0.753,0.761,0.748,0.756,734881120,554546504,False
2022-06-28,0.752,0.756,0.746,0.751,651621600,488385585,False
2022-06-29,0.75,0.783,0.75,0.775,1009226720,778951230,False
2022-06-30,0.777,0.791,0.769,0.783,1112523461,867140466,False
2022-07-01,0.783,0.792,0.778,0.778,480216514,376700685,False
2022-07-04,0.776,0.78,0.767,0.775,559536943,432004886,False
2022-07-05,0.773,0.776,0.758,0.766,635142780,486986214,False
2022-07-06,0.76,0.766,0.743,0.75,790088276,594663728,False
2022-07-07,0.749,0.759,0.747,0.75,467676674,351502964,False
2022-07-08,0.75,0.759,0.746,0.752,429413629,323134455,False
2022-07-11,0.748,0.753,0.737,0.741,448397356,333200683,False
2022-07-12,0.74,0.751,0.738,0.745,323896904,241228956,False
2022-07-13,0.744,0.764,0.744,0.751,492810267,371759445,False
2022-07-14,0.745,0.748,0.733,0.74,578301853,427974455,False
2022-07-15,0.736,0.737,0.705,0.707,841639748,601778637,False
2022-07-18,0.704,0.729,0.703,0.727,586810248,422655362,False
2022-07-19,0.723,0.731,0.72,0.73,275457200,200239626,False
2022-07-20,0.73,0.735,0.728,0.731,203585053,148796038,False
2022-07-21,0.727,0.73,0.718,0.722,400944684,289551134,False
2022-07-22,0.723,0.726,0.712,0.719,325185458,233820510,False
2022-07-25,0.719,0.735,0.718,0.725,387253982,281831973,False
2022-07-26,0.726,0.757,0.724,0.755,529795401,395163014,False
2022-07-27,0.752,0.756,0.743,0.752,536691984,403409649,False
2022-07-28,0.751,0.765,0.747,0.755,417092302,314557592,False
2022-07-29,0.753,0.754,0.74,0.741,531874296,396034269,False
2022-08-01,0.74,0.742,0.728,0.735,382116345,280763395,False
2022-08-02,0.73,0.769,0.704,0.712,475980582,340154001,False
2022-08-03,0.712,0.72,0.694,0.696,360355900,254565480,False
2022-08-04,0.698,0.704,0.691,0.701,294512500,205598906,False
2022-08-05,0.702,0.713,0.7,0.713,419572000,297027920,False
2022-08-08,0.715,0.73,0.711,0.716,279349000,200520208,False
2022-08-09,0.714,0.721,0.706,0.713,268091300,191100631,False
2022-08-10,0.712,0.716,0.706,0.709,222543900,157959211,False
2022-08-11,0.711,0.72,0.711,0.72,235336700,168614009,False
2022-08-12,0.718,0.728,0.714,0.723,273591000,197635873,False
2022-08-15,0.723,0.732,0.719,0.722,252900200,183188342,False
2022-08-16,0.724,0.737,0.724,0.734,296393000,216677836,False
2022-08-17,0.732,0.75,0.728,0.744,279329200,206784477,False
2022-08-18,0.741,0.743,0.731,0.736,199156486,146549905,False
2022-08-19,0.736,0.755,0.734,0.744,421028840,313976303,False
2022-08-22,0.745,0.754,0.738,0.75,256449900,191714601,False
2022-08-23,0.749,0.752,0.739,0.744,200819400,149276374,False
2022-08-24,0.742,0.744,0.728,0.731,297147100,218959364,False
2022-08-25,0.735,0.742,0.729,0.739,360288800,265476231,False
2022-08-26,0.738,0.741,0.731,0.733,254206871,186902292,False
2022-08-29,0.727,0.734,0.72,0.734,173659200,125996406,False
2022-08-30,0.732,0.743,0.731,0.74,256881489,189844483,False
2022-08-31,0.741,0.752,0.738,0.738,230440970,171555596,False
2022-09-01,0.737,0.762,0.736,0.748,326555272,245373474,False
2022-09-02,0.746,0.748,0.739,0.746,140023100,103957256,False
2022-09-05,0.744,0.758,0.74,0.757,353851800,264807051,False
2022-09-06,0.755,0.776,0.753,0.772,531491466,408724597,False
2022-09-07,0.769,0.778,0.762,0.772,304764068,235405209,False
2022-09-08,0.773,0.779,0.764,0.772,222599866,171569719,False
2022-09-09,0.77,0.8,0.77,0.798,604643489,479125210,False
2022-09-13,0.793,0.798,0.776,0.78,410488048,322296124,False
2022-09-14,0.772,0.792,0.771,0.779,461071999,360567597,False
2022-09-15,0.781,0.802,0.779,0.796,621560201,492955129,False
2022-09-16,0.789,0.795,0.763,0.765,334713974,260421130,False
2022-09-19,0.759,0.768,0.749,0.766,338032200,257629810,False
2022-09-20,0.763,0.776,0.75,0.754,295210343,224521081,False
2022-09-21,0.75,0.771,0.741,0.764,487238127,370483427,False
2022-09-22,0.759,0.765,0.747,0.752,214032800,161125159,False
2022-09-23,0.746,0.768,0.744,0.745,399868441,301705372,False
2022-09-26,0.746,0.759,0.735,0.736,250907796,187348630,False
2022-09-27,0.737,0.747,0.724,0.746,218629700,160516231,False
2022-09-28,0.74,0.742,0.726,0.727,256687000,188730516,False
2022-09-29,0.732,0.732,0.709,0.714,237354600,170987761,False
2022-09-30,0.72,0.735,0.711,0.722,405739299,293133194,False
2022-10-10,0.724,0.745,0.723,0.724,401449300,293642161,False
2022-10-11,0.723,0.726,0.706,0.71,329753100,234522941,False
2022-10-12,0.708,0.725,0.702,0.722,396206399,282719919,False
2022-10-13,0.717,0.717,0.699,0.713,271110900,191253259,False
2022-10-14,0.711,0.728,0.711,0.716,399665100,286465896,False
2022-10-17,0.713,0.717,0.692,0.716,416162300,293523840,False
2022-10-18,0.716,0.719,0.702,0.707,379701396,269479197,False
2022-10-19,0.706,0.713,0.702,0.703,301162796,212597496,False
2022-10-20,0.698,0.703,0.693,0.699,356298214,248317833,False
2022-10-21,0.704,0.708,0.696,0.698,348900976,245228250,False
2022-10-24,0.695,0.696,0.67,0.672,342820711,233704780,False
2022-10-25,0.67,0.674,0.66,0.665,251593670,167425755,False
2022-10-26,0.667,0.67,0.654,0.662,348167218,229872319,False
2022-10-27,0.662,0.671,0.659,0.666,249827919,166294272,False
2022-10-28,0.662,0.666,0.639,0.641,262511926,171163199,False
2022-10-31,0.633,0.633,0.615,0.622,353610441,220666550,False
2022-11-01,0.622,0.637,0.615,0.635,429397880,267264228,False
2022-11-02,0.628,0.646,0.626,0.642,317719600,202520775,False
2022-11-03,0.635,0.644,0.632,0.636,184743800,117874851,False
2022-11-04,0.637,0.655,0.635,0.654,251181000,162584502,False
2022-11-07,0.649,0.662,0.647,0.658,285034941,186541025,False
2022-11-08,0.66,0.668,0.655,0.661,183920824,121687495,False
2022-11-09,0.666,0.686,0.666,0.674,236666671,160320789,False
2022-11-10,0.668,0.677,0.66,0.672,185017700,123819548,False
2022-11-11,0.686,0.737,0.686,0.724,797928262,566717477,False
2022-11-14,0.75,0.75,0.718,0.727,1090499395,798938539,False
2022-11-15,0.722,0.745,0.72,0.734,479126820,350600554,False
2022-11-16,0.73,0.734,0.715,0.722,375074265,271174762,False
2022-11-17,0.718,0.728,0.712,0.723,309154102,223178938,False
2022-11-18,0.723,0.729,0.715,0.717,605001422,437276043,False
2022-11-21,0.716,0.716,0.696,0.713,265651504,186973580,False
2022-11-22,0.719,0.726,0.703,0.706,198808436,141655807,False
2022-11-23,0.703,0.71,0.7,0.706,188681071,132972472,False
2022-11-24,0.72,0.727,0.71,0.718,283136427,203277570,False
2022-11-25,0.722,0.752,0.721,0.751,476950494,353870931,False
2022-11-28,0.731,0.752,0.726,0.751,439368594,325043783,False
2022-11-29,0.794,0.826,0.768,0.826,1273150101,1018080804,False
2022-11-30,0.808,0.826,0.788,0.796,810076476,654071411,False
2022-12-01,0.79,0.804,0.783,0.793,478490969,380098654,False
2022-12-02,0.781,0.784,0.762,0.774,563591500,434189035,False
2022-12-05,0.777,0.792,0.777,0.779,458847656,360018605,False
2022-12-06,0.773,0.782,0.768,0.78,299913310,232700030,False
2022-12-07,0.773,0.775,0.756,0.764,451349800,345564467,False
2022-12-08,0.762,0.782,0.76,0.777,376865429,291410411,False
2022-12-09,0.778,0.802,0.778,0.795,339599174,268855570,False
2022-12-12,0.785,0.785,0.766,0.767,264697134,205200325,False
2022-12-13,0.764,0.778,0.759,0.774,236129342,181852338,False
2022-12-14,0.771,0.772,0.761,0.765,510661026,390733350,False
2022-12-15,0.763,0.779,0.749,0.777,293712300,222926146,False
2022-12-16,0.771,0.787,0.765,0.777,286129624,222358573,False
2022-12-19,0.78,0.794,0.762,0.775,275829124,213867665,False
2022-12-20,0.761,0.761,0.742,0.742,292217855,218984049,False
2022-12-21,0.739,0.75,0.735,0.74,197253114,146680422,False
2022-12-22,0.748,0.754,0.734,0.737,217860000,162076740,False
2022-12-23,0.737,0.743,0.732,0.734,155423400,114602047,False
2022-12-26,0.731,0.734,0.723,0.726,190600400,138734488,False
2022-12-27,0.729,0.741,0.726,0.732,173952050,127616495,False
2022-12-28,0.728,0.738,0.723,0.734,201166962,147077479,False
2022-12-29,0.727,0.729,0.713,0.716,211382004,152100933,False
2022-12-30,0.716,0.72,0.71,0.72,180291986,128940213,False
2023-01-03,0.715,0.731,0.715,0.726,337677486,244616045,False
2023-01-04,0.724,0.759,0.721,0.755,422653052,315582111,False
2023-01-05,0.75,0.757,0.743,0.756,388606409,291840479,False
2023-01-06,0.761,0.765,0.743,0.744,342637887,256760776,False
2023-01-09,0.745,0.748,0.736,0.738,304997241,225965640,False
2023-01-10,0.739,0.739,0.731,0.737,245430400,180603183,False
2023-01-11,0.738,0.753,0.736,0.742,334844414,249307442,False
2023-01-12,0.742,0.742,0.724,0.728,315083443,229997950,False
2023-01-13,0.727,0.734,0.723,0.734,342759508,249632150,False
2023-01-16,0.73,0.737,0.725,0.736,455310314,333623891,False
2023-01-17,0.736,0.738,0.728,0.734,478384300,351081709,False
2023-01-18,0.737,0.74,0.728,0.729,356346600,260715707,False
2023-01-19,0.728,0.735,0.722,0.734,242665669,176551376,False
2023-01-20,0.733,0.739,0.73,0.737,399365435,293512652,False
2023-01-30,0.744,0.749,0.731,0.732,523286772,385937378,False
2023-01-31,0.731,0.746,0.725,0.746,465134364,343219479,False
2023-02-01,0.743,0.745,0.733,0.742,681812700,503068812,False
2023-02-02,0.742,0.749,0.735,0.744,557185200,413159991,False
2023-02-03,0.742,0.745,0.729,0.734,375160233,275546104,False
2023-02-06,0.727,0.731,0.719,0.721,583023252,421636754,False
2023-02-07,0.721,0.735,0.721,0.732,450548153,329258337,False
2023-02-08,0.73,0.74,0.73,0.731,272499688,200472762,False
2023-02-09,0.73,0.74,0.729,0.738,258013762,189975742,False
2023-02-10,0.737,0.748,0.734,0.744,309030967,229237295,False
2023-02-13,0.741,0.748,0.736,0.746,341285200,253168366,False
2023-02-14,0.747,0.754,0.741,0.746,265053510,198220777,False
2023-02-15,0.745,0.746,0.732,0.732,424837482,312425937,False
2023-02-16,0.733,0.743,0.719,0.724,406096322,298871377,False
2023-02-17,0.724,0.731,0.721,0.722,240580367,174548132,False
2023-02-20,0.723,0.734,0.719,0.733,264613100,192284281,False
2023-02-21,0.742,0.746,0.731,0.739,398235293,294764486,False
2023-02-22,0.732,0.736,0.73,0.733,187400700,137402998,False
2023-02-23,0.734,0.742,0.732,0.737,281066600,207216803,False
2023-02-24,0.737,0.737,0.723,0.728,220165200,160261612,False
2023-02-27,0.727,0.734,0.726,0.727,227178800,165756267,False
2023-02-28,0.727,0.733,0.722,0.733,209508400,152005440,False
2023-03-01,0.73,0.739,0.729,0.738,248073346,182070957,False
2023-03-02,0.735,0.737,0.731,0.732,153652158,112707723,False
2023-03-03,0.733,0.735,0.728,0.735,170088110,124541829,False
2023-03-06,0.732,0.735,0.721,0.724,289609045,209883105,False
2023-03-07,0.723,0.725,0.708,0.709,319331300,228586851,False
2023-03-08,0.707,0.712,0.705,0.712,162586500,115192171,False
2023-03-09,0.712,0.714,0.708,0.711,135217300,96140320,False
2023-03-10,0.706,0.707,0.696,0.699,232145357,162472167,False
2023-03-13,0.697,0.701,0.69,0.695,171552600,119072565,False
2023-03-14,0.693,0.698,0.682,0.69,198086500,136992759,False
2023-03-15,0.692,0.701,0.691,0.699,193141652,134587403,False
2023-03-16,0.697,0.701,0.691,0.693,112846600,78583969,False
2023-03-17,0.696,0.703,0.693,0.7,288843000,201888698,False
2023-03-20,0.702,0.706,0.692,0.692,170283190,118876842,False
2023-03-21,0.692,0.697,0.689,0.695,119411300,82679847,False
2023-03-22,0.694,0.701,0.693,0.701,174110700,121554110,False
2023-03-23,0.698,0.701,0.693,0.699,211114300,146987104,False
2023-03-24,0.697,0.704,0.691,0.7,266247678,185510565,False
2023-03-27,0.697,0.697,0.685,0.688,212969700,146855255,False
2023-03-28,0.687,0.691,0.679,0.68,256514700,175375720,False
2023-03-29,0.679,0.685,0.675,0.678,255351500,173352382,False
2023-03-30,0.678,0.681,0.67,0.681,278528210,188374956,False
2023-03-31,0.68,0.684,0.676,0.678,219132914,148992691,False
2023-04-03,0.679,0.695,0.677,0.692,375511814,259086218,False
2023-04-04,0.693,0.695,0.686,0.688,178836400,123319707,False
2023-04-06,0.688,0.692,0.683,0.686,247488900,169881307,False
2023-04-07,0.686,0.72,0.686,0.711,589087239,416397840,False
2023-04-10,0.707,0.71,0.703,0.705,396039300,279703532,False
2023-04-11,0.705,0.714,0.698,0.713,538750100,382162422,False
2023-04-12,0.713,0.718,0.705,0.712,361406410,257077624,False
2023-04-13,0.71,0.714,0.706,0.711,238792200,169586230,False
2023-04-14,0.712,0.714,0.706,0.709,281917600,199826113,False
2023-04-17,0.709,0.709,0.701,0.708,327351400,230603783,False
2023-04-18,0.709,0.711,0.701,0.703,369969040,261031020,False
2023-04-19,0.7,0.701,0.687,0.689,350903100,243187440,False
2023-04-20,0.686,0.689,0.679,0.683,252686627,172435921,False
2023-04-21,0.684,0.692,0.67,0.671,475825600,324313109,False
2023-04-24,0.67,0.672,0.655,0.661,525870638,347905096,False
2023-04-25,0.662,0.662,0.645,0.652,358632546,233553268,False
2023-04-26,0.647,0.653,0.641,0.65,266463100,172850419,False
2023-04-27,0.65,0.655,0.645,0.652,311761300,202923163,False
2023-04-28,0.652,0.659,0.65,0.659,238528200,155992830,False
2023-05-04,0.653,0.659,0.65,0.655,264775100,173236294,False
2023-05-05,0.653,0.675,0.652,0.675,448350100,298653955,False
2023-05-08,0.667,0.674,0.655,0.673,371502324,246504842,False
2023-05-09,0.668,0.688,0.666,0.671,555529257,376864170,False
2023-05-10,0.669,0.674,0.66,0.665,193838702,129132805,False
2023-05-11,0.665,0.67,0.663,0.665,243444700,162116148,False
2023-05-12,0.664,0.672,0.659,0.66,184700000,122575726,False
2023-05-15,0.657,0.66,0.646,0.658,293800425,191591800,False
2023-05-16,0.658,0.659,0.649,0.651,157101400,102660691,False
2023-05-17,0.65,0.654,0.645,0.649,229832799,149084919,False
2023-05-18,0.65,0.652,0.642,0.644,186550899,120516521,False
2023-05-19,0.641,0.643,0.633,0.635,382021357,242937175,False
2023-05-22,0.633,0.636,0.627,0.634,232973300,146814643,False
2023-05-23,0.632,0.636,0.626,0.627,274039563,172968687,False
2023-05-24,0.625,0.627,0.61,0.61,377800910,232652460,False
2023-05-25,0.607,0.611,0.602,0.611,339578900,206193509,False
2023-05-26,0.608,0.615,0.601,0.613,358697200,218153724,False
2023-05-29,0.611,0.614,0.605,0.606,218579200,133031196,False
2023-05-30,0.606,0.617,0.594,0.616,495366500,299199156,False
2023-05-31,0.612,0.62,0.608,0.611,227885000,139628383,False
2023-06-01,0.61,0.611,0.602,0.607,213380900,129490763,False
2023-06-02,0.608,0.632,0.608,0.632,502528610,312990892,False
2023-06-05,0.622,0.628,0.618,0.626,307851320,191897759,False
2023-06-06,0.623,0.64,0.622,0.626,401587482,253808588,False
2023-06-07,0.625,0.643,0.625,0.634,351277378,222849882,False
2023-06-08,0.631,0.649,0.627,0.644,538670564,345649274,False
2023-06-09,0.644,0.646,0.636,0.641,266781700,170686251,False
2023-06-12,0.637,0.644,0.631,0.637,225359400,143726301,False
2023-06-13,0.636,0.647,0.636,0.636,381512140,244585140,False
2023-06-14,0.639,0.643,0.63,0.632,391441537,248715254,False
2023-06-15,0.632,0.641,0.631,0.64,268708780,171010503,False
2023-06-16,0.641,0.645,0.637,0.641,260799580,167070763,False
2023-06-19,0.641,0.641,0.625,0.626,459355633,288912980,False
2023-06-20,0.625,0.626,0.613,0.614,373396732,230805284,False
2023-06-21,0.612,0.618,0.607,0.607,255321900,156481037,False
2023-06-26,0.603,0.605,0.593,0.597,275053738,164555241,False
2023-06-27,0.596,0.622,0.595,0.621,482868850,295699971,False
2023-06-28,0.618,0.62,0.611,0.617,278906100,171586792,False
2023-06-29,0.616,0.618,0.607,0.607,204003000,124575783,False
2023-06-30,0.609,0.62,0.608,0.613,184844300,113629054,False
2023-07-03,0.612,0.62,0.612,0.617,262952500,162316635,False
2023-07-04,0.616,0.616,0.606,0.611,235463009,143558363,False
2023-07-05,0.609,0.616,0.607,0.611,146982500,89867989,False
2023-07-06,0.609,0.619,0.605,0.616,269173600,164769304,False
2023-07-07,0.612,0.62,0.61,0.614,198431420,122020316,False
2023-07-10,0.614,0.614,0.609,0.611,175549200,107258701,False
2023-07-11,0.617,0.621,0.609,0.611,225433378,138319627,False
2023-07-12,0.611,0.611,0.598,0.598,356051100,214451976,False
2023-07-13,0.6,0.604,0.599,0.604,249297093,149945949,False
2023-07-14,0.602,0.606,0.598,0.601,250768000,150848168,False
2023-07-17,0.6,0.601,0.594,0.599,190358450,113584125,False
2023-07-18,0.598,0.607,0.595,0.603,275331800,165555256,False
2023-07-19,0.601,0.614,0.6,0.614,486377907,296458561,False
2023-07-20,0.611,0.621,0.61,0.613,500626500,308121463,False
2023-07-21,0.614,0.626,0.611,0.624,392396568,243792343,False
2023-07-24,0.628,0.629,0.611,0.619,396866700,245592057,False
2023-07-25,0.631,0.66,0.627,0.66,821699507,533271161,False
2023-07-26,0.658,0.675,0.656,0.669,832325535,555230696,False
2023-07-27,0.663,0.678,0.651,0.666,580971245,387868595,False
2023-07-28,0.667,0.691,0.664,0.688,930163627,632273686,False
2023-07-31,0.693,0.714,0.693,0.705,694880125,490291220,False
2023-08-01,0.701,0.712,0.691,0.696,430270600,301986895,False
2023-08-02,0.695,0.715,0.694,0.705,541416738,381996077,False
2023-08-03,0.703,0.718,0.69,0.718,601143330,424753210,False
2023-08-04,0.729,0.735,0.707,0.711,803662268,575977705,False
2023-08-07,0.697,0.701,0.682,0.689,697726440,480341514,False
2023-08-08,0.683,0.69,0.673,0.675,527467964,358172532,False
2023-08-09,0.673,0.687,0.671,0.676,450313004,305526764,False
2023-08-10,0.675,0.685,0.672,0.679,305858800,207094275,False
2023-08-11,0.684,0.692,0.67,0.677,505955900,343804132,False
2023-08-14,0.66,0.671,0.651,0.666,427061245,282358028,False
2023-08-15,0.664,0.67,0.656,0.664,476785000,315650299,False
2023-08-16,0.659,0.688,0.658,0.677,479144914,322654976,False
2023-08-17,0.671,0.68,0.667,0.676,318976833,214627758,False
2023-08-18,0.674,0.684,0.66,0.66,472028700,317278073,False
2023-08-21,0.658,0.663,0.647,0.648,307503417,201610249,False
2023-08-22,0.648,0.655,0.642,0.652,210572852,136555926,False
2023-08-23,0.651,0.651,0.637,0.639,221033200,142347193,False
2023-08-24,0.637,0.642,0.627,0.633,407005000,257956341,False
2023-08-25,0.631,0.655,0.631,0.642,881289161,566580564,False
2023-08-28,0.703,0.704,0.666,0.672,1142366761,778077468,False
2023-08-29,0.666,0.699,0.664,0.697,827563952,562737273,False
2023-08-30,0.689,0.696,0.683,0.688,978862116,674645725,False
2023-08-31,0.686,0.689,0.65,0.651,1184936146,783930184,False
2023-09-01,0.662,0.665,0.651,0.655,657834973,432183099,False
2023-09-04,0.661,0.669,0.655,0.657,491987132,325311840,False
2023-09-05,0.655,0.657,0.638,0.641,345515179,222273496,False
2023-09-06,0.638,0.658,0.634,0.657,620705810,402829236,False
2023-09-07,0.654,0.665,0.649,0.65,332774463,218679805,False
2023-09-08,0.646,0.65,0.641,0.649,264874000,170999151,False
2023-09-11,0.648,0.648,0.636,0.643,385582800,247248007,False
2023-09-12,0.642,0.644,0.637,0.64,225137300,144201597,False
2023-09-13,0.64,0.647,0.635,0.64,216662600,138751522,False
2023-09-14,0.639,0.64,0.63,0.634,308442540,195393199,False
2023-09-15,0.636,0.64,0.631,0.636,259118700,164846296,False
2023-09-18,0.633,0.634,0.625,0.63,279264500,175624790,False
2023-09-19,0.629,0.632,0.625,0.628,212269500,133393034,False
2023-09-20,0.627,0.63,0.623,0.627,141920900,89036423,False
2023-09-21,0.626,0.634,0.624,0.625,154772700,97181421,False
2023-09-22,0.622,0.632,0.621,0.631,173935800,109017173,False
2023-09-25,0.629,0.629,0.617,0.618,207255200,128455308,False
2023-09-26,0.617,0.619,0.614,0.616,145527500,89662849,False
2023-09-27,0.615,0.619,0.613,0.615,161149900,99201748,False
2023-09-28,0.615,0.618,0.613,0.616,150980988,92943105,False
2023-10-09,0.614,0.614,0.599,0.601,279191454,168242988,False
2023-10-10,0.6,0.606,0.597,0.599,234970566,141125611,False
2023-10-11,0.6,0.602,0.594,0.6,279300630,167035762,False
2023-10-12,0.603,0.604,0.596,0.601,305728000,183392975,False
2023-10-13,0.596,0.6,0.594,0.596,188412860,112312489,False
2023-10-16,0.596,0.599,0.584,0.586,217773900,128218660,False
2023-10-17,0.586,0.586,0.578,0.581,217009900,126094580,False
2023-10-18,0.58,0.581,0.572,0.572,275021806,158172415,False
2023-10-19,0.57,0.576,0.567,0.568,233668106,133377473,False
2023-10-20,0.566,0.578,0.561,0.571,233634406,133366753,False
2023-10-23,0.568,0.57,0.557,0.559,184178949,103666131,False
2023-10-24,0.562,0.574,0.56,0.573,261076800,148414040,False
2023-10-25,0.581,0.584,0.571,0.573,337574166,194401232,False
2023-10-26,0.57,0.571,0.562,0.567,215079600,121592152,False
2023-10-27,0.565,0.575,0.565,0.574,237209847,135393949,False
2023-10-30,0.571,0.576,0.566,0.575,373850447,213220332,False
2023-10-31,0.571,0.575,0.562,0.573,327704900,186426469,False
2023-11-01,0.57,0.572,0.566,0.567,206776600,117479137,False
2023-11-02,0.566,0.569,0.561,0.563,226432215,127881666,False
2023-11-03,0.562,0.565,0.559,0.562,259520633,145769436,False
2023-11-06,0.564,0.579,0.563,0.577,470015324,269314084,False
2023-11-07,0.577,0.582,0.574,0.577,404282979,233356635,False
2023-11-08,0.575,0.586,0.574,0.583,481927200,280529637,False
2023-11-09,0.584,0.59,0.579,0.582,500470800,292303623,False
2023-11-10,0.579,0.579,0.569,0.573,407374100,233021094,False
2023-11-13,0.574,0.576,0.569,0.573,238197143,136160231,False
2023-11-14,0.573,0.582,0.573,0.582,249222387,144163744,False
2023-11-15,0.587,0.588,0.577,0.578,395974600,230364959,False
2023-11-16,0.576,0.579,0.57,0.576,249592194,143291319,False
2023-11-17,0.574,0.576,0.569,0.573,177995700,101789099,False
2023-11-20,0.576,0.579,0.571,0.574,199018200,114206352,False
2023-11-21,0.577,0.594,0.576,0.587,530911076,312117824,False
2023-11-22,0.583,0.596,0.582,0.583,367078882,216500875,False
2023-11-23,0.584,0.6,0.577,0.599,532156911,314651245,False
2023-11-24,0.598,0.604,0.594,0.598,399111036,239251094,False
2023-11-27,0.595,0.596,0.581,0.585,319845817,187048368,False
2023-11-28,0.584,0.585,0.576,0.579,233456300,135375463,False
2023-11-29,0.58,0.581,0.562,0.564,362078766,205475619,False
2023-11-30,0.562,0.565,0.558,0.562,227034300,127393910,False
2023-12-01,0.561,0.567,0.558,0.566,196267862,110595081,False
2023-12-04,0.563,0.565,0.556,0.557,198471315,110802351,False
2023-12-05,0.555,0.557,0.544,0.545,229993259,126819141,False
2023-12-06,0.544,0.556,0.544,0.552,321664460,176989676,False
2023-12-07,0.551,0.558,0.548,0.555,189959765,105020484,False
2023-12-08,0.554,0.555,0.544,0.545,194909900,106843384,False
2023-12-11,0.54,0.543,0.533,0.541,213598529,114658850,False
2023-12-12,0.545,0.558,0.543,0.557,465567083,256941841,False
2023-12-13,0.551,0.553,0.544,0.545,322480600,176737800,False
2023-12-14,0.548,0.553,0.543,0.543,165915600,90829385,False
2023-12-15,0.55,0.558,0.548,0.551,276980600,153150069,False
2023-12-18,0.547,0.556,0.541,0.542,239126064,131054603,False
2023-12-19,0.54,0.544,0.531,0.536,250497100,134399043,False
2023-12-20,0.535,0.536,0.526,0.526,146848600,78018236,False
2023-12-21,0.524,0.534,0.523,0.533,174623100,92286069,False
2023-12-22,0.532,0.533,0.524,0.527,248949700,131406478,False
2023-12-25,0.525,0.526,0.519,0.522,179650957,93704116,False
2023-12-26,0.521,0.521,0.512,0.513,212260171,109229225,False
2023-12-27,0.512,0.517,0.509,0.514,187325571,96052148,False
2023-12-28,0.511,0.529,0.51,0.527,263055100,136872663,False
2023-12-29,0.525,0.53,0.522,0.526,173229200,90963288,False
2024-01-02,0.526,0.526,0.514,0.516,194559600,100695506,False
2024-01-03,0.516,0.522,0.514,0.517,213899900,110826300,False
2024-01-04,0.516,0.517,0.507,0.511,174249700,88888667,False
2024-01-05,0.508,0.517,0.506,0.508,179177600,91678631,False
2024-01-08,0.511,0.513,0.499,0.5,135736450,68594527,False
2024-01-09,0.499,0.507,0.496,0.503,151472800,75954970,False
2024-01-10,0.502,0.505,0.496,0.501,200071000,100246586,False
2024-01-11,0.5,0.506,0.497,0.505,211844370,106233258,False
2024-01-12,0.503,0.511,0.502,0.504,187480115,94882813,False
2024-01-15,0.502,0.509,0.496,0.507,166955156,83965780,False
2024-01-16,0.504,0.508,0.495,0.502,156896956,78597887,False
2024-01-17,0.498,0.499,0.486,0.487,150077100,73988513,False
2024-01-18,0.484,0.487,0.473,0.486,212241000,102235999,False
2024-01-19,0.484,0.492,0.483,0.485,273981448,133537588,False
2024-01-22,0.483,0.484,0.46,0.463,196968188,93286710,False
2024-01-23,0.461,0.473,0.458,0.471,189039947,88013278,False
2024-01-24,0.471,0.489,0.47,0.488,330159300,158148545,False
2024-01-25,0.489,0.517,0.488,0.517,352009025,177650096,False
2024-01-26,0.517,0.539,0.515,0.532,559337339,296213513,False
2024-01-29,0.538,0.538,0.519,0.519,459203539,243409022,False
2024-01-30,0.515,0.519,0.497,0.498,304081393,154592698,False
2024-01-31,0.497,0.5,0.481,0.483,276956600,135646377,False
2024-02-01,0.477,0.483,0.467,0.473,224238331,106402071,False
2024-02-02,0.473,0.49,0.455,0.469,250164600,118742329,False
2024-02-05,0.465,0.465,0.435,0.441,232155200,103460239,False
2024-02-06,0.436,0.461,0.425,0.457,298852200,132427432,False
2024-02-07,0.456,0.462,0.449,0.458,424246600,192925582,False
2024-02-08,0.459,0.482,0.459,0.482,314731800,148751858,False
2024-02-19,0.482,0.484,0.471,0.481,237256400,113148288,False
2024-02-20,0.483,0.487,0.478,0.486,315326400,152608193,False
2024-02-21,0.483,0.507,0.477,0.495,639926058,318105440,False
2024-02-22,0.491,0.498,0.488,0.496,238860642,117700886,False
2024-02-23,0.495,0.5,0.492,0.499,189287100,93948177,False
2024-02-26,0.497,0.501,0.49,0.494,366169600,180501460,False
2024-02-27,0.492,0.504,0.49,0.504,286378390,142612166,False
2024-02-28,0.504,0.51,0.488,0.489,363023200,182676873,False
2024-02-29,0.486,0.499,0.485,0.498,255793541,126175572,False
2024-03-01,0.498,0.501,0.493,0.498,208676558,103755497,False
2024-03-04,0.495,0.495,0.479,0.484,440984383,213097711,False
2024-03-05,0.482,0.486,0.474,0.482,272795071,130898457,False
2024-03-06,0.478,0.484,0.475,0.479,156599000,74993033,False
2024-03-07,0.478,0.484,0.475,0.476,192991700,92422636,False
2024-03-08,0.474,0.477,0.468,0.472,136764500,64545471,False
2024-03-11,0.473,0.484,0.472,0.484,215403985,102958066,False
2024-03-12,0.484,0.508,0.482,0.504,515123956,254962005,False
2024-03-13,0.497,0.501,0.49,0.492,259248600,128031680,False
2024-03-14,0.491,0.5,0.49,0.495,349223400,172826687,False
2024-03-15,0.493,0.498,0.489,0.494,154458000,76074058,False
2024-03-18,0.494,0.495,0.489,0.495,186956229,91928751,False
2024-03-19,0.494,0.495,0.489,0.489,238216500,117306838,False
2024-03-20,0.488,0.493,0.486,0.49,185066400,90652924,False
2024-03-21,0.49,0.498,0.49,0.495,217845609,107662760,False
2024-03-22,0.493,0.493,0.481,0.485,248802900,120859678,False
2024-03-25,0.486,0.5,0.482,0.49,360634900,177648100,False
2024-03-26,0.49,0.498,0.486,0.497,410141300,202113772,False
2024-03-27,0.496,0.496,0.48,0.482,302546300,147067928,False
2024-03-28,0.48,0.488,0.479,0.483,273804600,132672652,False
2024-03-29,0.479,0.482,0.475,0.477,181133600,86472798,False
2024-04-01,0.478,0.486,0.477,0.484,193917400,93408710,False
2024-04-02,0.483,0.484,0.476,0.478,210848300,100910962,False
2024-04-03,0.476,0.478,0.471,0.471,129136600,61142125,False
2024-04-08,0.47,0.474,0.463,0.464,173768000,81553236,False
2024-04-09,0.464,0.467,0.462,0.466,135448000,62975305,False
2024-04-10,0.466,0.467,0.449,0.452,202665300,92354531,False
2024-04-11,0.45,0.455,0.446,0.452,157850400,71123571,False
2024-04-12,0.451,0.452,0.44,0.441,144166400,64107171,False
2024-04-15,0.44,0.444,0.428,0.436,175563300,76682912,False
2024-04-16,0.432,0.437,0.423,0.427,235921700,101169027,False
2024-04-17,0.425,0.439,0.425,0.437,195500185,84948264,False
2024-04-18,0.436,0.44,0.431,0.434,159605200,69543867,False
2024-04-19,0.432,0.437,0.428,0.429,171788600,74038944,False
2024-04-22,0.429,0.434,0.425,0.428,148868200,63745530,False
2024-04-23,0.428,0.429,0.422,0.423,157258400,66885703,False
2024-04-24,0.425,0.425,0.417,0.424,189779000,79828154,False
2024-04-25,0.422,0.429,0.42,0.426,183353500,78032321,False
2024-04-26,0.426,0.445,0.422,0.442,662005371,289520931,False
2024-04-29,0.44,0.479,0.44,0.478,1464710500,684468763,False
2024-04-30,0.474,0.474,0.459,0.462,866592100,402660352,False
2024-05-06,0.474,0.479,0.464,0.466,724380971,341807501,False
2024-05-07,0.461,0.475,0.46,0.472,568385700,265468335,False
2024-05-08,0.467,0.468,0.456,0.458,491144461,225963009,False
2024-05-09,0.46,0.472,0.457,0.466,616107900,286885740,False
2024-05-10,0.467,0.486,0.464,0.483,897766957,426654681,False
2024-05-13,0.475,0.481,0.471,0.475,857667300,408270323,False
2024-05-14,0.475,0.483,0.472,0.477,545433500,260315442,False
2024-05-15,0.476,0.499,0.474,0.486,1373440300,671390863,False
2024-05-16,0.486,0.511,0.484,0.504,1220097700,611920774,False
2024-05-17,0.511,0.548,0.501,0.547,1934663360,1010970260,False
2024-05-20,0.538,0.548,0.526,0.534,1933830916,1035735785,False
2024-05-21,0.527,0.54,0.527,0.533,993283200,530268865,False
2024-05-22,0.533,0.559,0.533,0.54,1644083951,897137602,False
2024-05-23,0.53,0.539,0.52,0.527,1134479946,597866421,False
2024-05-24,0.522,0.523,0.508,0.509,751746046,387038446,False
2024-05-27,0.508,0.515,0.497,0.514,671328547,338428860,False
2024-05-28,0.517,0.519,0.496,0.498,831102200,420065672,False
2024-05-29,0.498,0.509,0.496,0.5,578497400,290088848,False
2024-05-30,0.495,0.496,0.486,0.488,504001100,246879650,False
2024-05-31,0.489,0.493,0.485,0.489,448766900,219276701,False
2024-06-03,0.484,0.486,0.475,0.478,530205300,254028901,False
2024-06-04,0.477,0.491,0.472,0.487,844428800,408311817,False
2024-06-05,0.485,0.485,0.474,0.474,719229600,344417148,False
2024-06-06,0.476,0.479,0.463,0.466,619869799,290412269,False
2024-06-07,0.468,0.479,0.466,0.477,536623395,254662421,False
2024-06-11,0.475,0.479,0.467,0.473,403749900,191331299,False
2024-06-12,0.47,0.474,0.466,0.47,356630000,167861374,False
2024-06-13,0.474,0.475,0.46,0.463,577432700,268264443,False
2024-06-14,0.46,0.475,0.458,0.47,713596400,334088500,False
2024-06-17,0.464,0.466,0.459,0.461,453769400,209615788,False
2024-06-18,0.46,0.464,0.458,0.46,387147600,178402621,False
2024-06-19,0.459,0.462,0.455,0.457,333363823,152677431,False
2024-06-20,0.455,0.456,0.442,0.442,436196600,194599378,False
2024-06-21,0.444,0.448,0.442,0.444,305554417,135823267,False
2024-06-24,0.441,0.442,0.427,0.428,422515600,182329121,False
2024-06-25,0.427,0.441,0.426,0.434,453412900,196691796,False
2024-06-26,0.431,0.438,0.428,0.437,396787400,171586552,False
2024-06-27,0.437,0.439,0.427,0.428,307258500,132692313,False
2024-06-28,0.424,0.432,0.419,0.422,503764600,214519826,False
2024-07-01,0.42,0.442,0.42,0.441,659189900,286511484,False
2024-07-02,0.436,0.448,0.436,0.438,453417800,200665660,False
2024-07-03,0.436,0.449,0.431,0.443,537124100,237749138,False
2024-07-04,0.44,0.442,0.426,0.428,319321700,138013078,False
2024-07-05,0.427,0.431,0.422,0.428,308503900,131559077,False
2024-07-08,0.425,0.426,0.411,0.412,506489515,210579062,False
2024-07-09,0.411,0.418,0.405,0.416,316592600,130462282,False
2024-07-10,0.411,0.417,0.405,0.411,298622700,122719496,False
2024-07-11,0.414,0.422,0.411,0.42,342123800,142714940,False
2024-07-12,0.422,0.44,0.421,0.431,563224800,243180706,False
2024-07-15,0.427,0.428,0.422,0.424,318446200,135211916,False
2024-07-16,0.423,0.43,0.42,0.426,329491400,140058407,False
2024-07-17,0.424,0.437,0.424,0.433,362772300,157165781,False
2024-07-18,0.431,0.437,0.427,0.436,267853300,115683731,False
2024-07-19,0.432,0.433,0.425,0.43,401479200,171592581,False
2024-07-22,0.43,0.43,0.423,0.426,302122000,128623286,False
2024-07-23,0.426,0.43,0.419,0.42,297966400,126745716,False
2024-07-24,0.419,0.422,0.409,0.41,329301900,136389180,False
2024-07-25,0.409,0.416,0.408,0.412,332693500,137345669,False
2024-07-26,0.412,0.422,0.412,0.416,295731800,123172847,False
2024-07-29,0.416,0.417,0.409,0.412,203449000,83842880,False
2024-07-30,0.411,0.422,0.411,0.421,331803800,138600513,False
2024-07-31,0.42,0.438,0.417,0.437,417203100,178939334,False
2024-08-01,0.436,0.44,0.428,0.43,289481402,124813371,False
2024-08-02,0.426,0.433,0.425,0.428,282332902,120940374,False
2024-08-05,0.423,0.435,0.422,0.423,346669000,148914386,False
2024-08-06,0.425,0.433,0.423,0.431,381086900,163074845,False
2024-08-07,0.43,0.431,0.424,0.428,250679800,107037438,False
2024-08-08,0.43,0.443,0.426,0.435,447945300,194634169,False
2024-08-09,0.431,0.451,0.43,0.441,694817802,308718131,False
2024-08-12,0.441,0.441,0.441,0.441,123927009,148994216,False
2024-08-13,1.189,1.192,1.176,1.188,99797558,118087286,False
2024-08-14,1.189,1.193,1.176,1.177,94189363,111404816,False
2024-08-15,1.175,1.204,1.17,1.198,133704727,159100665,False
2024-08-16,1.193,1.2,1.181,1.182,91995666,109297125,False
2024-08-19,1.176,1.192,1.169,1.179,112796274,133168981,False
2024-08-20,1.183,1.184,1.156,1.159,92520436,107867237,False
2024-08-21,1.157,1.164,1.147,1.155,122877468,142083674,False
2024-08-22,1.159,1.172,1.149,1.15,97020980,112594178,False
2024-08-23,1.146,1.15,1.137,1.144,84536611,96655627,False
2024-08-26,1.14,1.165,1.135,1.156,96033090,110645852,False
2024-08-27,1.154,1.155,1.118,1.122,102860447,116389479,False
2024-08-28,1.12,1.124,1.107,1.11,95525919,106515255,False
2024-08-29,1.107,1.12,1.104,1.116,89543161,99656952,False
2024-08-30,1.113,1.2,1.113,1.172,259488799,302167321,False
2024-09-02,1.157,1.166,1.136,1.136,131725193,151579297,False
2024-09-03,1.134,1.163,1.128,1.152,115699161,132811135,False
2024-09-04,1.141,1.17,1.139,1.142,98377364,113455883,False
2024-09-05,1.154,1.17,1.145,1.164,115812751,134164949,False
2024-09-06,1.154,1.163,1.145,1.147,95075063,109511486,False
2024-09-09,1.139,1.148,1.126,1.137,74260939,84331731,False
2024-09-10,1.139,1.143,1.111,1.127,105613925,118852837,False
2024-09-11,1.121,1.135,1.115,1.13,82155826,92558636,False
2024-09-12,1.128,1.146,1.127,1.132,88193881,100209528,False
2024-09-13,1.133,1.148,1.131,1.142,122278030,139573005,False
2024-09-18,1.143,1.18,1.133,1.169,202428144,233903527,False
2024-09-19,1.175,1.218,1.17,1.199,265558477,317286293,False
2024-09-20,1.181,1.224,1.178,1.217,221085175,266142898,False
2024-09-23,1.209,1.227,1.199,1.215,147891255,179848235,False
2024-09-24,1.242,1.25,1.208,1.248,271434530,334685000,False
2024-09-25,1.258,1.324,1.254,1.268,297325944,385390513,False
2024-09-26,1.254,1.395,1.254,1.395,491101876,659698156,False
2024-09-27,1.465,1.535,1.416,1.534,463579405,676512373,False
2024-09-30,1.687,1.687,1.525,1.687,1457540407,2360585724,False
2024-10-08,1.855,1.856,1.557,1.651,1696606879,2890708424,False
2024-10-09,1.558,1.558,1.486,1.486,883100660,1327030360,False
2024-10-10,1.43,1.516,1.424,1.472,648134896,950055307,False
2024-10-11,1.458,1.495,1.44,1.469,402920139,590944078,False
2024-10-14,1.516,1.533,1.48,1.518,625028806,940323876,False
2024-10-15,1.495,1.541,1.483,1.495,404539424,612574619,False
2024-10-16,1.513,1.585,1.508,1.581,755538995,1174869408,False
2024-10-17,1.591,1.591,1.475,1.479,759408446,1156939947,False
2024-10-18,1.452,1.535,1.431,1.509,750636092,1101944746,False
2024-10-21,1.496,1.525,1.487,1.512,352906550,531847586,False
2024-10-22,1.5,1.529,1.5,1.524,235819622,357876295,False
2024-10-23,1.522,1.546,1.515,1.528,230693037,353778679,False
2024-10-24,1.514,1.54,1.51,1.522,186183392,284167921,False
2024-10-25,1.527,1.563,1.522,1.549,241790366,374880845,False
2024-10-28,1.553,1.606,1.553,1.605,434564194,691534649,False
2024-10-29,1.61,1.629,1.572,1.573,233278465,372231568,False
2024-10-30,1.573,1.621,1.569,1.597,232263885,370245085,False
2024-10-31,1.587,1.705,1.583,1.652,483018082,799737850,False
2024-11-01,1.655,1.692,1.624,1.646,320637714,531301283,False
2024-11-04,1.649,1.649,1.607,1.648,238221233,388075672,False
2024-11-05,1.642,1.726,1.638,1.723,365220666,621580471,False
2024-11-06,1.722,1.79,1.681,1.76,442360260,767772394,False
2024-11-07,1.736,1.84,1.73,1.831,496088421,891380905,False
2024-11-08,1.86,1.865,1.756,1.766,495162145,887005818,False
2024-11-11,1.749,1.76,1.711,1.738,400762948,693611442,False
2024-11-12,1.736,1.761,1.711,1.729,255030393,443651960,False
2024-11-13,1.711,1.743,1.691,1.713,206769223,354067389,False
2024-11-14,1.756,1.756,1.646,1.649,350042614,589518364,False
2024-11-15,1.634,1.65,1.592,1.594,251397537,407827824,False
2024-11-18,1.608,1.651,1.603,1.611,254765294,414130031,False
2024-11-19,1.612,1.621,1.567,1.62,333993438,530515306,False
2024-11-20,1.608,1.63,1.597,1.628,161758004,261121689,False
2024-11-21,1.62,1.631,1.609,1.624,108841888,176251955,False
2024-11-22,1.623,1.642,1.581,1.584,165161445,267280288,False
2024-11-25,1.578,1.591,1.552,1.577,194404355,304867167,False
2024-11-26,1.569,1.605,1.569,1.586,145598617,230965464,False
2024-11-27,1.578,1.613,1.548,1.613,173858159,274425981,False
2024-11-28,1.611,1.65,1.61,1.633,165176335,269512785,False
2024-11-29,1.62,1.657,1.61,1.64,190119660,310807652,False
2024-12-02,1.628,1.688,1.626,1.681,253239587,422309472,False
2024-12-03,1.681,1.705,1.666,1.693,247148554,416418145,False
2024-12-04,1.689,1.695,1.65,1.655,191076959,320615629,False
2024-12-05,1.648,1.667,1.64,1.666,126977408,209933157,False
2024-12-06,1.668,1.704,1.656,1.69,167346173,281901769,False
2024-12-09,1.688,1.688,1.627,1.637,235425151,388370528,False
2024-12-10,1.765,1.765,1.65,1.656,323038403,547348128,False
2024-12-11,1.646,1.698,1.642,1.691,446114901,750919768,False
2024-12-12,1.686,1.709,1.671,1.707,164018154,277718848,False
2024-12-13,1.686,1.688,1.647,1.651,214579574,356549591,False
2024-12-16,1.652,1.658,1.618,1.626,124319216,203464603,False
2024-12-17,1.623,1.626,1.582,1.586,136797626,218233278,False
2024-12-18,1.593,1.595,1.576,1.587,140308312,222215566,False
2024-12-19,1.565,1.571,1.549,1.565,132416869,206333592,False
2024-12-20,1.553,1.574,1.553,1.57,113044273,177014429,False
2024-12-23,1.568,1.568,1.513,1.516,164974186,252802289,False
2024-12-24,1.511,1.523,1.505,1.521,143407458,217252775,False
2024-12-25,1.518,1.52,1.481,1.499,182592507,272849393,False
2024-12-26,1.494,1.508,1.489,1.497,104587538,156588532,False
2024-12-27,1.493,1.521,1.491,1.513,176323929,266830642,False
2024-12-30,1.506,1.506,1.478,1.489,161792064,240457095,False
2024-12-31,1.485,1.498,1.46,1.462,135840197,201195562,False
2025-01-02,1.458,1.487,1.428,1.438,174905846,256729576,False
2025-01-03,1.434,1.441,1.392,1.394,186358946,263767878,False
2025-01-06,1.391,1.393,1.365,1.384,169995928,234049482,False
2025-01-07,1.379,1.397,1.371,1.396,137450957,190411133,False
2025-01-08,1.39,1.397,1.359,1.389,131981154,181982795,False
2025-01-09,1.384,1.397,1.38,1.391,117588274,163562099,False
2025-01-10,1.39,1.398,1.352,1.354,129692194,178043671,False
2025-01-13,1.342,1.37,1.331,1.366,179922048,243963264,False
2025-01-14,1.366,1.41,1.365,1.407,147334025,204688461,False
2025-01-15,1.403,1.419,1.388,1.407,144345526,202631579,False
2025-01-16,1.409,1.435,1.395,1.408,138153281,195834072,False
2025-01-17,1.39,1.421,1.382,1.411,194625068,272912881,False
2025-01-20,1.408,1.432,1.384,1.416,177381002,250381713,False
2025-01-21,1.42,1.472,1.414,1.433,273413086,394988420,False
2025-01-22,1.415,1.421,1.381,1.384,174629603,244122976,False
2025-01-23,1.391,1.432,1.391,1.4,217407034,306891587,False
2025-01-24,1.396,1.407,1.383,1.4,155740745,217634097,False
2025-01-27,1.399,1.412,1.381,1.382,107098765,149324618,False
2025-02-05,1.383,1.383,1.358,1.368,132823701,181619426,False
2025-02-06,1.366,1.383,1.355,1.379,127639483,175027344,False
2025-02-07,1.379,1.427,1.374,1.412,297001275,418982327,False
2025-02-10,1.412,1.43,1.408,1.43,189269488,269007617,False
2025-02-11,1.431,1.436,1.401,1.407,122813475,173087014,False
2025-02-12,1.407,1.47,1.395,1.468,293902548,418031398,False
2025-02-13,1.447,1.479,1.436,1.464,289161149,421637912,False
2025-02-14,1.453,1.462,1.429,1.443,303645548,436914927,False
2025-02-17,1.444,1.458,1.43,1.445,187867917,271230636,False
2025-02-18,1.44,1.442,1.402,1.408,209555870,298214521,False
2025-02-19,1.408,1.423,1.402,1.423,152160252,215010118,False
2025-02-20,1.417,1.42,1.406,1.416,163347483,230965409,False
2025-02-21,1.419,1.425,1.4,1.417,207659062,293940591,False
2025-02-24,1.41,1.448,1.41,1.44,259011112,371909361,False
2025-02-25,1.434,1.445,1.417,1.429,183448009,263134517,False
2025-02-26,1.434,1.462,1.433,1.46,299984100,435673583,False
2025-02-27,1.46,1.482,1.458,1.473,302514769,445144368,False
2025-02-28,1.47,1.481,1.445,1.451,355524162,520077441,False
2025-03-03,1.454,1.485,1.448,1.456,265061517,389089790,False
2025-03-04,1.449,1.452,1.432,1.451,206725792,298376212,False
2025-03-05,1.451,1.452,1.412,1.428,283255460,404355171,False
2025-03-06,1.43,1.467,1.43,1.464,454704718,661727879,False
2025-03-07,1.452,1.457,1.433,1.438,233550308,336575322,False
2025-03-10,1.44,1.445,1.427,1.433,151678504,217574604,False
2025-03-11,1.422,1.434,1.414,1.433,147566379,209725965,False
2025-03-12,1.436,1.436,1.426,1.428,169387542,242181559,False
2025-03-13,1.426,1.427,1.405,1.414,153758702,217645922,False
2025-03-14,1.413,1.445,1.413,1.444,272400291,390336731,False
2025-03-17,1.45,1.47,1.45,1.458,474977849,694748673,False
2025-03-18,1.459,1.462,1.448,1.454,258771085,375636132,False
2025-03-19,1.451,1.453,1.439,1.443,137996995,199221889,False
2025-03-20,1.443,1.45,1.438,1.438,122257327,176503365,False
2025-03-21,1.438,1.44,1.419,1.425,175633535,250884603,False
2025-03-24,1.421,1.425,1.389,1.401,190928727,268182147,False
2025-03-25,1.398,1.406,1.391,1.404,127518640,178257852,False
2025-03-26,1.401,1.419,1.401,1.412,157560526,222525992,False
2025-03-27,1.41,1.419,1.396,1.41,136154518,191634889,False
2025-03-28,1.413,1.413,1.398,1.404,124357844,174672836,False
2025-03-31,1.4,1.402,1.372,1.378,151466883,209963304,False
2025-04-01,1.377,1.39,1.377,1.383,112889270,156241406,False
2025-04-02,1.383,1.383,1.375,1.381,90699473,125109189,False
2025-04-03,1.371,1.409,1.368,1.395,161402268,225155968,False
2025-04-07,1.353,1.353,1.256,1.269,239134531,309401326,False
2025-04-08,1.27,1.303,1.263,1.299,200551350,257942314,False
2025-04-09,1.282,1.37,1.261,1.364,329893298,438540612,False
2025-04-10,1.353,1.405,1.347,1.395,369588075,511089251,False
2025-04-11,1.38,1.386,1.365,1.383,313046104,430498842,False
2025-04-14,1.379,1.389,1.373,1.383,207791343,287303413,False
2025-04-15,1.383,1.383,1.358,1.367,125131197,170920030,False
2025-04-16,1.367,1.382,1.355,1.375,146208302,200048238,False
2025-04-17,1.368,1.428,1.364,1.406,304503207,429430062,False
2025-04-18,1.399,1.433,1.395,1.428,339538694,481218940,False
2025-04-21,1.415,1.425,1.404,1.425,279394388,396461249,False
2025-04-22,1.422,1.441,1.418,1.433,281197855,402010958,False
2025-04-23,1.433,1.434,1.405,1.41,184755687,262013620,False
2025-04-24,1.41,1.429,1.394,1.417,308283603,435005743,False
2025-04-25,1.412,1.455,1.401,1.402,553571806,789321927,False
2025-04-28,1.389,1.394,1.35,1.353,420577743,571649906,False
2025-04-29,1.351,1.357,1.346,1.354,144026876,194666863,False
2025-04-30,1.351,1.37,1.351,1.361,188218810,256774405,False
2025-05-06,1.361,1.374,1.361,1.373,123841639,169350240,False
2025-05-07,1.401,1.424,1.383,1.387,294682645,412086984,False
2025-05-08,1.38,1.39,1.376,1.385,123007318,170238249,False
2025-05-09,1.384,1.384,1.359,1.361,157384625,215046613,False
2025-05-12,1.362,1.371,1.358,1.37,177632466,242207661,False
2025-05-13,1.373,1.375,1.361,1.365,118509604,161981495,False
2025-05-14,1.365,1.376,1.355,1.372,192691144,262501075,False
2025-05-15,1.37,1.371,1.354,1.355,120196763,163672544,False
2025-05-16,1.355,1.359,1.346,1.354,96372891,130170305,False
2025-05-19,1.353,1.382,1.353,1.376,174983684,240036732,False
2025-05-20,1.375,1.375,1.365,1.373,165560225,227119358,False
2025-05-21,1.369,1.371,1.36,1.363,88330758,120432231,False
2025-05-22,1.362,1.362,1.344,1.346,156141656,211040503,False
2025-05-23,1.346,1.348,1.33,1.33,114865088,153905207,False
2025-05-26,1.33,1.337,1.326,1.332,87751620,116810698,False
2025-05-27,1.331,1.342,1.33,1.338,90274575,120606059,False
2025-05-28,1.341,1.342,1.33,1.332,61831786,82435296,False
2025-05-29,1.333,1.346,1.328,1.345,103888696,139301075,False
2025-05-30,1.343,1.351,1.34,1.345,83928924,112895511,False
2025-06-03,1.336,1.347,1.333,1.341,68045463,91284783,False
2025-06-04,1.341,1.356,1.34,1.354,104199848,140510889,False
2025-06-05,1.351,1.362,1.348,1.355,82235496,111316118,False
2025-06-06,1.354,1.36,1.351,1.355,67147048,91023808,False
2025-06-09,1.354,1.36,1.349,1.359,77846299,105560184,False
2025-06-10,1.36,1.369,1.343,1.351,105321226,143071391,False
2025-06-11,1.351,1.365,1.349,1.361,89117167,121243671,False
2025-06-12,1.359,1.36,1.347,1.353,73588362,99484342,False
2025-06-13,1.35,1.351,1.33,1.332,100341677,134158708,False
2025-06-16,1.333,1.366,1.333,1.359,153112432,207307799,False
2025-06-17,1.358,1.359,1.349,1.354,75994033,102861806,False
2025-06-18,1.35,1.352,1.331,1.337,94324117,126128002,False
2025-06-19,1.333,1.336,1.309,1.31,125463015,165603694,False
2025-06-20,1.308,1.317,1.308,1.31,66565923,87348197,False
2025-06-23,1.305,1.317,1.296,1.316,82341309,107623083,False
2025-06-24,1.313,1.332,1.313,1.332,82511086,109482252,False
2025-06-25,1.333,1.355,1.328,1.354,135379259,181675059,False
2025-06-26,1.352,1.359,1.343,1.349,92156405,124538932,False
2025-06-27,1.345,1.369,1.345,1.351,95372956,129508213,False
2025-06-30,1.352,1.362,1.352,1.359,79418690,107778372,False
2025-07-01,1.36,1.36,1.344,1.352,75716994,102259848,False
2025-07-02,1.35,1.361,1.347,1.36,79253101,107250234,False
2025-07-03,1.358,1.368,1.356,1.36,74266353,101086969,False
2025-07-04,1.361,1.362,1.349,1.353,81946553,111054714,False
2025-07-07,1.353,1.379,1.35,1.375,148105609,203029198,False
2025-07-08,1.371,1.39,1.369,1.39,147882434,204281927,False
2025-07-09,1.386,1.393,1.382,1.387,131960206,183039471,False
2025-07-10,1.387,1.443,1.386,1.435,277677091,393569574,False
2025-07-11,1.436,1.449,1.431,1.446,256853700,369934532,False
2025-07-14,1.437,1.439,1.415,1.422,221058128,315269755,False
2025-07-15,1.413,1.416,1.383,1.407,221127405,309137406,False
2025-07-16,1.397,1.41,1.39,1.4,156307404,218861624,False
2025-07-17,1.395,1.404,1.393,1.4,132120076,184683082,False
2025-07-18,1.403,1.409,1.395,1.409,139961073,196025382,False
2025-07-21,1.409,1.422,1.406,1.422,118726567,168277547,False
2025-07-22,1.421,1.446,1.408,1.442,173145487,246775994,False
2025-07-23,1.44,1.458,1.425,1.428,252258281,363208173,False
2025-07-24,1.428,1.464,1.422,1.46,258652068,375489716,False
2025-07-25,1.46,1.475,1.451,1.467,194874047,285183573,False
2025-07-28,1.462,1.479,1.449,1.474,173961865,254407950,False
2025-07-29,1.471,1.481,1.462,1.476,187979429,276837642,False
2025-07-30,1.475,1.489,1.469,1.471,448884082,664331667,False
2025-07-31,1.454,1.456,1.414,1.419,308449250,441916997,False
2025-08-01,1.419,1.421,1.407,1.411,205239450,289963654,False
2025-08-04,1.408,1.413,1.4,1.412,119350399,167728415,False
2025-08-05,1.413,1.431,1.411,1.429,113940183,162396398,False
2025-08-06,1.427,1.429,1.418,1.428,191312854,272632301,False
2025-08-07,1.425,1.444,1.422,1.444,135422942,194112824,False
2025-08-08,1.441,1.444,1.432,1.442,94762444,136363819,False
2025-08-11,1.446,1.463,1.446,1.459,151296556,220465577,False
2025-08-12,1.458,1.474,1.458,1.47,232112331,340434262,False
2025-08-13,1.473,1.482,1.468,1.474,133362898,196832475,False
2025-08-14,1.479,1.498,1.465,1.467,210032621,311354694,False
2025-08-15,1.468,1.504,1.466,1.503,301608242,451067739,False
2025-08-18,1.509,1.51,1.489,1.495,293512817,439981897,False
2025-08-19,1.495,1.518,1.495,1.508,261006373,394201743,False
2025-08-20,1.502,1.516,1.492,1.515,151584608,227882463,False
2025-08-21,1.513,1.521,1.506,1.51,112674728,170638688,False
2025-08-22,1.51,1.521,1.507,1.517,131494902,199077096,False
2025-08-25,1.521,1.587,1.521,1.572,382362541,599770021,False
2025-08-26,1.564,1.567,1.542,1.562,200302443,311386184,False
2025-08-27,1.558,1.563,1.508,1.51,202074318,310260533,False
2025-08-28,1.501,1.528,1.497,1.525,264248480,400757010,False
2025-08-29,1.538,1.55,1.515,1.519,141548741,216290493,False
2025-09-01,1.518,1.537,1.511,1.529,160023693,244033354,False
2025-09-02,1.524,1.535,1.509,1.515,154269806,234406862,False
2025-09-03,1.517,1.522,1.488,1.493,88207285,132807307,False
2025-09-04,1.494,1.496,1.463,1.476,112915818,167693735,False
2025-09-05,1.477,1.498,1.466,1.495,153950014,228536573,False
2025-09-08,1.502,1.519,1.501,1.511,125707653,189934660,False
2025-09-09,1.511,1.537,1.509,1.533,214704553,328334804,False
2025-09-10,1.525,1.547,1.524,1.542,120591615,185279263,False
2025-09-11,1.54,1.561,1.523,1.561,143655494,221912342,False
2025-09-12,1.56,1.6,1.558,1.581,209571818,331786293,False
2025-09-15,1.576,1.598,1.557,1.598,210937655,332442131,False
2025-09-16,1.592,1.617,1.592,1.614,247651924,396903373,False
2025-09-17,1.614,1.629,1.592,1.624,193574711,311976794,False
2025-09-18,1.617,1.637,1.571,1.584,298322594,479006402,False
2025-09-19,1.58,1.598,1.556,1.593,161853925,255562902,False
2025-09-22,1.586,1.603,1.562,1.596,149557672,237182505,False
2025-09-23,1.584,1.586,1.53,1.566,180871040,280656431,False
2025-09-24,1.555,1.614,1.555,1.607,206963279,330828462,False
2025-09-25,1.605,1.61,1.587,1.593,226961643,362516235,False
2025-09-26,1.586,1.631,1.581,1.596,200411535,322544331,False
2025-09-29,1.593,1.618,1.579,1.613,158787511,253844282,False
2025-09-30,1.61,1.654,1.61,1.647,261067771,428082038,False
2025-10-09,1.64,1.644,1.598,1.626,165832620,267424202,False
2025-10-10,1.611,1.642,1.611,1.632,108605810,177078172,False
2025-10-13,1.6,1.632,1.589,1.631,256200672,414819677,False
2025-10-14,1.63,1.669,1.619,1.629,181667938,298664017,False
2025-10-15,1.63,1.641,1.612,1.63,135758705,220472247,False
2025-10-16,1.621,1.633,1.607,1.616,104296941,168800376,False
2025-10-17,1.612,1.633,1.596,1.596,183212264,296411429,False
2025-10-20,1.603,1.619,1.597,1.606,84634499,136110228,False
2025-10-21,1.6,1.646,1.596,1.643,142292490,231928025,False
2025-10-22,1.642,1.67,1.637,1.655,123314004,204224000,False
2025-10-23,1.656,1.659,1.616,1.636,92442332,150947804,False
2025-10-24,1.632,1.646,1.614,1.619,155520415,252179959,False
2025-10-27,1.617,1.629,1.614,1.619,98666937,159784985,False
2025-10-28,1.619,1.62,1.606,1.61,90974869,146610287,False
2025-10-29,1.608,1.625,1.604,1.623,92906262,150031171,False
2025-10-30,1.622,1.622,1.597,1.598,92414598,148599136,False
2025-10-31,1.597,1.611,1.596,1.604,82350842,132173985,False
2025-11-03,1.603,1.606,1.588,1.604,143322803,228251196,False
2025-11-04,1.599,1.61,1.588,1.597,85067611,136140935,False
2025-11-05,1.591,1.61,1.578,1.606,100146177,160555976,False
2025-11-06,1.602,1.607,1.594,1.601,70280972,112427292,False
2025-11-07,1.599,1.605,1.594,1.596,54016071,86336318,False
2025-11-10,1.594,1.616,1.592,1.613,94891564,152517731,False
2025-11-11,1.611,1.63,1.61,1.624,86248382,139850402,False
2025-11-12,1.62,1.624,1.604,1.613,62489829,100714021,False
2025-11-13,1.604,1.631,1.592,1.629,92220934,149060714,False
2025-11-14,1.623,1.653,1.621,1.635,134588374,221200946,False
2025-11-17,1.634,1.652,1.63,1.652,148678520,244108422,False
2025-11-18,1.65,1.654,1.608,1.617,130805826,212276379,False
2025-11-19,1.606,1.618,1.58,1.589,127237622,202869586,False
2025-11-20,1.586,1.617,1.564,1.594,453200304,720304796,False
2025-11-21,1.57,1.589,1.54,1.542,180505118,281610955,False
2025-11-24,1.539,1.56,1.533,1.544,475651013,735968682,False
2025-11-25,1.539,1.563,1.535,1.556,159175356,246805353,False
2025-11-26,1.553,1.572,1.545,1.548,194125992,301723071,False
2025-11-27,1.541,1.553,1.516,1.54,197783629,304836311,False
2025-11-28,1.532,1.544,1.515,1.543,86261620,131772473,False
2025-12-01,1.543,1.556,1.538,1.544,113460850,175191949,False
2025-12-02,1.541,1.548,1.524,1.542,127019029,195594915,False
2025-12-03,1.539,1.544,1.517,1.518,77158817,117863607,False
2025-12-04,1.519,1.523,1.498,1.506,87046866,131384772,False
2025-12-05,1.504,1.513,1.483,1.511,111803172,167749471,False
2025-12-08,1.508,1.525,1.507,1.519,85052502,129047895,False
2025-12-09,1.515,1.515,1.486,1.488,147453459,219957420,False
2025-12-10,1.48,1.543,1.478,1.534,312415373,474045981,False
2025-12-11,1.52,1.525,1.482,1.483,158018722,236693609,False
2025-12-12,1.486,1.492,1.476,1.479,95339527,141506865,False
2025-12-15,1.465,1.475,1.459,1.463,141667423,207808101,False
2025-12-16,1.461,1.47,1.436,1.449,128242999,186034333,False
2025-12-17,1.44,1.45,1.423,1.448,116938945,167927777,False
2025-12-18,1.441,1.456,1.441,1.443,85229109,123506379,False
2025-12-19,1.44,1.473,1.44,1.47,122274871,178548380,False
2025-12-22,1.47,1.493,1.467,1.488,111476336,165375033,False
2025-12-23,1.488,1.49,1.471,1.473,66375135,98240341,False
2025-12-24,1.473,1.488,1.47,1.483,72854310,107834738,False
2025-12-25,1.489,1.497,1.483,1.494,187903545,279392662,False
2025-12-26,1.487,1.515,1.487,1.501,99050643,148817273,False
2025-12-29,1.503,1.516,1.491,1.495,144932930,217579300,False
2025-12-30,1.491,1.492,1.474,1.479,61632422,91270428,False
2025-12-31,1.489,1.504,1.472,1.499,123563741,183414755,False
2026-01-05,1.494,1.52,1.494,1.514,117864569,178193534,False
2026-01-06,1.505,1.541,1.505,1.536,101011000,154611184,False
2026-01-07,1.535,1.555,1.53,1.537,123126402,189851765,False
2026-01-08,1.532,1.571,1.525,1.562,126593929,195825513,False
2026-01-09,1.559,1.576,1.551,1.574,120041951,188019505,False
2026-01-12,1.564,1.582,1.563,1.569,83743101,131425206,False
2026-01-13,1.569,1.57,1.536,1.538,73993712,114964938,False
2026-01-14,1.539,1.556,1.503,1.516,206561116,316144617,False
2026-01-15,1.515,1.536,1.513,1.528,166223894,252949310,False
2026-01-16,1.537,1.538,1.505,1.511,127315558,193056066,False
2026-01-19,1.51,1.536,1.501,1.529,132168677,201557375,False
2026-01-20,1.522,1.562,1.52,1.556,147208399,228155223,False
2026-01-21,1.543,1.575,1.542,1.565,202171867,315798254,False
2026-01-22,1.567,1.58,1.559,1.573,149190920,234085910,False
2026-01-23,1.576,1.592,1.567,1.587,374268843,592585962,False
2026-01-26,1.582,1.589,1.543,1.551,207274558,322911402,False
2026-01-27,1.551,1.551,1.514,1.534,192905731,295353062,False
2026-01-28,1.535,1.555,1.531,1.551,187354041,289754607,False
2026-01-29,1.549,1.612,1.534,1.605,632035645,1006186986,False
2026-01-30,1.59,1.591,1.539,1.546,383810714,597874649,False
2026-02-02,1.531,1.544,1.49,1.494,185841349,282864983,False
2026-02-03,1.515,1.534,1.507,1.528,259443289,395320061,False
2026-02-04,1.516,1.577,1.516,1.57,268444051,417308291,False
2026-02-05,1.56,1.579,1.558,1.568,236829937,371840776,False
2026-02-06,1.556,1.565,1.545,1.547,128026394,198934120,False
2026-02-09,1.553,1.598,1.553,1.581,143909000,227184314,False
2026-02-10,1.573,1.576,1.552,1.555,108148796,168436687,False
2026-02-11,1.553,1.565,1.544,1.551,109704917,170537595,False
2026-02-12,1.553,1.565,1.541,1.543,91142544,141256323,False
2026-02-13,1.54,1.555,1.533,1.536,94827815,146497982,False
2026-02-24,1.542,1.548,1.529,1.536,80494247,123957260,False
2026-02-25,1.541,1.589,1.539,1.578,290759199,458674658,False
2026-02-26,1.571,1.579,1.536,1.54,284160351,440762604,False
2026-02-27,1.532,1.545,1.529,1.544,120062937,184644486,False
2026-03-02,1.53,1.532,1.498,1.509,115789449,175461845,False
2026-03-03,1.508,1.52,1.464,1.465,213395706,317215959,False
2026-03-04,1.458,1.474,1.442,1.452,112091235,163264638,False
2026-03-05,1.465,1.476,1.456,1.461,93692183,137393871,False
2026-03-06,1.456,1.477,1.453,1.476,78936937,115844435,False
2026-03-09,1.459,1.461,1.429,1.451,249705656,360777559,False
2026-03-10,1.457,1.469,1.457,1.466,56961573,83380596,False
2026-03-11,1.466,1.476,1.463,1.472,96973416,142517592,False
2026-03-12,1.47,1.478,1.46,1.468,64235486,94381858,False
2026-03-13,1.462,1.494,1.462,1.468,76874300,113838707,False
2026-03-16,1.468,1.489,1.467,1.477,103422971,152761758,False
2026-03-17,1.476,1.509,1.476,1.482,150045690,224151357,False
2026-03-18,1.481,1.481,1.452,1.466,139947329,204598836,False
2026-03-19,1.45,1.455,1.419,1.426,158259892,227520600,False
2026-03-20,1.426,1.435,1.401,1.401,131186862,185511602,False
2026-03-23,1.39,1.39,1.322,1.331,188447583,254548562,False
2026-03-24,1.345,1.371,1.333,1.369,171874277,232154101,False
2026-03-25,1.368,1.389,1.367,1.389,228541884,315812868,False
2026-03-26,1.386,1.396,1.359,1.363,66045295,90860920,False
2026-03-27,1.356,1.376,1.35,1.373,71544975,97736945,False
2026-03-30,1.354,1.372,1.342,1.369,233312705,317560279,False
2026-03-31,1.37,1.389,1.353,1.356,101197124,138867200,False
2026-04-01,1.367,1.374,1.354,1.364,114738904,156065706,False
2026-04-02,1.356,1.359,1.323,1.329,433920579,580280186,False
2026-04-03,1.33,1.331,1.296,1.301,89019608,116267536,False
2026-04-07,1.296,1.307,1.294,1.303,52359002,68135607,False
2026-04-08,1.318,1.353,1.318,1.353,75196057,100647870,False
2026-04-09,1.345,1.348,1.329,1.334,60194800,80446158,False
2026-04-10,1.336,1.358,1.336,1.348,59035914,79756567,False
2026-04-13,1.338,1.364,1.335,1.36,294814790,399977380,False
2026-04-14,1.366,1.399,1.363,1.398,234821759,325473995,False
2026-04-15,1.398,1.402,1.372,1.377,122560663,169783137,False
2026-04-16,1.369,1.383,1.368,1.381,80870968,111291678,False
2026-04-17,1.379,1.416,1.379,1.404,150659423,211173628,False
2026-04-20,1.397,1.398,1.388,1.398,69705509,97152940,False
2026-04-21,1.396,1.404,1.389,1.393,88744897,123684726,False
2026-04-22,1.391,1.401,1.388,1.4,70527131,98470519,False
2026-04-23,1.402,1.404,1.385,1.392,127140345,176802348,False
2026-04-24,1.385,1.39,1.376,1.383,81357934,112476640,False
2026-04-27,1.378,1.383,1.36,1.38,103546159,141871799,False
2026-04-28,1.375,1.393,1.375,1.385,76130851,105432094,False
2026-04-29,1.384,1.417,1.38,1.414,115468243,162764757,False
2026-04-30,1.415,1.443,1.41,1.438,82564140,118217367,False
2026-05-06,1.45,1.469,1.439,1.462,173613276,252303916,False
2026-05-07,1.462,1.476,1.46,1.47,187518240,275329829,False
2026-05-08,1.464,1.493,1.462,1.488,129853419,192610407,False
2026-05-11,1.484,1.524,1.483,1.509,375514279,567699510,False
2026-05-12,1.511,1.528,1.493,1.51,264067836,398667511,False
2026-05-13,1.505,1.512,1.487,1.491,127045919,189714919,False
2026-05-14,1.496,1.503,1.456,1.456,104503125,153923365,False
2026-05-15,1.451,1.462,1.424,1.433,155365043,224056219,False
2026-05-18,1.422,1.433,1.404,1.415,160070231,226161589,False
2026-05-19,1.414,1.428,1.403,1.426,206536936,292052672,False
2026-05-20,1.417,1.423,1.399,1.416,134557577,190036494,False
2026-05-21,1.413,1.427,1.362,1.364,105939420,147509404,False
2026-05-22,1.365,1.382,1.359,1.372,133897783,183579676,False
2026-05-25,1.366,1.388,1.366,1.382,172699992,237786123,False
2026-05-26,1.376,1.377,1.349,1.369,131554121,178752135,False
2026-05-27,1.361,1.365,1.321,1.329,98374566,131447852,False
2026-05-28,1.325,1.344,1.321,1.341,92096050,122863567,False
2026-05-29,1.341,1.391,1.34,1.354,177948270,242965974,False
2026-06-01,1.345,1.364,1.324,1.357,110979600,150227841,False
2026-06-02,1.355,1.359,1.324,1.332,147364096,196787990,False
2026-06-03,1.332,1.333,1.31,1.316,84904022,111824786,False
2026-06-04,1.308,1.329,1.298,1.306,74373712,97532379,False
2026-06-05,1.306,1.32,1.293,1.297,106421116,138989369,False
2026-06-08,1.28,1.296,1.251,1.262,73251674,93235371,False
2026-06-09,1.266,1.275,1.244,1.263,105874061,132615432,False
2026-06-10,1.257,1.268,1.253,1.264,64318006,81072431,False
2026-06-11,1.261,1.269,1.254,1.26,100079030,126131221,False
