date,open,high,low,close,volume,amount,suspended
2017-09-01,1.015,1.053,1.015,1.036,323168700,331559089,False
2017-09-04,1.048,1.065,1.043,1.056,68143900,71743578,False
2017-09-05,1.052,1.059,1.031,1.055,26435900,27697910,False
2017-09-06,1.039,1.09,1.039,1.064,57910700,61897494,False
2017-09-07,1.064,1.064,1.045,1.046,26759700,28244442,False
2017-09-08,1.047,1.07,1.047,1.058,43312200,45988866,False
2017-09-11,1.051,1.093,1.051,1.091,38845200,41760785,False
2017-09-12,1.095,1.126,1.075,1.092,49598300,54629847,False
2017-09-13,1.078,1.089,1.071,1.088,25859600,27945071,False
2017-09-14,1.083,1.085,1.066,1.07,19455800,20901009,False
2017-09-15,1.067,1.07,1.04,1.043,36289900,38039816,False
2017-09-18,1.044,1.055,1.036,1.048,25305700,26513277,False
2017-09-19,1.048,1.053,1.037,1.042,26052000,27200460,False
2017-09-20,1.041,1.068,1.04,1.067,31343800,33186195,False
2017-09-21,1.068,1.068,1.038,1.039,14487500,15158872,False
2017-09-22,1.037,1.037,1.017,1.022,33896000,34808129,False
2017-09-25,1.023,1.03,1.003,1.003,14380500,14574108,False
2017-09-26,1.013,1.02,1.006,1.013,13390700,13567542,False
2017-09-27,1.01,1.034,1.009,1.029,13690500,14067995,False
2017-09-28,1.029,1.034,1.019,1.021,4539600,4664499,False
2017-09-29,1.021,1.034,1.014,1.024,4697700,4811775,False
2017-10-09,1.03,1.037,1.026,1.029,5564000,5732599,False
2017-10-10,1.029,1.029,1.01,1.018,6016300,6107854,False
2017-10-11,1.017,1.017,0.993,1.002,28453200,28512295,False
2017-10-12,1.003,1.003,0.982,0.995,21209900,21077592,False
2017-10-13,0.996,1.003,0.996,0.998,17472700,17468549,False
2017-10-16,0.999,1.012,0.992,1.007,24543700,24702403,False
2017-10-17,1.004,1.004,0.984,0.986,13437200,13350771,False
2017-10-18,0.987,0.987,0.97,0.971,8354300,8168359,False
2017-10-19,0.966,0.977,0.965,0.969,7470600,7245418,False
2017-10-20,0.969,0.988,0.967,0.987,10172700,9977828,False
2017-10-23,0.985,0.985,0.976,0.985,2159500,2118408,False
2017-10-24,0.985,0.993,0.982,0.989,3692600,3648815,False
2017-10-25,0.989,0.989,0.98,0.986,3144600,3095627,False
2017-10-26,0.986,0.997,0.981,0.996,5211400,5163942,False
2017-10-27,0.994,0.994,0.981,0.982,2823900,2788137,False
2017-10-30,0.98,0.98,0.952,0.963,6013000,5789375,False
2017-10-31,0.966,0.977,0.961,0.975,8604100,8329043,False
2017-11-01,0.981,0.986,0.973,0.978,11633900,11403678,False
2017-11-02,0.97,0.983,0.966,0.97,3458100,3374162,False
2017-11-03,0.965,0.97,0.95,0.954,5618100,5375614,False
2017-11-06,0.951,0.958,0.945,0.955,4926000,4689125,False
2017-11-07,0.957,0.966,0.948,0.962,3018900,2896919,False
2017-11-08,0.96,0.973,0.954,0.966,9795900,9468765,False
2017-11-09,0.968,0.973,0.96,0.964,5996500,5783240,False
2017-11-10,0.963,0.964,0.958,0.96,3169400,3043193,False
2017-11-13,0.962,0.963,0.95,0.958,7135100,6817208,False
2017-11-14,0.958,0.961,0.945,0.949,4844100,4624766,False
2017-11-15,0.946,0.946,0.919,0.919,14605400,13532642,False
2017-11-16,0.92,0.923,0.91,0.91,4948000,4533557,False
2017-11-17,0.911,0.917,0.891,0.893,5346900,4836314,False
2017-11-20,0.893,0.903,0.88,0.902,4448800,3974711,False
2017-11-21,0.902,0.902,0.891,0.898,4459700,3994021,False
2017-11-22,0.899,0.907,0.897,0.905,3332600,3008536,False
2017-11-23,0.907,0.924,0.899,0.9,13764600,12605634,False
2017-11-24,0.901,0.924,0.891,0.919,7013900,6392528,False
2017-11-27,0.92,0.925,0.898,0.899,11178000,10237566,False
2017-11-28,0.89,0.913,0.89,0.912,4080000,3693480,False
2017-11-29,0.912,0.934,0.907,0.931,22885700,21139349,False
2017-11-30,0.938,0.938,0.918,0.923,7887900,7316642,False
2017-12-01,0.923,0.928,0.915,0.92,6892300,6343198,False
2017-12-04,0.93,0.93,0.919,0.92,5587200,5179107,False
2017-12-05,0.916,0.916,0.885,0.89,9519200,8524586,False
2017-12-06,0.881,0.888,0.87,0.886,8057200,7075545,False
2017-12-07,0.885,0.893,0.883,0.886,3931300,3496895,False
2017-12-08,0.886,0.894,0.882,0.892,3550100,3157022,False
2017-12-11,0.894,0.905,0.889,0.905,4045200,3630009,False
2017-12-12,0.903,0.915,0.901,0.902,11148100,10119945,False
2017-12-13,0.9,0.904,0.895,0.903,2195900,1973706,False
2017-12-14,0.902,0.912,0.898,0.901,3859400,3495405,False
2017-12-15,0.904,0.904,0.892,0.897,2947900,2646885,False
2017-12-18,0.896,0.9,0.891,0.899,2166900,1937739,False
2017-12-19,0.897,0.899,0.894,0.898,2048500,1835652,False
2017-12-20,0.896,0.897,0.879,0.884,3052800,2708836,False
2017-12-21,0.884,0.894,0.881,0.89,2622400,2329660,False
2017-12-22,0.887,0.907,0.887,0.901,5369300,4837232,False
2017-12-25,0.902,0.907,0.896,0.896,4565000,4113453,False
2017-12-26,0.9,0.902,0.889,0.902,2428500,2176746,False
2017-12-27,0.901,0.923,0.901,0.911,9613400,8783923,False
2017-12-28,0.914,0.95,0.911,0.946,21071700,19703609,False
2017-12-29,0.95,0.95,0.932,0.942,16961000,15897203,False
2018-01-02,0.945,0.948,0.937,0.948,3621709,3414750,False
2018-01-03,0.948,0.968,0.943,0.958,9086700,8723792,False
2018-01-04,0.956,0.972,0.949,0.972,5155900,4954038,False
2018-01-05,0.968,0.973,0.961,0.964,5236000,5061015,False
2018-01-08,0.96,0.99,0.959,0.985,12373800,12090094,False
2018-01-09,0.985,0.994,0.977,0.985,6500100,6408517,False
2018-01-10,0.98,0.991,0.966,0.973,5770391,5635975,False
2018-01-11,0.97,0.987,0.97,0.978,7446900,7285201,False
2018-01-12,0.98,0.981,0.966,0.972,6761200,6571310,False
2018-01-15,0.972,0.972,0.93,0.936,7923500,7497096,False
2018-01-16,0.936,0.944,0.932,0.944,5787900,5429281,False
2018-01-17,0.944,0.944,0.915,0.929,6520500,6022715,False
2018-01-18,0.929,0.936,0.923,0.93,7019400,6525916,False
2018-01-19,0.93,0.939,0.925,0.935,4829300,4502258,False
2018-01-22,0.93,0.946,0.93,0.946,6349300,5954285,False
2018-01-23,0.951,0.961,0.944,0.959,10282500,9819685,False
2018-01-24,0.958,0.958,0.944,0.953,8752500,8306584,False
2018-01-25,0.964,0.972,0.959,0.964,18560600,17939466,False
2018-01-26,0.96,0.96,0.946,0.954,7966900,7605019,False
2018-01-29,0.949,0.967,0.949,0.954,10272900,9844359,False
2018-01-30,0.954,0.969,0.947,0.949,12835500,12295320,False
2018-01-31,0.947,0.95,0.934,0.941,5927900,5569868,False
2018-02-01,0.939,0.946,0.907,0.909,6307900,5848258,False
2018-02-02,0.909,0.94,0.886,0.933,9115200,8354157,False
2018-02-05,0.917,0.937,0.914,0.927,4169900,3864413,False
2018-02-06,0.901,0.931,0.887,0.89,10784100,9855664,False
2018-02-07,0.9,0.913,0.882,0.89,6397400,5761564,False
2018-02-08,0.88,0.895,0.87,0.879,3851400,3382961,False
2018-02-09,0.87,0.884,0.821,0.835,4127200,3488553,False
2018-02-12,0.837,0.868,0.836,0.865,18581500,15815835,False
2018-02-13,0.865,0.882,0.865,0.876,2656000,2332555,False
2018-02-14,0.878,0.888,0.872,0.887,1872100,1647440,False
2018-02-22,0.89,0.926,0.89,0.917,9537500,8659831,False
2018-02-23,0.918,0.925,0.908,0.925,5417000,4979013,False
2018-02-26,0.924,0.938,0.915,0.932,13489300,12478688,False
2018-02-27,0.932,0.932,0.911,0.912,2429900,2227069,False
2018-02-28,0.902,0.926,0.895,0.92,3729800,3391095,False
2018-03-01,0.915,0.925,0.907,0.923,3067300,2815382,False
2018-03-02,0.917,0.934,0.913,0.918,7188000,6664504,False
2018-03-05,0.92,0.93,0.912,0.917,4896300,4511372,False
2018-03-06,0.924,0.93,0.908,0.929,5738800,5302369,False
2018-03-07,0.924,0.928,0.912,0.912,3832600,3529003,False
2018-03-08,0.917,0.928,0.913,0.915,8269400,7613792,False
2018-03-09,0.912,0.918,0.91,0.917,2119500,1935115,False
2018-03-12,0.916,0.949,0.916,0.946,10642200,9948490,False
2018-03-13,0.947,0.947,0.937,0.942,4540300,4276812,False
2018-03-14,0.942,0.963,0.937,0.947,10773600,10282281,False
2018-03-15,0.948,0.951,0.936,0.944,4497900,4235960,False
2018-03-16,0.944,0.944,0.929,0.93,1245500,1165433,False
2018-03-19,0.924,0.932,0.917,0.927,3161600,2919013,False
2018-03-20,0.917,0.925,0.914,0.921,1108700,1019728,False
2018-03-21,0.922,0.928,0.907,0.911,5575300,5118630,False
2018-03-22,0.917,0.924,0.911,0.912,5000300,4597939,False
2018-03-23,0.897,0.897,0.85,0.867,5427700,4764921,False
2018-03-26,0.86,0.886,0.855,0.886,4252600,3733564,False
2018-03-27,0.89,0.912,0.89,0.912,1985000,1789351,False
2018-03-28,0.903,0.903,0.889,0.892,682300,610855,False
2018-03-29,0.896,0.897,0.885,0.896,605400,540663,False
2018-03-30,0.893,0.897,0.891,0.893,759700,679005,False
2018-04-02,0.895,0.901,0.892,0.893,1020900,914205,False
2018-04-03,0.888,0.888,0.877,0.881,756700,667117,False
2018-04-04,0.881,0.888,0.875,0.876,683700,602547,False
2018-04-09,0.874,0.886,0.874,0.879,3930900,3462958,False
2018-04-10,0.88,0.899,0.88,0.899,3515400,3125512,False
2018-04-11,0.908,0.912,0.897,0.906,3350900,3023943,False
2018-04-12,0.911,0.911,0.894,0.895,1493400,1341596,False
2018-04-13,0.898,0.899,0.885,0.889,1183100,1055363,False
2018-04-16,0.887,0.891,0.877,0.88,1079400,953994,False
2018-04-17,0.883,0.884,0.855,0.856,2732100,2369729,False
2018-04-18,0.86,0.863,0.838,0.86,3450400,2931574,False
2018-04-19,0.867,0.887,0.866,0.881,8087200,7086561,False
2018-04-20,0.873,0.875,0.859,0.862,2463500,2137350,False
2018-04-23,0.862,0.862,0.845,0.854,1736400,1483760,False
2018-04-24,0.854,0.866,0.84,0.863,3869700,3311426,False
2018-04-25,0.859,0.866,0.855,0.858,2875900,2472746,False
2018-04-26,0.857,0.858,0.841,0.844,1508300,1273367,False
2018-04-27,0.851,0.856,0.838,0.843,2218300,1865777,False
2018-05-02,0.845,0.847,0.839,0.839,882731,743613,False
2018-05-03,0.84,0.844,0.828,0.843,2533616,2116135,False
2018-05-04,0.843,0.846,0.838,0.84,1060600,893405,False
2018-05-07,0.844,0.858,0.842,0.856,3726700,3186774,False
2018-05-08,0.857,0.865,0.856,0.865,1865300,1605666,False
2018-05-09,0.858,0.865,0.856,0.863,1235100,1064328,False
2018-05-10,0.865,0.869,0.861,0.863,2120700,1834290,False
2018-05-11,0.864,0.884,0.864,0.876,4906000,4290881,False
2018-05-14,0.876,0.898,0.875,0.879,3386200,2995080,False
2018-05-15,0.88,0.882,0.872,0.882,950200,832943,False
2018-05-16,0.881,0.881,0.865,0.867,947300,827990,False
2018-05-17,0.867,0.877,0.864,0.867,3623600,3161166,False
2018-05-18,0.869,0.874,0.861,0.871,1592300,1381395,False
2018-05-21,0.872,0.884,0.872,0.876,1136700,998065,False
2018-05-22,0.881,0.881,0.866,0.876,3522200,3071636,False
2018-05-23,0.872,0.875,0.858,0.859,1173500,1012699,False
2018-05-24,0.853,0.864,0.853,0.858,1641600,1412941,False
2018-05-25,0.856,0.86,0.844,0.848,886500,754957,False
2018-05-28,0.848,0.849,0.84,0.842,910800,768202,False
2018-05-29,0.842,0.845,0.838,0.841,2501300,2105834,False
2018-05-30,0.829,0.832,0.817,0.817,2585800,2135718,False
2018-05-31,0.822,0.825,0.815,0.822,1259200,1032086,False
2018-06-01,0.821,0.831,0.818,0.823,2542600,2094888,False
2018-06-04,0.824,0.824,0.812,0.813,1795400,1463054,False
2018-06-05,0.82,0.823,0.811,0.822,1847900,1513403,False
2018-06-06,0.833,0.838,0.824,0.835,2971000,2476763,False
2018-06-07,0.836,0.843,0.832,0.833,5634000,4720508,False
2018-06-08,0.832,0.832,0.815,0.818,2017800,1658540,False
2018-06-11,0.818,0.829,0.818,0.824,3846100,3172529,False
2018-06-12,0.824,0.826,0.813,0.826,1636100,1342773,False
2018-06-13,0.823,0.823,0.815,0.816,733900,600639,False
2018-06-14,0.817,0.82,0.812,0.814,1367400,1113661,False
2018-06-15,0.813,0.815,0.795,0.802,5548000,4436065,False
2018-06-19,0.793,0.793,0.74,0.749,3292900,2512305,False
2018-06-20,0.749,0.754,0.738,0.752,903900,674699,False
2018-06-21,0.75,0.756,0.727,0.729,1960900,1449510,False
2018-06-22,0.727,0.743,0.71,0.741,1638100,1193006,False
2018-06-25,0.742,0.751,0.735,0.736,2375600,1773870,False
2018-06-26,0.732,0.743,0.725,0.739,1908300,1394191,False
2018-06-27,0.739,0.742,0.732,0.734,419900,309320,False
2018-06-28,0.735,0.744,0.729,0.73,1092900,806212,False
2018-06-29,0.73,0.75,0.726,0.748,2715800,2012142,False
2018-07-02,0.75,0.75,0.725,0.731,2460800,1805774,False
2018-07-03,0.731,0.734,0.712,0.733,2116100,1532563,False
2018-07-04,0.732,0.735,0.723,0.726,555900,404732,False
2018-07-05,0.724,0.724,0.702,0.703,1107000,788992,False
2018-07-06,0.702,0.716,0.692,0.708,1086900,765527,False
2018-07-09,0.709,0.723,0.708,0.722,1788000,1282928,False
2018-07-10,0.72,0.737,0.72,0.733,5428400,3963414,False
2018-07-11,0.725,0.733,0.711,0.724,953700,685634,False
2018-07-12,0.721,0.737,0.719,0.735,1919100,1400986,False
2018-07-13,0.735,0.746,0.731,0.743,2503000,1849774,False
2018-07-16,0.744,0.744,0.732,0.739,2214400,1631456,False
2018-07-17,0.736,0.739,0.73,0.737,1369900,1005448,False
2018-07-18,0.737,0.74,0.73,0.73,1163900,856728,False
2018-07-19,0.733,0.735,0.72,0.721,831800,602831,False
2018-07-20,0.722,0.73,0.717,0.727,1999800,1448910,False
2018-07-23,0.727,0.744,0.726,0.742,2237100,1643363,False
2018-07-24,0.745,0.762,0.742,0.758,3484800,2620846,False
2018-07-25,0.763,0.766,0.75,0.753,2037500,1537547,False
2018-07-26,0.755,0.76,0.744,0.746,1450300,1082372,False
2018-07-27,0.745,0.746,0.739,0.741,853600,632890,False
2018-07-30,0.741,0.749,0.735,0.739,2591000,1922377,False
2018-07-31,0.739,0.741,0.732,0.734,1485200,1089353,False
2018-08-01,0.734,0.74,0.719,0.72,1330500,971971,False
2018-08-02,0.72,0.72,0.688,0.707,2582400,1819765,False
2018-08-03,0.707,0.707,0.692,0.696,1431200,997999,False
2018-08-06,0.697,0.697,0.667,0.669,2234600,1515442,False
2018-08-07,0.669,0.683,0.655,0.682,3791000,2537714,False
2018-08-08,0.678,0.684,0.669,0.671,677400,456376,False
2018-08-09,0.672,0.69,0.672,0.685,3824200,2625249,False
2018-08-10,0.685,0.689,0.681,0.686,361400,247792,False
2018-08-13,0.682,0.689,0.676,0.688,1091100,744307,False
2018-08-14,0.686,0.69,0.68,0.688,902000,618025,False
2018-08-15,0.687,0.687,0.669,0.669,1177100,792583,False
2018-08-16,0.666,0.67,0.655,0.662,1009600,670619,False
2018-08-17,0.665,0.678,0.652,0.652,788600,518995,False
2018-08-20,0.655,0.662,0.651,0.662,477400,313694,False
2018-08-21,0.662,0.673,0.662,0.67,640700,427842,False
2018-08-22,0.67,0.67,0.66,0.663,589500,391410,False
2018-08-23,0.662,0.667,0.659,0.665,320700,212377,False
2018-08-24,0.66,0.666,0.659,0.663,518800,343547,False
2018-08-27,0.665,0.675,0.663,0.673,1008600,676107,False
2018-08-28,0.675,0.685,0.67,0.68,2406600,1634223,False
2018-08-29,0.68,0.68,0.671,0.674,1112200,749334,False
2018-08-30,0.67,0.677,0.666,0.667,909000,608199,False
2018-08-31,0.666,0.666,0.654,0.657,1797300,1184493,False
2018-09-03,0.659,0.659,0.649,0.657,1645900,1071967,False
2018-09-04,0.656,0.662,0.652,0.66,1615900,1060494,False
2018-09-05,0.657,0.658,0.645,0.647,1794300,1167242,False
2018-09-06,0.645,0.651,0.639,0.643,1846300,1192563,False
2018-09-07,0.643,0.649,0.64,0.641,1078400,693703,False
2018-09-10,0.641,0.641,0.626,0.627,1353500,857671,False
2018-09-11,0.629,0.629,0.62,0.625,2652000,1657025,False
2018-09-12,0.625,0.632,0.624,0.628,384700,241611,False
2018-09-13,0.631,0.64,0.631,0.637,2902900,1851178,False
2018-09-14,0.638,0.648,0.638,0.642,2795600,1793097,False
2018-09-17,0.636,0.636,0.624,0.626,785400,492174,False
2018-09-18,0.625,0.637,0.623,0.637,1017800,640624,False
2018-09-19,0.637,0.648,0.635,0.644,1486800,952154,False
2018-09-20,0.644,0.653,0.644,0.645,2369000,1534292,False
2018-09-21,0.65,0.664,0.641,0.66,2448900,1602959,False
2018-09-25,0.66,0.663,0.655,0.659,1527500,1008296,False
2018-09-26,0.66,0.666,0.658,0.662,1157300,766215,False
2018-09-27,0.66,0.664,0.655,0.655,944600,622728,False
2018-09-28,0.655,0.663,0.651,0.663,1429100,937782,False
2018-10-08,0.658,0.662,0.644,0.646,3934200,2573074,False
2018-10-09,0.643,0.657,0.643,0.653,1068900,696547,False
2018-10-10,0.656,0.66,0.644,0.65,562100,366675,False
2018-10-11,0.63,0.639,0.589,0.596,1693400,1039581,False
2018-10-12,0.6,0.605,0.583,0.601,2076900,1240167,False
2018-10-15,0.6,0.601,0.59,0.591,466100,277535,False
2018-10-16,0.591,0.594,0.572,0.572,1071200,620257,False
2018-10-17,0.584,0.589,0.559,0.571,1444400,821756,False
2018-10-18,0.576,0.576,0.55,0.551,1211600,671970,False
2018-10-19,0.551,0.564,0.54,0.561,906100,502793,False
2018-10-22,0.567,0.599,0.563,0.593,2480400,1448991,False
2018-10-23,0.585,0.589,0.576,0.577,2158000,1258745,False
2018-10-24,0.578,0.635,0.574,0.586,2354600,1402034,False
2018-10-25,0.583,0.592,0.567,0.586,1273500,737426,False
2018-10-26,0.592,0.603,0.586,0.59,3043100,1808509,False
2018-10-29,0.587,0.59,0.573,0.577,1654400,958344,False
2018-10-30,0.572,0.587,0.569,0.584,1862300,1077804,False
2018-10-31,0.587,0.606,0.577,0.602,4588500,2726916,False
2018-11-01,0.606,0.61,0.592,0.603,3497200,2103074,False
2018-11-02,0.612,0.626,0.605,0.619,4377900,2687370,False
2018-11-05,0.617,0.621,0.609,0.613,1925300,1183517,False
2018-11-06,0.607,0.612,0.603,0.607,1378300,838106,False
2018-11-07,0.61,0.633,0.61,0.622,4661800,2912408,False
2018-11-08,0.622,0.625,0.605,0.607,2500900,1536709,False
2018-11-09,0.607,0.61,0.595,0.598,1435200,863426,False
2018-11-12,0.598,0.609,0.592,0.608,2035400,1223832,False
2018-11-13,0.604,0.618,0.6,0.617,3286900,2006881,False
2018-11-14,0.615,0.621,0.61,0.613,1808400,1115366,False
2018-11-15,0.613,0.622,0.611,0.621,1361000,839070,False
2018-11-16,0.623,0.627,0.618,0.621,1524200,949793,False
2018-11-19,0.621,0.626,0.616,0.623,2052500,1274667,False
2018-11-20,0.619,0.627,0.614,0.615,3306800,2051852,False
2018-11-21,0.612,0.614,0.606,0.613,1564300,952623,False
2018-11-22,0.615,0.617,0.609,0.611,810400,496699,False
2018-11-23,0.608,0.608,0.581,0.581,4940800,2922371,False
2018-11-26,0.578,0.584,0.574,0.577,2444800,1417023,False
2018-11-27,0.584,0.585,0.578,0.582,1657700,962015,False
2018-11-28,0.577,0.587,0.574,0.587,2134500,1240828,False
2018-11-29,0.59,0.601,0.585,0.585,8096500,4806816,False
2018-11-30,0.582,0.591,0.58,0.591,2329300,1364332,False
2018-12-03,0.601,0.608,0.597,0.606,3483900,2101173,False
2018-12-04,0.604,0.608,0.603,0.608,1962900,1190465,False
2018-12-05,0.6,0.616,0.598,0.608,3836700,2342981,False
2018-12-06,0.605,0.609,0.601,0.603,2742500,1653869,False
2018-12-07,0.601,0.605,0.598,0.6,1020100,612719,False
2018-12-10,0.598,0.601,0.594,0.596,1431600,853693,False
2018-12-11,0.596,0.601,0.596,0.601,736100,440875,False
2018-12-12,0.604,0.604,0.599,0.601,946500,570111,False
2018-12-13,0.6,0.607,0.596,0.604,2550000,1538866,False
2018-12-14,0.601,0.607,0.586,0.586,2081000,1235462,False
2018-12-17,0.584,0.592,0.583,0.591,1813200,1065075,False
2018-12-18,0.588,0.593,0.586,0.592,1935800,1141791,False
2018-12-19,0.592,0.592,0.585,0.585,995000,584882,False
2018-12-20,0.585,0.588,0.58,0.584,806800,470720,False
2018-12-21,0.584,0.585,0.574,0.577,1099800,635430,False
2018-12-24,0.576,0.579,0.574,0.578,210100,121320,False
2018-12-25,0.575,0.575,0.56,0.569,945400,535521,False
2018-12-26,0.568,0.57,0.566,0.568,355200,202000,False
2018-12-27,0.571,0.576,0.561,0.561,775100,442234,False
2018-12-28,0.562,0.568,0.561,0.567,200600,113306,False
2019-01-02,0.568,0.568,0.557,0.557,525200,293561,False
2019-01-03,0.557,0.567,0.556,0.564,1892400,1065597,False
2019-01-04,0.564,0.58,0.563,0.579,1999900,1145402,False
2019-01-07,0.585,0.591,0.576,0.59,2429400,1411617,False
2019-01-08,0.588,0.59,0.577,0.581,2664800,1546206,False
2019-01-09,0.584,0.584,0.577,0.578,6186700,3592126,False
2019-01-10,0.576,0.581,0.573,0.576,2921900,1685303,False
2019-01-11,0.576,0.581,0.574,0.581,4740600,2736051,False
2019-01-14,0.579,0.583,0.576,0.578,2105400,1222502,False
2019-01-15,0.577,0.585,0.576,0.583,1853100,1074305,False
2019-01-16,0.582,0.583,0.577,0.58,2102300,1218973,False
2019-01-17,0.581,0.584,0.574,0.576,3746200,2167212,False
2019-01-18,0.576,0.591,0.575,0.59,4744000,2775546,False
2019-01-21,0.593,0.593,0.586,0.59,4540500,2668786,False
2019-01-22,0.588,0.588,0.576,0.581,3399500,1979793,False
2019-01-23,0.578,0.584,0.576,0.582,2655000,1543535,False
2019-01-24,0.582,0.582,0.576,0.58,3402100,1969608,False
2019-01-25,0.577,0.58,0.576,0.578,4552300,2628060,False
2019-01-28,0.582,0.583,0.574,0.576,4715300,2726871,False
2019-01-29,0.574,0.574,0.557,0.565,4871600,2754866,False
2019-01-30,0.565,0.567,0.56,0.561,1725600,971383,False
2019-01-31,0.56,0.566,0.55,0.553,3597400,2006892,False
2019-02-01,0.554,0.565,0.554,0.565,3909100,2187821,False
2019-02-11,0.565,0.583,0.565,0.583,7452500,4273347,False
2019-02-12,0.583,0.587,0.578,0.585,7505400,4368979,False
2019-02-13,0.585,0.606,0.583,0.601,12868800,7663773,False
2019-02-14,0.602,0.604,0.594,0.599,7346500,4399434,False
2019-02-15,0.598,0.608,0.594,0.598,6550200,3953104,False
2019-02-18,0.604,0.617,0.6,0.617,6017300,3666022,False
2019-02-19,0.615,0.622,0.611,0.619,6791100,4185208,False
2019-02-20,0.621,0.64,0.62,0.63,9180900,5801227,False
2019-02-21,0.63,0.636,0.624,0.629,7841900,4934743,False
2019-02-22,0.625,0.636,0.618,0.634,7132300,4472932,False
2019-02-25,0.667,0.697,0.64,0.697,43376000,28823804,False
2019-02-26,0.716,0.717,0.67,0.689,54819600,37955048,False
2019-02-27,0.679,0.694,0.67,0.676,21983800,15016712,False
2019-02-28,0.676,0.682,0.669,0.673,16522200,11160939,False
2019-03-01,0.675,0.677,0.665,0.677,11385500,7637077,False
2019-03-04,0.683,0.701,0.677,0.689,25905600,17806033,False
2019-03-05,0.683,0.697,0.678,0.695,25515400,17525244,False
2019-03-06,0.696,0.719,0.695,0.718,30447200,21576912,False
2019-03-07,0.723,0.75,0.704,0.735,29499100,21576001,False
2019-03-08,0.705,0.724,0.685,0.686,29617700,20899653,False
2019-03-11,0.684,0.706,0.684,0.701,17122300,11893819,False
2019-03-12,0.708,0.713,0.695,0.703,23244100,16413168,False
2019-03-13,0.705,0.712,0.696,0.7,17071700,12028726,False
2019-03-14,0.695,0.72,0.688,0.694,19958300,14029982,False
2019-03-15,0.697,0.703,0.687,0.7,13281100,9224898,False
2019-03-18,0.702,0.72,0.702,0.72,22563600,16075633,False
2019-03-19,0.72,0.721,0.71,0.716,8773122,6273387,False
2019-03-20,0.714,0.715,0.697,0.706,16775778,11849980,False
2019-03-21,0.713,0.721,0.709,0.715,18315422,13115260,False
2019-03-22,0.709,0.716,0.7,0.71,12990000,9204246,False
2019-03-25,0.701,0.705,0.695,0.695,9504300,6654655,False
2019-03-26,0.699,0.702,0.683,0.687,7822600,5424438,False
2019-03-27,0.685,0.689,0.673,0.679,10503700,7129984,False
2019-03-28,0.675,0.678,0.668,0.672,6088200,4101588,False
2019-03-29,0.675,0.69,0.665,0.689,24017200,16316162,False
2019-04-01,0.698,0.725,0.696,0.724,34647900,24723362,False
2019-04-02,0.74,0.748,0.713,0.738,44133800,32102216,False
2019-04-03,0.739,0.742,0.724,0.738,21999100,16179818,False
2019-04-04,0.742,0.757,0.738,0.747,38221100,28563506,False
2019-04-08,0.758,0.769,0.742,0.76,45553400,34430008,False
2019-04-09,0.753,0.753,0.732,0.739,29111400,21575636,False
2019-04-10,0.739,0.739,0.724,0.734,20838800,15213559,False
2019-04-11,0.734,0.74,0.719,0.72,19403700,14152134,False
2019-04-12,0.714,0.722,0.708,0.714,14519300,10368869,False
2019-04-15,0.728,0.733,0.709,0.71,21241800,15375829,False
2019-04-16,0.701,0.734,0.699,0.733,42269300,30608000,False
2019-04-17,0.73,0.736,0.725,0.729,24073200,17571118,False
2019-04-18,0.733,0.734,0.717,0.719,17962800,13043762,False
2019-04-19,0.716,0.726,0.711,0.725,16997300,12213914,False
2019-04-22,0.725,0.726,0.706,0.71,17684600,12634036,False
2019-04-23,0.71,0.71,0.696,0.702,20275200,14236703,False
2019-04-24,0.702,0.706,0.694,0.706,12096900,8461524,False
2019-04-25,0.702,0.705,0.682,0.683,18124600,12563956,False
2019-04-26,0.68,0.685,0.669,0.669,20405600,13769157,False
2019-04-29,0.67,0.672,0.637,0.638,35178400,22807298,False
2019-04-30,0.638,0.646,0.634,0.645,21249600,13629493,False
2019-05-06,0.62,0.627,0.593,0.596,25620800,15686789,False
2019-05-07,0.601,0.608,0.596,0.604,17787200,10750986,False
2019-05-08,0.599,0.61,0.588,0.604,10489400,6313807,False
2019-05-09,0.606,0.607,0.598,0.601,12777400,7697651,False
2019-05-10,0.605,0.617,0.594,0.616,29132600,17724067,False
2019-05-13,0.605,0.612,0.603,0.606,15093000,9165966,False
2019-05-14,0.601,0.614,0.601,0.607,14081100,8569179,False
2019-05-15,0.611,0.615,0.608,0.614,9819300,6011142,False
2019-05-16,0.611,0.642,0.611,0.641,33210800,21059270,False
2019-05-17,0.642,0.645,0.608,0.611,93427600,58787657,False
2019-05-20,0.614,0.619,0.595,0.619,15941100,9685040,False
2019-05-21,0.621,0.646,0.612,0.642,36495100,23243074,False
2019-05-22,0.642,0.643,0.628,0.63,35633700,22621508,False
2019-05-23,0.628,0.631,0.616,0.618,15123900,9434904,False
2019-05-24,0.618,0.627,0.609,0.612,20283900,12549104,False
2019-05-27,0.615,0.629,0.609,0.629,11480500,7131662,False
2019-05-28,0.627,0.63,0.621,0.624,16060300,10051917,False
2019-05-29,0.625,0.642,0.625,0.636,89800800,56888219,False
2019-05-30,0.63,0.644,0.627,0.642,22186200,14146690,False
2019-05-31,0.641,0.656,0.637,0.651,25341900,16413325,False
2019-06-03,0.648,0.65,0.636,0.637,27780200,17842387,False
2019-06-04,0.637,0.645,0.624,0.628,8889300,5635271,False
2019-06-05,0.632,0.638,0.631,0.634,6413900,4070461,False
2019-06-06,0.632,0.637,0.626,0.63,6305800,3981770,False
2019-06-10,0.631,0.637,0.62,0.636,8117700,5120476,False
2019-06-11,0.636,0.656,0.631,0.653,27566100,17867497,False
2019-06-12,0.654,0.677,0.652,0.661,33497600,22295847,False
2019-06-13,0.659,0.665,0.652,0.66,11441300,7540869,False
2019-06-14,0.66,0.67,0.654,0.655,16143500,10659112,False
2019-06-17,0.65,0.668,0.65,0.662,8591600,5660898,False
2019-06-18,0.658,0.658,0.644,0.651,31203600,20299393,False
2019-06-19,0.66,0.662,0.651,0.652,29647600,19445812,False
2019-06-20,0.656,0.666,0.648,0.664,37710600,24853230,False
2019-06-21,0.664,0.683,0.661,0.675,35951700,24141442,False
2019-06-24,0.675,0.683,0.673,0.679,21297600,14418779,False
2019-06-25,0.681,0.685,0.671,0.682,18733700,12715798,False
2019-06-26,0.675,0.675,0.663,0.665,21633400,14425790,False
2019-06-27,0.663,0.669,0.663,0.668,11651600,7769164,False
2019-06-28,0.668,0.673,0.66,0.663,9825100,6561950,False
2019-07-01,0.666,0.673,0.66,0.673,20918100,13939320,False
2019-07-02,0.669,0.677,0.667,0.676,16674200,11210517,False
2019-07-03,0.682,0.684,0.671,0.672,10849400,7330050,False
2019-07-04,0.672,0.675,0.66,0.663,13076000,8746227,False
2019-07-05,0.663,0.667,0.66,0.665,7835700,5198947,False
2019-07-08,0.659,0.664,0.636,0.641,16040200,10344890,False
2019-07-09,0.635,0.642,0.635,0.642,3938700,2517225,False
2019-07-10,0.642,0.642,0.63,0.632,10224900,6496226,False
2019-07-11,0.639,0.648,0.638,0.643,13058800,8392807,False
2019-07-12,0.643,0.643,0.636,0.638,7570700,4833484,False
2019-07-15,0.638,0.649,0.631,0.642,256550000,164575825,False
2019-07-16,0.642,0.646,0.639,0.643,26527000,17056101,False
2019-07-17,0.642,0.644,0.632,0.642,17857700,11457223,False
2019-07-18,0.644,0.651,0.64,0.64,38266500,24723772,False
2019-07-19,0.646,0.657,0.645,0.653,25773200,16822522,False
2019-07-22,0.651,0.652,0.627,0.638,33866800,21568724,False
2019-07-23,0.634,0.638,0.632,0.637,35818000,22720621,False
2019-07-24,0.638,0.647,0.638,0.644,27160800,17457313,False
2019-07-25,0.644,0.644,0.639,0.642,19920600,12764739,False
2019-07-26,0.64,0.641,0.634,0.638,17225100,10973299,False
2019-07-29,0.639,0.64,0.636,0.637,12720500,8103769,False
2019-07-30,0.637,0.646,0.637,0.644,24983000,16061007,False
2019-07-31,0.644,0.648,0.637,0.646,15511100,9961375,False
2019-08-01,0.639,0.647,0.635,0.641,24477000,15706653,False
2019-08-02,0.637,0.647,0.637,0.644,24759900,15935601,False
2019-08-05,0.642,0.658,0.642,0.654,68198800,44452779,False
2019-08-06,0.649,0.654,0.633,0.636,60139400,38525708,False
2019-08-07,0.644,0.666,0.644,0.662,30334600,19928611,False
2019-08-08,0.669,0.675,0.658,0.661,16973000,11265729,False
2019-08-09,0.66,0.669,0.655,0.656,11325200,7505808,False
2019-08-12,0.655,0.655,0.645,0.651,24466500,15861654,False
2019-08-13,0.653,0.664,0.652,0.662,21230000,13965645,False
2019-08-14,0.653,0.66,0.65,0.658,111925299,73285242,False
2019-08-15,0.65,0.656,0.648,0.654,38709399,25231528,False
2019-08-16,0.655,0.662,0.652,0.657,60744299,39908743,False
2019-08-19,0.658,0.665,0.65,0.664,27896100,18398074,False
2019-08-20,0.662,0.674,0.658,0.671,35276599,23574350,False
2019-08-21,0.669,0.669,0.662,0.663,17038700,11311651,False
2019-08-22,0.661,0.662,0.653,0.662,24204200,15921969,False
2019-08-23,0.659,0.662,0.656,0.659,14518700,9563168,False
2019-08-26,0.661,0.666,0.66,0.663,17645100,11688840,False
2019-08-27,0.658,0.668,0.658,0.668,17249900,11460707,False
2019-08-28,0.666,0.669,0.662,0.664,11013400,7334929,False
2019-08-29,0.664,0.668,0.66,0.666,11768600,7810780,False
2019-08-30,0.662,0.669,0.661,0.666,13222500,8780041,False
2019-09-02,0.668,0.675,0.666,0.674,19762800,13252764,False
2019-09-03,0.675,0.675,0.671,0.675,12033200,8098962,False
2019-09-04,0.677,0.685,0.676,0.683,21224500,14436523,False
2019-09-05,0.694,0.7,0.684,0.69,40908100,28297132,False
2019-09-06,0.686,0.688,0.68,0.682,20015300,13675202,False
2019-09-09,0.684,0.693,0.681,0.693,15693800,10777063,False
2019-09-10,0.691,0.701,0.687,0.693,25757800,17865077,False
2019-09-11,0.697,0.697,0.688,0.689,17145100,11851093,False
2019-09-12,0.69,0.692,0.685,0.69,10879200,7485120,False
2019-09-16,0.693,0.694,0.688,0.694,12376400,8552187,False
2019-09-17,0.691,0.691,0.675,0.676,17762100,12109788,False
2019-09-18,0.677,0.679,0.672,0.673,7546500,5090247,False
2019-09-19,0.672,0.682,0.671,0.681,9049400,6122618,False
2019-09-20,0.681,0.682,0.678,0.682,7854700,5334407,False
2019-09-23,0.681,0.681,0.672,0.675,6377700,4312483,False
2019-09-24,0.676,0.679,0.672,0.679,6395800,4323629,False
2019-09-25,0.679,0.68,0.668,0.674,7275800,4896799,False
2019-09-26,0.673,0.674,0.651,0.653,16023500,10574783,False
2019-09-27,0.654,0.656,0.647,0.651,10303300,6715433,False
2019-09-30,0.651,0.653,0.643,0.643,5939100,3849141,False
2019-10-08,0.645,0.646,0.64,0.642,4745500,3050264,False
2019-10-09,0.642,0.649,0.64,0.649,6084200,3930563,False
2019-10-10,0.649,0.652,0.647,0.651,3156600,2051265,False
2019-10-11,0.65,0.65,0.643,0.648,8623400,5575647,False
2019-10-14,0.649,0.653,0.646,0.65,14963500,9732252,False
2019-10-15,0.649,0.65,0.638,0.638,14960600,9602331,False
2019-10-16,0.64,0.641,0.63,0.633,12690100,8071462,False
2019-10-17,0.633,0.635,0.63,0.633,8728700,5516366,False
2019-10-18,0.634,0.635,0.621,0.623,11220800,7036472,False
2019-10-21,0.623,0.625,0.615,0.62,7214400,4465379,False
2019-10-22,0.622,0.625,0.62,0.624,5578800,3471089,False
2019-10-23,0.625,0.625,0.618,0.621,6671200,4142809,False
2019-10-24,0.621,0.621,0.615,0.618,7954900,4916518,False
2019-10-25,0.619,0.623,0.616,0.621,5953500,3688203,False
2019-10-28,0.62,0.632,0.62,0.631,13739300,8608312,False
2019-10-29,0.629,0.63,0.621,0.621,9850600,6155111,False
2019-10-30,0.623,0.623,0.615,0.616,7621800,4707267,False
2019-10-31,0.617,0.619,0.613,0.613,8388500,5162661,False
2019-11-01,0.614,0.62,0.613,0.62,6136500,3788403,False
2019-11-04,0.62,0.625,0.619,0.623,7364800,4582903,False
2019-11-05,0.623,0.631,0.619,0.628,16607200,10398932,False
2019-11-06,0.626,0.635,0.623,0.628,17156100,10806320,False
2019-11-07,0.627,0.628,0.622,0.625,8043400,5025648,False
2019-11-08,0.627,0.63,0.621,0.622,8128700,5077716,False
2019-11-11,0.619,0.621,0.607,0.608,14919200,9157702,False
2019-11-12,0.608,0.611,0.6,0.603,10501600,6340864,False
2019-11-13,0.605,0.607,0.603,0.606,6920500,4185602,False
2019-11-14,0.605,0.605,0.601,0.605,4400800,2655537,False
2019-11-15,0.602,0.61,0.601,0.602,4892500,2959166,False
2019-11-18,0.601,0.606,0.598,0.605,5290600,3187876,False
2019-11-19,0.604,0.617,0.604,0.616,13556134,8306494,False
2019-11-20,0.616,0.623,0.614,0.62,14450511,8946490,False
2019-11-21,0.619,0.621,0.615,0.619,7552611,4670906,False
2019-11-22,0.619,0.627,0.618,0.623,17108266,10645936,False
2019-11-25,0.626,0.634,0.615,0.634,19529800,12278926,False
2019-11-26,0.635,0.635,0.624,0.632,19562677,12291081,False
2019-11-27,0.632,0.64,0.626,0.637,17403254,11045746,False
2019-11-28,0.638,0.638,0.629,0.63,4754500,3007820,False
2019-11-29,0.63,0.63,0.623,0.626,9188700,5737257,False
2019-12-02,0.625,0.629,0.623,0.627,6985977,4373326,False
2019-12-03,0.624,0.634,0.623,0.632,6719800,4226650,False
2019-12-04,0.63,0.646,0.63,0.644,16599200,10638497,False
2019-12-05,0.645,0.647,0.638,0.646,14222677,9132898,False
2019-12-06,0.644,0.646,0.642,0.644,9135800,5882910,False
2019-12-09,0.644,0.648,0.641,0.644,8152900,5254569,False
2019-12-10,0.644,0.655,0.643,0.65,16944800,11016771,False
2019-12-11,0.65,0.651,0.643,0.646,11875489,7674902,False
2019-12-12,0.649,0.652,0.645,0.645,13689589,8883217,False
2019-12-13,0.646,0.654,0.646,0.654,13223489,8587522,False
2019-12-16,0.655,0.657,0.648,0.656,20106700,13129699,False
2019-12-17,0.656,0.673,0.655,0.673,35941700,24031591,False
2019-12-18,0.673,0.674,0.667,0.673,32275600,21661649,False
2019-12-19,0.67,0.675,0.669,0.675,16300200,10949531,False
2019-12-20,0.672,0.677,0.663,0.666,17559000,11776176,False
2019-12-23,0.665,0.671,0.657,0.661,25716600,17098603,False
2019-12-24,0.661,0.694,0.661,0.692,57860900,39357632,False
2019-12-25,0.693,0.693,0.685,0.691,31005500,21372636,False
2019-12-26,0.689,0.7,0.689,0.698,37091300,25844624,False
2019-12-27,0.704,0.742,0.701,0.719,135993700,98421146,False
2019-12-30,0.716,0.727,0.708,0.726,123453900,88823362,False
2019-12-31,0.721,0.731,0.719,0.726,85030900,61589932,False
2020-01-02,0.738,0.741,0.727,0.736,75047900,55164689,False
2020-01-03,0.738,0.755,0.732,0.748,147440300,110167985,False
2020-01-06,0.755,0.777,0.755,0.775,145840077,111938460,False
2020-01-07,0.767,0.77,0.758,0.765,115490677,88171600,False
2020-01-08,0.775,0.788,0.76,0.765,130111900,100090221,False
2020-01-09,0.757,0.764,0.751,0.756,104383900,79102426,False
2020-01-10,0.754,0.756,0.745,0.752,58545234,43945625,False
2020-01-13,0.751,0.76,0.744,0.758,86224400,65037615,False
2020-01-14,0.76,0.785,0.76,0.776,142122200,110450040,False
2020-01-15,0.769,0.772,0.753,0.759,72846634,55338636,False
2020-01-16,0.755,0.765,0.751,0.755,39005700,29562729,False
2020-01-17,0.759,0.76,0.746,0.753,44619600,33592546,False
2020-01-20,0.751,0.758,0.744,0.757,63879200,48093574,False
2020-01-21,0.758,0.758,0.734,0.739,73396000,54386333,False
2020-01-22,0.732,0.751,0.722,0.744,114621200,84757101,False
2020-01-23,0.738,0.747,0.71,0.722,92491677,67697854,False
2020-02-03,0.65,0.671,0.65,0.65,36220377,23685229,False
2020-02-04,0.648,0.715,0.644,0.663,66170711,43446901,False
2020-02-05,0.664,0.693,0.66,0.682,63649500,43368432,False
2020-02-06,0.682,0.692,0.669,0.691,68889900,46812609,False
2020-02-07,0.682,0.689,0.672,0.684,48370500,32951621,False
2020-02-10,0.678,0.716,0.678,0.715,74137077,51701028,False
2020-02-11,0.715,0.723,0.703,0.711,72508977,51747789,False
2020-02-12,0.707,0.749,0.706,0.748,88841877,65138768,False
2020-02-13,0.749,0.764,0.74,0.747,126454583,95169484,False
2020-02-14,0.746,0.777,0.746,0.765,120267877,91727806,False
2020-02-17,0.769,0.783,0.759,0.781,105438200,81045355,False
2020-02-18,0.785,0.789,0.772,0.784,87452000,68382097,False
2020-02-19,0.78,0.78,0.763,0.766,101191894,77807973,False
2020-02-20,0.764,0.77,0.756,0.77,76691694,58613819,False
2020-02-21,0.772,0.786,0.771,0.783,121129800,94497432,False
2020-02-24,0.786,0.792,0.762,0.779,89748200,69362014,False
2020-02-25,0.76,0.786,0.756,0.784,96186500,74016881,False
2020-02-26,0.765,0.775,0.753,0.756,87090000,66650101,False
2020-02-27,0.757,0.763,0.749,0.754,43834100,33088336,False
2020-02-28,0.729,0.739,0.703,0.705,89167700,64164690,False
2020-03-02,0.709,0.729,0.706,0.726,47327600,33965986,False
2020-03-03,0.742,0.748,0.728,0.734,64397300,47630533,False
2020-03-04,0.734,0.746,0.73,0.745,60320500,44580996,False
2020-03-05,0.753,0.753,0.739,0.751,98620700,73668615,False
2020-03-06,0.746,0.759,0.743,0.75,59917300,45010577,False
2020-03-09,0.738,0.743,0.71,0.712,101504000,73431809,False
2020-03-10,0.701,0.722,0.69,0.722,71950300,50927781,False
2020-03-11,0.724,0.724,0.711,0.712,38969400,27965848,False
2020-03-12,0.703,0.703,0.686,0.693,48698500,33759130,False
2020-03-13,0.661,0.687,0.651,0.679,74994700,49732937,False
2020-03-16,0.679,0.685,0.648,0.65,57125734,38243929,False
2020-03-17,0.652,0.66,0.626,0.642,76257700,49002131,False
2020-03-18,0.646,0.653,0.628,0.63,38397200,24790003,False
2020-03-19,0.628,0.63,0.608,0.625,87409800,54127915,False
2020-03-20,0.628,0.636,0.617,0.636,49911400,31330970,False
2020-03-23,0.618,0.623,0.607,0.609,70942600,43612267,False
2020-03-24,0.63,0.638,0.62,0.637,84326300,53100486,False
2020-03-25,0.656,0.659,0.646,0.652,111748608,72676415,False
2020-03-26,0.646,0.651,0.638,0.644,44998212,29049559,False
2020-03-27,0.648,0.65,0.639,0.639,65136900,41890184,False
2020-03-30,0.633,0.633,0.619,0.624,38152300,23797403,False
2020-03-31,0.627,0.635,0.623,0.631,80984900,50991186,False
2020-04-01,0.628,0.646,0.625,0.642,65815912,41926164,False
2020-04-02,0.634,0.647,0.629,0.647,99303412,63379848,False
2020-04-03,0.645,0.65,0.638,0.639,75517100,48604841,False
2020-04-07,0.652,0.664,0.65,0.662,73768200,48526105,False
2020-04-08,0.657,0.672,0.656,0.666,56611900,37549186,False
2020-04-09,0.669,0.669,0.66,0.664,44079700,29239511,False
2020-04-10,0.671,0.673,0.652,0.652,48941992,32266884,False
2020-04-13,0.649,0.653,0.646,0.649,28318600,18395098,False
2020-04-14,0.654,0.675,0.654,0.674,70320892,46986550,False
2020-04-15,0.672,0.677,0.666,0.668,44198900,29724639,False
2020-04-16,0.662,0.67,0.659,0.668,29924600,19872532,False
2020-04-17,0.671,0.672,0.662,0.664,41307300,27549182,False
2020-04-20,0.662,0.665,0.657,0.665,27292800,18032325,False
2020-04-21,0.66,0.661,0.647,0.652,39028000,25463994,False
2020-04-22,0.645,0.655,0.645,0.654,30575272,19895465,False
2020-04-23,0.656,0.66,0.653,0.655,26037400,17098574,False
2020-04-24,0.654,0.66,0.649,0.653,26100600,17092393,False
2020-04-27,0.648,0.65,0.642,0.643,30651700,19781147,False
2020-04-28,0.64,0.642,0.618,0.632,36422100,22962168,False
2020-04-29,0.629,0.639,0.629,0.634,43901600,27894350,False
2020-04-30,0.638,0.651,0.636,0.651,40072300,25852470,False
2020-05-06,0.644,0.668,0.643,0.668,76199400,50238427,False
2020-05-07,0.663,0.668,0.66,0.664,37562600,24936281,False
2020-05-08,0.669,0.676,0.662,0.673,46169500,30888843,False
2020-05-11,0.674,0.674,0.66,0.663,52623000,35033227,False
2020-05-12,0.661,0.662,0.651,0.657,44550500,29250619,False
2020-05-13,0.653,0.663,0.652,0.66,29905700,19728860,False
2020-05-14,0.658,0.663,0.656,0.657,23934600,15796923,False
2020-05-15,0.66,0.668,0.658,0.666,41193800,27375945,False
2020-05-18,0.671,0.695,0.668,0.687,133296200,91349197,False
2020-05-19,0.686,0.686,0.677,0.681,83971400,57190989,False
2020-05-20,0.682,0.69,0.676,0.678,61633500,42175550,False
2020-05-21,0.68,0.681,0.665,0.668,49598800,33444126,False
2020-05-22,0.664,0.665,0.65,0.657,49828800,32677233,False
2020-05-25,0.655,0.656,0.645,0.65,41589084,27016149,False
2020-05-26,0.653,0.662,0.652,0.661,46964800,30933062,False
2020-05-27,0.659,0.661,0.653,0.659,38570800,25284696,False
2020-05-28,0.659,0.671,0.655,0.67,53290125,35378460,False
2020-05-29,0.664,0.674,0.664,0.673,34212400,22880833,False
2020-06-01,0.674,0.687,0.671,0.686,79810300,54249181,False
2020-06-02,0.686,0.69,0.682,0.685,45576025,31186282,False
2020-06-03,0.685,0.685,0.678,0.679,42221500,28766362,False
2020-06-04,0.677,0.684,0.677,0.682,29248600,19928502,False
2020-06-05,0.68,0.681,0.674,0.681,23739900,16081260,False
2020-06-08,0.683,0.692,0.681,0.687,48322800,33196046,False
2020-06-09,0.689,0.693,0.684,0.687,49056600,33743444,False
2020-06-10,0.688,0.69,0.68,0.682,34386200,23504161,False
2020-06-11,0.686,0.692,0.683,0.688,63892900,43970906,False
2020-06-12,0.675,0.683,0.671,0.681,37597800,25411802,False
2020-06-15,0.674,0.682,0.67,0.672,36023100,24313188,False
2020-06-16,0.674,0.695,0.674,0.694,67600900,46431632,False
2020-06-17,0.693,0.697,0.687,0.695,39054800,27054696,False
2020-06-18,0.695,0.702,0.689,0.699,62772700,43836531,False
2020-06-19,0.699,0.704,0.695,0.702,43587300,30503042,False
2020-06-22,0.708,0.716,0.705,0.707,59769302,42503092,False
2020-06-23,0.71,0.712,0.704,0.709,38153200,27016339,False
2020-06-24,0.711,0.714,0.706,0.709,42336700,30062685,False
2020-06-29,0.706,0.71,0.698,0.702,42862300,30098484,False
2020-06-30,0.702,0.71,0.701,0.708,41397316,29244429,False
2020-07-01,0.712,0.724,0.712,0.722,59657800,42838438,False
2020-07-02,0.724,0.731,0.714,0.73,187482600,136154550,False
2020-07-03,0.74,0.75,0.734,0.75,357357300,265658650,False
2020-07-06,0.775,0.825,0.75,0.818,909200200,706610139,False
2020-07-07,0.851,0.858,0.791,0.801,919889900,750999395,False
2020-07-08,0.802,0.843,0.792,0.842,706738245,582120278,False
2020-07-09,0.859,0.875,0.835,0.868,854394645,731607409,False
2020-07-10,0.852,0.858,0.836,0.84,491039507,416275069,False
2020-07-13,0.845,0.9,0.845,0.898,678690144,592751185,False
2020-07-14,0.882,0.882,0.846,0.863,905448485,783207213,False
2020-07-15,0.871,0.878,0.825,0.832,531510696,448597130,False
2020-07-16,0.835,0.849,0.795,0.801,486185661,400872852,False
2020-07-17,0.8,0.811,0.785,0.798,339159261,270146874,False
2020-07-20,0.806,0.846,0.802,0.845,583900334,482767699,False
2020-07-21,0.852,0.857,0.831,0.84,383120442,322813297,False
2020-07-22,0.87,0.879,0.847,0.852,598308355,514422992,False
2020-07-23,0.851,0.865,0.836,0.857,471511626,401749128,False
2020-07-24,0.853,0.861,0.816,0.822,528405256,443568748,False
2020-07-27,0.831,0.86,0.826,0.858,677015712,574815663,False
2020-07-28,0.882,0.891,0.846,0.851,741979111,644816816,False
2020-07-29,0.85,0.864,0.837,0.863,408818378,347450714,False
2020-07-30,0.864,0.868,0.848,0.851,337086178,288183950,False
2020-07-31,0.849,0.862,0.84,0.859,416077311,354492753,False
2020-08-03,0.86,0.877,0.85,0.875,511687445,442886965,False
2020-08-04,0.882,0.888,0.87,0.873,488805118,429384257,False
2020-08-05,0.882,0.905,0.869,0.899,650084640,578017792,False
2020-08-06,0.905,0.932,0.9,0.924,829661983,760483732,False
2020-08-07,0.931,0.939,0.895,0.912,878370684,808946212,False
2020-08-10,0.893,0.895,0.872,0.89,518284595,457975602,False
2020-08-11,0.885,0.889,0.852,0.86,622552649,544717416,False
2020-08-12,0.83,0.84,0.811,0.837,599235946,495989195,False
2020-08-13,0.839,0.841,0.83,0.833,224865471,187601874,False
2020-08-14,0.836,0.845,0.827,0.837,222586193,186173284,False
2020-08-17,0.837,0.868,0.831,0.866,410493993,350691671,False
2020-08-18,0.875,0.885,0.871,0.878,356603500,312678715,False
2020-08-19,0.882,0.885,0.868,0.873,344341595,301836251,False
2020-08-20,0.855,0.862,0.851,0.852,190317650,162782941,False
2020-08-21,0.855,0.861,0.845,0.85,120728755,103061224,False
2020-08-24,0.85,0.864,0.843,0.859,144188140,123431860,False
2020-08-25,0.86,0.863,0.84,0.845,194320837,164874924,False
2020-08-26,0.841,0.845,0.82,0.824,165543549,137554766,False
2020-08-27,0.83,0.834,0.823,0.833,83197500,68986725,False
2020-08-28,0.827,0.845,0.822,0.845,173687055,144958665,False
2020-08-31,0.85,0.872,0.85,0.857,288734368,248833975,False
2020-09-01,0.855,0.873,0.853,0.871,207058000,179134209,False
2020-09-02,0.869,0.869,0.847,0.852,213362300,182002267,False
2020-09-03,0.846,0.852,0.837,0.84,135541200,114330540,False
2020-09-04,0.829,0.837,0.826,0.837,100435800,83595720,False
2020-09-07,0.839,0.852,0.824,0.83,177068952,149144188,False
2020-09-08,0.83,0.836,0.814,0.834,142535000,117489039,False
2020-09-09,0.82,0.822,0.805,0.809,190684321,155176798,False
2020-09-10,0.82,0.825,0.803,0.806,139579021,113914997,False
2020-09-11,0.801,0.809,0.796,0.808,87699376,70382799,False
2020-09-14,0.81,0.829,0.81,0.823,155389468,127861259,False
2020-09-15,0.826,0.833,0.823,0.832,103721689,85942549,False
2020-09-16,0.827,0.83,0.82,0.824,74032400,60996991,False
2020-09-17,0.821,0.823,0.81,0.815,74934432,61121284,False
2020-09-18,0.815,0.84,0.814,0.838,156291800,129854561,False
2020-09-21,0.841,0.846,0.829,0.833,145194400,121486535,False
2020-09-22,0.817,0.824,0.807,0.81,189948687,154618611,False
2020-09-23,0.812,0.815,0.802,0.807,100550087,81161670,False
2020-09-24,0.798,0.799,0.772,0.775,267589400,209064230,False
2020-09-25,0.78,0.782,0.77,0.776,97528372,75585210,False
2020-09-28,0.776,0.778,0.77,0.774,84341100,65253190,False
2020-09-29,0.778,0.786,0.777,0.777,87591751,68470102,False
2020-09-30,0.779,0.78,0.765,0.771,87452700,67636961,False
2020-10-09,0.782,0.799,0.781,0.794,145560816,115178259,False
2020-10-12,0.804,0.817,0.796,0.816,207359830,167754177,False
2020-10-13,0.811,0.815,0.804,0.813,148136637,119902187,False
2020-10-14,0.806,0.808,0.801,0.805,91212426,73357175,False
2020-10-15,0.802,0.812,0.802,0.805,103011306,83178990,False
2020-10-16,0.808,0.811,0.797,0.802,77204000,61996810,False
2020-10-19,0.804,0.81,0.799,0.807,85386599,68710679,False
2020-10-20,0.801,0.808,0.794,0.808,100403099,80454303,False
2020-10-21,0.81,0.815,0.804,0.809,117913973,95454347,False
2020-10-22,0.807,0.808,0.796,0.806,61319200,49124383,False
2020-10-23,0.803,0.81,0.795,0.796,90469296,72449466,False
2020-10-26,0.793,0.798,0.785,0.794,79942385,63312308,False
2020-10-27,0.793,0.803,0.791,0.803,68137500,54510123,False
2020-10-28,0.802,0.815,0.798,0.813,117910468,95352053,False
2020-10-29,0.799,0.811,0.795,0.808,105182068,84557365,False
2020-10-30,0.805,0.809,0.786,0.787,122709116,97632496,False
2020-11-02,0.786,0.801,0.786,0.799,112511927,89561171,False
2020-11-03,0.804,0.842,0.804,0.839,321092571,266212592,False
2020-11-04,0.839,0.842,0.83,0.837,161290235,134872412,False
2020-11-05,0.844,0.852,0.836,0.851,197777903,167140661,False
2020-11-06,0.867,0.876,0.857,0.864,300416817,260177349,False
2020-11-09,0.871,0.903,0.871,0.897,309401956,274377744,False
2020-11-10,0.89,0.89,0.87,0.875,256894700,225522836,False
2020-11-11,0.871,0.881,0.864,0.866,176957600,154516039,False
2020-11-12,0.862,0.875,0.856,0.869,137169522,118921291,False
2020-11-13,0.872,0.888,0.87,0.881,199469231,175411403,False
2020-11-16,0.886,0.931,0.88,0.923,539064584,491346775,False
2020-11-17,0.918,0.927,0.898,0.908,387919534,354843719,False
2020-11-18,0.906,0.929,0.9,0.913,403873094,370092095,False
2020-11-19,0.91,0.91,0.888,0.9,303138062,271464454,False
2020-11-20,0.895,0.938,0.895,0.934,468817360,430621448,False
2020-11-23,0.943,0.981,0.939,0.964,563353301,541180330,False
2020-11-24,0.957,0.979,0.943,0.976,531107299,510882002,False
2020-11-25,0.975,0.983,0.944,0.949,607660450,583499200,False
2020-11-26,0.946,0.953,0.934,0.949,464300282,437282088,False
2020-11-27,0.951,0.953,0.923,0.945,512664713,480431027,False
2020-11-30,0.944,0.979,0.939,0.958,686371306,661024950,False
2020-12-01,0.948,0.967,0.94,0.966,349810653,334240368,False
2020-12-02,0.973,0.981,0.952,0.96,402740767,388993711,False
2020-12-03,0.949,0.957,0.929,0.93,511047834,478491147,False
2020-12-04,0.929,0.954,0.926,0.953,386174294,363517964,False
2020-12-07,0.948,0.96,0.94,0.944,249460062,236492072,False
2020-12-08,0.948,0.956,0.937,0.947,215322504,204155066,False
2020-12-09,0.948,0.962,0.933,0.935,209673939,198799909,False
2020-12-10,0.926,0.928,0.91,0.922,267519000,246128263,False
2020-12-11,0.937,0.943,0.898,0.912,344192100,316559274,False
2020-12-14,0.9,0.921,0.891,0.919,212899000,193302998,False
2020-12-15,0.912,0.92,0.903,0.917,201477800,183691704,False
2020-12-16,0.919,0.928,0.909,0.915,171697175,157626483,False
2020-12-17,0.915,0.958,0.912,0.958,462264815,434264691,False
2020-12-18,0.958,0.982,0.953,0.976,482171878,468310979,False
2020-12-21,0.98,1.005,0.973,1.004,338962379,335652823,False
2020-12-22,0.989,0.991,0.95,0.953,402057697,391571238,False
2020-12-23,0.947,0.984,0.947,0.97,260092506,251491926,False
2020-12-24,0.974,0.992,0.968,0.976,229058322,224012618,False
2020-12-25,0.968,1.028,0.965,1.027,450010551,452336048,False
2020-12-28,1.03,1.042,1.014,1.032,430394662,443547035,False
2020-12-29,1.024,1.027,0.975,0.976,526126088,522071333,False
2020-12-30,0.978,1.016,0.978,1.006,362243878,362376519,False
2020-12-31,1.002,1.03,1.0,1.019,273149969,277858135,False
2021-01-04,1.033,1.09,1.033,1.083,383451798,408128544,False
2021-01-05,1.08,1.101,1.062,1.091,366280933,396084968,False
2021-01-06,1.1,1.114,1.075,1.094,380999216,416900276,False
2021-01-07,1.089,1.145,1.085,1.137,559650170,630555678,False
2021-01-08,1.148,1.158,1.091,1.134,652510572,728586134,False
2021-01-11,1.12,1.138,1.08,1.09,619964801,687023041,False
2021-01-12,1.068,1.115,1.06,1.114,537076476,584372053,False
2021-01-13,1.113,1.144,1.071,1.081,531501423,585576169,False
2021-01-14,1.064,1.077,1.045,1.055,384074890,407038404,False
2021-01-15,1.06,1.074,1.033,1.065,404797718,428089898,False
2021-01-18,1.057,1.088,1.043,1.083,388604075,415974238,False
2021-01-19,1.078,1.085,1.037,1.045,448031674,474608077,False
2021-01-20,1.045,1.079,1.045,1.075,429659743,458175608,False
2021-01-21,1.076,1.126,1.071,1.116,483453118,534238000,False
2021-01-22,1.114,1.137,1.096,1.126,503377723,561849667,False
2021-01-25,1.123,1.173,1.12,1.14,466221683,534010936,False
2021-01-26,1.13,1.143,1.095,1.119,406340556,455053872,False
2021-01-27,1.115,1.122,1.076,1.11,393709674,432329744,False
2021-01-28,1.082,1.107,1.067,1.071,348722333,378466740,False
2021-01-29,1.088,1.095,1.035,1.059,304763028,324289529,False
2021-02-01,1.066,1.078,1.051,1.071,239628643,255617249,False
2021-02-02,1.078,1.106,1.064,1.102,291982289,316787785,False
2021-02-03,1.09,1.134,1.086,1.109,314843732,350061678,False
2021-02-04,1.1,1.103,1.046,1.063,361093250,386634047,False
2021-02-05,1.057,1.069,1.008,1.012,448465709,463597286,False
2021-02-08,1.019,1.057,1.006,1.054,370988900,384233345,False
2021-02-09,1.061,1.11,1.061,1.11,390226741,425561801,False
2021-02-10,1.109,1.139,1.091,1.134,322437907,360445157,False
2021-02-18,1.247,1.247,1.186,1.225,809245153,984142421,False
2021-02-19,1.205,1.232,1.173,1.223,747657283,902671641,False
2021-02-22,1.264,1.345,1.264,1.29,972670290,1272439009,False
2021-02-23,1.275,1.295,1.247,1.263,978830473,1247651947,False
2021-02-24,1.254,1.28,1.194,1.207,964092681,1187536024,False
2021-02-25,1.244,1.249,1.188,1.194,919292710,1118447505,False
2021-02-26,1.14,1.172,1.132,1.145,761276001,873628180,False
2021-03-01,1.146,1.186,1.139,1.185,735558574,853484515,False
2021-03-02,1.175,1.179,1.135,1.145,657258900,756263386,False
2021-03-03,1.151,1.189,1.145,1.188,675816885,791017801,False
2021-03-04,1.156,1.162,1.13,1.14,618130690,709338688,False
2021-03-05,1.1,1.114,1.077,1.101,616002308,676480740,False
2021-03-08,1.12,1.131,1.067,1.068,458039767,503611108,False
2021-03-09,1.06,1.087,1.016,1.049,608131357,642105557,False
2021-03-10,1.064,1.07,1.043,1.055,353902433,374352057,False
2021-03-11,1.06,1.122,1.051,1.121,737049642,808517071,False
2021-03-12,1.125,1.125,1.091,1.104,574593388,634735258,False
2021-03-15,1.097,1.129,1.088,1.109,515458500,572481087,False
2021-03-16,1.109,1.109,1.064,1.082,377773077,409150290,False
2021-03-17,1.065,1.093,1.051,1.089,330478900,356170229,False
2021-03-18,1.101,1.106,1.087,1.09,278526700,305027123,False
2021-03-19,1.06,1.077,1.05,1.065,275412715,293200399,False
2021-03-22,1.062,1.08,1.05,1.067,232808400,248262162,False
2021-03-23,1.071,1.072,1.018,1.025,342478000,354970468,False
2021-03-24,1.013,1.022,0.981,0.982,389936989,386747948,False
2021-03-25,0.98,1.001,0.98,0.991,351651184,348810818,False
2021-03-26,0.99,1.029,0.99,1.024,309883067,313500903,False
2021-03-29,1.029,1.033,1.01,1.021,226850360,231683753,False
2021-03-30,1.014,1.042,1.003,1.038,322448709,331338134,False
2021-03-31,1.028,1.028,1.002,1.01,207409767,209857482,False
2021-04-01,1.013,1.023,1.007,1.02,177296995,180175501,False
2021-04-02,1.023,1.033,1.012,1.03,258937261,265052084,False
2021-04-06,1.04,1.048,1.033,1.033,243281400,253112958,False
2021-04-07,1.033,1.048,1.021,1.047,291268327,301855181,False
2021-04-08,1.04,1.072,1.036,1.061,355504327,375954050,False
2021-04-09,1.062,1.072,1.05,1.057,280725144,297621572,False
2021-04-12,1.05,1.054,1.008,1.013,273608283,280798096,False
2021-04-13,1.006,1.014,0.996,1.007,203864345,205166058,False
2021-04-14,1.008,1.031,1.007,1.03,247670458,252814812,False
2021-04-15,1.034,1.048,1.021,1.045,333306500,344794615,False
2021-04-16,1.058,1.059,1.035,1.041,289628900,302896174,False
2021-04-19,1.035,1.08,1.026,1.078,389223372,412839133,False
2021-04-20,1.068,1.085,1.061,1.068,283289734,303623451,False
2021-04-21,1.055,1.067,1.047,1.063,197865448,209456784,False
2021-04-22,1.071,1.078,1.062,1.067,224014846,239553202,False
2021-04-23,1.058,1.08,1.056,1.076,242056846,259303417,False
2021-04-26,1.089,1.11,1.082,1.087,395464336,433734471,False
2021-04-27,1.092,1.102,1.069,1.088,287090099,312341640,False
2021-04-28,1.079,1.095,1.064,1.09,225389999,244101892,False
2021-04-29,1.096,1.108,1.078,1.102,319206861,349838811,False
2021-04-30,1.094,1.109,1.084,1.096,296634233,324675452,False
2021-05-06,1.116,1.133,1.1,1.126,367196676,411577776,False
2021-05-07,1.137,1.18,1.137,1.156,490613379,568755586,False
2021-05-10,1.18,1.218,1.171,1.217,524479038,626485567,False
2021-05-11,1.18,1.181,1.133,1.16,600563588,694248322,False
2021-05-12,1.15,1.173,1.144,1.166,403007778,468025370,False
2021-05-13,1.135,1.136,1.104,1.107,457650316,512547704,False
2021-05-14,1.107,1.116,1.089,1.115,435321666,481001722,False
2021-05-17,1.11,1.154,1.11,1.147,449347499,509747467,False
2021-05-18,1.16,1.176,1.152,1.159,339389800,394920630,False
2021-05-19,1.142,1.17,1.139,1.166,332269664,384679605,False
2021-05-20,1.133,1.144,1.119,1.131,322596810,364711566,False
2021-05-21,1.128,1.152,1.123,1.136,297712921,338406630,False
2021-05-24,1.13,1.142,1.121,1.128,233083631,263152657,False
2021-05-25,1.132,1.142,1.112,1.141,372817145,421913323,False
2021-05-26,1.138,1.156,1.133,1.153,431557800,494863441,False
2021-05-27,1.15,1.152,1.141,1.151,263113906,301687158,False
2021-05-28,1.171,1.182,1.162,1.168,436402795,512076157,False
2021-05-31,1.18,1.203,1.177,1.198,319481554,381657210,False
2021-06-01,1.191,1.202,1.173,1.199,290876751,345489635,False
2021-06-02,1.192,1.21,1.177,1.182,328058415,390756699,False
2021-06-03,1.18,1.204,1.173,1.184,279496415,331973689,False
2021-06-04,1.156,1.193,1.15,1.179,236795715,277538928,False
2021-06-07,1.176,1.189,1.166,1.174,154238755,181600291,False
2021-06-08,1.171,1.185,1.142,1.146,235350228,272573718,False
2021-06-09,1.152,1.16,1.142,1.15,185610382,213634786,False
2021-06-10,1.148,1.164,1.147,1.159,188192298,217637710,False
2021-06-11,1.156,1.169,1.137,1.163,336600800,389493079,False
2021-06-15,1.157,1.158,1.115,1.12,253804500,285930071,False
2021-06-16,1.11,1.112,1.068,1.071,328406961,356784873,False
2021-06-17,1.061,1.085,1.061,1.076,194625466,209744341,False
2021-06-18,1.061,1.1,1.051,1.1,252221981,271857071,False
2021-06-21,1.089,1.104,1.083,1.091,169510752,185415133,False
2021-06-22,1.096,1.105,1.083,1.097,161298700,176532041,False
2021-06-23,1.097,1.122,1.094,1.117,206523241,229262832,False
2021-06-24,1.122,1.124,1.102,1.109,136218300,151322654,False
2021-06-25,1.111,1.144,1.108,1.139,212868310,240123581,False
2021-06-28,1.137,1.144,1.123,1.129,147719939,167460104,False
2021-06-29,1.129,1.135,1.109,1.111,133879707,149774577,False
2021-06-30,1.111,1.135,1.11,1.13,166912300,188219418,False
2021-07-01,1.131,1.134,1.109,1.11,153060575,171470387,False
2021-07-02,1.106,1.139,1.103,1.124,248024499,279217439,False
2021-07-05,1.131,1.185,1.131,1.183,365088152,426678586,False
2021-07-06,1.19,1.203,1.163,1.19,304826267,361449830,False
2021-07-07,1.172,1.23,1.158,1.228,344730380,415468356,False
2021-07-08,1.231,1.257,1.229,1.23,315549697,392711639,False
2021-07-09,1.23,1.312,1.223,1.31,334209856,425442862,False
2021-07-12,1.334,1.366,1.316,1.347,385251732,517883360,False
2021-07-13,1.349,1.351,1.318,1.347,288102701,384449407,False
2021-07-14,1.33,1.333,1.293,1.3,250297145,327683371,False
2021-07-15,1.296,1.347,1.276,1.34,263092704,345655163,False
2021-07-16,1.33,1.381,1.324,1.343,313234920,424474797,False
2021-07-19,1.336,1.378,1.322,1.331,279174774,377218125,False
2021-07-20,1.304,1.343,1.302,1.334,225678409,299526619,False
2021-07-21,1.346,1.402,1.339,1.401,231924169,318911138,False
2021-07-22,1.41,1.438,1.391,1.43,223601110,316250491,False
2021-07-23,1.43,1.48,1.419,1.43,272718600,394266970,False
2021-07-26,1.441,1.46,1.39,1.448,318917144,457922870,False
2021-07-27,1.458,1.494,1.366,1.376,472127858,681074065,False
2021-07-28,1.348,1.384,1.308,1.341,312985042,421834757,False
2021-07-29,1.376,1.428,1.363,1.425,276700514,385511045,False
2021-07-30,1.425,1.45,1.396,1.44,290038153,412797801,False
2021-08-02,1.457,1.477,1.396,1.442,287315878,412739798,False
2021-08-03,1.418,1.429,1.346,1.357,274049449,379305984,False
2021-08-04,1.358,1.428,1.352,1.425,239847851,334413191,False
2021-08-05,1.402,1.424,1.378,1.401,167145955,233799311,False
2021-08-06,1.425,1.458,1.413,1.45,223728900,322211924,False
2021-08-09,1.419,1.427,1.384,1.421,227880000,320838678,False
2021-08-10,1.409,1.437,1.382,1.41,196513800,277400380,False
2021-08-11,1.413,1.449,1.404,1.435,264750638,377993368,False
2021-08-12,1.435,1.475,1.424,1.467,235774385,342514591,False
2021-08-13,1.454,1.5,1.439,1.48,252206167,372570652,False
2021-08-16,1.472,1.475,1.411,1.417,252529223,362125769,False
2021-08-17,1.414,1.446,1.39,1.402,196161000,278997878,False
2021-08-18,1.401,1.44,1.383,1.415,187657743,264490447,False
2021-08-19,1.398,1.438,1.371,1.424,161021168,225686088,False
2021-08-20,1.407,1.434,1.39,1.419,170748468,241104033,False
2021-08-23,1.43,1.47,1.417,1.46,150978800,218215799,False
2021-08-24,1.463,1.523,1.462,1.5,175325617,262784630,False
2021-08-25,1.5,1.526,1.466,1.523,163817700,245891076,False
2021-08-26,1.523,1.566,1.515,1.542,190627900,294339262,False
2021-08-27,1.537,1.599,1.521,1.591,222824000,349242969,False
2021-08-30,1.599,1.659,1.594,1.639,282256632,458906961,False
2021-08-31,1.63,1.675,1.601,1.671,327819700,537192449,False
2021-09-01,1.676,1.7,1.548,1.556,520159259,836803798,False
2021-09-02,1.532,1.605,1.532,1.588,260362511,409758016,False
2021-09-03,1.572,1.603,1.514,1.53,265539900,412210465,False
2021-09-06,1.54,1.551,1.489,1.548,241175200,367730707,False
2021-09-07,1.542,1.594,1.531,1.581,204375300,319968096,False
2021-09-08,1.57,1.608,1.565,1.581,200295200,317564354,False
2021-09-09,1.578,1.634,1.578,1.631,278846700,447521010,False
2021-09-10,1.634,1.696,1.622,1.67,249574000,414686367,False
2021-09-13,1.692,1.717,1.658,1.715,247439284,419109136,False
2021-09-14,1.678,1.7,1.637,1.654,250268328,417154741,False
2021-09-15,1.641,1.676,1.628,1.668,185911361,308419346,False
2021-09-16,1.676,1.688,1.587,1.592,249524771,406741096,False
2021-09-17,1.574,1.599,1.496,1.542,246640657,382734313,False
2021-09-22,1.512,1.552,1.512,1.544,168736500,259404215,False
2021-09-23,1.56,1.57,1.533,1.546,227783000,353390299,False
2021-09-24,1.549,1.567,1.489,1.493,144075100,219062905,False
2021-09-27,1.48,1.484,1.39,1.408,208898600,297500981,False
2021-09-28,1.4,1.415,1.387,1.4,237989700,333411991,False
2021-09-29,1.382,1.394,1.336,1.346,215265629,293079475,False
2021-09-30,1.356,1.382,1.352,1.378,186551975,255741613,False
2021-10-08,1.407,1.415,1.355,1.367,230362109,315560884,False
2021-10-11,1.373,1.394,1.351,1.388,123234460,170005030,False
2021-10-12,1.382,1.388,1.323,1.346,133094720,179769431,False
2021-10-13,1.342,1.37,1.337,1.365,132169500,178696403,False
2021-10-14,1.371,1.411,1.369,1.401,187931646,262276904,False
2021-10-15,1.401,1.419,1.386,1.412,132002744,185437152,False
2021-10-18,1.425,1.452,1.405,1.452,198315281,283978209,False
2021-10-19,1.443,1.454,1.425,1.452,134248000,193598597,False
2021-10-20,1.419,1.463,1.411,1.444,160085885,230807008,False
2021-10-21,1.456,1.48,1.447,1.46,144011462,210848434,False
2021-10-22,1.446,1.457,1.406,1.412,144506449,206577050,False
2021-10-25,1.405,1.437,1.392,1.435,121274900,171852457,False
2021-10-26,1.441,1.463,1.438,1.443,114382300,165958793,False
2021-10-27,1.44,1.45,1.415,1.426,84557000,120989179,False
2021-10-28,1.41,1.423,1.365,1.369,145314639,201787840,False
2021-10-29,1.374,1.387,1.363,1.38,120004900,165318711,False
2021-11-01,1.376,1.387,1.351,1.361,117000800,159762557,False
2021-11-02,1.369,1.38,1.327,1.345,166043900,224750519,False
2021-11-03,1.342,1.343,1.312,1.341,131392700,174521342,False
2021-11-04,1.339,1.348,1.33,1.346,113955299,152615438,False
2021-11-05,1.34,1.365,1.332,1.333,143192400,193256144,False
2021-11-08,1.339,1.392,1.339,1.39,185812309,254836404,False
2021-11-09,1.396,1.398,1.38,1.394,114464500,158789594,False
2021-11-10,1.39,1.39,1.343,1.367,138889658,189270360,False
2021-11-11,1.363,1.378,1.356,1.376,117573300,160929965,False
2021-11-12,1.379,1.394,1.373,1.377,137889800,190487739,False
2021-11-15,1.376,1.376,1.336,1.344,107360254,144590771,False
2021-11-16,1.337,1.347,1.318,1.321,102303000,136111519,False
2021-11-17,1.316,1.355,1.316,1.354,132155255,177565889,False
2021-11-18,1.348,1.387,1.338,1.371,145641724,198653918,False
2021-11-19,1.365,1.385,1.36,1.384,129378679,177909545,False
2021-11-22,1.388,1.427,1.386,1.426,177897751,251576919,False
2021-11-23,1.436,1.441,1.422,1.423,190338207,272228885,False
2021-11-24,1.423,1.452,1.421,1.446,169067900,243059531,False
2021-11-25,1.45,1.46,1.438,1.444,114856064,166563197,False
2021-11-26,1.438,1.477,1.431,1.458,110552807,161442855,False
2021-11-29,1.43,1.468,1.426,1.466,114802007,166788879,False
2021-11-30,1.481,1.486,1.445,1.452,92089507,134635285,False
2021-12-01,1.452,1.458,1.427,1.445,95784868,138148715,False
2021-12-02,1.443,1.456,1.428,1.445,96003500,138552488,False
2021-12-03,1.445,1.463,1.428,1.46,98232864,142312347,False
2021-12-06,1.46,1.466,1.436,1.438,99062667,144089960,False
2021-12-07,1.449,1.453,1.401,1.422,126685877,180161706,False
2021-12-08,1.426,1.448,1.424,1.446,98087277,141090244,False
2021-12-09,1.448,1.453,1.436,1.445,97773500,141255767,False
2021-12-10,1.435,1.46,1.431,1.459,96177783,139549423,False
2021-12-13,1.46,1.46,1.435,1.46,108319932,156936317,False
2021-12-14,1.454,1.454,1.414,1.417,151615400,216157243,False
2021-12-15,1.415,1.423,1.386,1.391,130718500,183259876,False
2021-12-16,1.391,1.405,1.378,1.403,105089102,146428550,False
2021-12-17,1.403,1.418,1.386,1.388,117658377,164828754,False
2021-12-20,1.38,1.397,1.346,1.348,124866900,170711827,False
2021-12-21,1.345,1.356,1.336,1.352,78094600,105155726,False
2021-12-22,1.356,1.362,1.345,1.35,86110400,116504611,False
2021-12-23,1.364,1.367,1.349,1.354,108507799,147038285,False
2021-12-24,1.356,1.361,1.3,1.302,179490983,236816470,False
2021-12-27,1.302,1.313,1.289,1.299,211993400,276316816,False
2021-12-28,1.3,1.339,1.3,1.338,147518400,194915368,False
2021-12-29,1.335,1.353,1.328,1.329,105302630,141262149,False
2021-12-30,1.331,1.342,1.327,1.331,85553800,114027303,False
2021-12-31,1.334,1.354,1.332,1.349,114154100,153460029,False
2022-01-04,1.356,1.359,1.309,1.319,108206900,143745872,False
2022-01-05,1.309,1.317,1.28,1.284,113673800,147134506,False
2022-01-06,1.278,1.306,1.274,1.301,106150600,136778799,False
2022-01-07,1.295,1.299,1.262,1.27,120315500,153646292,False
2022-01-10,1.27,1.29,1.263,1.282,100123818,128260882,False
2022-01-11,1.28,1.292,1.273,1.278,87135000,111688055,False
2022-01-12,1.301,1.33,1.299,1.329,204972400,269715138,False
2022-01-13,1.333,1.335,1.298,1.298,168777200,221974865,False
2022-01-14,1.295,1.303,1.283,1.299,93541500,120836935,False
2022-01-17,1.293,1.293,1.273,1.287,107531770,137956689,False
2022-01-18,1.287,1.305,1.278,1.297,92991490,120373818,False
2022-01-19,1.293,1.297,1.256,1.265,118393600,150652933,False
2022-01-20,1.269,1.283,1.25,1.255,102771908,130308503,False
2022-01-21,1.252,1.274,1.241,1.265,144439292,182414126,False
2022-01-24,1.255,1.294,1.247,1.284,134478900,170954027,False
2022-01-25,1.276,1.293,1.252,1.253,107837300,137771159,False
2022-01-26,1.262,1.275,1.246,1.261,87507900,110487387,False
2022-01-27,1.266,1.273,1.229,1.231,86647200,108470895,False
2022-01-28,1.232,1.24,1.181,1.202,116287600,140039086,False
2022-02-07,1.23,1.262,1.228,1.244,127394700,158893676,False
2022-02-08,1.247,1.247,1.208,1.244,93166890,114580674,False
2022-02-09,1.25,1.288,1.248,1.288,152478700,193781262,False
2022-02-10,1.292,1.307,1.282,1.298,156156600,202472875,False
2022-02-11,1.296,1.33,1.283,1.295,180623921,236215993,False
2022-02-14,1.288,1.323,1.288,1.307,129328400,168981148,False
2022-02-15,1.31,1.32,1.289,1.318,125346441,163797610,False
2022-02-16,1.319,1.34,1.312,1.325,114848180,152222092,False
2022-02-17,1.321,1.375,1.318,1.372,162428500,220018943,False
2022-02-18,1.364,1.372,1.355,1.367,116308400,158495316,False
2022-02-21,1.369,1.376,1.347,1.361,136879500,186337037,False
2022-02-22,1.377,1.393,1.365,1.392,138800400,191387261,False
2022-02-23,1.385,1.399,1.377,1.397,130435100,181387868,False
2022-02-24,1.389,1.403,1.363,1.381,106051807,147183797,False
2022-02-25,1.39,1.418,1.381,1.399,119056700,166893592,False
2022-02-28,1.402,1.431,1.4,1.431,113690236,160972760,False
2022-03-01,1.431,1.431,1.382,1.397,163215713,228494940,False
2022-03-02,1.396,1.424,1.391,1.416,189256897,266570977,False
2022-03-03,1.425,1.435,1.41,1.412,224401100,319437340,False
2022-03-04,1.406,1.419,1.377,1.385,139688600,195141408,False
2022-03-07,1.395,1.407,1.37,1.381,100036769,139077105,False
2022-03-08,1.381,1.381,1.288,1.303,200121862,266081029,False
2022-03-09,1.297,1.297,1.219,1.266,213075800,269154468,False
2022-03-10,1.278,1.306,1.266,1.288,139846464,179457421,False
2022-03-11,1.268,1.287,1.241,1.283,84747400,106767483,False
2022-03-14,1.26,1.268,1.231,1.232,73471261,91904517,False
2022-03-15,1.217,1.229,1.17,1.171,130055700,156187800,False
2022-03-16,1.198,1.226,1.15,1.219,151951500,181341472,False
2022-03-17,1.235,1.26,1.233,1.238,104136700,129591040,False
2022-03-18,1.228,1.251,1.225,1.247,77559100,95870639,False
2022-03-21,1.262,1.284,1.242,1.274,81301300,103074200,False
2022-03-22,1.271,1.298,1.26,1.281,90248905,115870066,False
2022-03-23,1.281,1.286,1.267,1.275,74451900,94984435,False
2022-03-24,1.277,1.3,1.267,1.292,124933400,160226879,False
2022-03-25,1.289,1.304,1.27,1.273,98034000,126333471,False
2022-03-28,1.259,1.274,1.234,1.256,94068400,118048255,False
2022-03-29,1.255,1.268,1.246,1.256,82452100,103822908,False
2022-03-30,1.261,1.276,1.249,1.275,83351600,105361066,False
2022-03-31,1.274,1.274,1.235,1.246,79812400,99922036,False
2022-04-01,1.238,1.265,1.231,1.254,87458395,109315040,False
2022-04-06,1.248,1.252,1.226,1.247,78163000,96541152,False
2022-04-07,1.237,1.254,1.231,1.234,77227700,95712390,False
2022-04-08,1.23,1.249,1.216,1.239,82739400,102321206,False
2022-04-11,1.231,1.231,1.169,1.175,90826800,108200088,False
2022-04-12,1.169,1.195,1.164,1.194,145111600,171304848,False
2022-04-13,1.192,1.239,1.185,1.229,158910800,193475983,False
2022-04-14,1.23,1.241,1.217,1.235,100323900,123342804,False
2022-04-15,1.216,1.226,1.197,1.204,94223400,114163501,False
2022-04-18,1.193,1.199,1.168,1.196,98874600,116994504,False
2022-04-19,1.2,1.214,1.196,1.201,95149700,114645796,False
2022-04-20,1.2,1.2,1.151,1.152,177776400,207098071,False
2022-04-21,1.152,1.158,1.099,1.104,123464931,139140076,False
2022-04-22,1.092,1.108,1.076,1.098,122551100,134102602,False
2022-04-25,1.07,1.072,1.003,1.007,181658100,187801880,False
2022-04-26,1.004,1.012,0.968,0.975,145175463,144110241,False
2022-04-27,0.96,1.06,0.959,1.054,167902300,168613498,False
2022-04-28,1.046,1.07,1.037,1.047,92782100,97502409,False
2022-04-29,1.054,1.102,1.05,1.1,105581600,113296402,False
2022-05-05,1.1,1.11,1.082,1.098,66764900,73192707,False
2022-05-06,1.064,1.071,1.048,1.057,90972472,96337638,False
2022-05-09,1.046,1.069,1.043,1.062,135406800,142907103,False
2022-05-10,1.041,1.075,1.033,1.074,412729872,439409655,False
2022-05-11,1.069,1.115,1.064,1.098,522163916,564143324,False
2022-05-12,1.083,1.097,1.074,1.086,204990370,223319414,False
2022-05-13,1.09,1.095,1.074,1.091,140132972,152252381,False
2022-05-16,1.099,1.115,1.09,1.094,92395099,101571220,False
2022-05-17,1.094,1.134,1.093,1.129,120191760,134290612,False
2022-05-18,1.132,1.135,1.119,1.124,93791861,105597087,False
2022-05-19,1.107,1.136,1.096,1.136,94787200,106134838,False
2022-05-20,1.149,1.172,1.136,1.17,138074000,159550558,False
2022-05-23,1.175,1.203,1.166,1.199,114448818,135650112,False
2022-05-24,1.194,1.204,1.154,1.157,104156818,123273068,False
2022-05-25,1.154,1.173,1.145,1.168,93901700,108949814,False
2022-05-26,1.169,1.179,1.14,1.17,85910500,99891367,False
2022-05-27,1.179,1.185,1.153,1.165,109597200,128635530,False
2022-05-30,1.165,1.178,1.16,1.17,73929800,86482851,False
2022-05-31,1.17,1.18,1.149,1.179,98575884,114956461,False
2022-06-01,1.166,1.168,1.15,1.163,149822700,173659434,False
2022-06-02,1.159,1.187,1.153,1.18,118271498,139067490,False
2022-06-06,1.18,1.245,1.18,1.242,122606169,149391363,False
2022-06-07,1.242,1.252,1.227,1.241,82690357,102437160,False
2022-06-08,1.244,1.276,1.232,1.268,145876348,183535183,False
2022-06-09,1.255,1.268,1.24,1.253,101841385,127912861,False
2022-06-10,1.237,1.286,1.235,1.284,83364482,104950453,False
2022-06-13,1.271,1.323,1.269,1.31,151107579,196827136,False
2022-06-14,1.287,1.302,1.256,1.301,105357297,135120338,False
2022-06-15,1.299,1.318,1.284,1.293,108479000,141074467,False
2022-06-16,1.293,1.313,1.285,1.292,95096250,123672357,False
2022-06-17,1.283,1.333,1.28,1.333,149149382,196381304,False
2022-06-20,1.335,1.336,1.302,1.319,123268986,162196035,False
2022-06-21,1.312,1.312,1.253,1.269,161599600,206444390,False
2022-06-22,1.267,1.286,1.262,1.262,107099451,136346053,False
2022-06-23,1.263,1.286,1.236,1.285,106173734,134217511,False
2022-06-24,1.276,1.282,1.264,1.277,135041050,172093474,False
2022-06-27,1.272,1.339,1.27,1.322,163639009,214464983,False
2022-06-28,1.322,1.346,1.313,1.345,106791400,141798793,False
2022-06-29,1.34,1.34,1.287,1.288,148928421,195227034,False
2022-06-30,1.292,1.323,1.291,1.314,114627728,150417925,False
2022-07-01,1.314,1.349,1.3,1.342,187867089,249559551,False
2022-07-04,1.324,1.366,1.324,1.361,98489463,132820211,False
2022-07-05,1.361,1.381,1.348,1.376,126987904,173344673,False
2022-07-06,1.353,1.361,1.321,1.337,103199540,138505539,False
2022-07-07,1.335,1.356,1.321,1.348,76123493,101878890,False
2022-07-08,1.353,1.366,1.335,1.338,88000548,119032900,False
2022-07-11,1.329,1.332,1.269,1.282,96067287,123947302,False
2022-07-12,1.279,1.298,1.258,1.265,81061300,103615382,False
2022-07-13,1.259,1.274,1.237,1.271,109490826,137432727,False
2022-07-14,1.26,1.283,1.248,1.271,79900773,100970312,False
2022-07-15,1.262,1.287,1.246,1.249,85908213,109148617,False
2022-07-18,1.25,1.269,1.24,1.269,76920608,96716090,False
2022-07-19,1.264,1.284,1.254,1.264,98701050,125286841,False
2022-07-20,1.27,1.29,1.27,1.278,71699916,91741535,False
2022-07-21,1.277,1.277,1.251,1.255,116167851,146588183,False
2022-07-22,1.255,1.263,1.235,1.252,97917156,122498477,False
2022-07-25,1.252,1.264,1.24,1.241,76471089,95747210,False
2022-07-26,1.244,1.278,1.244,1.267,86798100,109511167,False
2022-07-27,1.265,1.271,1.247,1.267,79061250,99486632,False
2022-07-28,1.274,1.277,1.259,1.265,75754500,96028977,False
2022-07-29,1.266,1.274,1.254,1.255,74215100,93803636,False
2022-08-01,1.255,1.278,1.242,1.277,73876265,92956089,False
2022-08-02,1.261,1.261,1.223,1.231,103815400,128753141,False
2022-08-03,1.232,1.257,1.215,1.223,87390400,108555284,False
2022-08-04,1.224,1.249,1.216,1.233,75998000,93757686,False
2022-08-05,1.238,1.27,1.228,1.269,109738400,136762356,False
2022-08-08,1.258,1.281,1.251,1.273,92678700,117397664,False
2022-08-09,1.277,1.291,1.268,1.285,87376166,111838342,False
2022-08-10,1.289,1.306,1.276,1.287,97559900,126169656,False
2022-08-11,1.293,1.295,1.268,1.292,80415782,102984562,False
2022-08-12,1.288,1.307,1.284,1.291,85010400,110166505,False
2022-08-15,1.29,1.319,1.287,1.314,112502049,147048077,False
2022-08-16,1.316,1.316,1.291,1.295,71074801,92464839,False
2022-08-17,1.297,1.298,1.265,1.28,113508199,144952305,False
2022-08-18,1.273,1.287,1.269,1.271,76690000,97868166,False
2022-08-19,1.265,1.271,1.241,1.242,82575700,103845953,False
2022-08-22,1.241,1.295,1.228,1.293,150692600,190530063,False
2022-08-23,1.289,1.294,1.273,1.286,123130100,157743556,False
2022-08-24,1.289,1.298,1.246,1.25,102767600,130626793,False
2022-08-25,1.248,1.261,1.229,1.25,113654300,141453891,False
2022-08-26,1.25,1.28,1.245,1.257,103681028,130623167,False
2022-08-29,1.238,1.255,1.231,1.248,106996224,132996419,False
2022-08-30,1.247,1.249,1.23,1.237,97162180,120206717,False
2022-08-31,1.231,1.242,1.188,1.194,103109000,124674791,False
2022-09-01,1.194,1.201,1.18,1.181,87168320,103736097,False
2022-09-02,1.185,1.193,1.165,1.172,86657708,101836977,False
2022-09-05,1.167,1.181,1.165,1.177,77431500,90806453,False
2022-09-06,1.18,1.215,1.179,1.214,123402400,148021764,False
2022-09-07,1.201,1.237,1.2,1.231,81782758,100017019,False
2022-09-08,1.229,1.235,1.218,1.219,69131800,84724004,False
2022-09-09,1.224,1.251,1.222,1.251,84457700,104723980,False
2022-09-13,1.255,1.27,1.251,1.256,141126600,177722228,False
2022-09-14,1.235,1.258,1.232,1.238,82377600,102320766,False
2022-09-15,1.244,1.253,1.191,1.198,105066100,128063927,False
2022-09-16,1.194,1.197,1.158,1.159,102482800,119967915,False
2022-09-19,1.157,1.174,1.14,1.158,82593900,95933695,False
2022-09-20,1.169,1.205,1.168,1.195,89673400,106625536,False
2022-09-21,1.19,1.208,1.181,1.204,89429900,106816547,False
2022-09-22,1.195,1.213,1.191,1.203,89156900,107073022,False
2022-09-23,1.197,1.199,1.16,1.173,87312600,103024242,False
2022-09-26,1.152,1.171,1.14,1.145,82806400,95555941,False
2022-09-27,1.146,1.149,1.118,1.146,85649566,97158439,False
2022-09-28,1.137,1.138,1.082,1.084,112900800,124357870,False
2022-09-29,1.1,1.11,1.091,1.098,128962400,141890257,False
2022-09-30,1.094,1.112,1.087,1.088,72018500,79139851,False
2022-10-10,1.088,1.098,1.062,1.067,76394207,82575513,False
2022-10-11,1.072,1.088,1.068,1.082,89347965,96416999,False
2022-10-12,1.079,1.104,1.051,1.103,82047000,88482081,False
2022-10-13,1.089,1.103,1.087,1.089,50895600,55687409,False
2022-10-14,1.099,1.123,1.092,1.121,69293600,76677021,False
2022-10-17,1.107,1.117,1.096,1.114,81942992,90732894,False
2022-10-18,1.119,1.124,1.106,1.109,45004300,50090997,False
2022-10-19,1.111,1.123,1.098,1.099,53203500,59053519,False
2022-10-20,1.09,1.099,1.073,1.087,70826500,76713346,False
2022-10-21,1.09,1.093,1.068,1.075,51843600,56211205,False
2022-10-24,1.083,1.104,1.066,1.073,61909983,67481594,False
2022-10-25,1.073,1.083,1.042,1.071,68129283,72175928,False
2022-10-26,1.07,1.093,1.069,1.082,54548193,58868157,False
2022-10-27,1.089,1.108,1.087,1.089,59658600,65504989,False
2022-10-28,1.08,1.08,1.047,1.05,60467100,64269188,False
2022-10-31,1.038,1.056,1.033,1.04,64383300,67036036,False
2022-11-01,1.045,1.086,1.044,1.086,60086699,64173493,False
2022-11-02,1.081,1.11,1.078,1.103,78588700,86061586,False
2022-11-03,1.088,1.105,1.082,1.094,47920900,52531086,False
2022-11-04,1.096,1.148,1.094,1.147,79698000,89655435,False
2022-11-07,1.174,1.185,1.164,1.174,156162600,183407073,False
2022-11-08,1.166,1.181,1.16,1.177,118307800,138838486,False
2022-11-09,1.198,1.205,1.171,1.173,117917155,139614901,False
2022-11-10,1.158,1.16,1.143,1.148,85045141,97831966,False
2022-11-11,1.196,1.205,1.173,1.18,140456000,166475297,False
2022-11-14,1.19,1.192,1.15,1.159,108377100,127177611,False
2022-11-15,1.147,1.174,1.142,1.174,93974700,109220750,False
2022-11-16,1.174,1.175,1.156,1.158,81065900,94332576,False
2022-11-17,1.153,1.154,1.127,1.141,72477300,82623644,False
2022-11-18,1.137,1.139,1.121,1.124,85405500,96526571,False
2022-11-21,1.11,1.125,1.101,1.125,59778100,66737110,False
2022-11-22,1.125,1.131,1.111,1.116,63537692,71201986,False
2022-11-23,1.115,1.127,1.11,1.122,51546800,57737408,False
2022-11-24,1.13,1.142,1.124,1.128,86998400,98380112,False
2022-11-25,1.126,1.132,1.117,1.121,58075300,65182551,False
2022-11-28,1.099,1.109,1.087,1.104,59388000,65262114,False
2022-11-29,1.102,1.125,1.102,1.124,75535000,84245279,False
2022-11-30,1.117,1.137,1.117,1.128,68196788,76817883,False
2022-12-01,1.147,1.158,1.144,1.149,141964674,163572715,False
2022-12-02,1.145,1.148,1.129,1.132,75149634,85436786,False
2022-12-05,1.139,1.155,1.133,1.154,124500400,142879864,False
2022-12-06,1.145,1.158,1.133,1.156,77613126,89018682,False
2022-12-07,1.148,1.163,1.141,1.148,131009634,150751756,False
2022-12-08,1.145,1.157,1.139,1.146,65272900,75033034,False
2022-12-09,1.144,1.175,1.142,1.173,102844865,119184770,False
2022-12-12,1.166,1.166,1.132,1.137,99675800,113868621,False
2022-12-13,1.133,1.148,1.132,1.138,56211200,64095638,False
2022-12-14,1.141,1.15,1.132,1.135,66684400,76100480,False
2022-12-15,1.133,1.142,1.116,1.141,75990700,85706276,False
2022-12-16,1.129,1.129,1.107,1.115,66926600,74807311,False
2022-12-19,1.114,1.137,1.099,1.104,73003500,81602926,False
2022-12-20,1.101,1.102,1.084,1.089,47923100,52394153,False
2022-12-21,1.094,1.102,1.081,1.082,84796000,92672965,False
2022-12-22,1.088,1.093,1.06,1.063,49095900,52803121,False
2022-12-23,1.052,1.063,1.05,1.059,57232800,60435781,False
2022-12-26,1.052,1.073,1.05,1.073,87922500,93346840,False
2022-12-27,1.073,1.088,1.072,1.087,52219500,56443052,False
2022-12-28,1.081,1.087,1.066,1.077,49420200,53231944,False
2022-12-29,1.072,1.082,1.07,1.071,45353000,48745080,False
2022-12-30,1.076,1.079,1.063,1.063,50519000,54065254,False
2023-01-03,1.063,1.093,1.056,1.092,58673578,63002878,False
2023-01-04,1.083,1.088,1.068,1.073,50607500,54544630,False
2023-01-05,1.076,1.097,1.076,1.086,64975639,70582978,False
2023-01-06,1.084,1.113,1.081,1.103,79027700,86961478,False
2023-01-09,1.109,1.139,1.107,1.135,107401800,121090161,False
2023-01-10,1.131,1.143,1.123,1.136,105619100,119772711,False
2023-01-11,1.137,1.15,1.129,1.131,109052400,124420476,False
2023-01-12,1.141,1.158,1.137,1.138,78561000,90044545,False
2023-01-13,1.143,1.156,1.135,1.145,76207600,87268513,False
2023-01-16,1.145,1.162,1.143,1.155,80654600,92996588,False
2023-01-17,1.156,1.157,1.143,1.152,76791455,88241949,False
2023-01-18,1.152,1.172,1.152,1.161,106314900,123433128,False
2023-01-19,1.163,1.17,1.157,1.168,96271300,112000652,False
2023-01-20,1.168,1.215,1.168,1.205,152824900,183095497,False
2023-01-30,1.226,1.239,1.213,1.215,141318300,173046473,False
2023-01-31,1.214,1.228,1.209,1.221,128610200,157239637,False
2023-02-01,1.229,1.26,1.227,1.257,185783100,232279369,False
2023-02-02,1.258,1.259,1.238,1.246,210107362,261824839,False
2023-02-03,1.24,1.24,1.209,1.229,162598700,198736239,False
2023-02-06,1.211,1.213,1.194,1.204,111053400,133419142,False
2023-02-07,1.203,1.215,1.2,1.211,79691500,96250284,False
2023-02-08,1.213,1.222,1.205,1.205,87648400,106334976,False
2023-02-09,1.203,1.212,1.195,1.211,151107500,182502292,False
2023-02-10,1.211,1.211,1.183,1.193,106520282,127057934,False
2023-02-13,1.183,1.196,1.18,1.192,131380200,156311047,False
2023-02-14,1.193,1.21,1.192,1.202,107561600,129296661,False
2023-02-15,1.202,1.21,1.186,1.189,121260600,145189492,False
2023-02-16,1.186,1.19,1.15,1.159,377122200,445377442,False
2023-02-17,1.16,1.173,1.153,1.155,186555500,217236187,False
2023-02-20,1.153,1.177,1.147,1.177,102770500,119368798,False
2023-02-21,1.179,1.205,1.177,1.204,437565515,522296565,False
2023-02-22,1.196,1.197,1.183,1.187,123877700,147562171,False
2023-02-23,1.187,1.195,1.183,1.195,89497638,106492709,False
2023-02-24,1.193,1.195,1.167,1.175,104542615,123056194,False
2023-02-27,1.167,1.18,1.162,1.166,98554023,115233432,False
2023-02-28,1.17,1.172,1.156,1.17,71845700,83657448,False
2023-03-01,1.171,1.186,1.165,1.186,128668200,151635757,False
2023-03-02,1.183,1.184,1.167,1.168,191196850,224006053,False
2023-03-03,1.166,1.171,1.158,1.167,82999410,96672058,False
2023-03-06,1.168,1.171,1.149,1.167,133963700,155385205,False
2023-03-07,1.163,1.178,1.155,1.156,138564000,161778566,False
2023-03-08,1.149,1.15,1.139,1.146,87041800,99593327,False
2023-03-09,1.151,1.157,1.142,1.146,83574100,96039863,False
2023-03-10,1.14,1.14,1.126,1.128,123514562,139702504,False
2023-03-13,1.127,1.142,1.122,1.138,96618691,109441943,False
2023-03-14,1.139,1.15,1.117,1.133,119702991,135801455,False
2023-03-15,1.133,1.138,1.128,1.129,59760800,67728025,False
2023-03-16,1.119,1.119,1.089,1.093,136468600,150663932,False
2023-03-17,1.099,1.111,1.095,1.1,111044700,122321097,False
2023-03-20,1.105,1.116,1.099,1.111,89142290,98652211,False
2023-03-21,1.114,1.127,1.105,1.126,84106600,93839506,False
2023-03-22,1.127,1.134,1.117,1.122,71714000,80569079,False
2023-03-23,1.12,1.134,1.118,1.133,76341300,86088883,False
2023-03-24,1.134,1.138,1.126,1.13,68867300,77822711,False
2023-03-27,1.127,1.13,1.116,1.128,73898900,82961043,False
2023-03-28,1.128,1.132,1.108,1.112,64883300,72469310,False
2023-03-29,1.112,1.122,1.105,1.107,52151300,58051191,False
2023-03-30,1.105,1.117,1.096,1.117,67065000,74083224,False
2023-03-31,1.121,1.13,1.118,1.126,100655700,113060014,False
2023-04-03,1.126,1.136,1.117,1.132,128639500,144855296,False
2023-04-04,1.132,1.132,1.12,1.125,141027369,158519826,False
2023-04-06,1.124,1.14,1.12,1.14,107441501,121618581,False
2023-04-07,1.14,1.162,1.13,1.134,122520400,139038739,False
2023-04-10,1.132,1.141,1.125,1.14,107223000,121663949,False
2023-04-11,1.138,1.167,1.13,1.166,162373582,187221592,False
2023-04-12,1.166,1.177,1.16,1.172,136488400,159540999,False
2023-04-13,1.165,1.177,1.154,1.16,140639500,164040451,False
2023-04-14,1.167,1.198,1.167,1.196,230864488,274767286,False
2023-04-17,1.191,1.21,1.181,1.208,238388200,286082353,False
2023-04-18,1.205,1.22,1.196,1.207,192131300,232363453,False
2023-04-19,1.206,1.211,1.197,1.202,129349300,155911609,False
2023-04-20,1.197,1.197,1.165,1.176,251659800,295530548,False
2023-04-21,1.17,1.177,1.147,1.153,196446500,227786050,False
2023-04-24,1.148,1.149,1.118,1.125,144420300,163459714,False
2023-04-25,1.124,1.132,1.079,1.09,164654400,181272174,False
2023-04-26,1.085,1.117,1.073,1.103,141504300,155332556,False
2023-04-27,1.101,1.11,1.092,1.103,104434639,114904296,False
2023-04-28,1.102,1.119,1.1,1.113,124470000,138180875,False
2023-05-04,1.118,1.127,1.11,1.113,84307300,94278453,False
2023-05-05,1.113,1.115,1.088,1.092,77727400,85318677,False
2023-05-08,1.095,1.114,1.094,1.109,97069400,107131008,False
2023-05-09,1.112,1.115,1.09,1.091,103110500,113450167,False
2023-05-10,1.091,1.106,1.089,1.099,85034100,93206531,False
2023-05-11,1.096,1.099,1.087,1.091,70531700,77020939,False
2023-05-12,1.086,1.087,1.055,1.055,135140300,143864553,False
2023-05-15,1.056,1.098,1.056,1.094,155203734,167521898,False
2023-05-16,1.095,1.097,1.084,1.087,89149920,97278151,False
2023-05-17,1.082,1.087,1.073,1.078,95232200,102593353,False
2023-05-18,1.082,1.086,1.068,1.078,86136720,92687297,False
2023-05-19,1.071,1.075,1.058,1.067,69718500,74237152,False
2023-05-22,1.066,1.073,1.062,1.069,56856100,60612536,False
2023-05-23,1.07,1.07,1.052,1.052,84757700,89917832,False
2023-05-24,1.052,1.059,1.045,1.047,80392020,84566204,False
2023-05-25,1.043,1.046,1.024,1.034,137286000,142052864,False
2023-05-26,1.033,1.036,1.015,1.033,92854200,95118502,False
2023-05-29,1.033,1.037,1.022,1.028,88117700,90568633,False
2023-05-30,1.026,1.031,1.012,1.026,140897200,143843995,False
2023-05-31,1.026,1.029,1.016,1.024,131106900,133879036,False
2023-06-01,1.024,1.041,1.022,1.032,91070800,94090823,False
2023-06-02,1.039,1.073,1.038,1.072,208174600,221387369,False
2023-06-05,1.066,1.066,1.054,1.059,208142600,220494033,False
2023-06-06,1.057,1.064,1.043,1.047,76659617,81038013,False
2023-06-07,1.051,1.054,1.034,1.039,67025917,69890676,False
2023-06-08,1.035,1.051,1.033,1.045,78450600,81974664,False
2023-06-09,1.052,1.059,1.047,1.057,87030300,91709752,False
2023-06-12,1.049,1.056,1.043,1.051,111889800,117527458,False
2023-06-13,1.051,1.054,1.043,1.051,74942200,78558210,False
2023-06-14,1.056,1.059,1.047,1.053,237462900,250367400,False
2023-06-15,1.054,1.065,1.038,1.065,176289200,185118612,False
2023-06-16,1.062,1.073,1.062,1.071,141512900,151035928,False
2023-06-19,1.068,1.07,1.047,1.05,107509900,113356522,False
2023-06-20,1.046,1.05,1.039,1.043,92618806,96637137,False
2023-06-21,1.04,1.046,1.023,1.023,80490306,83228159,False
2023-06-26,1.02,1.029,1.014,1.015,77663800,79225705,False
2023-06-27,1.015,1.031,1.012,1.031,101944393,104211915,False
2023-06-28,1.029,1.03,1.014,1.027,71346279,72929589,False
2023-06-29,1.024,1.026,1.018,1.021,58604800,59900082,False
2023-06-30,1.018,1.038,1.018,1.034,112388700,115949719,False
2023-07-03,1.038,1.053,1.038,1.052,96823621,101608070,False
2023-07-04,1.06,1.068,1.044,1.049,98992800,104158578,False
2023-07-05,1.044,1.071,1.044,1.07,156927996,166806212,False
2023-07-06,1.07,1.07,1.047,1.05,110078634,115867728,False
2023-07-07,1.046,1.057,1.032,1.049,118569100,123891645,False
2023-07-10,1.051,1.064,1.05,1.056,81604000,86303499,False
2023-07-11,1.056,1.062,1.046,1.061,146469000,154317531,False
2023-07-12,1.061,1.066,1.054,1.058,88209880,93608041,False
2023-07-13,1.071,1.084,1.058,1.08,145919780,157325736,False
2023-07-14,1.08,1.085,1.07,1.072,107893300,116238525,False
2023-07-17,1.068,1.069,1.055,1.059,127273900,134626697,False
2023-07-18,1.057,1.065,1.052,1.059,69409000,73410324,False
2023-07-19,1.059,1.066,1.055,1.062,88142400,93426866,False
2023-07-20,1.063,1.082,1.063,1.065,103732500,111160448,False
2023-07-21,1.062,1.065,1.05,1.055,83303400,88040551,False
2023-07-24,1.052,1.053,1.036,1.038,86755800,90510736,False
2023-07-25,1.048,1.072,1.048,1.072,161673200,172279725,False
2023-07-26,1.071,1.077,1.065,1.075,211478000,226853464,False
2023-07-27,1.075,1.076,1.062,1.066,95916700,102568759,False
2023-07-28,1.057,1.075,1.048,1.073,213469515,227706220,False
2023-07-31,1.073,1.1,1.073,1.088,250470415,273035852,False
2023-08-01,1.089,1.098,1.081,1.09,276776000,301682215,False
2023-08-02,1.089,1.089,1.077,1.079,110846400,119998800,False
2023-08-03,1.077,1.078,1.069,1.076,188938158,202971097,False
2023-08-04,1.08,1.091,1.08,1.087,188798178,204626167,False
2023-08-07,1.079,1.087,1.076,1.08,116976700,126361396,False
2023-08-08,1.079,1.092,1.073,1.085,148879400,161487537,False
2023-08-09,1.08,1.084,1.072,1.074,101171831,108995044,False
2023-08-10,1.074,1.081,1.071,1.076,54497931,58631709,False
2023-08-11,1.075,1.078,1.051,1.052,105815400,112230537,False
2023-08-14,1.046,1.05,1.031,1.043,190514000,198454585,False
2023-08-15,1.04,1.046,1.026,1.036,113194400,117249979,False
2023-08-16,1.03,1.036,1.025,1.025,92084000,94856240,False
2023-08-17,1.021,1.031,1.009,1.031,104304400,106396753,False
2023-08-18,1.027,1.032,1.009,1.01,114696159,117405096,False
2023-08-21,1.009,1.014,1.0,1.001,81598659,82225473,False
2023-08-22,1.002,1.011,0.991,1.007,108755900,109033332,False
2023-08-23,1.004,1.006,0.983,0.984,91536400,90877079,False
2023-08-24,0.991,1.012,0.99,1.002,99719507,99739121,False
2023-08-25,0.995,0.998,0.982,0.987,155066007,153312343,False
2023-08-28,1.035,1.038,0.986,0.992,167074600,168214180,False
2023-08-29,0.99,1.009,0.986,1.006,136143500,136119363,False
2023-08-30,1.007,1.02,1.002,1.007,78006741,78901465,False
2023-08-31,1.006,1.011,0.994,0.997,84668200,84634379,False
2023-09-01,0.999,1.022,0.998,1.019,143198400,145421515,False
2023-09-04,1.024,1.054,1.023,1.05,259645500,270735331,False
2023-09-05,1.042,1.048,1.036,1.045,121288500,126462318,False
2023-09-06,1.042,1.044,1.035,1.042,86897800,90304695,False
2023-09-07,1.038,1.04,1.023,1.025,143683400,147890502,False
2023-09-08,1.024,1.027,1.012,1.015,98097200,99882389,False
2023-09-11,1.016,1.037,1.012,1.031,123790000,126862767,False
2023-09-12,1.031,1.04,1.026,1.028,102788400,106010181,False
2023-09-13,1.026,1.031,1.016,1.022,88576600,90632925,False
2023-09-14,1.022,1.03,1.021,1.028,189263700,193863858,False
2023-09-15,1.031,1.038,1.022,1.028,109916000,113233759,False
2023-09-18,1.023,1.032,1.013,1.029,107922000,110517689,False
2023-09-19,1.027,1.029,1.019,1.022,64962100,66519710,False
2023-09-20,1.02,1.021,1.014,1.014,70021300,71200569,False
2023-09-21,1.012,1.015,1.003,1.004,75920422,76563443,False
2023-09-22,1.001,1.01,0.994,1.01,99974700,100040253,False
2023-09-25,1.005,1.008,0.997,1.0,69954400,70104904,False
2023-09-26,0.998,1.0,0.991,0.992,59448500,59105351,False
2023-09-27,0.99,1.001,0.987,0.993,121117800,120334641,False
2023-09-28,0.993,0.998,0.986,0.99,66756500,66131044,False
2023-10-09,0.985,0.988,0.971,0.986,87210000,85451863,False
2023-10-10,0.985,0.999,0.985,0.99,78669900,78022069,False
2023-10-11,0.992,0.993,0.977,0.98,92685500,91036583,False
2023-10-12,0.984,1.008,0.984,1.007,165086800,164370538,False
2023-10-13,0.998,0.999,0.986,0.991,85711800,84897301,False
2023-10-16,0.994,0.997,0.974,0.977,68680400,67524484,False
2023-10-17,0.978,0.979,0.97,0.978,58877700,57398676,False
2023-10-18,0.975,0.977,0.96,0.962,62398000,60301424,False
2023-10-19,0.958,0.96,0.945,0.945,137559600,130869163,False
2023-10-20,0.944,0.961,0.943,0.95,81446500,77559067,False
2023-10-23,0.948,0.948,0.916,0.924,76298800,70960622,False
2023-10-24,0.924,0.94,0.924,0.94,99709500,93154567,False
2023-10-25,0.948,0.958,0.945,0.946,90210000,85807991,False
2023-10-26,0.942,0.949,0.933,0.948,56910100,53475987,False
2023-10-27,0.942,0.969,0.941,0.966,64675400,62075395,False
2023-10-30,0.966,0.98,0.964,0.972,67008600,65197804,False
2023-10-31,0.968,0.973,0.961,0.968,52621300,50815681,False
2023-11-01,0.969,0.97,0.958,0.963,35400000,34069602,False
2023-11-02,0.964,0.97,0.951,0.951,60721318,58225685,False
2023-11-03,0.954,0.959,0.951,0.955,62974250,60126863,False
2023-11-06,0.963,0.965,0.953,0.963,109953950,105296779,False
2023-11-07,0.96,0.96,0.946,0.954,113114700,107474037,False
2023-11-08,0.948,0.952,0.94,0.946,73701200,69791153,False
2023-11-09,0.942,0.953,0.941,0.949,70422400,66837691,False
2023-11-10,0.945,0.947,0.94,0.943,48165300,45422867,False
2023-11-13,0.945,0.949,0.939,0.948,58190000,54959519,False
2023-11-14,0.951,0.951,0.941,0.946,57741300,54645476,False
2023-11-15,0.956,0.968,0.956,0.964,154295900,148676971,False
2023-11-16,0.96,0.961,0.948,0.951,111017582,105684731,False
2023-11-17,0.947,0.954,0.944,0.953,63293200,60014119,False
2023-11-20,0.955,0.956,0.944,0.955,75252200,71510778,False
2023-11-21,0.956,0.967,0.955,0.957,69061200,66389392,False
2023-11-22,0.953,0.955,0.937,0.938,106060700,100116438,False
2023-11-23,0.936,0.942,0.931,0.942,100400400,94103903,False
2023-11-24,0.938,0.939,0.93,0.931,61241000,57220835,False
2023-11-27,0.929,0.934,0.921,0.925,53139400,49207638,False
2023-11-28,0.924,0.928,0.918,0.928,36255900,33473008,False
2023-11-29,0.93,0.935,0.927,0.929,44659200,41581838,False
2023-11-30,0.925,0.929,0.917,0.923,54542991,50311455,False
2023-12-01,0.922,0.927,0.914,0.923,58672900,53934993,False
2023-12-04,0.928,0.943,0.924,0.932,106323500,99435822,False
2023-12-05,0.923,0.93,0.913,0.917,79527200,73389777,False
2023-12-06,0.915,0.941,0.911,0.934,95715401,89293443,False
2023-12-07,0.932,0.934,0.919,0.929,78846201,72999776,False
2023-12-08,0.934,0.935,0.921,0.922,55182100,51015669,False
2023-12-11,0.915,0.917,0.898,0.913,63645400,57658930,False
2023-12-12,0.911,0.913,0.905,0.912,38652200,35127869,False
2023-12-13,0.909,0.909,0.893,0.895,56633600,51022018,False
2023-12-14,0.907,0.911,0.893,0.895,63921800,57679396,False
2023-12-15,0.901,0.912,0.896,0.9,54289900,49173942,False
2023-12-18,0.895,0.9,0.884,0.887,48303317,43028307,False
2023-12-19,0.884,0.889,0.878,0.883,37548100,33172634,False
2023-12-20,0.887,0.893,0.882,0.883,54981917,48798294,False
2023-12-21,0.878,0.893,0.875,0.891,63519800,56243314,False
2023-12-22,0.892,0.916,0.885,0.909,86568600,78061997,False
2023-12-25,0.903,0.915,0.903,0.915,49212200,44778623,False
2023-12-26,0.915,0.917,0.907,0.913,37797400,34455125,False
2023-12-27,0.913,0.918,0.903,0.917,57084100,52067896,False
2023-12-28,0.916,0.946,0.916,0.943,95303235,89381912,False
2023-12-29,0.939,0.948,0.936,0.945,81011400,76444977,False
2024-01-02,0.945,0.952,0.941,0.945,73698700,69863573,False
2024-01-03,0.942,0.95,0.94,0.947,79097500,74734508,False
2024-01-04,0.943,0.944,0.93,0.936,57527800,53829680,False
2024-01-05,0.934,0.952,0.927,0.931,81748300,76995598,False
2024-01-08,0.931,0.937,0.919,0.919,55022500,51068370,False
2024-01-09,0.919,0.931,0.914,0.93,64353790,59461085,False
2024-01-10,0.927,0.94,0.919,0.925,55098000,51178791,False
2024-01-11,0.922,0.945,0.917,0.941,78825280,73393500,False
2024-01-12,0.936,0.946,0.932,0.936,74186400,69765517,False
2024-01-15,0.936,0.938,0.925,0.926,72137800,67084424,False
2024-01-16,0.924,0.934,0.913,0.926,79450217,73314936,False
2024-01-17,0.924,0.924,0.895,0.896,69993924,63689760,False
2024-01-18,0.89,0.899,0.87,0.896,89547424,79387360,False
2024-01-19,0.892,0.906,0.891,0.891,79464700,71259017,False
2024-01-22,0.891,0.891,0.846,0.85,109280200,94951419,False
2024-01-23,0.848,0.866,0.838,0.861,97090590,82962840,False
2024-01-24,0.862,0.876,0.844,0.872,92242153,79661623,False
2024-01-25,0.872,0.9,0.871,0.897,103308900,91796253,False
2024-01-26,0.896,0.908,0.894,0.9,63908100,57574073,False
2024-01-29,0.901,0.904,0.882,0.883,71847600,64056058,False
2024-01-30,0.881,0.887,0.865,0.867,57623700,50574316,False
2024-01-31,0.863,0.866,0.841,0.841,73737100,62862922,False
2024-02-01,0.835,0.854,0.83,0.842,51736500,43524494,False
2024-02-02,0.842,0.849,0.798,0.821,105029400,87732209,False
2024-02-05,0.81,0.819,0.778,0.8,86927728,69633323,False
2024-02-06,0.791,0.846,0.791,0.842,91418500,75396424,False
2024-02-07,0.845,0.876,0.84,0.876,118842270,102600909,False
2024-02-08,0.878,0.899,0.877,0.885,86635251,76969853,False
2024-02-19,0.887,0.894,0.879,0.891,66036909,58561711,False
2024-02-20,0.887,0.897,0.88,0.896,53487400,47634912,False
2024-02-21,0.894,0.921,0.89,0.905,100386200,91193229,False
2024-02-22,0.902,0.915,0.896,0.913,69126900,62575161,False
2024-02-23,0.916,0.926,0.912,0.923,56876600,52250968,False
2024-02-26,0.92,0.929,0.91,0.914,65973100,60713198,False
2024-02-27,0.911,0.923,0.907,0.922,56144000,51469074,False
2024-02-28,0.922,0.943,0.911,0.912,77691841,72182692,False
2024-02-29,0.912,0.94,0.91,0.935,92776078,85969267,False
2024-03-01,0.934,0.948,0.934,0.945,90629400,85357703,False
2024-03-04,0.95,0.96,0.944,0.95,71088200,67657441,False
2024-03-05,0.951,0.961,0.944,0.949,92455933,88058165,False
2024-03-06,0.95,0.962,0.942,0.954,57720722,55000742,False
2024-03-07,0.958,0.996,0.958,0.983,336581200,331100501,False
2024-03-08,0.983,0.986,0.968,0.986,189110000,184847497,False
2024-03-11,0.988,0.999,0.983,0.998,194784120,193165099,False
2024-03-12,0.998,0.999,0.972,0.978,150515600,147940473,False
2024-03-13,0.975,0.989,0.97,0.985,157025855,153391987,False
2024-03-14,0.999,1.022,0.992,0.998,191045783,192295174,False
2024-03-15,0.99,1.034,0.988,1.033,352231673,357989067,False
2024-03-18,1.033,1.039,1.019,1.035,320961331,331017255,False
2024-03-19,1.03,1.051,1.027,1.028,218017426,226655183,False
2024-03-20,1.022,1.032,1.014,1.027,152651784,156070969,False
2024-03-21,1.04,1.046,1.026,1.031,186807200,193345535,False
2024-03-22,1.024,1.028,0.999,1.005,314857100,317548353,False
2024-03-25,1.002,1.029,1.002,1.011,231116400,235170969,False
2024-03-26,1.012,1.017,0.995,1.009,184882700,185556509,False
2024-03-27,1.009,1.012,0.995,0.995,122083000,122630638,False
2024-03-28,0.992,1.021,0.992,1.013,170336700,172146818,False
2024-03-29,1.022,1.047,1.022,1.047,271157636,281602568,False
2024-04-01,1.06,1.077,1.055,1.067,291370824,310850143,False
2024-04-02,1.067,1.079,1.062,1.078,230078488,246881396,False
2024-04-03,1.088,1.119,1.079,1.114,412093005,454143208,False
2024-04-08,1.119,1.155,1.103,1.111,591913453,669711578,False
2024-04-09,1.104,1.124,1.099,1.115,435384894,484340383,False
2024-04-10,1.119,1.132,1.101,1.122,285680567,319481791,False
2024-04-11,1.1,1.147,1.094,1.119,352657551,394559057,False
2024-04-12,1.13,1.14,1.113,1.13,231668735,261508138,False
2024-04-15,1.116,1.131,1.088,1.129,227791841,253268416,False
2024-04-16,1.122,1.128,1.075,1.08,301747742,332303829,False
2024-04-17,1.079,1.105,1.075,1.103,199769042,218152166,False
2024-04-18,1.098,1.121,1.091,1.118,206611900,229216071,False
2024-04-19,1.119,1.143,1.101,1.111,219694354,246007072,False
2024-04-22,1.117,1.129,1.085,1.086,175276028,193736738,False
2024-04-23,1.064,1.067,1.036,1.037,336126911,352351634,False
2024-04-24,1.029,1.049,1.026,1.047,182136211,188853397,False
2024-04-25,1.04,1.065,1.032,1.057,175371910,184575729,False
2024-04-26,1.059,1.086,1.053,1.085,163456600,175473147,False
2024-04-29,1.084,1.084,1.064,1.079,183945900,197584748,False
2024-04-30,1.079,1.089,1.066,1.069,153027300,164882216,False
2024-05-06,1.06,1.078,1.049,1.077,193648736,206108041,False
2024-05-07,1.082,1.099,1.08,1.085,171992700,186988905,False
2024-05-08,1.076,1.087,1.063,1.077,158796200,171052750,False
2024-05-09,1.074,1.11,1.071,1.103,230531300,252714617,False
2024-05-10,1.116,1.122,1.091,1.111,196349562,217249517,False
2024-05-13,1.098,1.103,1.083,1.097,187066862,204972231,False
2024-05-14,1.103,1.115,1.095,1.104,152021100,168117212,False
2024-05-15,1.101,1.115,1.091,1.092,205566720,226768283,False
2024-05-16,1.106,1.113,1.081,1.086,190440516,208982156,False
2024-05-17,1.082,1.102,1.072,1.101,178938000,193849740,False
2024-05-20,1.13,1.15,1.113,1.142,423831300,480468341,False
2024-05-21,1.143,1.146,1.103,1.107,298224400,333108943,False
2024-05-22,1.104,1.114,1.092,1.097,234953100,259204893,False
2024-05-23,1.068,1.071,1.052,1.062,257744300,274141497,False
2024-05-24,1.056,1.069,1.055,1.062,207417533,220599023,False
2024-05-27,1.059,1.078,1.059,1.077,233541200,250311863,False
2024-05-28,1.084,1.096,1.074,1.075,233468500,252938178,False
2024-05-29,1.074,1.109,1.074,1.102,397795167,437265843,False
2024-05-30,1.101,1.104,1.066,1.07,212730900,230292013,False
2024-05-31,1.068,1.074,1.057,1.065,115664200,123368100,False
2024-06-03,1.057,1.061,1.034,1.044,214834000,224650661,False
2024-06-04,1.044,1.063,1.038,1.056,153075200,160775258,False
2024-06-05,1.04,1.046,1.03,1.032,209150681,216773377,False
2024-06-06,1.042,1.055,1.039,1.042,204730102,214397864,False
2024-06-07,1.053,1.056,1.03,1.044,182649500,189949194,False
2024-06-11,1.02,1.023,1.011,1.021,195065100,198173236,False
2024-06-12,1.016,1.034,1.016,1.03,106528000,109231635,False
2024-06-13,1.03,1.03,1.005,1.013,184657300,186986026,False
2024-06-14,1.006,1.018,1.002,1.016,103637000,104727016,False
2024-06-17,1.014,1.02,1.002,1.003,137006400,138207202,False
2024-06-18,1.003,1.015,0.996,1.01,276137100,278244997,False
2024-06-19,1.014,1.026,1.01,1.014,179001900,182183163,False
2024-06-20,1.016,1.028,1.004,1.007,212673400,215402872,False
2024-06-21,1.011,1.015,0.998,1.002,155648700,156513724,False
2024-06-24,0.987,0.992,0.976,0.98,122075700,120049951,False
2024-06-25,0.98,0.992,0.975,0.981,133978500,131323104,False
2024-06-26,0.976,0.992,0.964,0.991,186005800,181159125,False
2024-06-27,0.983,0.988,0.967,0.968,117742100,114859091,False
2024-06-28,0.967,0.995,0.967,0.987,149310000,146892941,False
2024-07-01,0.995,1.013,0.987,1.01,160225116,160760506,False
2024-07-02,1.01,1.011,0.994,0.998,106489800,106496397,False
2024-07-03,0.997,1.001,0.99,0.998,108416500,107846707,False
2024-07-04,1.006,1.014,0.99,0.991,147907800,148623864,False
2024-07-05,0.99,1.018,0.982,1.017,198752660,199649516,False
2024-07-08,1.016,1.023,1.005,1.006,142781294,144838917,False
2024-07-09,1.003,1.03,1.002,1.027,195430952,198858225,False
2024-07-10,1.026,1.04,1.008,1.012,183353900,188033040,False
2024-07-11,1.02,1.054,1.015,1.05,274456339,285792113,False
2024-07-12,1.056,1.057,1.025,1.031,243249731,251604758,False
2024-07-15,1.028,1.048,1.023,1.038,165565931,172044155,False
2024-07-16,1.036,1.05,1.032,1.047,136756800,142749969,False
2024-07-17,1.052,1.054,1.018,1.02,200297300,206220963,False
2024-07-18,1.012,1.02,0.997,1.019,201474300,202962867,False
2024-07-19,1.003,1.005,0.978,1.002,171197600,170198031,False
2024-07-22,0.994,0.998,0.982,0.99,122616800,121384736,False
2024-07-23,0.987,0.994,0.943,0.944,200542500,192991577,False
2024-07-24,0.941,0.948,0.932,0.936,145342200,136431332,False
2024-07-25,0.925,0.928,0.91,0.913,158083100,145037038,False
2024-07-26,0.913,0.941,0.913,0.935,192760600,179865953,False
2024-07-29,0.938,0.944,0.93,0.933,105098480,98348170,False
2024-07-30,0.928,0.929,0.916,0.925,121138800,111503620,False
2024-07-31,0.928,0.961,0.927,0.961,169684580,160955114,False
2024-08-01,0.97,0.976,0.953,0.958,135368300,130577554,False
2024-08-02,0.943,0.949,0.938,0.942,90860400,85651514,False
2024-08-05,0.932,0.944,0.919,0.919,120396497,112152493,False
2024-08-06,0.922,0.93,0.91,0.919,95680600,87915021,False
2024-08-07,0.919,0.929,0.91,0.922,135042300,124208142,False
2024-08-08,0.917,0.918,0.904,0.913,105739200,96376388,False
2024-08-09,0.921,0.932,0.917,0.918,132930100,123009659,False
2024-08-12,0.916,0.921,0.912,0.918,82659600,75685992,False
2024-08-13,0.925,0.926,0.913,0.922,98825176,90801782,False
2024-08-14,0.919,0.924,0.908,0.909,112307600,102615959,False
2024-08-15,0.906,0.922,0.902,0.918,111743300,102101881,False
2024-08-16,0.926,0.931,0.915,0.919,118592800,109445441,False
2024-08-19,0.921,0.943,0.92,0.934,157463300,147351279,False
2024-08-20,0.934,0.941,0.919,0.923,191341900,177391198,False
2024-08-21,0.921,0.936,0.917,0.933,199644900,186108715,False
2024-08-22,0.933,0.934,0.919,0.92,86402200,79902052,False
2024-08-23,0.914,0.92,0.909,0.917,76962700,70423975,False
2024-08-26,0.925,0.929,0.918,0.929,86997700,80493316,False
2024-08-27,0.925,0.925,0.909,0.916,86329700,79114543,False
2024-08-28,0.912,0.925,0.904,0.908,119306600,108932718,False
2024-08-29,0.901,0.92,0.897,0.915,94032100,85721155,False
2024-08-30,0.914,0.931,0.909,0.921,168512100,155035997,False
2024-09-02,0.916,0.916,0.897,0.9,142595000,128781204,False
2024-09-03,0.897,0.911,0.893,0.903,97168800,87802865,False
2024-09-04,0.895,0.895,0.88,0.882,121979230,108082660,False
2024-09-05,0.882,0.896,0.877,0.882,169184000,149462952,False
2024-09-06,0.882,0.886,0.875,0.877,87053500,76573683,False
2024-09-09,0.871,0.871,0.854,0.862,152800282,131430271,False
2024-09-10,0.862,0.864,0.846,0.858,101878900,87054998,False
2024-09-11,0.855,0.868,0.855,0.867,90692280,78202806,False
2024-09-12,0.869,0.877,0.863,0.866,131791500,114453782,False
2024-09-13,0.874,0.88,0.862,0.863,89298200,77808425,False
2024-09-18,0.856,0.864,0.846,0.86,101790600,87185669,False
2024-09-19,0.86,0.887,0.849,0.887,189755300,165679202,False
2024-09-20,0.885,0.898,0.879,0.898,129499900,115287624,False
2024-09-23,0.893,0.908,0.893,0.897,131507300,118273494,False
2024-09-24,0.901,0.933,0.901,0.933,152049400,139462817,False
2024-09-25,0.945,0.969,0.941,0.942,204330400,195115389,False
2024-09-26,0.94,0.979,0.939,0.979,187878500,179042263,False
2024-09-27,0.996,1.027,0.99,1.023,90794500,91578449,False
2024-09-30,1.08,1.122,1.035,1.118,499980400,541545076,False
2024-10-08,1.23,1.23,1.067,1.143,1011332200,1158461816,False
2024-10-09,1.095,1.095,1.029,1.029,452190915,477860750,False
2024-10-10,1.023,1.073,1.018,1.046,412804400,431529872,False
2024-10-11,1.051,1.051,1.012,1.023,239335300,246480736,False
2024-10-14,1.027,1.058,1.025,1.054,234468600,244670591,False
2024-10-15,1.043,1.049,1.017,1.018,199428700,206071872,False
2024-10-16,1.01,1.034,1.006,1.027,267486448,273575655,False
2024-10-17,1.03,1.037,1.01,1.011,142596100,145815770,False
2024-10-18,1.009,1.052,1.009,1.036,284049500,292696891,False
2024-10-21,1.043,1.072,1.041,1.061,280691400,296892088,False
2024-10-22,1.059,1.07,1.049,1.068,241572900,256266917,False
2024-10-23,1.074,1.08,1.055,1.07,287800400,307343356,False
2024-10-24,1.058,1.06,1.042,1.055,177622100,186611386,False
2024-10-25,1.052,1.072,1.046,1.059,190929300,201845799,False
2024-10-28,1.061,1.069,1.054,1.069,176915200,187951817,False
2024-10-29,1.071,1.071,1.049,1.052,231252200,244878722,False
2024-10-30,1.047,1.057,1.03,1.04,166424400,173285352,False
2024-10-31,1.038,1.046,1.029,1.036,135558800,140611161,False
2024-11-01,1.033,1.096,1.03,1.075,454273100,487796820,False
2024-11-04,1.084,1.086,1.057,1.076,278018980,296766082,False
2024-11-05,1.07,1.115,1.066,1.11,409889700,447829727,False
2024-11-06,1.112,1.138,1.105,1.12,410006300,460779456,False
2024-11-07,1.099,1.118,1.083,1.118,378843262,418093846,False
2024-11-08,1.137,1.142,1.101,1.104,405738500,454978171,False
2024-11-11,1.089,1.108,1.083,1.107,247869600,271686643,False
2024-11-12,1.1,1.127,1.082,1.091,247062600,273761400,False
2024-11-13,1.088,1.111,1.084,1.1,197452300,216730525,False
2024-11-14,1.094,1.099,1.061,1.064,227536600,245225697,False
2024-11-15,1.059,1.074,1.045,1.046,177758035,188597837,False
2024-11-18,1.043,1.05,1.02,1.027,197631900,204646090,False
2024-11-19,1.031,1.064,1.029,1.062,194437800,203373129,False
2024-11-20,1.063,1.072,1.057,1.068,211185200,224773596,False
2024-11-21,1.065,1.072,1.058,1.07,198662100,211623495,False
2024-11-22,1.068,1.072,1.04,1.042,101476300,107093414,False
2024-11-25,1.046,1.058,1.027,1.038,109599700,114298660,False
2024-11-26,1.034,1.037,1.021,1.023,82559500,84987264,False
2024-11-27,1.023,1.034,1.001,1.034,144682948,146986918,False
2024-11-28,1.034,1.034,1.017,1.019,94052000,96324688,False
2024-11-29,1.017,1.038,1.011,1.031,110848600,113770131,False
2024-12-02,1.032,1.043,1.029,1.041,123226500,127690114,False
2024-12-03,1.04,1.042,1.031,1.04,164132599,170311526,False
2024-12-04,1.047,1.052,1.039,1.041,147155900,153831965,False
2024-12-05,1.04,1.04,1.028,1.034,84980100,87764449,False
2024-12-06,1.03,1.046,1.026,1.044,187153700,194096324,False
2024-12-09,1.042,1.055,1.039,1.043,136167600,142454156,False
2024-12-10,1.07,1.076,1.045,1.048,191723700,203240772,False
2024-12-11,1.049,1.069,1.046,1.061,133249700,141181071,False
2024-12-12,1.061,1.069,1.057,1.067,114904300,122249540,False
2024-12-13,1.06,1.06,1.035,1.037,129807000,135334856,False
2024-12-16,1.036,1.037,1.016,1.021,105892200,108461224,False
2024-12-17,1.02,1.025,1.012,1.014,75622300,76971222,False
2024-12-18,1.015,1.019,1.007,1.009,108396900,109841228,False
2024-12-19,1.003,1.006,0.988,1.005,102808300,102600431,False
2024-12-20,1.0,1.005,0.996,0.999,108665400,108694621,False
2024-12-23,0.998,1.005,0.993,0.996,129120000,129100800,False
2024-12-24,0.997,1.005,0.992,1.004,258944000,258340270,False
2024-12-25,1.004,1.004,0.988,0.994,140527200,139689165,False
2024-12-26,0.996,1.002,0.994,0.998,73135100,72994355,False
2024-12-27,0.994,1.002,0.991,0.993,123514600,123112535,False
2024-12-30,0.993,0.999,0.99,0.996,97343500,96874071,False
2024-12-31,0.996,0.997,0.972,0.973,176514100,173191077,False
2025-01-02,0.972,0.985,0.957,0.963,147949500,143907016,False
2025-01-03,0.964,0.995,0.964,0.972,193438100,189830395,False
2025-01-06,0.972,0.996,0.965,0.981,295461700,290497482,False
2025-01-07,0.981,1.0,0.972,1.0,172495800,171110373,False
2025-01-08,0.999,0.999,0.969,0.984,172618900,169463401,False
2025-01-09,0.981,0.993,0.978,0.991,139557700,137958656,False
2025-01-10,0.991,1.005,0.985,0.987,152094700,151239326,False
2025-01-13,0.982,1.016,0.979,1.01,318669598,320347522,False
2025-01-14,1.009,1.025,0.999,1.025,253019400,256979352,False
2025-01-15,1.02,1.026,1.005,1.014,182165200,184664733,False
2025-01-16,1.02,1.036,1.018,1.032,311627019,320700277,False
2025-01-17,1.032,1.039,1.028,1.037,115980000,119963768,False
2025-01-20,1.036,1.037,1.024,1.027,222681672,229114753,False
2025-01-21,1.027,1.029,1.012,1.021,139547312,142428249,False
2025-01-22,1.021,1.024,1.013,1.021,100296800,102296523,False
2025-01-23,1.023,1.036,1.013,1.014,103585699,106081611,False
2025-01-24,1.012,1.025,1.008,1.024,113305400,115355164,False
2025-01-27,1.023,1.032,1.018,1.02,81597800,83625688,False
2025-02-05,1.029,1.036,1.024,1.032,123050900,126738795,False
2025-02-06,1.034,1.045,1.029,1.045,133428200,138388356,False
2025-02-07,1.043,1.062,1.036,1.058,394468899,414626187,False
2025-02-10,1.059,1.065,1.053,1.06,209518319,221861237,False
2025-02-11,1.062,1.074,1.058,1.06,189757100,201867188,False
2025-02-12,1.055,1.056,1.04,1.054,210482000,220750534,False
2025-02-13,1.051,1.061,1.046,1.047,220190600,231881389,False
2025-02-14,1.05,1.058,1.046,1.055,500034600,526996584,False
2025-02-17,1.046,1.046,1.026,1.03,262723600,270951467,False
2025-02-18,1.029,1.034,1.018,1.021,122525800,125723946,False
2025-02-19,1.023,1.03,1.02,1.03,111333490,114223008,False
2025-02-20,1.028,1.036,1.026,1.035,130498700,134697213,False
2025-02-21,1.035,1.044,1.028,1.031,142476200,147422040,False
2025-02-24,1.028,1.032,1.022,1.03,130289400,133864056,False
2025-02-25,1.026,1.034,1.016,1.017,138140100,141684091,False
2025-02-26,1.017,1.03,1.016,1.023,115120800,117663273,False
2025-02-27,1.022,1.024,1.008,1.018,137932500,140043418,False
2025-02-28,1.016,1.017,1.0,1.0,247327800,249165856,False
2025-03-03,1.007,1.036,1.007,1.027,297271900,305050848,False
2025-03-04,1.027,1.032,1.015,1.03,228632800,234587523,False
2025-03-05,1.028,1.041,1.018,1.04,180721200,186236549,False
2025-03-06,1.043,1.055,1.043,1.054,227358800,238923835,False
2025-03-07,1.051,1.079,1.051,1.068,287189775,307453142,False
2025-03-10,1.077,1.082,1.065,1.08,285548775,307150873,False
2025-03-11,1.065,1.088,1.061,1.086,245523900,263102039,False
2025-03-12,1.09,1.095,1.08,1.086,297852100,323773863,False
2025-03-13,1.09,1.1,1.082,1.093,284358180,309969951,False
2025-03-14,1.115,1.125,1.099,1.106,413996400,458243895,False
2025-03-17,1.107,1.109,1.094,1.096,181374800,199571742,False
2025-03-18,1.096,1.121,1.096,1.111,176058500,195703655,False
2025-03-19,1.11,1.112,1.099,1.11,401432281,443885713,False
2025-03-20,1.118,1.122,1.106,1.107,234925081,261910282,False
2025-03-21,1.104,1.109,1.077,1.081,245101300,267934405,False
2025-03-24,1.081,1.105,1.077,1.102,216473100,236952594,False
2025-03-25,1.102,1.111,1.093,1.104,262711959,290054638,False
2025-03-26,1.112,1.126,1.095,1.097,210266900,233436599,False
2025-03-27,1.087,1.094,1.078,1.086,149143400,162050263,False
2025-03-28,1.088,1.093,1.075,1.086,280393192,303437679,False
2025-03-31,1.083,1.087,1.066,1.077,144807826,155927821,False
2025-04-01,1.079,1.089,1.075,1.08,247250299,267531825,False
2025-04-02,1.076,1.084,1.067,1.069,108916210,116997614,False
2025-04-03,1.066,1.07,1.051,1.053,336537799,355365080,False
2025-04-07,0.983,0.989,0.948,0.948,425587000,413092277,False
2025-04-08,0.958,0.962,0.938,0.961,261182500,248141301,False
2025-04-09,0.95,0.977,0.924,0.973,145768228,138477916,False
2025-04-10,0.995,1.022,0.99,1.01,249145889,251172958,False
2025-04-11,1.015,1.025,1.012,1.018,94887200,96689414,False
2025-04-14,1.023,1.053,1.023,1.043,148673700,154821834,False
2025-04-15,1.04,1.041,1.027,1.035,80329300,83068132,False
2025-04-16,1.043,1.043,1.019,1.034,68080600,70088601,False
2025-04-17,1.04,1.051,1.026,1.029,95970312,99324229,False
2025-04-18,1.022,1.028,1.014,1.026,49355343,50377231,False
2025-04-21,1.03,1.066,1.03,1.065,179944300,189560595,False
2025-04-22,1.066,1.071,1.057,1.06,100770000,107207517,False
2025-04-23,1.052,1.057,1.041,1.045,104285500,109284696,False
2025-04-24,1.049,1.056,1.037,1.038,80469300,84225443,False
2025-04-25,1.041,1.052,1.038,1.04,64013104,66915798,False
2025-04-28,1.038,1.04,1.031,1.036,56385675,58411541,False
2025-04-29,1.033,1.039,1.031,1.034,45035900,46607831,False
2025-04-30,1.034,1.039,1.03,1.032,37051500,38336060,False
2025-05-06,1.041,1.057,1.041,1.057,110250200,116051718,False
2025-05-07,1.061,1.065,1.052,1.06,75895700,80338569,False
2025-05-08,1.056,1.059,1.047,1.052,73944800,77927749,False
2025-05-09,1.048,1.052,1.042,1.049,57416297,60105238,False
2025-05-12,1.049,1.059,1.042,1.058,139317400,147012945,False
2025-05-13,1.058,1.064,1.054,1.062,80635647,85417097,False
2025-05-14,1.061,1.07,1.057,1.07,85157100,90792887,False
2025-05-15,1.067,1.068,1.052,1.057,53675100,56918044,False
2025-05-16,1.057,1.063,1.051,1.055,107226700,113099548,False
2025-05-19,1.055,1.057,1.045,1.051,39850500,41811042,False
2025-05-20,1.05,1.057,1.049,1.055,34249327,36095458,False
2025-05-21,1.06,1.078,1.058,1.078,124446469,133213290,False
2025-05-22,1.075,1.078,1.066,1.068,54146400,57980154,False
2025-05-23,1.066,1.076,1.064,1.069,58415950,62539014,False
2025-05-26,1.064,1.078,1.063,1.069,119561172,127966888,False
2025-05-27,1.065,1.068,1.042,1.048,134986400,141783323,False
2025-05-28,1.044,1.052,1.044,1.047,33158500,34740889,False
2025-05-29,1.042,1.055,1.039,1.052,44643200,46874236,False
2025-05-30,1.052,1.052,1.04,1.044,58210747,60803338,False
2025-06-03,1.053,1.063,1.052,1.057,54067400,57156614,False
2025-06-04,1.055,1.075,1.055,1.07,86302089,92324618,False
2025-06-05,1.071,1.077,1.065,1.066,152122676,162517261,False
2025-06-06,1.069,1.083,1.069,1.079,129217884,139487557,False
2025-06-09,1.074,1.084,1.067,1.082,128320990,138195569,False
2025-06-10,1.08,1.088,1.075,1.083,87872421,95033760,False
2025-06-11,1.083,1.109,1.081,1.105,141372983,155591700,False
2025-06-12,1.105,1.119,1.098,1.117,143053300,159132243,False
2025-06-13,1.121,1.126,1.111,1.116,124601300,139268567,False
2025-06-16,1.116,1.124,1.107,1.112,148170065,165444066,False
2025-06-17,1.109,1.119,1.108,1.112,78134632,87028566,False
2025-06-18,1.114,1.115,1.099,1.11,67975924,75222122,False
2025-06-19,1.103,1.109,1.088,1.091,87936288,96385303,False
2025-06-20,1.09,1.096,1.085,1.087,58712116,64002006,False
2025-06-23,1.086,1.098,1.086,1.097,75225713,82309383,False
2025-06-24,1.097,1.111,1.092,1.103,67789826,74773727,False
2025-06-25,1.106,1.111,1.098,1.111,98671509,109014045,False
2025-06-26,1.11,1.127,1.106,1.116,128824553,143709703,False
2025-06-27,1.126,1.15,1.122,1.138,290467390,330808499,False
2025-06-30,1.14,1.14,1.128,1.139,274325166,311483658,False
2025-07-01,1.139,1.155,1.128,1.155,163625000,187015066,False
2025-07-02,1.152,1.173,1.148,1.164,333042800,387278037,False
2025-07-03,1.169,1.172,1.158,1.166,199181300,231927716,False
2025-07-04,1.159,1.163,1.146,1.149,312459750,359486941,False
2025-07-07,1.145,1.148,1.139,1.14,165595050,189139391,False
2025-07-08,1.14,1.157,1.14,1.152,239508376,275882285,False
2025-07-09,1.157,1.162,1.126,1.13,304250892,346677453,False
2025-07-10,1.135,1.149,1.135,1.146,159238084,181700961,False
2025-07-11,1.153,1.185,1.151,1.168,322083946,375196376,False
2025-07-14,1.177,1.189,1.171,1.173,229904713,271096217,False
2025-07-15,1.167,1.174,1.15,1.159,267527679,310231312,False
2025-07-16,1.157,1.164,1.15,1.156,155727941,179919290,False
2025-07-17,1.156,1.162,1.149,1.16,101858500,117768234,False
2025-07-18,1.163,1.196,1.162,1.189,206567400,244223794,False
2025-07-21,1.195,1.224,1.191,1.223,376557895,457560837,False
2025-07-22,1.226,1.252,1.222,1.252,272102800,336978914,False
2025-07-23,1.262,1.266,1.244,1.247,441095990,553101950,False
2025-07-24,1.239,1.298,1.237,1.288,425964800,541195814,False
2025-07-25,1.282,1.294,1.279,1.288,225957289,290406949,False
2025-07-28,1.274,1.285,1.259,1.282,221491042,282036983,False
2025-07-29,1.27,1.284,1.267,1.279,223704711,285319129,False
2025-07-30,1.282,1.286,1.258,1.271,229553200,292762470,False
2025-07-31,1.251,1.254,1.222,1.229,362959300,448300772,False
2025-08-01,1.225,1.232,1.22,1.224,152897194,187507559,False
2025-08-04,1.222,1.245,1.222,1.245,183705197,227378778,False
2025-08-05,1.248,1.254,1.242,1.25,250580500,312663959,False
2025-08-06,1.25,1.267,1.248,1.264,234118770,294870856,False
2025-08-07,1.269,1.282,1.245,1.281,299039800,377798368,False
2025-08-08,1.281,1.305,1.274,1.297,301702900,389886788,False
2025-08-11,1.307,1.31,1.291,1.305,229072948,297917575,False
2025-08-12,1.297,1.303,1.286,1.299,175577308,227418691,False
2025-08-13,1.296,1.327,1.296,1.327,283456700,372357445,False
2025-08-14,1.327,1.334,1.311,1.32,288684500,381355461,False
2025-08-15,1.308,1.349,1.303,1.346,265504400,353661408,False
2025-08-18,1.352,1.368,1.332,1.352,390765890,528215552,False
2025-08-19,1.349,1.365,1.338,1.344,346303796,467626718,False
2025-08-20,1.334,1.368,1.332,1.356,172653135,233172099,False
2025-08-21,1.355,1.377,1.343,1.351,247470325,335870132,False
2025-08-22,1.347,1.374,1.347,1.368,242755566,331068149,False
2025-08-25,1.4,1.45,1.392,1.446,576397248,818886819,False
2025-08-26,1.441,1.444,1.414,1.427,464932226,663298214,False
2025-08-27,1.435,1.452,1.414,1.417,475231557,680821262,False
2025-08-28,1.415,1.444,1.402,1.443,460592102,657351475,False
2025-08-29,1.445,1.492,1.445,1.486,324122487,477320213,False
2025-09-01,1.516,1.534,1.473,1.533,623550225,942237645,False
2025-09-02,1.543,1.555,1.499,1.511,823133833,1252318553,False
2025-09-03,1.533,1.545,1.483,1.506,512335192,775490695,False
2025-09-04,1.5,1.517,1.414,1.444,702624472,1026054870,False
2025-09-05,1.431,1.508,1.431,1.507,492192707,727484743,False
2025-09-08,1.538,1.538,1.491,1.504,458408333,690756134,False
2025-09-09,1.505,1.549,1.499,1.515,600363759,915778243,False
2025-09-10,1.494,1.515,1.475,1.5,482134034,721488606,False
2025-09-11,1.495,1.525,1.49,1.524,368122053,556123556,False
2025-09-12,1.538,1.578,1.533,1.562,654339700,1018166047,False
2025-09-15,1.549,1.559,1.531,1.535,464055624,716447086,False
2025-09-16,1.551,1.556,1.481,1.515,841742038,1269653573,False
2025-09-17,1.502,1.52,1.488,1.518,530223836,797713416,False
2025-09-18,1.499,1.5,1.444,1.464,774081751,1145287512,False
2025-09-19,1.46,1.495,1.46,1.483,451014720,667891624,False
2025-09-22,1.498,1.504,1.467,1.497,358770443,532385391,False
2025-09-23,1.497,1.519,1.459,1.483,530334081,789934411,False
2025-09-24,1.474,1.504,1.473,1.503,430750292,642457640,False
2025-09-25,1.529,1.548,1.518,1.533,634450202,974204643,False
2025-09-26,1.531,1.566,1.526,1.532,471850322,728550439,False
2025-09-29,1.551,1.596,1.533,1.595,592114709,929013070,False
2025-09-30,1.615,1.658,1.614,1.653,723701753,1188432665,False
2025-10-09,1.75,1.8,1.716,1.797,1173372364,2060595625,False
2025-10-10,1.785,1.791,1.721,1.732,1363346391,2391171597,False
2025-10-13,1.678,1.806,1.678,1.799,1406855255,2457507025,False
2025-10-14,1.846,1.851,1.712,1.728,1414009987,2530465125,False
2025-10-15,1.741,1.756,1.693,1.744,997086152,1722245438,False
2025-10-16,1.735,1.746,1.696,1.704,613396679,1055816489,False
2025-10-17,1.726,1.745,1.666,1.671,689456242,1172643072,False
2025-10-20,1.658,1.673,1.636,1.648,596823951,986476583,False
2025-10-21,1.668,1.69,1.648,1.674,517444071,865684065,False
2025-10-22,1.61,1.656,1.608,1.652,574830519,940168386,False
2025-10-23,1.642,1.676,1.619,1.671,472555429,779005382,False
2025-10-24,1.688,1.709,1.677,1.7,548622217,928793685,False
2025-10-27,1.714,1.753,1.71,1.741,665849062,1154417386,False
2025-10-28,1.73,1.732,1.681,1.686,693733556,1180047302,False
2025-10-29,1.691,1.767,1.691,1.764,674916716,1170523259,False
2025-10-30,1.754,1.808,1.746,1.784,763971199,1359465375,False
2025-10-31,1.776,1.785,1.742,1.744,502687906,885472556,False
2025-11-03,1.731,1.74,1.671,1.719,627141979,1064766455,False
2025-11-04,1.705,1.716,1.651,1.667,399015118,669157732,False
2025-11-05,1.626,1.681,1.619,1.674,610128420,1008808653,False
2025-11-06,1.673,1.729,1.669,1.728,597116200,1020250298,False
2025-11-07,1.724,1.749,1.711,1.738,342176200,593571644,False
2025-11-10,1.757,1.777,1.731,1.746,504554925,883618330,False
2025-11-11,1.762,1.768,1.718,1.722,342572678,594701376,False
2025-11-12,1.715,1.75,1.696,1.723,356233073,614181093,False
2025-11-13,1.739,1.81,1.733,1.794,723423153,1291354002,False
2025-11-14,1.766,1.781,1.747,1.76,437286057,773036500,False
2025-11-17,1.753,1.771,1.742,1.751,393258694,689736187,False
2025-11-18,1.745,1.749,1.688,1.702,528579008,905046122,False
2025-11-19,1.707,1.76,1.707,1.75,378697307,655836308,False
2025-11-20,1.75,1.785,1.738,1.742,410002690,722425088,False
2025-11-21,1.712,1.712,1.648,1.65,644782577,1075404175,False
2025-11-24,1.65,1.658,1.608,1.638,430050639,701376210,False
2025-11-25,1.657,1.684,1.648,1.674,356894316,595964751,False
2025-11-26,1.681,1.694,1.668,1.674,242435400,407303739,False
2025-11-27,1.689,1.71,1.673,1.676,288171579,488372072,False
2025-11-28,1.682,1.71,1.67,1.704,300989898,510612272,False
2025-12-01,1.748,1.784,1.742,1.756,541637472,953410969,False
2025-12-02,1.745,1.745,1.72,1.731,335750704,580873958,False
2025-12-03,1.732,1.764,1.729,1.742,356331310,621174478,False
2025-12-04,1.769,1.787,1.741,1.748,376759941,664073543,False
2025-12-05,1.739,1.797,1.739,1.793,505559747,898744118,False
2025-12-08,1.8,1.806,1.769,1.806,567316125,1015511286,False
2025-12-09,1.79,1.791,1.734,1.746,488043676,856737960,False
2025-12-10,1.754,1.766,1.737,1.764,482904310,846848492,False
2025-12-11,1.781,1.793,1.749,1.751,399680824,708630254,False
2025-12-12,1.779,1.784,1.754,1.77,333801950,590750336,False
2025-12-15,1.748,1.782,1.746,1.762,294760178,520815849,False
2025-12-16,1.755,1.757,1.702,1.715,590729376,1016575305,False
2025-12-17,1.726,1.784,1.726,1.775,440365889,773547691,False
2025-12-18,1.774,1.8,1.761,1.772,401335888,714714415,False
2025-12-19,1.768,1.809,1.751,1.807,408497332,730362367,False
2025-12-22,1.83,1.858,1.821,1.847,487182651,897941190,False
2025-12-23,1.859,1.891,1.837,1.859,554642985,1031754314,False
2025-12-24,1.877,1.883,1.85,1.869,628654478,1169480269,False
2025-12-25,1.844,1.855,1.824,1.847,490019083,900447936,False
2025-12-26,1.873,1.932,1.873,1.92,781951605,1490585874,False
2025-12-29,1.95,1.951,1.875,1.878,1275225492,2430104226,False
2025-12-30,1.816,1.921,1.816,1.909,967935121,1818131207,False
2025-12-31,1.909,1.962,1.907,1.927,608853075,1175517513,False
2026-01-05,1.956,1.984,1.937,1.981,821103258,1614568536,False
2026-01-06,2.014,2.073,2.007,2.06,815977983,1669367215,False
2026-01-07,2.08,2.103,2.046,2.068,929578674,1924579790,False
2026-01-08,2.04,2.081,2.007,2.032,1003648107,2050661659,False
2026-01-09,2.013,2.101,2.012,2.094,918307372,1905426966,False
2026-01-12,2.149,2.157,2.081,2.118,1080566695,2276867295,False
2026-01-13,2.119,2.186,2.114,2.141,1121051856,2408308432,False
2026-01-14,2.157,2.2,2.131,2.148,1296903856,2811846782,False
2026-01-15,2.147,2.245,2.136,2.206,1425694986,3127162294,False
2026-01-16,2.206,2.249,2.163,2.175,1456648009,3207798649,False
2026-01-19,2.174,2.19,2.127,2.177,1005736643,2177613843,False
2026-01-20,2.188,2.209,2.107,2.184,1220010486,2636004994,False
2026-01-21,2.184,2.255,2.177,2.253,974456705,2167679854,False
2026-01-22,2.225,2.247,2.202,2.236,847264879,1887714637,False
2026-01-23,2.266,2.308,2.245,2.293,783538420,1784756989,False
2026-01-26,2.358,2.427,2.356,2.414,1262890240,3027127967,False
2026-01-27,2.386,2.451,2.341,2.391,1736345852,4154591664,False
2026-01-28,2.405,2.563,2.381,2.549,1632497715,4066148220,False
2026-01-29,2.63,2.674,2.462,2.595,2364193561,6086809192,False
2026-01-30,2.45,2.474,2.336,2.339,2619463942,6255985703,False
2026-02-02,2.105,2.22,2.105,2.105,2122540535,4587158434,False
2026-02-03,2.189,2.26,2.139,2.249,1804853876,3958825171,False
2026-02-04,2.297,2.307,2.223,2.253,948140662,2138074475,False
2026-02-05,2.198,2.226,2.11,2.144,1040139900,2242038212,False
2026-02-06,2.047,2.182,2.047,2.153,825787558,1761784760,False
2026-02-09,2.203,2.216,2.175,2.199,609269910,1336846952,False
2026-02-10,2.204,2.215,2.181,2.195,494832027,1086863345,False
2026-02-11,2.193,2.274,2.191,2.256,624105100,1400321870,False
2026-02-12,2.255,2.299,2.25,2.271,608309892,1385331627,False
2026-02-13,2.223,2.245,2.187,2.193,770705500,1706193078,False
2026-02-24,2.262,2.276,2.244,2.26,675779498,1527811520,False
2026-02-25,2.27,2.373,2.262,2.347,904177100,2107995723,False
2026-02-26,2.37,2.372,2.321,2.329,759333119,1777340264,False
2026-02-27,2.313,2.414,2.313,2.41,879991257,2096756782,False
2026-03-02,2.482,2.5,2.371,2.498,1262327006,3077336629,False
2026-03-03,2.453,2.48,2.35,2.362,1325941910,3189432576,False
2026-03-04,2.263,2.398,2.263,2.345,887007201,2084727503,False
2026-03-05,2.383,2.39,2.3,2.326,878581946,2049931601,False
2026-03-06,2.292,2.319,2.245,2.279,698793417,1595479547,False
2026-03-09,2.226,2.273,2.173,2.257,934323207,2071183749,False
2026-03-10,2.272,2.289,2.259,2.279,450054287,1023695713,False
2026-03-11,2.29,2.299,2.262,2.271,414984945,945084585,False
2026-03-12,2.25,2.284,2.228,2.254,662057498,1492032109,False
2026-03-13,2.233,2.283,2.187,2.193,690274410,1540568972,False
2026-03-16,2.163,2.183,2.073,2.126,1309281158,2775299938,False
2026-03-17,2.131,2.157,2.09,2.091,739588470,1572143020,False
2026-03-18,2.085,2.094,2.038,2.075,637007525,1314591157,False
2026-03-19,2.01,2.023,1.935,1.944,1240675758,2447335454,False
2026-03-20,1.935,1.978,1.915,1.917,923187072,1799586404,False
2026-03-23,1.852,1.907,1.819,1.823,1042763001,1938348195,False
2026-03-24,1.87,1.894,1.811,1.892,1021609325,1894311895,False
2026-03-25,1.95,1.976,1.934,1.952,781605110,1528907892,False
2026-03-26,1.945,1.961,1.908,1.919,439309617,850369038,False
2026-03-27,1.881,1.989,1.877,1.976,629108178,1228465525,False
2026-03-30,1.978,2.01,1.951,2.008,497717448,987634457,False
2026-03-31,2.009,2.024,1.968,1.983,450186932,898228896,False
2026-04-01,2.032,2.035,2.004,2.026,560244000,1132264450,False
2026-04-02,2.018,2.03,1.972,1.991,503714274,1007097536,False
2026-04-03,1.99,2.0,1.961,1.971,304741405,602205047,False
2026-04-07,1.97,1.998,1.97,1.992,271504559,539126400,False
2026-04-08,2.06,2.12,2.06,2.119,750223896,1569912677,False
2026-04-09,2.081,2.122,2.075,2.103,513745726,1077600681,False
2026-04-10,2.12,2.128,2.09,2.096,442929612,932549685,False
2026-04-13,2.078,2.104,2.075,2.096,411704456,860705749,False
2026-04-14,2.14,2.144,2.108,2.136,536881063,1140808668,False
2026-04-15,2.168,2.174,2.097,2.104,513796341,1098272760,False
2026-04-16,2.115,2.17,2.115,2.17,527497532,1133518617,False
2026-04-17,2.152,2.184,2.15,2.167,343802756,745783562,False
2026-04-20,2.166,2.197,2.16,2.179,400841918,872691514,False
2026-04-21,2.182,2.186,2.147,2.18,379395190,824157616,False
2026-04-22,2.158,2.187,2.153,2.179,461010820,1002010250,False
2026-04-23,2.178,2.185,2.081,2.098,764120779,1612859892,False
2026-04-24,2.083,2.131,2.066,2.118,502114586,1050990720,False
2026-04-27,2.112,2.12,2.091,2.095,326369546,685380331,False
2026-04-28,2.081,2.084,2.036,2.043,423109077,867853166,False
2026-04-29,2.032,2.14,2.032,2.14,564009175,1186274821,False
2026-04-30,2.128,2.154,2.101,2.119,380262704,807395293,False
2026-05-06,2.134,2.2,2.114,2.199,701034311,1518315837,False
2026-05-07,2.231,2.235,2.178,2.207,752127563,1658626372,False
2026-05-08,2.188,2.215,2.165,2.206,540275362,1185767596,False
2026-05-11,2.199,2.225,2.186,2.208,672843203,1483180160,False
2026-05-12,2.236,2.249,2.18,2.188,746163677,1646195190,False
2026-05-13,2.196,2.226,2.188,2.209,609057945,1343985039,False
2026-05-14,2.199,2.209,2.128,2.13,622112933,1345276196,False
2026-05-15,2.105,2.11,2.025,2.039,708486456,1459357359,False
2026-05-18,1.99,2.017,1.973,2.009,521962742,1043510007,False
2026-05-19,2.006,2.006,1.942,1.981,413093032,812731964,False
2026-05-20,1.95,2.0,1.931,1.985,501468135,984714161,False
2026-05-21,2.007,2.036,1.943,1.947,540683537,1081639563,False
2026-05-22,1.951,2.029,1.941,2.019,494317295,983949219,False
2026-05-25,2.05,2.066,2.01,2.025,696371248,1414202739,False
2026-05-26,2.009,2.1,1.984,2.095,870205014,1788917607,False
2026-05-27,2.085,2.092,2.0,2.013,657759366,1340244557,False
2026-05-28,1.983,2.008,1.937,1.991,620167667,1222480512,False
2026-05-29,2.012,2.028,1.953,1.965,500427733,993563687,False
2026-06-01,1.961,1.988,1.944,1.949,439299904,863503387,False
2026-06-02,1.955,2.022,1.926,2.015,617211337,1222949495,False
2026-06-03,1.997,2.054,1.988,2.032,625129872,1270392951,False
2026-06-04,2.004,2.007,1.958,1.97,481973300,949645144,False
2026-06-05,1.95,1.983,1.917,1.926,457796113,892310074,False
2026-06-08,1.844,1.876,1.792,1.82,703786117,1292192322,False
2026-06-09,1.829,1.874,1.792,1.869,604061373,1101755024,False
