date,open,high,low,close,volume,amount,suspended
2019-05-06,0.944,0.984,0.908,0.908,18484261,17287144,False
2019-05-07,0.915,0.962,0.915,0.951,20325800,19239358,False
2019-05-08,0.939,0.975,0.926,0.953,21940279,20946175,False
2019-05-09,0.938,0.949,0.902,0.915,22240100,20504939,False
2019-05-10,0.928,0.975,0.925,0.967,29058518,27679929,False
2019-05-13,0.966,0.981,0.941,0.972,24806318,24124112,False
2019-05-14,0.95,0.98,0.95,0.964,14889800,14413965,False
2019-05-15,0.971,1.023,0.971,1.019,116868200,117712978,False
2019-05-16,1.014,1.04,1.001,1.031,49898020,51065839,False
2019-05-17,1.028,1.038,0.992,1.0,40751500,41297833,False
2019-05-20,1.0,1.0,0.953,0.976,29263500,28386201,False
2019-05-21,0.977,1.002,0.956,0.991,27896600,27517499,False
2019-05-22,0.99,0.993,0.969,0.979,33062500,32345621,False
2019-05-23,0.969,0.978,0.94,0.946,29391400,28015361,False
2019-05-24,0.942,0.969,0.942,0.958,19972700,19161075,False
2019-05-27,0.954,0.968,0.938,0.965,32020800,30533972,False
2019-05-28,0.964,0.982,0.955,0.966,26624500,25791681,False
2019-05-29,0.964,0.988,0.96,0.978,20184300,19726573,False
2019-05-30,0.977,0.981,0.955,0.971,23304500,22416566,False
2019-05-31,0.972,0.972,0.954,0.959,17704278,17002263,False
2019-06-03,0.964,0.97,0.945,0.95,31076300,29603076,False
2019-06-04,0.95,0.951,0.92,0.924,28596550,26514981,False
2019-06-05,0.932,0.937,0.922,0.926,14150978,13135558,False
2019-06-06,0.936,0.936,0.911,0.915,15816000,14548330,False
2019-06-10,0.915,0.94,0.901,0.933,20804300,19231338,False
2019-06-11,0.933,0.988,0.933,0.981,40254500,38998307,False
2019-06-12,0.975,0.982,0.964,0.969,15873300,15391685,False
2019-06-13,0.969,0.972,0.952,0.966,14549500,13983165,False
2019-06-14,0.96,0.98,0.952,0.955,15979400,15424440,False
2019-06-17,0.952,0.961,0.939,0.95,14228600,13543080,False
2019-06-18,0.952,0.955,0.938,0.95,10108000,9552891,False
2019-06-19,0.98,0.985,0.962,0.963,19907900,19347974,False
2019-06-20,0.963,1.009,0.96,1.004,35950500,35770589,False
2019-06-21,1.003,1.019,0.995,1.013,24701100,24827243,False
2019-06-24,1.01,1.043,1.004,1.028,38585300,39672437,False
2019-06-25,1.021,1.035,1.004,1.027,24332210,24835162,False
2019-06-26,1.016,1.03,1.015,1.027,15892800,16266214,False
2019-06-27,1.025,1.073,1.025,1.063,50312100,53149502,False
2019-06-28,1.058,1.073,1.049,1.063,28386670,30101721,False
2019-07-01,1.09,1.119,1.081,1.118,26143023,28888491,False
2019-07-02,1.107,1.126,1.101,1.118,23274200,25891212,False
2019-07-03,1.114,1.138,1.081,1.096,32824000,36403290,False
2019-07-04,1.083,1.098,1.063,1.079,22254660,23940939,False
2019-07-05,1.077,1.113,1.076,1.106,24639800,26948915,False
2019-07-08,1.1,1.101,1.067,1.084,24898100,27035355,False
2019-07-09,1.08,1.114,1.08,1.092,21507200,23558330,False
2019-07-10,1.092,1.105,1.089,1.096,13087000,14356826,False
2019-07-11,1.099,1.108,1.08,1.084,21212528,23158565,False
2019-07-12,1.08,1.102,1.079,1.097,18749200,20510030,False
2019-07-15,1.09,1.092,1.06,1.089,20049600,21590676,False
2019-07-16,1.087,1.093,1.072,1.076,17617000,18988524,False
2019-07-17,1.073,1.082,1.065,1.073,13002900,13948064,False
2019-07-18,1.064,1.073,1.054,1.055,18410916,19590668,False
2019-07-19,1.059,1.073,1.055,1.065,12736400,13581463,False
2019-07-22,1.068,1.069,1.052,1.059,20097300,21281286,False
2019-07-23,1.06,1.06,1.03,1.048,18697835,19507682,False
2019-07-24,1.043,1.055,1.042,1.046,20530035,21530485,False
2019-07-25,1.046,1.06,1.029,1.06,31404800,32740032,False
2019-07-26,1.052,1.065,1.046,1.056,19982800,21143320,False
2019-07-29,1.057,1.07,1.051,1.067,20373935,21660996,False
2019-07-30,1.067,1.072,1.058,1.063,15663800,16692280,False
2019-07-31,1.059,1.067,1.044,1.045,20023800,21028661,False
2019-08-01,1.04,1.045,1.024,1.029,19147700,19790494,False
2019-08-02,1.004,1.025,1.003,1.02,22976100,23249886,False
2019-08-05,1.01,1.023,1.0,1.001,17136100,17293532,False
2019-08-06,0.989,1.014,0.975,1.01,29194300,29266670,False
2019-08-07,1.017,1.019,1.004,1.005,9729100,9836472,False
2019-08-08,1.006,1.03,1.006,1.026,21118000,21614430,False
2019-08-09,1.034,1.035,1.005,1.009,12740700,12974805,False
2019-08-12,1.022,1.04,1.022,1.038,30779300,31791815,False
2019-08-13,1.031,1.036,1.025,1.034,11339800,11691712,False
2019-08-14,1.045,1.064,1.044,1.06,17360200,18342799,False
2019-08-15,1.041,1.056,1.036,1.055,17815300,18649484,False
2019-08-16,1.054,1.086,1.05,1.073,21976500,23565048,False
2019-08-19,1.08,1.088,1.066,1.086,25171300,27135311,False
2019-08-20,1.086,1.1,1.075,1.098,16380900,17873740,False
2019-08-21,1.098,1.099,1.083,1.086,14812200,16142205,False
2019-08-22,1.088,1.111,1.088,1.11,20270200,22316302,False
2019-08-23,1.107,1.117,1.099,1.11,15867300,17613700,False
2019-08-26,1.092,1.098,1.081,1.087,21024400,22878131,False
2019-08-27,1.096,1.122,1.096,1.114,16677400,18533129,False
2019-08-28,1.112,1.131,1.098,1.112,16222200,18092390,False
2019-08-29,1.114,1.13,1.107,1.126,12582300,14074945,False
2019-08-30,1.129,1.168,1.127,1.15,39856300,45782408,False
2019-09-02,1.149,1.154,1.125,1.153,23519900,26833129,False
2019-09-03,1.15,1.156,1.128,1.142,30386500,34666671,False
2019-09-04,1.133,1.141,1.115,1.128,25703900,28867001,False
2019-09-05,1.125,1.142,1.125,1.133,25720100,29133885,False
2019-09-06,1.135,1.135,1.116,1.131,16142900,18152497,False
2019-09-09,1.131,1.14,1.128,1.132,16609600,18796828,False
2019-09-10,1.128,1.135,1.118,1.128,14567900,16391783,False
2019-09-11,1.124,1.127,1.08,1.085,62369700,67996138,False
2019-09-12,1.08,1.108,1.078,1.102,41085700,45121975,False
2019-09-16,1.1,1.105,1.088,1.097,15020600,16464706,False
2019-09-17,1.096,1.11,1.091,1.097,18204600,20061500,False
2019-09-18,1.099,1.14,1.099,1.138,46910800,52960787,False
2019-09-19,1.133,1.141,1.12,1.14,26367000,29754300,False
2019-09-20,1.14,1.155,1.136,1.144,22788140,26076845,False
2019-09-23,1.139,1.139,1.12,1.13,20150240,22695577,False
2019-09-24,1.13,1.166,1.13,1.158,32090700,36992935,False
2019-09-25,1.15,1.165,1.139,1.148,54457000,62711488,False
2019-09-26,1.148,1.163,1.125,1.131,62945840,72211263,False
2019-09-27,1.13,1.145,1.108,1.135,31041795,35101758,False
2019-09-30,1.128,1.14,1.111,1.116,41429195,46676130,False
2019-10-08,1.113,1.153,1.113,1.131,28708300,32655226,False
2019-10-09,1.131,1.131,1.109,1.12,18577700,20727797,False
2019-10-10,1.11,1.125,1.093,1.123,15153100,16788803,False
2019-10-11,1.122,1.138,1.116,1.124,17048800,19195546,False
2019-10-14,1.135,1.135,1.12,1.125,16408800,18468110,False
2019-10-15,1.126,1.148,1.116,1.144,34813800,39629589,False
2019-10-16,1.13,1.13,1.114,1.121,42709000,47851284,False
2019-10-17,1.123,1.129,1.114,1.124,10775400,12078699,False
2019-10-18,1.119,1.119,1.099,1.105,24149800,26818320,False
2019-10-21,1.1,1.109,1.094,1.108,12463800,13744216,False
2019-10-22,1.109,1.116,1.101,1.109,8169700,9045215,False
2019-10-23,1.11,1.116,1.085,1.09,17929600,19684287,False
2019-10-24,1.09,1.095,1.071,1.077,18165600,19569261,False
2019-10-25,1.078,1.097,1.074,1.093,17678600,19216967,False
2019-10-28,1.085,1.119,1.081,1.114,26681500,29560638,False
2019-10-29,1.115,1.132,1.109,1.122,15408800,17313590,False
2019-10-30,1.117,1.119,1.102,1.114,22117800,24558221,False
2019-10-31,1.119,1.135,1.112,1.116,13819300,15518394,False
2019-11-01,1.114,1.136,1.111,1.134,14641715,16504721,False
2019-11-04,1.135,1.155,1.135,1.143,21909685,25101267,False
2019-11-05,1.143,1.153,1.135,1.145,16632800,19057084,False
2019-11-06,1.143,1.151,1.133,1.136,11611800,13232189,False
2019-11-07,1.135,1.149,1.135,1.148,11100900,12681579,False
2019-11-08,1.16,1.166,1.149,1.152,15955300,18471210,False
2019-11-11,1.149,1.153,1.133,1.14,15911500,18177064,False
2019-11-12,1.14,1.15,1.133,1.149,16419600,18766910,False
2019-11-13,1.151,1.167,1.148,1.162,13029070,15084698,False
2019-11-14,1.16,1.183,1.155,1.176,13870000,16230188,False
2019-11-15,1.174,1.176,1.165,1.169,11640200,13636306,False
2019-11-18,1.168,1.178,1.158,1.176,34316000,40043995,False
2019-11-19,1.174,1.186,1.173,1.184,8593800,10133731,False
2019-11-20,1.181,1.197,1.177,1.187,10152300,12083898,False
2019-11-21,1.181,1.191,1.177,1.181,6301100,7449087,False
2019-11-22,1.178,1.186,1.141,1.151,15147800,17596937,False
2019-11-25,1.15,1.155,1.128,1.152,12236700,13978938,False
2019-11-26,1.15,1.166,1.15,1.159,15063000,17486506,False
2019-11-27,1.157,1.17,1.155,1.161,10169400,11839546,False
2019-11-28,1.164,1.17,1.154,1.161,9184200,10670599,False
2019-11-29,1.158,1.159,1.118,1.131,26643700,30104188,False
2019-12-02,1.126,1.139,1.125,1.132,8650700,9801089,False
2019-12-03,1.133,1.133,1.114,1.127,12357800,13873776,False
2019-12-04,1.14,1.146,1.131,1.136,10337100,11764976,False
2019-12-05,1.137,1.14,1.13,1.136,15899500,18040397,False
2019-12-06,1.136,1.163,1.135,1.162,26650700,30695196,False
2019-12-09,1.162,1.162,1.15,1.154,17670000,20425913,False
2019-12-10,1.154,1.156,1.146,1.152,14398100,16571441,False
2019-12-11,1.152,1.154,1.137,1.144,13577400,15504005,False
2019-12-12,1.142,1.144,1.136,1.141,13407400,15272498,False
2019-12-13,1.145,1.158,1.145,1.158,30358880,35001305,False
2019-12-16,1.158,1.158,1.142,1.153,27846900,31912828,False
2019-12-17,1.15,1.162,1.144,1.161,38955200,44940790,False
2019-12-18,1.161,1.169,1.156,1.16,28696100,33356750,False
2019-12-19,1.158,1.159,1.146,1.153,15156700,17468484,False
2019-12-20,1.149,1.153,1.144,1.148,9934400,11407056,False
2019-12-23,1.126,1.15,1.126,1.142,16946400,19342410,False
2019-12-24,1.14,1.147,1.138,1.145,6782100,7758477,False
2019-12-25,1.14,1.145,1.13,1.136,14169300,16060678,False
2019-12-26,1.136,1.143,1.131,1.142,9349000,10639938,False
2019-12-27,1.143,1.166,1.143,1.155,31210680,36219562,False
2019-12-30,1.148,1.198,1.148,1.193,41431574,48979691,False
2019-12-31,1.189,1.196,1.182,1.194,21537900,25624649,False
2020-01-02,1.19,1.19,1.164,1.183,34478500,40592320,False
2020-01-03,1.177,1.181,1.162,1.169,31992640,37435532,False
2020-01-06,1.167,1.17,1.155,1.16,33393200,38823248,False
2020-01-07,1.163,1.175,1.158,1.175,29810240,34886701,False
2020-01-08,1.165,1.177,1.165,1.17,28783640,33715881,False
2020-01-09,1.17,1.199,1.17,1.191,40909840,48566320,False
2020-01-10,1.191,1.228,1.19,1.224,42790400,51851964,False
2020-01-13,1.225,1.25,1.224,1.246,43067400,53343323,False
2020-01-14,1.236,1.237,1.215,1.221,34732100,42471581,False
2020-01-15,1.223,1.24,1.219,1.225,38646500,47491440,False
2020-01-16,1.225,1.233,1.22,1.227,18528400,22703204,False
2020-01-17,1.225,1.239,1.225,1.231,16993300,20942359,False
2020-01-20,1.232,1.241,1.216,1.229,22815100,27863527,False
2020-01-21,1.214,1.225,1.191,1.191,40594800,48610076,False
2020-01-22,1.185,1.202,1.173,1.195,31191000,37148809,False
2020-01-23,1.184,1.192,1.14,1.161,32238700,37492606,False
2020-02-03,1.045,1.06,1.045,1.045,15292700,15993932,False
2020-02-04,1.028,1.055,1.019,1.052,40837900,42436513,False
2020-02-05,1.055,1.069,1.036,1.062,40065100,42282395,False
2020-02-06,1.059,1.075,1.05,1.07,48579000,51502085,False
2020-02-07,1.064,1.086,1.059,1.085,37966100,40574877,False
2020-02-10,1.077,1.094,1.061,1.084,32819000,35422017,False
2020-02-11,1.084,1.12,1.081,1.109,42031600,46590910,False
2020-02-12,1.108,1.115,1.099,1.114,32751000,36252869,False
2020-02-13,1.112,1.126,1.099,1.104,37930800,42107308,False
2020-02-14,1.1,1.108,1.094,1.101,24190000,26627876,False
2020-02-17,1.102,1.117,1.098,1.116,53774600,59537454,False
2020-02-18,1.12,1.125,1.101,1.108,46948500,52012754,False
2020-02-19,1.107,1.131,1.102,1.126,62455600,69980941,False
2020-02-20,1.126,1.169,1.125,1.168,92774900,106935514,False
2020-02-21,1.168,1.169,1.153,1.165,115850400,134134260,False
2020-02-24,1.159,1.159,1.13,1.14,99305400,113086172,False
2020-02-25,1.117,1.135,1.105,1.132,77658200,87176118,False
2020-02-26,1.12,1.139,1.11,1.12,63173400,70969456,False
2020-02-27,1.123,1.138,1.119,1.128,58858300,66620705,False
2020-02-28,1.099,1.111,1.071,1.078,53158500,57960195,False
2020-03-02,1.079,1.113,1.079,1.11,41580700,45830700,False
2020-03-03,1.13,1.132,1.114,1.118,34352500,38529482,False
2020-03-04,1.101,1.129,1.101,1.127,28193300,31583278,False
2020-03-05,1.131,1.196,1.131,1.185,114535900,133414309,False
2020-03-06,1.171,1.195,1.155,1.16,76115400,89456738,False
2020-03-09,1.145,1.145,1.11,1.113,52068800,58426622,False
2020-03-10,1.118,1.157,1.109,1.152,49182100,55788850,False
2020-03-11,1.157,1.167,1.138,1.14,41432000,47766654,False
2020-03-12,1.122,1.13,1.107,1.119,35839800,40095067,False
2020-03-13,1.062,1.112,1.056,1.098,38126100,41199645,False
2020-03-16,1.095,1.098,1.047,1.058,59021700,63323536,False
2020-03-17,1.06,1.07,1.001,1.036,34170500,35279744,False
2020-03-18,1.036,1.057,1.004,1.013,59719500,61431972,False
2020-03-19,0.999,1.012,0.943,0.975,83472100,80856746,False
2020-03-20,0.978,1.013,0.978,1.008,54596300,54644079,False
2020-03-23,0.975,0.987,0.961,0.977,35653200,34732538,False
2020-03-24,0.991,1.023,0.991,1.019,45873900,46286191,False
2020-03-25,1.043,1.055,1.036,1.05,36955800,38666668,False
2020-03-26,1.038,1.067,1.032,1.049,43449300,45812943,False
2020-03-27,1.065,1.088,1.052,1.076,61382500,66227115,False
2020-03-30,1.055,1.072,1.048,1.061,26351700,27940970,False
2020-03-31,1.071,1.086,1.063,1.076,35725800,38462788,False
2020-04-01,1.074,1.084,1.06,1.066,31552400,33843040,False
2020-04-02,1.055,1.08,1.055,1.079,22157700,23681855,False
2020-04-03,1.081,1.089,1.068,1.077,26170700,28281226,False
2020-04-07,1.09,1.108,1.082,1.104,30064300,33105392,False
2020-04-08,1.084,1.103,1.084,1.1,18990300,20835689,False
2020-04-09,1.11,1.113,1.098,1.108,19394700,21435850,False
2020-04-10,1.11,1.146,1.105,1.121,41526800,46823785,False
2020-04-13,1.114,1.13,1.102,1.117,27496000,30711281,False
2020-04-14,1.121,1.136,1.117,1.133,26456500,29857530,False
2020-04-15,1.135,1.146,1.125,1.126,20038700,22752443,False
2020-04-16,1.123,1.125,1.111,1.122,21897000,24462297,False
2020-04-17,1.126,1.147,1.123,1.13,27559500,31342869,False
2020-04-20,1.129,1.14,1.126,1.14,22087000,25012289,False
2020-04-21,1.136,1.136,1.106,1.118,28446200,31767601,False
2020-04-22,1.11,1.153,1.11,1.149,46946500,53538588,False
2020-04-23,1.146,1.171,1.146,1.153,32747700,37974157,False
2020-04-24,1.162,1.18,1.146,1.169,27321200,31997170,False
2020-04-27,1.166,1.167,1.146,1.161,27780400,32280353,False
2020-04-28,1.156,1.205,1.15,1.191,36499400,43093808,False
2020-04-29,1.19,1.199,1.168,1.174,24440200,28914462,False
2020-04-30,1.17,1.188,1.17,1.184,32137100,37863660,False
2020-05-06,1.179,1.2,1.169,1.199,26511400,31450424,False
2020-05-07,1.192,1.217,1.183,1.211,43577000,52418161,False
2020-05-08,1.214,1.235,1.2,1.223,47047800,57369848,False
2020-05-11,1.221,1.247,1.221,1.226,34179400,42136096,False
2020-05-12,1.224,1.237,1.219,1.235,21547600,26504709,False
2020-05-13,1.231,1.275,1.226,1.273,43073900,54178932,False
2020-05-14,1.267,1.279,1.258,1.271,29617400,37637343,False
2020-05-15,1.27,1.278,1.247,1.262,37774900,47503583,False
2020-05-18,1.262,1.303,1.252,1.294,49279600,62959656,False
2020-05-19,1.295,1.301,1.281,1.301,39527500,51095413,False
2020-05-20,1.301,1.305,1.287,1.289,29943900,38766937,False
2020-05-21,1.29,1.316,1.29,1.301,38988200,50750270,False
2020-05-22,1.293,1.295,1.245,1.256,48859400,61851668,False
2020-05-25,1.252,1.288,1.237,1.285,42721600,54123542,False
2020-05-26,1.285,1.303,1.274,1.301,39409200,50958384,False
2020-05-27,1.3,1.306,1.285,1.292,29237700,37901993,False
2020-05-28,1.292,1.322,1.292,1.309,39272400,51419552,False
2020-05-29,1.294,1.33,1.294,1.328,31957800,42203703,False
2020-06-01,1.332,1.375,1.332,1.363,35292500,47991635,False
2020-06-02,1.361,1.366,1.331,1.34,53762300,72374805,False
2020-06-03,1.344,1.345,1.327,1.341,45852700,61059798,False
2020-06-04,1.336,1.37,1.333,1.368,56171500,76250675,False
2020-06-05,1.368,1.389,1.353,1.385,44054300,60486533,False
2020-06-08,1.384,1.406,1.371,1.387,37147500,51459666,False
2020-06-09,1.384,1.403,1.377,1.401,39115900,54582372,False
2020-06-10,1.4,1.409,1.391,1.407,52292900,73295417,False
2020-06-11,1.4,1.407,1.37,1.382,69110500,95986169,False
2020-06-12,1.351,1.396,1.35,1.389,43096900,59425155,False
2020-06-15,1.381,1.387,1.35,1.361,50006300,68281929,False
2020-06-16,1.368,1.389,1.367,1.387,52808500,72939917,False
2020-06-17,1.388,1.39,1.359,1.369,51996800,71152940,False
2020-06-18,1.362,1.378,1.359,1.371,27366900,37473708,False
2020-06-19,1.372,1.414,1.371,1.405,63400600,88914631,False
2020-06-22,1.41,1.415,1.389,1.414,43397700,60818181,False
2020-06-23,1.412,1.459,1.4,1.458,62309600,89520935,False
2020-06-24,1.456,1.471,1.438,1.457,46667100,67836432,False
2020-06-29,1.445,1.464,1.431,1.459,37448700,54321187,False
2020-06-30,1.46,1.503,1.46,1.501,51100000,75985235,False
2020-07-01,1.504,1.595,1.501,1.59,83747600,130217820,False
2020-07-02,1.579,1.638,1.558,1.615,106059500,170326474,False
2020-07-03,1.615,1.616,1.542,1.598,97076200,152785617,False
2020-07-06,1.58,1.64,1.56,1.638,88350300,141580756,False
2020-07-07,1.625,1.717,1.6,1.674,113654000,190369589,False
2020-07-08,1.649,1.694,1.6,1.68,97237700,161912781,False
2020-07-09,1.67,1.714,1.657,1.704,86105300,145291906,False
2020-07-10,1.7,1.765,1.68,1.724,105425465,182359010,False
2020-07-13,1.72,1.847,1.707,1.838,113893600,201974905,False
2020-07-14,1.815,1.84,1.771,1.819,126782265,229276309,False
2020-07-15,1.82,1.888,1.807,1.856,137113200,253547264,False
2020-07-16,1.821,1.821,1.67,1.695,179489500,312607644,False
2020-07-17,1.64,1.727,1.64,1.686,111670300,188312653,False
2020-07-20,1.69,1.711,1.59,1.674,148081300,244146873,False
2020-07-21,1.673,1.74,1.657,1.708,128583200,219898264,False
2020-07-22,1.7,1.765,1.67,1.74,90314700,157116232,False
2020-07-23,1.721,1.76,1.701,1.749,88023100,152722786,False
2020-07-24,1.73,1.739,1.635,1.663,108881400,182867977,False
2020-07-27,1.662,1.694,1.648,1.672,66734100,111655093,False
2020-07-28,1.661,1.733,1.661,1.718,88076800,149982711,False
2020-07-29,1.718,1.736,1.684,1.735,115931800,198981420,False
2020-07-30,1.73,1.765,1.718,1.747,106436900,186114676,False
2020-07-31,1.73,1.762,1.704,1.746,102700300,178353342,False
2020-08-03,1.747,1.759,1.728,1.757,96295200,167893240,False
2020-08-04,1.758,1.772,1.73,1.749,83155800,145392928,False
2020-08-05,1.725,1.748,1.709,1.743,82308400,142419002,False
2020-08-06,1.742,1.748,1.685,1.709,101874800,174064661,False
2020-08-07,1.69,1.714,1.64,1.664,75241100,126094966,False
2020-08-10,1.666,1.686,1.648,1.681,56265300,94043679,False
2020-08-11,1.685,1.725,1.685,1.691,83164500,142165360,False
2020-08-12,1.68,1.698,1.626,1.657,56717200,93730161,False
2020-08-13,1.655,1.685,1.65,1.675,48772400,81531314,False
2020-08-14,1.67,1.733,1.66,1.726,91287034,156133959,False
2020-08-17,1.734,1.789,1.728,1.772,98300434,173892446,False
2020-08-18,1.768,1.81,1.75,1.79,79434500,141825756,False
2020-08-19,1.781,1.827,1.768,1.795,91327707,164536404,False
2020-08-20,1.771,1.786,1.74,1.749,61686500,108293381,False
2020-08-21,1.757,1.802,1.752,1.788,80251607,143220097,False
2020-08-24,1.792,1.835,1.785,1.827,68878100,125089397,False
2020-08-25,1.827,1.909,1.827,1.894,102951100,194053898,False
2020-08-26,1.888,1.924,1.859,1.893,104395800,197379446,False
2020-08-27,1.875,1.915,1.856,1.912,104141800,196910701,False
2020-08-28,1.901,2.004,1.886,1.988,125065359,244740105,False
2020-08-31,1.997,2.051,1.992,2.013,139401300,281613926,False
2020-09-01,1.989,2.005,1.926,1.971,151285359,296162187,False
2020-09-02,1.975,1.998,1.929,1.954,89331559,175238203,False
2020-09-03,1.951,2.014,1.94,1.986,135663959,270141156,False
2020-09-04,1.938,1.949,1.89,1.933,127125400,243911941,False
2020-09-07,1.928,1.957,1.88,1.893,93754108,180602474,False
2020-09-08,1.893,1.912,1.821,1.854,99216300,183605507,False
2020-09-09,1.821,1.837,1.788,1.809,95162700,173065929,False
2020-09-10,1.83,1.877,1.829,1.84,100105800,185477212,False
2020-09-11,1.833,1.9,1.822,1.899,100178559,186919149,False
2020-09-14,1.901,1.929,1.882,1.921,103371200,197446961,False
2020-09-15,1.916,1.921,1.893,1.919,68111500,130157871,False
2020-09-16,1.919,1.935,1.874,1.886,79306400,151068517,False
2020-09-17,1.87,1.87,1.82,1.843,80197900,147828999,False
2020-09-18,1.836,1.872,1.818,1.87,86098200,158795523,False
2020-09-21,1.854,1.864,1.834,1.838,57728100,106284730,False
2020-09-22,1.822,1.854,1.817,1.822,58221600,106841984,False
2020-09-23,1.796,1.83,1.767,1.824,73932300,133401044,False
2020-09-24,1.81,1.832,1.78,1.785,60940400,110088642,False
2020-09-25,1.795,1.812,1.789,1.799,46416800,83632963,False
2020-09-28,1.802,1.835,1.795,1.815,63734200,115987328,False
2020-09-29,1.824,1.828,1.799,1.819,50662500,91870180,False
2020-09-30,1.82,1.846,1.812,1.827,71993100,131686448,False
2020-10-09,1.843,1.861,1.833,1.851,66284200,122397337,False
2020-10-12,1.858,1.95,1.851,1.948,106002800,202383654,False
2020-10-13,1.945,1.975,1.921,1.953,84726700,165326095,False
2020-10-14,1.946,1.985,1.944,1.953,70846600,139199799,False
2020-10-15,1.944,1.961,1.94,1.952,44174000,86214302,False
2020-10-16,1.95,1.969,1.914,1.927,49900000,96602493,False
2020-10-19,1.93,1.951,1.899,1.909,53617300,102992870,False
2020-10-20,1.899,1.973,1.899,1.972,109620900,213852494,False
2020-10-21,1.965,1.987,1.947,1.979,76186000,149900077,False
2020-10-22,1.973,2.015,1.941,2.004,88600318,175840081,False
2020-10-23,2.0,2.017,1.952,1.966,75941218,150938479,False
2020-10-26,1.897,1.945,1.877,1.938,78712618,150838366,False
2020-10-27,1.923,1.973,1.923,1.964,56219500,109911469,False
2020-10-28,1.96,2.045,1.959,2.03,128910300,259402870,False
2020-10-29,2.016,2.11,2.016,2.078,109090000,226786535,False
2020-10-30,2.067,2.075,2.008,2.019,111818700,227133798,False
2020-11-02,2.019,2.058,2.016,2.048,64177400,131000529,False
2020-11-03,2.047,2.08,2.041,2.069,67295900,138497653,False
2020-11-04,2.063,2.075,2.043,2.074,55129700,113667380,False
2020-11-05,2.081,2.142,2.081,2.124,103176558,217857789,False
2020-11-06,2.13,2.13,2.07,2.097,97141458,202886382,False
2020-11-09,2.101,2.137,2.093,2.136,98891292,209082678,False
2020-11-10,2.136,2.217,2.11,2.191,114942922,249619256,False
2020-11-11,2.17,2.255,2.162,2.192,143871711,318423847,False
2020-11-12,2.18,2.26,2.155,2.257,127786219,282837855,False
2020-11-13,2.204,2.211,2.121,2.151,183375719,396229455,False
2020-11-16,2.147,2.248,2.145,2.235,134245518,294866573,False
2020-11-17,2.233,2.27,2.18,2.203,125530870,280074361,False
2020-11-18,2.19,2.205,2.131,2.168,112490800,243838646,False
2020-11-19,2.148,2.204,2.133,2.189,96158340,209895458,False
2020-11-20,2.189,2.26,2.172,2.245,114594904,256242580,False
2020-11-23,2.256,2.305,2.253,2.274,96403804,219445394,False
2020-11-24,2.264,2.288,2.212,2.279,116912999,263335360,False
2020-11-25,2.279,2.279,2.18,2.187,182570776,403631184,False
2020-11-26,2.192,2.212,2.145,2.21,111108000,243389956,False
2020-11-27,2.203,2.216,2.172,2.208,73342311,161225574,False
2020-11-30,2.19,2.206,2.136,2.155,116678700,251798744,False
2020-12-01,2.149,2.175,2.148,2.168,73380907,158719854,False
2020-12-02,2.176,2.182,2.148,2.167,61166589,132311555,False
2020-12-03,2.163,2.197,2.152,2.195,89063131,193750785,False
2020-12-04,2.189,2.291,2.183,2.273,191883464,431480739,False
2020-12-07,2.263,2.316,2.258,2.275,131278908,300763338,False
2020-12-08,2.273,2.337,2.27,2.333,127952355,295233930,False
2020-12-09,2.333,2.339,2.297,2.318,126106071,292089361,False
2020-12-10,2.309,2.38,2.295,2.336,178404054,417736206,False
2020-12-11,2.332,2.375,2.32,2.355,124022275,291684456,False
2020-12-14,2.355,2.426,2.353,2.423,141699891,339441180,False
2020-12-15,2.425,2.427,2.36,2.405,176382344,423276596,False
2020-12-16,2.393,2.471,2.393,2.461,144494060,353423462,False
2020-12-17,2.462,2.529,2.449,2.513,168851932,420858945,False
2020-12-18,2.495,2.559,2.473,2.513,221668244,558933725,False
2020-12-21,2.505,2.551,2.48,2.527,142281089,358578743,False
2020-12-22,2.518,2.613,2.513,2.578,186105901,479427062,False
2020-12-23,2.588,2.66,2.494,2.56,302476205,779899788,False
2020-12-24,2.5,2.546,2.471,2.49,196976304,492798671,False
2020-12-25,2.456,2.515,2.433,2.489,171588700,424516917,False
2020-12-28,2.493,2.609,2.493,2.608,195400448,502936263,False
2020-12-29,2.61,2.617,2.548,2.578,138809352,358015655,False
2020-12-30,2.575,2.652,2.566,2.634,127938054,336162732,False
2020-12-31,2.645,2.69,2.634,2.689,150582332,401513827,False
2021-01-04,2.699,2.811,2.696,2.8,162978056,450383371,False
2021-01-05,2.788,2.932,2.755,2.916,256876700,737672055,False
2021-01-06,2.94,2.999,2.85,2.923,298443334,869162485,False
2021-01-07,2.904,2.956,2.841,2.954,214727447,622799750,False
2021-01-08,2.954,2.989,2.844,2.876,244788729,709974338,False
2021-01-11,2.865,2.866,2.732,2.773,261109135,729637435,False
2021-01-12,2.738,2.868,2.73,2.856,214454227,606377425,False
2021-01-13,2.856,2.889,2.781,2.82,175714012,498575239,False
2021-01-14,2.811,2.814,2.706,2.726,194256018,531798469,False
2021-01-15,2.71,2.71,2.571,2.65,281520756,740513705,False
2021-01-18,2.62,2.642,2.576,2.628,248658068,648161502,False
2021-01-19,2.648,2.678,2.554,2.572,275231918,719986954,False
2021-01-20,2.545,2.609,2.49,2.598,267369732,684474411,False
2021-01-21,2.583,2.695,2.575,2.669,320192450,845446188,False
2021-01-22,2.658,2.688,2.625,2.652,195571815,519085255,False
2021-01-25,2.65,2.83,2.64,2.828,334480303,927604238,False
2021-01-26,2.83,2.831,2.743,2.749,216886164,600318378,False
2021-01-27,2.697,2.714,2.601,2.668,214023938,569362054,False
2021-01-28,2.615,2.678,2.615,2.626,117962794,311693009,False
2021-01-29,2.649,2.712,2.64,2.678,205041590,550559233,False
2021-02-01,2.684,2.735,2.654,2.668,126238868,340131506,False
2021-02-02,2.668,2.783,2.659,2.779,198826439,544491088,False
2021-02-03,2.77,2.805,2.74,2.788,163446046,453936561,False
2021-02-04,2.778,2.875,2.761,2.806,222936950,629647281,False
2021-02-05,2.816,2.891,2.77,2.833,191411263,544048500,False
2021-02-08,2.85,2.909,2.782,2.84,154620368,438976832,False
2021-02-09,2.849,2.91,2.809,2.909,148259091,425853231,False
2021-02-10,2.926,3.054,2.926,3.046,186746297,562734410,False
2021-02-18,3.08,3.125,2.908,2.939,192790079,576444046,False
2021-02-19,2.903,2.959,2.801,2.919,204083874,588189937,False
2021-02-22,2.89,2.899,2.693,2.698,334529700,921341805,False
2021-02-23,2.657,2.737,2.652,2.699,138130346,373527221,False
2021-02-24,2.698,2.699,2.515,2.552,302542909,779904883,False
2021-02-25,2.561,2.577,2.47,2.502,199723878,502236547,False
2021-02-26,2.431,2.477,2.37,2.433,238923469,581076186,False
2021-03-01,2.46,2.48,2.405,2.441,167775849,410366727,False
2021-03-02,2.466,2.491,2.353,2.378,188575375,456514220,False
2021-03-03,2.37,2.436,2.345,2.43,148695963,357070875,False
2021-03-04,2.39,2.392,2.296,2.31,174160470,406421166,False
2021-03-05,2.258,2.375,2.25,2.342,217042872,505372564,False
2021-03-08,2.347,2.356,2.17,2.174,213779883,483039447,False
2021-03-09,2.159,2.195,2.081,2.113,209403332,448833448,False
2021-03-10,2.168,2.204,2.148,2.173,226070341,492869130,False
2021-03-11,2.177,2.302,2.159,2.26,224440843,504678485,False
2021-03-12,2.277,2.288,2.215,2.269,122278939,275211599,False
2021-03-15,2.248,2.269,2.129,2.157,186801770,406791275,False
2021-03-16,2.159,2.228,2.159,2.218,144558131,317621108,False
2021-03-17,2.203,2.261,2.161,2.249,127780998,284296430,False
2021-03-18,2.258,2.345,2.257,2.318,182277444,421855836,False
2021-03-19,2.265,2.303,2.239,2.264,139421761,315861072,False
2021-03-22,2.249,2.29,2.223,2.273,109605900,247447492,False
2021-03-23,2.264,2.302,2.24,2.284,105933899,241327029,False
2021-03-24,2.263,2.35,2.261,2.288,190050038,439731475,False
2021-03-25,2.266,2.288,2.21,2.272,109841188,247922806,False
2021-03-26,2.283,2.361,2.275,2.354,192066612,447701789,False
2021-03-29,2.374,2.455,2.353,2.409,192488794,464255417,False
2021-03-30,2.396,2.454,2.393,2.411,130604851,315872375,False
2021-03-31,2.398,2.398,2.354,2.374,127850745,303457401,False
2021-04-01,2.386,2.439,2.382,2.434,123589740,297883506,False
2021-04-02,2.468,2.548,2.468,2.544,188268076,472227647,False
2021-04-06,2.55,2.553,2.495,2.511,136459514,343310664,False
2021-04-07,2.497,2.497,2.39,2.405,221347427,535043835,False
2021-04-08,2.377,2.46,2.364,2.452,188872217,458274776,False
2021-04-09,2.416,2.438,2.376,2.391,134458662,322339632,False
2021-04-12,2.394,2.422,2.371,2.382,113545058,271882513,False
2021-04-13,2.372,2.453,2.372,2.418,154953697,375789828,False
2021-04-14,2.409,2.461,2.39,2.451,151105525,368396905,False
2021-04-15,2.435,2.452,2.393,2.436,139845564,338026021,False
2021-04-16,2.439,2.507,2.439,2.494,184424650,456921346,False
2021-04-19,2.477,2.528,2.425,2.523,168412635,421228211,False
2021-04-20,2.507,2.612,2.497,2.546,231816170,595386658,False
2021-04-21,2.52,2.628,2.511,2.608,182843972,473596958,False
2021-04-22,2.62,2.63,2.565,2.607,137593106,357838937,False
2021-04-23,2.597,2.662,2.597,2.635,152577116,401450208,False
2021-04-26,2.635,2.661,2.58,2.583,167416927,439375824,False
2021-04-27,2.594,2.632,2.555,2.63,134713332,349908798,False
2021-04-28,2.593,2.698,2.58,2.696,163629749,433801510,False
2021-04-29,2.69,2.712,2.635,2.69,145865912,390008694,False
2021-04-30,2.676,2.69,2.653,2.663,123962055,330725045,False
2021-05-06,2.653,2.653,2.56,2.583,173092154,450503256,False
2021-05-07,2.583,2.61,2.538,2.544,126488366,325204329,False
2021-05-10,2.522,2.568,2.49,2.505,133546192,336702122,False
2021-05-11,2.49,2.596,2.49,2.591,256295356,657348252,False
2021-05-12,2.581,2.635,2.563,2.629,141728444,369573620,False
2021-05-13,2.599,2.654,2.585,2.644,129861972,340859277,False
2021-05-17,2.644,2.644,2.644,2.644,300390591,412635072,False
2021-05-18,1.378,1.385,1.365,1.382,229634492,315537106,False
2021-05-19,1.373,1.384,1.356,1.365,252538501,346124847,False
2021-05-20,1.369,1.401,1.369,1.399,279412828,388872752,False
2021-05-21,1.393,1.426,1.385,1.398,318521386,447284806,False
2021-05-24,1.398,1.44,1.398,1.438,354301555,504070808,False
2021-05-25,1.441,1.484,1.43,1.48,329360704,481626411,False
2021-05-26,1.48,1.497,1.452,1.466,316755952,466020759,False
2021-05-27,1.465,1.5,1.443,1.476,283430216,417155839,False
2021-05-28,1.472,1.491,1.458,1.479,264201749,388950149,False
2021-05-31,1.468,1.486,1.448,1.483,326903608,479207977,False
2021-06-01,1.483,1.495,1.456,1.492,335657978,496148221,False
2021-06-02,1.49,1.497,1.465,1.47,318645760,471386398,False
2021-06-03,1.465,1.524,1.465,1.489,463859957,693470973,False
2021-06-04,1.477,1.526,1.474,1.523,367759584,554605296,False
2021-06-07,1.526,1.558,1.515,1.555,331378122,510335038,False
2021-06-08,1.55,1.55,1.43,1.447,944078755,1396033534,False
2021-06-09,1.429,1.464,1.411,1.442,497360621,715383570,False
2021-06-10,1.44,1.475,1.439,1.47,395293078,578087803,False
2021-06-11,1.46,1.466,1.423,1.439,359165860,517450022,False
2021-06-15,1.43,1.441,1.39,1.438,308388827,437626970,False
2021-06-16,1.433,1.435,1.395,1.407,331244101,467659849,False
2021-06-17,1.402,1.456,1.402,1.448,425974899,613900886,False
2021-06-18,1.444,1.458,1.413,1.434,421569525,603724744,False
2021-06-21,1.426,1.439,1.388,1.416,411996620,581912381,False
2021-06-22,1.416,1.431,1.401,1.43,332555700,471404596,False
2021-06-23,1.431,1.431,1.38,1.386,669082641,933205453,False
2021-06-24,1.381,1.399,1.351,1.385,527913511,725272070,False
2021-06-25,1.379,1.425,1.367,1.417,606614101,849830278,False
2021-06-28,1.417,1.438,1.41,1.431,356917191,508889741,False
2021-06-29,1.435,1.437,1.401,1.407,322205093,455910147,False
2021-06-30,1.408,1.435,1.406,1.423,364130331,518552588,False
2021-07-01,1.427,1.432,1.398,1.43,366692048,519956158,False
2021-07-02,1.422,1.423,1.376,1.378,446875313,620673489,False
2021-07-05,1.37,1.401,1.355,1.384,333966200,464235862,False
2021-07-06,1.376,1.388,1.342,1.382,404083830,552104272,False
2021-07-07,1.375,1.402,1.373,1.4,400348048,558486380,False
2021-07-08,1.393,1.41,1.365,1.368,401079626,555044040,False
2021-07-09,1.371,1.372,1.308,1.323,543498100,721366512,False
2021-07-12,1.325,1.342,1.295,1.334,425465225,563185344,False
2021-07-13,1.352,1.381,1.352,1.372,475808097,651813823,False
2021-07-14,1.362,1.385,1.345,1.374,331149340,453930234,False
2021-07-15,1.37,1.423,1.368,1.42,595215291,835721569,False
2021-07-16,1.421,1.43,1.393,1.396,431465585,606666057,False
2021-07-19,1.393,1.414,1.381,1.409,343458817,480637357,False
2021-07-20,1.399,1.42,1.396,1.414,343323646,484013367,False
2021-07-21,1.415,1.435,1.401,1.415,449574110,637455905,False
2021-07-22,1.413,1.43,1.385,1.387,540832890,756570890,False
2021-07-23,1.377,1.38,1.344,1.353,495651996,671363117,False
2021-07-26,1.338,1.338,1.232,1.252,895714140,1143040959,False
2021-07-27,1.24,1.256,1.195,1.198,534960689,657406949,False
2021-07-28,1.186,1.219,1.15,1.216,541272997,643565155,False
2021-07-29,1.238,1.245,1.193,1.201,598331921,723976072,False
2021-07-30,1.179,1.181,1.112,1.125,794692805,903144012,False
2021-08-02,1.099,1.193,1.089,1.192,1062966011,1220278582,False
2021-08-03,1.167,1.205,1.145,1.193,751582502,885703137,False
2021-08-04,1.185,1.201,1.174,1.177,471371814,557390759,False
2021-08-05,1.145,1.198,1.136,1.162,470879457,550016367,False
2021-08-06,1.156,1.172,1.142,1.158,384874182,445144439,False
2021-08-09,1.15,1.199,1.15,1.183,597590822,705974062,False
2021-08-10,1.188,1.264,1.178,1.26,1016914736,1243614607,False
2021-08-11,1.243,1.264,1.225,1.235,685263479,850270189,False
2021-08-12,1.226,1.245,1.21,1.213,554120114,678397585,False
2021-08-13,1.212,1.234,1.204,1.221,480045871,584529041,False
2021-08-16,1.217,1.238,1.21,1.226,346130444,424101289,False
2021-08-17,1.225,1.225,1.165,1.168,644464511,766784335,False
2021-08-18,1.159,1.192,1.15,1.182,455415642,535131062,False
2021-08-19,1.175,1.187,1.152,1.159,455457749,530636605,False
2021-08-20,1.124,1.132,1.077,1.085,1009180508,1111565196,False
2021-08-23,1.086,1.114,1.075,1.099,578691140,636291076,False
2021-08-24,1.105,1.143,1.095,1.134,616936030,694564276,False
2021-08-25,1.14,1.173,1.14,1.165,622586898,723617596,False
2021-08-26,1.155,1.155,1.119,1.126,510061819,577590223,False
2021-08-27,1.119,1.154,1.116,1.125,404550823,459128216,False
2021-08-30,1.134,1.149,1.097,1.13,552658417,620078993,False
2021-08-31,1.124,1.14,1.103,1.111,471754364,526106153,False
2021-09-01,1.108,1.16,1.081,1.149,936109537,1057942293,False
2021-09-02,1.145,1.158,1.125,1.128,693114636,786473618,False
2021-09-03,1.119,1.146,1.098,1.137,768360792,861631359,False
2021-09-06,1.134,1.186,1.122,1.178,983434574,1148751689,False
2021-09-07,1.169,1.196,1.163,1.186,667927988,787965370,False
2021-09-08,1.184,1.185,1.152,1.16,832146740,968675063,False
2021-09-09,1.158,1.169,1.148,1.158,476709971,551691449,False
2021-09-10,1.16,1.183,1.15,1.18,772760634,906419208,False
2021-09-13,1.176,1.193,1.155,1.163,693080521,811219129,False
2021-09-14,1.162,1.181,1.157,1.159,609364892,711622062,False
2021-09-15,1.152,1.152,1.12,1.126,824410825,934320813,False
2021-09-16,1.119,1.145,1.109,1.131,678571686,766964284,False
2021-09-17,1.127,1.179,1.12,1.169,983825882,1137628137,False
2021-09-22,1.155,1.161,1.134,1.141,642472349,734961826,False
2021-09-23,1.143,1.167,1.134,1.146,509515499,585864348,False
2021-09-24,1.141,1.187,1.138,1.173,875919914,1025919296,False
2021-09-27,1.198,1.267,1.197,1.251,1348682746,1667168202,False
2021-09-28,1.24,1.25,1.198,1.23,806643653,986758214,False
2021-09-29,1.22,1.241,1.203,1.222,601309772,734703027,False
2021-09-30,1.218,1.247,1.213,1.232,548642670,676190037,False
2021-10-08,1.233,1.286,1.22,1.265,769302879,972445793,False
2021-10-11,1.273,1.297,1.252,1.26,535519509,679576946,False
2021-10-12,1.248,1.273,1.234,1.262,474333063,596230935,False
2021-10-13,1.263,1.33,1.258,1.309,901734590,1170177649,False
2021-10-14,1.303,1.329,1.283,1.307,567470680,739706661,False
2021-10-15,1.29,1.307,1.273,1.296,518923528,669393315,False
2021-10-18,1.275,1.275,1.2,1.209,1343088449,1637555310,False
2021-10-19,1.2,1.24,1.196,1.23,757622576,928943171,False
2021-10-20,1.238,1.254,1.222,1.239,432100020,534323963,False
2021-10-21,1.24,1.248,1.225,1.245,361294855,447469205,False
2021-10-22,1.249,1.271,1.238,1.256,443297373,556494948,False
2021-10-25,1.25,1.258,1.237,1.249,333852400,415749393,False
2021-10-26,1.249,1.27,1.24,1.256,389918949,489506838,False
2021-10-27,1.249,1.249,1.216,1.223,539882361,662437209,False
2021-10-28,1.227,1.244,1.224,1.234,420042754,518911007,False
2021-10-29,1.245,1.266,1.242,1.246,472569557,591992560,False
2021-11-01,1.222,1.255,1.198,1.236,416921874,512846422,False
2021-11-02,1.23,1.246,1.205,1.219,443813290,542908129,False
2021-11-03,1.223,1.227,1.206,1.21,281313047,342140864,False
2021-11-04,1.215,1.252,1.212,1.248,657739551,813273386,False
2021-11-05,1.244,1.275,1.244,1.255,451737750,569148090,False
2021-11-08,1.254,1.264,1.243,1.252,262844262,328982098,False
2021-11-09,1.251,1.259,1.237,1.24,379110092,471648689,False
2021-11-10,1.242,1.246,1.206,1.216,549283942,669375144,False
2021-11-11,1.216,1.221,1.203,1.217,549364710,665376215,False
2021-11-12,1.222,1.225,1.201,1.203,526593500,636354346,False
2021-11-15,1.204,1.219,1.201,1.208,451569188,546405481,False
2021-11-16,1.211,1.247,1.209,1.244,828753384,1022826480,False
2021-11-17,1.239,1.251,1.227,1.241,472575765,585348846,False
2021-11-18,1.236,1.25,1.229,1.243,304462996,377650896,False
2021-11-19,1.239,1.274,1.237,1.259,501351483,631951168,False
2021-11-22,1.26,1.295,1.259,1.263,485313604,619596533,False
2021-11-23,1.258,1.279,1.255,1.268,298011418,377998110,False
2021-11-24,1.272,1.313,1.27,1.3,705748334,914820309,False
2021-11-25,1.31,1.322,1.29,1.293,373921351,486647169,False
2021-11-26,1.294,1.297,1.28,1.289,291000223,374301686,False
2021-11-29,1.28,1.296,1.278,1.295,316821639,408006036,False
2021-11-30,1.296,1.299,1.268,1.273,392948100,501758462,False
2021-12-01,1.286,1.291,1.269,1.277,395870200,505034812,False
2021-12-02,1.282,1.295,1.279,1.288,290984382,374345439,False
2021-12-03,1.29,1.33,1.287,1.324,694250004,916037713,False
2021-12-06,1.327,1.335,1.311,1.323,467411271,619967336,False
2021-12-07,1.329,1.347,1.319,1.321,486657245,647869573,False
2021-12-08,1.32,1.371,1.312,1.369,629537295,851595729,False
2021-12-09,1.376,1.417,1.368,1.395,552935760,770680105,False
2021-12-10,1.385,1.403,1.37,1.393,427778362,593155980,False
2021-12-13,1.405,1.432,1.4,1.402,419728762,593888782,False
2021-12-14,1.394,1.423,1.387,1.412,319768512,450818655,False
2021-12-15,1.409,1.409,1.382,1.393,376249028,524272361,False
2021-12-16,1.392,1.392,1.352,1.373,633627384,865529680,False
2021-12-17,1.367,1.367,1.336,1.34,529608159,713525711,False
2021-12-20,1.335,1.358,1.332,1.339,489829074,657980827,False
2021-12-21,1.338,1.348,1.318,1.34,419041974,558923450,False
2021-12-22,1.337,1.36,1.333,1.346,396033227,531809566,False
2021-12-23,1.344,1.377,1.33,1.375,515275046,696233166,False
2021-12-24,1.372,1.398,1.366,1.373,724759585,1000932085,False
2021-12-27,1.37,1.377,1.348,1.36,408203035,555086707,False
2021-12-28,1.361,1.383,1.361,1.378,376487679,517311333,False
2021-12-29,1.381,1.384,1.325,1.329,633340918,849851681,False
2021-12-30,1.319,1.332,1.308,1.323,555710018,734117945,False
2021-12-31,1.323,1.323,1.323,1.323,673541196,647547653,False
2022-01-04,0.965,0.966,0.935,0.953,663357519,627009232,False
2022-01-05,0.948,0.963,0.938,0.945,579556711,549603756,False
2022-01-06,0.946,0.951,0.92,0.931,730334574,681871468,False
2022-01-07,0.928,0.933,0.908,0.912,536788157,492700843,False
2022-01-10,0.905,0.914,0.885,0.907,478577520,431160144,False
2022-01-11,0.905,0.91,0.892,0.895,390342100,351412930,False
2022-01-12,0.898,0.904,0.894,0.903,479622623,431179168,False
2022-01-13,0.901,0.902,0.869,0.87,822155247,725672654,False
2022-01-14,0.863,0.878,0.863,0.865,495605444,431472594,False
2022-01-17,0.864,0.871,0.85,0.87,552230824,476242822,False
2022-01-18,0.87,0.892,0.863,0.883,959307353,846773869,False
2022-01-19,0.887,0.888,0.865,0.873,686220459,599333919,False
2022-01-20,0.87,0.889,0.868,0.888,845402442,747510418,False
2022-01-21,0.881,0.909,0.88,0.9,799428571,719304227,False
2022-01-24,0.892,0.907,0.886,0.894,427497404,382639586,False
2022-01-25,0.89,0.895,0.87,0.872,379407092,335188464,False
2022-01-26,0.871,0.89,0.864,0.879,423882063,372776790,False
2022-01-27,0.888,0.895,0.867,0.87,499937701,440560456,False
2022-01-28,0.868,0.873,0.842,0.845,416984568,357058762,False
2022-02-07,0.851,0.871,0.836,0.844,496716797,423746617,False
2022-02-08,0.844,0.845,0.808,0.82,507929659,416037825,False
2022-02-09,0.82,0.862,0.817,0.86,826885702,697440834,False
2022-02-10,0.857,0.862,0.845,0.851,418926803,356090280,False
2022-02-11,0.845,0.878,0.844,0.852,490055569,422919359,False
2022-02-14,0.845,0.873,0.845,0.866,400639840,346243212,False
2022-02-15,0.866,0.884,0.865,0.881,355272031,311389607,False
2022-02-16,0.883,0.89,0.873,0.885,323807230,285855512,False
2022-02-17,0.885,0.893,0.877,0.883,279219519,246674124,False
2022-02-18,0.877,0.89,0.866,0.888,314656909,277305192,False
2022-02-21,0.888,0.897,0.881,0.886,213489195,189553644,False
2022-02-22,0.88,0.88,0.859,0.865,294778833,255194031,False
2022-02-23,0.867,0.877,0.859,0.877,259160733,225497154,False
2022-02-24,0.869,0.871,0.835,0.843,535883017,455977611,False
2022-02-25,0.849,0.86,0.846,0.852,336303044,286945473,False
2022-02-28,0.849,0.856,0.837,0.854,318706154,270686051,False
2022-03-01,0.858,0.883,0.857,0.88,615381940,538441503,False
2022-03-02,0.871,0.874,0.861,0.87,508852954,441599815,False
2022-03-03,0.871,0.874,0.841,0.843,782231354,665030628,False
2022-03-04,0.83,0.845,0.825,0.83,487222541,405596672,False
2022-03-07,0.822,0.823,0.79,0.793,555956900,445947535,False
2022-03-08,0.807,0.821,0.788,0.795,567310320,457219679,False
2022-03-09,0.797,0.807,0.761,0.792,539314398,425769337,False
2022-03-10,0.811,0.827,0.807,0.825,670595095,549352556,False
2022-03-11,0.813,0.825,0.801,0.822,448538509,364743224,False
2022-03-14,0.809,0.81,0.777,0.78,759854591,598332745,False
2022-03-15,0.761,0.773,0.737,0.739,569558108,428970945,False
2022-03-16,0.754,0.764,0.722,0.761,643262100,480453427,False
2022-03-17,0.773,0.799,0.771,0.784,711004944,556682900,False
2022-03-18,0.779,0.79,0.772,0.784,302715423,235984546,False
2022-03-21,0.787,0.79,0.775,0.782,238777900,186404939,False
2022-03-22,0.78,0.787,0.77,0.772,270365000,209747566,False
2022-03-23,0.775,0.79,0.77,0.785,436760462,341605007,False
2022-03-24,0.777,0.777,0.762,0.765,422893200,324367794,False
2022-03-25,0.765,0.769,0.739,0.744,450798261,338449581,False
2022-03-28,0.727,0.728,0.709,0.721,578222771,414030725,False
2022-03-29,0.722,0.73,0.709,0.71,496767633,356413274,False
2022-03-30,0.719,0.742,0.719,0.742,563496016,411336719,False
2022-03-31,0.737,0.743,0.732,0.737,298539180,219950508,False
2022-04-01,0.73,0.766,0.73,0.754,678422275,511280011,False
2022-04-06,0.748,0.757,0.742,0.748,369354400,276180923,False
2022-04-07,0.742,0.762,0.74,0.747,447116275,336414913,False
2022-04-08,0.75,0.756,0.742,0.743,313740142,234635023,False
2022-04-11,0.735,0.735,0.708,0.709,452219862,323772987,False
2022-04-12,0.711,0.757,0.711,0.756,668527028,490743329,False
2022-04-13,0.748,0.766,0.744,0.753,432687962,327148138,False
2022-04-14,0.764,0.799,0.76,0.789,809913171,634324014,False
2022-04-15,0.783,0.797,0.778,0.784,530412500,417846184,False
2022-04-18,0.78,0.783,0.768,0.783,406846200,315668023,False
2022-04-19,0.785,0.797,0.769,0.774,461912200,361343391,False
2022-04-20,0.777,0.795,0.762,0.781,719976400,562220582,False
2022-04-21,0.774,0.787,0.765,0.769,448898076,347670530,False
2022-04-22,0.761,0.777,0.754,0.772,465079900,356911551,False
2022-04-25,0.755,0.761,0.724,0.728,639136100,476531694,False
2022-04-26,0.732,0.76,0.729,0.744,583036053,434570872,False
2022-04-27,0.742,0.762,0.742,0.761,790953700,597048663,False
2022-04-28,0.76,0.78,0.755,0.778,1011564380,781615673,False
2022-04-29,0.79,0.796,0.767,0.784,705874200,551240748,False
2022-05-05,0.78,0.801,0.777,0.783,579512823,457339526,False
2022-05-06,0.769,0.771,0.749,0.753,578029854,436950046,False
2022-05-09,0.743,0.745,0.728,0.739,668290359,491352831,False
2022-05-10,0.727,0.752,0.719,0.749,769775192,570428552,False
2022-05-11,0.749,0.771,0.745,0.761,642527367,489871814,False
2022-05-12,0.756,0.78,0.754,0.77,501128525,385784585,False
2022-05-13,0.772,0.779,0.761,0.767,371149330,285135605,False
2022-05-16,0.773,0.775,0.755,0.761,404836198,309134591,False
2022-05-17,0.765,0.77,0.758,0.769,341105717,260987226,False
2022-05-18,0.769,0.769,0.751,0.761,447569154,339581444,False
2022-05-19,0.747,0.754,0.746,0.751,442269165,331732554,False
2022-05-20,0.755,0.787,0.755,0.784,977869546,759800963,False
2022-05-23,0.786,0.786,0.769,0.774,610992605,473613691,False
2022-05-24,0.775,0.777,0.756,0.757,601471600,459095619,False
2022-05-25,0.756,0.763,0.745,0.755,827006598,621759135,False
2022-05-26,0.754,0.765,0.744,0.757,759760051,573420975,False
2022-05-27,0.764,0.772,0.756,0.76,743950923,569244559,False
2022-05-30,0.77,0.79,0.766,0.787,1042773710,814603967,False
2022-05-31,0.782,0.816,0.781,0.811,970040240,779769719,False
2022-06-01,0.812,0.816,0.801,0.808,538131257,434785099,False
2022-06-02,0.802,0.81,0.8,0.802,591225137,474701854,False
2022-06-06,0.804,0.816,0.788,0.815,867765890,698343829,False
2022-06-07,0.815,0.835,0.81,0.826,1141668812,943979710,False
2022-06-08,0.825,0.849,0.823,0.84,963920385,806896880,False
2022-06-09,0.838,0.849,0.824,0.825,566349531,471690293,False
2022-06-10,0.818,0.839,0.816,0.837,586744824,485994772,False
2022-06-13,0.828,0.831,0.813,0.821,657294746,539658675,False
2022-06-14,0.812,0.834,0.808,0.833,579604208,476705205,False
2022-06-15,0.834,0.851,0.824,0.838,951895177,798896134,False
2022-06-16,0.843,0.855,0.834,0.838,647100226,545692070,False
2022-06-17,0.831,0.861,0.829,0.86,837824836,712612499,False
2022-06-20,0.863,0.886,0.853,0.875,763608581,663752791,False
2022-06-21,0.87,0.886,0.864,0.87,733397591,642085608,False
2022-06-22,0.873,0.875,0.855,0.857,531756570,458923794,False
2022-06-23,0.858,0.87,0.852,0.866,606095340,522222808,False
2022-06-24,0.868,0.886,0.864,0.882,783596424,687596541,False
2022-06-27,0.888,0.911,0.887,0.901,777029312,701152024,False
2022-06-28,0.902,0.909,0.893,0.908,529334094,477936707,False
2022-06-29,0.904,0.913,0.892,0.897,777046700,699237567,False
2022-06-30,0.901,0.944,0.899,0.933,1016811541,944209646,False
2022-07-01,0.934,0.938,0.913,0.926,839274535,773276758,False
2022-07-04,0.919,0.924,0.906,0.922,679133724,623273457,False
2022-07-05,0.922,0.931,0.902,0.913,797940929,729053869,False
2022-07-06,0.908,0.911,0.88,0.888,1025737902,915572196,False
2022-07-07,0.885,0.892,0.871,0.887,763849195,674359047,False
2022-07-08,0.892,0.902,0.885,0.891,692259128,618941784,False
2022-07-11,0.881,0.883,0.862,0.871,742441293,645681661,False
2022-07-12,0.867,0.878,0.856,0.863,740422164,640521620,False
2022-07-13,0.864,0.875,0.86,0.87,640645404,557283863,False
2022-07-14,0.866,0.873,0.857,0.863,712097400,616493413,False
2022-07-15,0.861,0.888,0.857,0.866,996519916,871705677,False
2022-07-18,0.862,0.867,0.841,0.861,830693649,709575898,False
2022-07-19,0.858,0.865,0.851,0.862,611863200,524844180,False
2022-07-20,0.865,0.874,0.864,0.868,767947846,667043552,False
2022-07-21,0.862,0.87,0.856,0.857,533276705,460162997,False
2022-07-22,0.864,0.867,0.849,0.853,540764305,463727406,False
2022-07-25,0.852,0.865,0.844,0.863,623644300,534316402,False
2022-07-26,0.864,0.88,0.863,0.871,666671200,582135320,False
2022-07-27,0.868,0.868,0.855,0.856,596297500,513140350,False
2022-07-28,0.859,0.866,0.852,0.854,586434517,503147807,False
2022-07-29,0.85,0.851,0.821,0.825,1068250157,890527484,False
2022-08-01,0.824,0.845,0.824,0.838,811195679,679742378,False
2022-08-02,0.829,0.839,0.821,0.826,627895300,520322756,False
2022-08-03,0.83,0.838,0.822,0.825,517565099,428980379,False
2022-08-04,0.828,0.842,0.824,0.841,596311155,496887602,False
2022-08-05,0.841,0.847,0.834,0.844,587786190,493704985,False
2022-08-08,0.839,0.849,0.835,0.839,467124658,392817351,False
2022-08-09,0.836,0.84,0.831,0.838,375350321,313514309,False
2022-08-10,0.837,0.843,0.821,0.825,727995888,603186383,False
2022-08-11,0.829,0.84,0.826,0.84,698952088,582968799,False
2022-08-12,0.838,0.852,0.836,0.849,785606300,663430018,False
2022-08-15,0.844,0.852,0.837,0.839,635298201,534617455,False
2022-08-16,0.841,0.845,0.833,0.834,523421001,437769040,False
2022-08-17,0.836,0.844,0.826,0.842,590633499,493799129,False
2022-08-18,0.837,0.838,0.823,0.828,966847806,800054015,False
2022-08-19,0.825,0.834,0.821,0.824,533040156,441029463,False
2022-08-22,0.822,0.831,0.817,0.828,517659400,427636195,False
2022-08-23,0.826,0.829,0.812,0.815,795232600,649385503,False
2022-08-24,0.814,0.82,0.806,0.808,707232791,574658174,False
2022-08-25,0.811,0.827,0.809,0.826,919552262,753425293,False
2022-08-26,0.832,0.853,0.832,0.839,1122497467,946000757,False
2022-08-29,0.835,0.846,0.826,0.827,691912104,575570805,False
2022-08-30,0.827,0.828,0.815,0.823,640745899,525735585,False
2022-08-31,0.82,0.845,0.818,0.841,1000078083,837284568,False
2022-09-01,0.838,0.838,0.826,0.826,806358257,670006153,False
2022-09-02,0.827,0.829,0.808,0.813,982291374,799817460,False
2022-09-05,0.808,0.808,0.788,0.795,1076103056,854390229,False
2022-09-06,0.796,0.802,0.79,0.8,634240012,505082118,False
2022-09-07,0.797,0.797,0.787,0.79,737419936,582630853,False
2022-09-08,0.791,0.802,0.791,0.792,611732973,486916935,False
2022-09-09,0.793,0.802,0.788,0.801,660382040,527352870,False
2022-09-13,0.807,0.817,0.8,0.812,784806632,636351347,False
2022-09-14,0.802,0.809,0.801,0.804,451995169,363809847,False
2022-09-15,0.805,0.817,0.803,0.809,621588500,504311923,False
2022-09-16,0.806,0.812,0.791,0.792,554436452,442174519,False
2022-09-19,0.79,0.811,0.783,0.8,505084558,403364380,False
2022-09-20,0.802,0.813,0.795,0.811,581108414,469282183,False
2022-09-21,0.808,0.816,0.801,0.803,443330300,357616322,False
2022-09-22,0.799,0.802,0.791,0.791,447422900,355458544,False
2022-09-23,0.79,0.803,0.79,0.796,515814900,411088274,False
2022-09-26,0.79,0.816,0.788,0.809,751193830,607859035,False
2022-09-27,0.812,0.838,0.803,0.838,770627600,634828423,False
2022-09-28,0.835,0.845,0.829,0.83,596740071,498892662,False
2022-09-29,0.839,0.841,0.822,0.828,591998076,492081129,False
2022-09-30,0.833,0.841,0.824,0.825,515211940,428029136,False
2022-10-10,0.825,0.826,0.778,0.779,759208913,605861967,False
2022-10-11,0.779,0.786,0.763,0.784,515691618,400259683,False
2022-10-12,0.783,0.783,0.753,0.778,740312449,566864408,False
2022-10-13,0.77,0.776,0.761,0.765,539779958,414415710,False
2022-10-14,0.77,0.787,0.766,0.783,732401837,570968108,False
2022-10-17,0.777,0.779,0.763,0.771,609405341,468645281,False
2022-10-18,0.775,0.78,0.764,0.767,708805838,545431278,False
2022-10-19,0.763,0.764,0.74,0.742,1042540861,780284864,False
2022-10-20,0.734,0.758,0.73,0.749,819565011,610621898,False
2022-10-21,0.746,0.747,0.733,0.737,583757333,432042081,False
2022-10-24,0.727,0.729,0.691,0.695,1668343206,1175585727,False
2022-10-25,0.684,0.703,0.682,0.692,866556713,599910605,False
2022-10-26,0.695,0.708,0.691,0.695,855834917,596586805,False
2022-10-27,0.697,0.699,0.662,0.664,1338249200,905839217,False
2022-10-28,0.661,0.673,0.655,0.658,974058252,646820170,False
2022-10-31,0.651,0.66,0.641,0.65,859472286,559501463,False
2022-11-01,0.655,0.695,0.655,0.694,1666937856,1126833391,False
2022-11-02,0.69,0.724,0.685,0.709,1429319399,1007723706,False
2022-11-03,0.698,0.705,0.695,0.702,586298582,410089155,False
2022-11-04,0.7,0.745,0.698,0.736,1319208612,963334410,False
2022-11-07,0.728,0.743,0.723,0.74,834851423,613675224,False
2022-11-08,0.738,0.745,0.721,0.728,576079182,420274893,False
2022-11-09,0.728,0.733,0.714,0.716,664935297,478327157,False
2022-11-10,0.711,0.729,0.71,0.727,699511288,504992473,False
2022-11-11,0.75,0.755,0.733,0.746,1004118281,746267758,False
2022-11-14,0.749,0.763,0.736,0.739,852098560,636273880,False
2022-11-15,0.738,0.766,0.733,0.758,1006917524,758456086,False
2022-11-16,0.755,0.77,0.751,0.76,605771205,461262537,False
2022-11-17,0.758,0.765,0.744,0.753,608440322,457141216,False
2022-11-18,0.755,0.763,0.75,0.753,574673095,434024864,False
2022-11-21,0.744,0.744,0.727,0.734,608514300,445441715,False
2022-11-22,0.733,0.749,0.731,0.736,582063734,429567561,False
2022-11-23,0.733,0.739,0.73,0.732,495103117,362968555,False
2022-11-24,0.735,0.741,0.72,0.725,576326022,418408604,False
2022-11-25,0.725,0.728,0.716,0.724,615787537,444014986,False
2022-11-28,0.709,0.726,0.697,0.724,775099574,549818147,False
2022-11-29,0.735,0.759,0.734,0.758,1198336963,894725168,False
2022-11-30,0.752,0.763,0.748,0.754,522060452,393695094,False
2022-12-01,0.78,0.799,0.777,0.778,1432083205,1125444001,False
2022-12-02,0.779,0.792,0.774,0.78,617850600,483114095,False
2022-12-05,0.795,0.8,0.788,0.795,646628143,513904156,False
2022-12-06,0.79,0.837,0.788,0.818,1063721501,872629998,False
2022-12-07,0.815,0.834,0.807,0.817,811983443,664747033,False
2022-12-08,0.815,0.827,0.808,0.822,586785085,480046364,False
2022-12-09,0.821,0.85,0.815,0.85,963745251,805161045,False
2022-12-12,0.845,0.855,0.833,0.835,641467773,540579419,False
2022-12-13,0.835,0.85,0.826,0.844,683625817,575006011,False
2022-12-14,0.838,0.875,0.838,0.868,873200563,752775925,False
2022-12-15,0.875,0.882,0.856,0.859,736572258,636691949,False
2022-12-16,0.853,0.868,0.85,0.863,505213657,434518140,False
2022-12-19,0.865,0.872,0.848,0.852,737472618,631587595,False
2022-12-20,0.85,0.85,0.81,0.82,822789346,679161572,False
2022-12-21,0.822,0.836,0.822,0.83,495571748,411525961,False
2022-12-22,0.836,0.865,0.834,0.852,759220703,646635072,False
2022-12-23,0.845,0.868,0.84,0.857,635003967,544247617,False
2022-12-26,0.856,0.859,0.842,0.845,603271002,513138593,False
2022-12-27,0.856,0.866,0.846,0.861,667771495,573523975,False
2022-12-28,0.856,0.86,0.846,0.855,435447972,371291020,False
2022-12-29,0.848,0.85,0.838,0.846,626150769,529357958,False
2022-12-30,0.851,0.857,0.845,0.85,474091500,403426886,False
2023-01-03,0.85,0.854,0.83,0.838,653430597,546899404,False
2023-01-04,0.837,0.846,0.83,0.837,501693200,420545342,False
2023-01-05,0.845,0.884,0.842,0.881,1387465991,1210594403,False
2023-01-06,0.88,0.884,0.866,0.879,1222836261,1072283385,False
2023-01-09,0.883,0.905,0.875,0.903,877484603,782931000,False
2023-01-10,0.899,0.913,0.894,0.904,990263136,896829399,False
2023-01-11,0.905,0.91,0.892,0.9,774818670,698814206,False
2023-01-12,0.902,0.908,0.891,0.894,462160080,414137779,False
2023-01-13,0.894,0.924,0.894,0.921,789874550,720766078,False
2023-01-16,0.921,0.95,0.921,0.936,867924684,815914499,False
2023-01-17,0.939,0.94,0.918,0.924,757156316,701290931,False
2023-01-18,0.927,0.941,0.914,0.916,695040327,641214677,False
2023-01-19,0.915,0.918,0.902,0.914,634957172,578558065,False
2023-01-20,0.918,0.928,0.906,0.909,547607313,501670155,False
2023-01-30,0.929,0.934,0.911,0.926,826533736,764538456,False
2023-01-31,0.924,0.929,0.896,0.899,695786602,630575293,False
2023-02-01,0.9,0.906,0.886,0.904,901986600,810532501,False
2023-02-02,0.908,0.922,0.9,0.914,615114346,560783465,False
2023-02-03,0.905,0.911,0.89,0.906,809389814,728823821,False
2023-02-06,0.887,0.897,0.875,0.89,1101376565,977164576,False
2023-02-07,0.89,0.899,0.885,0.889,442548100,394000727,False
2023-02-08,0.891,0.893,0.879,0.882,571054200,504977653,False
2023-02-09,0.881,0.914,0.88,0.912,1047093016,950409989,False
2023-02-10,0.912,0.922,0.905,0.917,626641085,573060249,False
2023-02-13,0.914,0.959,0.913,0.951,951821092,900111171,False
2023-02-14,0.952,0.96,0.939,0.945,425661903,402830333,False
2023-02-15,0.946,0.958,0.94,0.945,792298810,749764166,False
2023-02-16,0.943,0.968,0.937,0.952,822709996,785304370,False
2023-02-17,0.947,0.968,0.936,0.938,859740726,819040127,False
2023-02-20,0.937,0.961,0.931,0.96,738670457,700506087,False
2023-02-21,0.96,0.96,0.939,0.946,585875204,554171051,False
2023-02-22,0.941,0.957,0.936,0.944,473790304,448506255,False
2023-02-23,0.944,0.95,0.927,0.933,616911125,576447366,False
2023-02-24,0.933,0.933,0.911,0.92,608225100,559131235,False
2023-02-27,0.913,0.937,0.911,0.932,492494177,456116844,False
2023-02-28,0.934,0.939,0.922,0.932,418582300,389151816,False
2023-03-01,0.932,0.945,0.923,0.941,550042809,515238784,False
2023-03-02,0.94,0.943,0.935,0.938,463072500,434331820,False
2023-03-03,0.942,0.95,0.926,0.931,631328089,590715520,False
2023-03-06,0.931,0.94,0.918,0.931,494239235,459596579,False
2023-03-07,0.928,0.932,0.912,0.913,431998631,398420182,False
2023-03-08,0.908,0.919,0.902,0.908,451691856,410026909,False
2023-03-09,0.907,0.912,0.886,0.9,626573856,563248884,False
2023-03-10,0.892,0.907,0.886,0.886,626640656,559255785,False
2023-03-13,0.888,0.91,0.887,0.904,532943700,481448466,False
2023-03-14,0.905,0.907,0.886,0.896,616284600,552556445,False
2023-03-15,0.905,0.907,0.883,0.885,481183243,429100589,False
2023-03-16,0.881,0.897,0.876,0.883,462528882,409600450,False
2023-03-17,0.891,0.893,0.865,0.869,636294006,558126716,False
2023-03-20,0.868,0.87,0.851,0.857,497846102,427600921,False
2023-03-21,0.861,0.889,0.856,0.886,580142304,508519858,False
2023-03-22,0.888,0.9,0.88,0.882,577457400,514530565,False
2023-03-23,0.878,0.902,0.876,0.892,767150491,685137406,False
2023-03-24,0.892,0.903,0.885,0.892,490459614,438682091,False
2023-03-27,0.894,0.895,0.88,0.884,614609191,544528410,False
2023-03-28,0.886,0.906,0.886,0.903,658631289,592204257,False
2023-03-29,0.908,0.914,0.898,0.912,995693376,905336307,False
2023-03-30,0.911,0.926,0.905,0.924,1069975979,981583942,False
2023-03-31,0.927,0.939,0.919,0.92,662570999,614690930,False
2023-04-03,0.919,0.926,0.908,0.918,727099300,667282577,False
2023-04-04,0.917,0.927,0.908,0.925,785947339,721215918,False
2023-04-06,0.919,0.924,0.901,0.904,969626145,882304612,False
2023-04-07,0.902,0.912,0.894,0.9,770786100,695367487,False
2023-04-10,0.895,0.895,0.863,0.885,1158563386,1014492657,False
2023-04-11,0.88,0.885,0.866,0.869,1114055644,972978568,False
2023-04-12,0.869,0.871,0.844,0.847,1157817102,987088680,False
2023-04-13,0.845,0.858,0.839,0.854,887988085,756085323,False
2023-04-14,0.855,0.858,0.841,0.843,747290119,633202058,False
2023-04-17,0.849,0.867,0.848,0.856,1026567625,879613802,False
2023-04-18,0.856,0.864,0.853,0.857,593668887,509454795,False
2023-04-19,0.858,0.859,0.846,0.852,528311563,449933183,False
2023-04-20,0.853,0.854,0.835,0.839,681496735,574365517,False
2023-04-21,0.842,0.848,0.832,0.833,652048392,547491480,False
2023-04-24,0.833,0.834,0.814,0.817,710776272,583612343,False
2023-04-25,0.821,0.833,0.813,0.832,835098943,688858508,False
2023-04-26,0.832,0.837,0.82,0.832,609091970,505043265,False
2023-04-27,0.829,0.841,0.822,0.835,648607870,538231179,False
2023-04-28,0.839,0.849,0.833,0.84,758999160,638596685,False
2023-05-04,0.843,0.851,0.826,0.828,648655835,542209712,False
2023-05-05,0.829,0.84,0.825,0.837,503855312,419863884,False
2023-05-08,0.84,0.843,0.824,0.825,711071617,589606378,False
2023-05-09,0.823,0.841,0.816,0.828,685777484,568852958,False
2023-05-10,0.825,0.826,0.815,0.819,468946560,384702768,False
2023-05-11,0.822,0.827,0.815,0.816,363772100,297996954,False
2023-05-12,0.814,0.821,0.803,0.804,525986288,425884079,False
2023-05-15,0.802,0.813,0.798,0.813,510218953,411584129,False
2023-05-16,0.814,0.815,0.801,0.805,506074800,407492805,False
2023-05-17,0.803,0.804,0.792,0.794,536942361,428163709,False
2023-05-18,0.796,0.8,0.788,0.791,517766075,410898693,False
2023-05-19,0.789,0.806,0.78,0.804,902531463,718839429,False
2023-05-22,0.8,0.831,0.79,0.826,1179436067,961934837,False
2023-05-23,0.822,0.828,0.811,0.812,680849156,556400384,False
2023-05-24,0.808,0.809,0.797,0.799,582118784,467851964,False
2023-05-25,0.793,0.798,0.785,0.79,600953772,475140303,False
2023-05-26,0.791,0.799,0.782,0.79,539186228,425460170,False
2023-05-29,0.79,0.794,0.778,0.784,514198855,403445512,False
2023-05-30,0.784,0.788,0.768,0.775,632607946,490519410,False
2023-05-31,0.769,0.772,0.752,0.758,857428520,650857992,False
2023-06-01,0.755,0.779,0.755,0.762,725126324,556212419,False
2023-06-02,0.766,0.781,0.759,0.781,804075131,621572861,False
2023-06-05,0.776,0.78,0.762,0.765,665502500,511584306,False
2023-06-06,0.765,0.775,0.756,0.762,644709508,493670567,False
2023-06-07,0.764,0.769,0.749,0.75,580728339,439118024,False
2023-06-08,0.75,0.762,0.747,0.758,542703374,409423451,False
2023-06-09,0.76,0.764,0.753,0.755,541926800,410114751,False
2023-06-12,0.754,0.787,0.75,0.781,934499838,720034597,False
2023-06-13,0.778,0.792,0.776,0.787,828323667,650038614,False
2023-06-14,0.79,0.814,0.789,0.808,981146867,790939959,False
2023-06-15,0.808,0.824,0.805,0.821,759488606,618499196,False
2023-06-16,0.823,0.834,0.819,0.83,713116945,588978992,False
2023-06-19,0.827,0.831,0.803,0.811,806990968,657712171,False
2023-06-20,0.808,0.814,0.796,0.8,587729316,472084554,False
2023-06-21,0.798,0.803,0.787,0.788,640121024,508491947,False
2023-06-26,0.78,0.782,0.763,0.766,841354265,647044905,False
2023-06-27,0.771,0.78,0.762,0.778,791836824,611691864,False
2023-06-28,0.775,0.786,0.772,0.78,692674064,539366028,False
2023-06-29,0.779,0.78,0.763,0.767,867715744,666512103,False
2023-06-30,0.768,0.772,0.76,0.764,583909547,446962296,False
2023-07-03,0.765,0.785,0.759,0.784,1062299168,826799685,False
2023-07-04,0.782,0.79,0.776,0.789,690960836,541817572,False
2023-07-05,0.788,0.789,0.772,0.775,842351236,653518167,False
2023-07-06,0.771,0.782,0.765,0.767,751210759,578906482,False
2023-07-07,0.764,0.77,0.761,0.764,490725795,375171893,False
2023-07-10,0.768,0.778,0.765,0.768,624858155,481307536,False
2023-07-11,0.771,0.772,0.763,0.769,558874200,428611817,False
2023-07-12,0.77,0.776,0.767,0.769,599284643,462779118,False
2023-07-13,0.775,0.8,0.775,0.799,1340311935,1060448410,False
2023-07-14,0.801,0.805,0.791,0.795,721996130,574496841,False
2023-07-17,0.791,0.792,0.779,0.785,730310230,571610140,False
2023-07-18,0.787,0.787,0.779,0.782,500109100,391138859,False
2023-07-19,0.778,0.785,0.773,0.779,826590982,642882897,False
2023-07-20,0.781,0.792,0.775,0.777,841766120,660978079,False
2023-07-21,0.779,0.802,0.774,0.795,1182214074,936551198,False
2023-07-24,0.79,0.791,0.783,0.786,874555907,687283681,False
2023-07-25,0.809,0.829,0.806,0.826,1736037461,1425212655,False
2023-07-26,0.824,0.832,0.817,0.825,941493952,775372916,False
2023-07-27,0.827,0.845,0.822,0.833,1545781781,1292939141,False
2023-07-28,0.828,0.854,0.826,0.852,1162607090,980144130,False
2023-07-31,0.859,0.885,0.848,0.852,1598540647,1379212864,False
2023-08-01,0.848,0.861,0.838,0.843,1010164444,856049847,False
2023-08-02,0.839,0.849,0.834,0.84,697492239,585643912,False
2023-08-03,0.837,0.849,0.829,0.847,998410568,839479940,False
2023-08-04,0.856,0.861,0.845,0.847,907770991,773435249,False
2023-08-07,0.841,0.845,0.831,0.834,807668500,675498595,False
2023-08-08,0.832,0.842,0.828,0.838,704173131,588188304,False
2023-08-09,0.836,0.84,0.832,0.839,770428854,644278036,False
2023-08-10,0.837,0.837,0.826,0.835,775703036,645617876,False
2023-08-11,0.836,0.838,0.813,0.814,740650350,610310901,False
2023-08-14,0.804,0.807,0.794,0.805,860213322,688947926,False
2023-08-15,0.805,0.809,0.796,0.804,684611800,549181065,False
2023-08-16,0.799,0.808,0.797,0.802,596734176,479437433,False
2023-08-17,0.798,0.821,0.795,0.819,1041582061,845018196,False
2023-08-18,0.818,0.82,0.799,0.8,692325000,558976354,False
2023-08-21,0.796,0.811,0.793,0.8,720010552,577820749,False
2023-08-22,0.803,0.805,0.788,0.799,1196850566,951939212,False
2023-08-23,0.797,0.8,0.784,0.784,1029064905,813150916,False
2023-08-24,0.788,0.811,0.785,0.806,1070257038,855462066,False
2023-08-25,0.801,0.805,0.796,0.802,796649123,637457064,False
2023-08-28,0.85,0.852,0.797,0.801,1615152490,1311027187,False
2023-08-29,0.796,0.817,0.794,0.814,1061026281,857956418,False
2023-08-30,0.813,0.818,0.807,0.811,788414452,639890553,False
2023-08-31,0.809,0.81,0.802,0.807,612003034,493232410,False
2023-09-01,0.813,0.826,0.813,0.821,984731966,808454652,False
2023-09-04,0.829,0.851,0.828,0.847,1321107920,1111268345,False
2023-09-05,0.843,0.847,0.834,0.836,842583083,706213893,False
2023-09-06,0.833,0.838,0.829,0.836,568737112,473767978,False
2023-09-07,0.832,0.834,0.82,0.822,803723449,663330862,False
2023-09-08,0.818,0.824,0.813,0.818,584655516,477901717,False
2023-09-11,0.817,0.833,0.813,0.825,718311871,591981704,False
2023-09-12,0.823,0.824,0.817,0.818,443552509,363901014,False
2023-09-13,0.821,0.83,0.813,0.821,805242944,659867278,False
2023-09-14,0.82,0.824,0.809,0.815,700081266,570225887,False
2023-09-15,0.817,0.819,0.802,0.803,888633418,719188326,False
2023-09-18,0.803,0.814,0.797,0.812,626058663,506111700,False
2023-09-19,0.81,0.81,0.798,0.806,490318411,393582278,False
2023-09-20,0.803,0.806,0.8,0.8,280687900,225212353,False
2023-09-21,0.799,0.799,0.785,0.786,1033532208,814635666,False
2023-09-22,0.781,0.802,0.781,0.801,635479088,504407097,False
2023-09-25,0.8,0.801,0.792,0.795,472696363,376233782,False
2023-09-26,0.794,0.797,0.785,0.786,404859158,319336886,False
2023-09-27,0.788,0.796,0.782,0.788,565301149,444780517,False
2023-09-28,0.79,0.791,0.777,0.778,501027350,390952929,False
2023-10-09,0.778,0.778,0.764,0.774,1328614139,1022487054,False
2023-10-10,0.778,0.785,0.765,0.767,617921914,477677093,False
2023-10-11,0.77,0.773,0.765,0.766,510163008,391656142,False
2023-10-12,0.772,0.775,0.764,0.768,643589539,494426710,False
2023-10-13,0.762,0.763,0.747,0.751,661725929,498342001,False
2023-10-16,0.75,0.75,0.737,0.741,679603373,503936384,False
2023-10-17,0.742,0.745,0.733,0.74,519861428,384687008,False
2023-10-18,0.738,0.748,0.735,0.738,524755840,388746070,False
2023-10-19,0.732,0.732,0.712,0.714,1009557999,726324030,False
2023-10-20,0.709,0.723,0.708,0.711,800629726,571854206,False
2023-10-23,0.708,0.723,0.705,0.712,690736336,491211463,False
2023-10-24,0.714,0.721,0.705,0.716,668456431,476787900,False
2023-10-25,0.729,0.743,0.729,0.735,1099617316,808769884,False
2023-10-26,0.728,0.742,0.727,0.742,566498362,416941914,False
2023-10-27,0.738,0.754,0.736,0.751,654849253,489096104,False
2023-10-30,0.749,0.762,0.748,0.76,788737001,597501677,False
2023-10-31,0.76,0.763,0.753,0.761,654362900,495734766,False
2023-11-01,0.8,0.806,0.774,0.775,1628933296,1279775143,False
2023-11-02,0.773,0.777,0.762,0.762,525072409,402682005,False
2023-11-03,0.764,0.776,0.761,0.771,554161554,426860725,False
2023-11-06,0.777,0.778,0.764,0.773,765395847,589210749,False
2023-11-07,0.771,0.771,0.762,0.767,530342198,405966628,False
2023-11-08,0.764,0.769,0.76,0.764,534068700,408319722,False
2023-11-09,0.763,0.768,0.759,0.765,408101450,311391591,False
2023-11-10,0.76,0.762,0.751,0.754,532251700,401622572,False
2023-11-13,0.756,0.757,0.744,0.747,475194739,355555400,False
2023-11-14,0.748,0.755,0.746,0.75,463901701,347880305,False
2023-11-15,0.758,0.76,0.751,0.755,711109543,537035129,False
2023-11-16,0.755,0.757,0.746,0.746,465753822,348926551,False
2023-11-17,0.743,0.747,0.738,0.743,482891524,357899698,False
2023-11-20,0.744,0.75,0.736,0.745,730088700,542674247,False
2023-11-21,0.749,0.76,0.744,0.757,903787432,682767082,False
2023-11-22,0.754,0.758,0.749,0.75,513263200,386315298,False
2023-11-23,0.748,0.751,0.742,0.751,478154711,356858608,False
2023-11-24,0.75,0.753,0.745,0.747,380550716,284753904,False
2023-11-27,0.747,0.748,0.731,0.735,603026226,443702855,False
2023-11-28,0.736,0.741,0.729,0.734,498880841,366247230,False
2023-11-29,0.733,0.735,0.724,0.735,460202931,336399210,False
2023-11-30,0.733,0.74,0.73,0.739,537193632,395908699,False
2023-12-01,0.738,0.738,0.722,0.728,624359402,455186930,False
2023-12-04,0.728,0.728,0.716,0.717,567719148,408846934,False
2023-12-05,0.714,0.715,0.7,0.701,582349036,412533478,False
2023-12-06,0.698,0.708,0.696,0.704,511813201,359944186,False
2023-12-07,0.703,0.703,0.694,0.7,448924200,313384979,False
2023-12-08,0.701,0.707,0.696,0.704,561003403,394785945,False
2023-12-11,0.694,0.695,0.678,0.695,890357506,610187420,False
2023-12-12,0.69,0.7,0.688,0.699,524111943,364258245,False
2023-12-13,0.697,0.697,0.673,0.674,1171100325,796322514,False
2023-12-14,0.678,0.681,0.661,0.662,744422550,497805333,False
2023-12-15,0.664,0.678,0.663,0.665,765457590,511607350,False
2023-12-18,0.661,0.668,0.656,0.662,397797611,263800101,False
2023-12-19,0.663,0.668,0.657,0.665,419952081,278141007,False
2023-12-20,0.665,0.667,0.654,0.655,560672403,369442914,False
2023-12-21,0.651,0.67,0.65,0.668,727232325,481978912,False
2023-12-22,0.668,0.672,0.661,0.666,586425523,390329578,False
2023-12-25,0.664,0.672,0.663,0.672,508260500,339925309,False
2023-12-26,0.672,0.672,0.663,0.668,356264100,237206898,False
2023-12-27,0.667,0.671,0.661,0.667,573292600,381624768,False
2023-12-28,0.667,0.699,0.665,0.695,1202940824,824134553,False
2023-12-29,0.693,0.7,0.687,0.692,685472773,475104341,False
2024-01-02,0.69,0.691,0.672,0.673,710615700,480991827,False
2024-01-03,0.671,0.676,0.664,0.669,626206500,418464917,False
2024-01-04,0.669,0.669,0.652,0.656,903361425,592725355,False
2024-01-05,0.653,0.659,0.646,0.648,574821800,375510457,False
2024-01-08,0.648,0.65,0.637,0.637,541233974,347178354,False
2024-01-09,0.64,0.645,0.634,0.638,496067076,316658099,False
2024-01-10,0.637,0.651,0.631,0.643,605836400,388948040,False
2024-01-11,0.643,0.651,0.638,0.648,536069297,346325490,False
2024-01-12,0.645,0.65,0.64,0.643,455590575,293991929,False
2024-01-15,0.639,0.646,0.636,0.637,439861400,281359598,False
2024-01-16,0.637,0.644,0.632,0.639,455817212,290694508,False
2024-01-17,0.637,0.637,0.618,0.619,624112652,390672470,False
2024-01-18,0.616,0.632,0.61,0.631,720285125,445874873,False
2024-01-19,0.627,0.638,0.625,0.633,548190772,346679216,False
2024-01-22,0.632,0.632,0.614,0.617,582217678,363663350,False
2024-01-23,0.617,0.624,0.611,0.619,508229000,313301608,False
2024-01-24,0.622,0.625,0.604,0.62,615164015,377670047,False
2024-01-25,0.618,0.635,0.614,0.633,821045330,513532719,False
2024-01-26,0.629,0.639,0.627,0.632,495784135,313373982,False
2024-01-29,0.632,0.647,0.631,0.636,765005906,488901412,False
2024-01-30,0.63,0.631,0.611,0.612,551489437,341571760,False
2024-01-31,0.61,0.617,0.603,0.604,443646112,269558091,False
2024-02-01,0.603,0.611,0.598,0.605,405766100,245481002,False
2024-02-02,0.605,0.618,0.584,0.602,670865194,406148590,False
2024-02-05,0.595,0.608,0.585,0.598,696798704,415788500,False
2024-02-06,0.598,0.629,0.596,0.628,828200900,510970510,False
2024-02-07,0.628,0.642,0.624,0.64,651564981,413582048,False
2024-02-08,0.643,0.65,0.634,0.641,600875940,385165079,False
2024-02-19,0.653,0.656,0.637,0.642,534524860,345460359,False
2024-02-20,0.641,0.644,0.629,0.634,358846335,227606595,False
2024-02-21,0.632,0.675,0.63,0.666,1123653020,739091047,False
2024-02-22,0.66,0.669,0.656,0.667,593569238,393446891,False
2024-02-23,0.665,0.679,0.661,0.671,586571440,393269027,False
2024-02-26,0.667,0.674,0.659,0.661,414230274,274898695,False
2024-02-27,0.658,0.666,0.656,0.665,509561322,336283697,False
2024-02-28,0.663,0.669,0.655,0.655,698338438,462792932,False
2024-02-29,0.652,0.672,0.65,0.671,721858711,479318665,False
2024-03-01,0.667,0.675,0.662,0.672,465700200,311640502,False
2024-03-04,0.67,0.671,0.661,0.665,550035250,365361384,False
2024-03-05,0.66,0.674,0.66,0.673,678387885,452969398,False
2024-03-06,0.669,0.671,0.66,0.663,449057943,297935916,False
2024-03-07,0.662,0.667,0.658,0.659,448700346,297138057,False
2024-03-08,0.658,0.662,0.649,0.655,544783343,356472473,False
2024-03-11,0.654,0.672,0.654,0.672,684125258,456096989,False
2024-03-12,0.672,0.706,0.672,0.704,1307439284,908370660,False
2024-03-13,0.7,0.706,0.694,0.701,588818473,412374483,False
2024-03-14,0.697,0.71,0.693,0.699,551288696,386371712,False
2024-03-15,0.696,0.71,0.695,0.704,446233717,313529881,False
2024-03-18,0.701,0.704,0.694,0.704,451837336,316653139,False
2024-03-19,0.702,0.718,0.698,0.712,699289574,497812349,False
2024-03-20,0.708,0.712,0.705,0.709,341971178,242371762,False
2024-03-21,0.71,0.719,0.707,0.712,401381538,285898172,False
2024-03-22,0.711,0.711,0.691,0.696,514194043,358473849,False
2024-03-25,0.692,0.695,0.684,0.689,374658975,258380190,False
2024-03-26,0.69,0.702,0.688,0.7,542203088,377883881,False
2024-03-27,0.699,0.702,0.689,0.691,399623539,277760503,False
2024-03-28,0.688,0.7,0.686,0.692,388378800,269120794,False
2024-03-29,0.69,0.695,0.686,0.691,339131500,234110393,False
2024-04-01,0.695,0.717,0.694,0.71,696742696,493675188,False
2024-04-02,0.709,0.711,0.703,0.706,442883831,313139366,False
2024-04-03,0.709,0.714,0.701,0.706,394427191,278974408,False
2024-04-08,0.701,0.701,0.677,0.678,615023908,419704409,False
2024-04-09,0.675,0.683,0.673,0.679,334122200,226215726,False
2024-04-10,0.678,0.679,0.664,0.668,542450000,362709704,False
2024-04-11,0.664,0.669,0.662,0.669,371355060,247107108,False
2024-04-12,0.668,0.673,0.656,0.658,391718349,259591843,False
2024-04-15,0.656,0.681,0.655,0.678,565524853,380722089,False
2024-04-16,0.675,0.677,0.664,0.666,374093900,250516287,False
2024-04-17,0.666,0.67,0.663,0.669,353972904,236114797,False
2024-04-18,0.667,0.678,0.661,0.67,414138700,277765718,False
2024-04-19,0.665,0.666,0.655,0.659,419313043,276520344,False
2024-04-22,0.663,0.678,0.662,0.673,456118500,306306090,False
2024-04-23,0.673,0.683,0.671,0.683,523430698,355442469,False
2024-04-24,0.683,0.685,0.675,0.684,400498200,272764798,False
2024-04-25,0.68,0.683,0.675,0.68,246233100,167195868,False
2024-04-26,0.682,0.698,0.682,0.695,447049799,308800755,False
2024-04-29,0.692,0.712,0.689,0.701,713861300,501431695,False
2024-04-30,0.701,0.711,0.698,0.699,396699000,279365286,False
2024-05-06,0.709,0.733,0.709,0.724,873115285,632439392,False
2024-05-07,0.724,0.729,0.716,0.727,438926800,317971122,False
2024-05-08,0.725,0.727,0.716,0.719,373304900,268861925,False
2024-05-09,0.718,0.723,0.717,0.72,408612800,293846418,False
2024-05-10,0.723,0.726,0.711,0.716,359197200,257233115,False
2024-05-13,0.711,0.711,0.698,0.701,509625011,357330747,False
2024-05-14,0.7,0.707,0.698,0.704,319234700,224293332,False
2024-05-15,0.703,0.706,0.7,0.7,252217900,177216636,False
2024-05-16,0.703,0.713,0.695,0.708,506365654,357475849,False
2024-05-17,0.708,0.719,0.705,0.719,712153145,506640334,False
2024-05-20,0.72,0.733,0.72,0.722,556581200,404221661,False
2024-05-21,0.718,0.723,0.713,0.718,442305600,317351743,False
2024-05-22,0.717,0.719,0.707,0.711,409702000,291497126,False
2024-05-23,0.711,0.713,0.7,0.701,333913500,234901314,False
2024-05-24,0.7,0.701,0.691,0.692,325321600,225895038,False
2024-05-27,0.693,0.697,0.689,0.693,443674200,306757814,False
2024-05-28,0.692,0.693,0.684,0.685,356938000,245269950,False
2024-05-29,0.684,0.689,0.68,0.683,362901800,248336104,False
2024-05-30,0.68,0.681,0.67,0.672,504641300,339900645,False
2024-05-31,0.673,0.678,0.673,0.674,344117200,232447148,False
2024-06-03,0.674,0.678,0.667,0.671,425759900,285809027,False
2024-06-04,0.671,0.68,0.668,0.679,490005000,331001432,False
2024-06-05,0.677,0.682,0.67,0.671,465453800,313877965,False
2024-06-06,0.671,0.673,0.66,0.664,638371004,424163877,False
2024-06-07,0.666,0.667,0.653,0.656,453624300,298354468,False
2024-06-11,0.652,0.653,0.637,0.643,669976400,430271893,False
2024-06-12,0.64,0.647,0.639,0.641,496354660,319082939,False
2024-06-13,0.642,0.642,0.63,0.632,540981286,342477931,False
2024-06-14,0.63,0.636,0.62,0.635,814396798,511223394,False
2024-06-17,0.628,0.636,0.62,0.634,676702802,425371012,False
2024-06-18,0.631,0.639,0.623,0.626,825185944,519297825,False
2024-06-19,0.626,0.63,0.62,0.623,546333100,341589088,False
2024-06-20,0.623,0.628,0.617,0.617,579565055,359086864,False
2024-06-21,0.615,0.617,0.603,0.606,687912400,418397620,False
2024-06-24,0.595,0.616,0.591,0.607,752109400,453843157,False
2024-06-25,0.607,0.615,0.602,0.607,628047500,382774418,False
2024-06-26,0.604,0.611,0.602,0.61,459164700,279174589,False
2024-06-27,0.608,0.609,0.598,0.6,491486000,295277972,False
2024-06-28,0.597,0.603,0.588,0.59,699566454,415921957,False
2024-07-01,0.589,0.592,0.577,0.586,584789954,341074297,False
2024-07-02,0.583,0.602,0.581,0.595,754224954,447751529,False
2024-07-03,0.595,0.597,0.588,0.59,408620600,241831680,False
2024-07-04,0.59,0.593,0.58,0.58,430736800,251731337,False
2024-07-05,0.578,0.584,0.57,0.575,575609800,330832267,False
2024-07-08,0.572,0.574,0.558,0.559,562733900,317192147,False
2024-07-09,0.56,0.57,0.554,0.566,636244100,357279950,False
2024-07-10,0.563,0.576,0.561,0.565,526963500,299555977,False
2024-07-11,0.572,0.587,0.568,0.582,857488500,497444220,False
2024-07-12,0.584,0.59,0.58,0.587,578487600,338586917,False
2024-07-15,0.585,0.592,0.583,0.585,426521100,250178240,False
2024-07-16,0.583,0.588,0.579,0.585,380940100,222279372,False
2024-07-17,0.584,0.599,0.581,0.599,668290800,395669376,False
2024-07-18,0.596,0.607,0.594,0.597,606455149,363640144,False
2024-07-19,0.594,0.61,0.591,0.609,937035844,564933841,False
2024-07-22,0.608,0.609,0.593,0.594,907488698,542296192,False
2024-07-23,0.594,0.595,0.571,0.572,727056970,422203643,False
2024-07-24,0.569,0.575,0.562,0.564,633808098,359633665,False
2024-07-25,0.562,0.57,0.56,0.564,478861999,270059777,False
2024-07-26,0.565,0.572,0.561,0.563,550841200,310988629,False
2024-07-29,0.563,0.565,0.555,0.555,491544500,274727489,False
2024-07-30,0.551,0.554,0.543,0.553,732651700,401756642,False
2024-07-31,0.552,0.576,0.551,0.572,987464000,559084530,False
2024-08-01,0.571,0.572,0.557,0.559,890252000,500465481,False
2024-08-02,0.554,0.563,0.553,0.556,568356741,317231563,False
2024-08-05,0.554,0.575,0.553,0.564,1045994600,593445991,False
2024-08-06,0.566,0.573,0.561,0.568,601873295,340793699,False
2024-08-07,0.566,0.574,0.563,0.571,576274200,328005211,False
2024-08-08,0.569,0.59,0.568,0.581,865909100,501404731,False
2024-08-09,0.586,0.589,0.577,0.578,562043700,327109217,False
2024-08-12,0.575,0.578,0.572,0.575,285896800,164392020,False
2024-08-13,0.575,0.575,0.564,0.568,351426000,199492847,False
2024-08-14,0.568,0.568,0.558,0.56,317696700,178370004,False
2024-08-15,0.558,0.569,0.557,0.563,397881957,223912703,False
2024-08-16,0.562,0.563,0.557,0.56,349748200,195564219,False
2024-08-19,0.56,0.57,0.556,0.557,510729500,286854435,False
2024-08-20,0.558,0.558,0.549,0.551,370778801,204625690,False
2024-08-21,0.549,0.552,0.546,0.546,248643000,136415194,False
2024-08-22,0.546,0.547,0.533,0.537,451593500,242987623,False
2024-08-23,0.536,0.543,0.535,0.537,300182900,161709630,False
2024-08-26,0.538,0.541,0.531,0.533,354285100,189338734,False
2024-08-27,0.532,0.534,0.525,0.531,664047900,350804345,False
2024-08-28,0.527,0.528,0.51,0.517,748349300,385903661,False
2024-08-29,0.515,0.533,0.514,0.529,954412038,502481088,False
2024-08-30,0.527,0.554,0.524,0.547,802378514,434541152,False
2024-09-02,0.542,0.542,0.525,0.526,583647800,310662803,False
2024-09-03,0.526,0.537,0.526,0.533,451670900,240151043,False
2024-09-04,0.529,0.536,0.527,0.528,259980800,137811040,False
2024-09-05,0.527,0.532,0.526,0.53,316290100,167287866,False
2024-09-06,0.53,0.53,0.521,0.521,272657900,143038503,False
2024-09-09,0.518,0.52,0.511,0.513,404469788,208115569,False
2024-09-10,0.514,0.521,0.512,0.516,467209300,241009621,False
2024-09-11,0.514,0.518,0.509,0.512,393654100,201993097,False
2024-09-12,0.513,0.515,0.501,0.502,711142800,360876902,False
2024-09-13,0.501,0.502,0.489,0.49,688679200,340183192,False
2024-09-18,0.488,0.49,0.48,0.485,553871100,268157327,False
2024-09-19,0.486,0.507,0.482,0.498,1186563608,589350826,False
2024-09-20,0.495,0.499,0.491,0.499,549442700,271980955,False
2024-09-23,0.498,0.51,0.498,0.5,587540300,296325232,False
2024-09-24,0.508,0.531,0.501,0.53,1564751202,811037450,False
2024-09-25,0.537,0.549,0.532,0.533,963752580,521118375,False
2024-09-26,0.531,0.586,0.53,0.586,1987141461,1114904438,False
2024-09-27,0.617,0.645,0.606,0.645,1582541186,985757527,False
2024-09-30,0.71,0.71,0.654,0.71,2967942734,2051561693,False
2024-10-08,0.781,0.781,0.67,0.727,4729433391,3491458044,False
2024-10-09,0.69,0.69,0.654,0.654,2807967815,1860026081,False
2024-10-10,0.639,0.669,0.632,0.652,1755393030,1145438495,False
2024-10-11,0.64,0.652,0.622,0.631,1309268262,833737306,False
2024-10-14,0.631,0.642,0.617,0.638,1253764520,792355125,False
2024-10-15,0.633,0.637,0.615,0.615,996277140,623616009,False
2024-10-16,0.606,0.62,0.603,0.609,1160866416,707843962,False
2024-10-17,0.614,0.616,0.595,0.596,1324701476,799070867,False
2024-10-18,0.591,0.627,0.589,0.616,2274040740,1377824602,False
2024-10-21,0.611,0.62,0.605,0.616,1678624378,1028649451,False
2024-10-22,0.613,0.629,0.612,0.626,1709159800,1065913993,False
2024-10-23,0.626,0.642,0.62,0.635,1791603090,1133849591,False
2024-10-24,0.63,0.633,0.62,0.622,1157476689,723776552,False
2024-10-25,0.621,0.634,0.619,0.627,1271448100,796986610,False
2024-10-28,0.631,0.645,0.622,0.644,1971429360,1256705299,False
2024-10-29,0.642,0.65,0.626,0.627,1455604500,924469793,False
2024-10-30,0.622,0.629,0.612,0.618,1197210000,741988492,False
2024-10-31,0.613,0.621,0.608,0.614,1031560300,633646958,False
2024-11-01,0.612,0.63,0.611,0.623,1350535309,841155024,False
2024-11-04,0.627,0.632,0.618,0.631,1190239600,745441467,False
2024-11-05,0.628,0.647,0.624,0.647,2203158611,1409835142,False
2024-11-06,0.646,0.651,0.636,0.643,2042159673,1314359682,False
2024-11-07,0.64,0.707,0.638,0.706,3663442651,2481077073,False
2024-11-08,0.719,0.719,0.675,0.678,4019401501,2760606138,False
2024-11-11,0.666,0.674,0.655,0.674,3051471500,2028783947,False
2024-11-12,0.674,0.687,0.664,0.668,2898190107,1958660469,False
2024-11-13,0.662,0.673,0.66,0.669,1900601800,1268649138,False
2024-11-14,0.665,0.673,0.658,0.659,1918850900,1276665290,False
2024-11-15,0.657,0.667,0.65,0.652,1815321000,1195374841,False
2024-11-18,0.653,0.658,0.64,0.642,1655655776,1072900008,False
2024-11-19,0.646,0.649,0.626,0.643,1657193500,1055589083,False
2024-11-20,0.64,0.648,0.635,0.645,1334951188,856993651,False
2024-11-21,0.643,0.647,0.638,0.642,1044104700,669871874,False
2024-11-22,0.642,0.645,0.619,0.62,1953476271,1231825475,False
2024-11-25,0.62,0.631,0.615,0.622,1072986471,667833131,False
2024-11-26,0.618,0.633,0.616,0.625,1265475200,792648241,False
2024-11-27,0.623,0.639,0.618,0.636,1314898699,827339890,False
2024-11-28,0.632,0.636,0.627,0.628,882819000,556598667,False
2024-11-29,0.631,0.648,0.63,0.637,1691064400,1079044392,False
2024-12-02,0.636,0.643,0.632,0.64,1132735100,723792067,False
2024-12-03,0.64,0.641,0.634,0.638,861430500,549035680,False
2024-12-04,0.637,0.638,0.63,0.631,1016153119,643281821,False
2024-12-05,0.63,0.632,0.626,0.63,886490438,557764764,False
2024-12-06,0.631,0.64,0.629,0.636,1131505856,718349774,False
2024-12-09,0.635,0.642,0.631,0.634,932188456,592564712,False
2024-12-10,0.663,0.67,0.645,0.646,2789389715,1835600014,False
2024-12-11,0.642,0.66,0.641,0.653,1516337372,990354627,False
2024-12-12,0.65,0.669,0.648,0.669,2257939274,1493443434,False
2024-12-13,0.663,0.663,0.646,0.647,1899250867,1240206947,False
2024-12-16,0.646,0.647,0.632,0.634,1118563967,712433950,False
2024-12-17,0.635,0.643,0.631,0.636,941052100,600127424,False
2024-12-18,0.637,0.64,0.632,0.634,1717364915,1089213497,False
2024-12-19,0.628,0.629,0.62,0.625,1099053482,686253931,False
2024-12-20,0.625,0.63,0.622,0.626,1399486272,875474497,False
2024-12-23,0.626,0.628,0.617,0.619,1288069919,800793585,False
2024-12-24,0.619,0.625,0.617,0.624,1117696268,694662724,False
2024-12-25,0.625,0.625,0.619,0.62,663164699,411724327,False
2024-12-26,0.621,0.624,0.618,0.621,651698311,404553140,False
2024-12-27,0.621,0.626,0.618,0.622,792533486,492494586,False
2024-12-30,0.621,0.626,0.615,0.617,1122480156,694137667,False
2024-12-31,0.618,0.628,0.615,0.616,1385387000,861490887,False
2025-01-02,0.614,0.615,0.596,0.6,1334007600,806740815,False
2025-01-03,0.6,0.603,0.589,0.592,882125982,526579392,False
2025-01-06,0.581,0.587,0.573,0.575,1163475100,673610705,False
2025-01-07,0.577,0.58,0.572,0.579,795116777,457691101,False
2025-01-08,0.577,0.582,0.567,0.575,1078062395,619129997,False
2025-01-09,0.575,0.585,0.571,0.578,852911900,493217791,False
2025-01-10,0.575,0.578,0.566,0.567,684025400,390783426,False
2025-01-13,0.562,0.572,0.56,0.572,720941793,409447329,False
2025-01-14,0.571,0.589,0.571,0.587,1101235548,642039328,False
2025-01-15,0.585,0.589,0.581,0.584,501433050,293162191,False
2025-01-16,0.586,0.593,0.577,0.582,673725200,393906480,False
2025-01-17,0.579,0.59,0.579,0.586,616523983,361096510,False
2025-01-20,0.588,0.598,0.588,0.591,851023900,504603503,False
2025-01-21,0.594,0.595,0.582,0.584,689018900,403527439,False
2025-01-22,0.583,0.583,0.572,0.573,830413600,477753309,False
2025-01-23,0.578,0.584,0.574,0.576,872472500,504198992,False
2025-01-24,0.573,0.577,0.57,0.575,973297600,557925008,False
2025-01-27,0.575,0.577,0.57,0.57,699775220,400620720,False
2025-02-05,0.573,0.573,0.559,0.56,962274800,541151986,False
2025-02-06,0.56,0.566,0.559,0.563,1020931100,574099480,False
2025-02-07,0.563,0.575,0.559,0.571,1642514006,934006121,False
2025-02-10,0.571,0.572,0.566,0.572,1154558336,658020159,False
2025-02-11,0.572,0.574,0.564,0.565,849114800,481136279,False
2025-02-12,0.565,0.574,0.564,0.573,1073503285,609848385,False
2025-02-13,0.573,0.596,0.572,0.591,2923586680,1715732076,False
2025-02-14,0.589,0.591,0.584,0.588,1534535812,901015979,False
2025-02-17,0.59,0.596,0.588,0.591,1359104300,803924238,False
2025-02-18,0.59,0.594,0.581,0.584,1450853400,851623203,False
2025-02-19,0.582,0.589,0.579,0.589,1284318400,750451413,False
2025-02-20,0.586,0.593,0.584,0.587,935551300,549795086,False
2025-02-21,0.588,0.596,0.583,0.589,2125140500,1252186842,False
2025-02-24,0.588,0.602,0.586,0.596,1829727862,1091312884,False
2025-02-25,0.592,0.592,0.583,0.584,1402735698,823931839,False
2025-02-26,0.584,0.592,0.582,0.591,1170342323,686879262,False
2025-02-27,0.591,0.608,0.589,0.605,2034987006,1226966984,False
2025-02-28,0.603,0.62,0.6,0.602,2249873468,1376954614,False
2025-03-03,0.603,0.616,0.594,0.598,1697656334,1025299184,False
2025-03-04,0.595,0.596,0.587,0.593,1166678000,688937607,False
2025-03-05,0.592,0.593,0.587,0.592,855573860,504422956,False
2025-03-06,0.594,0.603,0.59,0.602,1391967120,831614528,False
2025-03-07,0.6,0.615,0.598,0.612,1731241335,1052112589,False
2025-03-10,0.611,0.614,0.605,0.613,973080896,592625261,False
2025-03-11,0.608,0.63,0.607,0.629,1781393064,1106181785,False
2025-03-12,0.63,0.634,0.621,0.624,1099753111,687281575,False
2025-03-13,0.624,0.632,0.62,0.623,1039696396,649719975,False
2025-03-14,0.623,0.657,0.623,0.652,3412831585,2207493504,False
2025-03-17,0.658,0.662,0.645,0.652,1707961977,1115058721,False
2025-03-18,0.652,0.654,0.643,0.646,1671095321,1080371971,False
2025-03-19,0.646,0.651,0.639,0.641,1172488968,754520762,False
2025-03-20,0.641,0.642,0.629,0.631,1600184252,1012337377,False
2025-03-21,0.628,0.637,0.621,0.622,1187366738,744358453,False
2025-03-24,0.622,0.625,0.616,0.624,1043224600,647448333,False
2025-03-25,0.624,0.625,0.616,0.623,763152347,473582547,False
2025-03-26,0.623,0.626,0.62,0.623,627461300,391194205,False
2025-03-27,0.622,0.631,0.62,0.629,931098900,582927333,False
2025-03-28,0.628,0.631,0.62,0.623,1123982000,701907219,False
2025-03-31,0.621,0.623,0.611,0.615,762166400,469885823,False
2025-04-01,0.615,0.621,0.614,0.616,822645427,507272910,False
2025-04-02,0.616,0.622,0.613,0.616,584891700,360667689,False
2025-04-03,0.611,0.628,0.609,0.624,1159810205,721895192,False
2025-04-07,0.604,0.613,0.578,0.594,2141629266,1286618900,False
2025-04-08,0.597,0.615,0.595,0.614,1241237699,749842971,False
2025-04-09,0.605,0.625,0.603,0.622,1112468655,684166003,False
2025-04-10,0.623,0.626,0.613,0.625,1256586554,781863472,False
2025-04-11,0.622,0.625,0.611,0.618,1078477900,664981838,False
2025-04-14,0.616,0.621,0.611,0.612,887073800,545192847,False
2025-04-15,0.612,0.615,0.608,0.612,659268099,403294819,False
2025-04-16,0.61,0.616,0.605,0.614,828555530,504784867,False
2025-04-17,0.611,0.622,0.609,0.62,1016611711,628352623,False
2025-04-18,0.619,0.619,0.611,0.614,606443899,372706512,False
2025-04-21,0.613,0.614,0.606,0.608,1098046100,667591402,False
2025-04-22,0.607,0.611,0.605,0.607,1124715120,683802234,False
2025-04-23,0.609,0.61,0.602,0.605,1344103340,811999474,False
2025-04-24,0.604,0.606,0.601,0.602,1249673000,754865306,False
2025-04-25,0.602,0.607,0.601,0.603,564309864,340892993,False
2025-04-28,0.603,0.607,0.601,0.601,741308723,447437454,False
2025-04-29,0.599,0.6,0.592,0.595,870794800,518396076,False
2025-04-30,0.595,0.6,0.594,0.595,539098677,321273130,False
2025-05-06,0.596,0.598,0.592,0.597,1054793250,628701268,False
2025-05-07,0.602,0.605,0.597,0.599,880428900,528550562,False
2025-05-08,0.598,0.608,0.595,0.602,1077086187,649077841,False
2025-05-09,0.602,0.605,0.6,0.603,810311005,488321959,False
2025-05-12,0.604,0.608,0.602,0.605,972041056,587828685,False
2025-05-13,0.607,0.609,0.602,0.604,694437128,419288406,False
2025-05-14,0.604,0.62,0.6,0.613,1753303584,1069789690,False
2025-05-15,0.611,0.615,0.606,0.606,812008210,495137123,False
2025-05-16,0.606,0.607,0.599,0.599,568744400,341901272,False
2025-05-19,0.592,0.593,0.589,0.592,985119300,582289154,False
2025-05-20,0.592,0.596,0.59,0.593,813292300,482817353,False
2025-05-21,0.593,0.597,0.593,0.594,644239538,383397835,False
2025-05-22,0.594,0.594,0.59,0.591,457106175,270677042,False
2025-05-23,0.592,0.595,0.586,0.587,591152800,349019508,False
2025-05-26,0.587,0.588,0.58,0.582,755308799,440631056,False
2025-05-27,0.582,0.588,0.582,0.584,478630515,280058579,False
2025-05-28,0.585,0.588,0.581,0.587,516918258,302775457,False
2025-05-29,0.587,0.589,0.582,0.588,648153305,380005481,False
2025-05-30,0.587,0.588,0.579,0.581,906505283,527199278,False
2025-06-03,0.577,0.579,0.574,0.576,699961200,403181699,False
2025-06-04,0.576,0.58,0.575,0.577,592436500,342256870,False
2025-06-05,0.579,0.58,0.576,0.578,908308050,524905547,False
2025-06-06,0.578,0.581,0.576,0.577,793276600,458430249,False
2025-06-09,0.577,0.577,0.572,0.574,1012837100,582029791,False
2025-06-10,0.574,0.575,0.565,0.569,1249352383,711653798,False
2025-06-11,0.568,0.573,0.568,0.57,893403172,509800829,False
2025-06-12,0.569,0.569,0.56,0.56,1557734200,876296730,False
2025-06-13,0.558,0.559,0.544,0.545,2045092520,1122347324,False
2025-06-16,0.541,0.547,0.537,0.546,1764538332,957626125,False
2025-06-17,0.545,0.55,0.544,0.547,985357350,539034266,False
2025-06-18,0.551,0.558,0.549,0.55,1576218224,871707710,False
2025-06-19,0.547,0.552,0.545,0.546,834785350,457740172,False
2025-06-20,0.548,0.56,0.547,0.558,2186255338,1216741706,False
2025-06-23,0.554,0.554,0.546,0.551,1178361900,648750912,False
2025-06-24,0.552,0.557,0.551,0.555,1236444100,685659628,False
2025-06-25,0.555,0.557,0.549,0.556,1818806199,1005394374,False
2025-06-26,0.556,0.559,0.554,0.556,1035934599,576544107,False
2025-06-27,0.555,0.556,0.551,0.552,926737300,512718019,False
2025-06-30,0.552,0.559,0.55,0.555,1319925507,731287316,False
2025-07-01,0.554,0.555,0.551,0.552,707193200,390199715,False
2025-07-02,0.552,0.558,0.551,0.554,1199632295,665336867,False
2025-07-03,0.554,0.558,0.552,0.555,816388781,453782467,False
2025-07-04,0.555,0.558,0.553,0.555,898253408,498977108,False
2025-07-07,0.556,0.557,0.553,0.554,550864000,305602268,False
2025-07-08,0.554,0.559,0.554,0.559,1169278900,651404931,False
2025-07-09,0.559,0.568,0.557,0.562,1892402955,1067778926,False
2025-07-10,0.561,0.567,0.558,0.565,1763000981,992186644,False
2025-07-11,0.564,0.574,0.564,0.57,2039373149,1160473468,False
2025-07-14,0.568,0.572,0.564,0.57,1724199900,980032074,False
2025-07-15,0.567,0.568,0.56,0.562,1639863074,923172347,False
2025-07-16,0.561,0.568,0.561,0.567,1378530733,779612153,False
2025-07-17,0.565,0.569,0.564,0.568,805370798,456346803,False
2025-07-18,0.568,0.577,0.567,0.575,1920486949,1101892785,False
2025-07-21,0.576,0.576,0.572,0.575,1121788500,643860915,False
2025-07-22,0.574,0.592,0.574,0.591,2964673126,1734401712,False
2025-07-23,0.591,0.595,0.586,0.587,1781540765,1053204514,False
2025-07-24,0.587,0.591,0.586,0.59,1531426369,902255689,False
2025-07-25,0.591,0.591,0.58,0.58,1921567217,1121868901,False
2025-07-28,0.58,0.58,0.574,0.578,1459580802,841574579,False
2025-07-29,0.577,0.579,0.572,0.577,1658767305,953313658,False
2025-07-30,0.578,0.585,0.577,0.581,2085995678,1212730183,False
2025-07-31,0.579,0.579,0.565,0.568,2508096329,1429999756,False
2025-08-01,0.567,0.569,0.564,0.567,1143387850,647904240,False
2025-08-04,0.566,0.568,0.564,0.567,692429537,392168550,False
2025-08-05,0.567,0.575,0.567,0.574,1155411600,660857506,False
2025-08-06,0.575,0.576,0.571,0.575,781100505,448059148,False
2025-08-07,0.574,0.578,0.573,0.576,949404098,546569290,False
2025-08-08,0.576,0.576,0.572,0.573,875026864,501735003,False
2025-08-11,0.573,0.586,0.572,0.584,1878758020,1090357792,False
2025-08-12,0.583,0.592,0.581,0.582,2095625456,1228715774,False
2025-08-13,0.581,0.584,0.577,0.582,2252122330,1308215117,False
2025-08-14,0.581,0.589,0.579,0.58,1923252830,1123101856,False
2025-08-15,0.578,0.583,0.575,0.581,1701472463,985926901,False
2025-08-18,0.582,0.587,0.581,0.585,2567602335,1499874109,False
2025-08-19,0.585,0.599,0.584,0.594,3658813712,2172542470,False
2025-08-20,0.592,0.612,0.589,0.609,3595937927,2176657700,False
2025-08-21,0.609,0.61,0.601,0.603,2182946233,1319537658,False
2025-08-22,0.603,0.609,0.601,0.609,2085489845,1261783288,False
2025-08-25,0.611,0.634,0.61,0.632,3836375739,2392100022,False
2025-08-26,0.63,0.639,0.623,0.63,2998449918,1891668779,False
2025-08-27,0.629,0.629,0.611,0.612,4014574425,2486677526,False
2025-08-28,0.61,0.616,0.598,0.609,3129672465,1897956266,False
2025-08-29,0.612,0.628,0.611,0.625,3240639650,2016885464,False
2025-09-01,0.623,0.626,0.618,0.622,2642632710,1641786354,False
2025-09-02,0.621,0.634,0.617,0.62,3007733700,1877863130,False
2025-09-03,0.622,0.63,0.609,0.611,2261595110,1395818009,False
2025-09-04,0.611,0.612,0.602,0.612,2218915229,1348762371,False
2025-09-05,0.611,0.616,0.604,0.615,2260296505,1379633182,False
2025-09-08,0.614,0.625,0.612,0.624,2295321312,1425301177,False
2025-09-09,0.623,0.625,0.616,0.624,1891124536,1173426420,False
2025-09-10,0.624,0.631,0.618,0.624,2143432457,1340385060,False
2025-09-11,0.621,0.628,0.62,0.628,2113146357,1317778861,False
2025-09-12,0.628,0.637,0.62,0.621,2335669647,1460640299,False
2025-09-15,0.619,0.621,0.616,0.619,1635322527,1011912451,False
2025-09-16,0.621,0.622,0.615,0.619,1337568000,826385606,False
2025-09-17,0.618,0.62,0.612,0.614,1587864327,975165851,False
2025-09-18,0.614,0.614,0.599,0.603,2515278159,1525916786,False
2025-09-19,0.602,0.607,0.595,0.606,2277164382,1368203747,False
2025-09-22,0.603,0.603,0.595,0.596,1751715101,1046397635,False
2025-09-23,0.595,0.598,0.588,0.593,1591958505,942711899,False
2025-09-24,0.591,0.597,0.59,0.593,1426090216,846047561,False
2025-09-25,0.594,0.594,0.587,0.588,1681359884,991688533,False
2025-09-26,0.588,0.59,0.582,0.584,1922686962,1125911466,False
2025-09-29,0.586,0.597,0.582,0.594,2135325095,1260526125,False
2025-09-30,0.592,0.593,0.588,0.59,1643556110,969716093,False
2025-10-09,0.588,0.588,0.577,0.584,2307234826,1340512668,False
2025-10-10,0.582,0.587,0.581,0.583,1406052877,821312320,False
2025-10-13,0.575,0.579,0.573,0.577,1889860940,1090525613,False
2025-10-14,0.579,0.594,0.578,0.593,2889303120,1700320586,False
2025-10-15,0.591,0.599,0.588,0.597,1927712919,1146725182,False
2025-10-16,0.594,0.605,0.594,0.604,1855659800,1113422792,False
2025-10-17,0.603,0.604,0.594,0.595,1803307891,1079183402,False
2025-10-20,0.596,0.597,0.59,0.591,1434874700,850774269,False
2025-10-21,0.591,0.596,0.589,0.592,1136802684,673128403,False
2025-10-22,0.59,0.595,0.588,0.589,1236134179,729633262,False
2025-10-23,0.588,0.593,0.585,0.593,1535107667,903234458,False
2025-10-24,0.592,0.594,0.581,0.582,2351974374,1375759758,False
2025-10-27,0.58,0.585,0.577,0.582,1494854521,868741560,False
2025-10-28,0.581,0.587,0.58,0.582,1529919359,892716286,False
2025-10-29,0.58,0.582,0.575,0.579,1803558456,1040912554,False
2025-10-30,0.576,0.585,0.575,0.579,2522546778,1466481763,False
2025-10-31,0.576,0.591,0.575,0.588,2747299226,1613772431,False
2025-11-03,0.585,0.592,0.581,0.588,2545595614,1495282225,False
2025-11-04,0.587,0.588,0.579,0.581,1637259815,954876201,False
2025-11-05,0.579,0.585,0.576,0.579,1678755594,972434962,False
2025-11-06,0.581,0.585,0.578,0.58,1367877653,794135867,False
2025-11-07,0.579,0.582,0.577,0.578,951782369,550780244,False
2025-11-10,0.577,0.606,0.576,0.604,4990087066,2971400080,False
2025-11-11,0.6,0.605,0.595,0.603,2826660099,1696833069,False
2025-11-12,0.602,0.609,0.602,0.603,2331859818,1410526493,False
2025-11-13,0.6,0.609,0.599,0.607,2560755652,1548972162,False
2025-11-14,0.605,0.613,0.598,0.598,2127999895,1284437453,False
2025-11-17,0.597,0.602,0.591,0.598,1498669924,893803044,False
2025-11-18,0.598,0.604,0.593,0.595,1374981066,823444183,False
2025-11-19,0.595,0.597,0.589,0.592,1074488911,636133318,False
2025-11-20,0.593,0.597,0.589,0.59,1129463202,668821136,False
2025-11-21,0.588,0.597,0.581,0.585,1576224027,926270483,False
2025-11-24,0.584,0.589,0.58,0.581,1300183570,758994734,False
2025-11-25,0.582,0.583,0.578,0.582,1533100931,890141715,False
2025-11-26,0.582,0.585,0.58,0.582,1337157318,778308110,False
2025-11-27,0.583,0.586,0.579,0.583,1212448971,706023597,False
2025-11-28,0.582,0.585,0.579,0.583,1213746833,707147948,False
2025-12-01,0.583,0.588,0.581,0.583,1160586573,677487481,False
2025-12-02,0.583,0.585,0.577,0.577,1460700800,846817242,False
2025-12-03,0.578,0.578,0.569,0.57,2050436677,1173278053,False
2025-12-04,0.57,0.571,0.559,0.561,2057495000,1156335099,False
2025-12-05,0.56,0.564,0.558,0.563,1137679556,638724125,False
2025-12-08,0.562,0.564,0.557,0.557,1552400200,868633618,False
2025-12-09,0.558,0.558,0.547,0.549,1958812784,1079604495,False
2025-12-10,0.548,0.554,0.544,0.553,1500239855,826447056,False
2025-12-11,0.553,0.554,0.548,0.55,977663790,538030776,False
2025-12-12,0.552,0.559,0.55,0.551,1859200340,1028623583,False
2025-12-15,0.557,0.561,0.554,0.554,1991051332,1109127065,False
2025-12-16,0.553,0.555,0.55,0.555,1178840674,652025185,False
2025-12-17,0.554,0.555,0.548,0.553,1038850907,573388383,False
2025-12-18,0.553,0.554,0.55,0.552,1178709384,650502946,False
2025-12-19,0.552,0.556,0.55,0.554,1134263695,627579998,False
2025-12-22,0.554,0.557,0.552,0.553,1432710700,793749257,False
2025-12-23,0.553,0.554,0.548,0.55,1059873212,583003235,False
2025-12-24,0.549,0.549,0.545,0.548,1232078821,674211371,False
2025-12-25,0.548,0.557,0.547,0.554,1830906773,1011471257,False
2025-12-26,0.552,0.554,0.548,0.55,1493867147,822380009,False
2025-12-29,0.55,0.55,0.542,0.543,1583920735,863097491,False
2025-12-30,0.543,0.543,0.539,0.541,978304400,529129663,False
2025-12-31,0.541,0.542,0.535,0.536,1160690779,623513982,False
2026-01-05,0.536,0.547,0.536,0.546,2219260385,1205012985,False
2026-01-06,0.546,0.55,0.543,0.55,1732087600,947079297,False
2026-01-07,0.55,0.551,0.546,0.547,1905082584,1043218372,False
2026-01-08,0.546,0.547,0.543,0.546,1252097865,681576685,False
2026-01-09,0.547,0.551,0.545,0.547,1219054876,667808895,False
2026-01-12,0.547,0.555,0.546,0.553,1721204967,950145159,False
2026-01-13,0.554,0.555,0.546,0.548,1612510235,888808354,False
2026-01-14,0.547,0.553,0.541,0.545,1808393708,990234266,False
2026-01-15,0.543,0.546,0.539,0.54,1245774560,674267836,False
2026-01-16,0.541,0.542,0.535,0.537,1251509600,672286848,False
2026-01-19,0.536,0.538,0.534,0.535,1025779654,549272926,False
2026-01-20,0.536,0.542,0.534,0.54,1413628005,761555899,False
2026-01-21,0.539,0.539,0.529,0.531,1927977194,1025920935,False
2026-01-22,0.53,0.533,0.528,0.529,1068846304,566135156,False
2026-01-23,0.529,0.531,0.526,0.527,1362516727,719976289,False
2026-01-26,0.525,0.526,0.516,0.524,2231753259,1163357410,False
2026-01-27,0.522,0.523,0.514,0.516,1758560000,908153988,False
2026-01-28,0.515,0.52,0.512,0.516,1635738200,843134895,False
2026-01-29,0.515,0.568,0.515,0.568,7943165426,4327044724,False
2026-01-30,0.562,0.562,0.54,0.541,4935660740,2706926885,False
2026-02-02,0.536,0.566,0.536,0.549,4221753688,2336756188,False
2026-02-03,0.544,0.56,0.544,0.551,2603136447,1432837240,False
2026-02-04,0.549,0.566,0.546,0.562,3238630074,1806933017,False
2026-02-05,0.56,0.572,0.558,0.565,3317409874,1880661681,False
2026-02-06,0.562,0.567,0.553,0.554,2143905782,1192071643,False
2026-02-09,0.553,0.557,0.55,0.554,1760519956,973765199,False
2026-02-10,0.553,0.553,0.543,0.545,1798195900,981366849,False
2026-02-11,0.545,0.548,0.542,0.545,1430085915,777880897,False
2026-02-12,0.543,0.544,0.535,0.535,1511880295,812902633,False
2026-02-13,0.536,0.542,0.533,0.535,1373447073,738248055,False
2026-02-24,0.539,0.542,0.527,0.529,1409184738,749560072,False
2026-02-25,0.529,0.535,0.528,0.532,1070294851,569434404,False
2026-02-26,0.531,0.532,0.523,0.525,1169926320,615895630,False
2026-02-27,0.525,0.527,0.523,0.526,776796989,407807278,False
2026-03-02,0.52,0.523,0.513,0.516,1536301300,793772947,False
2026-03-03,0.514,0.524,0.509,0.515,2165171341,1115823623,False
2026-03-04,0.511,0.511,0.5,0.502,2040707109,1028821184,False
2026-03-05,0.505,0.507,0.501,0.503,825693150,415808291,False
2026-03-06,0.501,0.511,0.5,0.51,1947734173,987724016,False
2026-03-09,0.505,0.508,0.503,0.505,1214369527,613587964,False
2026-03-10,0.507,0.509,0.505,0.508,841604455,426734292,False
2026-03-11,0.507,0.508,0.504,0.506,798440149,403849701,False
2026-03-12,0.505,0.509,0.503,0.506,1355345911,685300058,False
2026-03-13,0.505,0.514,0.504,0.512,1752902764,896024021,False
2026-03-16,0.511,0.523,0.51,0.519,1739866460,901087690,False
2026-03-17,0.517,0.525,0.515,0.518,1430067757,744316899,False
2026-03-18,0.518,0.52,0.51,0.513,1090785273,559603382,False
2026-03-19,0.51,0.511,0.504,0.504,1217566933,617154175,False
2026-03-20,0.505,0.507,0.499,0.5,1151364700,578806217,False
2026-03-23,0.496,0.496,0.482,0.484,1764446151,860627870,False
2026-03-24,0.487,0.49,0.482,0.49,1108143591,538885427,False
2026-03-25,0.489,0.493,0.487,0.492,974678500,478095676,False
2026-03-26,0.491,0.495,0.485,0.486,988156914,482914350,False
2026-03-27,0.483,0.495,0.483,0.492,1197169873,587209617,False
2026-03-30,0.487,0.497,0.487,0.493,1143039403,561564513,False
2026-03-31,0.503,0.507,0.492,0.493,1526205082,761838901,False
2026-04-01,0.494,0.502,0.492,0.498,1104182400,548911987,False
2026-04-02,0.496,0.503,0.495,0.499,1044469566,521224215,False
2026-04-03,0.5,0.502,0.492,0.494,793887145,393250968,False
2026-04-07,0.493,0.497,0.488,0.491,774496200,380892528,False
2026-04-08,0.495,0.499,0.493,0.498,1684529913,836386619,False
2026-04-09,0.496,0.497,0.489,0.49,1059755687,521347626,False
2026-04-10,0.491,0.493,0.489,0.491,1108108188,544388374,False
2026-04-13,0.489,0.49,0.485,0.489,1007256769,490796004,False
2026-04-14,0.489,0.492,0.485,0.491,1293179358,632018264,False
2026-04-15,0.491,0.496,0.488,0.492,1286679221,632960506,False
2026-04-16,0.491,0.496,0.491,0.493,1009974131,498300532,False
2026-04-17,0.487,0.487,0.483,0.485,1739771484,843386983,False
2026-04-20,0.484,0.487,0.481,0.484,1035114495,500889262,False
2026-04-21,0.484,0.488,0.482,0.483,808860100,391502351,False
2026-04-22,0.482,0.483,0.479,0.482,981036886,471407211,False
2026-04-23,0.483,0.495,0.483,0.49,2477441583,1212512657,False
2026-04-24,0.488,0.495,0.484,0.491,1519002541,744969707,False
2026-04-27,0.487,0.488,0.482,0.482,1448691250,700162860,False
2026-04-28,0.481,0.484,0.48,0.482,928854512,447648482,False
2026-04-29,0.481,0.49,0.481,0.487,1363861593,664128313,False
2026-04-30,0.485,0.491,0.484,0.484,1062378672,516772673,False
2026-05-06,0.477,0.478,0.473,0.477,2251470953,1070782108,False
2026-05-07,0.477,0.483,0.477,0.478,1522556431,729755255,False
2026-05-08,0.478,0.479,0.475,0.476,1319592541,629055837,False
2026-05-11,0.475,0.479,0.472,0.475,1683827235,800457669,False
2026-05-12,0.476,0.476,0.468,0.469,1803416545,848966880,False
2026-05-13,0.469,0.47,0.461,0.462,1706763593,790663438,False
2026-05-14,0.462,0.477,0.459,0.466,2943954283,1374025760,False
2026-05-15,0.464,0.464,0.453,0.455,1947677304,890710224,False
2026-05-18,0.456,0.457,0.45,0.451,1350651513,610376688,False
2026-05-19,0.452,0.459,0.451,0.452,1101283766,501074216,False
2026-05-20,0.452,0.46,0.451,0.455,1364658467,622325736,False
2026-05-21,0.454,0.461,0.452,0.454,1440965878,658632366,False
2026-05-22,0.454,0.454,0.444,0.444,1437105512,641623211,False
2026-05-25,0.443,0.453,0.439,0.448,1769943596,791426691,False
2026-05-26,0.445,0.452,0.441,0.444,1533702968,684022309,False
2026-05-27,0.442,0.461,0.436,0.453,3752009239,1681895961,False
2026-05-28,0.448,0.451,0.441,0.443,1887990558,840705534,False
2026-05-29,0.441,0.463,0.44,0.457,3983499186,1811842936,False
2026-06-01,0.454,0.458,0.45,0.456,1690110565,767470650,False
2026-06-02,0.454,0.459,0.448,0.448,1693531665,765394287,False
2026-06-03,0.447,0.447,0.437,0.444,2166655200,954736409,False
2026-06-04,0.441,0.445,0.432,0.433,1582420900,691216346,False
2026-06-05,0.435,0.442,0.432,0.433,1564908864,682480154,False
2026-06-08,0.432,0.437,0.424,0.425,1535129586,659180706,False
2026-06-09,0.425,0.425,0.418,0.421,1349764912,567629508,False
