date,open,high,low,close,volume,amount,suspended
2019-06-12,1.013,1.045,1.013,1.033,108014100,110629767,False
2019-06-13,1.033,1.039,1.017,1.023,30088700,30878815,False
2019-06-14,1.027,1.027,0.986,0.989,27198600,27329852,False
2019-06-17,0.994,0.994,0.97,0.978,14576600,14265379,False
2019-06-18,0.972,0.98,0.966,0.969,36104900,35058369,False
2019-06-19,0.992,1.02,0.992,1.006,45304100,45707765,False
2019-06-20,1.001,1.025,0.997,1.019,33212000,33603773,False
2019-06-21,1.019,1.05,1.019,1.037,39904200,41534584,False
2019-06-24,1.032,1.044,1.027,1.037,26264900,27134668,False
2019-06-25,1.034,1.034,1.009,1.02,22609200,23081510,False
2019-06-26,1.015,1.034,1.011,1.027,23478600,24090270,False
2019-06-27,1.033,1.062,1.031,1.053,48536600,50875909,False
2019-06-28,1.053,1.054,1.023,1.033,26698100,27630221,False
2019-07-01,1.06,1.078,1.053,1.078,45993200,49156005,False
2019-07-02,1.076,1.08,1.057,1.06,32684590,34912563,False
2019-07-03,1.055,1.059,1.039,1.045,29512000,30904541,False
2019-07-04,1.046,1.052,1.026,1.033,28713000,29742331,False
2019-07-05,1.03,1.045,1.03,1.044,28584500,29711350,False
2019-07-08,1.044,1.044,0.995,0.998,47322600,47703006,False
2019-07-09,0.997,1.009,0.991,1.005,27661000,27702820,False
2019-07-10,1.004,1.023,1.004,1.017,34664900,35203492,False
2019-07-11,1.022,1.022,0.996,1.005,26690700,26961006,False
2019-07-12,1.005,1.011,0.994,1.007,25933700,26067501,False
2019-07-15,1.0,1.036,0.992,1.032,49819900,50581455,False
2019-07-16,1.02,1.044,1.02,1.037,27134300,28113682,False
2019-07-17,1.037,1.073,1.035,1.061,50349600,53547237,False
2019-07-18,1.05,1.055,1.037,1.041,49028500,51115604,False
2019-07-19,1.043,1.05,1.041,1.049,56660000,59298055,False
2019-07-22,1.06,1.07,1.008,1.034,251593500,259795655,False
2019-07-23,1.036,1.069,1.032,1.065,114419400,120630243,False
2019-07-24,1.071,1.098,1.068,1.094,87573700,95565924,False
2019-07-25,1.097,1.123,1.095,1.113,70258800,78063032,False
2019-07-26,1.115,1.116,1.098,1.11,52467000,58102094,False
2019-07-29,1.113,1.131,1.11,1.123,66608500,74732286,False
2019-07-30,1.122,1.13,1.108,1.111,45843400,51180415,False
2019-07-31,1.109,1.126,1.108,1.118,84685700,94911853,False
2019-08-01,1.108,1.121,1.101,1.112,62378500,69317904,False
2019-08-02,1.089,1.108,1.079,1.1,83858500,91911916,False
2019-08-05,1.093,1.116,1.082,1.085,65118600,71600346,False
2019-08-06,1.054,1.061,1.023,1.057,100655700,105326178,False
2019-08-07,1.061,1.064,1.032,1.034,57343100,60085085,False
2019-08-08,1.045,1.07,1.039,1.068,171017800,179713448,False
2019-08-09,1.072,1.083,1.045,1.048,78377400,83380095,False
2019-08-12,1.058,1.097,1.048,1.095,121693200,130055168,False
2019-08-13,1.083,1.092,1.075,1.086,72539500,78651131,False
2019-08-14,1.105,1.124,1.091,1.092,76131300,84523693,False
2019-08-15,1.062,1.114,1.057,1.114,133350300,145013048,False
2019-08-16,1.105,1.133,1.105,1.121,69382200,77607492,False
2019-08-19,1.141,1.181,1.131,1.18,86763400,100718033,False
2019-08-20,1.187,1.187,1.167,1.174,92560900,108864406,False
2019-08-21,1.167,1.198,1.165,1.187,77381300,91470826,False
2019-08-22,1.187,1.196,1.168,1.183,54058300,63936978,False
2019-08-23,1.177,1.187,1.16,1.171,77333900,90457708,False
2019-08-26,1.153,1.176,1.145,1.172,88133100,102615871,False
2019-08-27,1.177,1.214,1.177,1.199,88396900,106049892,False
2019-08-28,1.202,1.204,1.186,1.194,51954000,62020784,False
2019-08-29,1.193,1.216,1.189,1.212,57618200,69433762,False
2019-08-30,1.222,1.248,1.202,1.215,114550500,140804011,False
2019-09-02,1.215,1.269,1.206,1.264,113506590,140717275,False
2019-09-03,1.271,1.303,1.261,1.297,133919190,171798056,False
2019-09-04,1.302,1.326,1.292,1.321,151139500,198061122,False
2019-09-05,1.337,1.362,1.313,1.325,137650400,183721581,False
2019-09-06,1.33,1.343,1.3,1.323,138031420,182474322,False
2019-09-09,1.342,1.403,1.335,1.4,189113200,258044300,False
2019-09-10,1.415,1.417,1.349,1.367,194768900,267581731,False
2019-09-11,1.372,1.385,1.346,1.357,159416200,217466849,False
2019-09-12,1.362,1.38,1.355,1.364,119625000,163516421,False
2019-09-16,1.363,1.395,1.352,1.375,132250100,182026571,False
2019-09-17,1.366,1.367,1.313,1.331,179270200,239937138,False
2019-09-18,1.332,1.344,1.309,1.329,112727000,149450442,False
2019-09-19,1.33,1.372,1.329,1.37,148696300,201503576,False
2019-09-20,1.373,1.418,1.371,1.405,214319600,298309293,False
2019-09-23,1.4,1.451,1.386,1.446,231244900,327769130,False
2019-09-24,1.445,1.475,1.44,1.448,206240300,301066771,False
2019-09-25,1.436,1.439,1.372,1.375,278632800,389308745,False
2019-09-26,1.381,1.388,1.3,1.308,333210700,444781960,False
2019-09-27,1.306,1.341,1.306,1.332,189060300,250686389,False
2019-09-30,1.327,1.331,1.29,1.294,179307400,234370616,False
2019-10-08,1.295,1.309,1.26,1.269,122299900,156890655,False
2019-10-09,1.26,1.302,1.254,1.298,191877800,246556057,False
2019-10-10,1.296,1.319,1.29,1.316,148425000,193951702,False
2019-10-11,1.319,1.32,1.285,1.297,169286300,220014148,False
2019-10-14,1.308,1.34,1.302,1.333,202834790,267961750,False
2019-10-15,1.324,1.324,1.287,1.29,174843500,226693443,False
2019-10-16,1.293,1.296,1.271,1.274,127156600,163348779,False
2019-10-17,1.277,1.285,1.269,1.27,96428300,123110272,False
2019-10-18,1.271,1.28,1.234,1.24,145675800,182881817,False
2019-10-21,1.235,1.246,1.212,1.242,124453700,153527411,False
2019-10-22,1.244,1.27,1.242,1.266,132476100,166951426,False
2019-10-23,1.269,1.273,1.25,1.255,103720900,131031097,False
2019-10-24,1.249,1.262,1.231,1.247,128512000,160318795,False
2019-10-25,1.244,1.27,1.233,1.265,174917300,218704259,False
2019-10-28,1.29,1.311,1.274,1.308,200444300,258978158,False
2019-10-29,1.305,1.305,1.274,1.275,128680900,166154914,False
2019-10-30,1.273,1.327,1.268,1.305,258626500,337103629,False
2019-10-31,1.303,1.326,1.298,1.304,181854900,238934201,False
2019-11-01,1.29,1.317,1.289,1.311,113853000,148697390,False
2019-11-04,1.315,1.335,1.308,1.327,149169900,197404023,False
2019-11-05,1.328,1.348,1.316,1.345,164026486,218795051,False
2019-11-06,1.344,1.353,1.307,1.314,173595886,230468218,False
2019-11-07,1.311,1.325,1.306,1.32,112492700,148254346,False
2019-11-08,1.328,1.345,1.323,1.324,153255200,204214857,False
2019-11-11,1.315,1.316,1.287,1.29,117019800,152490838,False
2019-11-12,1.29,1.295,1.259,1.282,137213814,174794436,False
2019-11-13,1.276,1.337,1.276,1.335,226328500,297193619,False
2019-11-14,1.33,1.377,1.328,1.373,201529125,273249992,False
2019-11-15,1.368,1.401,1.36,1.364,180138725,248711437,False
2019-11-18,1.361,1.38,1.35,1.362,102937525,140217491,False
2019-11-19,1.359,1.385,1.349,1.382,135565100,185681723,False
2019-11-20,1.379,1.386,1.356,1.364,130518900,179318668,False
2019-11-21,1.35,1.375,1.349,1.362,121268900,165028729,False
2019-11-22,1.36,1.394,1.312,1.329,284900200,384160827,False
2019-11-25,1.321,1.323,1.267,1.272,253393000,324787881,False
2019-11-26,1.277,1.294,1.273,1.282,159863300,205169123,False
2019-11-27,1.279,1.35,1.274,1.337,316878703,418567555,False
2019-11-28,1.33,1.346,1.324,1.33,167076103,222935292,False
2019-11-29,1.33,1.348,1.315,1.334,175028300,233457035,False
2019-12-02,1.341,1.38,1.328,1.371,241811603,329494783,False
2019-12-03,1.36,1.41,1.353,1.408,357375353,494920269,False
2019-12-04,1.397,1.439,1.395,1.413,348756468,493295036,False
2019-12-05,1.416,1.468,1.408,1.438,281066907,404925114,False
2019-12-06,1.436,1.474,1.431,1.473,233821988,339083952,False
2019-12-09,1.478,1.51,1.478,1.491,220783189,329514370,False
2019-12-10,1.48,1.543,1.464,1.535,228721992,344680856,False
2019-12-11,1.525,1.546,1.504,1.524,211439600,322514795,False
2019-12-12,1.52,1.599,1.52,1.572,247862863,388027119,False
2019-12-13,1.586,1.592,1.538,1.579,275271235,429597800,False
2019-12-16,1.565,1.609,1.56,1.606,245029575,389233949,False
2019-12-17,1.605,1.61,1.588,1.603,182542200,291844388,False
2019-12-18,1.6,1.622,1.586,1.596,155656264,249690768,False
2019-12-19,1.595,1.595,1.555,1.564,196125100,307413789,False
2019-12-20,1.561,1.571,1.545,1.552,152291300,237331677,False
2019-12-23,1.503,1.522,1.483,1.492,288674185,433752465,False
2019-12-24,1.496,1.543,1.486,1.537,263469799,398569357,False
2019-12-25,1.534,1.63,1.531,1.627,404951727,646869718,False
2019-12-26,1.613,1.618,1.59,1.61,288188619,462433602,False
2019-12-27,1.604,1.61,1.556,1.557,351139305,555247490,False
2019-12-30,1.541,1.573,1.504,1.564,307321012,475538151,False
2019-12-31,1.554,1.579,1.542,1.555,256465609,399721319,False
2020-01-02,1.565,1.629,1.554,1.615,366833119,587443328,False
2020-01-03,1.617,1.631,1.591,1.61,255860772,411958091,False
2020-01-06,1.586,1.641,1.586,1.625,299458973,485528180,False
2020-01-07,1.625,1.635,1.606,1.624,210804307,340898481,False
2020-01-08,1.61,1.613,1.579,1.589,282320400,450243978,False
2020-01-09,1.606,1.638,1.597,1.636,295187002,476970081,False
2020-01-10,1.636,1.695,1.63,1.683,379658811,632764298,False
2020-01-13,1.682,1.771,1.669,1.761,426370656,736140919,False
2020-01-14,1.772,1.785,1.741,1.747,257439184,452190524,False
2020-01-15,1.738,1.81,1.733,1.806,396949475,702018717,False
2020-01-16,1.798,1.825,1.79,1.801,338862537,611785170,False
2020-01-17,1.806,1.822,1.787,1.798,265791237,479927268,False
2020-01-20,1.8,1.905,1.799,1.9,540058488,1008451816,False
2020-01-21,1.872,1.932,1.863,1.9,701649201,1328951282,False
2020-01-22,1.888,2.033,1.86,2.009,777536794,1503516162,False
2020-01-23,1.978,2.052,1.904,1.955,1210523509,2394390531,False
2020-02-03,1.76,1.79,1.76,1.76,482394477,851632182,False
2020-02-04,1.755,1.862,1.736,1.855,1169792959,2117544429,False
2020-02-05,1.848,1.915,1.82,1.851,960343763,1797208108,False
2020-02-06,1.824,1.902,1.811,1.9,803668075,1498173805,False
2020-02-07,1.895,1.989,1.885,1.987,937962783,1819874089,False
2020-02-10,1.972,1.981,1.902,1.936,793508125,1540375246,False
2020-02-11,1.935,1.978,1.932,1.953,602090781,1176574440,False
2020-02-12,1.942,2.033,1.937,2.027,601929056,1195854330,False
2020-02-13,2.023,2.124,2.016,2.087,790791790,1640266672,False
2020-02-14,2.083,2.179,2.07,2.104,959920379,2034574920,False
2020-02-17,2.121,2.175,2.111,2.173,603339022,1294643561,False
2020-02-18,2.184,2.293,2.173,2.287,936702371,2086349011,False
2020-02-19,2.286,2.385,2.226,2.306,1252539107,2892765555,False
2020-02-20,2.31,2.38,2.245,2.379,1150847531,2661741151,False
2020-02-21,2.357,2.45,2.344,2.435,838181959,2019890499,False
2020-02-24,2.434,2.579,2.418,2.576,937165282,2335552813,False
2020-02-25,2.53,2.627,2.391,2.602,1593448090,4048369483,False
2020-02-26,2.533,2.572,2.342,2.359,1380592205,3400957243,False
2020-02-27,2.392,2.418,2.255,2.289,1283691358,2978367251,False
2020-02-28,2.15,2.255,2.111,2.166,1551150181,3369585587,False
2020-03-02,2.221,2.23,2.113,2.171,1111884078,2420454498,False
2020-03-03,2.21,2.3,2.171,2.19,1048856418,2341198618,False
2020-03-04,2.15,2.162,2.04,2.114,797216025,1678225940,False
2020-03-05,2.15,2.165,2.063,2.145,813470080,1721013473,False
2020-03-06,2.1,2.142,2.084,2.108,516811474,1095013355,False
2020-03-09,2.058,2.069,1.941,1.948,734161638,1471883440,False
2020-03-10,1.948,2.108,1.948,2.102,1073422210,2177137884,False
2020-03-11,2.107,2.117,2.005,2.013,638618559,1319135773,False
2020-03-12,1.966,2.039,1.95,2.014,702357848,1407106895,False
2020-03-13,1.921,2.096,1.92,2.066,1343507627,2720040019,False
2020-03-16,2.072,2.079,1.9,1.913,993749524,1981433735,False
2020-03-17,1.961,1.989,1.856,1.942,976637609,1883970221,False
2020-03-18,1.97,2.03,1.911,1.923,974242776,1926511234,False
2020-03-19,1.947,2.0,1.903,1.991,1214765781,2369853066,False
2020-03-20,2.019,2.02,1.925,1.96,948646403,1865114426,False
2020-03-23,1.897,1.902,1.766,1.792,901936051,1661273482,False
2020-03-24,1.837,1.84,1.708,1.798,903222912,1612339314,False
2020-03-25,1.84,1.875,1.817,1.836,855481187,1580755727,False
2020-03-26,1.807,1.855,1.791,1.794,580503058,1056930200,False
2020-03-27,1.825,1.83,1.77,1.772,492692357,888325930,False
2020-03-30,1.72,1.753,1.669,1.722,751072699,1285439125,False
2020-03-31,1.755,1.774,1.709,1.716,410667609,713995475,False
2020-04-01,1.704,1.783,1.701,1.74,604723706,1062691668,False
2020-04-02,1.736,1.869,1.731,1.866,800560813,1445280240,False
2020-04-03,1.848,1.866,1.821,1.833,614241906,1131552510,False
2020-04-07,1.888,1.9,1.873,1.884,485830797,916025519,False
2020-04-08,1.869,1.92,1.861,1.903,494286185,938103554,False
2020-04-09,1.919,1.919,1.869,1.883,375554730,708179006,False
2020-04-10,1.876,1.877,1.785,1.792,524249611,952090061,False
2020-04-13,1.759,1.774,1.728,1.746,363984182,637109839,False
2020-04-14,1.762,1.807,1.757,1.803,391242117,695807856,False
2020-04-15,1.802,1.874,1.791,1.819,651462141,1196568188,False
2020-04-16,1.794,1.864,1.788,1.85,486974202,893427517,False
2020-04-17,1.882,1.948,1.882,1.897,718832720,1378495887,False
2020-04-20,1.9,1.923,1.879,1.921,355061016,675813723,False
2020-04-21,1.9,1.9,1.848,1.875,484381989,907662179,False
2020-04-22,1.845,1.894,1.844,1.892,381898618,717180388,False
2020-04-23,1.887,1.895,1.858,1.859,343248919,643010228,False
2020-04-24,1.854,1.881,1.808,1.818,321651505,590326070,False
2020-04-27,1.818,1.821,1.768,1.796,360316455,646285427,False
2020-04-28,1.797,1.874,1.749,1.857,711374716,1300901344,False
2020-04-29,1.843,1.867,1.836,1.849,330594193,612137423,False
2020-04-30,1.88,1.993,1.874,1.979,851992245,1660250022,False
2020-05-06,1.979,2.088,1.97,2.086,932301876,1903711112,False
2020-05-07,2.1,2.113,2.052,2.067,622218026,1290576141,False
2020-05-08,2.082,2.121,2.061,2.074,589597294,1229834088,False
2020-05-11,2.079,2.108,2.036,2.06,555970298,1151836789,False
2020-05-12,2.056,2.1,2.012,2.096,624435906,1286191736,False
2020-05-13,2.081,2.118,2.075,2.099,497501121,1043023438,False
2020-05-14,2.088,2.136,2.085,2.097,588845827,1243252976,False
2020-05-15,2.112,2.215,2.098,2.179,837897222,1813838829,False
2020-05-18,2.232,2.245,2.083,2.091,953097390,2053985596,False
2020-05-19,2.11,2.206,2.091,2.205,780574582,1681546306,False
2020-05-20,2.185,2.218,2.13,2.157,668231581,1449433719,False
2020-05-21,2.149,2.171,2.063,2.071,741350381,1562919857,False
2020-05-22,2.06,2.085,1.999,2.039,705367740,1440923532,False
2020-05-25,2.02,2.038,1.984,2.003,488720132,981178011,False
2020-05-26,2.017,2.057,2.017,2.054,449592376,918671200,False
2020-05-27,2.047,2.052,1.99,1.998,480444519,966630968,False
2020-05-28,1.987,2.006,1.931,1.977,575229805,1129521455,False
2020-05-29,1.96,2.002,1.952,1.975,324794569,642875788,False
2020-06-01,2.01,2.085,1.999,2.072,596478182,1223626623,False
2020-06-02,2.081,2.107,2.062,2.095,454440912,946046227,False
2020-06-03,2.098,2.141,2.066,2.088,497536633,1046075148,False
2020-06-04,2.092,2.102,2.065,2.067,290997145,604565052,False
2020-06-05,2.085,2.13,2.081,2.111,449029389,945728589,False
2020-06-08,2.132,2.14,2.083,2.085,448636306,947145698,False
2020-06-09,2.08,2.113,2.065,2.108,285506104,598449606,False
2020-06-10,2.097,2.101,2.067,2.091,344657047,718418878,False
2020-06-11,2.092,2.13,2.069,2.077,355105375,744205161,False
2020-06-12,2.035,2.088,2.015,2.069,417254564,857655993,False
2020-06-15,2.038,2.057,2.018,2.019,311338519,634290517,False
2020-06-16,2.045,2.067,2.035,2.053,242071313,496423250,False
2020-06-17,2.055,2.057,2.017,2.036,227771973,462364225,False
2020-06-18,2.035,2.081,2.028,2.075,321010059,661909998,False
2020-06-19,2.082,2.114,2.059,2.101,404088471,844367539,False
2020-06-22,2.121,2.202,2.121,2.193,592533293,1288961348,False
2020-06-23,2.188,2.207,2.155,2.196,383052359,835388022,False
2020-06-24,2.195,2.255,2.191,2.233,436554594,972179660,False
2020-06-29,2.219,2.243,2.188,2.203,366319208,809050683,False
2020-06-30,2.223,2.259,2.209,2.246,370226768,827204412,False
2020-07-01,2.25,2.316,2.225,2.273,537733525,1221893242,False
2020-07-02,2.281,2.342,2.258,2.325,425111667,983516850,False
2020-07-03,2.338,2.352,2.28,2.351,516762449,1202500269,False
2020-07-06,2.39,2.586,2.39,2.586,677208073,1692869573,False
2020-07-07,2.72,2.75,2.57,2.573,890906164,2384150825,False
2020-07-08,2.565,2.666,2.528,2.662,640740693,1666728392,False
2020-07-09,2.654,2.777,2.63,2.743,676115739,1843471424,False
2020-07-10,2.71,2.811,2.685,2.78,683508962,1887005453,False
2020-07-13,2.777,2.903,2.763,2.891,587843812,1655111839,False
2020-07-14,2.88,2.896,2.751,2.852,831002252,2353672729,False
2020-07-15,2.852,2.852,2.692,2.701,980753290,2703683697,False
2020-07-16,2.665,2.69,2.446,2.468,894939357,2299360981,False
2020-07-17,2.448,2.503,2.399,2.426,851723209,2082775735,False
2020-07-20,2.463,2.53,2.403,2.528,512105119,1264980655,False
2020-07-21,2.527,2.565,2.487,2.509,419169370,1058164108,False
2020-07-22,2.514,2.592,2.499,2.539,473508647,1208439330,False
2020-07-23,2.499,2.536,2.448,2.534,504291583,1261804337,False
2020-07-24,2.504,2.543,2.372,2.376,503575108,1238561008,False
2020-07-27,2.395,2.454,2.376,2.407,346309163,837663431,False
2020-07-28,2.44,2.454,2.377,2.411,235722210,568147197,False
2020-07-29,2.399,2.524,2.39,2.517,432081385,1070025338,False
2020-07-30,2.53,2.538,2.471,2.49,320577225,799114152,False
2020-07-31,2.48,2.569,2.48,2.558,473312698,1198158616,False
2020-08-03,2.605,2.673,2.594,2.672,377170615,995569386,False
2020-08-04,2.676,2.681,2.591,2.604,391899030,1029278790,False
2020-08-05,2.78,2.78,2.632,2.649,717568010,1924110937,False
2020-08-06,2.617,2.693,2.59,2.667,568127830,1506769699,False
2020-08-07,2.64,2.652,2.522,2.59,596830661,1542197125,False
2020-08-10,2.554,2.616,2.539,2.579,372954066,961337727,False
2020-08-11,2.57,2.598,2.521,2.526,325051470,835352596,False
2020-08-12,2.52,2.533,2.432,2.51,398555759,985825875,False
2020-08-13,2.525,2.537,2.496,2.5,240392118,604550499,False
2020-08-14,2.493,2.54,2.486,2.539,195994184,493960959,False
2020-08-17,2.539,2.587,2.522,2.585,309969851,792085130,False
2020-08-18,2.586,2.589,2.556,2.568,215037451,553072821,False
2020-08-19,2.56,2.56,2.468,2.479,255474512,641615506,False
2020-08-20,2.444,2.487,2.42,2.434,221540691,542359482,False
2020-08-21,2.451,2.469,2.393,2.425,238471460,580581724,False
2020-08-24,2.424,2.466,2.371,2.443,250453980,608400307,False
2020-08-25,2.44,2.457,2.407,2.412,170860716,414941116,False
2020-08-26,2.412,2.412,2.31,2.314,362400594,850562865,False
2020-08-27,2.312,2.399,2.289,2.379,339578398,800757929,False
2020-08-28,2.365,2.41,2.352,2.403,192419774,457668061,False
2020-08-31,2.416,2.437,2.38,2.381,207213841,499673933,False
2020-09-01,2.37,2.386,2.348,2.384,127397004,301999161,False
2020-09-02,2.38,2.383,2.338,2.349,153706784,361747886,False
2020-09-03,2.345,2.37,2.316,2.356,203473888,477165503,False
2020-09-04,2.335,2.423,2.328,2.394,417450890,998551252,False
2020-09-07,2.392,2.404,2.298,2.312,299038348,704681869,False
2020-09-08,2.305,2.314,2.245,2.271,248271003,565733226,False
2020-09-10,2.271,2.271,2.271,2.271,478943842,519889280,False
2020-09-11,1.065,1.106,1.063,1.102,597378454,650052285,False
2020-09-14,1.11,1.133,1.106,1.116,512868543,573445728,False
2020-09-15,1.112,1.138,1.098,1.124,514620484,575880784,False
2020-09-16,1.118,1.134,1.112,1.117,361324787,405912140,False
2020-09-17,1.111,1.157,1.103,1.144,744377354,844460349,False
2020-09-18,1.142,1.159,1.136,1.158,504846212,579133766,False
2020-09-21,1.16,1.176,1.15,1.152,561243247,653363691,False
2020-09-22,1.14,1.149,1.125,1.129,379538477,432206691,False
2020-09-23,1.135,1.152,1.126,1.145,548530277,626322036,False
2020-09-24,1.135,1.139,1.12,1.121,390443002,440903965,False
2020-09-25,1.124,1.129,1.103,1.107,332127439,369413863,False
2020-09-28,1.102,1.109,1.091,1.093,308429300,338665011,False
2020-09-29,1.1,1.122,1.098,1.112,481302837,536000701,False
2020-09-30,1.115,1.122,1.104,1.107,339101895,377592222,False
2020-10-09,1.13,1.146,1.128,1.141,365240162,415448420,False
2020-10-12,1.15,1.198,1.15,1.197,754572237,888040696,False
2020-10-13,1.194,1.2,1.178,1.197,544710094,647509762,False
2020-10-14,1.19,1.191,1.171,1.173,383894822,452042911,False
2020-10-15,1.174,1.19,1.166,1.168,386645488,456006043,False
2020-10-16,1.17,1.175,1.149,1.157,344431732,399211750,False
2020-10-19,1.164,1.167,1.142,1.144,376348255,433753794,False
2020-10-20,1.14,1.155,1.132,1.154,290721266,332585571,False
2020-10-21,1.155,1.155,1.113,1.119,578364956,650542838,False
2020-10-22,1.111,1.129,1.102,1.118,379982773,425113563,False
2020-10-23,1.118,1.128,1.088,1.093,496965866,549273656,False
2020-10-26,1.084,1.1,1.073,1.093,393512997,428399647,False
2020-10-27,1.083,1.104,1.083,1.101,299750070,328461741,False
2020-10-28,1.099,1.109,1.084,1.105,334350028,367382509,False
2020-10-29,1.088,1.108,1.085,1.102,343157560,376937362,False
2020-10-30,1.105,1.149,1.105,1.12,950502162,1072277392,False
2020-11-02,1.128,1.147,1.111,1.144,636190602,719418022,False
2020-11-03,1.151,1.174,1.142,1.166,653901422,759665733,False
2020-11-04,1.165,1.172,1.149,1.155,446834221,518175909,False
2020-11-05,1.175,1.183,1.153,1.168,535398844,624030088,False
2020-11-06,1.168,1.188,1.154,1.188,707724740,829488440,False
2020-11-09,1.206,1.298,1.206,1.284,1602104024,2021364096,False
2020-11-10,1.273,1.278,1.241,1.247,987755187,1242955025,False
2020-11-11,1.231,1.244,1.181,1.185,1175094234,1412732517,False
2020-11-12,1.198,1.205,1.172,1.182,568439212,674540198,False
2020-11-13,1.173,1.201,1.164,1.187,749774692,886684934,False
2020-11-16,1.187,1.188,1.167,1.177,450316576,528815384,False
2020-11-17,1.171,1.187,1.135,1.185,1147315565,1329365602,False
2020-11-18,1.175,1.191,1.165,1.177,797182928,939627730,False
2020-11-19,1.167,1.2,1.162,1.186,708288629,841641613,False
2020-11-20,1.185,1.2,1.18,1.185,405262383,480774424,False
2020-11-23,1.18,1.199,1.167,1.189,642097309,760697641,False
2020-11-24,1.191,1.219,1.189,1.199,796184793,959463004,False
2020-11-25,1.198,1.214,1.191,1.199,741172108,891043905,False
2020-11-26,1.198,1.208,1.182,1.186,488980008,584414241,False
2020-11-27,1.18,1.198,1.171,1.19,458373999,543308048,False
2020-11-30,1.191,1.212,1.176,1.199,762023182,912470295,False
2020-12-01,1.193,1.21,1.19,1.208,608738061,729570671,False
2020-12-02,1.211,1.236,1.21,1.231,951862491,1166716376,False
2020-12-03,1.23,1.239,1.216,1.217,645189920,790931659,False
2020-12-04,1.213,1.231,1.21,1.224,448642249,548039993,False
2020-12-07,1.25,1.258,1.228,1.23,622174569,773275329,False
2020-12-08,1.23,1.238,1.226,1.231,390693479,481091583,False
2020-12-09,1.228,1.228,1.193,1.195,575528149,697307290,False
2020-12-10,1.19,1.214,1.188,1.202,623254465,749203720,False
2020-12-11,1.201,1.206,1.171,1.182,484237133,573045923,False
2020-12-14,1.185,1.203,1.182,1.201,447584373,534593569,False
2020-12-15,1.197,1.214,1.183,1.19,378406214,453039732,False
2020-12-16,1.185,1.188,1.171,1.172,394384776,463393730,False
2020-12-17,1.168,1.18,1.156,1.18,384408280,450041157,False
2020-12-18,1.196,1.198,1.169,1.17,445379082,525983177,False
2020-12-21,1.163,1.21,1.159,1.198,637585657,760441755,False
2020-12-22,1.189,1.196,1.156,1.158,554809572,651543899,False
2020-12-23,1.156,1.192,1.156,1.187,626670690,737437039,False
2020-12-24,1.185,1.203,1.176,1.183,376026571,447010226,False
2020-12-25,1.178,1.18,1.162,1.172,362184835,423908405,False
2020-12-28,1.169,1.169,1.151,1.152,379709678,439943894,False
2020-12-29,1.152,1.178,1.15,1.156,380622339,443439614,False
2020-12-30,1.152,1.175,1.147,1.169,462583319,537549831,False
2020-12-31,1.176,1.195,1.172,1.191,620540834,734671091,False
2021-01-04,1.191,1.222,1.184,1.217,690377344,833992616,False
2021-01-05,1.21,1.27,1.205,1.269,1014006592,1263421319,False
2021-01-06,1.276,1.291,1.244,1.252,644192773,811411882,False
2021-01-07,1.245,1.255,1.23,1.254,523577557,650692525,False
2021-01-08,1.254,1.258,1.233,1.252,394372240,491283607,False
2021-01-11,1.266,1.307,1.256,1.271,784972019,1010657290,False
2021-01-12,1.268,1.3,1.26,1.299,502745310,645029919,False
2021-01-13,1.305,1.331,1.298,1.325,656257358,862658284,False
2021-01-14,1.331,1.365,1.303,1.327,838959013,1124260004,False
2021-01-15,1.327,1.346,1.288,1.302,622127584,818673130,False
2021-01-18,1.304,1.389,1.299,1.376,952063442,1292995153,False
2021-01-19,1.379,1.384,1.344,1.353,633555493,864375617,False
2021-01-20,1.362,1.37,1.337,1.364,575171874,779043665,False
2021-01-21,1.365,1.373,1.347,1.363,535157356,729085201,False
2021-01-22,1.364,1.371,1.315,1.346,719101528,962743186,False
2021-01-25,1.318,1.355,1.309,1.337,758340320,1010917970,False
2021-01-26,1.334,1.347,1.3,1.311,604669035,797691805,False
2021-01-27,1.31,1.323,1.282,1.308,371400590,483958181,False
2021-01-28,1.288,1.304,1.254,1.257,420146997,535314382,False
2021-01-29,1.268,1.274,1.213,1.23,441830339,547875536,False
2021-02-01,1.229,1.245,1.226,1.244,280132848,345888090,False
2021-02-02,1.246,1.255,1.233,1.255,253745127,316365084,False
2021-02-03,1.255,1.256,1.206,1.207,391946001,480314272,False
2021-02-04,1.196,1.215,1.155,1.206,549728324,650390333,False
2021-02-05,1.206,1.21,1.172,1.175,349431769,416693106,False
2021-02-08,1.177,1.22,1.177,1.212,363355271,437780588,False
2021-02-09,1.213,1.233,1.206,1.232,312670012,382309098,False
2021-02-10,1.232,1.239,1.213,1.237,317846431,391128025,False
2021-02-18,1.266,1.286,1.245,1.265,517281677,656285526,False
2021-02-19,1.251,1.259,1.226,1.256,408762506,507534821,False
2021-02-22,1.26,1.266,1.224,1.225,388811163,484896430,False
2021-02-23,1.215,1.228,1.199,1.216,279677607,339695501,False
2021-02-24,1.222,1.254,1.209,1.221,491079723,605470759,False
2021-02-25,1.23,1.232,1.205,1.208,274307400,333235120,False
2021-02-26,1.183,1.203,1.178,1.182,309111683,366905179,False
2021-03-01,1.193,1.229,1.19,1.227,340685211,412481294,False
2021-03-02,1.235,1.243,1.216,1.23,367189361,452547087,False
2021-03-03,1.227,1.236,1.208,1.235,257425158,314350994,False
2021-03-04,1.23,1.242,1.189,1.195,470357539,569080943,False
2021-03-05,1.17,1.192,1.17,1.184,296245254,349772598,False
2021-03-08,1.192,1.195,1.13,1.134,414123235,480886246,False
2021-03-09,1.128,1.132,1.07,1.074,429800318,471376886,False
2021-03-10,1.095,1.099,1.071,1.072,252269538,273083906,False
2021-03-11,1.071,1.117,1.065,1.105,426564450,467323182,False
2021-03-12,1.111,1.111,1.079,1.088,230997760,251690783,False
2021-03-15,1.077,1.077,1.039,1.045,325532089,343304624,False
2021-03-16,1.048,1.055,1.025,1.038,224267005,233304300,False
2021-03-17,1.037,1.067,1.035,1.064,286529186,303157855,False
2021-03-18,1.068,1.072,1.059,1.066,177573900,189129644,False
2021-03-19,1.049,1.072,1.044,1.06,222063608,235438911,False
2021-03-22,1.055,1.066,1.05,1.063,146417708,154999718,False
2021-03-23,1.069,1.086,1.06,1.065,213968609,229267917,False
2021-03-24,1.059,1.06,1.039,1.041,200128562,209303839,False
2021-03-25,1.033,1.055,1.03,1.046,200070345,209596527,False
2021-03-26,1.051,1.07,1.046,1.067,215580413,228537871,False
2021-03-29,1.071,1.089,1.067,1.071,215775431,232480503,False
2021-03-30,1.07,1.082,1.067,1.075,151550727,162788496,False
2021-03-31,1.074,1.074,1.056,1.07,145040236,154422412,False
2021-04-01,1.072,1.113,1.071,1.11,404543058,446212450,False
2021-04-02,1.12,1.166,1.12,1.164,554972772,639947191,False
2021-04-06,1.176,1.179,1.147,1.159,248766552,287867856,False
2021-04-07,1.154,1.162,1.137,1.161,253360100,291212767,False
2021-04-08,1.153,1.173,1.147,1.157,223121700,259217812,False
2021-04-09,1.157,1.169,1.145,1.149,194318420,224137379,False
2021-04-12,1.15,1.171,1.12,1.128,255565585,292488081,False
2021-04-13,1.12,1.14,1.117,1.122,180258918,203016614,False
2021-04-14,1.123,1.131,1.119,1.128,160659807,180695061,False
2021-04-15,1.128,1.128,1.102,1.127,194570644,216723040,False
2021-04-16,1.125,1.129,1.108,1.12,179748311,201020621,False
2021-04-19,1.113,1.15,1.106,1.148,255557659,289492886,False
2021-04-20,1.138,1.146,1.133,1.135,170773008,194599480,False
2021-04-21,1.127,1.143,1.123,1.137,153343637,173887786,False
2021-04-22,1.137,1.156,1.135,1.149,222197934,255087866,False
2021-04-23,1.148,1.16,1.144,1.154,180655187,208342128,False
2021-04-26,1.159,1.184,1.152,1.153,326060809,380995708,False
2021-04-27,1.15,1.161,1.135,1.144,182933700,209405319,False
2021-04-28,1.141,1.166,1.13,1.166,210276169,241958003,False
2021-04-29,1.166,1.186,1.163,1.168,211650200,248583352,False
2021-04-30,1.166,1.178,1.159,1.165,189623212,221341616,False
2021-05-06,1.16,1.171,1.148,1.153,168583776,195141859,False
2021-05-07,1.154,1.166,1.102,1.103,339745319,384013237,False
2021-05-10,1.1,1.1,1.081,1.086,184093628,200435238,False
2021-05-11,1.08,1.095,1.063,1.095,219842070,237506877,False
2021-05-12,1.09,1.111,1.075,1.111,202560500,221429792,False
2021-05-13,1.095,1.12,1.091,1.105,184780334,204652143,False
2021-05-14,1.113,1.134,1.099,1.13,382891801,430003644,False
2021-05-17,1.132,1.156,1.132,1.141,239843626,275379223,False
2021-05-18,1.132,1.141,1.13,1.135,119688192,135814137,False
2021-05-19,1.134,1.153,1.131,1.152,196573454,225274566,False
2021-05-20,1.148,1.156,1.142,1.149,201489437,231805800,False
2021-05-21,1.151,1.16,1.137,1.138,136550900,156486208,False
2021-05-24,1.137,1.152,1.121,1.151,172319935,196183686,False
2021-05-25,1.152,1.188,1.15,1.184,359086618,422036147,False
2021-05-26,1.185,1.193,1.173,1.174,187103255,221097676,False
2021-05-27,1.172,1.236,1.171,1.223,511500765,621671708,False
2021-05-28,1.222,1.229,1.204,1.214,265993540,323497206,False
2021-05-31,1.217,1.244,1.217,1.241,274892852,339705488,False
2021-06-01,1.24,1.271,1.226,1.255,334018245,419754734,False
2021-06-02,1.258,1.261,1.228,1.237,360591094,447410545,False
2021-06-03,1.236,1.241,1.216,1.222,234072833,287649035,False
2021-06-04,1.215,1.263,1.212,1.251,332990402,414266214,False
2021-06-07,1.276,1.297,1.268,1.278,379691641,486754824,False
2021-06-08,1.285,1.287,1.258,1.269,269305427,342492064,False
2021-06-09,1.265,1.288,1.265,1.282,298236423,380888521,False
2021-06-10,1.28,1.302,1.276,1.299,283724061,366445662,False
2021-06-11,1.299,1.3,1.272,1.273,238409969,305861957,False
2021-06-15,1.271,1.314,1.27,1.296,382569726,496803499,False
2021-06-16,1.299,1.326,1.258,1.26,403249607,519438346,False
2021-06-17,1.258,1.38,1.258,1.369,832409996,1111886387,False
2021-06-18,1.375,1.396,1.355,1.384,591388469,815620745,False
2021-06-21,1.379,1.401,1.358,1.39,384220842,531951921,False
2021-06-22,1.391,1.399,1.358,1.384,340977969,469719012,False
2021-06-23,1.384,1.468,1.382,1.447,597604309,860374814,False
2021-06-24,1.441,1.45,1.41,1.419,340876484,486068202,False
2021-06-25,1.42,1.44,1.396,1.439,430686269,611921602,False
2021-06-28,1.435,1.484,1.432,1.462,351286605,512613961,False
2021-06-29,1.459,1.464,1.421,1.445,398643086,575078102,False
2021-06-30,1.458,1.53,1.457,1.515,667587906,1003496078,False
2021-07-01,1.515,1.518,1.471,1.474,554948615,829082836,False
2021-07-02,1.462,1.477,1.434,1.446,444995388,647554203,False
2021-07-05,1.464,1.519,1.464,1.518,488789115,731195577,False
2021-07-06,1.523,1.546,1.451,1.49,537413221,806935211,False
2021-07-07,1.462,1.531,1.439,1.523,519669872,775182367,False
2021-07-08,1.521,1.585,1.521,1.575,500808539,782548385,False
2021-07-09,1.56,1.574,1.513,1.56,525132750,809774542,False
2021-07-12,1.566,1.594,1.53,1.576,646482843,1009627032,False
2021-07-13,1.574,1.574,1.481,1.497,786801278,1189354227,False
2021-07-14,1.485,1.511,1.472,1.48,488333629,727727015,False
2021-07-15,1.469,1.493,1.455,1.488,490921690,725125800,False
2021-07-16,1.485,1.522,1.462,1.464,453824684,677904853,False
2021-07-19,1.442,1.48,1.437,1.465,316993568,463464948,False
2021-07-20,1.45,1.505,1.45,1.503,497209984,737454989,False
2021-07-21,1.509,1.586,1.503,1.563,665145107,1036039255,False
2021-07-22,1.57,1.628,1.546,1.615,603148325,957721621,False
2021-07-23,1.615,1.635,1.597,1.62,389912122,630990192,False
2021-07-26,1.62,1.66,1.573,1.651,690449772,1124561970,False
2021-07-27,1.652,1.79,1.635,1.65,909465759,1546260628,False
2021-07-28,1.615,1.666,1.537,1.607,847654630,1365326248,False
2021-07-29,1.65,1.742,1.62,1.733,653778514,1100275394,False
2021-07-30,1.721,1.782,1.699,1.758,600626353,1047607206,False
2021-08-02,1.753,1.764,1.671,1.718,625998475,1072371796,False
2021-08-03,1.688,1.705,1.591,1.607,865420883,1417317785,False
2021-08-04,1.6,1.685,1.598,1.678,554606887,916019505,False
2021-08-05,1.665,1.7,1.635,1.678,487254573,818822485,False
2021-08-06,1.698,1.713,1.638,1.665,393980931,658194458,False
2021-08-09,1.628,1.635,1.567,1.618,498440635,796954171,False
2021-08-10,1.609,1.624,1.57,1.607,425958790,680151008,False
2021-08-11,1.607,1.626,1.58,1.613,375634094,603598735,False
2021-08-12,1.612,1.672,1.605,1.631,494658558,811424497,False
2021-08-13,1.612,1.614,1.565,1.569,424004396,672875396,False
2021-08-16,1.551,1.611,1.542,1.582,493973660,780678013,False
2021-08-17,1.565,1.591,1.503,1.509,463542136,710673737,False
2021-08-18,1.511,1.535,1.502,1.512,362643339,549342653,False
2021-08-19,1.512,1.56,1.507,1.545,386022498,594030677,False
2021-08-20,1.546,1.588,1.534,1.567,537919364,840223439,False
2021-08-23,1.57,1.612,1.55,1.606,394315040,627694527,False
2021-08-24,1.604,1.65,1.585,1.635,360608236,586572508,False
2021-08-25,1.64,1.659,1.6,1.623,333318334,539157867,False
2021-08-26,1.623,1.635,1.583,1.589,336382223,542158552,False
2021-08-27,1.573,1.604,1.572,1.595,250864619,399522736,False
2021-08-30,1.602,1.635,1.566,1.576,367479577,588024967,False
2021-08-31,1.558,1.561,1.511,1.534,397718322,609021887,False
2021-09-01,1.528,1.534,1.478,1.524,399252156,601804466,False
2021-09-02,1.513,1.519,1.471,1.473,384653290,571425131,False
2021-09-03,1.469,1.5,1.441,1.465,386767449,568951443,False
2021-09-06,1.46,1.501,1.447,1.498,374736185,556572813,False
2021-09-07,1.493,1.513,1.482,1.499,263844900,395249456,False
2021-09-08,1.494,1.53,1.475,1.479,274105900,407540689,False
2021-09-09,1.475,1.48,1.45,1.468,213456562,312490859,False
2021-09-10,1.468,1.545,1.455,1.531,584642665,884875853,False
2021-09-13,1.528,1.528,1.467,1.473,404757542,600832137,False
2021-09-14,1.46,1.505,1.46,1.478,311462800,463240124,False
2021-09-15,1.477,1.487,1.448,1.468,228273767,334791369,False
2021-09-16,1.456,1.465,1.418,1.419,324782134,466476813,False
2021-09-17,1.423,1.443,1.402,1.426,250410534,355497573,False
2021-09-22,1.408,1.452,1.403,1.438,271958100,391041750,False
2021-09-23,1.442,1.489,1.425,1.471,346469842,508004942,False
2021-09-24,1.46,1.48,1.455,1.459,183400678,269036214,False
2021-09-27,1.472,1.488,1.44,1.457,239808142,351373603,False
2021-09-28,1.447,1.495,1.431,1.459,245206954,359690866,False
2021-09-29,1.44,1.454,1.422,1.425,258993536,371603603,False
2021-09-30,1.428,1.451,1.425,1.442,180850100,260642601,False
2021-10-08,1.46,1.478,1.431,1.433,251790884,364474436,False
2021-10-11,1.428,1.448,1.411,1.414,205041915,292680060,False
2021-10-12,1.408,1.417,1.358,1.368,311888305,431127030,False
2021-10-13,1.367,1.403,1.361,1.4,229831989,317856423,False
2021-10-14,1.399,1.412,1.388,1.402,167654454,235356801,False
2021-10-15,1.402,1.458,1.396,1.454,368027357,530041475,False
2021-10-18,1.444,1.445,1.413,1.436,286141754,407602389,False
2021-10-19,1.43,1.447,1.427,1.438,180399359,259141805,False
2021-10-20,1.439,1.45,1.426,1.428,159683815,228997876,False
2021-10-21,1.427,1.43,1.399,1.403,216511215,305225572,False
2021-10-22,1.411,1.456,1.411,1.444,362674535,522500806,False
2021-10-25,1.441,1.458,1.427,1.457,241612506,348633233,False
2021-10-26,1.456,1.47,1.435,1.455,514516949,748756926,False
2021-10-27,1.455,1.457,1.429,1.436,244712241,352143784,False
2021-10-28,1.44,1.459,1.427,1.435,243592100,352245427,False
2021-10-29,1.435,1.481,1.432,1.468,341941264,500024603,False
2021-11-01,1.471,1.491,1.461,1.485,290914225,431042945,False
2021-11-02,1.487,1.54,1.487,1.525,523827427,799108046,False
2021-11-03,1.531,1.544,1.496,1.511,307110328,465050970,False
2021-11-04,1.518,1.546,1.515,1.53,378153685,578506300,False
2021-11-05,1.552,1.57,1.533,1.534,300428615,465056774,False
2021-11-08,1.528,1.529,1.484,1.511,307134181,460935470,False
2021-11-09,1.507,1.555,1.498,1.55,315921745,482551635,False
2021-11-10,1.535,1.561,1.526,1.56,322070439,498104052,False
2021-11-11,1.544,1.626,1.543,1.602,466214157,741142730,False
2021-11-12,1.586,1.604,1.581,1.597,273533400,435437327,False
2021-11-15,1.594,1.607,1.566,1.569,310266803,490782793,False
2021-11-16,1.56,1.583,1.54,1.543,394608465,614120069,False
2021-11-17,1.546,1.553,1.526,1.552,223743038,344917826,False
2021-11-18,1.547,1.559,1.531,1.536,200081319,308223740,False
2021-11-19,1.537,1.55,1.526,1.544,224619719,345513506,False
2021-11-22,1.546,1.622,1.542,1.62,530759867,847129489,False
2021-11-23,1.619,1.632,1.607,1.609,256348575,414865775,False
2021-11-24,1.603,1.636,1.602,1.605,260970818,422870306,False
2021-11-25,1.599,1.635,1.592,1.613,339242682,547453482,False
2021-11-26,1.601,1.604,1.564,1.57,360926416,569269949,False
2021-11-29,1.548,1.581,1.542,1.577,421554178,663371266,False
2021-11-30,1.587,1.61,1.583,1.597,271812757,433919847,False
2021-12-01,1.591,1.622,1.584,1.593,191700842,307023611,False
2021-12-02,1.59,1.61,1.588,1.592,179111600,286009117,False
2021-12-03,1.594,1.65,1.594,1.631,441698468,719969509,False
2021-12-06,1.631,1.635,1.594,1.601,214640964,346293397,False
2021-12-07,1.604,1.612,1.546,1.56,469826752,734418008,False
2021-12-08,1.562,1.599,1.561,1.598,321240990,510139298,False
2021-12-09,1.6,1.61,1.59,1.603,220882224,353848472,False
2021-12-10,1.6,1.604,1.58,1.595,167354601,266238832,False
2021-12-13,1.594,1.607,1.578,1.602,187622626,299175111,False
2021-12-14,1.592,1.602,1.584,1.592,182755943,291048973,False
2021-12-15,1.59,1.6,1.57,1.572,147360657,233276081,False
2021-12-16,1.58,1.587,1.563,1.569,178239657,280093629,False
2021-12-17,1.559,1.56,1.521,1.521,357267856,547426640,False
2021-12-20,1.514,1.531,1.491,1.494,400344459,601889354,False
2021-12-21,1.495,1.509,1.484,1.505,184271712,275643026,False
2021-12-22,1.514,1.543,1.512,1.521,257924604,393769026,False
2021-12-23,1.522,1.533,1.514,1.524,141370300,215497716,False
2021-12-24,1.525,1.543,1.515,1.522,179444600,273917632,False
2021-12-27,1.517,1.53,1.507,1.513,125370359,190220180,False
2021-12-28,1.522,1.529,1.504,1.522,120922767,183184058,False
2021-12-29,1.518,1.523,1.49,1.499,186117860,279841460,False
2021-12-30,1.499,1.547,1.497,1.537,269007137,411936847,False
2021-12-31,1.535,1.537,1.519,1.536,138203492,211259938,False
2022-01-04,1.539,1.542,1.489,1.504,238557704,358789646,False
2022-01-05,1.5,1.504,1.434,1.442,298382201,433838415,False
2022-01-06,1.432,1.444,1.41,1.433,195157917,278759413,False
2022-01-07,1.434,1.453,1.413,1.418,209206484,298863066,False
2022-01-10,1.409,1.413,1.38,1.401,210622601,294389550,False
2022-01-11,1.396,1.399,1.368,1.37,196299306,271241739,False
2022-01-12,1.377,1.4,1.371,1.393,166765341,230817958,False
2022-01-13,1.393,1.395,1.366,1.367,215650901,296478514,False
2022-01-14,1.356,1.403,1.355,1.389,217761360,302625474,False
2022-01-17,1.39,1.425,1.39,1.421,187087300,264629229,False
2022-01-18,1.419,1.457,1.413,1.433,202071900,290869980,False
2022-01-19,1.426,1.435,1.406,1.412,123862360,175597434,False
2022-01-20,1.411,1.426,1.394,1.395,166625000,234803037,False
2022-01-21,1.39,1.396,1.368,1.37,190198827,262686480,False
2022-01-24,1.368,1.396,1.366,1.394,136016100,188189574,False
2022-01-25,1.385,1.399,1.357,1.358,176710900,243715502,False
2022-01-26,1.357,1.381,1.35,1.37,153275360,209155017,False
2022-01-27,1.366,1.373,1.318,1.321,205426739,275795785,False
2022-01-28,1.325,1.332,1.293,1.294,165447981,216792854,False
2022-02-07,1.315,1.339,1.297,1.302,141534394,186225696,False
2022-02-08,1.3,1.3,1.244,1.264,186833900,236163618,False
2022-02-09,1.26,1.277,1.244,1.276,159946100,201870925,False
2022-02-10,1.281,1.29,1.268,1.276,180339400,230591264,False
2022-02-11,1.27,1.282,1.25,1.257,195734900,248222652,False
2022-02-14,1.244,1.263,1.227,1.243,146192400,181967339,False
2022-02-15,1.247,1.295,1.245,1.293,237121178,302267844,False
2022-02-16,1.299,1.305,1.28,1.284,142703400,184004098,False
2022-02-17,1.276,1.31,1.275,1.294,235324784,304858633,False
2022-02-18,1.281,1.292,1.278,1.284,132531200,170046899,False
2022-02-21,1.281,1.289,1.273,1.276,112962600,144432952,False
2022-02-22,1.271,1.288,1.247,1.283,201848009,256315575,False
2022-02-23,1.282,1.36,1.281,1.36,349368830,466047536,False
2022-02-24,1.36,1.369,1.323,1.347,383094053,515712719,False
2022-02-25,1.37,1.381,1.35,1.356,274165655,374180291,False
2022-02-28,1.356,1.374,1.349,1.364,220694700,300692880,False
2022-03-01,1.363,1.371,1.355,1.366,163609700,222909292,False
2022-03-02,1.357,1.357,1.333,1.344,182256300,244548906,False
2022-03-03,1.352,1.357,1.314,1.315,229841659,305374358,False
2022-03-04,1.302,1.355,1.3,1.327,271120047,361680127,False
2022-03-07,1.316,1.321,1.267,1.271,257438988,331607549,False
2022-03-08,1.271,1.306,1.25,1.274,324571400,416176468,False
2022-03-09,1.285,1.31,1.235,1.295,415966979,533563065,False
2022-03-10,1.33,1.338,1.295,1.297,506186599,663100817,False
2022-03-11,1.272,1.3,1.262,1.3,306756523,393596403,False
2022-03-14,1.28,1.289,1.253,1.255,233758268,297411325,False
2022-03-15,1.234,1.274,1.211,1.212,341588507,422590420,False
2022-03-16,1.235,1.276,1.192,1.274,471391958,581430731,False
2022-03-17,1.297,1.32,1.288,1.293,470561078,613116320,False
2022-03-18,1.286,1.295,1.269,1.282,368054312,471582269,False
2022-03-21,1.282,1.3,1.275,1.293,232740064,299691042,False
2022-03-22,1.283,1.293,1.266,1.272,210550500,269151473,False
2022-03-23,1.275,1.278,1.257,1.27,206496200,261855733,False
2022-03-24,1.258,1.26,1.232,1.236,268367732,333052636,False
2022-03-25,1.246,1.26,1.223,1.223,273760607,339131898,False
2022-03-28,1.207,1.22,1.201,1.208,238689027,288299251,False
2022-03-29,1.208,1.216,1.176,1.178,312473240,372685483,False
2022-03-30,1.185,1.203,1.182,1.201,301632453,360091595,False
2022-03-31,1.196,1.196,1.169,1.174,237204500,279508170,False
2022-04-01,1.161,1.187,1.158,1.173,233775200,274014942,False
2022-04-06,1.169,1.169,1.126,1.138,424720717,483155892,False
2022-04-07,1.127,1.142,1.111,1.111,285847980,320802410,False
2022-04-08,1.113,1.129,1.092,1.113,348751823,387658066,False
2022-04-11,1.099,1.1,1.047,1.051,344186831,368286630,False
2022-04-12,1.045,1.062,1.031,1.06,340097206,357117429,False
2022-04-13,1.052,1.054,1.03,1.031,323170500,337505384,False
2022-04-14,1.039,1.066,1.021,1.058,440222900,459454274,False
2022-04-15,1.037,1.067,1.03,1.056,373325700,393327846,False
2022-04-18,1.05,1.098,1.047,1.097,428009900,462472618,False
2022-04-19,1.093,1.098,1.068,1.07,270842754,292007510,False
2022-04-20,1.071,1.082,1.053,1.058,271919400,290308472,False
2022-04-21,1.05,1.076,1.031,1.035,305145300,322094256,False
2022-04-22,1.025,1.041,1.004,1.008,316556739,322702557,False
2022-04-25,0.986,0.991,0.933,0.934,351567322,340803041,False
2022-04-26,0.934,0.949,0.905,0.907,279132600,259795387,False
2022-04-27,0.892,0.973,0.892,0.966,492245281,458243563,False
2022-04-28,0.958,0.971,0.943,0.957,382204456,365089287,False
2022-04-29,0.97,1.0,0.955,0.993,342370018,333872416,False
2022-05-05,0.988,1.016,0.976,0.999,284099283,284713394,False
2022-05-06,0.968,0.988,0.966,0.972,278240286,271042624,False
2022-05-09,0.964,0.978,0.957,0.964,161481186,156079904,False
2022-05-10,0.949,1.014,0.946,0.997,350720515,348021206,False
2022-05-11,0.998,1.059,0.995,1.035,520206332,539334926,False
2022-05-12,1.028,1.059,1.026,1.046,417628134,435355524,False
2022-05-13,1.051,1.055,1.032,1.043,260831869,271747147,False
2022-05-16,1.05,1.06,1.025,1.028,205447332,213421281,False
2022-05-17,1.026,1.069,1.024,1.068,336135491,354636843,False
2022-05-18,1.07,1.082,1.065,1.072,276098806,296193281,False
2022-05-19,1.051,1.089,1.05,1.087,331570890,356537062,False
2022-05-20,1.087,1.099,1.073,1.092,248542590,270128861,False
2022-05-23,1.095,1.102,1.08,1.1,220150915,240459927,False
2022-05-24,1.095,1.109,1.052,1.054,362700100,392216780,False
2022-05-25,1.05,1.07,1.045,1.054,208317700,219723998,False
2022-05-26,1.054,1.057,1.027,1.046,280986700,293192451,False
2022-05-27,1.054,1.068,1.033,1.04,198833000,209156268,False
2022-05-30,1.045,1.062,1.032,1.054,199969400,209497421,False
2022-05-31,1.049,1.077,1.031,1.077,316458208,333061480,False
2022-06-01,1.07,1.087,1.066,1.075,220036300,236689765,False
2022-06-02,1.071,1.124,1.069,1.122,390552002,430930534,False
2022-06-06,1.123,1.154,1.114,1.153,263029885,299922551,False
2022-06-07,1.15,1.15,1.121,1.131,345390114,391539199,False
2022-06-08,1.125,1.141,1.107,1.126,281469061,316288514,False
2022-06-09,1.12,1.123,1.082,1.088,318008222,349912776,False
2022-06-10,1.076,1.109,1.073,1.108,275629724,301838991,False
2022-06-13,1.093,1.105,1.081,1.094,271343500,296521493,False
2022-06-14,1.081,1.082,1.037,1.069,426681648,451014675,False
2022-06-15,1.068,1.099,1.065,1.081,384973603,418027351,False
2022-06-16,1.081,1.116,1.079,1.099,375507152,414102109,False
2022-06-17,1.086,1.097,1.071,1.095,323956134,352146754,False
2022-06-20,1.1,1.127,1.093,1.11,472578890,524477979,False
2022-06-21,1.109,1.11,1.085,1.096,344338890,377750080,False
2022-06-22,1.097,1.1,1.06,1.061,401774105,432452898,False
2022-06-23,1.061,1.088,1.059,1.087,312990801,336510890,False
2022-06-24,1.088,1.113,1.083,1.104,394253554,433489965,False
2022-06-27,1.108,1.129,1.108,1.117,365584815,409189853,False
2022-06-28,1.118,1.167,1.096,1.166,693354910,783449384,False
2022-06-29,1.16,1.184,1.139,1.142,656586835,765976141,False
2022-06-30,1.144,1.175,1.14,1.167,506664841,586754851,False
2022-07-01,1.167,1.181,1.155,1.168,398935527,465587512,False
2022-07-04,1.143,1.143,1.111,1.126,645186800,723992100,False
2022-07-05,1.12,1.139,1.105,1.123,437270900,491118207,False
2022-07-06,1.121,1.169,1.12,1.141,626723557,719849732,False
2022-07-07,1.14,1.148,1.12,1.136,335415324,379760316,False
2022-07-08,1.143,1.168,1.141,1.146,416591221,480892430,False
2022-07-11,1.135,1.136,1.105,1.112,348585318,389303588,False
2022-07-12,1.112,1.118,1.073,1.074,400847398,436509750,False
2022-07-13,1.074,1.081,1.05,1.061,326301322,346676157,False
2022-07-14,1.057,1.083,1.052,1.072,310862324,333549629,False
2022-07-15,1.07,1.096,1.067,1.071,340062448,367972740,False
2022-07-18,1.069,1.077,1.045,1.071,293990878,311088023,False
2022-07-19,1.07,1.074,1.05,1.061,286903100,304133070,False
2022-07-20,1.069,1.086,1.069,1.076,273431501,295060726,False
2022-07-21,1.073,1.117,1.066,1.097,446125767,492186524,False
2022-07-22,1.105,1.109,1.077,1.085,250970867,273571143,False
2022-07-25,1.08,1.094,1.068,1.071,214969930,231829744,False
2022-07-26,1.068,1.076,1.057,1.075,241081600,257439602,False
2022-07-27,1.074,1.075,1.061,1.065,189203255,202005274,False
2022-07-28,1.074,1.102,1.074,1.091,407994590,444713112,False
2022-07-29,1.088,1.09,1.061,1.061,306243949,328470707,False
2022-08-01,1.051,1.077,1.032,1.077,309308346,327604098,False
2022-08-02,1.061,1.093,1.051,1.07,375483208,403542678,False
2022-08-03,1.075,1.131,1.071,1.109,695117922,766692475,False
2022-08-04,1.113,1.137,1.11,1.128,404568286,454974848,False
2022-08-05,1.132,1.213,1.125,1.21,897031873,1058633327,False
2022-08-08,1.224,1.224,1.183,1.201,626156301,750500908,False
2022-08-09,1.183,1.21,1.161,1.207,779450945,918417109,False
2022-08-10,1.185,1.22,1.179,1.192,631474265,760815314,False
2022-08-11,1.196,1.222,1.196,1.211,526638086,636977644,False
2022-08-12,1.202,1.214,1.182,1.183,335074191,401777867,False
2022-08-15,1.178,1.193,1.172,1.176,284704523,335607807,False
2022-08-16,1.173,1.185,1.16,1.165,377051941,441377574,False
2022-08-17,1.161,1.173,1.151,1.168,354965200,412491334,False
2022-08-18,1.167,1.191,1.157,1.185,546225726,643023688,False
2022-08-19,1.18,1.206,1.153,1.154,379654273,446554524,False
2022-08-22,1.148,1.161,1.136,1.155,280175960,322672109,False
2022-08-23,1.15,1.161,1.142,1.145,211067379,242627739,False
2022-08-24,1.146,1.149,1.091,1.092,541893781,601346396,False
2022-08-25,1.095,1.101,1.072,1.088,318502300,345437266,False
2022-08-26,1.09,1.094,1.067,1.071,415842000,448198025,False
2022-08-29,1.053,1.082,1.051,1.073,275077600,295160137,False
2022-08-30,1.072,1.091,1.07,1.079,278810974,301030769,False
2022-08-31,1.075,1.084,1.056,1.066,326502224,348647716,False
2022-09-01,1.069,1.086,1.052,1.055,341676591,365885116,False
2022-09-02,1.058,1.076,1.052,1.069,302495641,322527876,False
2022-09-05,1.064,1.071,1.043,1.059,313475741,331997172,False
2022-09-06,1.062,1.072,1.055,1.071,297239041,316218834,False
2022-09-07,1.075,1.108,1.073,1.095,448103397,490160103,False
2022-09-08,1.093,1.098,1.084,1.084,209872000,228534991,False
2022-09-09,1.086,1.088,1.068,1.08,234492600,252096148,False
2022-09-13,1.082,1.098,1.076,1.079,203439600,220636230,False
2022-09-14,1.063,1.085,1.06,1.082,269418034,289066693,False
2022-09-15,1.084,1.086,1.033,1.046,428890900,452067478,False
2022-09-16,1.04,1.06,1.035,1.036,347490900,364542202,False
2022-09-19,1.034,1.048,1.012,1.015,255579408,262695940,False
2022-09-20,1.019,1.025,1.003,1.01,254168400,257122057,False
2022-09-21,1.005,1.007,0.985,0.99,307952517,305533740,False
2022-09-22,0.983,0.997,0.979,0.984,206273500,203863305,False
2022-09-23,0.984,0.989,0.954,0.959,293094982,283477416,False
2022-09-26,0.952,0.974,0.95,0.961,246034101,236957166,False
2022-09-27,0.963,0.981,0.959,0.98,240453746,233805884,False
2022-09-28,0.978,0.978,0.952,0.953,224410846,216472881,False
2022-09-29,0.962,0.97,0.949,0.955,194515616,186412116,False
2022-09-30,0.95,0.957,0.929,0.931,216667860,204464623,False
2022-10-10,0.924,0.924,0.861,0.864,434831962,384399800,False
2022-10-11,0.86,0.866,0.848,0.854,284608400,243383617,False
2022-10-12,0.85,0.887,0.841,0.885,417885339,359134553,False
2022-10-13,0.88,0.898,0.873,0.882,300187400,266661686,False
2022-10-14,0.894,0.908,0.88,0.905,366125465,328416779,False
2022-10-17,0.898,0.929,0.892,0.926,365803917,335216544,False
2022-10-18,0.93,0.932,0.911,0.918,217044271,199248280,False
2022-10-19,0.914,0.926,0.91,0.911,227420900,208388988,False
2022-10-20,0.905,0.964,0.903,0.954,575647578,539064936,False
2022-10-21,0.942,0.952,0.925,0.94,448060145,419337762,False
2022-10-24,0.936,0.966,0.931,0.937,381800959,363388063,False
2022-10-25,0.93,0.949,0.922,0.933,301003600,281535694,False
2022-10-26,0.931,0.969,0.923,0.963,354824200,337736824,False
2022-10-27,0.959,0.985,0.951,0.965,338418301,326786368,False
2022-10-28,0.956,0.988,0.945,0.949,416348426,403410724,False
2022-10-31,0.944,0.977,0.936,0.969,373074169,360606032,False
2022-11-01,0.969,0.984,0.959,0.98,341989197,332157224,False
2022-11-02,0.978,0.997,0.972,0.985,332824518,328590589,False
2022-11-03,0.975,1.019,0.971,1.016,388326037,389667729,False
2022-11-04,1.013,1.031,1.005,1.028,388413562,395046602,False
2022-11-07,1.026,1.037,1.01,1.014,329099853,336245529,False
2022-11-08,1.015,1.02,0.993,0.999,365779070,365881176,False
2022-11-09,1.0,1.006,0.99,0.992,228014419,227318349,False
2022-11-10,0.983,0.996,0.962,0.964,358869200,350180664,False
2022-11-11,0.999,1.013,0.973,0.974,426703601,423307584,False
2022-11-14,0.976,0.998,0.966,0.984,338361834,333087087,False
2022-11-15,0.979,1.049,0.979,1.048,725401636,741470257,False
2022-11-16,1.048,1.05,1.027,1.033,422053060,438009871,False
2022-11-17,1.025,1.055,1.003,1.05,585862796,600561615,False
2022-11-18,1.04,1.058,1.019,1.023,482845752,500540412,False
2022-11-21,1.013,1.028,1.006,1.015,342382600,347104848,False
2022-11-22,1.014,1.028,1.0,1.004,318109100,322433240,False
2022-11-23,1.002,1.009,0.979,0.999,304561900,302750286,False
2022-11-24,1.0,1.007,0.986,0.988,254501000,252754703,False
2022-11-25,0.987,1.007,0.98,0.982,311095200,308163204,False
2022-11-28,0.964,0.975,0.958,0.968,362812342,350818177,False
2022-11-29,0.968,0.989,0.962,0.984,360369901,351788591,False
2022-11-30,0.984,0.99,0.972,0.979,295807251,289729904,False
2022-12-01,0.995,1.007,0.99,0.992,405455324,404952710,False
2022-12-02,0.987,1.0,0.985,0.985,259972524,257679873,False
2022-12-05,0.992,0.996,0.98,0.993,329094736,325257806,False
2022-12-06,0.991,1.023,0.989,1.012,544837940,549735693,False
2022-12-07,1.008,1.009,1.0,1.002,308349565,309664724,False
2022-12-08,1.003,1.004,0.986,0.987,308759152,306505901,False
2022-12-09,0.988,1.006,0.988,0.997,682432694,681276401,False
2022-12-12,0.998,1.027,0.99,1.018,487969730,493439702,False
2022-12-13,1.012,1.015,1.0,1.002,306203363,308044317,False
2022-12-14,1.036,1.04,0.999,1.001,618021958,628439298,False
2022-12-15,0.996,1.026,0.99,1.015,497573160,505218977,False
2022-12-16,1.006,1.007,0.99,0.994,434508700,432544384,False
2022-12-19,0.99,0.996,0.964,0.967,358261037,350820987,False
2022-12-20,0.961,0.979,0.961,0.969,282291387,273990824,False
2022-12-21,0.968,0.975,0.946,0.954,308534100,295924397,False
2022-12-22,0.958,0.96,0.934,0.937,308666692,292127288,False
2022-12-23,0.926,0.933,0.91,0.918,344712093,317794686,False
2022-12-26,0.916,0.944,0.914,0.941,278548853,260497717,False
2022-12-27,0.941,0.957,0.935,0.955,273419629,258677211,False
2022-12-28,0.945,0.953,0.941,0.942,204327301,193285048,False
2022-12-29,0.937,0.952,0.935,0.942,231091606,218160326,False
2022-12-30,0.947,0.952,0.933,0.934,257381206,241740120,False
2023-01-03,0.934,0.949,0.923,0.948,293875426,275586367,False
2023-01-04,0.948,0.961,0.936,0.942,279978200,264916158,False
2023-01-05,0.942,0.954,0.935,0.95,351869893,332902190,False
2023-01-06,0.947,0.959,0.94,0.949,380880900,361847546,False
2023-01-09,0.952,0.968,0.948,0.954,392720200,375876373,False
2023-01-10,0.954,0.974,0.95,0.963,442137300,425873296,False
2023-01-11,0.964,0.978,0.95,0.952,392732347,378985800,False
2023-01-12,0.953,0.955,0.943,0.949,283897900,269374156,False
2023-01-13,0.952,0.953,0.941,0.951,318144200,301165394,False
2023-01-16,0.941,0.985,0.94,0.979,638325894,618006927,False
2023-01-17,0.982,1.011,0.98,1.002,562477755,562819044,False
2023-01-18,1.003,1.008,0.996,1.001,312110662,312879955,False
2023-01-19,1.0,1.025,0.997,1.023,463794200,470850895,False
2023-01-20,1.025,1.029,1.019,1.028,259712210,266087600,False
2023-01-30,1.039,1.044,1.021,1.027,470541106,484591611,False
2023-01-31,1.027,1.027,0.998,1.001,437100136,440237363,False
2023-02-01,1.001,1.021,1.001,1.016,477649110,483444189,False
2023-02-02,1.024,1.05,1.022,1.033,621430826,643123991,False
2023-02-03,1.027,1.045,1.017,1.036,559263353,575813078,False
2023-02-06,1.028,1.037,1.018,1.022,381919233,391212795,False
2023-02-07,1.021,1.026,1.012,1.02,301242241,306271787,False
2023-02-08,1.022,1.034,1.006,1.008,349653710,355839394,False
2023-02-09,1.003,1.05,0.996,1.05,742586144,762895896,False
2023-02-10,1.046,1.058,1.035,1.045,519125050,543423341,False
2023-02-13,1.039,1.055,1.031,1.048,358895273,374796552,False
2023-02-14,1.05,1.068,1.036,1.044,388171560,407626043,False
2023-02-15,1.046,1.056,1.033,1.056,404776100,423443392,False
2023-02-16,1.051,1.066,1.018,1.027,638013281,666534198,False
2023-02-17,1.025,1.028,0.992,0.992,711424117,716912735,False
2023-02-20,0.991,1.006,0.983,1.006,535932128,532510571,False
2023-02-21,1.005,1.012,0.991,1.001,398684256,399662898,False
2023-02-22,0.994,1.005,0.991,0.999,317067700,316104553,False
2023-02-23,1.0,1.002,0.992,0.997,312465800,311761357,False
2023-02-24,1.002,1.007,0.99,0.994,347574305,346876873,False
2023-02-27,0.988,0.992,0.972,0.975,445710990,436972954,False
2023-02-28,0.978,0.985,0.969,0.981,300149488,293321097,False
2023-03-01,0.98,0.993,0.977,0.991,426848510,421138998,False
2023-03-02,0.993,1.0,0.981,0.982,364298850,360463152,False
2023-03-03,0.997,1.01,0.99,1.007,653287860,655081531,False
2023-03-06,1.005,1.019,0.995,1.011,484912705,487994994,False
2023-03-07,1.008,1.013,0.982,0.983,592480800,590537570,False
2023-03-08,0.981,0.993,0.979,0.991,336833234,332836222,False
2023-03-09,0.991,1.013,0.991,1.0,463589634,464930630,False
2023-03-10,0.992,1.012,0.989,0.995,454554800,454735021,False
2023-03-13,0.991,1.001,0.984,0.996,349511976,346351115,False
2023-03-14,0.993,1.03,0.985,1.027,868758498,876735191,False
2023-03-15,1.03,1.047,1.022,1.024,558277685,576456501,False
2023-03-16,1.015,1.035,1.013,1.016,549589608,563079447,False
2023-03-17,1.028,1.043,1.016,1.036,601297981,619993003,False
2023-03-20,1.034,1.068,1.027,1.059,693674776,731043975,False
2023-03-21,1.056,1.062,1.044,1.057,447968498,471388470,False
2023-03-22,1.056,1.063,1.048,1.06,403647138,426089134,False
2023-03-23,1.055,1.107,1.053,1.106,911124363,990068491,False
2023-03-24,1.106,1.11,1.082,1.097,719214900,788216644,False
2023-03-27,1.096,1.102,1.071,1.082,532349633,577936426,False
2023-03-28,1.076,1.082,1.048,1.05,537596400,570884910,False
2023-03-29,1.05,1.099,1.043,1.084,725969358,777712739,False
2023-03-30,1.087,1.11,1.081,1.096,788429839,865546853,False
2023-03-31,1.097,1.107,1.087,1.106,441533243,485241842,False
2023-04-03,1.122,1.166,1.122,1.165,787299516,900138489,False
2023-04-04,1.162,1.21,1.155,1.182,932612987,1107453263,False
2023-04-06,1.176,1.268,1.173,1.231,1034075112,1273464256,False
2023-04-07,1.239,1.26,1.22,1.25,691974059,856698923,False
2023-04-10,1.251,1.267,1.197,1.203,878765414,1080812355,False
2023-04-11,1.203,1.224,1.179,1.206,728496903,875087086,False
2023-04-12,1.2,1.231,1.187,1.221,612346252,743855504,False
2023-04-13,1.21,1.221,1.173,1.178,678349308,808675792,False
2023-04-14,1.192,1.234,1.157,1.233,1057263070,1267011309,False
2023-04-17,1.232,1.24,1.213,1.221,594033821,727924507,False
2023-04-18,1.21,1.213,1.176,1.196,725562076,864045026,False
2023-04-19,1.199,1.223,1.192,1.197,570944658,689152758,False
2023-04-20,1.189,1.233,1.189,1.23,731688517,892482694,False
2023-04-21,1.228,1.229,1.16,1.16,796699250,944556143,False
2023-04-24,1.148,1.162,1.116,1.127,652416703,739835973,False
2023-04-25,1.128,1.136,1.087,1.102,753387000,836377542,False
2023-04-26,1.092,1.1,1.06,1.071,1064906379,1148141635,False
2023-04-27,1.064,1.095,1.061,1.072,932822919,1002995090,False
2023-04-28,1.063,1.098,1.062,1.089,1051503867,1141321877,False
2023-05-04,1.08,1.086,1.057,1.061,608386531,647932428,False
2023-05-05,1.059,1.072,1.045,1.047,518385724,547525773,False
2023-05-08,1.045,1.063,1.039,1.051,705197500,740966962,False
2023-05-09,1.05,1.056,1.028,1.029,947402058,986960138,False
2023-05-10,1.027,1.033,1.005,1.017,702211505,713553996,False
2023-05-11,1.026,1.032,1.02,1.023,427251118,438081305,False
2023-05-12,1.027,1.043,1.01,1.011,584286146,599458563,False
2023-05-15,1.006,1.022,1.0,1.02,583312016,588895121,False
2023-05-16,1.025,1.04,1.012,1.03,616564237,633102032,False
2023-05-17,1.026,1.048,1.023,1.039,526969446,547602034,False
2023-05-18,1.042,1.049,1.038,1.042,527242553,550243142,False
2023-05-19,1.047,1.07,1.045,1.064,831947890,882613400,False
2023-05-22,1.07,1.077,1.045,1.053,582746839,614775600,False
2023-05-23,1.048,1.049,1.027,1.029,460424546,478133960,False
2023-05-24,1.024,1.048,1.017,1.032,656865002,678099070,False
2023-05-25,1.036,1.047,1.024,1.043,572051300,592916744,False
2023-05-26,1.045,1.064,1.045,1.062,770076921,814185888,False
2023-05-29,1.071,1.083,1.06,1.065,590930090,633448798,False
2023-05-30,1.06,1.077,1.05,1.073,686463024,727786416,False
2023-05-31,1.068,1.081,1.063,1.081,562625360,604315357,False
2023-06-01,1.074,1.088,1.068,1.076,428778486,461655154,False
2023-06-02,1.08,1.083,1.063,1.075,493565970,530064577,False
2023-06-05,1.08,1.1,1.074,1.074,528403682,574082920,False
2023-06-06,1.069,1.07,1.04,1.043,551285987,581841167,False
2023-06-07,1.043,1.056,1.04,1.049,388010935,406468989,False
2023-06-08,1.042,1.043,1.023,1.026,502169338,516743038,False
2023-06-09,1.027,1.041,1.015,1.04,547269620,560766126,False
2023-06-12,1.037,1.05,1.033,1.04,344094584,358883479,False
2023-06-13,1.041,1.075,1.033,1.068,769925700,814439433,False
2023-06-14,1.067,1.072,1.06,1.066,466548178,497401851,False
2023-06-15,1.07,1.072,1.053,1.06,412797500,437464264,False
2023-06-16,1.06,1.072,1.053,1.07,573703100,609772840,False
2023-06-19,1.068,1.078,1.06,1.074,491100975,526245164,False
2023-06-20,1.07,1.077,1.06,1.068,375681977,401324351,False
2023-06-21,1.063,1.065,1.025,1.028,745400500,773531921,False
2023-06-26,1.018,1.031,1.0,1.017,638104900,646602915,False
2023-06-27,1.016,1.027,1.008,1.015,404448926,410228383,False
2023-06-28,1.015,1.025,0.995,1.01,515855628,520998576,False
2023-06-29,1.009,1.023,1.003,1.007,476546545,481852755,False
2023-06-30,1.003,1.018,0.998,1.014,442837294,447800270,False
2023-07-03,1.017,1.028,1.01,1.02,477646598,485874083,False
2023-07-04,1.021,1.055,1.014,1.043,750760457,778267498,False
2023-07-05,1.038,1.047,1.03,1.032,348720500,361914906,False
2023-07-06,1.028,1.042,1.026,1.032,318080600,328924908,False
2023-07-07,1.026,1.027,1.009,1.015,409631200,416490419,False
2023-07-10,1.016,1.027,1.014,1.018,306677300,312606511,False
2023-07-11,1.018,1.045,1.017,1.044,612220972,634661879,False
2023-07-12,1.043,1.044,1.015,1.018,524764857,539969566,False
2023-07-13,1.023,1.041,1.023,1.036,460195464,475921432,False
2023-07-14,1.041,1.054,1.038,1.039,416189166,434286082,False
2023-07-17,1.033,1.035,1.025,1.031,279666854,287714306,False
2023-07-18,1.034,1.047,1.029,1.03,376615785,390772768,False
2023-07-19,1.028,1.035,1.013,1.019,557625285,569655742,False
2023-07-20,1.021,1.022,0.999,1.001,522404300,526896900,False
2023-07-21,0.997,1.006,0.991,0.994,445893391,444710810,False
2023-07-24,0.993,0.999,0.987,0.988,315578260,313215006,False
2023-07-25,0.997,1.005,0.992,1.004,477820500,477223467,False
2023-07-26,1.004,1.01,0.999,1.004,290415800,291573348,False
2023-07-27,1.003,1.004,0.985,0.987,525471600,522766706,False
2023-07-28,0.986,0.996,0.981,0.994,500864409,495688666,False
2023-07-31,0.994,1.009,0.99,1.007,529399300,530546168,False
2023-08-01,1.007,1.011,1.001,1.009,366586034,368902337,False
2023-08-02,1.005,1.017,1.005,1.011,429331557,434191844,False
2023-08-03,1.008,1.015,1.003,1.013,377594678,381632231,False
2023-08-04,1.016,1.019,1.001,1.008,467163748,471529490,False
2023-08-07,1.008,1.01,1.0,1.002,343435040,344459803,False
2023-08-08,1.001,1.007,0.996,0.997,468522500,468941274,False
2023-08-09,0.995,0.997,0.987,0.988,361661900,358296089,False
2023-08-10,0.988,0.996,0.986,0.991,272019200,269315296,False
2023-08-11,0.993,0.993,0.969,0.971,420796600,411938315,False
2023-08-14,0.963,0.964,0.951,0.963,497137332,475952229,False
2023-08-15,0.963,0.966,0.928,0.937,622406684,585603546,False
2023-08-16,0.934,0.941,0.916,0.917,473457500,439287412,False
2023-08-17,0.913,0.929,0.91,0.924,347097337,319423526,False
2023-08-18,0.928,0.931,0.912,0.913,291000400,268430973,False
2023-08-21,0.913,0.918,0.9,0.901,358268500,325626594,False
2023-08-22,0.905,0.915,0.888,0.915,433969867,391011573,False
2023-08-23,0.91,0.911,0.89,0.892,316729200,285407605,False
2023-08-24,0.898,0.916,0.893,0.908,386188637,349674350,False
2023-08-25,0.902,0.902,0.881,0.887,385840900,344313997,False
2023-08-28,0.939,0.947,0.89,0.894,485815300,443616146,False
2023-08-29,0.893,0.932,0.89,0.93,590827589,541235271,False
2023-08-30,0.945,0.968,0.94,0.953,962391669,918476918,False
2023-08-31,0.948,0.966,0.942,0.96,538926570,515255180,False
2023-09-01,0.962,0.973,0.945,0.954,361845999,346268952,False
2023-09-04,0.957,0.967,0.947,0.967,370345950,353508393,False
2023-09-05,0.97,0.979,0.958,0.963,593048309,574620947,False
2023-09-06,0.96,0.986,0.956,0.983,581374076,565298783,False
2023-09-07,0.976,0.976,0.945,0.945,509429882,488068353,False
2023-09-08,0.94,0.958,0.939,0.953,395150289,375742274,False
2023-09-11,0.951,0.961,0.944,0.954,320290799,305465526,False
2023-09-12,0.954,0.955,0.942,0.945,239713601,226832782,False
2023-09-13,0.944,0.95,0.925,0.934,400215800,374697141,False
2023-09-14,0.933,0.936,0.915,0.92,381479501,351744482,False
2023-09-15,0.924,0.947,0.912,0.931,433178633,402614702,False
2023-09-18,0.928,0.93,0.916,0.918,315533500,290829880,False
2023-09-19,0.918,0.922,0.904,0.913,315148800,287595220,False
2023-09-20,0.909,0.917,0.9,0.901,253590400,229920954,False
2023-09-21,0.896,0.906,0.895,0.898,241437600,217169172,False
2023-09-22,0.895,0.919,0.892,0.918,353280900,320753920,False
2023-09-25,0.919,0.919,0.907,0.909,252372126,229760045,False
2023-09-26,0.908,0.911,0.899,0.9,245805200,222090924,False
2023-09-27,0.899,0.913,0.898,0.901,356687976,322254519,False
2023-09-28,0.903,0.918,0.897,0.912,314681000,285432879,False
2023-10-09,0.91,0.921,0.904,0.918,317227914,290013762,False
2023-10-10,0.919,0.931,0.918,0.924,320763378,297099687,False
2023-10-11,0.926,0.942,0.923,0.939,371936078,347424455,False
2023-10-12,0.943,0.947,0.932,0.945,330148398,310376005,False
2023-10-13,0.938,0.949,0.935,0.943,270450300,254847418,False
2023-10-16,0.942,0.942,0.912,0.917,339550200,313114674,False
2023-10-17,0.915,0.928,0.91,0.924,289198200,265959425,False
2023-10-18,0.922,0.934,0.911,0.912,291226385,268224845,False
2023-10-19,0.906,0.939,0.905,0.921,446701950,414588804,False
2023-10-20,0.917,0.923,0.902,0.903,359596074,327841648,False
2023-10-23,0.9,0.902,0.877,0.882,383504999,339846140,False
2023-10-24,0.887,0.905,0.874,0.9,376430428,335625484,False
2023-10-25,0.905,0.907,0.894,0.9,464386600,417905161,False
2023-10-26,0.896,0.903,0.889,0.901,231070753,207075055,False
2023-10-27,0.895,0.926,0.893,0.921,442377889,403274127,False
2023-10-30,0.922,0.964,0.921,0.961,828388734,787672510,False
2023-10-31,0.965,0.973,0.95,0.96,361718051,347069785,False
2023-11-01,0.961,0.965,0.951,0.955,271171323,259727336,False
2023-11-02,0.958,0.962,0.94,0.945,287487900,273159128,False
2023-11-03,0.944,0.969,0.943,0.967,394095600,377429089,False
2023-11-06,0.974,0.992,0.97,0.985,582597800,572564176,False
2023-11-07,0.981,0.994,0.978,0.989,471914100,465741714,False
2023-11-08,0.988,1.001,0.984,0.991,432989577,429409089,False
2023-11-09,0.988,0.996,0.976,0.979,320988900,315581069,False
2023-11-10,0.973,0.988,0.971,0.974,259186726,253529082,False
2023-11-13,0.981,0.984,0.97,0.977,253318738,247005819,False
2023-11-14,0.976,0.988,0.972,0.986,321541338,316035801,False
2023-11-15,0.997,1.0,0.981,0.983,360413500,356703311,False
2023-11-16,0.981,0.981,0.964,0.965,392644800,381330039,False
2023-11-17,0.963,0.974,0.962,0.969,292029905,282547582,False
2023-11-20,0.973,0.976,0.958,0.965,266668094,257069325,False
2023-11-21,0.966,0.971,0.951,0.953,312710200,300361368,False
2023-11-22,0.953,0.953,0.937,0.938,329611390,311250034,False
2023-11-23,0.938,0.949,0.932,0.947,322752537,303616899,False
2023-11-24,0.946,0.946,0.931,0.932,279516360,261653602,False
2023-11-27,0.931,0.946,0.929,0.945,366929574,344546261,False
2023-11-28,0.944,0.95,0.938,0.946,235187201,221951889,False
2023-11-29,0.947,0.958,0.945,0.946,266245388,253310183,False
2023-11-30,0.945,0.945,0.935,0.944,198441163,186664571,False
2023-12-01,0.944,0.949,0.933,0.948,266847391,250960774,False
2023-12-04,0.949,0.952,0.937,0.938,207075900,195460951,False
2023-12-05,0.935,0.935,0.908,0.91,300109100,276127496,False
2023-12-06,0.908,0.918,0.907,0.91,257636100,234825035,False
2023-12-07,0.91,0.911,0.895,0.9,312270300,281028471,False
2023-12-08,0.902,0.914,0.898,0.91,332307285,301542635,False
2023-12-11,0.907,0.93,0.901,0.93,363652776,333345612,False
2023-12-12,0.927,0.933,0.921,0.927,218886313,202719284,False
2023-12-13,0.927,0.932,0.915,0.917,239241083,220879749,False
2023-12-14,0.922,0.927,0.913,0.913,255074409,234489751,False
2023-12-15,0.917,0.918,0.905,0.907,211813600,192832507,False
2023-12-18,0.902,0.903,0.891,0.893,257083406,230678010,False
2023-12-19,0.893,0.911,0.89,0.904,241195800,217386017,False
2023-12-20,0.907,0.907,0.892,0.893,181532595,163044368,False
2023-12-21,0.89,0.907,0.885,0.901,280351599,250685193,False
2023-12-22,0.9,0.902,0.885,0.89,308560500,275483455,False
2023-12-25,0.887,0.893,0.879,0.883,244264072,215709307,False
2023-12-26,0.881,0.882,0.858,0.862,395257933,342275270,False
2023-12-27,0.864,0.88,0.863,0.876,325101286,284140100,False
2023-12-28,0.876,0.898,0.87,0.893,350667731,311122349,False
2023-12-29,0.892,0.902,0.891,0.897,266740186,239145809,False
2024-01-02,0.897,0.898,0.881,0.881,258324700,228667444,False
2024-01-03,0.88,0.882,0.86,0.865,369017660,320165765,False
2024-01-04,0.864,0.865,0.845,0.852,330148064,281304498,False
2024-01-05,0.85,0.858,0.831,0.839,285628400,241016823,False
2024-01-08,0.837,0.837,0.809,0.81,411455957,336436532,False
2024-01-09,0.813,0.821,0.802,0.809,348869281,283683075,False
2024-01-10,0.806,0.814,0.793,0.8,317852800,254672116,False
2024-01-11,0.8,0.816,0.798,0.812,539687484,436681986,False
2024-01-12,0.81,0.811,0.796,0.797,288480050,231871081,False
2024-01-15,0.793,0.813,0.79,0.801,345361755,277299711,False
2024-01-16,0.799,0.805,0.788,0.8,299901561,238818749,False
2024-01-17,0.8,0.801,0.778,0.779,256938449,202776828,False
2024-01-18,0.775,0.796,0.764,0.795,485783200,377043538,False
2024-01-19,0.793,0.803,0.79,0.793,269290800,214497922,False
2024-01-22,0.791,0.793,0.758,0.762,330100131,256528645,False
2024-01-23,0.762,0.776,0.754,0.772,351827600,270075628,False
2024-01-24,0.774,0.777,0.742,0.769,425217432,322287145,False
2024-01-25,0.767,0.787,0.759,0.784,446112445,346244198,False
2024-01-26,0.778,0.778,0.756,0.758,566465444,433655107,False
2024-01-29,0.759,0.77,0.738,0.738,337215600,252845369,False
2024-01-30,0.732,0.738,0.705,0.708,452033479,325283128,False
2024-01-31,0.707,0.709,0.688,0.69,482935996,337074321,False
2024-02-01,0.685,0.713,0.681,0.699,474337304,331483130,False
2024-02-02,0.697,0.703,0.651,0.671,460419300,312665106,False
2024-02-05,0.663,0.68,0.628,0.664,560133244,367554607,False
2024-02-06,0.658,0.712,0.655,0.711,480805200,331150925,False
2024-02-07,0.711,0.735,0.707,0.728,379007341,274968704,False
2024-02-08,0.736,0.766,0.735,0.755,414410198,312067677,False
2024-02-19,0.776,0.776,0.75,0.765,351020900,267557600,False
2024-02-20,0.762,0.765,0.746,0.762,277493507,209221769,False
2024-02-21,0.754,0.777,0.749,0.764,406466847,311206663,False
2024-02-22,0.767,0.778,0.763,0.775,280233818,216261241,False
2024-02-23,0.779,0.783,0.768,0.777,263871669,204353042,False
2024-02-26,0.777,0.793,0.773,0.781,337413646,263948896,False
2024-02-27,0.779,0.819,0.773,0.818,459742736,368076524,False
2024-02-28,0.819,0.833,0.781,0.782,470557363,380681584,False
2024-02-29,0.779,0.833,0.778,0.833,784021604,640325520,False
2024-03-01,0.838,0.852,0.829,0.852,656962992,553979000,False
2024-03-04,0.856,0.86,0.837,0.854,429740805,366143334,False
2024-03-05,0.852,0.862,0.844,0.848,355877915,303884875,False
2024-03-06,0.845,0.848,0.826,0.837,283025531,236751363,False
2024-03-07,0.844,0.85,0.818,0.819,351673294,292294407,False
2024-03-08,0.823,0.841,0.818,0.839,396328300,329244581,False
2024-03-11,0.83,0.849,0.824,0.848,368090800,308028436,False
2024-03-12,0.848,0.868,0.843,0.852,349070900,298454892,False
2024-03-13,0.857,0.866,0.847,0.849,288276684,246845775,False
2024-03-14,0.843,0.846,0.825,0.836,271293800,226673528,False
2024-03-15,0.834,0.839,0.821,0.838,220778770,183127190,False
2024-03-18,0.84,0.86,0.837,0.86,365161361,310212727,False
2024-03-19,0.857,0.864,0.849,0.85,245011639,209701643,False
2024-03-20,0.85,0.854,0.838,0.848,220594800,186681498,False
2024-03-21,0.855,0.864,0.843,0.847,290991458,248241807,False
2024-03-22,0.848,0.857,0.838,0.838,316812210,267963037,False
2024-03-25,0.838,0.84,0.815,0.817,280818100,232551107,False
2024-03-26,0.82,0.828,0.803,0.807,337312150,274215080,False
2024-03-27,0.809,0.811,0.778,0.78,314757712,249572380,False
2024-03-28,0.781,0.805,0.777,0.792,356634573,282731079,False
2024-03-29,0.792,0.796,0.777,0.795,240748000,189229259,False
2024-04-01,0.8,0.808,0.796,0.806,248289600,199384559,False
2024-04-02,0.806,0.808,0.786,0.792,262026861,208047549,False
2024-04-03,0.792,0.796,0.776,0.783,316555615,248600022,False
2024-04-08,0.783,0.783,0.761,0.761,265040071,204399351,False
2024-04-09,0.761,0.771,0.756,0.771,252403256,193066627,False
2024-04-10,0.771,0.772,0.745,0.748,272583600,205333916,False
2024-04-11,0.745,0.763,0.744,0.749,287532800,217344439,False
2024-04-12,0.754,0.766,0.751,0.753,273404228,207160242,False
2024-04-15,0.756,0.772,0.752,0.767,253756660,193779613,False
2024-04-16,0.766,0.766,0.742,0.744,261151371,196438322,False
2024-04-17,0.751,0.773,0.748,0.772,338371600,257957766,False
2024-04-18,0.768,0.777,0.758,0.765,250930568,192714882,False
2024-04-19,0.761,0.761,0.738,0.741,323387587,241287440,False
2024-04-22,0.735,0.747,0.721,0.744,212204778,156143950,False
2024-04-23,0.744,0.749,0.735,0.74,143147300,105989303,False
2024-04-24,0.743,0.755,0.74,0.754,236195100,176876810,False
2024-04-25,0.748,0.764,0.745,0.753,218317800,164892683,False
2024-04-26,0.751,0.776,0.75,0.774,302696900,232337044,False
2024-04-29,0.779,0.808,0.777,0.804,383565500,306058279,False
2024-04-30,0.804,0.805,0.79,0.793,287492600,228833480,False
2024-05-06,0.805,0.812,0.799,0.801,268249300,215965142,False
2024-05-07,0.802,0.806,0.793,0.796,200006000,159628123,False
2024-05-08,0.796,0.796,0.781,0.784,184481300,145271096,False
2024-05-09,0.786,0.803,0.785,0.803,286278400,228078403,False
2024-05-10,0.804,0.805,0.783,0.788,271810300,214562387,False
2024-05-13,0.78,0.79,0.773,0.779,202437400,158067337,False
2024-05-14,0.782,0.788,0.774,0.779,222465800,173460392,False
2024-05-15,0.778,0.782,0.766,0.767,269197400,208120634,False
2024-05-16,0.772,0.776,0.766,0.768,210181699,161960790,False
2024-05-17,0.769,0.779,0.761,0.779,261361300,201476854,False
2024-05-20,0.778,0.788,0.774,0.781,290154000,226735236,False
2024-05-21,0.779,0.781,0.773,0.774,160941500,124887762,False
2024-05-22,0.774,0.779,0.766,0.778,288638109,222874995,False
2024-05-23,0.777,0.778,0.763,0.764,240301209,184844588,False
2024-05-24,0.763,0.768,0.743,0.744,251970200,190146268,False
2024-05-27,0.746,0.77,0.736,0.77,585914900,442108422,False
2024-05-28,0.771,0.792,0.767,0.769,715823994,556813446,False
2024-05-29,0.765,0.773,0.76,0.765,256101344,196275677,False
2024-05-30,0.763,0.787,0.755,0.782,516640850,401417371,False
2024-05-31,0.78,0.79,0.776,0.778,246518600,192831533,False
2024-06-03,0.779,0.798,0.778,0.792,581498000,460106257,False
2024-06-04,0.792,0.796,0.784,0.794,406998800,321059119,False
2024-06-05,0.793,0.809,0.791,0.797,379425000,304375328,False
2024-06-06,0.807,0.813,0.793,0.795,624422150,502306341,False
2024-06-07,0.798,0.808,0.784,0.794,389221048,309734786,False
2024-06-11,0.794,0.825,0.791,0.824,600039788,487317208,False
2024-06-12,0.823,0.83,0.817,0.82,478724047,393348072,False
2024-06-13,0.825,0.839,0.824,0.828,436374000,362717402,False
2024-06-14,0.824,0.827,0.815,0.825,306768100,252036684,False
2024-06-17,0.823,0.846,0.819,0.842,362731757,303658468,False
2024-06-18,0.842,0.851,0.836,0.841,337381674,284300222,False
2024-06-19,0.843,0.848,0.83,0.841,387177600,324619798,False
2024-06-20,0.838,0.863,0.837,0.842,584926900,498385195,False
2024-06-21,0.835,0.846,0.821,0.846,387858900,323473058,False
2024-06-24,0.841,0.854,0.82,0.824,639174000,534937296,False
2024-06-25,0.821,0.823,0.784,0.791,602294458,482118058,False
2024-06-26,0.793,0.812,0.785,0.809,459867000,366863179,False
2024-06-27,0.803,0.815,0.795,0.798,292506300,235154943,False
2024-06-28,0.799,0.81,0.793,0.799,325707736,261663144,False
2024-07-01,0.798,0.802,0.78,0.797,275014100,217490020,False
2024-07-02,0.797,0.797,0.781,0.783,260817956,205598391,False
2024-07-03,0.784,0.802,0.773,0.794,341338500,268932414,False
2024-07-04,0.793,0.798,0.78,0.782,251653800,198474216,False
2024-07-05,0.782,0.785,0.764,0.781,327900500,253814319,False
2024-07-08,0.787,0.796,0.778,0.781,343160000,270426925,False
2024-07-09,0.78,0.815,0.777,0.813,517620100,414270755,False
2024-07-10,0.81,0.818,0.807,0.812,283924900,230577353,False
2024-07-11,0.825,0.829,0.806,0.82,466178387,381594180,False
2024-07-12,0.814,0.83,0.808,0.824,356442100,291761539,False
2024-07-15,0.827,0.838,0.826,0.831,346249600,287998338,False
2024-07-16,0.827,0.858,0.825,0.855,526026948,444142781,False
2024-07-17,0.853,0.86,0.846,0.847,364430900,311394141,False
2024-07-18,0.834,0.855,0.821,0.849,651345800,545651546,False
2024-07-19,0.844,0.876,0.842,0.869,633061573,548280644,False
2024-07-22,0.873,0.881,0.865,0.871,522354998,455657711,False
2024-07-23,0.869,0.869,0.827,0.829,525881050,444729776,False
2024-07-24,0.826,0.839,0.816,0.82,506949241,419773990,False
2024-07-25,0.814,0.822,0.807,0.812,370663638,301446959,False
2024-07-26,0.813,0.823,0.804,0.819,369264700,300395678,False
2024-07-29,0.818,0.824,0.804,0.805,281991400,229364359,False
2024-07-30,0.802,0.815,0.794,0.814,323196056,260139999,False
2024-07-31,0.809,0.845,0.807,0.844,465941756,387000798,False
2024-08-01,0.847,0.86,0.838,0.849,521762218,442911477,False
2024-08-02,0.838,0.847,0.822,0.825,394541470,329361236,False
2024-08-05,0.814,0.825,0.787,0.789,565352500,454495221,False
2024-08-06,0.8,0.805,0.782,0.794,348197857,275258591,False
2024-08-07,0.793,0.797,0.783,0.785,285072100,225400436,False
2024-08-08,0.78,0.799,0.771,0.788,327550200,257070747,False
2024-08-09,0.8,0.804,0.787,0.788,259327157,206250456,False
2024-08-12,0.784,0.789,0.779,0.784,186513499,146183433,False
2024-08-13,0.784,0.791,0.78,0.79,200913900,157838635,False
2024-08-14,0.793,0.794,0.777,0.778,215925600,169431702,False
2024-08-15,0.774,0.793,0.773,0.783,271169218,212624516,False
2024-08-16,0.784,0.789,0.778,0.78,212375200,166301194,False
2024-08-19,0.78,0.789,0.776,0.78,211250400,165567755,False
2024-08-20,0.781,0.783,0.765,0.768,245396700,189238050,False
2024-08-21,0.766,0.775,0.762,0.764,190535497,146226912,False
2024-08-22,0.765,0.765,0.749,0.751,234981533,177210667,False
2024-08-23,0.748,0.75,0.738,0.747,223308300,166090674,False
2024-08-26,0.746,0.753,0.741,0.745,174211000,130091383,False
2024-08-27,0.743,0.743,0.73,0.733,226020600,166114227,False
2024-08-28,0.732,0.737,0.728,0.733,189770000,139099404,False
2024-08-29,0.729,0.748,0.725,0.743,236353700,174833037,False
2024-08-30,0.741,0.775,0.741,0.769,395065604,302232903,False
2024-09-02,0.765,0.771,0.74,0.741,282373200,212730964,False
2024-09-03,0.739,0.753,0.739,0.746,207732000,155052054,False
2024-09-04,0.738,0.746,0.733,0.74,213850400,158251074,False
2024-09-05,0.74,0.748,0.734,0.739,203905800,151039266,False
2024-09-06,0.741,0.741,0.725,0.727,190157800,139158243,False
2024-09-09,0.723,0.733,0.719,0.723,191461200,138814352,False
2024-09-10,0.724,0.733,0.713,0.729,302099800,218332975,False
2024-09-11,0.726,0.729,0.722,0.726,162178900,117698745,False
2024-09-12,0.729,0.735,0.717,0.719,213024800,154671853,False
2024-09-13,0.718,0.723,0.707,0.708,252294200,180584205,False
2024-09-18,0.711,0.713,0.696,0.703,207865500,145807637,False
2024-09-19,0.706,0.719,0.698,0.71,255170000,181006463,False
2024-09-20,0.711,0.713,0.698,0.704,248426100,174603969,False
2024-09-23,0.703,0.711,0.696,0.696,221598900,155530313,False
2024-09-24,0.701,0.725,0.692,0.725,494347300,351298835,False
2024-09-25,0.735,0.748,0.727,0.73,478075700,353222673,False
2024-09-26,0.727,0.763,0.725,0.762,578758932,429645515,False
2024-09-27,0.777,0.818,0.771,0.817,401575600,316490275,False
2024-09-30,0.865,0.899,0.85,0.899,855415908,755039219,False
2024-10-08,0.989,0.989,0.989,0.989,619419005,612605396,False
2024-10-09,1.088,1.088,1.005,1.088,2700402129,2918814850,False
2024-10-10,1.108,1.128,1.028,1.051,1931550088,2079768099,False
2024-10-11,1.026,1.042,0.971,0.986,927384307,929657169,False
2024-10-14,0.984,1.023,0.956,1.019,812150706,806225747,False
2024-10-15,1.02,1.05,1.0,1.001,801564747,820039284,False
2024-10-16,0.971,0.997,0.967,0.977,548120000,536730462,False
2024-10-17,1.0,1.005,0.978,0.98,508267900,504590555,False
2024-10-18,0.979,1.078,0.97,1.078,1232055600,1287164812,False
2024-10-21,1.112,1.186,1.098,1.122,2547619299,2916126600,False
2024-10-22,1.103,1.134,1.087,1.104,915111000,1012127427,False
2024-10-23,1.093,1.111,1.082,1.087,805906648,882822228,False
2024-10-24,1.077,1.102,1.073,1.089,625110400,680515527,False
2024-10-25,1.09,1.121,1.077,1.097,676538700,740741258,False
2024-10-28,1.095,1.097,1.081,1.095,576104620,627247815,False
2024-10-29,1.095,1.13,1.091,1.093,782985112,865602978,False
2024-10-30,1.083,1.095,1.062,1.076,660826481,713196241,False
2024-10-31,1.075,1.114,1.061,1.099,1177655700,1282189414,False
2024-11-01,1.088,1.096,1.055,1.057,676725300,727231383,False
2024-11-04,1.056,1.079,1.052,1.075,416928984,445725174,False
2024-11-05,1.076,1.132,1.072,1.127,872941716,970894446,False
2024-11-06,1.136,1.164,1.118,1.148,950357600,1086166247,False
2024-11-07,1.139,1.188,1.13,1.18,826738600,956941230,False
2024-11-08,1.2,1.24,1.18,1.184,976667366,1177258712,False
2024-11-11,1.193,1.26,1.192,1.26,1108748498,1372380299,False
2024-11-12,1.265,1.266,1.21,1.23,983965280,1214876580,False
2024-11-13,1.215,1.23,1.2,1.227,902804300,1096975543,False
2024-11-14,1.22,1.225,1.176,1.181,810982572,978195385,False
2024-11-15,1.175,1.184,1.127,1.13,684006071,790656633,False
2024-11-18,1.129,1.142,1.095,1.103,659191335,735642439,False
2024-11-19,1.107,1.143,1.091,1.143,690539400,772211549,False
2024-11-20,1.135,1.144,1.122,1.137,635784200,720315318,False
2024-11-21,1.133,1.158,1.129,1.141,575365600,657431762,False
2024-11-22,1.143,1.155,1.09,1.094,555398700,624115200,False
2024-11-25,1.093,1.098,1.057,1.079,587383149,630907372,False
2024-11-26,1.073,1.089,1.068,1.069,404517600,435883118,False
2024-11-27,1.065,1.107,1.051,1.105,696044462,751353118,False
2024-11-28,1.106,1.126,1.095,1.101,461416400,511551870,False
2024-11-29,1.097,1.142,1.086,1.122,641435400,716105048,False
2024-12-02,1.118,1.138,1.113,1.129,570783100,643554218,False
2024-12-03,1.131,1.136,1.1,1.11,680184800,758449648,False
2024-12-04,1.136,1.148,1.109,1.113,676574900,764440139,False
2024-12-05,1.104,1.115,1.101,1.111,371541100,411477972,False
2024-12-06,1.108,1.134,1.1,1.124,553970900,620112041,False
2024-12-09,1.121,1.125,1.099,1.106,387483400,430257328,False
2024-12-10,1.154,1.16,1.111,1.114,933845606,1056685821,False
2024-12-11,1.108,1.121,1.104,1.11,379256800,421190279,False
2024-12-12,1.11,1.118,1.101,1.117,398825300,442803282,False
2024-12-13,1.11,1.118,1.097,1.1,453445800,501352179,False
2024-12-16,1.101,1.103,1.075,1.081,396316300,431890481,False
2024-12-17,1.079,1.086,1.069,1.072,336097000,361733971,False
2024-12-18,1.073,1.106,1.07,1.101,555773400,606137420,False
2024-12-19,1.087,1.134,1.082,1.125,582323345,649133339,False
2024-12-20,1.119,1.18,1.119,1.16,879552900,1015160498,False
2024-12-23,1.16,1.18,1.14,1.143,436874582,505586878,False
2024-12-24,1.146,1.161,1.121,1.159,415204500,474327840,False
2024-12-25,1.161,1.175,1.152,1.16,377745200,439990629,False
2024-12-26,1.155,1.183,1.15,1.181,529709099,621875864,False
2024-12-27,1.178,1.202,1.167,1.169,455276210,540170085,False
2024-12-30,1.165,1.188,1.159,1.172,300151000,352231407,False
2024-12-31,1.172,1.176,1.124,1.125,385149200,440287564,False
2025-01-02,1.121,1.121,1.06,1.074,592520300,644893803,False
2025-01-03,1.075,1.079,1.05,1.052,451622000,480176766,False
2025-01-06,1.05,1.065,1.035,1.043,346904000,363360675,False
2025-01-07,1.046,1.089,1.045,1.089,505105400,538376068,False
2025-01-08,1.074,1.103,1.053,1.089,450681800,486795906,False
2025-01-09,1.081,1.104,1.081,1.092,333778099,366022512,False
2025-01-10,1.088,1.125,1.086,1.087,519121599,575336134,False
2025-01-13,1.071,1.087,1.064,1.082,263150550,282721427,False
2025-01-14,1.089,1.125,1.072,1.124,463833400,512825072,False
2025-01-15,1.121,1.137,1.11,1.12,338622200,380039488,False
2025-01-16,1.126,1.138,1.089,1.095,474979800,527299039,False
2025-01-17,1.087,1.134,1.085,1.118,483964600,538060124,False
2025-01-20,1.123,1.128,1.109,1.118,306138610,342678111,False
2025-01-21,1.123,1.14,1.112,1.13,361760489,407402397,False
2025-01-22,1.125,1.138,1.122,1.13,294160700,332170959,False
2025-01-23,1.142,1.154,1.112,1.114,401274100,454963926,False
2025-01-24,1.112,1.125,1.108,1.121,256908100,287494498,False
2025-01-27,1.121,1.121,1.087,1.088,306108300,337131795,False
2025-02-05,1.12,1.131,1.11,1.123,486424600,545935903,False
2025-02-06,1.116,1.172,1.114,1.168,557727100,643416917,False
2025-02-07,1.169,1.198,1.153,1.173,581339399,684096765,False
2025-02-10,1.176,1.188,1.172,1.188,378568100,447118225,False
2025-02-11,1.186,1.187,1.163,1.174,306012300,359250809,False
2025-02-12,1.172,1.213,1.17,1.212,536399595,640098109,False
2025-02-13,1.21,1.211,1.178,1.18,381118293,454500277,False
2025-02-14,1.173,1.18,1.158,1.179,335163600,392066885,False
2025-02-17,1.179,1.198,1.175,1.193,495084442,587709022,False
2025-02-18,1.192,1.204,1.164,1.169,462815600,549177498,False
2025-02-19,1.169,1.218,1.168,1.218,640622000,770501811,False
2025-02-20,1.217,1.222,1.201,1.211,281523800,341047604,False
2025-02-21,1.215,1.287,1.215,1.275,720236790,904899542,False
2025-02-24,1.269,1.294,1.261,1.279,549345400,702030110,False
2025-02-25,1.255,1.299,1.25,1.274,498155200,633550934,False
2025-02-26,1.277,1.303,1.256,1.299,496044434,638831279,False
2025-02-27,1.3,1.311,1.261,1.294,623950176,800160480,False
2025-02-28,1.282,1.289,1.228,1.231,541951001,679088021,False
2025-03-03,1.23,1.242,1.205,1.213,344424400,420699624,False
2025-03-04,1.195,1.257,1.19,1.244,432043998,530379074,False
2025-03-05,1.247,1.261,1.231,1.248,300916800,375033202,False
2025-03-06,1.262,1.292,1.26,1.283,385150310,493735809,False
2025-03-07,1.273,1.281,1.257,1.264,299542500,380104778,False
2025-03-10,1.262,1.27,1.244,1.264,360562500,453031113,False
2025-03-11,1.244,1.263,1.24,1.255,324790730,406063456,False
2025-03-12,1.263,1.272,1.251,1.252,238992500,301606955,False
2025-03-13,1.25,1.25,1.209,1.217,365831500,448984372,False
2025-03-14,1.216,1.241,1.215,1.241,360739100,444023885,False
2025-03-17,1.241,1.242,1.229,1.234,146548300,180956749,False
2025-03-18,1.239,1.258,1.238,1.241,273237100,340208295,False
2025-03-19,1.235,1.243,1.221,1.225,196836500,241887115,False
2025-03-20,1.224,1.228,1.212,1.214,320658800,391465899,False
2025-03-21,1.209,1.215,1.177,1.183,317743000,378464388,False
2025-03-24,1.181,1.194,1.17,1.193,246145900,291703682,False
2025-03-25,1.192,1.194,1.167,1.172,253853900,298898583,False
2025-03-26,1.17,1.182,1.168,1.17,196118900,230716383,False
2025-03-27,1.167,1.2,1.166,1.181,247358882,292042407,False
2025-03-28,1.179,1.185,1.162,1.163,220672900,258372660,False
2025-03-31,1.158,1.169,1.144,1.162,268004000,310335260,False
2025-04-01,1.165,1.172,1.158,1.162,213476100,248875891,False
2025-04-02,1.159,1.17,1.156,1.161,157085400,182510784,False
2025-04-03,1.149,1.175,1.148,1.157,205875507,239535709,False
2025-04-07,1.106,1.121,1.041,1.047,454411342,490473761,False
2025-04-08,1.063,1.081,1.037,1.057,336200308,355952145,False
2025-04-09,1.036,1.126,1.029,1.11,486510550,532066532,False
2025-04-10,1.132,1.143,1.114,1.121,359129600,405005138,False
2025-04-11,1.12,1.198,1.116,1.17,711188400,828971506,False
2025-04-14,1.186,1.188,1.157,1.171,479950900,561245791,False
2025-04-15,1.165,1.166,1.145,1.156,281811300,324552081,False
2025-04-16,1.165,1.169,1.146,1.165,219057300,253807407,False
2025-04-17,1.155,1.184,1.155,1.17,236831200,277921618,False
2025-04-18,1.164,1.166,1.151,1.159,171332741,198263232,False
2025-04-21,1.161,1.172,1.157,1.171,155946600,182153562,False
2025-04-22,1.17,1.177,1.162,1.167,172862900,202215254,False
2025-04-23,1.168,1.173,1.157,1.165,206535500,240247998,False
2025-04-24,1.167,1.168,1.148,1.152,151847000,175457124,False
2025-04-25,1.152,1.159,1.14,1.151,205185200,235652621,False
2025-04-28,1.147,1.159,1.143,1.152,126171520,145305628,False
2025-04-29,1.15,1.165,1.144,1.163,169973644,196253914,False
2025-04-30,1.162,1.178,1.159,1.175,179773600,210675905,False
2025-05-06,1.18,1.193,1.177,1.192,235458914,279465164,False
2025-05-07,1.206,1.211,1.178,1.188,223343893,266147863,False
2025-05-08,1.183,1.187,1.176,1.182,152562304,180144708,False
2025-05-09,1.176,1.177,1.153,1.156,227082508,263507656,False
2025-05-12,1.163,1.169,1.153,1.162,208064937,241354104,False
2025-05-13,1.168,1.173,1.154,1.156,185195372,215316317,False
2025-05-14,1.16,1.169,1.152,1.163,261960800,304017446,False
2025-05-15,1.162,1.162,1.138,1.139,240964792,276237951,False
2025-05-16,1.135,1.141,1.132,1.134,175640500,199640237,False
2025-05-19,1.134,1.144,1.127,1.14,140710100,159767606,False
2025-05-20,1.14,1.149,1.137,1.145,124152700,142149224,False
2025-05-21,1.144,1.144,1.131,1.133,176020500,199678129,False
2025-05-22,1.132,1.144,1.128,1.131,142228600,161532158,False
2025-05-23,1.131,1.134,1.114,1.116,176016400,197767995,False
2025-05-26,1.12,1.126,1.115,1.121,128690500,144058676,False
2025-05-27,1.12,1.12,1.106,1.108,149421801,165986070,False
2025-05-28,1.11,1.111,1.098,1.099,105883909,116699130,False
2025-05-29,1.103,1.121,1.101,1.121,192603706,214383170,False
2025-05-30,1.115,1.116,1.101,1.105,126556100,139832291,False
2025-06-03,1.1,1.119,1.099,1.11,136719200,152102985,False
2025-06-04,1.109,1.121,1.109,1.117,126330300,141026896,False
2025-06-05,1.12,1.138,1.116,1.137,295939238,334292650,False
2025-06-06,1.135,1.143,1.13,1.137,183916174,208729361,False
2025-06-09,1.137,1.14,1.131,1.137,157276700,178432511,False
2025-06-10,1.14,1.141,1.107,1.113,275645200,308111086,False
2025-06-11,1.113,1.121,1.11,1.112,170671700,190230455,False
2025-06-12,1.11,1.111,1.101,1.102,150748100,166481586,False
2025-06-13,1.1,1.106,1.092,1.099,180717900,198414866,False
2025-06-16,1.097,1.109,1.094,1.101,115987700,127788683,False
2025-06-17,1.102,1.106,1.093,1.097,125940600,138284342,False
2025-06-18,1.095,1.111,1.092,1.104,276934700,305619509,False
2025-06-19,1.102,1.12,1.101,1.105,242026600,268968959,False
2025-06-20,1.104,1.112,1.096,1.097,155317887,170951176,False
2025-06-23,1.094,1.115,1.09,1.108,201428368,222857305,False
2025-06-24,1.111,1.128,1.109,1.127,314293155,352914692,False
2025-06-25,1.131,1.149,1.124,1.148,458279445,521257225,False
2025-06-26,1.148,1.159,1.136,1.138,225191116,258496985,False
2025-06-27,1.147,1.154,1.133,1.142,353066058,404039855,False
2025-06-30,1.15,1.161,1.148,1.159,273247553,316020105,False
2025-07-01,1.158,1.162,1.146,1.151,170517945,196538145,False
2025-07-02,1.148,1.148,1.126,1.129,214030369,242554193,False
2025-07-03,1.13,1.136,1.125,1.132,162115200,183010678,False
2025-07-04,1.132,1.147,1.119,1.13,293610700,332098417,False
2025-07-07,1.13,1.134,1.124,1.125,95878900,108074443,False
2025-07-08,1.129,1.142,1.126,1.14,207870500,236134690,False
2025-07-09,1.14,1.142,1.125,1.129,239280500,271045437,False
2025-07-10,1.129,1.129,1.119,1.125,190922700,214521361,False
2025-07-11,1.124,1.144,1.12,1.141,280568600,318698528,False
2025-07-14,1.139,1.144,1.132,1.134,140384400,159477889,False
2025-07-15,1.132,1.138,1.124,1.132,221167600,250054976,False
2025-07-16,1.133,1.151,1.13,1.134,249081300,283981795,False
2025-07-17,1.132,1.142,1.124,1.141,240288300,271892479,False
2025-07-18,1.141,1.157,1.138,1.146,277457300,318270897,False
2025-07-21,1.146,1.148,1.141,1.146,258116500,295256672,False
2025-07-22,1.146,1.155,1.14,1.149,303093707,347814502,False
2025-07-23,1.15,1.166,1.145,1.158,430582605,498121906,False
2025-07-24,1.156,1.174,1.155,1.173,273633600,319487556,False
2025-07-25,1.173,1.204,1.165,1.198,464377380,548531389,False
2025-07-28,1.199,1.202,1.189,1.198,262892605,314345088,False
2025-07-29,1.195,1.217,1.191,1.214,399645699,482949821,False
2025-07-30,1.21,1.221,1.192,1.202,318403230,384563752,False
2025-07-31,1.197,1.213,1.181,1.185,381204108,456633842,False
2025-08-01,1.185,1.196,1.165,1.173,249069140,293336151,False
2025-08-04,1.165,1.187,1.165,1.187,200693269,236931630,False
2025-08-05,1.186,1.191,1.181,1.189,144993636,172162807,False
2025-08-06,1.188,1.2,1.182,1.199,150203100,178989914,False
2025-08-07,1.198,1.219,1.191,1.202,320396899,385931857,False
2025-08-08,1.197,1.197,1.178,1.179,308392000,365858777,False
2025-08-11,1.179,1.191,1.178,1.185,140331200,166329019,False
2025-08-12,1.186,1.226,1.179,1.217,493091823,595782122,False
2025-08-13,1.215,1.229,1.212,1.227,303686572,371283122,False
2025-08-14,1.228,1.275,1.228,1.239,651638215,815922804,False
2025-08-15,1.233,1.261,1.227,1.257,267252615,332796472,False
2025-08-18,1.268,1.297,1.254,1.284,368240124,470988135,False
2025-08-19,1.279,1.29,1.265,1.266,245971557,314331959,False
2025-08-20,1.263,1.32,1.254,1.32,590919041,764549498,False
2025-08-21,1.324,1.353,1.312,1.317,446281834,594623204,False
2025-08-22,1.329,1.449,1.329,1.449,1071125310,1497663384,False
2025-08-25,1.47,1.527,1.434,1.471,1089667428,1601227199,False
2025-08-26,1.442,1.475,1.432,1.46,529065210,770528351,False
2025-08-27,1.468,1.538,1.458,1.465,784731873,1173816158,False
2025-08-28,1.465,1.576,1.465,1.571,891193415,1354992820,False
2025-08-29,1.541,1.541,1.501,1.531,679729809,1033009302,False
2025-09-01,1.554,1.572,1.509,1.552,533605154,822910341,False
2025-09-02,1.544,1.564,1.492,1.507,616612478,940488816,False
2025-09-03,1.5,1.512,1.467,1.472,445523056,662620455,False
2025-09-04,1.471,1.475,1.359,1.375,705651348,993517900,False
2025-09-05,1.375,1.426,1.359,1.418,485589568,674231597,False
2025-09-08,1.411,1.426,1.391,1.423,372685891,526007455,False
2025-09-09,1.407,1.421,1.382,1.391,268460215,375887697,False
2025-09-10,1.393,1.426,1.393,1.411,249202700,351540073,False
2025-09-11,1.405,1.502,1.395,1.499,498284911,731735699,False
2025-09-12,1.502,1.555,1.492,1.526,462584165,706754670,False
2025-09-15,1.57,1.579,1.52,1.533,347955742,536605643,False
2025-09-16,1.533,1.566,1.533,1.551,301991373,468829859,False
2025-09-17,1.545,1.58,1.52,1.565,311328877,484567280,False
2025-09-18,1.58,1.659,1.555,1.598,693117803,1114466225,False
2025-09-19,1.6,1.62,1.566,1.57,355977819,566857243,False
2025-09-22,1.563,1.652,1.557,1.636,394525111,636720740,False
2025-09-23,1.64,1.648,1.586,1.639,355124954,574255157,False
2025-09-24,1.632,1.746,1.628,1.719,497392550,841800780,False
2025-09-25,1.707,1.744,1.692,1.725,326588095,561723157,False
2025-09-26,1.706,1.747,1.698,1.704,260640619,449164185,False
2025-09-29,1.701,1.725,1.667,1.723,285415501,484634964,False
2025-09-30,1.738,1.772,1.731,1.759,298636471,524521368,False
2025-10-09,1.798,1.869,1.786,1.811,365048545,666095052,False
2025-10-10,1.791,1.791,1.688,1.702,518503494,896207455,False
2025-10-13,1.635,1.725,1.632,1.721,444985769,756737278,False
2025-10-14,1.735,1.742,1.615,1.63,430522274,718382289,False
2025-10-15,1.621,1.656,1.6,1.655,319578266,520202164,False
2025-10-16,1.647,1.682,1.635,1.645,215763962,357606598,False
2025-10-17,1.637,1.642,1.578,1.583,292369683,468527303,False
2025-10-20,1.611,1.633,1.581,1.594,315325589,506833775,False
2025-10-21,1.603,1.648,1.592,1.647,371889362,603365033,False
2025-10-22,1.627,1.665,1.604,1.641,443765806,727282026,False
2025-10-23,1.62,1.63,1.596,1.626,230962300,371670368,False
2025-10-24,1.644,1.713,1.642,1.705,395025783,664028824,False
2025-10-27,1.741,1.754,1.706,1.748,381430276,661390873,False
2025-10-28,1.738,1.763,1.72,1.733,262649200,456970285,False
2025-10-29,1.733,1.758,1.71,1.737,256170933,443077184,False
2025-10-30,1.736,1.737,1.696,1.698,268765600,460567442,False
2025-10-31,1.689,1.69,1.631,1.634,394328700,650391664,False
2025-11-03,1.616,1.616,1.572,1.615,363284927,579709524,False
2025-11-04,1.618,1.632,1.592,1.603,203697612,328782299,False
2025-11-05,1.571,1.598,1.56,1.59,255847017,403399180,False
2025-11-06,1.61,1.654,1.606,1.649,384454306,627249556,False
2025-11-07,1.627,1.646,1.619,1.628,204159800,332890835,False
2025-11-10,1.631,1.65,1.593,1.619,210375731,340326370,False
2025-11-11,1.627,1.639,1.587,1.592,212259272,341238273,False
2025-11-12,1.577,1.596,1.56,1.583,224896920,354513626,False
2025-11-13,1.583,1.618,1.575,1.613,259572301,415572006,False
2025-11-14,1.591,1.593,1.559,1.561,282235260,444423919,False
2025-11-17,1.559,1.585,1.545,1.555,214367814,334887168,False
2025-11-18,1.55,1.59,1.547,1.568,277918485,437319985,False
2025-11-19,1.561,1.574,1.543,1.552,204534333,318294171,False
2025-11-20,1.572,1.58,1.528,1.532,194094813,299376846,False
2025-11-21,1.5,1.509,1.467,1.468,263028106,390743663,False
2025-11-24,1.473,1.494,1.45,1.48,207588252,305019838,False
2025-11-25,1.492,1.518,1.489,1.495,211355718,317224445,False
2025-11-26,1.486,1.531,1.482,1.516,225730279,342100300,False
2025-11-27,1.53,1.568,1.515,1.519,234747900,362741292,False
2025-11-28,1.511,1.543,1.504,1.539,170395659,260333705,False
2025-12-01,1.545,1.568,1.521,1.567,193800955,300179026,False
2025-12-02,1.566,1.568,1.536,1.543,133429368,206681537,False
2025-12-03,1.543,1.553,1.526,1.534,116683000,179637353,False
2025-12-04,1.53,1.564,1.512,1.563,188884400,291652010,False
2025-12-05,1.56,1.566,1.534,1.559,151856000,235791478,False
2025-12-08,1.56,1.607,1.559,1.596,228543122,362454330,False
2025-12-09,1.582,1.606,1.577,1.59,166965100,265745182,False
2025-12-10,1.58,1.596,1.557,1.592,152820896,240705161,False
2025-12-11,1.592,1.598,1.565,1.567,124776395,197207092,False
2025-12-12,1.562,1.599,1.547,1.591,228676183,361335855,False
2025-12-15,1.574,1.593,1.553,1.555,158593757,249314867,False
2025-12-16,1.547,1.556,1.513,1.524,156663347,239952819,False
2025-12-17,1.521,1.565,1.516,1.561,206812579,318953393,False
2025-12-18,1.547,1.565,1.545,1.546,127838445,198632417,False
2025-12-19,1.561,1.568,1.543,1.546,151955424,235829182,False
2025-12-22,1.55,1.593,1.55,1.587,226500821,358043493,False
2025-12-23,1.588,1.616,1.585,1.604,203923507,327348607,False
2025-12-24,1.605,1.626,1.598,1.625,175918698,284090298,False
2025-12-25,1.625,1.635,1.608,1.624,139861904,227004587,False
2025-12-26,1.621,1.635,1.607,1.618,132310578,214523229,False
2025-12-29,1.613,1.642,1.613,1.621,170038175,277260474,False
2025-12-30,1.618,1.652,1.616,1.639,184401861,302543731,False
2025-12-31,1.648,1.652,1.613,1.618,150525620,244875905,False
2026-01-05,1.636,1.69,1.636,1.689,319649841,534327711,False
2026-01-06,1.689,1.744,1.686,1.727,215506457,370558052,False
2026-01-07,1.751,1.775,1.741,1.763,310365329,545412022,False
2026-01-08,1.756,1.805,1.75,1.77,238937907,425367171,False
2026-01-09,1.755,1.785,1.74,1.781,208324967,368027739,False
2026-01-12,1.792,1.818,1.781,1.818,220385243,397883856,False
2026-01-13,1.813,1.818,1.741,1.751,255404994,453563136,False
2026-01-14,1.758,1.811,1.758,1.778,250814463,447488361,False
2026-01-15,1.769,1.805,1.751,1.804,201634832,358842639,False
2026-01-16,1.825,1.885,1.821,1.871,322481153,595605279,False
2026-01-19,1.881,1.881,1.852,1.86,193374809,360712325,False
2026-01-20,1.855,1.891,1.833,1.845,189766292,352694628,False
2026-01-21,1.84,1.932,1.84,1.924,267068535,510091522,False
2026-01-22,1.973,1.975,1.891,1.908,242825892,465905549,False
2026-01-23,1.898,1.916,1.876,1.913,182321815,345742156,False
2026-01-26,1.914,1.93,1.865,1.872,237004007,446250614,False
2026-01-27,1.864,1.918,1.838,1.91,235557004,443855723,False
2026-01-28,1.927,1.958,1.91,1.936,297762343,575707486,False
2026-01-29,1.936,1.94,1.855,1.863,292252367,552168879,False
2026-01-30,1.858,1.894,1.815,1.875,220702354,410738744,False
2026-02-02,1.855,1.858,1.773,1.78,281317686,508952481,False
2026-02-03,1.81,1.816,1.758,1.804,279882536,502388958,False
2026-02-04,1.775,1.777,1.742,1.768,255557600,449157594,False
2026-02-05,1.736,1.754,1.714,1.747,197026100,341398807,False
2026-02-06,1.722,1.751,1.711,1.73,181865326,315068583,False
2026-02-09,1.763,1.788,1.75,1.788,194230565,344030348,False
2026-02-10,1.794,1.818,1.787,1.794,159243500,286360546,False
2026-02-11,1.787,1.788,1.764,1.775,99577496,176927950,False
2026-02-12,1.781,1.815,1.777,1.814,141223286,253675508,False
2026-02-13,1.801,1.837,1.796,1.815,161877617,295431686,False
2026-02-24,1.84,1.845,1.797,1.822,145783329,265421810,False
2026-02-25,1.821,1.841,1.794,1.833,165023080,300566339,False
2026-02-26,1.837,1.87,1.809,1.858,178091400,327775472,False
2026-02-27,1.834,1.85,1.81,1.844,158429834,289503474,False
2026-03-02,1.811,1.843,1.807,1.811,172342945,313671739,False
2026-03-03,1.811,1.822,1.705,1.709,269765139,472540952,False
2026-03-04,1.687,1.743,1.687,1.707,160437520,275610547,False
2026-03-05,1.745,1.767,1.73,1.742,197713208,346148144,False
2026-03-06,1.733,1.758,1.73,1.743,124354336,217009942,False
2026-03-09,1.708,1.715,1.651,1.707,241478363,404697333,False
2026-03-10,1.74,1.753,1.723,1.746,159299436,277521856,False
2026-03-11,1.75,1.761,1.725,1.729,132002000,229546470,False
2026-03-12,1.728,1.747,1.691,1.706,152906717,261914342,False
2026-03-13,1.683,1.722,1.681,1.692,141263763,239923770,False
2026-03-16,1.689,1.729,1.66,1.725,263738200,447082849,False
2026-03-17,1.729,1.732,1.676,1.679,200760300,342001885,False
2026-03-18,1.685,1.719,1.681,1.717,192842034,328143015,False
2026-03-19,1.683,1.691,1.664,1.674,200996787,337228643,False
2026-03-20,1.682,1.685,1.644,1.644,177303045,295738501,False
2026-03-23,1.62,1.62,1.551,1.561,258980434,411102187,False
2026-03-24,1.579,1.589,1.534,1.587,178318816,278630228,False
2026-03-25,1.591,1.644,1.591,1.628,231526871,376475961,False
2026-03-26,1.622,1.622,1.582,1.588,132542955,212147287,False
2026-03-27,1.588,1.588,1.588,1.588,227788846,179929990,False
2026-03-30,0.78,0.8,0.778,0.796,215405728,169912900,False
2026-03-31,0.79,0.793,0.767,0.768,219246175,170759194,False
2026-04-01,0.786,0.796,0.784,0.792,265749399,209969239,False
2026-04-02,0.792,0.792,0.763,0.769,239850200,185524500,False
2026-04-03,0.775,0.777,0.765,0.767,165978200,127784403,False
2026-04-07,0.77,0.786,0.77,0.779,203474000,158828613,False
2026-04-08,0.801,0.83,0.801,0.829,472103370,385048135,False
2026-04-09,0.818,0.84,0.814,0.83,295866827,245352725,False
2026-04-10,0.842,0.856,0.841,0.846,286124000,242865178,False
2026-04-13,0.836,0.865,0.836,0.849,272942900,232664251,False
2026-04-14,0.862,0.875,0.859,0.869,320329880,277919464,False
2026-04-15,0.879,0.885,0.86,0.865,303138173,264924100,False
2026-04-16,0.865,0.878,0.859,0.876,239782300,208666676,False
2026-04-17,0.876,0.889,0.871,0.881,220610500,194443772,False
2026-04-20,0.881,0.899,0.881,0.897,217875129,194478890,False
2026-04-21,0.895,0.897,0.871,0.884,194365353,171341572,False
2026-04-22,0.881,0.909,0.88,0.908,324808700,292110652,False
2026-04-23,0.918,0.922,0.888,0.897,369592508,334759454,False
2026-04-24,0.897,0.922,0.889,0.91,411926000,374430845,False
2026-04-27,0.923,0.957,0.92,0.953,469719786,442728291,False
2026-04-28,0.947,0.968,0.935,0.941,342294350,325133436,False
2026-04-29,0.932,0.941,0.911,0.94,320528104,297868220,False
2026-04-30,0.951,0.99,0.95,0.983,567818282,552324353,False
2026-05-06,1.026,1.079,1.024,1.042,635468969,670029800,False
2026-05-07,1.047,1.059,1.032,1.054,393489675,410987695,False
2026-05-08,1.037,1.038,1.015,1.026,388462542,398838911,False
2026-05-11,1.058,1.1,1.053,1.092,709386027,764586081,False
2026-05-12,1.093,1.109,1.069,1.097,479155511,521298038,False
2026-05-13,1.07,1.13,1.059,1.127,550607828,601649135,False
2026-05-14,1.138,1.145,1.098,1.1,464062706,518981539,False
2026-05-15,1.094,1.142,1.063,1.092,638810800,701587852,False
2026-05-18,1.091,1.137,1.091,1.107,460632370,512738154,False
2026-05-19,1.093,1.149,1.071,1.149,572979611,635939386,False
2026-05-20,1.14,1.202,1.139,1.201,701438981,830186247,False
2026-05-21,1.225,1.245,1.151,1.159,701435149,845089771,False
2026-05-22,1.16,1.188,1.145,1.186,493974246,575762154,False
2026-05-25,1.186,1.269,1.168,1.269,681764500,841318615,False
2026-05-26,1.269,1.27,1.217,1.256,621627262,770467902,False
2026-05-27,1.264,1.29,1.222,1.227,729412388,917978543,False
2026-05-28,1.209,1.244,1.204,1.237,583370800,715885286,False
2026-05-29,1.238,1.242,1.15,1.164,779637471,926451223,False
2026-06-01,1.162,1.166,1.099,1.102,635810219,717407507,False
2026-06-02,1.102,1.137,1.084,1.119,517526436,575358690,False
2026-06-03,1.12,1.188,1.12,1.158,666374420,773047804,False
2026-06-04,1.134,1.189,1.133,1.18,409574434,480432030,False
2026-06-05,1.156,1.169,1.113,1.121,499275867,569622460,False
2026-06-08,1.06,1.096,1.051,1.068,558344140,601699231,False
2026-06-09,1.095,1.125,1.077,1.123,425050879,468104583,False
