date,open,high,low,close,volume,amount,suspended
2016-08-08,0.995,1.006,0.988,1.004,153492108,153164739,False
2016-08-09,1.002,1.016,1.002,1.012,45656067,46082947,False
2016-08-10,1.013,1.021,1.008,1.01,29543368,29975006,False
2016-08-11,1.01,1.029,1.009,1.014,37019624,37790066,False
2016-08-12,1.013,1.041,1.009,1.037,36498955,37355020,False
2016-08-15,1.044,1.132,1.04,1.097,108427801,117707931,False
2016-08-16,1.1,1.102,1.084,1.086,62083760,67776092,False
2016-08-17,1.095,1.106,1.072,1.08,40260190,43826593,False
2016-08-18,1.071,1.085,1.062,1.068,45597235,48873984,False
2016-08-19,1.068,1.073,1.06,1.068,36301312,38746370,False
2016-08-22,1.071,1.071,1.044,1.045,34605840,36569456,False
2016-08-23,1.048,1.062,1.044,1.056,24477575,25778161,False
2016-08-24,1.058,1.06,1.045,1.049,19764000,20780326,False
2016-08-25,1.045,1.058,1.038,1.054,24633332,25890452,False
2016-08-26,1.051,1.057,1.046,1.048,17801757,18724561,False
2016-08-29,1.048,1.053,1.042,1.049,12260053,12835434,False
2016-08-30,1.05,1.062,1.047,1.054,23384259,24691966,False
2016-08-31,1.051,1.067,1.05,1.061,27296587,28945104,False
2016-09-01,1.06,1.06,1.044,1.044,25067000,26393289,False
2016-09-02,1.041,1.063,1.039,1.051,23398195,24635967,False
2016-09-05,1.05,1.067,1.05,1.054,38431002,40671241,False
2016-09-06,1.053,1.06,1.04,1.057,25749077,27041171,False
2016-09-07,1.057,1.064,1.053,1.056,21027732,22267356,False
2016-09-08,1.055,1.057,1.05,1.054,14973145,15783936,False
2016-09-09,1.053,1.059,1.048,1.049,28409100,29982672,False
2016-09-12,1.04,1.04,1.011,1.023,42578338,43491163,False
2016-09-13,1.021,1.026,1.015,1.02,14943200,15221765,False
2016-09-14,1.015,1.018,1.009,1.012,13102200,13274348,False
2016-09-19,1.012,1.018,1.012,1.015,10762100,10918142,False
2016-09-20,1.015,1.016,1.01,1.013,23259931,23539946,False
2016-09-21,1.012,1.027,1.012,1.02,38803144,39474500,False
2016-09-22,1.026,1.029,1.02,1.02,15386044,15754393,False
2016-09-23,1.02,1.023,1.015,1.016,14765020,15052047,False
2016-09-26,1.016,1.016,0.996,0.998,20983120,21080177,False
2016-09-27,0.997,1.008,0.996,1.008,19371420,19416929,False
2016-09-28,1.006,1.008,1.002,1.002,6918844,6950766,False
2016-09-29,1.004,1.025,1.004,1.016,15085047,15329279,False
2016-09-30,1.014,1.018,1.012,1.017,12053971,12237644,False
2016-10-10,1.02,1.032,1.019,1.03,21597353,22168751,False
2016-10-11,1.029,1.035,1.027,1.032,14053201,14472926,False
2016-10-12,1.03,1.034,1.025,1.029,15680624,16159167,False
2016-10-13,1.027,1.034,1.026,1.03,13465500,13866866,False
2016-10-14,1.03,1.032,1.021,1.03,15834500,16238533,False
2016-10-17,1.03,1.032,1.013,1.013,14166035,14497419,False
2016-10-18,1.013,1.042,1.013,1.036,27449354,28215858,False
2016-10-19,1.037,1.039,1.03,1.032,14633300,15135889,False
2016-10-20,1.032,1.035,1.028,1.031,14964161,15430752,False
2016-10-21,1.029,1.047,1.028,1.035,21480556,22264784,False
2016-10-24,1.035,1.078,1.035,1.061,47401085,50354094,False
2016-10-25,1.06,1.06,1.05,1.054,10030579,10565683,False
2016-10-26,1.055,1.063,1.049,1.051,14251900,15025009,False
2016-10-27,1.049,1.054,1.047,1.053,19831205,20828317,False
2016-10-28,1.056,1.09,1.056,1.06,24529671,26369783,False
2016-10-31,1.055,1.065,1.042,1.06,16811311,17694036,False
2016-11-01,1.058,1.074,1.058,1.07,27260347,29110591,False
2016-11-02,1.067,1.083,1.063,1.064,18021672,19337187,False
2016-11-03,1.06,1.109,1.06,1.089,81183345,88598029,False
2016-11-04,1.088,1.098,1.08,1.083,16280694,17781190,False
2016-11-07,1.085,1.094,1.084,1.089,8455491,9202719,False
2016-11-08,1.095,1.106,1.089,1.091,14595913,15996541,False
2016-11-09,1.093,1.093,1.067,1.078,23586966,25395638,False
2016-11-10,1.09,1.105,1.087,1.095,30267507,33253742,False
2016-11-11,1.098,1.143,1.095,1.133,56521385,63486357,False
2016-11-14,1.13,1.17,1.124,1.142,69124807,79892319,False
2016-11-15,1.141,1.148,1.127,1.132,16890091,19217640,False
2016-11-16,1.138,1.142,1.126,1.14,27671088,31461495,False
2016-11-17,1.135,1.141,1.124,1.136,28057718,31798115,False
2016-11-18,1.13,1.133,1.114,1.119,29109000,32743143,False
2016-11-21,1.113,1.134,1.112,1.119,31463944,35488548,False
2016-11-22,1.124,1.141,1.124,1.135,22712227,25719705,False
2016-11-23,1.137,1.143,1.122,1.126,16324397,18482306,False
2016-11-24,1.124,1.153,1.123,1.137,35681731,40706223,False
2016-11-25,1.134,1.145,1.117,1.141,55584823,62944812,False
2016-11-28,1.156,1.156,1.135,1.136,26760123,30562693,False
2016-11-29,1.134,1.153,1.122,1.139,40098105,45528378,False
2016-11-30,1.136,1.151,1.126,1.13,21378326,24384075,False
2016-12-01,1.128,1.145,1.128,1.141,19292500,21941118,False
2016-12-02,1.141,1.143,1.116,1.119,23881300,26873102,False
2016-12-05,1.109,1.113,1.08,1.083,25532119,27850884,False
2016-12-06,1.082,1.089,1.079,1.082,16021020,17370985,False
2016-12-07,1.082,1.089,1.079,1.089,14914986,16179957,False
2016-12-08,1.091,1.091,1.077,1.078,14402600,15580062,False
2016-12-09,1.077,1.09,1.075,1.082,16332400,17689360,False
2016-12-12,1.079,1.083,1.045,1.051,24173185,25573401,False
2016-12-13,1.048,1.058,1.044,1.053,14025400,14765215,False
2016-12-14,1.055,1.055,1.04,1.041,11775200,12330893,False
2016-12-15,1.042,1.047,1.032,1.037,15161100,15742687,False
2016-12-16,1.038,1.043,1.034,1.037,11995500,12437164,False
2016-12-19,1.037,1.037,1.027,1.028,10260400,10561413,False
2016-12-20,1.028,1.033,1.023,1.03,12057500,12389437,False
2016-12-21,1.034,1.044,1.033,1.037,11384000,11829613,False
2016-12-22,1.038,1.038,1.029,1.032,10257300,10590625,False
2016-12-23,1.032,1.032,1.02,1.022,11811681,12084871,False
2016-12-26,1.021,1.035,1.011,1.033,12561297,12875513,False
2016-12-27,1.03,1.035,1.025,1.027,4960600,5111259,False
2016-12-28,1.027,1.031,1.022,1.025,8782913,9011484,False
2016-12-29,1.025,1.03,1.022,1.024,11453940,11747963,False
2016-12-30,1.027,1.03,1.02,1.027,11112232,11383583,False
2017-01-03,1.028,1.043,1.028,1.04,8804000,9135084,False
2017-01-04,1.038,1.045,1.036,1.044,9018400,9398174,False
2017-01-05,1.045,1.045,1.039,1.04,9841373,10244076,False
2017-01-06,1.042,1.042,1.028,1.03,9537600,9855754,False
2017-01-09,1.028,1.035,1.027,1.031,9804900,10113932,False
2017-01-10,1.032,1.039,1.03,1.033,9092680,9419041,False
2017-01-11,1.033,1.04,1.03,1.031,9132800,9442238,False
2017-01-12,1.028,1.039,1.027,1.032,10407500,10769423,False
2017-01-13,1.031,1.04,1.024,1.035,9514300,9827620,False
2017-01-16,1.03,1.037,1.011,1.031,17377100,17837389,False
2017-01-17,1.027,1.029,1.016,1.027,7869400,8052109,False
2017-01-18,1.026,1.033,1.023,1.026,13201700,13575457,False
2017-01-19,1.026,1.036,1.023,1.03,8986900,9247765,False
2017-01-20,1.03,1.04,1.028,1.039,12042800,12477033,False
2017-01-23,1.037,1.047,1.035,1.038,6428000,6681525,False
2017-01-24,1.04,1.04,1.033,1.033,5293600,5476622,False
2017-01-25,1.033,1.036,1.03,1.035,3500400,3617663,False
2017-01-26,1.037,1.042,1.036,1.041,3897400,4051308,False
2017-02-03,1.041,1.042,1.03,1.031,3059300,3165761,False
2017-02-06,1.032,1.035,1.029,1.031,8289300,8547266,False
2017-02-07,1.031,1.032,1.023,1.026,8296200,8512144,False
2017-02-08,1.027,1.048,1.02,1.045,22290600,23106952,False
2017-02-09,1.042,1.052,1.041,1.044,10142300,10612651,False
2017-02-10,1.046,1.057,1.042,1.05,9811700,10308158,False
2017-02-13,1.05,1.063,1.05,1.058,23711564,25090447,False
2017-02-14,1.058,1.061,1.052,1.056,17332664,18350492,False
2017-02-15,1.055,1.062,1.048,1.049,14346147,15135066,False
2017-02-16,1.048,1.062,1.045,1.059,9026047,9504261,False
2017-02-17,1.062,1.088,1.058,1.059,51725900,55679260,False
2017-02-20,1.054,1.068,1.052,1.067,12395578,13164538,False
2017-02-21,1.068,1.085,1.066,1.072,16322800,17579630,False
2017-02-22,1.074,1.074,0.965,1.069,10955400,11590887,False
2017-02-23,1.069,1.07,1.054,1.059,8705060,9244596,False
2017-02-24,1.058,1.065,1.056,1.063,6457160,6849026,False
2017-02-27,1.062,1.062,1.05,1.052,8196360,8657032,False
2017-02-28,1.051,1.057,1.05,1.052,6129500,6450677,False
2017-03-01,1.052,1.06,1.051,1.052,4019700,4239700,False
2017-03-02,1.055,1.067,1.05,1.051,6889600,7296201,False
2017-03-03,1.048,1.049,1.04,1.042,12093800,12615619,False
2017-03-06,1.042,1.051,1.04,1.051,8405000,8797222,False
2017-03-07,1.051,1.052,1.046,1.05,3600054,3777296,False
2017-03-08,1.051,1.054,1.045,1.047,5804500,6078445,False
2017-03-09,1.045,1.046,1.037,1.043,15424900,16053850,False
2017-03-10,1.042,1.045,1.038,1.039,2360900,2458331,False
2017-03-13,1.036,1.043,1.031,1.042,10424738,10827454,False
2017-03-14,1.042,1.047,1.039,1.041,11506938,11995641,False
2017-03-15,1.042,1.045,1.039,1.042,9002510,9370233,False
2017-03-16,1.044,1.063,1.041,1.063,18541410,19623987,False
2017-03-17,1.062,1.066,1.043,1.044,11651400,12278291,False
2017-03-20,1.043,1.047,1.033,1.037,9796791,10167434,False
2017-03-21,1.039,1.039,1.03,1.032,8294638,8570297,False
2017-03-22,1.029,1.03,1.016,1.017,18928900,19313515,False
2017-03-23,1.017,1.027,1.017,1.02,21894760,22397541,False
2017-03-24,1.02,1.04,1.018,1.035,16267324,16676584,False
2017-03-27,1.032,1.041,1.03,1.033,11976700,12400591,False
2017-03-28,1.032,1.033,1.026,1.028,7256491,7471974,False
2017-03-29,1.029,1.029,1.017,1.019,10208300,10437942,False
2017-03-30,1.02,1.023,1.013,1.016,11714773,11924330,False
2017-03-31,1.015,1.018,1.012,1.016,5899400,5985970,False
2017-04-05,1.018,1.032,1.016,1.031,11348100,11656842,False
2017-04-06,1.031,1.033,1.027,1.03,7028100,7238814,False
2017-04-07,1.03,1.035,1.027,1.033,6645090,6857884,False
2017-04-10,1.029,1.033,1.023,1.024,7547600,7745317,False
2017-04-11,1.022,1.027,1.011,1.024,14611400,14875799,False
2017-04-12,1.025,1.043,1.025,1.031,32807032,33978317,False
2017-04-13,1.03,1.032,1.026,1.028,9225732,9489483,False
2017-04-14,1.028,1.028,1.014,1.019,16165000,16490975,False
2017-04-17,1.017,1.021,1.007,1.018,14100400,14294432,False
2017-04-18,1.016,1.016,1.006,1.007,12639500,12771798,False
2017-04-19,1.007,1.007,0.993,0.999,19424700,19381273,False
2017-04-20,0.999,1.002,0.988,0.998,9581500,9524616,False
2017-04-21,0.998,1.007,0.994,1.005,12394700,12391747,False
2017-04-24,1.001,1.005,0.991,1.003,17047800,16985740,False
2017-04-25,1.001,1.004,0.997,0.997,7464500,7459126,False
2017-04-26,0.998,1.009,0.995,1.001,9018100,9039996,False
2017-04-27,0.998,1.001,0.99,0.998,7154500,7113297,False
2017-04-28,0.997,1.0,0.993,0.999,10986700,10950408,False
2017-05-02,1.0,1.0,0.991,0.992,5633500,5594779,False
2017-05-03,0.992,0.994,0.981,0.985,10591700,10457641,False
2017-05-04,0.983,0.983,0.975,0.977,11202534,10963374,False
2017-05-05,0.974,0.974,0.951,0.96,27122200,25990724,False
2017-05-08,0.955,0.962,0.944,0.958,29703134,28241892,False
2017-05-09,0.955,0.96,0.953,0.956,5937200,5679977,False
2017-05-10,0.956,0.958,0.946,0.949,12044200,11469358,False
2017-05-11,0.94,0.953,0.94,0.95,10704500,10095125,False
2017-05-12,0.949,0.968,0.947,0.96,11711100,11254302,False
2017-05-15,0.961,0.969,0.959,0.965,10736100,10359187,False
2017-05-16,0.964,0.97,0.957,0.97,9032900,8709682,False
2017-05-17,0.969,0.981,0.967,0.968,10691600,10400170,False
2017-05-18,0.964,0.966,0.956,0.96,10634000,10216207,False
2017-05-19,0.957,0.96,0.953,0.956,10748875,10277779,False
2017-05-22,0.955,0.955,0.937,0.942,20705400,19561588,False
2017-05-23,0.941,0.947,0.936,0.945,19316300,18189375,False
2017-05-24,0.944,0.95,0.938,0.949,9816200,9281786,False
2017-05-25,0.944,0.99,0.944,0.987,28820200,28030054,False
2017-05-26,0.983,0.994,0.98,0.984,12475400,12323892,False
2017-05-31,0.992,1.002,0.984,0.99,14981900,14868608,False
2017-06-01,0.99,0.995,0.981,0.985,12728200,12592865,False
2017-06-02,0.985,0.99,0.979,0.987,9047400,8904662,False
2017-06-05,0.989,0.989,0.979,0.982,9509700,9344247,False
2017-06-06,0.983,0.988,0.981,0.986,11108102,10921830,False
2017-06-07,0.986,0.997,0.984,0.995,25625502,25463468,False
2017-06-08,0.995,0.996,0.99,0.994,8283400,8225280,False
2017-06-09,0.993,1.002,0.987,0.99,13039835,12943881,False
2017-06-12,0.988,0.99,0.975,0.977,13048635,12824512,False
2017-06-13,0.976,0.987,0.973,0.982,8250800,8088390,False
2017-06-14,0.982,0.986,0.978,0.983,10739900,10560338,False
2017-06-15,0.982,0.997,0.981,0.993,19534800,19380325,False
2017-06-16,0.994,0.998,0.989,0.99,13469800,13391414,False
2017-06-19,0.99,1.012,0.988,1.008,26941300,27115548,False
2017-06-20,1.012,1.015,1.003,1.007,15660700,15815522,False
2017-06-21,1.019,1.025,1.003,1.008,14550600,14709483,False
2017-06-22,1.005,1.025,1.003,1.009,27716900,28177146,False
2017-06-23,1.008,1.008,0.995,1.007,13877600,13899047,False
2017-06-26,1.007,1.022,1.006,1.02,21751100,22111982,False
2017-06-27,1.019,1.021,1.015,1.018,12004200,12219621,False
2017-06-28,1.015,1.019,1.011,1.014,7183500,7287571,False
2017-06-29,1.015,1.018,1.01,1.012,7827400,7925873,False
2017-06-30,1.012,1.013,1.005,1.011,9423585,9521982,False
2017-07-03,1.011,1.013,1.003,1.007,9655800,9720894,False
2017-07-04,1.007,1.007,0.998,0.998,11147700,11167110,False
2017-07-05,0.999,1.007,0.998,1.006,11676000,11685643,False
2017-07-06,1.006,1.007,0.997,1.004,7588192,7599785,False
2017-07-07,1.004,1.02,0.995,1.017,24333600,24528260,False
2017-07-10,1.012,1.036,1.01,1.024,29924500,30725330,False
2017-07-11,1.025,1.041,1.023,1.028,31392092,32470436,False
2017-07-12,1.027,1.035,1.017,1.022,15485800,15900721,False
2017-07-13,1.025,1.043,1.022,1.041,25957400,26844635,False
2017-07-14,1.042,1.048,1.036,1.041,15187600,15822020,False
2017-07-17,1.04,1.045,1.011,1.011,32292300,33150057,False
2017-07-18,1.012,1.014,0.993,1.002,22143700,22222434,False
2017-07-19,1.004,1.068,0.999,1.065,52039556,53982755,False
2017-07-20,1.067,1.072,1.056,1.061,37384531,39754464,False
2017-07-21,1.055,1.067,1.048,1.054,17616400,18639967,False
2017-07-24,1.053,1.064,1.05,1.055,21291300,22507051,False
2017-07-25,1.056,1.064,1.042,1.044,11489000,12044632,False
2017-07-26,1.048,1.053,1.038,1.048,24356800,25410690,False
2017-07-27,1.049,1.062,1.034,1.056,28539000,29997343,False
2017-07-28,1.053,1.055,1.047,1.049,12214200,12822484,False
2017-07-31,1.049,1.062,1.041,1.055,26306100,27650211,False
2017-08-01,1.055,1.078,1.052,1.068,37215441,39781412,False
2017-08-02,1.069,1.09,1.065,1.075,41099332,44303489,False
2017-08-03,1.076,1.082,1.065,1.071,14635098,15729126,False
2017-08-04,1.068,1.092,1.064,1.074,25849730,27938588,False
2017-08-07,1.072,1.072,1.056,1.06,23196200,24664669,False
2017-08-08,1.06,1.072,1.051,1.064,35754100,37919666,False
2017-08-09,1.062,1.062,1.049,1.052,24312800,25603934,False
2017-08-10,1.051,1.063,1.042,1.054,32058600,33768657,False
2017-08-11,1.044,1.046,1.021,1.025,37630800,38962740,False
2017-08-14,1.024,1.044,1.023,1.042,22654900,23417537,False
2017-08-15,1.039,1.046,1.034,1.038,12165400,12648445,False
2017-08-16,1.036,1.044,1.032,1.039,10812500,11230440,False
2017-08-17,1.039,1.048,1.036,1.048,24834300,25888629,False
2017-08-18,1.042,1.046,1.036,1.039,21645900,22525822,False
2017-08-21,1.037,1.044,1.037,1.042,12570641,13079805,False
2017-08-22,1.044,1.05,1.037,1.042,21469400,22431529,False
2017-08-23,1.043,1.062,1.04,1.05,45769900,48212126,False
2017-08-24,1.05,1.052,1.035,1.036,24539541,25616653,False
2017-08-25,1.034,1.067,1.034,1.065,65606500,69288628,False
2017-08-28,1.068,1.137,1.068,1.127,94596620,105073436,False
2017-08-29,1.123,1.13,1.113,1.115,41914400,46929050,False
2017-08-30,1.115,1.144,1.113,1.116,70855700,80252131,False
2017-08-31,1.12,1.133,1.117,1.129,58484300,65862898,False
2017-09-01,1.13,1.142,1.128,1.136,32780500,37172835,False
2017-09-04,1.136,1.141,1.126,1.133,29251000,33114162,False
2017-09-05,1.132,1.141,1.128,1.131,23571500,26771713,False
2017-09-06,1.127,1.131,1.112,1.125,35737600,40035710,False
2017-09-07,1.124,1.135,1.111,1.114,32762700,36837948,False
2017-09-08,1.114,1.117,1.103,1.107,35473220,39348874,False
2017-09-11,1.103,1.117,1.102,1.11,28712720,31887478,False
2017-09-12,1.113,1.136,1.112,1.12,66110120,74415041,False
2017-09-13,1.119,1.124,1.112,1.117,17331132,19361055,False
2017-09-14,1.118,1.13,1.112,1.115,27703000,31048820,False
2017-09-15,1.113,1.124,1.106,1.118,46920000,52421809,False
2017-09-18,1.116,1.138,1.116,1.131,47041800,53182002,False
2017-09-19,1.134,1.134,1.109,1.114,28338000,31724439,False
2017-09-20,1.114,1.118,1.109,1.116,16164300,18009132,False
2017-09-21,1.116,1.129,1.113,1.114,25216700,28337783,False
2017-09-22,1.11,1.114,1.098,1.11,31412215,34730239,False
2017-09-25,1.108,1.108,1.098,1.102,19167620,21142061,False
2017-09-26,1.101,1.105,1.1,1.103,13508895,14904003,False
2017-09-27,1.103,1.106,1.101,1.101,13818600,15244418,False
2017-09-28,1.103,1.104,1.098,1.1,11665000,12837191,False
2017-09-29,1.102,1.119,1.101,1.112,21782400,24223417,False
2017-10-09,1.138,1.14,1.111,1.112,19500900,21861125,False
2017-10-10,1.113,1.115,1.1,1.111,21463800,23781525,False
2017-10-11,1.11,1.112,1.104,1.104,9837500,10897070,False
2017-10-12,1.104,1.109,1.098,1.1,15265100,16815064,False
2017-10-13,1.102,1.105,1.099,1.104,17156181,18911227,False
2017-10-16,1.104,1.111,1.095,1.096,25687800,28385944,False
2017-10-17,1.095,1.096,1.084,1.086,21640100,23548911,False
2017-10-18,1.088,1.092,1.083,1.085,18867500,20529087,False
2017-10-19,1.085,1.086,1.059,1.065,44880748,47953469,False
2017-10-20,1.063,1.068,1.061,1.067,12872748,13712054,False
2017-10-23,1.066,1.068,1.059,1.062,16734600,17767080,False
2017-10-24,1.061,1.074,1.06,1.071,35243200,37693445,False
2017-10-25,1.071,1.076,1.067,1.072,12098400,12967082,False
2017-10-26,1.07,1.087,1.068,1.076,29030100,31336681,False
2017-10-27,1.076,1.079,1.064,1.066,23121300,24774024,False
2017-10-30,1.065,1.065,1.027,1.041,66748553,69332441,False
2017-10-31,1.039,1.04,1.03,1.035,15782253,16330168,False
2017-11-01,1.034,1.043,1.028,1.029,35132300,36397802,False
2017-11-02,1.03,1.042,1.021,1.033,54762960,56492314,False
2017-11-03,1.03,1.032,1.021,1.031,41213119,42300950,False
2017-11-06,1.028,1.031,1.022,1.03,17005684,17454375,False
2017-11-07,1.03,1.048,1.029,1.044,45666500,47462749,False
2017-11-08,1.044,1.084,1.04,1.062,73245395,77999581,False
2017-11-09,1.061,1.068,1.057,1.064,12221100,12981523,False
2017-11-10,1.065,1.072,1.056,1.066,34336700,36525368,False
2017-11-13,1.065,1.077,1.059,1.06,25427884,27165542,False
2017-11-14,1.058,1.061,1.047,1.05,39358600,41456690,False
2017-11-15,1.05,1.055,1.043,1.046,24286500,25492486,False
2017-11-16,1.045,1.045,1.027,1.028,50715600,52536781,False
2017-11-17,1.029,1.039,1.02,1.036,71494900,73683104,False
2017-11-20,1.031,1.031,1.012,1.021,69834600,71240475,False
2017-11-21,1.024,1.076,1.022,1.062,206241300,218756936,False
2017-11-22,1.06,1.078,1.058,1.065,82609884,88203840,False
2017-11-23,1.065,1.079,1.036,1.04,44462100,47117083,False
2017-11-24,1.036,1.043,1.03,1.042,41044110,42468400,False
2017-11-27,1.039,1.05,1.031,1.04,83299247,86682714,False
2017-11-28,1.04,1.044,1.032,1.043,30952000,32096187,False
2017-11-29,1.043,1.044,1.027,1.041,43494500,45013374,False
2017-11-30,1.039,1.059,1.034,1.039,51115562,53576443,False
2017-12-01,1.038,1.045,1.034,1.036,43480400,45170115,False
2017-12-04,1.035,1.036,1.022,1.026,42418900,43580841,False
2017-12-05,1.024,1.041,1.024,1.036,70374200,72764943,False
2017-12-06,1.035,1.037,1.024,1.037,19759600,20343173,False
2017-12-07,1.034,1.036,1.021,1.022,36800200,37771957,False
2017-12-08,1.023,1.027,1.019,1.021,28824400,29463648,False
2017-12-11,1.021,1.025,1.017,1.023,45169500,46078723,False
2017-12-12,1.022,1.023,1.004,1.004,58915800,59656952,False
2017-12-13,1.004,1.01,0.999,1.006,33476700,33618204,False
2017-12-14,1.006,1.008,0.988,0.991,72698000,72266443,False
2017-12-15,0.99,0.991,0.979,0.982,59294600,58380668,False
2017-12-18,0.982,0.988,0.975,0.977,32302800,31645416,False
2017-12-19,0.981,0.984,0.978,0.98,40929000,40173763,False
2017-12-20,0.982,0.982,0.962,0.967,87133600,84518238,False
2017-12-21,0.967,0.98,0.96,0.973,71668900,69501215,False
2017-12-22,0.973,0.974,0.963,0.964,25082400,24307538,False
2017-12-25,0.964,0.966,0.95,0.951,42163600,40305051,False
2017-12-26,0.951,0.96,0.95,0.957,40472143,38641356,False
2017-12-27,0.958,0.958,0.944,0.947,31936610,30347131,False
2017-12-28,0.946,0.965,0.942,0.953,39446900,37673605,False
2017-12-29,0.954,0.958,0.95,0.953,32832500,31284758,False
2018-01-02,0.956,0.969,0.953,0.966,45872410,44187261,False
2018-01-03,0.967,0.986,0.965,0.981,59023210,57747307,False
2018-01-04,0.981,0.983,0.974,0.98,29521600,28876567,False
2018-01-05,0.978,0.99,0.975,0.983,43998310,43338652,False
2018-01-08,0.983,1.017,0.981,1.004,85643620,85728216,False
2018-01-09,1.003,1.009,0.993,0.996,37270810,37199837,False
2018-01-10,0.997,1.005,0.985,0.993,64368100,63942216,False
2018-01-11,0.991,0.992,0.983,0.989,40617200,40085901,False
2018-01-12,0.989,0.998,0.985,0.986,41740400,41351387,False
2018-01-15,0.987,0.988,0.969,0.97,66571700,65049917,False
2018-01-16,0.969,0.995,0.967,0.991,54058930,52818225,False
2018-01-17,0.998,1.052,0.997,1.027,200679124,206142702,False
2018-01-18,1.028,1.043,1.022,1.033,52498230,54323781,False
2018-01-19,1.03,1.077,1.03,1.061,93975800,99029698,False
2018-01-22,1.056,1.066,1.045,1.057,59195900,62362148,False
2018-01-23,1.062,1.072,1.051,1.061,78280900,83040588,False
2018-01-24,1.067,1.104,1.054,1.099,159088857,172401148,False
2018-01-25,1.091,1.095,1.076,1.077,75227872,81813415,False
2018-01-26,1.076,1.09,1.075,1.078,73054500,79121412,False
2018-01-29,1.081,1.087,1.057,1.06,69837192,74996995,False
2018-01-30,1.061,1.066,1.044,1.046,49340400,52031235,False
2018-01-31,1.043,1.044,1.015,1.023,93257000,96194590,False
2018-02-01,1.025,1.031,1.0,1.013,77087100,78460234,False
2018-02-02,1.01,1.013,0.991,1.01,67617400,67790479,False
2018-02-05,0.994,1.02,0.991,1.014,55918900,56078445,False
2018-02-06,0.997,1.003,0.965,0.967,83623400,82714452,False
2018-02-07,0.984,0.99,0.954,0.956,90347188,87690823,False
2018-02-08,0.954,0.963,0.945,0.951,79462098,75741289,False
2018-02-09,0.931,0.935,0.868,0.881,143747800,129233837,False
2018-02-12,0.886,0.89,0.876,0.877,80250000,70805937,False
2018-02-13,0.886,0.903,0.885,0.887,84063252,75040588,False
2018-02-14,0.888,0.889,0.878,0.885,48295100,42670112,False
2018-02-22,0.895,0.901,0.889,0.893,60213900,53894134,False
2018-02-23,0.894,0.907,0.892,0.9,72330800,65122111,False
2018-02-26,0.906,0.929,0.897,0.921,88619200,81022106,False
2018-02-27,0.923,0.924,0.908,0.913,49713600,45438150,False
2018-02-28,0.902,0.919,0.894,0.906,115726800,105046962,False
2018-03-01,0.9,0.911,0.897,0.909,57826900,52437453,False
2018-03-02,0.902,0.91,0.899,0.9,58065400,52509484,False
2018-03-05,0.9,0.906,0.897,0.9,40693076,36664866,False
2018-03-06,0.906,0.923,0.902,0.918,113391476,103614116,False
2018-03-07,0.918,0.923,0.907,0.908,63234233,57902289,False
2018-03-08,0.91,0.915,0.907,0.911,33382900,30390870,False
2018-03-09,0.913,0.93,0.911,0.926,106561176,98075721,False
2018-03-12,0.934,0.947,0.929,0.941,94092600,88230691,False
2018-03-13,0.94,0.94,0.924,0.925,57717300,53766455,False
2018-03-14,0.92,0.929,0.917,0.918,48084200,44354488,False
2018-03-15,0.917,0.92,0.91,0.915,71174400,65061100,False
2018-03-16,0.915,0.921,0.904,0.904,72365100,66119075,False
2018-03-19,0.906,0.912,0.899,0.905,48696400,44101830,False
2018-03-20,0.898,0.908,0.896,0.904,56883900,51233291,False
2018-03-21,0.906,0.928,0.905,0.908,127467400,117024858,False
2018-03-22,0.908,0.92,0.904,0.906,75155500,68568216,False
2018-03-23,0.88,0.886,0.843,0.856,153828700,133674312,False
2018-03-26,0.849,0.864,0.841,0.863,67737100,57730372,False
2018-03-27,0.872,0.879,0.868,0.875,64661300,56505789,False
2018-03-28,0.866,0.877,0.86,0.864,46203575,40161572,False
2018-03-29,0.87,0.887,0.865,0.885,71116400,62633436,False
2018-03-30,0.889,0.893,0.884,0.889,49982300,44401823,False
2018-04-02,0.893,0.916,0.889,0.9,96656999,87406107,False
2018-04-03,0.89,0.908,0.886,0.9,86287499,77415173,False
2018-04-04,0.902,0.911,0.891,0.891,67458399,60843814,False
2018-04-09,0.889,0.899,0.885,0.896,62757799,56047668,False
2018-04-10,0.899,0.915,0.896,0.912,97425900,88297643,False
2018-04-11,0.911,0.915,0.905,0.905,65994000,60007649,False
2018-04-12,0.906,0.914,0.897,0.899,72344000,65559375,False
2018-04-13,0.904,0.908,0.89,0.89,52561000,47155264,False
2018-04-16,0.885,0.89,0.869,0.87,79520800,69892358,False
2018-04-17,0.871,0.888,0.87,0.871,106751200,93804996,False
2018-04-18,0.88,0.885,0.872,0.882,73753500,64842981,False
2018-04-19,0.884,0.896,0.882,0.887,60140100,53503036,False
2018-04-20,0.886,0.886,0.857,0.858,84737700,73887706,False
2018-04-23,0.86,0.87,0.859,0.867,62493700,54020160,False
2018-04-24,0.867,0.89,0.867,0.89,84528300,74551304,False
2018-04-25,0.885,0.888,0.882,0.884,42290400,37427310,False
2018-04-26,0.885,0.888,0.864,0.866,49397100,43239839,False
2018-04-27,0.871,0.885,0.868,0.878,51471066,45163526,False
2018-05-02,0.889,0.893,0.879,0.882,58162700,51508530,False
2018-05-03,0.881,0.907,0.88,0.904,107051800,95916380,False
2018-05-04,0.903,0.905,0.895,0.896,70499900,63427943,False
2018-05-07,0.903,0.909,0.901,0.907,66748300,60412631,False
2018-05-08,0.908,0.912,0.901,0.912,77578600,70344784,False
2018-05-09,0.908,0.909,0.899,0.901,76516500,69054676,False
2018-05-10,0.903,0.907,0.899,0.906,76279100,68860800,False
2018-05-11,0.907,0.909,0.895,0.896,47744200,43003047,False
2018-05-14,0.896,0.904,0.896,0.898,42745200,38511510,False
2018-05-15,0.899,0.901,0.888,0.897,58862068,52572780,False
2018-05-16,0.893,0.894,0.885,0.886,68741668,61143100,False
2018-05-17,0.886,0.888,0.876,0.878,67482200,59563412,False
2018-05-18,0.879,0.89,0.878,0.889,65540427,57948308,False
2018-05-21,0.894,0.901,0.893,0.896,63785127,57186664,False
2018-05-22,0.897,0.897,0.884,0.889,88739092,78770631,False
2018-05-23,0.887,0.889,0.878,0.879,61673611,54484897,False
2018-05-24,0.88,0.882,0.871,0.872,54625700,47889127,False
2018-05-25,0.872,0.875,0.864,0.865,63072447,54824969,False
2018-05-28,0.865,0.87,0.86,0.864,52407832,45295898,False
2018-05-29,0.863,0.864,0.848,0.848,80615132,68874613,False
2018-05-30,0.841,0.843,0.817,0.819,126436300,105060562,False
2018-05-31,0.825,0.83,0.82,0.829,51071300,42162624,False
2018-06-01,0.826,0.844,0.822,0.834,85121710,70924704,False
2018-06-04,0.835,0.838,0.83,0.831,34024210,28350311,False
2018-06-05,0.832,0.835,0.823,0.835,68255032,56661083,False
2018-06-06,0.832,0.838,0.826,0.833,88821300,73829815,False
2018-06-07,0.836,0.851,0.834,0.838,102139832,86133981,False
2018-06-08,0.835,0.837,0.814,0.819,105201300,86528224,False
2018-06-11,0.816,0.826,0.814,0.822,46675900,38333819,False
2018-06-12,0.822,0.825,0.815,0.824,43609088,35835690,False
2018-06-13,0.822,0.823,0.81,0.81,64441200,52548254,False
2018-06-14,0.81,0.821,0.808,0.814,70101032,57108314,False
2018-06-15,0.814,0.818,0.804,0.807,87182915,70630932,False
2018-06-19,0.8,0.8,0.737,0.747,227387900,174661533,False
2018-06-20,0.746,0.754,0.733,0.747,106429100,79465253,False
2018-06-21,0.748,0.749,0.722,0.722,119473000,88021791,False
2018-06-22,0.72,0.735,0.716,0.734,89782100,65328165,False
2018-06-25,0.739,0.739,0.724,0.725,62588800,45867242,False
2018-06-26,0.717,0.736,0.716,0.732,55192673,40129449,False
2018-06-27,0.73,0.733,0.72,0.727,54559241,39603510,False
2018-06-28,0.726,0.752,0.724,0.734,100443041,74258488,False
2018-06-29,0.735,0.755,0.734,0.752,77975800,58171886,False
2018-07-02,0.75,0.75,0.726,0.733,93477300,69087181,False
2018-07-03,0.733,0.744,0.728,0.744,82223200,60569637,False
2018-07-04,0.743,0.743,0.731,0.733,57497700,42311616,False
2018-07-05,0.734,0.743,0.724,0.724,67540800,49467254,False
2018-07-06,0.724,0.742,0.712,0.732,118722600,86332072,False
2018-07-09,0.732,0.744,0.73,0.744,81779493,60528414,False
2018-07-10,0.745,0.746,0.737,0.743,60366800,44754386,False
2018-07-11,0.73,0.73,0.714,0.72,101918600,73672746,False
2018-07-12,0.722,0.746,0.72,0.741,112774600,83099906,False
2018-07-13,0.742,0.743,0.736,0.739,54103400,40027858,False
2018-07-16,0.743,0.744,0.734,0.737,59974900,44290411,False
2018-07-17,0.737,0.737,0.727,0.732,84735200,62057359,False
2018-07-18,0.733,0.738,0.726,0.727,57296100,41975495,False
2018-07-19,0.727,0.733,0.721,0.724,55108900,40012790,False
2018-07-20,0.723,0.75,0.721,0.746,132911200,97965660,False
2018-07-23,0.741,0.76,0.738,0.757,164094000,123208307,False
2018-07-24,0.756,0.78,0.755,0.771,152346700,117472571,False
2018-07-25,0.771,0.771,0.762,0.764,92107600,70493459,False
2018-07-26,0.765,0.769,0.757,0.76,58433700,44535889,False
2018-07-27,0.757,0.762,0.753,0.754,57100400,43199069,False
2018-07-30,0.754,0.76,0.747,0.75,71174500,53577921,False
2018-07-31,0.749,0.755,0.747,0.752,40698000,30545721,False
2018-08-01,0.753,0.76,0.735,0.737,68944400,51574288,False
2018-08-02,0.735,0.735,0.706,0.714,143698100,103236948,False
2018-08-03,0.713,0.719,0.707,0.708,53084934,37850652,False
2018-08-06,0.71,0.718,0.698,0.701,101481434,71779236,False
2018-08-07,0.702,0.722,0.7,0.721,80372034,57076555,False
2018-08-08,0.719,0.719,0.709,0.709,55653000,39748889,False
2018-08-09,0.709,0.726,0.707,0.724,70782500,51019710,False
2018-08-10,0.722,0.726,0.717,0.724,37966800,27415488,False
2018-08-13,0.717,0.722,0.71,0.721,89218500,63860047,False
2018-08-14,0.718,0.721,0.715,0.716,45350000,32535707,False
2018-08-15,0.717,0.718,0.703,0.703,70933200,50335322,False
2018-08-16,0.698,0.722,0.694,0.711,126044678,89330306,False
2018-08-17,0.715,0.719,0.702,0.704,71722034,51092792,False
2018-08-20,0.705,0.715,0.703,0.714,49607000,35229451,False
2018-08-21,0.715,0.723,0.712,0.72,63175300,45430597,False
2018-08-22,0.719,0.719,0.714,0.716,31593800,22631503,False
2018-08-23,0.716,0.727,0.712,0.722,61082800,43966054,False
2018-08-24,0.72,0.732,0.716,0.725,55422500,40142100,False
2018-08-27,0.726,0.736,0.725,0.735,65603400,47995658,False
2018-08-28,0.734,0.737,0.729,0.732,51089600,37406903,False
2018-08-29,0.73,0.731,0.724,0.726,58936500,42840036,False
2018-08-30,0.724,0.728,0.716,0.717,62262100,44913366,False
2018-08-31,0.716,0.722,0.714,0.717,55975200,40199325,False
2018-09-03,0.717,0.719,0.71,0.717,48576200,34717884,False
2018-09-04,0.717,0.725,0.713,0.723,119764400,86308289,False
2018-09-05,0.721,0.722,0.711,0.712,74087000,53168364,False
2018-09-06,0.71,0.715,0.708,0.709,44840400,31884711,False
2018-09-07,0.71,0.719,0.707,0.711,67804000,48255759,False
2018-09-10,0.708,0.709,0.688,0.688,122783100,85481195,False
2018-09-11,0.689,0.696,0.687,0.692,72043132,49777195,False
2018-09-12,0.691,0.701,0.69,0.695,94639900,65882449,False
2018-09-13,0.701,0.706,0.697,0.704,63402300,44465331,False
2018-09-14,0.706,0.707,0.699,0.7,73505885,51629519,False
2018-09-17,0.697,0.703,0.695,0.698,40994227,28665932,False
2018-09-18,0.699,0.712,0.697,0.711,86292542,60845890,False
2018-09-19,0.71,0.721,0.709,0.716,74681974,53426215,False
2018-09-20,0.717,0.72,0.713,0.715,47769148,34210066,False
2018-09-21,0.715,0.732,0.712,0.732,85411526,61767900,False
2018-09-25,0.724,0.727,0.72,0.724,55150206,39887525,False
2018-09-26,0.725,0.735,0.722,0.726,95100800,69321254,False
2018-09-27,0.724,0.727,0.721,0.722,41987500,30383337,False
2018-09-28,0.723,0.731,0.723,0.729,78842580,57368339,False
2018-10-08,0.717,0.72,0.7,0.702,104569328,74276481,False
2018-10-09,0.702,0.706,0.698,0.7,58273700,40883524,False
2018-10-10,0.7,0.705,0.698,0.702,47513000,33339915,False
2018-10-11,0.687,0.687,0.644,0.649,215828231,144103388,False
2018-10-12,0.649,0.65,0.631,0.64,202300500,129711009,False
2018-10-15,0.642,0.646,0.63,0.631,105596000,67478772,False
2018-10-16,0.633,0.642,0.622,0.624,102981200,65070704,False
2018-10-17,0.633,0.637,0.622,0.633,95289400,60143336,False
2018-10-18,0.632,0.634,0.622,0.623,108305700,68024040,False
2018-10-19,0.613,0.645,0.613,0.641,149419900,94428894,False
2018-10-22,0.651,0.705,0.651,0.705,270374908,185152991,False
2018-10-23,0.734,0.738,0.697,0.706,333156074,240465085,False
2018-10-24,0.693,0.743,0.692,0.722,293982504,211431335,False
2018-10-25,0.696,0.752,0.693,0.75,346162086,251360103,False
2018-10-26,0.751,0.752,0.725,0.73,243175610,179438086,False
2018-10-29,0.729,0.741,0.717,0.723,143721100,104869619,False
2018-10-30,0.723,0.778,0.714,0.761,310666100,232997582,False
2018-10-31,0.754,0.763,0.739,0.752,238508180,179184196,False
2018-11-01,0.758,0.799,0.756,0.759,335566472,260738534,False
2018-11-02,0.782,0.796,0.763,0.778,231941590,179708413,False
2018-11-05,0.773,0.781,0.762,0.778,241538500,187222106,False
2018-11-06,0.775,0.788,0.764,0.771,246025590,190633231,False
2018-11-07,0.768,0.77,0.755,0.759,208600279,158976096,False
2018-11-08,0.765,0.768,0.743,0.744,263038700,198518890,False
2018-11-09,0.741,0.755,0.739,0.745,150919470,112949153,False
2018-11-12,0.748,0.761,0.744,0.759,149214555,112512770,False
2018-11-13,0.75,0.794,0.749,0.781,360448807,278191534,False
2018-11-14,0.776,0.784,0.765,0.767,331307430,256208210,False
2018-11-15,0.766,0.792,0.765,0.79,346050511,270261797,False
2018-11-16,0.791,0.828,0.787,0.81,505851950,409110194,False
2018-11-19,0.804,0.842,0.804,0.834,480735592,396757713,False
2018-11-20,0.826,0.834,0.794,0.795,302727069,246430183,False
2018-11-21,0.788,0.805,0.782,0.798,491227413,390558501,False
2018-11-22,0.801,0.803,0.777,0.789,249348013,196866406,False
2018-11-23,0.789,0.797,0.76,0.764,264053109,205077241,False
2018-11-26,0.764,0.773,0.754,0.761,172796300,131990166,False
2018-11-27,0.766,0.772,0.757,0.765,167524270,128267909,False
2018-11-28,0.761,0.786,0.759,0.785,343660600,266781267,False
2018-11-29,0.788,0.794,0.756,0.759,264783600,205558871,False
2018-11-30,0.755,0.772,0.748,0.769,242846428,184155160,False
2018-12-03,0.804,0.812,0.788,0.794,435234868,347694343,False
2018-12-04,0.79,0.8,0.787,0.798,195846347,155778436,False
2018-12-05,0.786,0.798,0.784,0.791,210420068,166385664,False
2018-12-06,0.781,0.782,0.765,0.768,225642615,174448251,False
2018-12-07,0.773,0.778,0.769,0.771,142273800,110049525,False
2018-12-10,0.765,0.768,0.755,0.76,139176063,105920294,False
2018-12-11,0.763,0.766,0.758,0.764,100248733,76318088,False
2018-12-12,0.767,0.777,0.764,0.766,154668833,119009638,False
2018-12-13,0.767,0.783,0.76,0.775,189591623,146497010,False
2018-12-14,0.772,0.774,0.751,0.752,181094300,137810487,False
2018-12-17,0.751,0.759,0.745,0.757,158067368,118937793,False
2018-12-18,0.753,0.758,0.74,0.742,202848200,151304000,False
2018-12-19,0.745,0.747,0.735,0.736,113786500,84345505,False
2018-12-20,0.735,0.748,0.73,0.743,285979098,211873555,False
2018-12-21,0.74,0.742,0.723,0.729,191643300,140340350,False
2018-12-24,0.727,0.733,0.72,0.725,136930600,99253362,False
2018-12-25,0.717,0.717,0.695,0.708,184594900,130024370,False
2018-12-26,0.707,0.712,0.7,0.703,87383215,61613072,False
2018-12-27,0.716,0.717,0.7,0.7,124098600,88248266,False
2018-12-28,0.705,0.725,0.705,0.717,208270353,149126448,False
2019-01-02,0.719,0.719,0.708,0.714,97459200,69475072,False
2019-01-03,0.712,0.745,0.712,0.729,231008800,169554867,False
2019-01-04,0.722,0.795,0.722,0.784,649016408,496076660,False
2019-01-07,0.784,0.791,0.774,0.781,467941765,365839569,False
2019-01-08,0.779,0.794,0.771,0.782,300431625,235469364,False
2019-01-09,0.785,0.799,0.78,0.786,430922306,339932258,False
2019-01-10,0.785,0.788,0.771,0.773,293292721,228938895,False
2019-01-11,0.775,0.788,0.772,0.779,288377521,224598752,False
2019-01-14,0.785,0.788,0.775,0.777,137840391,107577864,False
2019-01-15,0.777,0.803,0.776,0.798,362328131,286610002,False
2019-01-16,0.797,0.798,0.785,0.789,206989260,163763157,False
2019-01-17,0.791,0.796,0.78,0.781,193915464,152552250,False
2019-01-18,0.782,0.793,0.78,0.791,149039300,117298418,False
2019-01-21,0.792,0.798,0.782,0.787,247123423,195210961,False
2019-01-22,0.783,0.788,0.772,0.774,159001900,124081647,False
2019-01-23,0.773,0.779,0.77,0.773,108533300,84068599,False
2019-01-24,0.775,0.795,0.774,0.786,273148000,214544813,False
2019-01-25,0.784,0.792,0.783,0.785,186449800,146753981,False
2019-01-28,0.791,0.8,0.777,0.78,219571558,173157502,False
2019-01-29,0.778,0.78,0.76,0.774,217151449,167442772,False
2019-01-30,0.77,0.776,0.763,0.764,143924700,111079807,False
2019-01-31,0.768,0.782,0.767,0.773,253447546,196166478,False
2019-02-01,0.784,0.795,0.782,0.794,272367981,215111032,False
2019-02-11,0.797,0.809,0.786,0.808,223231756,178565297,False
2019-02-12,0.807,0.819,0.801,0.814,232790056,188804145,False
2019-02-13,0.813,0.843,0.807,0.841,521779400,433439198,False
2019-02-14,0.838,0.845,0.832,0.84,316094600,265145655,False
2019-02-15,0.835,0.84,0.817,0.82,405842991,336945439,False
2019-02-18,0.829,0.871,0.829,0.868,576965500,490778360,False
2019-02-19,0.872,0.902,0.862,0.875,838405061,738486913,False
2019-02-20,0.874,0.888,0.866,0.878,513622474,449657097,False
2019-02-21,0.873,0.917,0.866,0.883,705490118,628323358,False
2019-02-22,0.891,0.971,0.88,0.971,1192371086,1101853001,False
2019-02-25,1.022,1.068,1.002,1.068,1417410138,1471834709,False
2019-02-26,1.085,1.119,1.04,1.044,1738491617,1879980765,False
2019-02-27,1.035,1.073,1.01,1.036,1149234983,1197522958,False
2019-02-28,1.027,1.029,0.99,1.004,1066938272,1074781201,False
2019-03-01,1.013,1.047,0.997,1.038,1053956538,1078977682,False
2019-03-04,1.05,1.101,1.018,1.044,1221807768,1286268222,False
2019-03-05,1.028,1.048,1.025,1.043,675774389,699952200,False
2019-03-06,1.045,1.129,1.04,1.102,1125440860,1204920416,False
2019-03-07,1.111,1.185,1.09,1.153,1340284179,1514270793,False
2019-03-08,1.08,1.113,1.039,1.04,1364251344,1473995167,False
2019-03-11,1.041,1.075,1.015,1.056,1075224256,1125528197,False
2019-03-12,1.067,1.098,1.057,1.071,981797869,1058867436,False
2019-03-13,1.071,1.076,1.036,1.05,849551172,897105981,False
2019-03-14,1.038,1.057,1.003,1.014,858049954,884080941,False
2019-03-15,1.026,1.048,1.015,1.029,755904147,779821913,False
2019-03-18,1.029,1.056,1.008,1.054,746204716,770066753,False
2019-03-19,1.055,1.059,1.036,1.042,567694881,595419790,False
2019-03-20,1.039,1.071,1.034,1.061,826397600,871116983,False
2019-03-21,1.062,1.099,1.049,1.071,992549422,1068137494,False
2019-03-22,1.067,1.076,1.042,1.061,734014027,776872465,False
2019-03-25,1.04,1.054,1.018,1.022,631737266,655205868,False
2019-03-26,1.029,1.032,0.983,0.989,870977884,876724285,False
2019-03-27,0.999,1.006,0.986,0.995,700439356,697980994,False
2019-03-28,0.987,1.009,0.977,0.988,679374338,674542666,False
2019-03-29,0.992,1.08,0.991,1.077,1379225097,1431120516,False
2019-04-01,1.079,1.106,1.058,1.088,1429697323,1546531575,False
2019-04-02,1.09,1.111,1.075,1.081,1024640866,1121574310,False
2019-04-03,1.075,1.142,1.069,1.136,1516277214,1675691855,False
2019-04-04,1.141,1.151,1.12,1.138,1114083973,1264494992,False
2019-04-08,1.145,1.153,1.092,1.114,1025025633,1148432607,False
2019-04-09,1.11,1.128,1.09,1.113,827732007,917698045,False
2019-04-10,1.111,1.117,1.071,1.094,1012882975,1104459515,False
2019-04-11,1.088,1.095,1.07,1.073,728909051,788169339,False
2019-04-12,1.07,1.089,1.067,1.077,702628915,756942820,False
2019-04-15,1.101,1.108,1.05,1.053,742338525,802661705,False
2019-04-16,1.045,1.083,1.032,1.082,970020644,1027294673,False
2019-04-17,1.076,1.086,1.069,1.074,561670834,604780092,False
2019-04-18,1.071,1.081,1.062,1.065,365859824,392033205,False
2019-04-19,1.069,1.085,1.064,1.08,512105069,550627795,False
2019-04-22,1.092,1.096,1.048,1.052,592416443,632076743,False
2019-04-23,1.047,1.083,1.042,1.059,642089530,682452674,False
2019-04-24,1.058,1.072,1.052,1.069,517370209,550544266,False
2019-04-25,1.064,1.08,1.035,1.036,682368186,723234834,False
2019-04-26,1.03,1.061,1.028,1.045,759932037,794509995,False
2019-04-29,1.043,1.045,0.996,1.0,1308209059,1322417310,False
2019-04-30,1.001,1.013,0.999,1.004,449031791,451590097,False
2019-05-06,0.952,0.966,0.904,0.905,972255679,908331781,False
2019-05-07,0.916,0.928,0.895,0.923,809280913,740937981,False
2019-05-08,0.905,0.926,0.898,0.91,540320592,492623301,False
2019-05-09,0.9,0.916,0.896,0.896,563096176,508948561,False
2019-05-10,0.911,0.94,0.895,0.938,978905213,905979980,False
2019-05-13,0.921,0.927,0.912,0.916,351290680,323149298,False
2019-05-14,0.907,0.925,0.905,0.907,433085406,396089048,False
2019-05-15,0.915,0.925,0.912,0.921,431194910,396019285,False
2019-05-16,0.918,0.926,0.913,0.925,337413914,310673197,False
2019-05-17,0.925,0.93,0.877,0.885,708300219,637619462,False
2019-05-20,0.881,0.905,0.876,0.893,535848721,476543795,False
2019-05-21,0.89,0.915,0.889,0.906,425739983,385048088,False
2019-05-22,0.908,0.91,0.891,0.896,295694270,266263871,False
2019-05-23,0.891,0.911,0.887,0.894,415671287,373539037,False
2019-05-24,0.894,0.904,0.89,0.894,250437196,224689345,False
2019-05-27,0.894,0.924,0.89,0.92,621177351,566286019,False
2019-05-28,0.916,0.929,0.91,0.916,421097313,386558480,False
2019-05-29,0.912,0.928,0.91,0.917,374740400,344035100,False
2019-05-30,0.912,0.913,0.897,0.904,387306593,349531552,False
2019-05-31,0.902,0.911,0.899,0.899,318869300,288390231,False
2019-06-03,0.906,0.918,0.896,0.899,413632114,374508424,False
2019-06-04,0.898,0.9,0.89,0.895,345870600,309612183,False
2019-06-05,0.906,0.916,0.9,0.904,501089530,454668581,False
2019-06-06,0.902,0.911,0.893,0.895,481250495,434315437,False
2019-06-10,0.895,0.897,0.864,0.883,535301313,470538036,False
2019-06-11,0.883,0.933,0.882,0.931,1008049124,921812857,False
2019-06-12,0.925,0.932,0.916,0.916,514311441,474080926,False
2019-06-13,0.917,0.932,0.915,0.925,552263164,510403894,False
2019-06-14,0.924,0.929,0.905,0.906,436285446,400189858,False
2019-06-17,0.906,0.917,0.904,0.912,322198942,293756442,False
2019-06-18,0.913,0.916,0.901,0.912,306301699,278710797,False
2019-06-19,0.965,0.976,0.93,0.931,991921491,941940389,False
2019-06-20,0.931,1.008,0.928,0.988,1554212041,1510640498,False
2019-06-21,0.997,1.011,0.989,1.001,1148073386,1149195925,False
2019-06-24,1.015,1.017,0.993,0.998,636824981,639262634,False
2019-06-25,0.995,1.006,0.971,0.999,946220415,937835825,False
2019-06-26,0.98,0.989,0.971,0.978,546230362,535390113,False
2019-06-27,0.983,1.009,0.982,0.991,864776106,861928666,False
2019-06-28,0.99,0.995,0.98,0.99,585660210,578135284,False
2019-07-01,1.021,1.025,1.007,1.012,917644020,930700748,False
2019-07-02,1.011,1.011,0.999,1.002,521904344,523520951,False
2019-07-03,0.999,0.999,0.979,0.984,630093742,620757508,False
2019-07-04,0.984,0.998,0.978,0.985,466509189,460218579,False
2019-07-05,0.985,0.989,0.977,0.985,405680653,398870170,False
2019-07-08,0.98,0.984,0.951,0.958,683076704,661082614,False
2019-07-09,0.959,0.969,0.95,0.965,506070986,485977523,False
2019-07-10,0.968,0.975,0.959,0.963,399052592,385762748,False
2019-07-11,0.968,0.979,0.955,0.964,486094602,470663434,False
2019-07-12,0.962,0.972,0.955,0.968,414287598,400442436,False
2019-07-15,0.962,1.001,0.955,0.986,848487678,830434563,False
2019-07-16,0.982,0.988,0.98,0.983,339705237,334114957,False
2019-07-17,0.98,0.989,0.978,0.979,392782531,385740598,False
2019-07-18,0.973,0.975,0.966,0.967,381902540,370675733,False
2019-07-19,0.971,0.992,0.971,0.986,606231536,596064939,False
2019-07-22,0.99,0.993,0.963,0.965,607584701,590503176,False
2019-07-23,0.965,0.973,0.963,0.968,264294734,255827876,False
2019-07-24,0.973,0.986,0.972,0.977,436704348,427523526,False
2019-07-25,0.975,0.981,0.97,0.98,350297924,341820536,False
2019-07-26,0.975,0.978,0.972,0.976,308458958,300730551,False
2019-07-29,0.975,0.975,0.958,0.96,517236248,498424141,False
2019-07-30,0.962,0.98,0.961,0.97,594719535,577946289,False
2019-07-31,0.968,0.968,0.962,0.965,287922800,277652987,False
2019-08-01,0.96,0.964,0.95,0.951,508390909,485490722,False
2019-08-02,0.926,0.931,0.917,0.923,685041862,632849319,False
2019-08-05,0.917,0.924,0.903,0.904,561513515,512589484,False
2019-08-06,0.885,0.908,0.871,0.897,1051954000,934000802,False
2019-08-07,0.899,0.901,0.882,0.883,418379849,372446868,False
2019-08-08,0.906,0.911,0.892,0.894,694936419,625534833,False
2019-08-09,0.9,0.901,0.883,0.884,448519606,400032731,False
2019-08-12,0.893,0.904,0.893,0.904,568291068,510657547,False
2019-08-13,0.895,0.896,0.89,0.893,280017687,250173853,False
2019-08-14,0.908,0.909,0.894,0.896,386663400,348935132,False
2019-08-15,0.877,0.896,0.871,0.893,570330238,503636796,False
2019-08-16,0.892,0.91,0.89,0.898,496031295,446733763,False
2019-08-19,0.91,0.961,0.905,0.96,1299469622,1213916371,False
2019-08-20,0.956,0.964,0.948,0.951,513292403,490442506,False
2019-08-21,0.949,0.955,0.945,0.948,294625508,279553034,False
2019-08-22,0.95,0.952,0.939,0.946,309099379,292086569,False
2019-08-23,0.946,0.956,0.938,0.942,438392949,414808683,False
2019-08-26,0.924,0.934,0.922,0.929,459761428,426554666,False
2019-08-27,0.934,0.961,0.932,0.944,601550451,570546724,False
2019-08-28,0.941,0.943,0.932,0.934,328334261,307287363,False
2019-08-29,0.935,0.936,0.927,0.928,292453100,272201301,False
2019-08-30,0.936,0.945,0.92,0.924,503635300,469435710,False
2019-09-02,0.924,0.949,0.924,0.944,644607462,605870710,False
2019-09-03,0.944,0.949,0.939,0.945,471010213,444369661,False
2019-09-04,0.944,0.969,0.942,0.964,911044662,872805450,False
2019-09-05,0.977,1.024,0.976,0.99,1428093090,1428798554,False
2019-09-06,1.0,1.005,0.988,0.999,711623222,708731366,False
2019-09-09,1.017,1.024,1.004,1.013,925447445,938761414,False
2019-09-10,1.011,1.023,0.996,1.014,768243476,774621051,False
2019-09-11,1.03,1.039,1.014,1.021,1061579923,1089939726,False
2019-09-12,1.026,1.039,1.015,1.037,653981951,672549149,False
2019-09-16,1.039,1.039,1.016,1.023,565565068,581237546,False
2019-09-17,1.016,1.019,0.99,0.993,865305406,867307497,False
2019-09-18,0.996,0.998,0.985,0.987,481729898,477317793,False
2019-09-19,0.991,0.995,0.983,0.994,464751604,459848306,False
2019-09-20,0.993,0.994,0.98,0.986,577467500,570160088,False
2019-09-23,0.981,0.981,0.967,0.973,653733050,635480364,False
2019-09-24,0.976,0.989,0.97,0.976,651416653,637745796,False
2019-09-25,0.97,0.98,0.965,0.97,561470102,545317342,False
2019-09-26,0.973,0.977,0.955,0.957,702996119,678606714,False
2019-09-27,0.957,0.964,0.955,0.962,437348878,419696683,False
2019-09-30,0.961,0.963,0.94,0.941,455860000,434292989,False
2019-10-08,0.941,0.946,0.931,0.934,408999765,383840788,False
2019-10-09,0.929,0.937,0.924,0.936,410476333,382056154,False
2019-10-10,0.937,0.945,0.934,0.944,466923101,439519565,False
2019-10-11,0.946,0.968,0.938,0.96,900009459,859113227,False
2019-10-14,0.975,0.989,0.968,0.975,957999621,937950874,False
2019-10-15,0.973,0.974,0.962,0.964,346196414,334445858,False
2019-10-16,0.967,0.976,0.956,0.957,446358669,430987601,False
2019-10-17,0.956,0.963,0.95,0.955,325070073,310749977,False
2019-10-18,0.956,0.957,0.931,0.932,671704750,632967135,False
2019-10-21,0.926,0.926,0.913,0.923,534452615,491511652,False
2019-10-22,0.925,0.93,0.92,0.928,370395231,342695786,False
2019-10-23,0.929,0.932,0.919,0.919,323452086,299005380,False
2019-10-24,0.921,0.932,0.918,0.925,441969554,408825284,False
2019-10-25,0.924,0.937,0.92,0.937,613148635,569940839,False
2019-10-28,0.941,0.953,0.934,0.95,609178059,575078729,False
2019-10-29,0.948,0.949,0.93,0.931,550724307,516656249,False
2019-10-30,0.927,0.931,0.919,0.921,525670621,485646584,False
2019-10-31,0.922,0.928,0.918,0.92,363350672,335070781,False
2019-11-01,0.919,0.936,0.916,0.933,557073732,516693911,False
2019-11-04,0.934,0.941,0.931,0.934,478726565,447980308,False
2019-11-05,0.936,0.955,0.934,0.947,962885981,911281761,False
2019-11-06,0.947,0.947,0.934,0.937,425202055,400009106,False
2019-11-07,0.935,0.947,0.934,0.941,597131531,561636896,False
2019-11-08,0.949,0.952,0.928,0.928,711932026,669532327,False
2019-11-11,0.926,0.926,0.91,0.911,807611900,741741087,False
2019-11-12,0.911,0.916,0.906,0.913,446287099,406612460,False
2019-11-13,0.91,0.912,0.902,0.905,417267454,378335376,False
2019-11-14,0.905,0.912,0.902,0.907,462245913,419051772,False
2019-11-15,0.905,0.909,0.895,0.896,566535210,510280327,False
2019-11-18,0.894,0.91,0.893,0.907,562639436,509231092,False
2019-11-19,0.905,0.915,0.905,0.914,532599398,484629617,False
2019-11-20,0.912,0.913,0.898,0.9,497905492,451244374,False
2019-11-21,0.895,0.904,0.893,0.9,430347029,387247459,False
2019-11-22,0.901,0.91,0.894,0.899,525415439,473528190,False
2019-11-25,0.898,0.904,0.893,0.903,376390484,338156069,False
2019-11-26,0.904,0.906,0.897,0.899,273885289,246578993,False
2019-11-27,0.898,0.9,0.894,0.895,304388300,272784403,False
2019-11-28,0.894,0.899,0.892,0.895,296155726,265008550,False
2019-11-29,0.894,0.904,0.893,0.898,469923500,422335845,False
2019-12-02,0.911,0.916,0.904,0.904,666385237,606297877,False
2019-12-03,0.9,0.91,0.898,0.91,478587214,432883890,False
2019-12-04,0.905,0.908,0.903,0.907,324270164,293653978,False
2019-12-05,0.91,0.923,0.91,0.921,855951053,785402346,False
2019-12-06,0.922,0.927,0.917,0.926,543803117,501622800,False
2019-12-09,0.929,0.93,0.922,0.924,411545597,380804624,False
2019-12-10,0.921,0.925,0.916,0.923,365133027,336197447,False
2019-12-11,0.925,0.933,0.92,0.924,577551150,534754497,False
2019-12-12,0.923,0.925,0.917,0.919,443039383,408012277,False
2019-12-13,0.933,0.963,0.93,0.957,1778612812,1678364001,False
2019-12-16,0.957,0.976,0.948,0.969,1513889812,1455029483,False
2019-12-17,0.97,1.026,0.965,0.999,1896030522,1885222035,False
2019-12-18,0.997,1.015,0.993,0.998,1457653754,1463243621,False
2019-12-19,0.996,1.002,0.987,0.993,1073191184,1066912796,False
2019-12-20,0.997,1.021,0.995,1.0,1678102072,1691121090,False
2019-12-23,0.997,1.01,0.97,0.972,1442284273,1429068874,False
2019-12-24,0.975,0.984,0.97,0.983,848032406,828122521,False
2019-12-25,0.977,0.996,0.973,0.985,942237371,925893091,False
2019-12-26,0.984,1.01,0.982,1.008,1223128006,1215654442,False
2019-12-27,1.01,1.024,0.987,0.989,1558966648,1573271367,False
2019-12-30,0.983,1.054,0.98,1.046,2219702870,2272345371,False
2019-12-31,1.041,1.05,1.031,1.04,1315452754,1369125300,False
2020-01-02,1.061,1.067,1.045,1.049,1395811390,1474289709,False
2020-01-03,1.047,1.057,1.04,1.045,1060671074,1111262359,False
2020-01-06,1.037,1.068,1.032,1.045,1328032835,1391825750,False
2020-01-07,1.048,1.059,1.037,1.053,1099468288,1151244030,False
2020-01-08,1.043,1.043,1.017,1.021,1852387823,1910873885,False
2020-01-09,1.036,1.044,1.03,1.036,1071229099,1110250800,False
2020-01-10,1.052,1.055,1.03,1.038,1119346534,1167206439,False
2020-01-13,1.031,1.051,1.019,1.05,1627089539,1681039995,False
2020-01-14,1.051,1.054,1.035,1.036,1174246379,1228355471,False
2020-01-15,1.033,1.04,1.028,1.031,850667929,878638296,False
2020-01-16,1.034,1.034,1.025,1.026,671749447,691366396,False
2020-01-17,1.03,1.046,1.029,1.031,1180433639,1223348986,False
2020-01-20,1.031,1.048,1.026,1.046,1071849303,1113824300,False
2020-01-21,1.04,1.047,1.026,1.028,1115706898,1155100122,False
2020-01-22,1.02,1.042,1.003,1.035,1591216324,1625051351,False
2020-01-23,1.02,1.025,0.982,0.994,1767009605,1776972279,False
2020-02-03,0.895,0.899,0.895,0.895,873652000,782087956,False
2020-02-04,0.875,0.899,0.871,0.892,2764857798,2450376171,False
2020-02-05,0.896,0.928,0.888,0.905,2083951097,1887759211,False
2020-02-06,0.902,0.935,0.895,0.928,1929203568,1767315174,False
2020-02-07,0.92,0.935,0.917,0.929,1453968657,1346519490,False
2020-02-10,0.922,0.945,0.921,0.938,1371475760,1283555739,False
2020-02-11,0.945,0.959,0.936,0.937,1640557560,1550498946,False
2020-02-12,0.933,0.957,0.933,0.953,1331651293,1259504042,False
2020-02-13,0.95,0.957,0.933,0.937,1102893398,1039313776,False
2020-02-14,0.934,0.965,0.933,0.954,1745827711,1660758938,False
2020-02-17,0.98,1.007,0.97,1.004,2256825685,2224697191,False
2020-02-18,1.003,1.007,0.988,0.997,1354257879,1349768722,False
2020-02-19,0.996,1.02,0.993,0.999,1611729191,1625513594,False
2020-02-20,1.0,1.069,1.0,1.068,2646199005,2729011598,False
2020-02-21,1.066,1.097,1.047,1.064,3265784774,3493794533,False
2020-02-24,1.058,1.079,1.047,1.065,2123327338,2256141905,False
2020-02-25,1.048,1.076,1.021,1.073,2959501778,3113867280,False
2020-02-26,1.051,1.084,1.045,1.053,2254892741,2405857963,False
2020-02-27,1.059,1.077,1.046,1.055,1964112331,2083164799,False
2020-02-28,1.025,1.032,0.982,0.987,2767060174,2786168053,False
2020-03-02,1.001,1.045,0.991,1.036,2514581474,2567095422,False
2020-03-03,1.055,1.073,1.033,1.046,2119792138,2232646982,False
2020-03-04,1.04,1.076,1.037,1.075,2328516630,2461078052,False
2020-03-05,1.091,1.124,1.066,1.108,3314683934,3626344263,False
2020-03-06,1.088,1.093,1.066,1.067,2244218434,2418711723,False
2020-03-09,1.044,1.058,1.022,1.034,2468008036,2571034975,False
2020-03-10,1.038,1.073,1.023,1.068,2447777386,2572280686,False
2020-03-11,1.063,1.066,1.036,1.037,1489474588,1566761953,False
2020-03-12,1.021,1.037,1.013,1.025,1568893726,1607243615,False
2020-03-13,0.978,1.03,0.971,1.016,2422327525,2416869510,False
2020-03-16,1.015,1.018,0.955,0.959,2332997007,2307577250,False
2020-03-17,0.976,0.985,0.937,0.961,1622277122,1560814819,False
2020-03-18,0.964,0.975,0.929,0.93,1580257478,1511489078,False
2020-03-19,0.932,0.953,0.913,0.942,2305305914,2153130480,False
2020-03-20,0.949,0.955,0.933,0.954,1328574592,1256608159,False
2020-03-23,0.922,0.937,0.911,0.912,1365918133,1261825944,False
2020-03-24,0.931,0.937,0.909,0.936,1682349810,1555062081,False
2020-03-25,0.957,0.96,0.941,0.951,1951251658,1855620866,False
2020-03-26,0.943,0.948,0.933,0.934,953476718,897295176,False
2020-03-27,0.945,0.958,0.938,0.941,1414177289,1339380290,False
2020-03-30,0.925,0.936,0.92,0.932,891627871,826049492,False
2020-03-31,0.94,0.941,0.926,0.927,842917969,787476120,False
2020-04-01,0.922,0.94,0.921,0.922,972639732,904759855,False
2020-04-02,0.919,0.941,0.918,0.94,952760943,885461888,False
2020-04-03,0.934,0.936,0.923,0.926,699871976,650499614,False
2020-04-07,0.942,0.951,0.936,0.948,1615844533,1523455061,False
2020-04-08,0.941,0.948,0.938,0.943,719548407,677583077,False
2020-04-09,0.951,0.967,0.95,0.952,1543837561,1478626006,False
2020-04-10,0.954,0.956,0.937,0.939,981249408,927458063,False
2020-04-13,0.931,0.934,0.924,0.929,926786247,861427952,False
2020-04-14,0.935,0.965,0.931,0.954,1510585547,1429156199,False
2020-04-15,0.949,0.962,0.942,0.944,1063552988,1011927059,False
2020-04-16,0.938,0.963,0.937,0.952,1260409089,1201238109,False
2020-04-17,0.959,0.961,0.949,0.95,1019803559,974978712,False
2020-04-20,0.953,0.954,0.948,0.954,588391832,559693658,False
2020-04-21,0.949,0.949,0.931,0.936,851129227,798056073,False
2020-04-22,0.93,0.94,0.929,0.939,596631172,557488004,False
2020-04-23,0.939,0.94,0.93,0.931,573634837,535741111,False
2020-04-24,0.928,0.931,0.911,0.915,910533345,838012780,False
2020-04-27,0.915,0.923,0.911,0.913,679684510,623913317,False
2020-04-28,0.922,0.93,0.906,0.925,1211560098,1117234180,False
2020-04-29,0.918,0.931,0.917,0.926,776110407,718150783,False
2020-04-30,0.931,0.949,0.931,0.947,1428528411,1345201024,False
2020-05-06,0.931,0.95,0.93,0.95,1461013519,1370175587,False
2020-05-07,0.947,0.955,0.941,0.943,1027533110,973411529,False
2020-05-08,0.95,0.97,0.945,0.961,2015456970,1928812106,False
2020-05-11,0.963,0.966,0.947,0.954,1058147859,1013073934,False
2020-05-12,0.957,0.959,0.943,0.951,767664445,729571903,False
2020-05-13,0.945,0.954,0.943,0.951,739240366,701368995,False
2020-05-14,0.946,0.947,0.937,0.938,887031952,835855536,False
2020-05-15,0.944,0.947,0.939,0.94,753318335,710136139,False
2020-05-18,0.939,0.944,0.932,0.936,772686839,725127591,False
2020-05-19,0.945,0.946,0.938,0.941,819509501,771786631,False
2020-05-20,0.939,0.943,0.933,0.934,1009980393,946630506,False
2020-05-21,0.936,0.938,0.925,0.926,833233993,776419898,False
2020-05-22,0.925,0.926,0.903,0.905,1480161122,1351169867,False
2020-05-25,0.902,0.907,0.897,0.9,849744806,765743229,False
2020-05-26,0.904,0.91,0.903,0.909,768498421,696974225,False
2020-05-27,0.908,0.909,0.898,0.899,615587480,555789113,False
2020-05-28,0.9,0.923,0.9,0.911,1241020857,1131795303,False
2020-05-29,0.905,0.91,0.904,0.907,555545507,503887879,False
2020-06-01,0.93,0.95,0.924,0.946,2208864732,2070539522,False
2020-06-02,0.943,0.95,0.939,0.943,861550754,813101765,False
2020-06-03,0.946,0.95,0.932,0.934,984915204,927883114,False
2020-06-04,0.937,0.939,0.928,0.929,827289169,771419910,False
2020-06-05,0.93,0.94,0.924,0.939,1077597438,1004675947,False
2020-06-08,0.943,0.943,0.933,0.934,783743685,735176268,False
2020-06-09,0.935,0.951,0.934,0.943,1195506390,1128223842,False
2020-06-10,0.941,0.941,0.933,0.936,685912385,642376599,False
2020-06-11,0.936,0.949,0.93,0.93,1283265802,1203275353,False
2020-06-12,0.916,0.933,0.914,0.929,939077316,868254599,False
2020-06-15,0.93,0.948,0.926,0.927,1250434451,1172653440,False
2020-06-16,0.935,0.94,0.931,0.936,813295989,760507111,False
2020-06-17,0.936,0.937,0.927,0.933,844916273,787087167,False
2020-06-18,0.932,0.95,0.93,0.943,1234593240,1163027658,False
2020-06-19,0.943,0.985,0.941,0.975,2720016391,2620407630,False
2020-06-22,0.976,1.035,0.975,1.002,2560719435,2579231466,False
2020-06-23,0.997,1.012,0.99,1.01,1646125143,1649072934,False
2020-06-24,1.014,1.029,1.003,1.011,1280620485,1297149738,False
2020-06-29,0.998,1.002,0.974,0.979,2100662197,2067763767,False
2020-06-30,0.984,1.024,0.982,1.012,1908825652,1910686980,False
2020-07-01,1.01,1.032,1.005,1.031,1971459693,2008427029,False
2020-07-02,1.03,1.118,1.026,1.116,3600699936,3872691365,False
2020-07-03,1.128,1.228,1.115,1.228,4721688470,5455384112,False
2020-07-06,1.258,1.351,1.231,1.351,6394959542,8251578222,False
2020-07-07,1.355,1.357,1.251,1.28,6320843770,8195282220,False
2020-07-08,1.271,1.394,1.267,1.353,5186884549,6865287391,False
2020-07-09,1.339,1.395,1.319,1.36,4499221912,6115415111,False
2020-07-10,1.33,1.369,1.322,1.331,3199129393,4299294633,False
2020-07-13,1.315,1.386,1.306,1.351,3930240896,5285610302,False
2020-07-14,1.333,1.368,1.322,1.356,3121793264,4196685492,False
2020-07-15,1.371,1.384,1.31,1.315,2654490464,3565836849,False
2020-07-16,1.313,1.346,1.241,1.246,2968407113,3858485864,False
2020-07-17,1.258,1.268,1.188,1.207,3300846867,4037401639,False
2020-07-20,1.231,1.293,1.224,1.276,2674731453,3357120393,False
2020-07-21,1.275,1.281,1.243,1.254,1602875716,2017432326,False
2020-07-22,1.258,1.316,1.25,1.265,2856735471,3670697670,False
2020-07-23,1.244,1.278,1.23,1.27,2614832868,3282170334,False
2020-07-24,1.256,1.267,1.175,1.191,3051827106,3707800297,False
2020-07-27,1.193,1.201,1.163,1.188,1764860754,2089739822,False
2020-07-28,1.202,1.206,1.174,1.188,1458475005,1732905535,False
2020-07-29,1.183,1.242,1.179,1.236,2983875206,3647846056,False
2020-07-30,1.237,1.244,1.22,1.226,1518334664,1868512947,False
2020-07-31,1.223,1.268,1.222,1.245,2294373835,2856561033,False
2020-08-03,1.267,1.274,1.245,1.272,2156572857,2718176207,False
2020-08-04,1.272,1.29,1.258,1.264,1872547134,2379678280,False
2020-08-05,1.259,1.268,1.242,1.258,1296944613,1626930866,False
2020-08-06,1.259,1.318,1.235,1.302,2692316312,3412767172,False
2020-08-07,1.27,1.302,1.23,1.257,3317998037,4190951744,False
2020-08-10,1.242,1.299,1.237,1.271,3162122724,4023647335,False
2020-08-11,1.268,1.287,1.226,1.228,2124082988,2680755447,False
2020-08-12,1.221,1.236,1.197,1.221,1909527654,2324228813,False
2020-08-13,1.227,1.249,1.217,1.229,1347456607,1659217599,False
2020-08-14,1.221,1.25,1.218,1.249,1592953198,1967844402,False
2020-08-17,1.279,1.345,1.268,1.311,4635742441,6021798580,False
2020-08-18,1.302,1.32,1.291,1.301,1821623336,2375620086,False
2020-08-19,1.297,1.311,1.272,1.276,1725670372,2233035504,False
2020-08-20,1.265,1.272,1.25,1.253,1216911159,1532331632,False
2020-08-21,1.264,1.283,1.256,1.275,1253501742,1590641699,False
2020-08-24,1.279,1.285,1.263,1.266,1113150834,1413882525,False
2020-08-25,1.27,1.286,1.256,1.261,1274817434,1621716537,False
2020-08-26,1.256,1.264,1.226,1.229,1843869936,2287919306,False
2020-08-27,1.228,1.242,1.22,1.233,1232631855,1517523500,False
2020-08-28,1.231,1.273,1.228,1.269,1959036902,2454933640,False
2020-08-31,1.279,1.304,1.262,1.266,2205295224,2841107392,False
2020-09-01,1.258,1.273,1.253,1.272,935211590,1181153815,False
2020-09-02,1.276,1.283,1.251,1.268,1544957742,1959985462,False
2020-09-03,1.266,1.288,1.255,1.258,1280200453,1625445542,False
2020-09-04,1.237,1.251,1.234,1.246,1080437338,1344220319,False
2020-09-07,1.244,1.248,1.205,1.208,1432938618,1758041796,False
2020-09-08,1.211,1.241,1.202,1.231,1491494982,1821402177,False
2020-09-09,1.215,1.224,1.2,1.206,1267466015,1537395400,False
2020-09-10,1.216,1.218,1.178,1.182,1584363762,1902161669,False
2020-09-11,1.176,1.186,1.166,1.181,1025753775,1208021403,False
2020-09-14,1.188,1.19,1.174,1.182,805212278,951598939,False
2020-09-15,1.181,1.19,1.177,1.186,732331082,866977668,False
2020-09-16,1.186,1.198,1.176,1.181,954584448,1134147475,False
2020-09-17,1.179,1.185,1.16,1.17,1027704443,1203667146,False
2020-09-18,1.169,1.238,1.167,1.234,2471359287,2978255158,False
2020-09-21,1.264,1.27,1.225,1.225,2160225746,2687063418,False
2020-09-22,1.211,1.266,1.21,1.23,2058375365,2546657941,False
2020-09-23,1.228,1.235,1.216,1.218,994805002,1216067415,False
2020-09-24,1.21,1.227,1.203,1.204,1093271608,1325209464,False
2020-09-25,1.207,1.232,1.203,1.223,1678149332,2046925522,False
2020-09-28,1.216,1.229,1.214,1.221,1143290756,1397391329,False
2020-09-29,1.226,1.236,1.223,1.225,1134873484,1394310578,False
2020-09-30,1.227,1.229,1.2,1.208,1130222820,1373201386,False
2020-10-09,1.228,1.231,1.22,1.228,1028689972,1260997555,False
2020-10-12,1.237,1.279,1.235,1.277,2320803226,2931925814,False
2020-10-13,1.26,1.261,1.247,1.258,2074017650,2602227492,False
2020-10-14,1.256,1.257,1.238,1.243,1412581570,1759083258,False
2020-10-15,1.245,1.262,1.24,1.24,1156693382,1444906604,False
2020-10-16,1.244,1.252,1.239,1.247,1117103139,1391261989,False
2020-10-19,1.257,1.266,1.231,1.232,1621908290,2024964112,False
2020-10-20,1.228,1.235,1.216,1.234,1005670064,1233010531,False
2020-10-21,1.233,1.236,1.22,1.226,968557522,1187702100,False
2020-10-22,1.222,1.246,1.219,1.235,1171951025,1441887185,False
2020-10-23,1.233,1.242,1.214,1.215,1287847556,1585309238,False
2020-10-26,1.208,1.208,1.168,1.177,1888945813,2231791753,False
2020-10-27,1.172,1.177,1.164,1.174,1025011180,1200711419,False
2020-10-28,1.172,1.185,1.166,1.181,1020986601,1201213221,False
2020-10-29,1.168,1.201,1.166,1.191,1656394267,1960638335,False
2020-10-30,1.184,1.194,1.148,1.149,1585129643,1854581873,False
2020-11-02,1.15,1.174,1.13,1.146,1580824211,1820588522,False
2020-11-03,1.149,1.187,1.147,1.174,1686656342,1973669855,False
2020-11-04,1.173,1.178,1.157,1.168,1084007376,1265763536,False
2020-11-05,1.186,1.196,1.176,1.186,1649836969,1955591168,False
2020-11-06,1.187,1.203,1.18,1.19,1637832188,1950758750,False
2020-11-09,1.199,1.252,1.194,1.236,3063137660,3756280402,False
2020-11-10,1.238,1.24,1.211,1.216,1584916021,1942670348,False
2020-11-11,1.214,1.217,1.189,1.19,1215585667,1457998571,False
2020-11-12,1.19,1.199,1.182,1.184,889837375,1056291041,False
2020-11-13,1.18,1.18,1.163,1.172,1417435086,1658362216,False
2020-11-16,1.178,1.183,1.166,1.179,1058250008,1244367895,False
2020-11-17,1.177,1.181,1.163,1.181,1104643356,1294234964,False
2020-11-18,1.182,1.201,1.18,1.187,1597316106,1903054403,False
2020-11-19,1.177,1.193,1.161,1.188,1582945785,1863065742,False
2020-11-20,1.184,1.193,1.182,1.189,1249614805,1484247815,False
2020-11-23,1.185,1.232,1.178,1.212,3179759480,3842872322,False
2020-11-24,1.206,1.217,1.198,1.202,1498033140,1808296329,False
2020-11-25,1.211,1.218,1.181,1.183,1701948222,2042975068,False
2020-11-26,1.18,1.194,1.176,1.188,1175563870,1391872069,False
2020-11-27,1.189,1.216,1.186,1.214,1903054212,2283288207,False
2020-11-30,1.223,1.267,1.218,1.222,3904670428,4859629902,False
2020-12-01,1.218,1.277,1.213,1.268,3210386870,4000212516,False
2020-12-02,1.265,1.288,1.255,1.265,2474974970,3137928239,False
2020-12-03,1.26,1.279,1.253,1.267,1730785520,2190507051,False
2020-12-04,1.26,1.26,1.237,1.248,1847915942,2301647633,False
2020-12-07,1.247,1.248,1.223,1.223,1528699293,1885709119,False
2020-12-08,1.224,1.237,1.221,1.226,1295767459,1592058578,False
2020-12-09,1.228,1.234,1.182,1.187,2278442171,2757443199,False
2020-12-10,1.181,1.19,1.171,1.181,1707153017,2017179126,False
2020-12-11,1.181,1.183,1.155,1.167,2067066192,2415174697,False
2020-12-14,1.168,1.17,1.156,1.166,1320139682,1535467599,False
2020-12-15,1.163,1.173,1.156,1.169,1260410554,1466245565,False
2020-12-16,1.17,1.171,1.155,1.156,1261148486,1465754432,False
2020-12-17,1.155,1.19,1.148,1.187,2723227548,3188213527,False
2020-12-18,1.18,1.187,1.169,1.173,1316038425,1548762552,False
2020-12-21,1.173,1.189,1.163,1.185,1721188916,2027072463,False
2020-12-22,1.178,1.181,1.133,1.135,2648504440,3063397425,False
2020-12-23,1.138,1.152,1.131,1.144,1928682840,2200577864,False
2020-12-24,1.142,1.154,1.13,1.133,1548858666,1764043040,False
2020-12-25,1.13,1.154,1.123,1.147,2112946204,2411150149,False
2020-12-28,1.143,1.16,1.137,1.141,1770120509,2028391632,False
2020-12-29,1.145,1.168,1.143,1.147,2034598292,2349104686,False
2020-12-30,1.142,1.17,1.14,1.169,2208461648,2555877582,False
2020-12-31,1.18,1.232,1.18,1.222,4696784702,5690329374,False
2021-01-04,1.235,1.244,1.206,1.232,3081342309,3778916843,False
2021-01-05,1.221,1.242,1.207,1.229,2725415646,3338472731,False
2021-01-06,1.23,1.253,1.215,1.229,2423354642,2985447343,False
2021-01-07,1.232,1.242,1.205,1.241,2831725121,3475369371,False
2021-01-08,1.241,1.25,1.227,1.231,2478486774,3061578852,False
2021-01-11,1.237,1.243,1.201,1.202,2676947419,3271542471,False
2021-01-12,1.197,1.293,1.19,1.286,5416773171,6735155498,False
2021-01-13,1.28,1.29,1.245,1.253,3091178428,3918412773,False
2021-01-14,1.246,1.249,1.221,1.222,2575705994,3174153957,False
2021-01-15,1.22,1.244,1.211,1.221,2179418209,2672655805,False
2021-01-18,1.214,1.251,1.211,1.233,2378499800,2935220796,False
2021-01-19,1.23,1.255,1.223,1.231,2229012116,2756421035,False
2021-01-20,1.233,1.25,1.227,1.231,1942581404,2402153355,False
2021-01-21,1.236,1.273,1.23,1.251,3087930983,3861601696,False
2021-01-22,1.245,1.248,1.219,1.224,2752955180,3385143881,False
2021-01-25,1.225,1.236,1.211,1.215,2493263691,3045305528,False
2021-01-26,1.208,1.216,1.17,1.171,2730856343,3250342649,False
2021-01-27,1.172,1.184,1.169,1.174,1489957790,1752824788,False
2021-01-28,1.163,1.18,1.158,1.168,1977095944,2305440217,False
2021-01-29,1.174,1.177,1.138,1.156,1924930319,2228624799,False
2021-02-01,1.162,1.167,1.148,1.151,1484350230,1715843213,False
2021-02-02,1.152,1.154,1.138,1.153,2205787961,2527778725,False
2021-02-03,1.15,1.154,1.136,1.137,1847339137,2114109363,False
2021-02-04,1.132,1.132,1.097,1.109,2826605952,3150276570,False
2021-02-05,1.112,1.124,1.099,1.101,1880670383,2091163363,False
2021-02-08,1.104,1.113,1.087,1.102,1917088596,2110497803,False
2021-02-09,1.103,1.137,1.091,1.134,3081214332,3448025511,False
2021-02-10,1.13,1.139,1.123,1.133,1786641478,2019944484,False
2021-02-18,1.153,1.159,1.138,1.139,2196956708,2521484046,False
2021-02-19,1.134,1.163,1.131,1.162,1820450442,2086356235,False
2021-02-22,1.163,1.17,1.126,1.127,2552975602,2939421142,False
2021-02-23,1.123,1.14,1.116,1.123,1606562462,1812369114,False
2021-02-24,1.123,1.133,1.106,1.115,1801254287,2018709151,False
2021-02-25,1.12,1.132,1.11,1.116,1875486053,2104365209,False
2021-02-26,1.1,1.109,1.092,1.098,1827337071,2012423009,False
2021-03-01,1.099,1.1,1.081,1.09,1900106565,2064865509,False
2021-03-02,1.091,1.096,1.073,1.077,1665232428,1803906203,False
2021-03-03,1.075,1.097,1.073,1.097,2008929548,2185597588,False
2021-03-04,1.088,1.091,1.069,1.071,1832150546,1975135516,False
2021-03-05,1.063,1.102,1.062,1.093,2584591601,2813655138,False
2021-03-08,1.1,1.108,1.072,1.073,1835950190,2004935964,False
2021-03-09,1.073,1.077,1.037,1.045,1826401997,1930858107,False
2021-03-10,1.055,1.056,1.038,1.039,1171412848,1224092470,False
2021-03-11,1.04,1.057,1.039,1.056,1426259963,1497464518,False
2021-03-12,1.054,1.068,1.038,1.056,1981006616,2084501938,False
2021-03-15,1.046,1.046,1.029,1.032,1442472935,1495015488,False
2021-03-16,1.034,1.039,1.027,1.037,1062890705,1099562953,False
2021-03-17,1.034,1.045,1.032,1.039,1130361441,1173982329,False
2021-03-18,1.041,1.051,1.038,1.041,1048012951,1094127066,False
2021-03-19,1.031,1.035,1.026,1.03,1133604079,1168192243,False
2021-03-22,1.034,1.057,1.032,1.049,1459578674,1524607595,False
2021-03-23,1.046,1.064,1.039,1.054,1616098393,1698546295,False
2021-03-24,1.049,1.085,1.047,1.06,2136040371,2280818393,False
2021-03-25,1.052,1.064,1.05,1.051,931242462,982796836,False
2021-03-26,1.052,1.061,1.048,1.057,1100542437,1161811245,False
2021-03-29,1.056,1.067,1.052,1.056,1025905772,1085407256,False
2021-03-30,1.053,1.058,1.05,1.052,930568723,980287327,False
2021-03-31,1.051,1.052,1.036,1.037,1024516773,1066227103,False
2021-04-01,1.039,1.046,1.034,1.045,1557134635,1619624533,False
2021-04-02,1.047,1.054,1.043,1.048,1141039349,1195138791,False
2021-04-06,1.054,1.056,1.046,1.046,976061464,1024950179,False
2021-04-07,1.045,1.049,1.038,1.043,1007469532,1050253057,False
2021-04-08,1.04,1.059,1.038,1.048,1868536616,1962728050,False
2021-04-09,1.044,1.047,1.035,1.036,927299896,964138247,False
2021-04-12,1.034,1.037,1.014,1.015,1229334207,1263212814,False
2021-04-13,1.013,1.018,1.007,1.013,1076366448,1090380152,False
2021-04-14,1.013,1.028,1.012,1.025,1070382690,1093744733,False
2021-04-15,1.021,1.021,1.012,1.015,793303100,805364346,False
2021-04-16,1.017,1.027,1.014,1.022,889544624,907821167,False
2021-04-19,1.019,1.052,1.017,1.049,1787944492,1855350937,False
2021-04-20,1.045,1.055,1.038,1.039,911114547,952557083,False
2021-04-21,1.035,1.044,1.033,1.037,658965109,683667768,False
2021-04-22,1.042,1.05,1.038,1.04,907704992,946779155,False
2021-04-23,1.036,1.045,1.035,1.038,797559785,828563451,False
2021-04-26,1.04,1.051,1.02,1.02,1290862154,1338399968,False
2021-04-27,1.017,1.023,1.005,1.014,1503969149,1522137418,False
2021-04-28,1.011,1.022,1.01,1.017,875188960,889584399,False
2021-04-29,1.018,1.05,1.017,1.042,2202481363,2287667613,False
2021-04-30,1.038,1.044,1.027,1.031,1343627998,1390274841,False
2021-05-06,1.04,1.045,1.021,1.022,1015853206,1047481682,False
2021-05-07,1.021,1.023,1.005,1.007,1456613045,1474271644,False
2021-05-10,1.007,1.007,0.992,0.998,1356928977,1353454701,False
2021-05-11,0.993,1.019,0.99,1.013,1479539941,1485504600,False
2021-05-12,1.008,1.013,1.003,1.01,869181358,876127860,False
2021-05-13,1.004,1.014,1.002,1.006,778747152,785282337,False
2021-05-14,1.01,1.087,1.01,1.081,4567532351,4804391524,False
2021-05-17,1.063,1.076,1.056,1.066,2113672667,2252407737,False
2021-05-18,1.061,1.083,1.059,1.065,1514681881,1619904635,False
2021-05-19,1.06,1.079,1.06,1.064,1271052461,1357576846,False
2021-05-20,1.063,1.092,1.063,1.079,1875845216,2020517118,False
2021-05-21,1.079,1.081,1.058,1.06,1442142949,1538183308,False
2021-05-24,1.066,1.092,1.066,1.08,1966175672,2126126465,False
2021-05-25,1.078,1.133,1.076,1.127,3616967616,4040635592,False
2021-05-26,1.133,1.148,1.122,1.124,2452220170,2787495913,False
2021-05-27,1.12,1.138,1.117,1.125,1425528617,1602782972,False
2021-05-28,1.125,1.162,1.121,1.142,2167460270,2469905284,False
2021-05-31,1.142,1.147,1.131,1.144,1274004907,1449849556,False
2021-06-01,1.138,1.138,1.116,1.129,1568411840,1763974226,False
2021-06-02,1.126,1.134,1.103,1.105,1621625076,1808567183,False
2021-06-03,1.106,1.124,1.102,1.105,1309727186,1458951834,False
2021-06-04,1.099,1.146,1.097,1.111,1931000273,2155242949,False
2021-06-07,1.111,1.132,1.107,1.12,1259354046,1409807498,False
2021-06-08,1.116,1.136,1.114,1.122,1333981541,1500778873,False
2021-06-09,1.122,1.126,1.105,1.109,1133290771,1260505612,False
2021-06-10,1.109,1.129,1.107,1.113,1219929778,1363471549,False
2021-06-11,1.116,1.119,1.092,1.093,1408942998,1558165467,False
2021-06-15,1.094,1.095,1.077,1.078,1144372925,1239179502,False
2021-06-16,1.076,1.084,1.064,1.07,1265084532,1356353722,False
2021-06-17,1.071,1.08,1.068,1.074,1164625185,1250603869,False
2021-06-18,1.073,1.09,1.07,1.085,1298921130,1404546982,False
2021-06-21,1.086,1.096,1.08,1.084,1098327079,1192539943,False
2021-06-22,1.088,1.091,1.076,1.08,1067297247,1154695494,False
2021-06-23,1.08,1.091,1.072,1.085,1307553735,1415815004,False
2021-06-24,1.086,1.101,1.083,1.089,1290951877,1408810944,False
2021-06-25,1.092,1.134,1.087,1.123,2801578598,3126190115,False
2021-06-28,1.126,1.129,1.108,1.112,1488619059,1657433314,False
2021-06-29,1.111,1.114,1.094,1.097,1329502283,1466534129,False
2021-06-30,1.098,1.112,1.094,1.109,1386706030,1529390794,False
2021-07-01,1.125,1.131,1.075,1.077,1907631660,2099328035,False
2021-07-02,1.073,1.073,1.045,1.046,1535304035,1622990469,False
2021-07-05,1.047,1.052,1.038,1.048,930519758,972641990,False
2021-07-06,1.049,1.056,1.042,1.054,961070297,1007629972,False
2021-07-07,1.048,1.061,1.046,1.057,1105445974,1167627390,False
2021-07-08,1.064,1.07,1.054,1.055,1107373216,1176688932,False
2021-07-09,1.049,1.064,1.048,1.06,1142756972,1207523507,False
2021-07-12,1.074,1.091,1.065,1.083,1934928922,2090064387,False
2021-07-13,1.078,1.085,1.071,1.077,915419711,985732158,False
2021-07-14,1.075,1.078,1.062,1.064,1029459373,1100980190,False
2021-07-15,1.062,1.082,1.061,1.08,1338591000,1437078466,False
2021-07-16,1.086,1.096,1.076,1.08,1783225902,1933758031,False
2021-07-19,1.074,1.077,1.065,1.076,1114990851,1194211808,False
2021-07-20,1.067,1.079,1.066,1.071,884505597,947608142,False
2021-07-21,1.074,1.099,1.073,1.088,1959305750,2133061512,False
2021-07-22,1.088,1.109,1.084,1.106,2125484766,2335833778,False
2021-07-23,1.107,1.143,1.095,1.111,2623444947,2930963702,False
2021-07-26,1.111,1.12,1.079,1.08,1948683670,2143096948,False
2021-07-27,1.08,1.086,1.044,1.049,1813527493,1932416805,False
2021-07-28,1.045,1.054,1.032,1.037,1324091198,1379023934,False
2021-07-29,1.048,1.06,1.042,1.051,1478399393,1551389221,False
2021-07-30,1.044,1.046,1.026,1.028,1430688264,1476924275,False
2021-08-02,1.025,1.084,1.015,1.069,2486605081,2618296392,False
2021-08-03,1.06,1.096,1.057,1.07,1866997796,2007488819,False
2021-08-04,1.067,1.076,1.063,1.072,1157531619,1237710014,False
2021-08-05,1.067,1.077,1.05,1.053,1180027884,1252809847,False
2021-08-06,1.053,1.064,1.051,1.057,1000155857,1057734903,False
2021-08-09,1.051,1.09,1.051,1.08,1882334714,2031465057,False
2021-08-10,1.077,1.097,1.07,1.096,1858556557,2016637173,False
2021-08-11,1.094,1.104,1.085,1.086,1331915661,1456132521,False
2021-08-12,1.083,1.09,1.077,1.079,891681262,964708417,False
2021-08-13,1.077,1.089,1.072,1.079,929520052,1003080389,False
2021-08-16,1.083,1.105,1.082,1.089,1644140464,1801028641,False
2021-08-17,1.086,1.124,1.08,1.082,2260942699,2492528462,False
2021-08-18,1.078,1.159,1.077,1.157,4662187494,5270225865,False
2021-08-19,1.154,1.175,1.131,1.133,3121012206,3587032014,False
2021-08-20,1.129,1.149,1.116,1.135,1903181598,2155381084,False
2021-08-23,1.142,1.154,1.129,1.139,1624459876,1851945357,False
2021-08-24,1.138,1.175,1.129,1.161,2702676427,3119255580,False
2021-08-25,1.153,1.158,1.138,1.143,1699089230,1946060237,False
2021-08-26,1.14,1.15,1.127,1.129,1630177026,1852677722,False
2021-08-27,1.126,1.143,1.121,1.125,1616535900,1823644999,False
2021-08-30,1.13,1.132,1.1,1.105,2264450329,2514663667,False
2021-08-31,1.102,1.14,1.095,1.13,3118745241,3481894655,False
2021-09-01,1.125,1.198,1.121,1.17,4495869172,5230316914,False
2021-09-02,1.17,1.196,1.164,1.191,3080116499,3650663167,False
2021-09-03,1.24,1.244,1.177,1.178,3572125271,4311095744,False
2021-09-06,1.179,1.227,1.178,1.215,2504603439,3034622449,False
2021-09-07,1.205,1.25,1.195,1.244,3012297507,3687195924,False
2021-09-08,1.239,1.277,1.234,1.243,2545687527,3190735445,False
2021-09-09,1.226,1.239,1.217,1.233,1778570043,2183068069,False
2021-09-10,1.24,1.289,1.236,1.249,2906473031,3660344926,False
2021-09-13,1.247,1.274,1.244,1.253,1659640802,2084309326,False
2021-09-14,1.253,1.257,1.211,1.215,2194060417,2696725312,False
2021-09-15,1.21,1.228,1.203,1.211,1520647240,1847482587,False
2021-09-16,1.213,1.218,1.182,1.186,1900875279,2274756929,False
2021-09-17,1.187,1.204,1.181,1.2,1569947672,1875189394,False
2021-09-22,1.188,1.199,1.181,1.191,1451857245,1725020003,False
2021-09-23,1.2,1.219,1.192,1.206,1640754677,1977385237,False
2021-09-24,1.206,1.214,1.188,1.189,1503479096,1804080913,False
2021-09-27,1.188,1.198,1.15,1.157,2112275469,2484495280,False
2021-09-28,1.16,1.184,1.159,1.175,1261813787,1480766006,False
2021-09-29,1.166,1.168,1.143,1.159,1715589833,1985045469,False
2021-09-30,1.163,1.164,1.149,1.157,1107449314,1280466217,False
2021-10-08,1.165,1.176,1.161,1.169,1079636983,1261655452,False
2021-10-11,1.171,1.178,1.159,1.162,1025189810,1198599749,False
2021-10-12,1.156,1.156,1.112,1.125,2363846742,2675975701,False
2021-10-13,1.124,1.137,1.115,1.131,1301051872,1466804826,False
2021-10-14,1.128,1.133,1.12,1.128,1082041958,1219862510,False
2021-10-15,1.121,1.136,1.121,1.129,1080050445,1219068250,False
2021-10-18,1.13,1.133,1.123,1.13,797703022,900000939,False
2021-10-19,1.127,1.146,1.127,1.136,1105585103,1257696755,False
2021-10-20,1.136,1.143,1.131,1.132,1172695663,1332889896,False
2021-10-21,1.133,1.147,1.126,1.135,1702101487,1933781616,False
2021-10-22,1.137,1.145,1.13,1.137,1229629536,1398547355,False
2021-10-25,1.136,1.157,1.126,1.152,1757520776,2002901940,False
2021-10-26,1.146,1.155,1.139,1.14,1242681200,1423945707,False
2021-10-27,1.135,1.137,1.108,1.11,1903258763,2128810839,False
2021-10-28,1.107,1.115,1.099,1.102,1148508569,1271108901,False
2021-10-29,1.1,1.118,1.085,1.11,2006829070,2209323661,False
2021-11-01,1.105,1.124,1.103,1.114,1299904744,1450055430,False
2021-11-02,1.113,1.118,1.084,1.091,1820431786,1999080666,False
2021-11-03,1.092,1.102,1.09,1.095,900450831,986358899,False
2021-11-04,1.102,1.109,1.094,1.096,956597576,1051648918,False
2021-11-05,1.094,1.103,1.09,1.093,1082434471,1186665349,False
2021-11-08,1.091,1.111,1.09,1.104,1245758013,1371887368,False
2021-11-09,1.106,1.115,1.101,1.111,1269377597,1406314478,False
2021-11-10,1.108,1.114,1.099,1.109,1274151098,1408075690,False
2021-11-11,1.106,1.147,1.106,1.141,2803938584,3173481033,False
2021-11-12,1.141,1.143,1.129,1.135,1193089261,1353158747,False
2021-11-15,1.137,1.142,1.127,1.131,1030828464,1167058099,False
2021-11-16,1.128,1.134,1.112,1.115,1799621799,2019104101,False
2021-11-17,1.114,1.12,1.112,1.114,972241876,1083867674,False
2021-11-18,1.112,1.113,1.101,1.102,1205093200,1331730110,False
2021-11-19,1.1,1.13,1.1,1.124,2101000603,2346383891,False
2021-11-22,1.121,1.138,1.118,1.13,1711384436,1933742756,False
2021-11-23,1.127,1.148,1.127,1.133,1868546375,2129858416,False
2021-11-24,1.132,1.138,1.127,1.131,1080997729,1223782490,False
2021-11-25,1.13,1.134,1.123,1.125,1108105301,1249158739,False
2021-11-26,1.124,1.126,1.116,1.117,1257646638,1409238635,False
2021-11-29,1.108,1.112,1.103,1.107,1354556706,1499810022,False
2021-11-30,1.11,1.119,1.104,1.108,988614807,1098689667,False
2021-12-01,1.106,1.126,1.105,1.123,1321344641,1478535197,False
2021-12-02,1.12,1.138,1.118,1.131,1478911886,1672737619,False
2021-12-03,1.132,1.141,1.123,1.137,1370932692,1554260054,False
2021-12-06,1.145,1.187,1.144,1.153,3238563043,3779035746,False
2021-12-07,1.167,1.17,1.149,1.158,1569321001,1818005190,False
2021-12-08,1.159,1.174,1.15,1.174,1750676424,2039172692,False
2021-12-09,1.17,1.215,1.168,1.193,2668946978,3182158290,False
2021-12-10,1.183,1.187,1.175,1.178,1325816861,1564977052,False
2021-12-13,1.198,1.218,1.181,1.185,2523595270,3028097944,False
2021-12-14,1.177,1.19,1.174,1.178,1071626156,1264616983,False
2021-12-15,1.179,1.197,1.178,1.185,993710166,1179626510,False
2021-12-16,1.188,1.194,1.181,1.193,974534290,1157854173,False
2021-12-17,1.193,1.201,1.18,1.181,1202559380,1431186998,False
2021-12-20,1.176,1.186,1.159,1.161,1406750475,1646193551,False
2021-12-21,1.161,1.179,1.158,1.177,1185543268,1386537858,False
2021-12-22,1.177,1.177,1.165,1.167,757731710,886547995,False
2021-12-23,1.168,1.173,1.157,1.165,1126684906,1311717437,False
2021-12-24,1.165,1.174,1.156,1.158,909972551,1058789225,False
2021-12-27,1.158,1.165,1.155,1.16,684536926,793761643,False
2021-12-28,1.164,1.17,1.157,1.169,988945372,1150638941,False
2021-12-29,1.169,1.169,1.154,1.155,1038465623,1205855288,False
2021-12-30,1.154,1.179,1.152,1.174,1369947579,1602484352,False
2021-12-31,1.177,1.182,1.17,1.176,996882889,1171842079,False
2022-01-04,1.176,1.177,1.161,1.17,873372950,1020139601,False
2022-01-05,1.169,1.173,1.157,1.16,1125338567,1309650630,False
2022-01-06,1.154,1.156,1.134,1.137,1521866044,1737943086,False
2022-01-07,1.141,1.149,1.138,1.139,915499254,1046094270,False
2022-01-10,1.141,1.146,1.135,1.138,880935691,1004140993,False
2022-01-11,1.138,1.15,1.135,1.139,1103452328,1260406764,False
2022-01-12,1.141,1.145,1.134,1.143,1189656839,1355426516,False
2022-01-13,1.147,1.152,1.135,1.136,1257844725,1438847267,False
2022-01-14,1.127,1.127,1.104,1.105,1866995577,2082954870,False
2022-01-17,1.103,1.12,1.101,1.116,1052249502,1170873171,False
2022-01-18,1.115,1.126,1.111,1.118,1133663347,1268253302,False
2022-01-19,1.12,1.133,1.117,1.122,1039995591,1170674905,False
2022-01-20,1.122,1.149,1.118,1.141,1858633662,2112811543,False
2022-01-21,1.137,1.14,1.129,1.131,1186580426,1344515938,False
2022-01-24,1.127,1.133,1.122,1.123,917478174,1033862590,False
2022-01-25,1.119,1.122,1.092,1.093,1612905537,1788907740,False
2022-01-26,1.094,1.114,1.093,1.112,1336255740,1474307789,False
2022-01-27,1.106,1.111,1.085,1.087,1502371241,1647602602,False
2022-01-28,1.094,1.108,1.075,1.076,1403786193,1530459664,False
2022-02-07,1.091,1.098,1.084,1.092,1290477509,1407062657,False
2022-02-08,1.09,1.108,1.084,1.107,1208642999,1324856634,False
2022-02-09,1.106,1.113,1.102,1.11,890136698,986307333,False
2022-02-10,1.11,1.114,1.102,1.11,810517825,898466580,False
2022-02-11,1.108,1.127,1.106,1.111,1362071769,1521403880,False
2022-02-14,1.102,1.103,1.055,1.06,2506117146,2692414700,False
2022-02-15,1.058,1.063,1.055,1.062,1033921370,1094916115,False
2022-02-16,1.067,1.073,1.061,1.064,762543231,813034056,False
2022-02-17,1.062,1.066,1.055,1.056,940749499,996609494,False
2022-02-18,1.05,1.061,1.049,1.058,957948435,1010472423,False
2022-02-21,1.06,1.061,1.051,1.057,935778913,986683586,False
2022-02-22,1.049,1.05,1.032,1.036,1327870745,1381497521,False
2022-02-23,1.039,1.05,1.036,1.05,1078102503,1126570942,False
2022-02-24,1.043,1.049,1.011,1.02,1712464488,1760823087,False
2022-02-25,1.029,1.036,1.019,1.022,974682394,1000962687,False
2022-02-28,1.02,1.024,1.01,1.019,968434727,983587947,False
2022-03-01,1.023,1.03,1.02,1.028,1049137521,1075341561,False
2022-03-02,1.023,1.027,1.021,1.024,616435248,631206325,False
2022-03-03,1.029,1.032,1.022,1.024,734942726,754208285,False
2022-03-04,1.018,1.019,1.007,1.01,1117357132,1131613064,False
2022-03-07,1.005,1.006,0.981,0.985,1393117288,1384815051,False
2022-03-08,0.985,0.993,0.955,0.96,1624020977,1586146206,False
2022-03-09,0.968,0.97,0.902,0.937,2378183167,2231637928,False
2022-03-10,0.955,0.958,0.934,0.935,1622637735,1533973454,False
2022-03-11,0.921,0.963,0.907,0.956,2041006873,1904799940,False
2022-03-14,0.939,0.96,0.937,0.94,1181126151,1120101935,False
2022-03-15,0.932,0.952,0.906,0.909,1755543317,1633095189,False
2022-03-16,0.919,0.972,0.905,0.967,2681215926,2519700233,False
2022-03-17,0.974,0.986,0.959,0.963,2123918777,2059454573,False
2022-03-18,0.96,0.975,0.955,0.972,1352564535,1306477278,False
2022-03-21,0.965,0.967,0.951,0.955,1164900962,1116573671,False
2022-03-22,0.951,0.967,0.95,0.956,1192485150,1141731334,False
2022-03-23,0.959,0.961,0.953,0.957,747612806,715651149,False
2022-03-24,0.95,0.954,0.943,0.946,846515051,803011206,False
2022-03-25,0.947,0.955,0.934,0.935,1001334786,945214091,False
2022-03-28,0.927,0.945,0.92,0.936,980277790,914530636,False
2022-03-29,0.94,0.942,0.926,0.93,711101935,663992520,False
2022-03-30,0.936,0.967,0.935,0.965,1903247527,1818089481,False
2022-03-31,0.96,0.965,0.955,0.957,818081126,784395015,False
2022-04-01,0.951,0.974,0.95,0.97,1416166041,1366689512,False
2022-04-06,0.962,0.973,0.962,0.971,843640761,816534091,False
2022-04-07,0.968,0.977,0.95,0.951,1004104443,967398232,False
2022-04-08,0.952,0.971,0.945,0.966,1110741586,1065417904,False
2022-04-11,0.96,0.961,0.933,0.936,1190281435,1124455212,False
2022-04-12,0.936,0.977,0.933,0.967,1543573529,1476797922,False
2022-04-13,0.958,0.973,0.953,0.958,1088098395,1046277530,False
2022-04-14,0.965,0.98,0.96,0.972,1594747565,1551332403,False
2022-04-15,0.965,0.98,0.961,0.966,1111686682,1077647367,False
2022-04-18,0.953,0.953,0.933,0.94,1324503647,1246371102,False
2022-04-19,0.938,0.944,0.931,0.933,885247950,829216257,False
2022-04-20,0.933,0.937,0.916,0.918,1170100591,1082875722,False
2022-04-21,0.913,0.934,0.911,0.916,1353256239,1245909698,False
2022-04-22,0.91,0.924,0.909,0.917,1168994370,1073475493,False
2022-04-25,0.901,0.92,0.885,0.889,1962002133,1772067190,False
2022-04-26,0.888,0.89,0.842,0.849,2143505435,1851784598,False
2022-04-27,0.834,0.866,0.831,0.86,1970229663,1671171217,False
2022-04-28,0.851,0.855,0.832,0.844,1452120314,1225464143,False
2022-04-29,0.862,0.888,0.849,0.879,2603612073,2265379143,False
2022-05-05,0.867,0.873,0.862,0.867,1045474845,906987701,False
2022-05-06,0.852,0.856,0.842,0.844,1207396715,1025623770,False
2022-05-09,0.84,0.851,0.839,0.845,699548770,591312236,False
2022-05-10,0.838,0.862,0.836,0.858,1345989633,1147226981,False
2022-05-11,0.857,0.882,0.855,0.863,1997957430,1738132042,False
2022-05-12,0.858,0.874,0.857,0.865,1053980140,910227355,False
2022-05-13,0.869,0.875,0.862,0.87,995383169,863971361,False
2022-05-16,0.877,0.879,0.86,0.86,848174749,734512224,False
2022-05-17,0.861,0.87,0.856,0.866,1051138949,906767999,False
2022-05-18,0.869,0.876,0.864,0.868,1182770102,1029048137,False
2022-05-19,0.857,0.867,0.855,0.867,949664186,818128622,False
2022-05-20,0.872,0.885,0.87,0.884,1772656151,1559158633,False
2022-05-23,0.88,0.888,0.874,0.885,1006767088,886828406,False
2022-05-24,0.883,0.889,0.86,0.861,1160129400,1014428350,False
2022-05-25,0.86,0.865,0.859,0.864,833889385,719308286,False
2022-05-26,0.865,0.888,0.857,0.878,1487561475,1300965993,False
2022-05-27,0.883,0.887,0.871,0.877,1251808177,1102471116,False
2022-05-30,0.878,0.881,0.869,0.873,867403580,758236369,False
2022-05-31,0.872,0.886,0.869,0.884,1389865885,1221688875,False
2022-06-01,0.883,0.887,0.875,0.88,968909948,853824669,False
2022-06-02,0.877,0.89,0.872,0.886,1158145055,1021770327,False
2022-06-06,0.883,0.907,0.881,0.906,1878735878,1686970343,False
2022-06-07,0.903,0.923,0.901,0.908,1654504047,1509828664,False
2022-06-08,0.908,0.926,0.905,0.922,2249363877,2059913566,False
2022-06-09,0.924,0.945,0.918,0.922,2140310435,1991005879,False
2022-06-10,0.915,0.949,0.911,0.945,1988865132,1850481136,False
2022-06-13,0.933,0.945,0.923,0.932,1525091245,1424331778,False
2022-06-14,0.92,0.987,0.911,0.985,2459355807,2328256712,False
2022-06-15,0.99,1.052,0.99,1.015,4623178313,4725762243,False
2022-06-16,1.011,1.012,0.967,0.969,3237659258,3198018860,False
2022-06-17,0.96,0.982,0.946,0.966,2360908948,2272733092,False
2022-06-20,0.962,0.978,0.956,0.96,1656464261,1597140536,False
2022-06-21,0.961,0.967,0.951,0.959,1784795657,1712826322,False
2022-06-22,0.958,0.967,0.942,0.943,1587946232,1515929297,False
2022-06-23,0.942,0.985,0.941,0.977,2289993657,2212772134,False
2022-06-24,0.98,0.985,0.968,0.979,1682811887,1643796677,False
2022-06-27,0.983,0.992,0.977,0.98,1811479015,1781121304,False
2022-06-28,0.977,0.997,0.966,0.987,1862938335,1820491763,False
2022-06-29,0.981,0.994,0.965,0.967,1797413269,1765233426,False
2022-06-30,0.968,0.986,0.968,0.976,1753683411,1715070582,False
2022-07-01,0.977,0.978,0.96,0.963,1286669579,1246412587,False
2022-07-04,0.962,0.968,0.95,0.967,1200628060,1152609854,False
2022-07-05,0.968,0.973,0.948,0.954,1504889804,1440497324,False
2022-07-06,0.953,0.956,0.941,0.943,1459544722,1383487883,False
2022-07-07,0.942,0.952,0.94,0.941,1078970109,1019266458,False
2022-07-08,0.946,0.951,0.934,0.935,1208444986,1137714882,False
2022-07-11,0.932,0.934,0.923,0.924,1322846083,1227417429,False
2022-07-12,0.927,0.941,0.923,0.929,1330149315,1238092704,False
2022-07-13,0.928,0.934,0.924,0.927,957509826,889391273,False
2022-07-14,0.924,0.929,0.918,0.92,1112000818,1026131059,False
2022-07-15,0.917,0.921,0.894,0.896,1492427569,1357225602,False
2022-07-18,0.9,0.92,0.899,0.915,1253449278,1142203543,False
2022-07-19,0.914,0.927,0.911,0.923,1030199983,946828444,False
2022-07-20,0.926,0.929,0.92,0.923,764907979,706909329,False
2022-07-21,0.92,0.924,0.913,0.914,821900530,754838727,False
2022-07-22,0.917,0.926,0.909,0.916,1038816296,953469227,False
2022-07-25,0.915,0.916,0.905,0.905,830253700,754325247,False
2022-07-26,0.906,0.915,0.904,0.911,763991253,695110592,False
2022-07-27,0.908,0.912,0.905,0.908,663845686,603046893,False
2022-07-28,0.914,0.926,0.913,0.915,1254694602,1153684571,False
2022-07-29,0.916,0.922,0.906,0.907,1002941421,915272013,False
2022-08-01,0.904,0.905,0.894,0.9,931438620,836550703,False
2022-08-02,0.89,0.891,0.861,0.871,1651011388,1442562413,False
2022-08-03,0.872,0.881,0.865,0.866,1082049977,944780975,False
2022-08-04,0.872,0.879,0.868,0.874,1013114212,884147136,False
2022-08-05,0.875,0.896,0.873,0.895,1653777619,1463424133,False
2022-08-08,0.892,0.898,0.889,0.895,686324532,613949958,False
2022-08-09,0.893,0.899,0.89,0.892,710532200,635406215,False
2022-08-10,0.89,0.901,0.887,0.889,789520934,705304290,False
2022-08-11,0.896,0.938,0.893,0.938,2771200603,2552633485,False
2022-08-12,0.929,0.942,0.926,0.935,1259344126,1177608145,False
2022-08-15,0.929,0.938,0.924,0.927,931384206,866117869,False
2022-08-16,0.93,0.935,0.924,0.925,838774652,778933951,False
2022-08-17,0.927,0.949,0.922,0.944,1675447532,1574279736,False
2022-08-18,0.94,0.945,0.934,0.936,933866584,876379466,False
2022-08-19,0.935,0.944,0.93,0.931,943927846,884654280,False
2022-08-22,0.93,0.934,0.926,0.929,976167700,907045266,False
2022-08-23,0.927,0.945,0.923,0.931,1161939644,1083436599,False
2022-08-24,0.929,0.952,0.917,0.919,1606928552,1501981692,False
2022-08-25,0.92,0.941,0.92,0.937,1505323396,1398482930,False
2022-08-26,0.936,0.939,0.925,0.927,882926568,821694140,False
2022-08-29,0.918,0.924,0.914,0.922,861187805,791600669,False
2022-08-30,0.921,0.931,0.914,0.923,1048613525,965295410,False
2022-08-31,0.919,0.938,0.918,0.929,1277659525,1184509600,False
2022-09-01,0.926,0.929,0.915,0.917,960642404,885940268,False
2022-09-02,0.916,0.924,0.909,0.913,929128806,850224390,False
2022-09-05,0.912,0.921,0.909,0.92,832145000,761839680,False
2022-09-06,0.924,0.932,0.921,0.931,1047003661,970559609,False
2022-09-07,0.927,0.929,0.923,0.925,737141218,681836021,False
2022-09-08,0.927,0.931,0.922,0.922,745538193,690378606,False
2022-09-09,0.923,0.943,0.922,0.939,1369123151,1280119526,False
2022-09-13,0.94,0.949,0.936,0.937,795209459,748587372,False
2022-09-14,0.925,0.93,0.921,0.923,1117717408,1034482210,False
2022-09-15,0.927,0.934,0.916,0.922,1103037421,1022357067,False
2022-09-16,0.918,0.919,0.866,0.869,2467400702,2172365332,False
2022-09-19,0.867,0.868,0.856,0.859,965976730,832011668,False
2022-09-20,0.863,0.866,0.857,0.859,714573730,615450757,False
2022-09-21,0.856,0.863,0.846,0.86,937831656,801075816,False
2022-09-22,0.853,0.862,0.851,0.855,705134053,604127104,False
2022-09-23,0.855,0.865,0.85,0.856,842650008,722930015,False
2022-09-26,0.851,0.854,0.836,0.838,919206788,776826159,False
2022-09-27,0.841,0.846,0.836,0.845,815525347,685924958,False
2022-09-28,0.842,0.844,0.83,0.831,867432567,726032434,False
2022-09-29,0.836,0.837,0.815,0.82,1090329229,901053920,False
2022-09-30,0.819,0.827,0.816,0.816,809551913,665031095,False
2022-10-10,0.816,0.823,0.807,0.808,823540211,671331596,False
2022-10-11,0.811,0.826,0.807,0.816,787531444,642186015,False
2022-10-12,0.815,0.835,0.812,0.835,1051556564,865166507,False
2022-10-13,0.83,0.836,0.827,0.83,661395162,549313016,False
2022-10-14,0.838,0.85,0.835,0.845,1062448284,895809937,False
2022-10-17,0.84,0.85,0.838,0.849,638884948,540503684,False
2022-10-18,0.853,0.854,0.844,0.845,714180624,605135041,False
2022-10-19,0.844,0.847,0.836,0.837,606577620,509810088,False
2022-10-20,0.833,0.852,0.832,0.84,920151937,773165659,False
2022-10-21,0.859,0.863,0.841,0.844,1191301560,1014729901,False
2022-10-24,0.844,0.863,0.823,0.826,1376716425,1163988639,False
2022-10-25,0.826,0.828,0.801,0.811,1210089463,983594513,False
2022-10-26,0.812,0.829,0.811,0.818,1045802570,856861951,False
2022-10-27,0.818,0.833,0.817,0.822,856523373,705988920,False
2022-10-28,0.818,0.824,0.8,0.804,1182687977,961252590,False
2022-10-31,0.799,0.815,0.797,0.805,999567293,804573544,False
2022-11-01,0.806,0.83,0.805,0.83,1284965410,1053684816,False
2022-11-02,0.825,0.837,0.823,0.832,1147477639,951722434,False
2022-11-03,0.826,0.83,0.822,0.827,720328341,594888083,False
2022-11-04,0.827,0.857,0.826,0.85,1946907463,1643582131,False
2022-11-07,0.844,0.854,0.843,0.848,964085715,817906038,False
2022-11-08,0.849,0.852,0.841,0.845,721902374,609799800,False
2022-11-09,0.845,0.849,0.841,0.842,607757300,513004728,False
2022-11-10,0.839,0.852,0.836,0.848,904788640,764601011,False
2022-11-11,0.874,0.883,0.858,0.869,2102561206,1825902489,False
2022-11-14,0.872,0.893,0.87,0.876,1899258893,1672646738,False
2022-11-15,0.87,0.918,0.87,0.908,2353525979,2117510927,False
2022-11-16,0.902,0.907,0.89,0.892,1019371982,915190885,False
2022-11-17,0.888,0.897,0.885,0.896,1064924279,949042162,False
2022-11-18,0.896,0.897,0.883,0.884,1058537069,941395632,False
2022-11-21,0.879,0.879,0.863,0.869,989172318,859068975,False
2022-11-22,0.868,0.88,0.865,0.87,961461519,838636491,False
2022-11-23,0.869,0.879,0.867,0.871,756276497,659575009,False
2022-11-24,0.878,0.882,0.866,0.867,740046220,645576408,False
2022-11-25,0.865,0.882,0.864,0.876,973335983,850842277,False
2022-11-28,0.861,0.863,0.849,0.862,1059822149,907811740,False
2022-11-29,0.863,0.9,0.863,0.894,2310091377,2045633379,False
2022-11-30,0.89,0.906,0.89,0.894,1052720251,944474085,False
2022-12-01,0.91,0.929,0.897,0.897,2049969723,1872255874,False
2022-12-02,0.898,0.905,0.89,0.894,695986796,623824350,False
2022-12-05,0.905,0.927,0.903,0.926,1781840351,1634692917,False
2022-12-06,0.92,0.933,0.918,0.921,905794791,837325197,False
2022-12-07,0.918,0.926,0.906,0.912,1420671951,1297846599,False
2022-12-08,0.912,0.915,0.906,0.91,688836690,626946367,False
2022-12-09,0.912,0.923,0.903,0.918,1084556706,989498279,False
2022-12-12,0.912,0.912,0.895,0.896,1162491971,1047878183,False
2022-12-13,0.897,0.902,0.894,0.897,605010228,542934965,False
2022-12-14,0.899,0.908,0.894,0.903,781712106,704352849,False
2022-12-15,0.9,0.904,0.894,0.896,709984042,636675301,False
2022-12-16,0.891,0.9,0.89,0.893,862209465,770017548,False
2022-12-19,0.895,0.9,0.864,0.868,1227348300,1078471895,False
2022-12-20,0.865,0.872,0.86,0.863,777196079,672973714,False
2022-12-21,0.866,0.87,0.859,0.863,592140800,511735860,False
2022-12-22,0.869,0.875,0.858,0.862,813254116,705272547,False
2022-12-23,0.857,0.869,0.856,0.865,587945343,507584694,False
2022-12-26,0.865,0.866,0.856,0.862,696891500,600074220,False
2022-12-27,0.867,0.876,0.863,0.873,930863218,810938867,False
2022-12-28,0.869,0.873,0.865,0.867,638243662,554107141,False
2022-12-29,0.863,0.868,0.858,0.865,996228800,859915438,False
2022-12-30,0.867,0.873,0.866,0.869,559267490,486002834,False
2023-01-03,0.861,0.866,0.842,0.864,1616058299,1377505857,False
2023-01-04,0.861,0.871,0.861,0.866,1044310557,905089795,False
2023-01-05,0.871,0.888,0.871,0.883,1399841904,1230910632,False
2023-01-06,0.881,0.891,0.879,0.884,1175190060,1039780129,False
2023-01-09,0.887,0.909,0.887,0.899,1435572367,1290592668,False
2023-01-10,0.9,0.912,0.896,0.898,1013645437,915545430,False
2023-01-11,0.9,0.903,0.89,0.892,905159539,810683531,False
2023-01-12,0.894,0.9,0.888,0.9,796100449,712167876,False
2023-01-13,0.903,0.918,0.897,0.918,1298242509,1179206356,False
2023-01-16,0.921,0.968,0.918,0.947,2559788288,2426676738,False
2023-01-17,0.942,0.96,0.94,0.959,1747080889,1662339368,False
2023-01-18,0.957,0.965,0.954,0.955,851952902,815777268,False
2023-01-19,0.951,0.976,0.95,0.975,1193783146,1151367559,False
2023-01-20,0.977,0.977,0.96,0.969,1187010300,1147974610,False
2023-01-30,0.985,0.99,0.96,0.961,1801777263,1747317535,False
2023-01-31,0.96,0.968,0.949,0.956,1223459270,1169925808,False
2023-02-01,0.957,0.982,0.954,0.981,1447500309,1397044432,False
2023-02-02,0.995,0.997,0.959,0.961,2098964700,2034991984,False
2023-02-03,0.951,0.96,0.943,0.953,1416054937,1347737713,False
2023-02-06,0.945,0.946,0.934,0.935,1047521626,983236825,False
2023-02-07,0.939,0.942,0.933,0.938,727506240,682297473,False
2023-02-08,0.94,0.941,0.928,0.929,773704100,722581441,False
2023-02-09,0.929,0.945,0.927,0.944,1103352747,1036049835,False
2023-02-10,0.941,0.944,0.933,0.936,796006728,746472039,False
2023-02-13,0.933,0.943,0.93,0.942,1001439061,939608810,False
2023-02-14,0.943,0.944,0.934,0.94,688287415,646023592,False
2023-02-15,0.938,0.94,0.93,0.931,742413134,692819621,False
2023-02-16,0.932,0.949,0.918,0.926,1753862401,1645101983,False
2023-02-17,0.923,0.927,0.908,0.909,1097116405,1005797961,False
2023-02-20,0.919,0.947,0.915,0.946,1914229412,1783400373,False
2023-02-21,0.942,0.95,0.939,0.948,1046492453,988721297,False
2023-02-22,0.943,0.951,0.936,0.939,988541161,932085010,False
2023-02-23,0.939,0.956,0.939,0.947,1167253099,1107327187,False
2023-02-24,0.946,0.947,0.928,0.931,1017531498,950923832,False
2023-02-27,0.923,0.926,0.917,0.919,709777887,653805415,False
2023-02-28,0.923,0.928,0.917,0.927,711950130,657300869,False
2023-03-01,0.927,0.943,0.924,0.94,1145874040,1072633378,False
2023-03-02,0.938,0.942,0.935,0.937,679492104,637081856,False
2023-03-03,0.94,0.947,0.933,0.944,981929187,924055917,False
2023-03-06,0.944,0.945,0.929,0.93,1023339721,956341521,False
2023-03-07,0.928,0.938,0.913,0.914,1285440832,1190548749,False
2023-03-08,0.911,0.913,0.908,0.913,715500465,651602104,False
2023-03-09,0.913,0.915,0.906,0.908,627760536,571258099,False
2023-03-10,0.903,0.906,0.896,0.896,876795703,789163109,False
2023-03-13,0.896,0.903,0.892,0.9,667695460,599366104,False
2023-03-14,0.898,0.899,0.882,0.891,846805983,754253173,False
2023-03-15,0.898,0.903,0.895,0.896,723572018,650828171,False
2023-03-16,0.891,0.897,0.888,0.89,628145928,560586073,False
2023-03-17,0.897,0.914,0.897,0.905,1214100519,1099166292,False
2023-03-20,0.904,0.911,0.894,0.895,884988292,797930249,False
2023-03-21,0.899,0.905,0.896,0.903,727875612,655820159,False
2023-03-22,0.904,0.907,0.893,0.898,1029323290,925423514,False
2023-03-23,0.893,0.909,0.892,0.909,1066543794,962398506,False
2023-03-24,0.909,0.916,0.906,0.911,875191182,797572910,False
2023-03-27,0.911,0.919,0.906,0.916,996996928,910337011,False
2023-03-28,0.913,0.916,0.905,0.906,700750379,636479210,False
2023-03-29,0.909,0.91,0.897,0.901,806940882,727788915,False
2023-03-30,0.901,0.909,0.89,0.906,1091217590,981833007,False
2023-03-31,0.905,0.909,0.902,0.905,809667550,732869592,False
2023-04-03,0.905,0.943,0.903,0.942,2762542877,2565941760,False
2023-04-04,0.942,0.951,0.94,0.946,1426538205,1349156951,False
2023-04-06,0.943,0.946,0.934,0.939,998302270,937697099,False
2023-04-07,0.94,0.953,0.936,0.949,1420166427,1344020526,False
2023-04-10,0.958,0.962,0.938,0.939,1643681575,1561792842,False
2023-04-11,0.946,0.964,0.945,0.949,1367594844,1303748815,False
2023-04-12,0.95,0.959,0.945,0.952,977063600,929219520,False
2023-04-13,0.947,0.948,0.937,0.94,1135243963,1069821864,False
2023-04-14,0.942,0.945,0.934,0.941,1099862800,1033636156,False
2023-04-17,0.941,0.968,0.94,0.967,2007313915,1925078992,False
2023-04-18,0.966,0.974,0.958,0.962,1297764977,1251135727,False
2023-04-19,0.959,0.96,0.945,0.947,1288328687,1226462949,False
2023-04-20,0.945,0.951,0.94,0.951,1035947843,979319764,False
2023-04-21,0.95,0.951,0.913,0.916,1662877480,1546439220,False
2023-04-24,0.911,0.916,0.895,0.9,1307676120,1183193470,False
2023-04-25,0.902,0.91,0.894,0.904,1171930044,1056005945,False
2023-04-26,0.9,0.905,0.896,0.902,778171054,700825202,False
2023-04-27,0.9,0.911,0.896,0.908,1142665949,1032665864,False
2023-04-28,0.912,0.935,0.907,0.928,1586630049,1465368779,False
2023-05-04,0.922,0.941,0.918,0.939,1127464938,1051274128,False
2023-05-05,0.939,0.972,0.939,0.953,2187057971,2099344296,False
2023-05-08,0.951,0.983,0.944,0.972,1871699487,1808500222,False
2023-05-09,0.976,1.027,0.971,0.983,3578252751,3581015793,False
2023-05-10,0.973,0.981,0.952,0.955,1423378682,1372328799,False
2023-05-11,0.958,0.966,0.953,0.954,789265513,756727335,False
2023-05-12,0.954,0.958,0.94,0.941,841745853,797699952,False
2023-05-15,0.941,0.958,0.922,0.955,1501704122,1407256226,False
2023-05-16,0.954,0.965,0.944,0.946,969923701,925253803,False
2023-05-17,0.945,0.952,0.941,0.944,673011725,635980825,False
2023-05-18,0.946,0.952,0.938,0.941,795893935,751716964,False
2023-05-19,0.938,0.939,0.926,0.928,942732498,876872732,False
2023-05-22,0.926,0.931,0.922,0.926,762234800,705398024,False
2023-05-23,0.927,0.928,0.912,0.913,1069780509,982423025,False
2023-05-24,0.91,0.911,0.898,0.899,1480520378,1339027035,False
2023-05-25,0.896,0.901,0.889,0.901,1309142473,1172521244,False
2023-05-26,0.898,0.905,0.894,0.903,986888865,887579667,False
2023-05-29,0.905,0.905,0.893,0.894,922203135,828375618,False
2023-05-30,0.894,0.898,0.885,0.897,1078740961,961882985,False
2023-05-31,0.895,0.896,0.888,0.891,841392336,750564030,False
2023-06-01,0.891,0.902,0.888,0.893,988285588,885247559,False
2023-06-02,0.896,0.9,0.894,0.899,1045360818,938832196,False
2023-06-05,0.899,0.901,0.892,0.894,770015922,689967275,False
2023-06-06,0.893,0.899,0.881,0.882,1169297361,1041109440,False
2023-06-07,0.882,0.891,0.881,0.883,771774698,683026943,False
2023-06-08,0.883,0.897,0.878,0.894,1200865305,1066817340,False
2023-06-09,0.893,0.894,0.888,0.892,788709065,702725497,False
2023-06-12,0.889,0.89,0.88,0.883,908524593,802719964,False
2023-06-13,0.882,0.888,0.881,0.888,785519095,695612303,False
2023-06-14,0.889,0.9,0.888,0.889,950295865,848751505,False
2023-06-15,0.89,0.903,0.888,0.902,1470018183,1318405245,False
2023-06-16,0.903,0.908,0.898,0.906,1339853763,1210309458,False
2023-06-19,0.905,0.905,0.897,0.898,856879428,771069617,False
2023-06-20,0.897,0.901,0.895,0.895,861243000,772905432,False
2023-06-21,0.894,0.896,0.878,0.879,1195762595,1059379297,False
2023-06-26,0.872,0.873,0.858,0.858,1238433775,1070012116,False
2023-06-27,0.86,0.868,0.859,0.866,660524368,570703596,False
2023-06-28,0.865,0.868,0.859,0.866,725824078,626826817,False
2023-06-29,0.864,0.869,0.861,0.863,741305976,640544019,False
2023-06-30,0.862,0.882,0.862,0.879,1084345044,948483264,False
2023-07-03,0.879,0.895,0.879,0.891,1002928321,890177496,False
2023-07-04,0.89,0.895,0.886,0.891,644760400,574167946,False
2023-07-05,0.89,0.892,0.885,0.885,478063874,424321881,False
2023-07-06,0.884,0.89,0.881,0.885,553995422,490094319,False
2023-07-07,0.881,0.894,0.88,0.89,829462624,736490547,False
2023-07-10,0.894,0.897,0.887,0.89,653796800,583107304,False
2023-07-11,0.893,0.896,0.89,0.895,609351477,544343956,False
2023-07-12,0.895,0.899,0.886,0.889,683955835,610140933,False
2023-07-13,0.892,0.905,0.892,0.903,1214906927,1095335318,False
2023-07-14,0.904,0.905,0.9,0.901,577349975,520865215,False
2023-07-17,0.9,0.9,0.893,0.896,622394590,557610643,False
2023-07-18,0.898,0.902,0.895,0.899,495462600,445243556,False
2023-07-19,0.897,0.905,0.896,0.904,910388745,820200414,False
2023-07-20,0.907,0.909,0.896,0.896,760201624,686970025,False
2023-07-21,0.894,0.904,0.894,0.899,683463062,614686575,False
2023-07-24,0.895,0.903,0.893,0.898,620159493,556926716,False
2023-07-25,0.929,0.952,0.922,0.949,3341923923,3125045902,False
2023-07-26,0.942,0.949,0.935,0.946,1280376161,1206936556,False
2023-07-27,0.944,0.95,0.935,0.936,1026796195,966883731,False
2023-07-28,0.933,1.018,0.932,1.017,4196440441,4133506835,False
2023-07-31,1.026,1.045,1.011,1.013,3426204826,3523649483,False
2023-08-01,1.001,1.032,1.001,1.011,2317738670,2353033750,False
2023-08-02,1.006,1.039,1.005,1.018,1811517262,1852062624,False
2023-08-03,1.027,1.059,1.008,1.054,2800412096,2907133770,False
2023-08-04,1.08,1.113,1.059,1.063,4402229960,4764738037,False
2023-08-07,1.041,1.067,1.04,1.066,1888443674,1991189742,False
2023-08-08,1.056,1.081,1.027,1.059,2149621941,2267948212,False
2023-08-09,1.047,1.066,1.047,1.053,1278363319,1349670499,False
2023-08-10,1.053,1.075,1.05,1.074,1858348624,1973236817,False
2023-08-11,1.066,1.066,1.026,1.027,2964014615,3090182916,False
2023-08-14,1.006,1.033,1.005,1.017,1819832754,1852987834,False
2023-08-15,1.011,1.037,1.011,1.036,1772864698,1818754759,False
2023-08-16,1.024,1.064,1.013,1.038,1967295406,2046001727,False
2023-08-17,1.028,1.045,1.019,1.038,1595241199,1646860233,False
2023-08-18,1.038,1.053,1.02,1.021,1248198441,1292544737,False
2023-08-21,1.01,1.019,0.984,0.985,1879141259,1876326590,False
2023-08-22,0.989,1.01,0.983,1.004,2044527164,2033985773,False
2023-08-23,0.995,0.996,0.976,0.977,1095454352,1080360527,False
2023-08-24,0.983,1.009,0.983,0.992,1683396364,1672052091,False
2023-08-25,0.988,1.006,0.987,0.998,1329669937,1327355157,False
2023-08-28,1.098,1.098,1.018,1.023,4283547691,4563548260,False
2023-08-29,1.011,1.025,0.987,1.016,2890584770,2910176323,False
2023-08-30,1.008,1.008,0.985,0.987,1874502769,1865023964,False
2023-08-31,0.986,0.991,0.966,0.968,1415041508,1380494209,False
2023-09-01,0.975,0.98,0.966,0.969,1162483440,1130188786,False
2023-09-04,0.973,0.981,0.965,0.976,1144676277,1115838900,False
2023-09-05,0.973,0.974,0.963,0.967,926958155,896221364,False
2023-09-06,0.962,0.967,0.957,0.964,928280616,892537521,False
2023-09-07,0.963,0.97,0.956,0.959,1198943112,1154161790,False
2023-09-08,0.956,0.967,0.95,0.964,1071008900,1026706261,False
2023-09-11,0.964,0.985,0.958,0.979,1474030359,1434172438,False
2023-09-12,0.973,0.977,0.967,0.968,800318178,777476432,False
2023-09-13,0.966,0.969,0.953,0.957,894402548,857847376,False
2023-09-14,0.958,0.965,0.955,0.961,775274106,743670634,False
2023-09-15,0.965,0.967,0.951,0.957,885431563,848961546,False
2023-09-18,0.951,0.958,0.946,0.955,660794519,630007039,False
2023-09-19,0.955,0.961,0.952,0.956,869401900,831443568,False
2023-09-20,0.954,0.959,0.95,0.952,508825800,486108758,False
2023-09-21,0.951,0.959,0.945,0.945,740754500,704115276,False
2023-09-22,0.943,0.975,0.942,0.974,1537081758,1479129260,False
2023-09-25,0.969,0.969,0.95,0.95,1046712155,999412358,False
2023-09-26,0.949,0.956,0.948,0.952,496006093,472467408,False
2023-09-27,0.951,0.956,0.949,0.953,777109274,740733614,False
2023-09-28,0.955,0.957,0.945,0.947,823115900,779883296,False
2023-10-09,0.941,0.941,0.925,0.935,979731615,913680617,False
2023-10-10,0.939,0.943,0.932,0.932,523690256,490510775,False
2023-10-11,0.936,0.94,0.928,0.93,703777907,657177330,False
2023-10-12,0.944,0.946,0.937,0.941,777418664,731441741,False
2023-10-13,0.932,0.935,0.929,0.931,610988988,569286608,False
2023-10-16,0.93,0.935,0.924,0.929,755258358,701900085,False
2023-10-17,0.931,0.95,0.927,0.942,1098576722,1032843899,False
2023-10-18,0.938,0.946,0.936,0.941,712756925,671248790,False
2023-10-19,0.936,0.951,0.934,0.935,1117495723,1052097658,False
2023-10-20,0.93,0.943,0.929,0.938,983334175,921433033,False
2023-10-23,0.934,0.934,0.911,0.914,1249764295,1148746459,False
2023-10-24,0.919,0.948,0.917,0.945,1487259922,1388155061,False
2023-10-25,0.958,0.958,0.942,0.944,1504462642,1426270861,False
2023-10-26,0.935,0.945,0.933,0.943,859970333,808103540,False
2023-10-27,0.939,0.951,0.933,0.947,1345772511,1268552667,False
2023-10-30,0.942,0.945,0.934,0.943,1368022447,1285460816,False
2023-10-31,0.941,0.949,0.939,0.945,1037012409,978953891,False
2023-11-01,0.951,0.953,0.941,0.942,904173286,854485233,False
2023-11-02,0.943,0.949,0.934,0.935,921727087,867502170,False
2023-11-03,0.937,0.949,0.935,0.946,999800100,943225713,False
2023-11-06,0.972,0.987,0.962,0.984,2544390774,2481472896,False
2023-11-07,0.978,0.992,0.975,0.987,1437376813,1418646039,False
2023-11-08,0.984,0.99,0.97,0.979,1202052419,1176450326,False
2023-11-09,0.975,0.979,0.97,0.975,986793264,961231599,False
2023-11-10,0.968,0.98,0.968,0.975,1191586033,1162521579,False
2023-11-13,0.975,0.976,0.966,0.97,886132406,858562516,False
2023-11-14,0.97,0.997,0.969,0.983,1798221558,1767687327,False
2023-11-15,0.993,0.998,0.982,0.984,1376419802,1360955805,False
2023-11-16,0.982,0.989,0.974,0.975,836113318,820641685,False
2023-11-17,0.973,0.981,0.972,0.979,770890510,752614040,False
2023-11-20,0.979,0.979,0.963,0.975,983224870,953955165,False
2023-11-21,0.977,0.991,0.972,0.973,1167710518,1146142750,False
2023-11-22,0.97,0.975,0.963,0.964,767766287,743463846,False
2023-11-23,0.964,0.967,0.957,0.967,802311734,772068409,False
2023-11-24,0.965,0.965,0.954,0.957,697518813,668571615,False
2023-11-27,0.952,0.953,0.941,0.946,876962313,828608799,False
2023-11-28,0.946,0.949,0.94,0.945,595392855,562496129,False
2023-11-29,0.946,0.947,0.933,0.936,783014578,734869661,False
2023-11-30,0.936,0.942,0.934,0.938,789764815,740927435,False
2023-12-01,0.938,0.945,0.935,0.945,898429400,844874212,False
2023-12-04,0.944,0.949,0.941,0.942,823647967,778022229,False
2023-12-05,0.94,0.944,0.929,0.93,995002573,932032180,False
2023-12-06,0.929,0.933,0.925,0.927,810621079,752812793,False
2023-12-07,0.925,0.934,0.922,0.932,795958428,739633360,False
2023-12-08,0.931,0.934,0.925,0.925,1214358857,1128253792,False
2023-12-11,0.921,0.943,0.911,0.94,1438700853,1333203868,False
2023-12-12,0.936,0.941,0.934,0.936,721085659,675578043,False
2023-12-13,0.936,0.936,0.924,0.925,721429682,670719151,False
2023-12-14,0.931,0.932,0.92,0.921,770391150,713159887,False
2023-12-15,0.925,0.933,0.919,0.921,940462344,869726776,False
2023-12-18,0.921,0.929,0.916,0.92,858792500,791894114,False
2023-12-19,0.919,0.923,0.91,0.918,1002877391,920012368,False
2023-12-20,0.917,0.918,0.892,0.893,1476755217,1332833794,False
2023-12-21,0.889,0.897,0.885,0.893,945147446,842653526,False
2023-12-22,0.892,0.897,0.885,0.89,940553344,837703462,False
2023-12-25,0.889,0.89,0.882,0.885,557469220,493414589,False
2023-12-26,0.885,0.885,0.872,0.874,760346200,666743114,False
2023-12-27,0.875,0.887,0.866,0.882,1123960756,986214983,False
2023-12-28,0.878,0.906,0.877,0.902,1511627000,1352515770,False
2023-12-29,0.9,0.906,0.898,0.902,957496281,863488999,False
2024-01-02,0.901,0.902,0.89,0.891,702092212,628027345,False
2024-01-03,0.889,0.896,0.887,0.892,770960909,687244285,False
2024-01-04,0.891,0.891,0.877,0.884,1030382955,909063930,False
2024-01-05,0.882,0.891,0.872,0.877,912306000,805473867,False
2024-01-08,0.873,0.876,0.86,0.86,833301900,721630284,False
2024-01-09,0.862,0.866,0.852,0.858,758185379,652016817,False
2024-01-10,0.855,0.863,0.849,0.854,693530300,593389992,False
2024-01-11,0.853,0.865,0.851,0.862,773119448,663825690,False
2024-01-12,0.859,0.866,0.853,0.853,678807511,583351597,False
2024-01-15,0.849,0.861,0.847,0.852,618658550,527870414,False
2024-01-16,0.85,0.864,0.846,0.863,996475266,851511369,False
2024-01-17,0.859,0.859,0.846,0.847,914090033,780706532,False
2024-01-18,0.841,0.857,0.827,0.855,1608589278,1348863496,False
2024-01-19,0.849,0.852,0.843,0.846,962390421,815880411,False
2024-01-22,0.845,0.852,0.821,0.828,1247477640,1050574463,False
2024-01-23,0.826,0.853,0.82,0.845,1449817810,1216343438,False
2024-01-24,0.849,0.889,0.837,0.887,2217446262,1909663392,False
2024-01-25,0.873,0.899,0.87,0.89,2125625575,1880441233,False
2024-01-26,0.884,0.901,0.881,0.89,1451936192,1291647520,False
2024-01-29,0.888,0.892,0.873,0.875,1094274466,965849871,False
2024-01-30,0.869,0.881,0.863,0.864,1027136300,896220120,False
2024-01-31,0.86,0.869,0.85,0.855,1338180850,1149959748,False
2024-02-01,0.849,0.866,0.844,0.852,1127966318,963719658,False
2024-02-02,0.852,0.855,0.809,0.833,1666468450,1389016461,False
2024-02-05,0.824,0.837,0.8,0.815,1662056814,1361064224,False
2024-02-06,0.808,0.868,0.806,0.863,1710286397,1438263158,False
2024-02-07,0.858,0.878,0.857,0.873,1384915402,1204470493,False
2024-02-08,0.883,0.895,0.876,0.881,1168265202,1034916497,False
2024-02-19,0.878,0.878,0.86,0.871,1116676513,969061546,False
2024-02-20,0.868,0.889,0.864,0.882,1369501069,1202733737,False
2024-02-21,0.875,0.911,0.871,0.891,1945200329,1739203893,False
2024-02-22,0.886,0.905,0.884,0.901,1374109745,1230385113,False
2024-02-23,0.901,0.906,0.894,0.902,1300495584,1171402690,False
2024-02-26,0.9,0.903,0.894,0.895,980914291,881102470,False
2024-02-27,0.893,0.91,0.893,0.909,1112880483,1003054811,False
2024-02-28,0.916,0.931,0.894,0.895,2158753354,1981063318,False
2024-02-29,0.892,0.914,0.891,0.913,1486759894,1343828592,False
2024-03-01,0.911,0.924,0.907,0.92,1382945523,1264946108,False
2024-03-04,0.918,0.918,0.904,0.908,1169098526,1061965622,False
2024-03-05,0.902,0.908,0.898,0.901,1161370388,1047341232,False
2024-03-06,0.901,0.913,0.895,0.902,1121828183,1013545115,False
2024-03-07,0.899,0.907,0.887,0.89,1333512934,1195504002,False
2024-03-08,0.89,0.895,0.887,0.892,788686812,702706572,False
2024-03-11,0.893,0.906,0.892,0.906,1311208110,1179841187,False
2024-03-12,0.909,0.915,0.902,0.912,1602269410,1456009555,False
2024-03-13,0.911,0.911,0.897,0.898,1158804853,1045015838,False
2024-03-14,0.896,0.902,0.886,0.891,1080596808,965186255,False
2024-03-15,0.888,0.898,0.884,0.896,1114943401,992889593,False
2024-03-18,0.901,0.923,0.899,0.917,1964528480,1792480546,False
2024-03-19,0.913,0.913,0.899,0.9,1172652771,1061630196,False
2024-03-20,0.898,0.906,0.896,0.902,1085634403,977897156,False
2024-03-21,0.905,0.915,0.903,0.906,1208153983,1097703067,False
2024-03-22,0.904,0.906,0.888,0.89,1450622935,1297543607,False
2024-03-25,0.881,0.882,0.863,0.864,1602884632,1398481473,False
2024-03-26,0.864,0.869,0.86,0.866,823282635,711509645,False
2024-03-27,0.864,0.865,0.85,0.851,912523708,782895376,False
2024-03-28,0.852,0.863,0.85,0.853,1021046444,873335208,False
2024-03-29,0.852,0.857,0.846,0.856,986538716,840507607,False
2024-04-01,0.867,0.87,0.864,0.869,1008260071,874934068,False
2024-04-02,0.869,0.873,0.861,0.863,747274989,647027659,False
2024-04-03,0.861,0.866,0.856,0.856,636786586,546980803,False
2024-04-08,0.85,0.852,0.841,0.842,874644990,739461576,False
2024-04-09,0.843,0.847,0.841,0.845,565051605,476902042,False
2024-04-10,0.844,0.844,0.824,0.829,1170524991,974878814,False
2024-04-11,0.824,0.833,0.824,0.826,797752252,661073410,False
2024-04-12,0.826,0.828,0.809,0.811,1020210600,833222747,False
2024-04-15,0.806,0.833,0.8,0.824,1498203745,1224974185,False
2024-04-16,0.818,0.826,0.808,0.809,1050346896,859017238,False
2024-04-17,0.81,0.827,0.806,0.825,1336243644,1092886147,False
2024-04-18,0.823,0.844,0.821,0.832,1537378756,1282143403,False
2024-04-19,0.828,0.835,0.825,0.827,848030447,703538339,False
2024-04-22,0.825,0.838,0.824,0.829,828738154,687716432,False
2024-04-23,0.831,0.833,0.824,0.827,748447200,620108488,False
2024-04-24,0.828,0.83,0.822,0.828,805285537,665708775,False
2024-04-25,0.825,0.831,0.821,0.827,830156300,685743269,False
2024-04-26,0.846,0.879,0.838,0.878,2926420888,2508240990,False
2024-04-29,0.877,0.897,0.874,0.889,2395407682,2123549457,False
2024-04-30,0.884,0.886,0.871,0.873,1273929132,1117969036,False
2024-05-06,0.884,0.892,0.874,0.878,1398386400,1234143725,False
2024-05-07,0.876,0.88,0.87,0.875,1027053566,898461099,False
2024-05-08,0.872,0.873,0.861,0.862,1027053766,889127167,False
2024-05-09,0.863,0.875,0.863,0.87,1307203984,1135703477,False
2024-05-10,0.87,0.879,0.866,0.876,1408469782,1228811515,False
2024-05-13,0.872,0.885,0.864,0.878,1217929107,1065758916,False
2024-05-14,0.877,0.883,0.87,0.883,1229080502,1076962547,False
2024-05-15,0.888,0.889,0.859,0.859,1705966646,1483355772,False
2024-05-16,0.861,0.87,0.857,0.858,1051463523,907244001,False
2024-05-17,0.858,0.872,0.855,0.871,1087104476,939067439,False
2024-05-20,0.869,0.882,0.868,0.872,1425762280,1248666298,False
2024-05-21,0.87,0.874,0.864,0.866,855712350,742912453,False
2024-05-22,0.866,0.873,0.863,0.869,935272990,811786261,False
2024-05-23,0.866,0.867,0.85,0.851,1200727999,1028345993,False
2024-05-24,0.849,0.853,0.839,0.84,962787100,814167863,False
2024-05-27,0.843,0.849,0.838,0.848,794755035,670246074,False
2024-05-28,0.846,0.85,0.839,0.84,812874100,684727199,False
2024-05-29,0.839,0.849,0.838,0.841,707168500,596646621,False
2024-05-30,0.838,0.843,0.835,0.84,708065699,593815123,False
2024-05-31,0.842,0.847,0.838,0.839,803143800,675716623,False
2024-06-03,0.836,0.836,0.824,0.828,1147682114,951771818,False
2024-06-04,0.828,0.836,0.827,0.834,948551909,789554212,False
2024-06-05,0.833,0.838,0.83,0.831,856698545,714012944,False
2024-06-06,0.832,0.834,0.818,0.82,1352996600,1115561202,False
2024-06-07,0.822,0.825,0.804,0.815,1474242802,1200864467,False
2024-06-11,0.813,0.822,0.81,0.816,919310310,750425327,False
2024-06-12,0.815,0.818,0.813,0.816,713403700,581946313,False
2024-06-13,0.817,0.819,0.812,0.815,921256698,750699779,False
2024-06-14,0.814,0.84,0.812,0.833,2080461326,1717560546,False
2024-06-17,0.824,0.834,0.821,0.832,1003034600,831213763,False
2024-06-18,0.832,0.844,0.831,0.838,1237413500,1037467476,False
2024-06-19,0.839,0.84,0.826,0.827,1026244500,853257531,False
2024-06-20,0.826,0.829,0.818,0.82,959510029,789077681,False
2024-06-21,0.822,0.826,0.818,0.821,984993000,809576668,False
2024-06-24,0.818,0.821,0.812,0.813,950437200,775760328,False
2024-06-25,0.812,0.814,0.795,0.799,1753772500,1409235603,False
2024-06-26,0.797,0.811,0.797,0.81,1315684129,1057778041,False
2024-06-27,0.807,0.807,0.801,0.801,779594800,626576951,False
2024-06-28,0.8,0.808,0.781,0.783,1738892681,1381172737,False
2024-07-01,0.78,0.787,0.773,0.784,1107079446,863989650,False
2024-07-02,0.783,0.79,0.779,0.782,884047499,693744813,False
2024-07-03,0.781,0.786,0.776,0.782,754347700,589250262,False
2024-07-04,0.783,0.785,0.767,0.767,1040071700,805180828,False
2024-07-05,0.767,0.775,0.763,0.768,963182550,739740937,False
2024-07-08,0.766,0.766,0.746,0.748,1094598972,826092128,False
2024-07-09,0.749,0.766,0.743,0.763,1294004300,976822269,False
2024-07-10,0.758,0.776,0.757,0.764,1074016700,823448855,False
2024-07-11,0.772,0.781,0.769,0.776,1005914300,780045465,False
2024-07-12,0.775,0.778,0.77,0.775,623909700,482808619,False
2024-07-15,0.772,0.777,0.77,0.773,539155654,416895662,False
2024-07-16,0.774,0.783,0.771,0.78,818401099,637682154,False
2024-07-17,0.78,0.788,0.779,0.786,813569000,638384550,False
2024-07-18,0.784,0.79,0.776,0.79,918417800,719896023,False
2024-07-19,0.787,0.801,0.787,0.799,1087116653,864896784,False
2024-07-22,0.809,0.813,0.795,0.805,1106549300,889496579,False
2024-07-23,0.801,0.806,0.786,0.786,924167700,736037408,False
2024-07-24,0.784,0.787,0.776,0.777,782409732,611170087,False
2024-07-25,0.776,0.792,0.776,0.787,898580105,706160424,False
2024-07-26,0.788,0.807,0.785,0.801,935207375,747042895,False
2024-07-29,0.797,0.803,0.793,0.793,600066900,478498583,False
2024-07-30,0.792,0.799,0.789,0.797,720033600,572835643,False
2024-07-31,0.798,0.849,0.798,0.841,2520496500,2089873845,False
2024-08-01,0.834,0.841,0.831,0.835,1056769600,883241683,False
2024-08-02,0.83,0.838,0.816,0.819,994995400,821213783,False
2024-08-05,0.814,0.83,0.812,0.812,989822500,812208812,False
2024-08-06,0.821,0.824,0.806,0.815,852436225,692698776,False
2024-08-07,0.814,0.819,0.808,0.81,737484125,598808751,False
2024-08-08,0.809,0.825,0.807,0.813,883062694,719905167,False
2024-08-09,0.818,0.821,0.806,0.806,775197125,630194569,False
2024-08-12,0.803,0.808,0.8,0.804,583122800,468579678,False
2024-08-13,0.805,0.816,0.8,0.815,803976327,649606142,False
2024-08-14,0.812,0.816,0.807,0.808,617813148,501006560,False
2024-08-15,0.806,0.825,0.805,0.817,1050200081,858168268,False
2024-08-16,0.815,0.818,0.81,0.812,611693100,497703550,False
2024-08-19,0.81,0.818,0.808,0.811,489251100,397692159,False
2024-08-20,0.813,0.813,0.802,0.805,683630685,551049014,False
2024-08-21,0.803,0.807,0.799,0.8,457257846,366943475,False
2024-08-22,0.804,0.806,0.786,0.788,757233000,601290071,False
2024-08-23,0.786,0.801,0.786,0.795,700760351,555711196,False
2024-08-26,0.795,0.801,0.791,0.795,499370654,397515978,False
2024-08-27,0.794,0.795,0.785,0.788,384205700,302842781,False
2024-08-28,0.787,0.792,0.785,0.789,408671600,322335335,False
2024-08-29,0.787,0.8,0.786,0.794,660723290,525427148,False
2024-08-30,0.792,0.821,0.791,0.814,1331769889,1081251524,False
2024-09-02,0.809,0.811,0.792,0.793,877858625,702102692,False
2024-09-03,0.792,0.803,0.791,0.799,566959700,452257947,False
2024-09-04,0.794,0.805,0.794,0.798,510213500,408106140,False
2024-09-05,0.798,0.806,0.797,0.806,634400008,508951601,False
2024-09-06,0.822,0.826,0.808,0.809,1468354745,1199549688,False
2024-09-09,0.801,0.817,0.8,0.808,855589750,692680194,False
2024-09-10,0.809,0.81,0.795,0.805,743841294,596609778,False
2024-09-11,0.804,0.809,0.801,0.804,522843829,420623145,False
2024-09-12,0.805,0.809,0.801,0.803,581256460,467954924,False
2024-09-13,0.804,0.813,0.803,0.805,648685837,523822283,False
2024-09-18,0.803,0.808,0.797,0.806,639377071,513007965,False
2024-09-19,0.809,0.825,0.804,0.816,1099486622,896773102,False
2024-09-20,0.813,0.816,0.809,0.816,595942188,484399827,False
2024-09-23,0.816,0.82,0.812,0.816,642035900,523852272,False
2024-09-24,0.825,0.867,0.818,0.866,3128328771,2642177599,False
2024-09-25,0.884,0.905,0.878,0.882,3083614523,2746062952,False
2024-09-26,0.875,0.94,0.874,0.938,3403000968,3089546335,False
2024-09-27,0.966,1.008,0.948,1.006,2547927862,2477682110,False
2024-09-30,1.1,1.107,1.076,1.107,4557521809,5015074842,False
2024-10-08,1.218,1.218,1.218,1.218,1496078629,1822223770,False
2024-10-09,1.217,1.297,1.14,1.179,9228539842,11375262032,False
2024-10-10,1.2,1.2,1.098,1.113,5359103648,6074938829,False
2024-10-11,1.095,1.145,1.093,1.116,3624426364,4036513622,False
2024-10-14,1.127,1.135,1.063,1.124,3713624671,4087779888,False
2024-10-15,1.103,1.126,1.086,1.087,1997321366,2214938402,False
2024-10-16,1.067,1.122,1.065,1.094,1996428569,2184560509,False
2024-10-17,1.097,1.123,1.086,1.088,1488213654,1643842345,False
2024-10-18,1.083,1.197,1.076,1.169,3691042441,4203983466,False
2024-10-21,1.145,1.153,1.127,1.137,2509201896,2860041779,False
2024-10-22,1.134,1.156,1.131,1.146,1772848742,2024813412,False
2024-10-23,1.148,1.172,1.134,1.14,2175377100,2509842451,False
2024-10-24,1.132,1.145,1.125,1.138,1578480468,1793811567,False
2024-10-25,1.14,1.164,1.134,1.147,1770097582,2032447279,False
2024-10-28,1.146,1.155,1.14,1.149,1183706058,1357180903,False
2024-10-29,1.155,1.168,1.133,1.136,1646758538,1890111021,False
2024-10-30,1.131,1.146,1.12,1.133,1278310115,1448231854,False
2024-10-31,1.129,1.194,1.125,1.166,2806969848,3279074205,False
2024-11-01,1.16,1.188,1.15,1.153,1599155365,1866009495,False
2024-11-04,1.159,1.199,1.157,1.198,1877823183,2213493905,False
2024-11-05,1.2,1.277,1.182,1.265,3542451198,4399340435,False
2024-11-06,1.275,1.325,1.246,1.257,3773809557,4832009649,False
2024-11-07,1.236,1.374,1.231,1.364,4239026985,5552459819,False
2024-11-08,1.393,1.397,1.314,1.32,3392838944,4575118388,False
2024-11-11,1.3,1.331,1.288,1.321,2349442017,3082586305,False
2024-11-12,1.323,1.332,1.272,1.289,2187001300,2848769138,False
2024-11-13,1.277,1.3,1.262,1.286,1707118500,2185299785,False
2024-11-14,1.282,1.301,1.264,1.265,1615748784,2076010388,False
2024-11-15,1.266,1.276,1.214,1.215,1834061454,2279364689,False
2024-11-18,1.215,1.23,1.189,1.199,1728934670,2085945570,False
2024-11-19,1.205,1.227,1.189,1.225,1673832685,2021163728,False
2024-11-20,1.216,1.236,1.207,1.225,1572614900,1921106504,False
2024-11-21,1.223,1.248,1.217,1.237,1812504337,2233968111,False
2024-11-22,1.233,1.237,1.176,1.178,1721445600,2081482924,False
2024-11-25,1.177,1.182,1.148,1.167,1416774700,1649092706,False
2024-11-26,1.164,1.191,1.163,1.167,1016141800,1195319644,False
2024-11-27,1.165,1.197,1.16,1.196,1519708337,1791791312,False
2024-11-28,1.196,1.2,1.181,1.184,1128001400,1343246293,False
2024-11-29,1.183,1.253,1.179,1.216,2531494204,3081136360,False
2024-12-02,1.208,1.237,1.2,1.23,1493375215,1830947934,False
2024-12-03,1.228,1.24,1.213,1.229,1484765794,1819071829,False
2024-12-04,1.223,1.237,1.208,1.214,1054519369,1289236614,False
2024-12-05,1.212,1.238,1.211,1.228,1277257090,1567565281,False
2024-12-06,1.226,1.259,1.219,1.244,2087953800,2597186520,False
2024-12-09,1.24,1.248,1.219,1.232,1232670600,1520748827,False
2024-12-10,1.302,1.309,1.241,1.244,2590997749,3299411806,False
2024-12-11,1.24,1.252,1.232,1.241,1015630148,1261254812,False
2024-12-12,1.241,1.27,1.235,1.259,1678302640,2102311515,False
2024-12-13,1.247,1.247,1.218,1.219,1578647440,1943649621,False
2024-12-16,1.218,1.218,1.196,1.201,901975241,1086618077,False
2024-12-17,1.2,1.214,1.196,1.203,949246400,1143338205,False
2024-12-18,1.206,1.209,1.197,1.202,812921300,977573738,False
2024-12-19,1.188,1.201,1.185,1.198,982696929,1172801877,False
2024-12-20,1.195,1.213,1.195,1.203,1033574389,1244857139,False
2024-12-23,1.201,1.212,1.186,1.188,1077512810,1290854021,False
2024-12-24,1.187,1.211,1.187,1.209,1373772214,1649993115,False
2024-12-25,1.209,1.211,1.191,1.201,1270223900,1524961250,False
2024-12-26,1.2,1.208,1.198,1.204,917425700,1103730390,False
2024-12-27,1.204,1.233,1.202,1.213,1883148245,2291249818,False
2024-12-30,1.209,1.226,1.207,1.225,1497954758,1824302400,False
2024-12-31,1.225,1.225,1.167,1.17,1969973479,2354513225,False
2025-01-02,1.163,1.166,1.095,1.106,2068158296,2334990992,False
2025-01-03,1.106,1.11,1.075,1.076,1554134100,1692733949,False
2025-01-06,1.069,1.081,1.066,1.077,1066197100,1145180951,False
2025-01-07,1.079,1.09,1.071,1.089,1019333200,1101444829,False
2025-01-08,1.085,1.089,1.054,1.077,1305711900,1397272764,False
2025-01-09,1.073,1.085,1.07,1.073,695869400,749380134,False
2025-01-10,1.072,1.081,1.054,1.054,915198200,977482939,False
2025-01-13,1.041,1.062,1.04,1.057,824909900,868944467,False
2025-01-14,1.062,1.104,1.061,1.103,1816547079,1975227957,False
2025-01-15,1.095,1.099,1.089,1.09,890370100,973175904,False
2025-01-16,1.097,1.11,1.081,1.092,1108659400,1213517057,False
2025-01-17,1.086,1.101,1.084,1.094,939882074,1028252488,False
2025-01-20,1.107,1.114,1.096,1.099,1042354274,1151141422,False
2025-01-21,1.108,1.109,1.091,1.103,908375043,999324962,False
2025-01-22,1.1,1.103,1.09,1.097,858229335,939787230,False
2025-01-23,1.119,1.141,1.1,1.101,1962403123,2200067040,False
2025-01-24,1.098,1.121,1.095,1.114,1248864400,1387580204,False
2025-01-27,1.118,1.118,1.085,1.086,1083168599,1189833454,False
2025-02-05,1.095,1.097,1.082,1.086,787664500,857462673,False
2025-02-06,1.086,1.106,1.082,1.104,1347781576,1477151200,False
2025-02-07,1.103,1.145,1.1,1.128,2664633406,2994857733,False
2025-02-10,1.128,1.135,1.121,1.13,1335906000,1506889343,False
2025-02-11,1.129,1.129,1.112,1.12,1293487716,1446702806,False
2025-02-12,1.117,1.14,1.116,1.139,1494964000,1685189965,False
2025-02-13,1.135,1.15,1.127,1.131,1892210700,2151004201,False
2025-02-14,1.127,1.139,1.124,1.133,1355438700,1534011837,False
2025-02-17,1.145,1.149,1.131,1.139,1474930300,1683667027,False
2025-02-18,1.134,1.137,1.104,1.108,1719403100,1929024308,False
2025-02-19,1.107,1.126,1.105,1.122,1627082720,1820538365,False
2025-02-20,1.12,1.125,1.112,1.119,1244442500,1392780475,False
2025-02-21,1.122,1.147,1.112,1.141,3168155443,3592798652,False
2025-02-24,1.14,1.146,1.127,1.135,1787612653,2034333123,False
2025-02-25,1.124,1.13,1.115,1.117,1435733588,1611921448,False
2025-02-26,1.119,1.15,1.116,1.149,2813381588,3185619570,False
2025-02-27,1.138,1.152,1.122,1.144,3325501068,3779746755,False
2025-02-28,1.136,1.153,1.106,1.109,2318332185,2618025436,False
2025-03-03,1.111,1.12,1.099,1.105,3077785664,3419970110,False
2025-03-04,1.101,1.116,1.1,1.112,1212845651,1347703334,False
2025-03-05,1.113,1.118,1.102,1.112,1460417750,1621688742,False
2025-03-06,1.119,1.143,1.118,1.14,2596869986,2943362402,False
2025-03-07,1.133,1.133,1.117,1.12,1749354400,1969187782,False
2025-03-10,1.119,1.12,1.106,1.111,1204791300,1338085454,False
2025-03-11,1.102,1.115,1.1,1.114,1135112689,1257354563,False
2025-03-12,1.117,1.139,1.113,1.121,1871018153,2104484334,False
2025-03-13,1.12,1.13,1.108,1.114,1266406200,1414642505,False
2025-03-14,1.116,1.165,1.115,1.152,3571387743,4086409647,False
2025-03-17,1.154,1.155,1.138,1.139,1911100776,2182443499,False
2025-03-18,1.144,1.146,1.136,1.14,1301709200,1483838928,False
2025-03-19,1.139,1.147,1.136,1.139,1218309271,1388928720,False
2025-03-20,1.138,1.139,1.128,1.13,1166612500,1322263622,False
2025-03-21,1.128,1.134,1.108,1.111,1555053200,1740025324,False
2025-03-24,1.111,1.112,1.1,1.11,1211765099,1341233330,False
2025-03-25,1.11,1.112,1.103,1.107,870745393,963535150,False
2025-03-26,1.106,1.111,1.105,1.106,777146000,860546963,False
2025-03-27,1.105,1.116,1.098,1.107,1136707251,1259252187,False
2025-03-28,1.108,1.112,1.103,1.107,1052663000,1165750933,False
2025-03-31,1.104,1.108,1.081,1.085,1395817334,1524712976,False
2025-04-01,1.088,1.094,1.081,1.083,1195935835,1298829882,False
2025-04-02,1.083,1.093,1.081,1.088,864201700,940980920,False
2025-04-03,1.081,1.094,1.08,1.088,902953594,982486813,False
2025-04-07,1.04,1.05,0.979,0.979,2512060000,2518613268,False
2025-04-08,0.985,0.999,0.981,0.993,1652802991,1635594750,False
2025-04-09,0.982,1.023,0.972,1.014,2016643248,2020005149,False
2025-04-10,1.029,1.04,1.018,1.027,1535521761,1583468622,False
2025-04-11,1.023,1.04,1.022,1.031,1284736390,1322881830,False
2025-04-14,1.035,1.037,1.028,1.031,916687071,946179432,False
2025-04-15,1.03,1.031,1.022,1.026,748050817,766457690,False
2025-04-16,1.024,1.026,1.01,1.024,984666600,1002529626,False
2025-04-17,1.019,1.03,1.016,1.024,801872567,821585734,False
2025-04-18,1.022,1.035,1.021,1.031,1004460400,1032676099,False
2025-04-21,1.027,1.039,1.025,1.037,802908491,831013172,False
2025-04-22,1.034,1.042,1.033,1.035,846194637,877613822,False
2025-04-23,1.04,1.042,1.033,1.036,895600000,929057758,False
2025-04-24,1.036,1.04,1.029,1.032,865472001,895347413,False
2025-04-25,1.034,1.045,1.034,1.041,1121271889,1166166457,False
2025-04-28,1.039,1.039,1.028,1.033,683352766,705509322,False
2025-04-29,1.032,1.038,1.029,1.03,653594944,674835843,False
2025-04-30,1.032,1.041,1.031,1.033,690924776,715552712,False
2025-05-06,1.038,1.049,1.036,1.048,1044355219,1091357397,False
2025-05-07,1.078,1.086,1.05,1.055,1782928514,1899411828,False
2025-05-08,1.049,1.062,1.048,1.059,917032977,969718917,False
2025-05-09,1.057,1.057,1.043,1.046,864397650,905808145,False
2025-05-12,1.051,1.074,1.048,1.07,1697249996,1799273127,False
2025-05-13,1.076,1.079,1.06,1.062,1302818758,1390041460,False
2025-05-14,1.063,1.119,1.058,1.099,3494595175,3807905666,False
2025-05-15,1.089,1.096,1.078,1.079,1124474552,1219426176,False
2025-05-16,1.076,1.079,1.064,1.067,1048300848,1119774634,False
2025-05-19,1.066,1.071,1.06,1.068,582704082,620611569,False
2025-05-20,1.068,1.073,1.064,1.068,810926695,866309000,False
2025-05-21,1.068,1.071,1.064,1.065,720329395,768643378,False
2025-05-22,1.062,1.064,1.055,1.057,712199600,754410447,False
2025-05-23,1.056,1.063,1.042,1.043,1052853900,1108204451,False
2025-05-26,1.042,1.046,1.038,1.042,565638107,589255232,False
2025-05-27,1.042,1.043,1.036,1.042,579890600,603255095,False
2025-05-28,1.042,1.043,1.035,1.036,553036200,574182763,False
2025-05-29,1.037,1.051,1.036,1.049,1139486143,1192649964,False
2025-05-30,1.045,1.046,1.037,1.043,720722900,750613068,False
2025-06-03,1.038,1.058,1.037,1.052,983665270,1033148950,False
2025-06-04,1.049,1.07,1.049,1.065,1316949384,1400539407,False
2025-06-05,1.066,1.081,1.064,1.075,1479836203,1585870102,False
2025-06-06,1.075,1.079,1.066,1.068,712244400,762194851,False
2025-06-09,1.074,1.09,1.073,1.084,1445693956,1567834381,False
2025-06-10,1.084,1.084,1.062,1.07,1205496371,1294795577,False
2025-06-11,1.071,1.103,1.071,1.089,1764271624,1924321803,False
2025-06-12,1.083,1.1,1.081,1.087,1038635700,1131806381,False
2025-06-13,1.082,1.087,1.073,1.076,1022606200,1103171760,False
2025-06-16,1.073,1.093,1.072,1.092,1276252133,1385980590,False
2025-06-17,1.09,1.096,1.087,1.095,1030272977,1125735648,False
2025-06-18,1.094,1.094,1.076,1.082,1334157290,1443136521,False
2025-06-19,1.079,1.081,1.06,1.061,1370952800,1462680693,False
2025-06-20,1.062,1.067,1.059,1.059,567637200,602905707,False
2025-06-23,1.053,1.076,1.052,1.072,1060115152,1129547272,False
2025-06-24,1.073,1.108,1.073,1.099,2090669566,2291565382,False
2025-06-25,1.102,1.166,1.102,1.158,4268190000,4844540783,False
2025-06-26,1.159,1.159,1.136,1.138,2302416162,2640309914,False
2025-06-27,1.14,1.176,1.137,1.138,2451842831,2830523591,False
2025-06-30,1.139,1.141,1.125,1.136,1664068074,1886118012,False
2025-07-01,1.137,1.137,1.121,1.13,1185723821,1337006050,False
2025-07-02,1.129,1.132,1.121,1.124,1038879723,1169506972,False
2025-07-03,1.126,1.135,1.125,1.131,1088154239,1229794953,False
2025-07-04,1.13,1.152,1.121,1.131,1926628920,2187076180,False
2025-07-07,1.127,1.137,1.125,1.132,933173996,1056884302,False
2025-07-08,1.132,1.148,1.131,1.146,1576162141,1800398657,False
2025-07-09,1.146,1.156,1.138,1.141,1711589092,1963016322,False
2025-07-10,1.138,1.161,1.137,1.155,1675271078,1929070231,False
2025-07-11,1.159,1.206,1.155,1.181,3677984123,4360841728,False
2025-07-14,1.186,1.188,1.168,1.17,1683814544,1978247858,False
2025-07-15,1.172,1.18,1.158,1.164,1716963800,2002375115,False
2025-07-16,1.162,1.169,1.152,1.16,1289744700,1495512262,False
2025-07-17,1.16,1.168,1.156,1.166,1581106090,1836861570,False
2025-07-18,1.167,1.174,1.164,1.171,1404323834,1641528552,False
2025-07-21,1.169,1.19,1.165,1.187,2045147886,2414330346,False
2025-07-22,1.186,1.193,1.173,1.189,1891723309,2237733156,False
2025-07-23,1.192,1.222,1.192,1.199,3275874610,3945593247,False
2025-07-24,1.194,1.235,1.192,1.232,2884331435,3526718586,False
2025-07-25,1.233,1.24,1.224,1.227,1922325464,2365317384,False
2025-07-28,1.227,1.254,1.221,1.238,1835462399,2272824772,False
2025-07-29,1.233,1.244,1.213,1.243,2173684692,2669901497,False
2025-07-30,1.239,1.243,1.215,1.225,1926994510,2374194204,False
2025-07-31,1.218,1.231,1.192,1.198,2256878512,2734022539,False
2025-08-01,1.197,1.206,1.186,1.191,1686848285,2014661749,False
2025-08-04,1.186,1.194,1.184,1.193,1381573518,1642411621,False
2025-08-05,1.196,1.209,1.194,1.205,1791504876,2151252651,False
2025-08-06,1.204,1.212,1.2,1.21,1610921652,1943163023,False
2025-08-07,1.21,1.222,1.203,1.209,1688038496,2045713163,False
2025-08-08,1.207,1.208,1.196,1.199,1354539380,1627619165,False
2025-08-11,1.198,1.221,1.197,1.215,1906282600,2314334071,False
2025-08-12,1.216,1.222,1.211,1.221,1636432041,1992544852,False
2025-08-13,1.226,1.254,1.216,1.242,3180926730,3934486703,False
2025-08-14,1.243,1.268,1.238,1.241,2850282778,3566859398,False
2025-08-15,1.236,1.313,1.236,1.3,4083998919,5239395363,False
2025-08-18,1.309,1.34,1.286,1.317,3640979263,4784817712,False
2025-08-19,1.307,1.317,1.289,1.291,2360422191,3071948997,False
2025-08-20,1.284,1.304,1.271,1.303,2655956146,3423331204,False
2025-08-21,1.315,1.318,1.287,1.293,2343499894,3052625458,False
2025-08-22,1.288,1.34,1.287,1.338,3889650050,5125079068,False
2025-08-25,1.355,1.37,1.331,1.352,5015109371,6760891476,False
2025-08-26,1.343,1.351,1.332,1.335,2478037089,3325763929,False
2025-08-27,1.332,1.35,1.299,1.3,4085087662,5427564925,False
2025-08-28,1.3,1.327,1.288,1.326,3264593845,4264959201,False
2025-08-29,1.331,1.345,1.32,1.328,3703068906,4928544780,False
2025-09-01,1.331,1.334,1.308,1.314,2543071428,3348303077,False
2025-09-02,1.313,1.315,1.289,1.296,3507171682,4557034100,False
2025-09-03,1.303,1.305,1.242,1.25,3609472633,4584986158,False
2025-09-04,1.25,1.261,1.232,1.248,3234905391,4038285140,False
2025-09-05,1.25,1.26,1.236,1.257,2975882493,3715674437,False
2025-09-08,1.254,1.257,1.242,1.248,2071264074,2586810376,False
2025-09-09,1.248,1.261,1.244,1.247,2689459112,3363117155,False
2025-09-10,1.248,1.255,1.24,1.245,1738675380,2168659157,False
2025-09-11,1.241,1.285,1.238,1.284,4209790061,5334840542,False
2025-09-12,1.282,1.288,1.262,1.266,2711873072,3458111919,False
2025-09-15,1.266,1.275,1.257,1.262,2252819946,2853327538,False
2025-09-16,1.265,1.275,1.251,1.263,2669438680,3369172115,False
2025-09-17,1.263,1.28,1.26,1.269,3084986990,3915676711,False
2025-09-18,1.267,1.267,1.221,1.232,5423767180,6759573790,False
2025-09-19,1.226,1.232,1.218,1.221,2519449038,3085110222,False
2025-09-22,1.223,1.234,1.218,1.234,2126453933,2607596966,False
2025-09-23,1.226,1.227,1.2,1.212,3046000877,3689773040,False
2025-09-24,1.206,1.233,1.205,1.224,2809468291,3424415490,False
2025-09-25,1.222,1.233,1.22,1.224,2119086382,2599998440,False
2025-09-26,1.221,1.231,1.218,1.219,2004987251,2454590928,False
2025-09-29,1.216,1.309,1.215,1.28,6240516641,7891888990,False
2025-09-30,1.273,1.281,1.259,1.263,2942175854,3726644802,False
2025-10-09,1.258,1.276,1.244,1.267,3641087593,4590388782,False
2025-10-10,1.26,1.294,1.258,1.27,3329035559,4253964648,False
2025-10-13,1.241,1.258,1.24,1.254,3110521454,3881825653,False
2025-10-14,1.257,1.278,1.243,1.248,2821021789,3552663190,False
2025-10-15,1.252,1.265,1.238,1.265,3087127726,3866818336,False
2025-10-16,1.259,1.27,1.253,1.259,2499107984,3149885547,False
2025-10-17,1.259,1.269,1.231,1.233,3004188334,3754794699,False
2025-10-20,1.243,1.247,1.23,1.235,2031873398,2515499437,False
2025-10-21,1.237,1.263,1.236,1.246,3241904321,4047641681,False
2025-10-22,1.241,1.241,1.23,1.234,1698351258,2096095601,False
2025-10-23,1.234,1.246,1.221,1.245,2360978974,2909074339,False
2025-10-24,1.247,1.258,1.242,1.257,2588219917,3235565121,False
2025-10-27,1.27,1.279,1.262,1.272,3833471894,4872389284,False
2025-10-28,1.268,1.276,1.261,1.264,2349115462,2975580534,False
2025-10-29,1.263,1.297,1.262,1.292,4032398920,5174660601,False
2025-10-30,1.287,1.288,1.266,1.267,3691574085,4717239566,False
2025-10-31,1.272,1.274,1.254,1.254,2735295877,3449455246,False
2025-11-03,1.251,1.252,1.235,1.249,2483907085,3087754121,False
2025-11-04,1.245,1.25,1.237,1.243,2598076599,3230601911,False
2025-11-05,1.236,1.245,1.234,1.24,1807016366,2242872478,False
2025-11-06,1.242,1.262,1.242,1.254,2312382175,2897924203,False
2025-11-07,1.25,1.252,1.243,1.244,1824266241,2273793236,False
2025-11-10,1.243,1.265,1.24,1.26,2875732170,3601909743,False
2025-11-11,1.26,1.263,1.244,1.245,1755176979,2193258125,False
2025-11-12,1.245,1.246,1.231,1.238,1728731130,2141379198,False
2025-11-13,1.235,1.249,1.233,1.248,2106230368,2616441070,False
2025-11-14,1.24,1.245,1.232,1.232,1523031801,1887136590,False
2025-11-17,1.23,1.231,1.216,1.218,2090480791,2553181562,False
2025-11-18,1.218,1.229,1.217,1.22,1496824649,1829062723,False
2025-11-19,1.22,1.23,1.215,1.221,1572459022,1922002540,False
2025-11-20,1.243,1.247,1.216,1.217,4384711833,5396038309,False
2025-11-21,1.206,1.212,1.172,1.173,3098961406,3687336346,False
2025-11-24,1.178,1.182,1.169,1.175,1556749048,1829998549,False
2025-11-25,1.178,1.186,1.176,1.179,1518386323,1792576054,False
2025-11-26,1.179,1.182,1.173,1.176,1416594932,1668110290,False
2025-11-27,1.176,1.184,1.172,1.175,1487800743,1752794870,False
2025-11-28,1.173,1.181,1.168,1.18,1750585658,2058513909,False
2025-12-01,1.176,1.186,1.175,1.183,1639845259,1936857216,False
2025-12-02,1.181,1.183,1.171,1.172,1136875401,1335450547,False
2025-12-03,1.175,1.178,1.159,1.161,1455245970,1697594174,False
2025-12-04,1.161,1.171,1.157,1.164,1126846206,1311804836,False
2025-12-05,1.164,1.203,1.163,1.194,2998874996,3554658694,False
2025-12-08,1.21,1.236,1.21,1.217,4152395130,5084128597,False
2025-12-09,1.209,1.215,1.199,1.201,1418826609,1710795753,False
2025-12-10,1.199,1.209,1.191,1.206,1600304076,1920248238,False
2025-12-11,1.206,1.208,1.188,1.19,1354072022,1620036820,False
2025-12-12,1.191,1.205,1.185,1.196,1584940840,1893536053,False
2025-12-15,1.19,1.217,1.189,1.202,1692564547,2039824741,False
2025-12-16,1.2,1.206,1.192,1.193,1441690356,1725808872,False
2025-12-17,1.193,1.229,1.188,1.218,2321874390,2803687760,False
2025-12-18,1.217,1.217,1.204,1.206,1463828151,1769475198,False
2025-12-19,1.205,1.219,1.201,1.211,1384723957,1677256100,False
2025-12-22,1.209,1.215,1.206,1.211,1203512759,1457919230,False
2025-12-23,1.211,1.218,1.205,1.207,1273788784,1542732392,False
2025-12-24,1.205,1.219,1.204,1.218,1538170880,1866236652,False
2025-12-25,1.216,1.225,1.214,1.221,1458868823,1780834566,False
2025-12-26,1.219,1.242,1.219,1.229,2066264130,2544238417,False
2025-12-29,1.227,1.23,1.218,1.222,1407141154,1722097797,False
2025-12-30,1.218,1.227,1.215,1.216,1458722329,1777374081,False
2025-12-31,1.218,1.228,1.211,1.211,1472740621,1794838136,False
2026-01-05,1.215,1.235,1.214,1.235,2372722500,2912131061,False
2026-01-06,1.235,1.288,1.233,1.286,4886009770,6201135595,False
2026-01-07,1.287,1.287,1.258,1.267,2769776086,3521136669,False
2026-01-08,1.258,1.258,1.229,1.233,3914711544,4849043909,False
2026-01-09,1.233,1.243,1.228,1.237,2578785208,3185247544,False
2026-01-12,1.236,1.255,1.23,1.254,3265140568,4059436730,False
2026-01-13,1.259,1.272,1.241,1.246,2408005492,3025200443,False
2026-01-14,1.244,1.275,1.23,1.237,3745812236,4694708202,False
2026-01-15,1.231,1.239,1.214,1.218,2779154313,3401085771,False
2026-01-16,1.224,1.228,1.205,1.208,2093877308,2541254299,False
2026-01-19,1.205,1.208,1.198,1.203,1935889990,2326263634,False
2026-01-20,1.202,1.21,1.2,1.207,1831061010,2207463316,False
2026-01-21,1.204,1.209,1.198,1.201,1705334696,2050937669,False
2026-01-22,1.202,1.212,1.2,1.203,1554791484,1871610743,False
2026-01-23,1.205,1.208,1.197,1.2,1808281951,2173364060,False
2026-01-26,1.2,1.225,1.198,1.211,2750051483,3332134828,False
2026-01-27,1.209,1.209,1.189,1.197,1897201968,2272880201,False
2026-01-28,1.199,1.206,1.195,1.197,1684893572,2022013726,False
2026-01-29,1.194,1.214,1.182,1.212,2628319323,3143989238,False
2026-01-30,1.207,1.211,1.19,1.194,1910400492,2289540707,False
2026-02-02,1.192,1.207,1.175,1.178,2130048681,2536826014,False
2026-02-03,1.185,1.186,1.163,1.174,2032244777,2381236498,False
2026-02-04,1.171,1.193,1.17,1.191,2023635583,2393347827,False
2026-02-05,1.185,1.2,1.182,1.193,1609912566,1917192584,False
2026-02-06,1.186,1.195,1.183,1.186,1178919563,1401587307,False
2026-02-09,1.192,1.198,1.189,1.197,1241763316,1484224562,False
2026-02-10,1.198,1.2,1.194,1.196,848931272,1016271526,False
2026-02-11,1.196,1.198,1.19,1.194,856631891,1022721283,False
2026-02-12,1.193,1.194,1.184,1.185,988356605,1173270355,False
2026-02-13,1.186,1.191,1.173,1.174,1275963881,1507505844,False
2026-02-24,1.178,1.18,1.171,1.172,907896678,1065768107,False
2026-02-25,1.173,1.189,1.172,1.179,1818547504,2149859482,False
2026-02-26,1.178,1.179,1.163,1.166,1679406811,1962662123,False
2026-02-27,1.165,1.172,1.161,1.169,1276414797,1488485142,False
2026-03-02,1.16,1.162,1.145,1.154,1772643597,2045465816,False
2026-03-03,1.155,1.165,1.141,1.144,1956086721,2254801455,False
2026-03-04,1.137,1.137,1.114,1.115,2115301452,2376903704,False
2026-03-05,1.125,1.127,1.114,1.117,1310727433,1468057562,False
2026-03-06,1.114,1.135,1.113,1.131,1397200158,1573379272,False
2026-03-09,1.115,1.117,1.105,1.112,1555897796,1728872781,False
2026-03-10,1.118,1.126,1.116,1.12,1102632438,1234941869,False
2026-03-11,1.121,1.126,1.115,1.123,1100389093,1233913351,False
2026-03-12,1.119,1.126,1.116,1.121,890337037,997930427,False
2026-03-13,1.117,1.125,1.111,1.112,1327370127,1482433329,False
2026-03-16,1.11,1.112,1.1,1.106,1504926475,1662033766,False
2026-03-17,1.107,1.14,1.107,1.118,2572628300,2896485813,False
2026-03-18,1.116,1.118,1.108,1.114,1382438936,1536868608,False
2026-03-19,1.105,1.11,1.097,1.101,1786515187,1970709398,False
2026-03-20,1.102,1.104,1.081,1.083,1635380378,1784450197,False
2026-03-23,1.069,1.069,1.031,1.036,2543259649,2669918668,False
2026-03-24,1.045,1.055,1.033,1.047,1538565934,1607215270,False
2026-03-25,1.051,1.067,1.048,1.059,1527308146,1614004003,False
2026-03-26,1.055,1.058,1.033,1.035,1367989300,1426105505,False
2026-03-27,1.029,1.047,1.027,1.041,1139388704,1183988544,False
2026-03-30,1.029,1.039,1.025,1.037,1116913868,1154199948,False
2026-03-31,1.037,1.049,1.027,1.029,1396964216,1447753677,False
2026-04-01,1.04,1.046,1.035,1.045,1309417270,1364398682,False
2026-04-02,1.041,1.041,1.022,1.025,1240146700,1277492968,False
2026-04-03,1.028,1.031,1.016,1.016,1034509548,1057174276,False
2026-04-07,1.016,1.021,1.01,1.015,817692066,830074551,False
2026-04-08,1.032,1.056,1.031,1.054,2392383840,2498756095,False
2026-04-09,1.044,1.045,1.029,1.031,1424506978,1475119051,False
2026-04-10,1.043,1.091,1.043,1.068,4059279419,4357001779,False
2026-04-13,1.06,1.084,1.058,1.075,1691118557,1817034647,False
2026-04-14,1.083,1.086,1.067,1.081,1440783162,1550549952,False
2026-04-15,1.084,1.086,1.072,1.073,1171114299,1261625410,False
2026-04-16,1.077,1.089,1.075,1.081,1569104794,1696207779,False
2026-04-17,1.078,1.081,1.07,1.076,1083969087,1164918020,False
2026-04-20,1.078,1.08,1.072,1.075,1115646039,1200542488,False
2026-04-21,1.072,1.073,1.064,1.066,1077791620,1150286825,False
2026-04-22,1.062,1.085,1.062,1.075,1712578726,1840994766,False
2026-04-23,1.073,1.078,1.062,1.066,1383705848,1478372420,False
2026-04-24,1.063,1.064,1.05,1.056,1207591956,1273891705,False
2026-04-27,1.057,1.07,1.055,1.057,1478365490,1568147013,False
2026-04-28,1.058,1.082,1.058,1.07,1964160991,2105828179,False
2026-04-29,1.067,1.077,1.065,1.076,1351580409,1447058496,False
2026-04-30,1.074,1.095,1.074,1.078,1972446204,2134179756,False
2026-05-06,1.08,1.1,1.08,1.094,2248811412,2454774563,False
2026-05-07,1.1,1.101,1.082,1.089,2096449485,2278904683,False
2026-05-08,1.084,1.089,1.076,1.08,1332152865,1440539648,False
2026-05-11,1.077,1.104,1.073,1.097,3058299784,3334951982,False
2026-05-12,1.097,1.111,1.09,1.102,2625639736,2891713808,False
2026-05-13,1.097,1.102,1.084,1.095,1865663096,2034955285,False
2026-05-14,1.096,1.098,1.071,1.071,2003356063,2173890535,False
2026-05-15,1.07,1.072,1.044,1.048,2234819180,2363821021,False
2026-05-18,1.045,1.055,1.041,1.047,1456350957,1525665819,False
2026-05-19,1.047,1.059,1.039,1.056,1580041757,1657412200,False
2026-05-20,1.05,1.057,1.046,1.049,1165004202,1224156374,False
2026-05-21,1.056,1.092,1.052,1.054,3651656595,3931361091,False
2026-05-22,1.055,1.06,1.034,1.037,2198977426,2286674222,False
2026-05-25,1.041,1.052,1.034,1.045,1621501656,1689914741,False
2026-05-26,1.043,1.067,1.039,1.056,2350140597,2478195656,False
2026-05-27,1.051,1.065,1.037,1.043,2016245819,2113670911,False
2026-05-28,1.041,1.043,1.015,1.021,2431996901,2491566922,False
2026-05-29,1.023,1.048,1.022,1.033,2744345380,2846651872,False
2026-06-01,1.031,1.042,1.025,1.035,1339632740,1385419087,False
2026-06-02,1.033,1.042,1.025,1.037,1911499496,1974212819,False
2026-06-03,1.033,1.044,1.025,1.035,2005198697,2075978583,False
2026-06-04,1.028,1.04,1.015,1.022,1865661993,1911844432,False
2026-06-05,1.022,1.033,1.014,1.016,1757909361,1798315874,False
2026-06-08,1.006,1.017,0.996,1.001,2161111221,2173942352,False
2026-06-09,1.001,1.005,0.993,1.005,1527782033,1527536448,False
