date,open,high,low,close,volume,amount,suspended
2019-01-18,0.998,1.004,0.995,1.003,324458258,324300571,False
2019-01-21,1.003,1.009,1.002,1.003,76552325,77018053,False
2019-01-22,1.004,1.006,0.999,1.0,15059926,15106892,False
2019-01-23,1.001,1.005,0.999,1.003,17436806,17497300,False
2019-01-24,1.004,1.008,1.002,1.006,31015860,31218191,False
2019-01-25,1.006,1.017,1.006,1.011,24566172,24852597,False
2019-01-28,1.014,1.022,1.009,1.012,8714000,8865923,False
2019-01-29,1.009,1.017,1.002,1.016,7670372,7773591,False
2019-01-30,1.013,1.022,1.011,1.015,11067972,11253832,False
2019-01-31,1.015,1.024,1.014,1.017,8690734,8872826,False
2019-02-01,1.019,1.028,1.018,1.026,12423700,12704967,False
2019-02-11,1.026,1.038,1.026,1.038,10024400,10350513,False
2019-02-12,1.038,1.044,1.034,1.041,12129980,12608597,False
2019-02-13,1.042,1.055,1.038,1.052,15119347,15814535,False
2019-02-14,1.053,1.055,1.046,1.051,16773466,17611645,False
2019-02-15,1.051,1.051,1.032,1.032,20412900,21261552,False
2019-02-18,1.034,1.054,1.034,1.053,67467295,70827691,False
2019-02-19,1.051,1.06,1.046,1.051,18649722,19615296,False
2019-02-20,1.053,1.057,1.048,1.054,8342513,8777305,False
2019-02-21,1.054,1.061,1.045,1.046,11096212,11662248,False
2019-02-22,1.045,1.055,1.038,1.055,6756412,7061514,False
2019-02-25,1.055,1.101,1.055,1.099,11467900,12360479,False
2019-02-26,1.098,1.102,1.071,1.089,8912300,9731792,False
2019-02-27,1.088,1.102,1.082,1.091,6347200,6945531,False
2019-02-28,1.088,1.097,1.085,1.087,6566300,7154348,False
2019-03-01,1.086,1.1,1.084,1.1,5005792,5446409,False
2019-03-04,1.1,1.131,1.1,1.115,6272175,7013722,False
2019-03-05,1.114,1.127,1.108,1.127,6102400,6822737,False
2019-03-06,1.123,1.135,1.121,1.135,6781339,7649695,False
2019-03-07,1.135,1.135,1.12,1.13,6038280,6805632,False
2019-03-08,1.127,1.127,1.087,1.088,5181181,5721904,False
2019-03-11,1.088,1.107,1.087,1.095,4072600,4469644,False
2019-03-12,1.097,1.124,1.097,1.113,3388800,3780935,False
2019-03-13,1.113,1.121,1.107,1.11,5967450,6649219,False
2019-03-14,1.109,1.118,1.093,1.097,5794570,6401650,False
2019-03-15,1.097,1.126,1.097,1.117,4102300,4574970,False
2019-03-18,1.115,1.152,1.115,1.152,3723200,4230722,False
2019-03-19,1.152,1.161,1.142,1.15,2307000,2651274,False
2019-03-20,1.147,1.155,1.138,1.153,3415500,3913756,False
2019-03-21,1.131,1.161,1.131,1.151,2455200,2837207,False
2019-03-22,1.153,1.162,1.145,1.157,3300400,3805653,False
2019-03-25,1.154,1.162,1.147,1.149,1732300,1999500,False
2019-03-26,1.149,1.157,1.128,1.133,2320600,2650981,False
2019-03-27,1.135,1.149,1.128,1.146,4371600,4970128,False
2019-03-28,1.145,1.146,1.135,1.14,1897900,2163166,False
2019-03-29,1.137,1.17,1.135,1.17,3874000,4471592,False
2019-04-01,1.2,1.2,1.171,1.192,4601900,5475249,False
2019-04-02,1.192,1.203,1.191,1.192,1501400,1793791,False
2019-04-03,1.188,1.21,1.188,1.205,2161000,2589650,False
2019-04-04,1.206,1.224,1.206,1.223,1338500,1632106,False
2019-04-08,1.223,1.234,1.209,1.223,4119200,5036939,False
2019-04-09,1.217,1.229,1.216,1.226,1415600,1728993,False
2019-04-10,1.218,1.237,1.217,1.232,1710293,2100085,False
2019-04-11,1.232,1.232,1.214,1.215,3053500,3739724,False
2019-04-12,1.217,1.217,1.202,1.21,1279500,1548453,False
2019-04-15,1.222,1.259,1.209,1.209,4366000,5354883,False
2019-04-16,1.209,1.221,1.187,1.219,4616900,5530702,False
2019-04-17,1.23,1.23,1.217,1.225,1489900,1822597,False
2019-04-18,1.216,1.225,1.213,1.213,4273025,5205535,False
2019-04-19,1.215,1.225,1.206,1.221,2561100,3106158,False
2019-04-22,1.22,1.22,1.189,1.192,2036500,2451335,False
2019-04-23,1.196,1.202,1.18,1.18,3754000,4455427,False
2019-04-24,1.18,1.186,1.173,1.186,3769000,4455637,False
2019-04-25,1.186,1.186,1.15,1.154,2985300,3466993,False
2019-04-26,1.153,1.154,1.13,1.14,11200100,12730499,False
2019-04-29,1.14,1.154,1.14,1.14,1696915,1942534,False
2019-04-30,1.143,1.156,1.143,1.153,1289015,1480741,False
2019-05-06,1.1,1.165,1.084,1.11,10945800,12066711,False
2019-05-07,1.11,1.114,1.098,1.11,3544900,3923449,False
2019-05-08,1.099,1.11,1.089,1.098,1935400,2135519,False
2019-05-09,1.1,1.108,1.081,1.083,2674000,2906827,False
2019-05-10,1.094,1.116,1.086,1.116,4329066,4771767,False
2019-05-13,1.1,1.109,1.097,1.106,1925100,2126831,False
2019-05-14,1.102,1.108,1.051,1.099,1848989,2039413,False
2019-05-15,1.091,1.118,1.091,1.114,2424900,2685465,False
2019-05-16,1.105,1.121,1.105,1.121,1505800,1677060,False
2019-05-17,1.12,1.12,1.096,1.098,2516900,2797049,False
2019-05-20,1.095,1.095,1.079,1.086,2580200,2800847,False
2019-05-21,1.086,1.106,1.084,1.1,1524800,1670543,False
2019-05-22,1.099,1.102,1.092,1.095,2187200,2396411,False
2019-05-23,1.086,1.091,1.08,1.083,3646000,3966859,False
2019-05-24,1.073,1.091,1.073,1.086,1402800,1527551,False
2019-05-27,1.087,1.102,1.08,1.102,2976400,3238087,False
2019-05-28,1.102,1.11,1.1,1.1,848500,939347,False
2019-05-29,1.1,1.106,1.098,1.1,888400,979950,False
2019-05-30,1.098,1.107,1.096,1.103,2581900,2837567,False
2019-05-31,1.1,1.113,1.1,1.103,10191437,11255278,False
2019-06-03,1.104,1.115,1.098,1.104,1087600,1198365,False
2019-06-04,1.104,1.104,1.094,1.094,593400,650569,False
2019-06-05,1.103,1.108,1.099,1.099,1110700,1226288,False
2019-06-06,1.099,1.099,1.092,1.093,931400,1018503,False
2019-06-10,1.102,1.105,1.092,1.101,775800,853409,False
2019-06-11,1.107,1.126,1.107,1.123,601583,671466,False
2019-06-12,1.119,1.119,1.114,1.117,1793000,1998210,False
2019-06-13,1.112,1.115,1.105,1.112,440600,489120,False
2019-06-14,1.112,1.112,1.102,1.103,1000400,1109132,False
2019-06-17,1.101,1.107,1.099,1.103,1496600,1649997,False
2019-06-18,1.104,1.106,1.101,1.105,1893400,2090488,False
2019-06-19,1.116,1.122,1.115,1.115,2574300,2883141,False
2019-06-20,1.115,1.138,1.113,1.133,1394100,1569191,False
2019-06-21,1.139,1.144,1.131,1.136,876600,997330,False
2019-06-24,1.136,1.136,1.131,1.135,550700,624515,False
2019-06-25,1.132,1.132,1.116,1.126,1029100,1154731,False
2019-06-26,1.125,1.127,1.121,1.123,377100,423588,False
2019-06-27,1.123,1.136,1.123,1.129,1719070,1945595,False
2019-06-28,1.129,1.13,1.12,1.125,1732500,1950094,False
2019-07-01,1.125,1.156,1.125,1.147,375000,428812,False
2019-07-02,1.147,1.155,1.146,1.155,1607400,1847203,False
2019-07-03,1.143,1.155,1.143,1.153,537500,619822,False
2019-07-04,1.158,1.162,1.152,1.152,249700,288957,False
2019-07-05,1.152,1.16,1.151,1.157,385700,446051,False
2019-07-08,1.156,1.156,1.1,1.134,2925300,3308416,False
2019-07-09,1.134,1.137,1.13,1.133,695900,788741,False
2019-07-10,1.132,1.137,1.124,1.125,2024600,2286520,False
2019-07-11,1.134,1.137,1.125,1.125,2676100,3028545,False
2019-07-12,1.127,1.136,1.127,1.134,1084684,1226813,False
2019-07-15,1.128,1.142,1.117,1.136,2261100,2556708,False
2019-07-16,1.136,1.138,1.134,1.135,628200,713664,False
2019-07-17,1.134,1.142,1.134,1.139,3939100,4488439,False
2019-07-18,1.134,1.136,1.13,1.13,4687700,5309161,False
2019-07-19,1.141,1.146,1.135,1.141,884200,1011621,False
2019-07-22,1.14,1.142,1.128,1.136,2474800,2818178,False
2019-07-23,1.137,1.138,1.134,1.138,1301300,1477994,False
2019-07-24,1.142,1.149,1.142,1.143,7307400,8358936,False
2019-07-25,1.142,1.148,1.142,1.147,890661,1019131,False
2019-07-26,1.146,1.154,1.145,1.153,2079400,2389103,False
2019-07-29,1.148,1.156,1.148,1.151,1556000,1789273,False
2019-07-30,1.152,1.16,1.152,1.157,3570100,4130473,False
2019-07-31,1.151,1.151,1.146,1.148,2619200,3006093,False
2019-08-01,1.148,1.148,1.137,1.138,2226400,2541264,False
2019-08-02,1.133,1.133,1.117,1.124,2413900,2702137,False
2019-08-05,1.121,1.122,1.106,1.106,3070500,3422334,False
2019-08-06,1.103,1.103,1.075,1.09,3579600,3880269,False
2019-08-07,1.101,1.12,1.085,1.088,1781100,1943399,False
2019-08-08,1.094,1.101,1.094,1.1,290900,318699,False
2019-08-09,1.102,1.102,1.09,1.092,1198800,1311872,False
2019-08-12,1.09,1.102,1.09,1.102,1492100,1633174,False
2019-08-13,1.097,1.099,1.094,1.097,1510900,1657573,False
2019-08-14,1.103,1.106,1.099,1.099,1652800,1822176,False
2019-08-15,1.093,1.103,1.082,1.101,2464300,2690252,False
2019-08-16,1.098,1.106,1.098,1.102,2735600,3012192,False
2019-08-19,1.101,1.121,1.101,1.118,1928000,2142732,False
2019-08-20,1.117,1.123,1.116,1.119,2029700,2272039,False
2019-08-21,1.118,1.12,1.116,1.118,556700,622150,False
2019-08-22,1.115,1.118,1.113,1.118,531700,593541,False
2019-08-23,1.117,1.123,1.117,1.121,1416000,1586502,False
2019-08-26,1.115,1.115,1.108,1.112,16833000,18706232,False
2019-08-27,1.117,1.13,1.116,1.127,2860100,3210468,False
2019-08-28,1.127,1.129,1.123,1.125,12396400,13948085,False
2019-08-29,1.135,1.135,1.115,1.116,22778600,25456546,False
2019-08-30,1.12,1.123,1.112,1.113,5844500,6516811,False
2019-09-02,1.114,1.124,1.114,1.122,3233100,3619339,False
2019-09-03,1.121,1.121,1.116,1.12,2870553,3207614,False
2019-09-04,1.119,1.128,1.118,1.127,2484499,2787400,False
2019-09-05,1.13,1.147,1.13,1.139,7723500,8819605,False
2019-09-06,1.139,1.141,1.136,1.141,6758600,7692193,False
2019-09-09,1.152,1.152,1.142,1.147,5368500,6152747,False
2019-09-10,1.147,1.147,1.14,1.144,2634000,3007219,False
2019-09-11,1.142,1.146,1.142,1.144,2797700,3201767,False
2019-09-12,1.145,1.151,1.145,1.151,9690900,11127205,False
2019-09-16,1.151,1.155,1.144,1.154,1961800,2259053,False
2019-09-17,1.149,1.149,1.137,1.139,4438300,5072817,False
2019-09-18,1.139,1.146,1.139,1.142,1230100,1405889,False
2019-09-19,1.141,1.145,1.141,1.144,725900,829928,False
2019-09-20,1.144,1.146,1.143,1.145,1714400,1961851,False
2019-09-23,1.139,1.139,1.128,1.134,4526400,5124419,False
2019-09-24,1.134,1.14,1.133,1.139,2576700,2928525,False
2019-09-25,1.135,1.135,1.126,1.127,7006700,7909298,False
2019-09-26,1.127,1.132,1.125,1.127,3267682,3692357,False
2019-09-27,1.12,1.126,1.12,1.125,3812600,4279378,False
2019-09-30,1.136,1.153,1.119,1.12,10500200,11795787,False
2019-10-08,1.12,1.13,1.12,1.127,4225900,4750550,False
2019-10-09,1.123,1.136,1.123,1.136,2538520,2875447,False
2019-10-10,1.137,1.143,1.137,1.143,751600,857230,False
2019-10-11,1.144,1.152,1.143,1.15,1723500,1978546,False
2019-10-14,1.153,1.168,1.153,1.165,2759200,3207211,False
2019-10-15,1.165,1.165,1.158,1.158,713600,827641,False
2019-10-16,1.159,1.168,1.156,1.157,1168700,1356597,False
2019-10-17,1.157,1.161,1.152,1.153,2705500,3127139,False
2019-10-18,1.158,1.158,1.138,1.14,3817300,4384856,False
2019-10-21,1.138,1.146,1.136,1.144,1664100,1899875,False
2019-10-22,1.141,1.147,1.141,1.147,310700,355332,False
2019-10-23,1.147,1.147,1.139,1.141,1369300,1564084,False
2019-10-24,1.141,1.145,1.138,1.143,714300,815016,False
2019-10-25,1.143,1.149,1.14,1.148,438300,501942,False
2019-10-28,1.152,1.153,1.148,1.152,1071900,1233825,False
2019-10-29,1.149,1.151,1.144,1.145,711300,815183,False
2019-10-30,1.143,1.143,1.138,1.141,1379800,1572632,False
2019-10-31,1.141,1.141,1.132,1.132,1189300,1351831,False
2019-11-01,1.13,1.147,1.13,1.143,1011000,1152540,False
2019-11-04,1.151,1.152,1.149,1.149,181700,208970,False
2019-11-05,1.149,1.164,1.149,1.159,953600,1106680,False
2019-11-06,1.157,1.157,1.151,1.151,528300,609496,False
2019-11-07,1.154,1.161,1.154,1.157,8909600,10296377,False
2019-11-08,1.157,1.161,1.149,1.149,2474500,2861151,False
2019-11-11,1.146,1.146,1.131,1.132,3271500,3711488,False
2019-11-12,1.134,1.135,1.127,1.132,3020200,3414297,False
2019-11-13,1.128,1.129,1.124,1.127,1501700,1692208,False
2019-11-14,1.128,1.129,1.125,1.126,1323400,1489657,False
2019-11-15,1.122,1.128,1.122,1.123,529700,595498,False
2019-11-18,1.117,1.139,1.117,1.135,7236800,8130871,False
2019-11-19,1.137,1.149,1.137,1.149,1458800,1664804,False
2019-11-20,1.146,1.148,1.14,1.143,1447400,1657240,False
2019-11-21,1.137,1.142,1.135,1.14,132300,150596,False
2019-11-22,1.141,1.149,1.137,1.139,1085000,1239028,False
2019-11-25,1.145,1.155,1.145,1.155,625100,719368,False
2019-11-26,1.155,1.159,1.152,1.155,493800,570822,False
2019-11-27,1.152,1.156,1.15,1.151,416000,480222,False
2019-11-28,1.152,1.153,1.146,1.147,310900,357162,False
2019-11-29,1.146,1.147,1.142,1.146,1024900,1171756,False
2019-12-02,1.147,1.152,1.146,1.148,1468300,1689584,False
2019-12-03,1.145,1.15,1.144,1.15,487400,559011,False
2019-12-04,1.149,1.151,1.147,1.147,86900,99710,False
2019-12-05,1.152,1.152,1.148,1.151,46800,53875,False
2019-12-06,1.152,1.154,1.15,1.153,133408,153753,False
2019-12-09,1.157,1.161,1.157,1.161,353500,409732,False
2019-12-10,1.158,1.16,1.157,1.16,792226,917371,False
2019-12-11,1.161,1.162,1.156,1.16,9403600,10882808,False
2019-12-12,1.162,1.164,1.161,1.163,1161900,1350871,False
2019-12-13,1.163,1.172,1.163,1.171,4935500,5764562,False
2019-12-16,1.169,1.178,1.169,1.178,1387700,1629675,False
2019-12-17,1.17,1.196,1.17,1.188,10605620,12527458,False
2019-12-18,1.177,1.192,1.177,1.185,17571300,20865022,False
2019-12-19,1.187,1.19,1.185,1.188,13029950,15483591,False
2019-12-20,1.189,1.191,1.187,1.188,8215950,9775071,False
2019-12-23,1.186,1.191,1.175,1.175,8072700,9557347,False
2019-12-24,1.176,1.178,1.169,1.178,2169700,2542550,False
2019-12-25,1.175,1.177,1.173,1.175,2635700,3098101,False
2019-12-26,1.178,1.185,1.178,1.184,403000,476545,False
2019-12-27,1.188,1.198,1.187,1.187,1837250,2189979,False
2019-12-30,1.191,1.207,1.191,1.205,7212430,8633453,False
2019-12-31,1.206,1.214,1.203,1.212,15790200,19070856,False
2020-01-02,1.205,1.234,1.205,1.228,7688500,9447043,False
2020-01-03,1.227,1.227,1.221,1.223,7056800,8640854,False
2020-01-06,1.227,1.232,1.218,1.222,12132100,14886793,False
2020-01-07,1.223,1.228,1.222,1.226,5656200,6932065,False
2020-01-08,1.223,1.223,1.209,1.21,4040100,4907154,False
2020-01-09,1.227,1.227,1.217,1.221,5984500,7302113,False
2020-01-10,1.226,1.226,1.214,1.218,2705800,3294222,False
2020-01-13,1.213,1.222,1.211,1.222,2200200,2675631,False
2020-01-14,1.224,1.226,1.22,1.223,3687632,4508195,False
2020-01-15,1.223,1.223,1.211,1.216,2352300,2852404,False
2020-01-16,1.215,1.215,1.206,1.208,1711500,2070234,False
2020-01-17,1.21,1.211,1.203,1.206,2407100,2911815,False
2020-01-20,1.205,1.205,1.201,1.205,1657000,1994160,False
2020-01-21,1.207,1.207,1.185,1.186,975400,1159196,False
2020-01-22,1.183,1.19,1.173,1.187,3358700,3961919,False
2020-01-23,1.176,1.181,1.15,1.156,1316700,1533207,False
2020-02-03,1.129,1.129,1.04,1.047,2288000,2431331,False
2020-02-04,1.057,1.089,1.057,1.086,6713200,7212095,False
2020-02-05,1.083,1.102,1.083,1.093,702300,766902,False
2020-02-06,1.093,1.108,1.091,1.106,959200,1053020,False
2020-02-07,1.12,1.12,1.089,1.1,1577413,1725241,False
2020-02-10,1.1,1.116,1.092,1.116,475200,526693,False
2020-02-11,1.114,1.128,1.114,1.122,1000500,1122396,False
2020-02-12,1.122,1.128,1.119,1.128,388100,435710,False
2020-02-13,1.128,1.134,1.123,1.123,1204300,1359100,False
2020-02-14,1.125,1.131,1.123,1.13,407700,459963,False
2020-02-17,1.13,1.152,1.13,1.152,920700,1047167,False
2020-02-18,1.146,1.151,1.14,1.146,1873400,2141669,False
2020-02-19,1.146,1.15,1.142,1.143,1271300,1457481,False
2020-02-20,1.145,1.157,1.14,1.157,18042000,20714348,False
2020-02-21,1.148,1.161,1.148,1.158,2555400,2949720,False
2020-02-24,1.158,1.158,1.14,1.144,4100400,4694579,False
2020-02-25,1.12,1.134,1.109,1.133,2346300,2644025,False
2020-02-26,1.122,1.15,1.119,1.14,2372300,2707313,False
2020-02-27,1.145,1.15,1.144,1.147,2194900,2515751,False
2020-02-28,1.14,1.141,1.116,1.12,3600300,4045758,False
2020-03-02,1.13,1.163,1.13,1.16,1493200,1725392,False
2020-03-03,1.17,1.171,1.15,1.16,1307832,1518567,False
2020-03-04,1.169,1.175,1.158,1.175,1925000,2241196,False
2020-03-05,1.175,1.19,1.175,1.189,521000,615482,False
2020-03-06,1.18,1.18,1.168,1.171,1320400,1546815,False
2020-03-09,1.159,1.159,1.14,1.141,1363600,1563507,False
2020-03-10,1.142,1.156,1.13,1.155,2144100,2461127,False
2020-03-11,1.15,1.156,1.144,1.145,1799800,2074478,False
2020-03-12,1.144,1.144,1.123,1.129,2985700,3361176,False
2020-03-13,1.118,1.118,1.086,1.109,1623000,1789779,False
2020-03-16,1.11,1.11,1.08,1.082,3169600,3456754,False
2020-03-17,1.093,1.093,1.063,1.081,2468900,2659843,False
2020-03-18,1.084,1.093,1.061,1.063,1818300,1969514,False
2020-03-19,1.06,1.063,1.029,1.044,5796900,6060828,False
2020-03-20,1.054,1.065,1.05,1.065,1794000,1891988,False
2020-03-23,1.054,1.054,1.032,1.034,4914800,5102054,False
2020-03-24,1.04,1.06,1.04,1.06,2226300,2344256,False
2020-03-25,1.066,1.086,1.066,1.083,3185900,3425830,False
2020-03-26,1.072,1.082,1.048,1.075,1771000,1909107,False
2020-03-27,1.081,1.091,1.079,1.083,708000,765515,False
2020-03-30,1.069,1.078,1.068,1.075,2009300,2151766,False
2020-03-31,1.083,1.083,1.069,1.071,2497200,2679898,False
2020-04-01,1.073,1.079,1.066,1.066,2470300,2654006,False
2020-04-02,1.064,1.077,1.061,1.077,994600,1064688,False
2020-04-03,1.075,1.078,1.07,1.074,1036400,1114287,False
2020-04-07,1.087,1.09,1.085,1.09,190800,207365,False
2020-04-08,1.09,1.09,1.079,1.087,1175700,1277714,False
2020-04-09,1.089,1.091,1.087,1.09,1053600,1147132,False
2020-04-10,1.09,1.096,1.084,1.085,763800,834340,False
2020-04-13,1.081,1.085,1.079,1.085,920300,998021,False
2020-04-14,1.09,1.094,1.088,1.094,63500,69264,False
2020-04-15,1.091,1.092,1.088,1.088,1141700,1244312,False
2020-04-16,1.083,1.087,1.083,1.086,1312600,1422529,False
2020-04-17,1.089,1.097,1.089,1.092,2864300,3127364,False
2020-04-20,1.091,1.096,1.089,1.096,2634400,2877552,False
2020-04-21,1.091,1.091,1.082,1.086,4962700,5381363,False
2020-04-22,1.081,1.087,1.08,1.086,682500,739776,False
2020-04-23,1.089,1.09,1.086,1.086,440800,479647,False
2020-04-24,1.084,1.086,1.077,1.078,565200,610402,False
2020-04-27,1.085,1.092,1.085,1.087,937500,1019937,False
2020-04-28,1.094,1.094,1.073,1.088,190200,206164,False
2020-04-29,1.096,1.107,1.096,1.107,2888400,3186105,False
2020-04-30,1.107,1.118,1.107,1.118,275400,307152,False
2020-05-06,1.118,1.118,1.105,1.116,4088600,4526940,False
2020-05-07,1.111,1.116,1.11,1.116,1876200,2086250,False
2020-05-08,1.117,1.125,1.117,1.122,1176300,1316815,False
2020-05-11,1.125,1.13,1.125,1.129,6635600,7484079,False
2020-05-12,1.118,1.13,1.118,1.121,1392900,1566736,False
2020-05-13,1.118,1.124,1.118,1.124,1427100,1600688,False
2020-05-14,1.119,1.119,1.109,1.111,2431300,2711338,False
2020-05-15,1.116,1.116,1.108,1.108,321900,358744,False
2020-05-18,1.108,1.115,1.106,1.113,1740800,1933878,False
2020-05-19,1.102,1.13,1.061,1.116,259700,289342,False
2020-05-20,1.116,1.116,1.111,1.111,1424900,1584302,False
2020-05-21,1.114,1.116,1.11,1.111,2634600,2932999,False
2020-05-22,1.104,1.106,1.089,1.091,1925800,2104920,False
2020-05-25,1.087,1.095,1.087,1.095,3600800,3930433,False
2020-05-26,1.097,1.099,1.094,1.099,4861700,5328829,False
2020-05-27,1.101,1.103,1.099,1.101,629600,693710,False
2020-05-28,1.109,1.112,1.103,1.106,1525000,1686677,False
2020-05-29,1.095,1.112,1.095,1.104,4025400,4440863,False
2020-06-01,1.111,1.122,1.109,1.121,3415500,3803782,False
2020-06-02,1.13,1.14,1.11,1.125,1628300,1829664,False
2020-06-03,1.13,1.137,1.126,1.126,2132000,2405821,False
2020-06-04,1.126,1.13,1.124,1.129,7487300,8436894,False
2020-06-05,1.129,1.129,1.122,1.125,2725200,3065436,False
2020-06-08,1.126,1.135,1.126,1.132,2503800,2832260,False
2020-06-09,1.134,1.138,1.134,1.137,3020300,3432040,False
2020-06-10,1.137,1.137,1.134,1.137,2160000,2454309,False
2020-06-11,1.135,1.136,1.125,1.126,2777900,3143749,False
2020-06-12,1.115,1.128,1.115,1.128,3173100,3562509,False
2020-06-15,1.128,1.129,1.118,1.118,3832800,4308758,False
2020-06-16,1.122,1.13,1.122,1.13,2034000,2288563,False
2020-06-17,1.129,1.135,1.129,1.135,2022300,2290835,False
2020-06-18,1.131,1.14,1.131,1.14,2855300,3246333,False
2020-06-19,1.141,1.144,1.139,1.144,7572400,8635038,False
2020-06-22,1.144,1.144,1.136,1.136,4278200,4880518,False
2020-06-23,1.135,1.136,1.132,1.132,2914400,3304942,False
2020-06-24,1.132,1.14,1.132,1.137,6701400,7631821,False
2020-06-29,1.138,1.139,1.13,1.131,1732200,1960349,False
2020-06-30,1.138,1.143,1.138,1.142,5750000,6549216,False
2020-07-01,1.146,1.173,1.146,1.173,6735900,7833961,False
2020-07-02,1.174,1.207,1.174,1.206,6662800,7922216,False
2020-07-03,1.207,1.224,1.207,1.223,6879208,8394212,False
2020-07-06,1.225,1.308,1.225,1.304,9034995,11490697,False
2020-07-07,1.306,1.359,1.295,1.301,7921800,10363783,False
2020-07-08,1.322,1.322,1.286,1.304,2571700,3335950,False
2020-07-09,1.304,1.316,1.294,1.315,4801833,6258307,False
2020-07-10,1.317,1.317,1.281,1.286,7084600,9146832,False
2020-07-13,1.286,1.322,1.286,1.319,4688800,6141376,False
2020-07-14,1.32,1.328,1.292,1.312,7068700,9283074,False
2020-07-15,1.319,1.319,1.285,1.298,9819200,12824147,False
2020-07-16,1.301,1.332,1.278,1.281,5567300,7308217,False
2020-07-17,1.281,1.299,1.27,1.276,2938700,3793623,False
2020-07-20,1.275,1.33,1.275,1.328,1487300,1931942,False
2020-07-21,1.328,1.333,1.321,1.325,3168700,4201370,False
2020-07-22,1.325,1.339,1.32,1.326,2307400,3064638,False
2020-07-23,1.325,1.325,1.298,1.314,1673300,2186830,False
2020-07-24,1.309,1.313,1.268,1.274,1057300,1375821,False
2020-07-27,1.28,1.281,1.262,1.265,4027900,5115732,False
2020-07-28,1.272,1.277,1.266,1.273,505900,642049,False
2020-07-29,1.267,1.29,1.267,1.29,420700,535339,False
2020-07-30,1.291,1.307,1.291,1.301,1153500,1504360,False
2020-07-31,1.302,1.316,1.298,1.311,6396400,8353158,False
2020-08-03,1.311,1.348,1.311,1.346,3263800,4363288,False
2020-08-04,1.346,1.359,1.343,1.349,677800,915920,False
2020-08-05,1.339,1.346,1.33,1.341,380500,510525,False
2020-08-06,1.339,1.34,1.33,1.338,101400,135546,False
2020-08-07,1.337,1.343,1.325,1.341,89900,119736,False
2020-08-10,1.342,1.358,1.338,1.353,180800,244093,False
2020-08-11,1.359,1.369,1.348,1.348,1896038,2587484,False
2020-08-12,1.349,1.349,1.324,1.34,215000,286903,False
2020-08-13,1.344,1.359,1.344,1.352,256400,346538,False
2020-08-14,1.348,1.36,1.348,1.36,999900,1357983,False
2020-08-17,1.368,1.404,1.367,1.397,1120400,1548409,False
2020-08-18,1.397,1.404,1.395,1.398,718600,1004836,False
2020-08-19,1.399,1.405,1.388,1.391,3521300,4902562,False
2020-08-20,1.385,1.389,1.374,1.375,1261621,1739453,False
2020-08-21,1.375,1.383,1.369,1.373,1488600,2047395,False
2020-08-24,1.377,1.387,1.377,1.382,1268100,1756041,False
2020-08-25,1.388,1.393,1.374,1.376,1420600,1965026,False
2020-08-26,1.375,1.375,1.353,1.357,2232300,3036554,False
2020-08-27,1.358,1.358,1.347,1.355,493900,669331,False
2020-08-28,1.354,1.376,1.352,1.376,3520600,4796661,False
2020-08-31,1.382,1.382,1.366,1.367,775900,1065208,False
2020-09-01,1.356,1.36,1.35,1.36,7371247,10002227,False
2020-09-02,1.362,1.362,1.345,1.353,889400,1204911,False
2020-09-03,1.349,1.36,1.345,1.347,10831500,14688719,False
2020-09-04,1.347,1.347,1.327,1.34,1319200,1760549,False
2020-09-07,1.34,1.349,1.323,1.324,1433300,1905228,False
2020-09-08,1.325,1.335,1.321,1.331,751700,1000616,False
2020-09-09,1.331,1.331,1.308,1.31,96300,126669,False
2020-09-10,1.318,1.324,1.305,1.305,582500,764160,False
2020-09-11,1.302,1.305,1.295,1.305,26600,34591,False
2020-09-14,1.31,1.311,1.302,1.305,343200,448211,False
2020-09-15,1.306,1.371,1.303,1.31,103800,137486,False
2020-09-16,1.309,1.32,1.309,1.313,86100,113274,False
2020-09-17,1.315,1.323,1.31,1.317,2610433,3438957,False
2020-09-18,1.325,1.347,1.325,1.347,551900,737227,False
2020-09-21,1.347,1.347,1.335,1.337,109700,146695,False
2020-09-22,1.327,1.329,1.317,1.317,113600,149737,False
2020-09-23,1.318,1.321,1.313,1.315,1210800,1593424,False
2020-09-24,1.311,1.311,1.294,1.297,2792532,3621748,False
2020-09-25,1.298,1.298,1.286,1.29,1356300,1753114,False
2020-09-28,1.297,1.3,1.292,1.296,5277100,6839318,False
2020-09-29,1.292,1.302,1.292,1.295,3029600,3937852,False
2020-09-30,1.296,1.298,1.282,1.287,372900,479965,False
2020-10-09,1.303,1.31,1.303,1.307,320800,418973,False
2020-10-12,1.309,1.331,1.309,1.329,375100,496657,False
2020-10-13,1.312,1.332,1.312,1.332,2002600,2662338,False
2020-10-14,1.333,1.333,1.325,1.327,525900,698012,False
2020-10-15,1.328,1.332,1.326,1.326,1544200,2054287,False
2020-10-16,1.327,1.338,1.327,1.333,3109800,4143316,False
2020-10-19,1.341,1.351,1.328,1.328,1860200,2492579,False
2020-10-20,1.324,1.328,1.323,1.328,533500,707980,False
2020-10-21,1.328,1.331,1.321,1.331,2752500,3640590,False
2020-10-22,1.323,1.325,1.318,1.325,516300,682070,False
2020-10-23,1.326,1.329,1.32,1.32,165700,219941,False
2020-10-26,1.316,1.316,1.309,1.315,102000,133786,False
2020-10-27,1.312,1.312,1.307,1.31,32500,42582,False
2020-10-28,1.3,1.308,1.299,1.307,49000,63885,False
2020-10-29,1.307,1.322,1.307,1.32,73300,96434,False
2020-10-30,1.32,1.32,1.299,1.299,225200,294271,False
2020-11-02,1.302,1.316,1.302,1.314,108300,142310,False
2020-11-03,1.318,1.326,1.318,1.326,27100,35853,False
2020-11-04,1.326,1.338,1.326,1.336,250700,334674,False
2020-11-05,1.341,1.351,1.341,1.351,1052400,1416006,False
2020-11-06,1.352,1.357,1.346,1.357,172600,233779,False
2020-11-09,1.366,1.38,1.366,1.378,789700,1083349,False
2020-11-10,1.381,1.384,1.375,1.377,465300,641581,False
2020-11-11,1.378,1.396,1.376,1.385,448400,620145,False
2020-11-12,1.38,1.39,1.38,1.39,220800,304789,False
2020-11-13,1.389,1.389,1.362,1.366,29700,40641,False
2020-11-16,1.384,1.412,1.384,1.412,630400,886024,False
2020-11-17,1.413,1.421,1.408,1.412,1249000,1768885,False
2020-11-18,1.413,1.422,1.411,1.42,1503200,2128764,False
2020-11-19,1.42,1.42,1.405,1.41,291600,410557,False
2020-11-20,1.406,1.417,1.406,1.416,771000,1090422,False
2020-11-23,1.42,1.446,1.42,1.439,716900,1024796,False
2020-11-24,1.44,1.44,1.428,1.429,1229700,1759040,False
2020-11-25,1.43,1.438,1.41,1.41,2056200,2931830,False
2020-11-26,1.411,1.414,1.401,1.413,247900,349465,False
2020-11-27,1.417,1.422,1.403,1.422,119700,169922,False
2020-11-30,1.432,1.443,1.412,1.433,72000,103193,False
2020-12-01,1.432,1.432,1.405,1.425,167600,237663,False
2020-12-02,1.424,1.429,1.42,1.428,69700,99359,False
2020-12-03,1.427,1.427,1.41,1.41,17400,24629,False
2020-12-04,1.409,1.409,1.399,1.408,88700,124556,False
2020-12-07,1.409,1.409,1.389,1.389,116100,161740,False
2020-12-08,1.389,1.395,1.385,1.386,66200,92277,False
2020-12-09,1.388,1.388,1.369,1.371,77600,107165,False
2020-12-10,1.371,1.372,1.366,1.366,8031,11002,False
2020-12-11,1.367,1.372,1.359,1.367,2628000,3600079,False
2020-12-14,1.36,1.362,1.353,1.355,88400,119794,False
2020-12-15,1.356,1.356,1.34,1.351,92800,124817,False
2020-12-16,1.351,1.352,1.345,1.347,70100,94669,False
2020-12-17,1.347,1.356,1.333,1.352,71400,96284,False
2020-12-18,1.352,1.366,1.352,1.363,212700,289594,False
2020-12-21,1.363,1.365,1.351,1.36,349000,473901,False
2020-12-22,1.347,1.35,1.331,1.331,86800,116812,False
2020-12-23,1.331,1.336,1.327,1.33,177900,236898,False
2020-12-24,1.33,1.333,1.317,1.32,91100,120676,False
2020-12-25,1.32,1.334,1.316,1.332,957600,1266885,False
2020-12-28,1.332,1.332,1.321,1.324,175300,232382,False
2020-12-29,1.324,1.326,1.318,1.319,71600,94802,False
2020-12-30,1.314,1.326,1.314,1.323,12600,16633,False
2020-12-31,1.324,1.334,1.321,1.328,811400,1076133,False
2021-01-04,1.331,1.331,1.313,1.32,487800,644234,False
2021-01-05,1.318,1.319,1.302,1.319,363900,477566,False
2021-01-06,1.318,1.332,1.318,1.332,1808400,2398374,False
2021-01-07,1.333,1.341,1.326,1.334,1778000,2372819,False
2021-01-08,1.334,1.338,1.324,1.336,912800,1217245,False
2021-01-11,1.336,1.339,1.322,1.324,1166300,1551100,False
2021-01-12,1.325,1.326,1.313,1.326,1395715,1838021,False
2021-01-13,1.326,1.329,1.313,1.324,376100,496497,False
2021-01-14,1.324,1.334,1.317,1.321,466400,617005,False
2021-01-15,1.32,1.339,1.32,1.331,1902100,2532571,False
2021-01-18,1.335,1.341,1.328,1.338,1211900,1616457,False
2021-01-19,1.338,1.361,1.329,1.351,1612400,2171657,False
2021-01-20,1.352,1.352,1.333,1.337,2950300,3946791,False
2021-01-21,1.336,1.345,1.335,1.338,1857409,2489192,False
2021-01-22,1.338,1.338,1.315,1.316,560000,738702,False
2021-01-25,1.317,1.317,1.298,1.304,561300,730205,False
2021-01-26,1.304,1.307,1.296,1.3,454500,590477,False
2021-01-27,1.3,1.312,1.3,1.301,889700,1163649,False
2021-01-28,1.301,1.301,1.285,1.285,171400,220902,False
2021-01-29,1.285,1.295,1.279,1.283,666300,860246,False
2021-02-01,1.288,1.298,1.282,1.298,389300,502051,False
2021-02-02,1.299,1.3,1.289,1.293,704800,909786,False
2021-02-03,1.29,1.293,1.276,1.291,12732400,16366566,False
2021-02-04,1.284,1.29,1.277,1.284,686100,879844,False
2021-02-05,1.292,1.308,1.291,1.303,2766200,3599919,False
2021-02-08,1.302,1.31,1.3,1.304,248000,323991,False
2021-02-09,1.304,1.31,1.298,1.308,745100,971428,False
2021-02-10,1.317,1.317,1.31,1.316,534200,700898,False
2021-02-18,1.316,1.344,1.316,1.343,1562900,2093009,False
2021-02-19,1.342,1.366,1.34,1.366,3782700,5114106,False
2021-02-22,1.366,1.399,1.366,1.381,1463800,2017496,False
2021-02-23,1.381,1.395,1.364,1.366,1144000,1567738,False
2021-02-24,1.365,1.378,1.355,1.364,441200,604210,False
2021-02-25,1.366,1.41,1.366,1.396,2037700,2852696,False
2021-02-26,1.397,1.397,1.369,1.37,1737400,2388662,False
2021-03-01,1.37,1.387,1.37,1.386,1099587,1518101,False
2021-03-02,1.388,1.401,1.37,1.379,1025700,1431392,False
2021-03-03,1.382,1.41,1.382,1.41,3983300,5579486,False
2021-03-04,1.41,1.42,1.399,1.411,4190900,5923846,False
2021-03-05,1.408,1.408,1.378,1.39,527500,729133,False
2021-03-08,1.391,1.41,1.382,1.382,1013300,1416383,False
2021-03-09,1.382,1.382,1.361,1.371,589000,805490,False
2021-03-10,1.37,1.373,1.35,1.36,259700,353062,False
2021-03-11,1.374,1.39,1.372,1.389,551400,762044,False
2021-03-12,1.39,1.425,1.39,1.42,1049600,1487582,False
2021-03-15,1.42,1.435,1.42,1.427,811600,1157764,False
2021-03-16,1.43,1.435,1.419,1.434,226600,324513,False
2021-03-17,1.434,1.434,1.417,1.425,525800,747620,False
2021-03-18,1.425,1.437,1.421,1.428,571400,815910,False
2021-03-19,1.428,1.428,1.407,1.411,308800,438903,False
2021-03-22,1.411,1.429,1.411,1.427,1590500,2269088,False
2021-03-23,1.425,1.425,1.407,1.407,79100,112022,False
2021-03-24,1.406,1.406,1.387,1.393,231200,322757,False
2021-03-25,1.394,1.398,1.385,1.391,39900,55526,False
2021-03-26,1.39,1.402,1.39,1.402,36400,50871,False
2021-03-29,1.407,1.426,1.407,1.425,139600,198735,False
2021-03-30,1.408,1.422,1.408,1.421,200900,283937,False
2021-03-31,1.42,1.421,1.413,1.419,72500,102912,False
2021-04-01,1.419,1.428,1.417,1.428,51600,73382,False
2021-04-02,1.429,1.429,1.414,1.416,59100,83892,False
2021-04-06,1.417,1.417,1.412,1.416,60900,86243,False
2021-04-07,1.415,1.429,1.415,1.427,134600,191717,False
2021-04-08,1.43,1.431,1.42,1.425,61100,87224,False
2021-04-09,1.421,1.428,1.421,1.425,223900,319010,False
2021-04-12,1.426,1.429,1.422,1.425,62600,89266,False
2021-04-13,1.426,1.426,1.415,1.417,76500,108484,False
2021-04-14,1.415,1.428,1.415,1.424,53400,75848,False
2021-04-15,1.425,1.426,1.417,1.426,57700,82118,False
2021-04-16,1.425,1.447,1.425,1.447,658800,949942,False
2021-04-19,1.447,1.447,1.44,1.443,2535800,3662358,False
2021-04-20,1.442,1.443,1.436,1.438,1873300,2696181,False
2021-04-21,1.434,1.447,1.431,1.443,2185500,3153401,False
2021-04-22,1.443,1.453,1.44,1.443,1603700,2315618,False
2021-04-23,1.44,1.44,1.425,1.432,873500,1251327,False
2021-04-26,1.437,1.443,1.427,1.427,1990600,2848848,False
2021-04-27,1.427,1.427,1.415,1.422,1333100,1891558,False
2021-04-28,1.44,1.44,1.413,1.433,3641000,5201070,False
2021-04-29,1.433,1.45,1.431,1.449,152500,219916,False
2021-04-30,1.448,1.448,1.431,1.437,163000,233851,False
2021-05-06,1.437,1.467,1.437,1.453,353500,515741,False
2021-05-07,1.458,1.47,1.449,1.463,855600,1254141,False
2021-05-10,1.467,1.477,1.458,1.477,409300,598403,False
2021-05-11,1.477,1.477,1.444,1.467,510800,742418,False
2021-05-12,1.467,1.483,1.467,1.482,665600,983776,False
2021-05-13,1.484,1.485,1.474,1.478,1128200,1668991,False
2021-05-14,1.481,1.488,1.472,1.475,396500,584631,False
2021-05-17,1.475,1.49,1.475,1.483,630700,934448,False
2021-05-18,1.484,1.487,1.482,1.487,237900,353075,False
2021-05-19,1.488,1.49,1.481,1.485,141700,210489,False
2021-05-20,1.467,1.471,1.455,1.465,238500,348190,False
2021-05-21,1.465,1.475,1.46,1.471,33700,49382,False
2021-05-24,1.471,1.485,1.471,1.481,585000,867034,False
2021-05-25,1.482,1.505,1.482,1.503,609700,909752,False
2021-05-26,1.511,1.518,1.509,1.511,1663700,2518253,False
2021-05-27,1.511,1.521,1.509,1.521,1126300,1705965,False
2021-05-28,1.526,1.538,1.525,1.528,1580900,2422640,False
2021-05-31,1.526,1.537,1.518,1.537,4460600,6816529,False
2021-06-01,1.537,1.539,1.518,1.537,929200,1422539,False
2021-06-02,1.534,1.542,1.53,1.54,457900,702758,False
2021-06-03,1.54,1.55,1.536,1.536,319900,493960,False
2021-06-04,1.524,1.547,1.521,1.533,739900,1133208,False
2021-06-07,1.533,1.533,1.513,1.517,274300,416777,False
2021-06-08,1.52,1.523,1.513,1.522,2507700,3798698,False
2021-06-09,1.522,1.531,1.518,1.524,134000,204332,False
2021-06-10,1.522,1.53,1.519,1.524,70700,107759,False
2021-06-11,1.524,1.529,1.519,1.52,773600,1181312,False
2021-06-15,1.526,1.526,1.499,1.503,217800,328905,False
2021-06-16,1.503,1.514,1.497,1.502,152800,229411,False
2021-06-17,1.502,1.514,1.497,1.501,260500,391833,False
2021-06-18,1.501,1.501,1.488,1.494,222300,332039,False
2021-06-21,1.468,1.499,1.468,1.491,539600,804034,False
2021-06-22,1.491,1.505,1.491,1.499,357800,536102,False
2021-06-23,1.5,1.522,1.494,1.517,2458700,3708462,False
2021-06-24,1.515,1.525,1.508,1.517,2953300,4473687,False
2021-06-25,1.513,1.52,1.509,1.517,6274700,9499366,False
2021-06-28,1.517,1.517,1.494,1.496,1969200,2948012,False
2021-06-29,1.496,1.499,1.482,1.492,1184700,1768867,False
2021-06-30,1.492,1.499,1.49,1.499,1457600,2181040,False
2021-07-01,1.499,1.527,1.498,1.513,351200,532459,False
2021-07-02,1.513,1.588,1.492,1.495,744800,1140722,False
2021-07-05,1.496,1.496,1.483,1.489,385700,573108,False
2021-07-06,1.489,1.497,1.488,1.494,1674400,2501087,False
2021-07-07,1.494,1.498,1.486,1.49,1558200,2320629,False
2021-07-08,1.49,1.49,1.467,1.467,555700,816247,False
2021-07-09,1.467,1.482,1.465,1.478,166000,244122,False
2021-07-12,1.482,1.488,1.47,1.472,2340900,3445559,False
2021-07-13,1.472,1.479,1.465,1.479,3241300,4773474,False
2021-07-14,1.478,1.495,1.478,1.491,2657700,3938913,False
2021-07-15,1.482,1.49,1.474,1.489,1322700,1968559,False
2021-07-16,1.489,1.506,1.489,1.498,1289800,1934438,False
2021-07-19,1.53,1.53,1.496,1.502,1652600,2477775,False
2021-07-20,1.502,1.502,1.489,1.497,1963000,2930949,False
2021-07-21,1.504,1.504,1.482,1.493,4566200,6782171,False
2021-07-22,1.49,1.502,1.49,1.502,3473000,5186400,False
2021-07-23,1.503,1.509,1.492,1.495,1407600,2111077,False
2021-07-26,1.495,1.495,1.452,1.462,1244817,1821295,False
2021-07-27,1.462,1.465,1.421,1.422,986400,1436504,False
2021-07-28,1.426,1.427,1.402,1.42,1782800,2525238,False
2021-07-29,1.42,1.426,1.413,1.421,1865000,2641539,False
2021-07-30,1.421,1.439,1.408,1.421,2297300,3250084,False
2021-08-02,1.423,1.426,1.383,1.417,1422600,1997029,False
2021-08-03,1.415,1.419,1.404,1.406,683900,965286,False
2021-08-04,1.408,1.417,1.406,1.417,889200,1252855,False
2021-08-05,1.426,1.432,1.414,1.417,1077300,1533681,False
2021-08-06,1.417,1.426,1.409,1.426,1651300,2343735,False
2021-08-09,1.426,1.455,1.424,1.447,1899400,2737268,False
2021-08-10,1.447,1.449,1.439,1.448,2068500,2988584,False
2021-08-11,1.448,1.486,1.448,1.485,982300,1451460,False
2021-08-12,1.485,1.504,1.485,1.503,2451100,3679247,False
2021-08-13,1.501,1.505,1.496,1.501,681100,1023337,False
2021-08-16,1.511,1.527,1.505,1.514,2626200,3972161,False
2021-08-17,1.513,1.514,1.488,1.491,2561200,3857487,False
2021-08-18,1.489,1.499,1.488,1.497,1324700,1979123,False
2021-08-19,1.494,1.494,1.476,1.481,1254900,1855335,False
2021-08-20,1.478,1.484,1.468,1.484,1486400,2189726,False
2021-08-23,1.495,1.499,1.49,1.497,338500,506098,False
2021-08-24,1.502,1.506,1.494,1.502,2540700,3814562,False
2021-08-25,1.504,1.513,1.5,1.512,2510000,3783629,False
2021-08-26,1.511,1.536,1.511,1.531,4498500,6864993,False
2021-08-27,1.531,1.542,1.518,1.539,954300,1462366,False
2021-08-30,1.545,1.548,1.53,1.548,1511100,2323898,False
2021-08-31,1.548,1.6,1.548,1.6,1302600,2036302,False
2021-09-01,1.593,1.6,1.575,1.588,2009000,3197942,False
2021-09-02,1.588,1.618,1.588,1.618,1804400,2901795,False
2021-09-03,1.618,1.628,1.603,1.614,2510000,4043439,False
2021-09-06,1.616,1.629,1.608,1.626,2017000,3269066,False
2021-09-07,1.637,1.663,1.632,1.659,1246900,2053677,False
2021-09-08,1.644,1.693,1.644,1.692,2208400,3714627,False
2021-09-09,1.692,1.744,1.682,1.744,2329000,3999775,False
2021-09-10,1.744,1.754,1.72,1.729,3103600,5379704,False
2021-09-13,1.734,1.776,1.729,1.773,1714200,3026265,False
2021-09-14,1.772,1.776,1.732,1.738,1878600,3305797,False
2021-09-15,1.738,1.751,1.72,1.729,1918700,3329641,False
2021-09-16,1.729,1.771,1.72,1.72,985800,1723721,False
2021-09-17,1.718,1.744,1.666,1.685,1747400,2971596,False
2021-09-22,1.687,1.736,1.635,1.736,1324400,2255017,False
2021-09-23,1.74,1.798,1.724,1.735,1091000,1904933,False
2021-09-24,1.735,1.735,1.672,1.672,629900,1063047,False
2021-09-27,1.676,1.688,1.623,1.637,1254400,2057487,False
2021-09-28,1.648,1.682,1.646,1.68,2408400,3999954,False
2021-09-29,1.68,1.681,1.633,1.636,1350300,2220916,False
2021-09-30,1.635,1.658,1.624,1.658,216800,355570,False
2021-10-08,1.673,1.673,1.634,1.642,322600,530412,False
2021-10-11,1.643,1.663,1.642,1.658,641000,1060684,False
2021-10-12,1.658,1.677,1.624,1.647,1349500,2218623,False
2021-10-13,1.647,1.647,1.597,1.618,1149100,1859696,False
2021-10-14,1.618,1.618,1.593,1.605,1434300,2311101,False
2021-10-15,1.604,1.617,1.592,1.614,2322900,3716542,False
2021-10-18,1.614,1.645,1.609,1.645,1830900,2985912,False
2021-10-19,1.645,1.675,1.632,1.645,1367200,2256083,False
2021-10-20,1.645,1.645,1.605,1.613,8298400,13382266,False
2021-10-21,1.612,1.65,1.612,1.639,3280100,5345840,False
2021-10-25,1.639,1.639,1.639,1.639,4935000,3943513,False
2021-10-26,0.801,0.804,0.794,0.796,7219900,5771270,False
2021-10-27,0.795,0.795,0.778,0.782,2019000,1585994,False
2021-10-28,0.78,0.787,0.757,0.759,3198000,2432315,False
2021-10-29,0.76,0.76,0.749,0.755,9432600,7116885,False
2021-11-01,0.756,0.766,0.753,0.762,20876700,15814926,False
2021-11-02,0.762,0.763,0.737,0.744,7017000,5265975,False
2021-11-03,0.744,0.761,0.744,0.76,2825700,2136852,False
2021-11-04,0.76,0.76,0.751,0.757,2642500,1989572,False
2021-11-05,0.761,0.761,0.741,0.742,1448300,1076700,False
2021-11-08,0.743,0.748,0.74,0.743,1130600,842212,False
2021-11-09,0.742,0.743,0.739,0.742,294300,217778,False
2021-11-10,0.737,0.74,0.726,0.74,1002700,731616,False
2021-11-11,0.745,0.756,0.743,0.755,3981200,2993975,False
2021-11-12,0.755,0.755,0.748,0.751,7228500,5431080,False
2021-11-15,0.756,0.756,0.745,0.749,295700,221249,False
2021-11-16,0.748,0.75,0.744,0.744,1286800,960771,False
2021-11-17,0.744,0.744,0.74,0.743,794500,588787,False
2021-11-18,0.748,0.748,0.74,0.741,967700,718342,False
2021-11-19,0.739,0.753,0.737,0.752,1648000,1231213,False
2021-11-22,0.752,0.755,0.75,0.752,663700,499289,False
2021-11-23,0.752,0.761,0.751,0.759,1171100,887784,False
2021-11-24,0.759,0.769,0.757,0.769,2683500,2053277,False
2021-11-25,0.769,0.776,0.764,0.767,3183600,2439185,False
2021-11-26,0.767,0.767,0.756,0.756,436000,330071,False
2021-11-29,0.752,0.775,0.744,0.749,1645500,1230170,False
2021-11-30,0.751,0.755,0.747,0.748,3176500,2383155,False
2021-12-01,0.749,0.76,0.749,0.758,4483800,3393918,False
2021-12-02,0.76,0.765,0.756,0.763,3384200,2572443,False
2021-12-03,0.763,0.779,0.757,0.776,3985700,3076290,False
2021-12-06,0.775,0.784,0.772,0.773,1768500,1376789,False
2021-12-07,0.773,0.785,0.771,0.784,1732700,1352948,False
2021-12-08,0.784,0.785,0.776,0.785,538100,420228,False
2021-12-09,0.783,0.79,0.782,0.787,1786400,1405412,False
2021-12-10,0.785,0.787,0.781,0.784,7863600,6163360,False
2021-12-13,0.784,0.786,0.778,0.779,4340300,3385210,False
2021-12-14,0.776,0.776,0.767,0.769,559100,430369,False
2021-12-15,0.769,0.778,0.767,0.776,4461500,3434406,False
2021-12-16,0.776,0.788,0.776,0.787,3578100,2802396,False
2021-12-17,0.788,0.791,0.786,0.788,3402700,2683367,False
2021-12-20,0.788,0.79,0.784,0.784,4130000,3251099,False
2021-12-21,0.786,0.799,0.786,0.798,4506600,3591981,False
2021-12-22,0.795,0.797,0.792,0.795,2092400,1662653,False
2021-12-23,0.795,0.8,0.793,0.799,3347300,2667205,False
2021-12-24,0.795,0.796,0.791,0.793,1874000,1488841,False
2021-12-27,0.796,0.799,0.795,0.797,154700,123302,False
2021-12-28,0.796,0.796,0.788,0.791,2826300,2235226,False
2021-12-29,0.786,0.791,0.786,0.788,5729000,4513963,False
2021-12-30,0.785,0.792,0.785,0.789,4002400,3162414,False
2021-12-31,0.792,0.796,0.792,0.795,7069300,5618188,False
2022-01-04,0.795,0.81,0.795,0.809,5666200,4554650,False
2022-01-05,0.809,0.814,0.806,0.812,5776600,4680417,False
2022-01-06,0.812,0.819,0.812,0.818,4752700,3874935,False
2022-01-07,0.82,0.83,0.82,0.825,4958800,4098879,False
2022-01-10,0.825,0.83,0.822,0.829,6907600,5700940,False
2022-01-11,0.832,0.839,0.828,0.832,5006400,4172809,False
2022-01-12,0.831,0.831,0.82,0.827,2731500,2256175,False
2022-01-13,0.826,0.839,0.823,0.835,8379900,6955922,False
2022-01-14,0.838,0.838,0.809,0.81,11869800,9640210,False
2022-01-17,0.81,0.815,0.795,0.813,4534500,3679809,False
2022-01-18,0.813,0.824,0.808,0.82,6353700,5202852,False
2022-01-19,0.822,0.836,0.822,0.835,9711700,8064367,False
2022-01-20,0.835,0.837,0.826,0.829,6580300,5464610,False
2022-01-21,0.829,0.829,0.819,0.821,6496500,5337031,False
2022-01-24,0.825,0.827,0.812,0.822,5914300,4866505,False
2022-01-25,0.817,0.818,0.8,0.8,3661600,2959647,False
2022-01-26,0.8,0.808,0.796,0.806,5517600,4438763,False
2022-01-27,0.804,0.807,0.797,0.797,6918600,5546249,False
2022-01-28,0.797,0.8,0.79,0.791,5865500,4655911,False
2022-02-07,0.791,0.813,0.791,0.811,4029300,3256962,False
2022-02-08,0.811,0.83,0.811,0.83,8644000,7081855,False
2022-02-09,0.83,0.84,0.83,0.834,5827700,4864032,False
2022-02-10,0.835,0.846,0.83,0.845,8534900,7132156,False
2022-02-11,0.847,0.855,0.846,0.848,11908000,10158223,False
2022-02-14,0.848,0.882,0.827,0.831,5814680,4848723,False
2022-02-15,0.831,0.831,0.82,0.824,7394300,6091340,False
2022-02-16,0.827,0.834,0.827,0.834,4501900,3742594,False
2022-02-17,0.834,0.839,0.828,0.83,5606100,4658636,False
2022-02-18,0.83,0.85,0.826,0.85,10950700,9237626,False
2022-02-21,0.848,0.852,0.839,0.85,8715300,7365648,False
2022-02-22,0.852,0.852,0.836,0.843,14540400,12235167,False
2022-02-23,0.843,0.844,0.831,0.838,13401700,11175961,False
2022-02-24,0.834,0.834,0.812,0.82,10822700,8961625,False
2022-02-25,0.82,0.827,0.813,0.817,9602066,7858054,False
2022-02-28,0.809,0.822,0.809,0.818,13368200,10868534,False
2022-03-01,0.818,0.827,0.816,0.827,13945400,11444488,False
2022-03-02,0.83,0.834,0.823,0.834,15497500,12848877,False
2022-03-03,0.835,0.847,0.835,0.843,13059800,11004791,False
2022-03-04,0.844,0.844,0.831,0.836,14959000,12534967,False
2022-03-07,0.836,0.843,0.828,0.832,10242900,8552032,False
2022-03-08,0.832,0.832,0.804,0.806,12639400,10275986,False
2022-03-09,0.805,0.812,0.774,0.796,16468200,13211570,False
2022-03-10,0.812,0.818,0.794,0.804,12553200,10096545,False
2022-03-11,0.78,0.81,0.78,0.806,13630698,10840246,False
2022-03-14,0.8,0.811,0.791,0.792,13145600,10562127,False
2022-03-15,0.793,0.793,0.746,0.747,11707800,8962502,False
2022-03-16,0.749,0.769,0.733,0.763,14874400,11155737,False
2022-03-17,0.77,0.783,0.764,0.773,15400200,11953846,False
2022-03-18,0.77,0.796,0.77,0.796,22159300,17412880,False
2022-03-21,0.804,0.804,0.785,0.792,10628700,8402847,False
2022-03-22,0.788,0.809,0.788,0.804,13562700,10885865,False
2022-03-23,0.804,0.81,0.797,0.805,16606000,13333128,False
2022-03-24,0.805,0.808,0.8,0.803,11630800,9357475,False
2022-03-25,0.803,0.811,0.798,0.803,12299700,9924082,False
2022-03-28,0.803,0.824,0.796,0.823,19904100,16206069,False
2022-03-29,0.821,0.821,0.813,0.819,17471200,14265778,False
2022-03-30,0.819,0.829,0.816,0.827,13909600,11436209,False
2022-03-31,0.83,0.847,0.829,0.842,23709300,19902685,False
2022-04-01,0.839,0.857,0.834,0.855,18996400,16028742,False
2022-04-06,0.855,0.872,0.853,0.869,21107066,18195586,False
2022-04-07,0.868,0.869,0.85,0.852,32767200,28223343,False
2022-04-08,0.852,0.868,0.85,0.866,20377900,17468310,False
2022-04-11,0.864,0.864,0.851,0.859,23875500,20495260,False
2022-04-12,0.853,0.859,0.845,0.851,31450500,26776171,False
2022-04-13,0.846,0.858,0.844,0.849,22837600,19395727,False
2022-04-14,0.844,0.865,0.844,0.862,20868900,17790327,False
2022-04-15,0.864,0.868,0.854,0.858,20120700,17346855,False
2022-04-18,0.858,0.858,0.842,0.844,23168800,19656102,False
2022-04-19,0.844,0.855,0.837,0.853,18297300,15484273,False
2022-04-20,0.85,0.86,0.831,0.835,24113900,20301524,False
2022-04-21,0.84,0.84,0.816,0.819,28617500,23757466,False
2022-04-22,0.82,0.836,0.808,0.832,21703000,17984026,False
2022-04-25,0.827,0.829,0.798,0.799,27955300,22804721,False
2022-04-26,0.796,0.813,0.793,0.799,23286900,18723080,False
2022-04-27,0.797,0.805,0.784,0.803,24417100,19312870,False
2022-04-28,0.798,0.82,0.798,0.82,24540800,19892351,False
2022-04-29,0.82,0.834,0.81,0.833,22639400,18531199,False
2022-05-05,0.833,0.837,0.824,0.833,20837000,17280936,False
2022-05-06,0.823,0.823,0.808,0.811,20830200,16985278,False
2022-05-09,0.8,0.816,0.796,0.815,20823700,16867288,False
2022-05-10,0.809,0.823,0.797,0.823,24373500,19754509,False
2022-05-11,0.817,0.829,0.817,0.824,22007500,18157499,False
2022-05-12,0.815,0.829,0.815,0.822,34109900,28088635,False
2022-05-13,0.822,0.839,0.822,0.837,62219700,51823935,False
2022-05-16,0.843,0.846,0.836,0.844,23479200,19750381,False
2022-05-17,0.844,0.844,0.829,0.836,24426800,20386365,False
2022-05-18,0.836,0.838,0.829,0.832,20420100,17003529,False
2022-05-19,0.82,0.838,0.82,0.837,25594400,21254294,False
2022-05-20,0.837,0.842,0.833,0.84,25723600,21594835,False
2022-05-23,0.84,0.843,0.833,0.834,22429100,18786154,False
2022-05-24,0.834,0.838,0.818,0.819,23100600,19105287,False
2022-05-25,0.818,0.832,0.814,0.832,21439900,17717395,False
2022-05-26,0.835,0.843,0.833,0.841,21248200,17808005,False
2022-05-27,0.841,0.847,0.839,0.845,23343100,19700098,False
2022-05-30,0.846,0.85,0.841,0.846,26257900,22193261,False
2022-05-31,0.846,0.846,0.839,0.844,22862500,19241748,False
2022-06-01,0.84,0.847,0.839,0.845,19487900,16435347,False
2022-06-02,0.846,0.846,0.835,0.839,21297100,17825174,False
2022-06-06,0.838,0.838,0.827,0.838,23147200,19265005,False
2022-06-07,0.839,0.841,0.833,0.839,19513700,16349359,False
2022-06-08,0.835,0.847,0.833,0.844,26806600,22498070,False
2022-06-09,0.844,0.853,0.843,0.847,25235800,21396721,False
2022-06-10,0.844,0.851,0.841,0.849,21280200,17995540,False
2022-06-13,0.848,0.848,0.829,0.835,26295300,21954197,False
2022-06-14,0.831,0.847,0.828,0.846,25711700,21474581,False
2022-06-15,0.846,0.861,0.843,0.852,33672300,28824181,False
2022-06-16,0.851,0.853,0.836,0.839,31459200,26538944,False
2022-06-17,0.838,0.838,0.827,0.836,27446500,22834266,False
2022-06-20,0.836,0.836,0.83,0.833,21311700,17751630,False
2022-06-21,0.833,0.842,0.832,0.836,36593000,30703195,False
2022-06-22,0.836,0.836,0.823,0.825,21442900,17794721,False
2022-06-23,0.828,0.83,0.819,0.828,24206900,19986902,False
2022-06-24,0.828,0.831,0.823,0.825,25477300,21043708,False
2022-06-27,0.825,0.837,0.825,0.835,23314800,19450520,False
2022-06-28,0.834,0.839,0.832,0.839,20863900,17424468,False
2022-06-29,0.84,0.851,0.833,0.845,28553600,24169127,False
2022-06-30,0.845,0.851,0.843,0.848,26141000,22160809,False
2022-07-01,0.85,0.854,0.841,0.848,26359400,22385339,False
2022-07-04,0.849,0.849,0.842,0.847,24690200,20835650,False
2022-07-05,0.842,0.852,0.842,0.85,29014500,24615080,False
2022-07-06,0.849,0.849,0.827,0.832,26443000,22013440,False
2022-07-07,0.831,0.835,0.829,0.834,18263000,15203153,False
2022-07-08,0.836,0.837,0.832,0.834,21604700,18035789,False
2022-07-11,0.834,0.835,0.824,0.829,20844100,17304635,False
2022-07-12,0.832,0.842,0.831,0.836,25971000,21773245,False
2022-07-13,0.836,0.839,0.832,0.836,18525700,15491983,False
2022-07-14,0.836,0.836,0.821,0.822,29149300,23998471,False
2022-07-15,0.824,0.824,0.808,0.81,24620500,20128827,False
2022-07-18,0.807,0.827,0.807,0.826,24419200,20142730,False
2022-07-19,0.826,0.83,0.824,0.827,20474700,16918435,False
2022-07-20,0.827,0.831,0.827,0.831,20148800,16713584,False
2022-07-21,0.828,0.828,0.815,0.818,22876800,18736637,False
2022-07-22,0.818,0.822,0.81,0.815,19020700,15486321,False
2022-07-25,0.814,0.82,0.814,0.816,17908000,14625207,False
2022-07-26,0.816,0.828,0.814,0.825,21201100,17465647,False
2022-07-27,0.825,0.826,0.821,0.822,17778200,14634656,False
2022-07-28,0.823,0.828,0.823,0.824,22941000,18943899,False
2022-07-29,0.825,0.828,0.817,0.817,21571000,17725583,False
2022-08-01,0.817,0.82,0.812,0.817,18327200,14951087,False
2022-08-02,0.81,0.816,0.794,0.801,29541200,23628298,False
2022-08-03,0.801,0.807,0.789,0.79,23734100,18923266,False
2022-08-04,0.791,0.796,0.788,0.795,22353800,17706915,False
2022-08-05,0.796,0.799,0.791,0.799,22926500,18190849,False
2022-08-08,0.799,0.809,0.799,0.807,20768900,16737536,False
2022-08-09,0.807,0.811,0.805,0.811,19949400,16111099,False
2022-08-10,0.811,0.811,0.805,0.808,19349400,15616143,False
2022-08-11,0.807,0.817,0.807,0.816,25348100,20656159,False
2022-08-12,0.815,0.824,0.815,0.823,19920300,16349645,False
2022-08-15,0.821,0.827,0.821,0.823,25675000,21149142,False
2022-08-16,0.819,0.827,0.819,0.825,38703600,31902379,False
2022-08-17,0.824,0.828,0.821,0.827,24617400,20312251,False
2022-08-18,0.826,0.827,0.818,0.821,21389800,17547032,False
2022-08-19,0.821,0.832,0.821,0.829,23680000,19597682,False
2022-08-22,0.832,0.835,0.828,0.833,19240000,15993089,False
2022-08-23,0.835,0.837,0.829,0.835,24267800,20204138,False
2022-08-24,0.839,0.839,0.827,0.828,21601300,18016859,False
2022-08-25,0.828,0.848,0.828,0.844,32876000,27596064,False
2022-08-26,0.846,0.85,0.841,0.844,29932500,25293430,False
2022-08-29,0.844,0.852,0.834,0.85,26093800,21941933,False
2022-08-30,0.851,0.855,0.844,0.852,23134000,19630916,False
2022-08-31,0.854,0.856,0.845,0.847,29381100,24910626,False
2022-09-01,0.848,0.864,0.846,0.854,30894900,26538974,False
2022-09-02,0.854,0.857,0.851,0.854,28252400,24126603,False
2022-09-05,0.854,0.871,0.854,0.869,27253900,23532675,False
2022-09-06,0.874,0.881,0.869,0.88,27186600,23831790,False
2022-09-07,0.88,0.882,0.874,0.882,28139600,24727548,False
2022-09-08,0.881,0.886,0.874,0.883,24069500,21191156,False
2022-09-09,0.883,0.895,0.882,0.894,26590000,23680107,False
2022-09-13,0.894,0.896,0.887,0.889,25937500,23120043,False
2022-09-14,0.889,0.889,0.879,0.88,25595800,22622278,False
2022-09-15,0.881,0.893,0.876,0.889,34694400,30827536,False
2022-09-16,0.89,0.89,0.861,0.861,29424100,25726065,False
2022-09-19,0.859,0.863,0.853,0.86,30204200,25936984,False
2022-09-20,0.859,0.864,0.853,0.855,24743300,21227170,False
2022-09-21,0.849,0.866,0.848,0.864,25472000,21833561,False
2022-09-22,0.862,0.862,0.854,0.86,25537000,21880085,False
2022-09-23,0.855,0.865,0.85,0.852,28587500,24482918,False
2022-09-26,0.845,0.853,0.836,0.838,28690800,24295674,False
2022-09-27,0.834,0.846,0.829,0.845,26084900,21808980,False
2022-09-28,0.845,0.847,0.839,0.84,25274200,21280574,False
2022-09-29,0.841,0.846,0.828,0.832,25634200,21492088,False
2022-09-30,0.829,0.843,0.829,0.835,26836700,22410816,False
2022-10-10,0.835,0.852,0.835,0.842,22958300,19427006,False
2022-10-11,0.841,0.842,0.83,0.838,22894000,19121218,False
2022-10-12,0.837,0.849,0.831,0.845,28652700,23942910,False
2022-10-13,0.849,0.849,0.831,0.846,23680500,19808960,False
2022-10-14,0.844,0.851,0.841,0.847,24204900,20496396,False
2022-10-17,0.84,0.845,0.833,0.843,23105500,19388143,False
2022-10-18,0.846,0.847,0.837,0.841,21322100,17975103,False
2022-10-19,0.84,0.844,0.835,0.836,25626100,21527153,False
2022-10-20,0.834,0.836,0.829,0.83,22315800,18559920,False
2022-10-21,0.827,0.839,0.827,0.833,25298900,21150276,False
2022-10-24,0.825,0.833,0.811,0.815,24592900,20244311,False
2022-10-25,0.814,0.816,0.804,0.809,21674100,17542033,False
2022-10-26,0.813,0.813,0.8,0.803,22992500,18570110,False
2022-10-27,0.803,0.811,0.803,0.806,21519400,17408461,False
2022-10-28,0.808,0.808,0.791,0.792,25057600,20069714,False
2022-10-31,0.793,0.793,0.771,0.772,25649500,19981455,False
2022-11-01,0.772,0.78,0.768,0.78,24576400,18999010,False
2022-11-02,0.779,0.793,0.778,0.791,25471400,19989865,False
2022-11-03,0.79,0.79,0.781,0.785,21442000,16824857,False
2022-11-04,0.785,0.8,0.785,0.795,26245600,20835599,False
2022-11-07,0.797,0.803,0.794,0.802,38260600,30561413,False
2022-11-08,0.801,0.804,0.798,0.8,15380100,12311689,False
2022-11-09,0.8,0.809,0.799,0.801,13927300,11190716,False
2022-11-10,0.8,0.802,0.791,0.801,26304200,20968855,False
2022-11-11,0.803,0.828,0.803,0.824,27078200,22117485,False
2022-11-14,0.823,0.836,0.818,0.818,23224700,19195596,False
2022-11-15,0.818,0.824,0.815,0.824,19903400,16346161,False
2022-11-16,0.824,0.824,0.82,0.821,25455700,20942308,False
2022-11-17,0.821,0.821,0.814,0.819,17253200,14132344,False
2022-11-18,0.818,0.821,0.815,0.816,16928300,13841452,False
2022-11-21,0.816,0.816,0.805,0.81,20422700,16491233,False
2022-11-22,0.81,0.826,0.81,0.819,27364100,22344767,False
2022-11-23,0.823,0.832,0.819,0.827,26102100,21575298,False
2022-11-24,0.828,0.832,0.826,0.829,21000200,17419177,False
2022-11-25,0.83,0.849,0.83,0.849,25750900,21624949,False
2022-11-28,0.84,0.841,0.83,0.84,22410000,18741076,False
2022-11-29,0.841,0.866,0.841,0.864,22387900,19186355,False
2022-11-30,0.86,0.876,0.86,0.864,25029900,21784724,False
2022-12-01,0.862,0.871,0.856,0.858,33129400,28601869,False
2022-12-02,0.855,0.858,0.846,0.851,21132600,17932283,False
2022-12-05,0.85,0.868,0.85,0.866,17791800,15345348,False
2022-12-06,0.862,0.866,0.858,0.861,19701800,16993909,False
2022-12-07,0.86,0.863,0.85,0.856,20778200,17788925,False
2022-12-08,0.855,0.863,0.854,0.861,42788900,36796861,False
2022-12-09,0.864,0.864,0.854,0.857,21030800,18028303,False
2022-12-12,0.85,0.852,0.836,0.84,42658100,36007111,False
2022-12-13,0.84,0.845,0.838,0.843,15077100,12696825,False
2022-12-14,0.843,0.843,0.837,0.839,14879100,12492092,False
2022-12-15,0.84,0.842,0.83,0.832,15336300,12780667,False
2022-12-16,0.831,0.843,0.831,0.838,17311500,14514921,False
2022-12-19,0.839,0.84,0.822,0.826,15774900,13102203,False
2022-12-20,0.825,0.825,0.814,0.818,14218700,11687940,False
2022-12-21,0.819,0.822,0.816,0.818,14244700,11673779,False
2022-12-22,0.82,0.825,0.809,0.814,14507800,11895733,False
2022-12-23,0.811,0.814,0.806,0.809,13546200,10978801,False
2022-12-26,0.81,0.81,0.807,0.809,13959700,11274978,False
2022-12-27,0.81,0.821,0.808,0.819,15836200,12925315,False
2022-12-28,0.82,0.821,0.813,0.818,14400600,11781608,False
2022-12-29,0.817,0.817,0.811,0.814,14078200,11456675,False
2022-12-30,0.814,0.82,0.812,0.818,13526400,11035610,False
2023-01-03,0.819,0.822,0.815,0.822,19966900,16350965,False
2023-01-04,0.822,0.829,0.82,0.827,19751100,16300242,False
2023-01-05,0.827,0.829,0.825,0.826,18602300,15382793,False
2023-01-06,0.827,0.828,0.824,0.827,16133000,13314731,False
2023-01-09,0.826,0.829,0.825,0.826,17854800,14770688,False
2023-01-10,0.825,0.825,0.819,0.82,20614300,16938099,False
2023-01-11,0.82,0.827,0.818,0.824,20944300,17252663,False
2023-01-12,0.823,0.823,0.819,0.822,19037200,15633762,False
2023-01-13,0.823,0.831,0.822,0.831,27615400,22827478,False
2023-01-16,0.83,0.836,0.828,0.832,20966400,17439802,False
2023-01-17,0.832,0.832,0.827,0.83,22676700,18818043,False
2023-01-18,0.83,0.835,0.83,0.834,22444600,18687376,False
2023-01-19,0.834,0.837,0.83,0.837,17043500,14181875,False
2023-01-20,0.837,0.846,0.837,0.845,21455200,18052037,False
2023-01-30,0.848,0.852,0.84,0.84,23198800,19614394,False
2023-01-31,0.841,0.846,0.84,0.844,21937800,18503144,False
2023-02-01,0.845,0.849,0.841,0.849,31105421,26288240,False
2023-02-02,0.85,0.85,0.845,0.848,28999161,24600249,False
2023-02-03,0.848,0.849,0.838,0.843,37443847,31494705,False
2023-02-06,0.843,0.843,0.836,0.84,28783805,24163960,False
2023-02-07,0.842,0.845,0.84,0.843,24987760,21056650,False
2023-02-08,0.85,0.85,0.839,0.84,20771200,17487996,False
2023-02-09,0.835,0.847,0.835,0.847,21034000,17733478,False
2023-02-10,0.846,0.851,0.844,0.851,22943000,19433661,False
2023-02-13,0.85,0.854,0.846,0.854,17219000,14627439,False
2023-02-14,0.854,0.858,0.853,0.857,18837600,16135523,False
2023-02-15,0.857,0.86,0.854,0.855,14357400,12290463,False
2023-02-16,0.855,0.865,0.848,0.852,23898900,20581726,False
2023-02-17,0.851,0.855,0.848,0.849,14273600,12160591,False
2023-02-20,0.848,0.869,0.848,0.867,25667700,22082692,False
2023-02-21,0.865,0.878,0.865,0.876,15492800,13545136,False
2023-02-22,0.872,0.879,0.872,0.878,42835100,37561869,False
2023-02-23,0.882,0.882,0.872,0.874,39517600,34627842,False
2023-02-24,0.872,0.876,0.868,0.875,19206900,16768766,False
2023-02-27,0.876,0.876,0.869,0.871,20596800,17981144,False
2023-02-28,0.869,0.876,0.867,0.875,24179000,21051306,False
2023-03-01,0.873,0.882,0.873,0.88,20399400,17938931,False
2023-03-02,0.881,0.889,0.878,0.888,21976400,19448281,False
2023-03-03,0.888,0.896,0.886,0.895,18358610,16345236,False
2023-03-06,0.894,0.899,0.893,0.895,14128000,12653669,False
2023-03-07,0.895,0.906,0.891,0.892,14424500,12990120,False
2023-03-08,0.885,0.891,0.884,0.89,20412700,18115628,False
2023-03-09,0.889,0.893,0.886,0.889,16075600,14303204,False
2023-03-10,0.889,0.889,0.87,0.871,14530600,12771461,False
2023-03-13,0.867,0.884,0.867,0.883,14080300,12349660,False
2023-03-14,0.883,0.887,0.875,0.879,12997500,11451899,False
2023-03-15,0.881,0.895,0.881,0.893,14967400,13299485,False
2023-03-16,0.89,0.894,0.885,0.886,14733800,13107177,False
2023-03-17,0.887,0.902,0.887,0.9,16939500,15179517,False
2023-03-20,0.896,0.908,0.894,0.894,20310190,18335311,False
2023-03-21,0.892,0.898,0.886,0.892,13858190,12361402,False
2023-03-22,0.891,0.897,0.889,0.897,14801600,13223521,False
2023-03-23,0.895,0.897,0.89,0.897,10668300,9524551,False
2023-03-24,0.897,0.897,0.888,0.89,13408000,11954707,False
2023-03-27,0.891,0.891,0.877,0.883,14798600,13038644,False
2023-03-28,0.88,0.89,0.879,0.886,9423200,8336373,False
2023-03-29,0.886,0.886,0.878,0.881,11719000,10328962,False
2023-03-30,0.883,0.886,0.875,0.883,15417100,13581759,False
2023-03-31,0.883,0.89,0.883,0.887,20659900,18330738,False
2023-04-03,0.889,0.897,0.888,0.896,14066800,12556938,False
2023-04-04,0.896,0.903,0.894,0.902,27347800,24624501,False
2023-04-06,0.902,0.902,0.893,0.896,14091400,12632732,False
2023-04-07,0.896,0.896,0.89,0.893,22728700,20275574,False
2023-04-10,0.893,0.896,0.892,0.892,23758500,21234989,False
2023-04-11,0.892,0.904,0.892,0.904,24740800,22214504,False
2023-04-12,0.905,0.922,0.904,0.922,34062100,31222453,False
2023-04-13,0.923,0.927,0.918,0.923,57435500,53034519,False
2023-04-14,0.923,0.926,0.913,0.919,26930900,24739212,False
2023-04-17,0.919,0.931,0.915,0.929,51342100,47489939,False
2023-04-18,0.929,0.934,0.925,0.932,94598100,88068396,False
2023-04-19,0.932,0.939,0.931,0.934,47643512,44566709,False
2023-04-20,0.934,0.941,0.929,0.941,63798800,59660171,False
2023-04-21,0.941,0.947,0.927,0.928,70279800,65697848,False
2023-04-24,0.929,0.937,0.924,0.93,46981400,43685390,False
2023-04-25,0.925,0.937,0.921,0.936,52126100,48529376,False
2023-04-26,0.932,0.943,0.92,0.938,49667400,46305493,False
2023-04-27,0.935,0.946,0.934,0.94,41299000,38792472,False
2023-04-28,0.94,0.962,0.935,0.96,57039600,54320439,False
2023-05-04,0.961,0.99,0.955,0.989,127859100,124689459,False
2023-05-05,0.988,1.002,0.978,0.984,132697700,130994596,False
2023-05-08,0.985,1.016,0.982,1.011,114056200,114437225,False
2023-05-09,1.011,1.022,0.996,0.998,82684800,83338701,False
2023-05-10,0.995,0.997,0.97,0.973,210698500,206301276,False
2023-05-11,0.972,0.991,0.966,0.98,157955400,154202186,False
2023-05-12,0.972,0.977,0.96,0.963,66638900,64488985,False
2023-05-15,0.959,0.963,0.936,0.959,150886050,143191555,False
2023-05-16,0.953,0.963,0.945,0.947,52063600,49640334,False
2023-05-17,0.944,0.951,0.941,0.946,36277600,34336444,False
2023-05-18,0.949,0.964,0.945,0.956,87652900,83920710,False
2023-05-19,0.952,0.954,0.939,0.941,95282800,89975531,False
2023-05-22,0.939,0.944,0.935,0.939,33187800,31207235,False
2023-05-23,0.941,0.942,0.925,0.926,57435400,53582599,False
2023-05-24,0.924,0.924,0.91,0.913,61014800,55853172,False
2023-05-25,0.912,0.914,0.897,0.907,45497800,41197021,False
2023-05-26,0.905,0.925,0.904,0.922,59341800,54343559,False
2023-05-29,0.926,0.931,0.921,0.924,54170800,50079666,False
2023-05-30,0.921,0.933,0.917,0.931,56520000,52327178,False
2023-05-31,0.928,0.931,0.92,0.923,39365500,36401508,False
2023-06-01,0.918,0.934,0.918,0.927,59408200,55092571,False
2023-06-02,0.933,0.933,0.925,0.927,31957000,29650879,False
2023-06-05,0.93,0.941,0.927,0.939,48766400,45641097,False
2023-06-06,0.939,0.947,0.93,0.931,38253900,35936272,False
2023-06-07,0.931,0.942,0.93,0.941,31140900,29208635,False
2023-06-08,0.941,0.948,0.932,0.946,223348600,210968335,False
2023-06-09,0.947,0.952,0.944,0.949,110845700,105325728,False
2023-06-12,0.949,0.952,0.935,0.94,111599500,105105353,False
2023-06-13,0.938,0.941,0.934,0.938,61087500,57286092,False
2023-06-14,0.936,0.946,0.93,0.931,263671500,246241381,False
2023-06-15,0.931,0.936,0.93,0.933,60989300,56911235,False
2023-06-16,0.935,0.939,0.932,0.933,49332000,46176072,False
2023-06-19,0.933,0.934,0.917,0.918,121365600,111824854,False
2023-06-20,0.916,0.919,0.909,0.912,54329800,49652525,False
2023-06-21,0.911,0.915,0.903,0.906,67124900,61121242,False
2023-06-26,0.898,0.902,0.884,0.887,47153300,42034381,False
2023-06-27,0.887,0.908,0.885,0.905,70317800,63387070,False
2023-06-28,0.905,0.91,0.9,0.909,65774500,59631220,False
2023-06-29,0.91,0.911,0.904,0.906,37542700,34021244,False
2023-06-30,0.906,0.914,0.905,0.911,23135800,21065761,False
2023-07-03,0.912,0.925,0.911,0.922,31908200,29270993,False
2023-07-04,0.922,0.924,0.915,0.921,68317200,62908105,False
2023-07-05,0.921,0.922,0.916,0.919,31645300,29061843,False
2023-07-06,0.919,0.923,0.913,0.916,34019900,31245590,False
2023-07-07,0.913,0.922,0.912,0.918,52749400,48372160,False
2023-07-10,0.922,0.923,0.917,0.92,34329900,31549732,False
2023-07-11,0.92,0.925,0.917,0.921,37112300,34226198,False
2023-07-12,0.922,0.93,0.92,0.922,77035500,71370176,False
2023-07-13,0.924,0.934,0.921,0.933,27249700,25306011,False
2023-07-14,0.934,0.939,0.932,0.937,45450900,42539162,False
2023-07-17,0.935,0.935,0.925,0.93,45806300,42490229,False
2023-07-18,0.93,0.931,0.925,0.928,22583700,20939392,False
2023-07-19,0.929,0.936,0.929,0.935,47953600,44749232,False
2023-07-20,0.938,0.939,0.928,0.929,30769900,28755517,False
2023-07-21,0.927,0.932,0.925,0.928,34500900,32027508,False
2023-07-24,0.931,0.933,0.925,0.93,45188600,41982244,False
2023-07-25,0.935,0.949,0.934,0.947,56648000,53487453,False
2023-07-26,0.947,0.949,0.941,0.945,174802700,165180032,False
2023-07-27,0.945,0.956,0.943,0.947,76667500,72777738,False
2023-07-28,0.946,0.964,0.943,0.963,80566000,77015806,False
2023-07-31,0.966,0.975,0.964,0.969,111166000,107782491,False
2023-08-01,0.969,0.976,0.967,0.969,51298800,49820690,False
2023-08-02,0.97,0.97,0.955,0.959,53100600,51069773,False
2023-08-03,0.958,0.964,0.952,0.961,59619700,57174595,False
2023-08-04,0.968,0.971,0.962,0.962,67518900,65241730,False
2023-08-07,0.962,0.962,0.952,0.953,46922500,44789264,False
2023-08-08,0.952,0.959,0.952,0.957,45430100,43406932,False
2023-08-09,0.955,0.956,0.947,0.95,51551300,49045550,False
2023-08-10,0.951,0.955,0.947,0.95,36905900,35055164,False
2023-08-11,0.951,0.953,0.937,0.94,94615900,89262111,False
2023-08-14,0.932,0.94,0.924,0.938,72902000,67872057,False
2023-08-15,0.938,0.945,0.934,0.944,153177100,144019399,False
2023-08-16,0.942,0.943,0.933,0.939,58843400,55123046,False
2023-08-17,0.935,0.939,0.93,0.938,108615600,101403382,False
2023-08-18,0.937,0.946,0.934,0.936,58537000,54993112,False
2023-08-21,0.936,0.939,0.928,0.929,49249700,45941852,False
2023-08-22,0.93,0.942,0.928,0.942,51170400,47770632,False
2023-08-23,0.936,0.947,0.935,0.939,72641600,68467408,False
2023-08-24,0.941,0.943,0.932,0.935,96600800,90512057,False
2023-08-25,0.932,0.939,0.929,0.934,91184400,85223513,False
2023-08-28,0.97,0.976,0.942,0.945,74104054,70776012,False
2023-08-29,0.945,0.948,0.939,0.946,90547500,85407838,False
2023-08-30,0.947,0.947,0.936,0.937,110785300,104216745,False
2023-08-31,0.937,0.94,0.929,0.932,69803600,65078988,False
2023-09-01,0.932,0.939,0.932,0.937,40973700,38362318,False
2023-09-04,0.938,0.957,0.938,0.956,94763945,90209293,False
2023-09-05,0.955,0.955,0.944,0.947,82034800,77711678,False
2023-09-06,0.946,0.946,0.94,0.943,79733000,75239255,False
2023-09-07,0.945,0.948,0.94,0.942,70345500,66410166,False
2023-09-08,0.941,0.942,0.932,0.938,67345000,63037400,False
2023-09-11,0.937,0.945,0.936,0.944,60597300,57061870,False
2023-09-12,0.944,0.944,0.94,0.942,40994400,38600460,False
2023-09-13,0.941,0.949,0.94,0.943,95348600,90024578,False
2023-09-14,0.945,0.952,0.942,0.949,104841800,99492663,False
2023-09-15,0.951,0.96,0.948,0.95,114940203,109545386,False
2023-09-18,0.948,0.952,0.942,0.95,75206100,71259045,False
2023-09-19,0.949,0.958,0.949,0.955,83398100,79615997,False
2023-09-20,0.954,0.962,0.952,0.961,239619600,230032459,False
2023-09-21,0.958,0.961,0.952,0.953,91077300,86948938,False
2023-09-22,0.95,0.96,0.949,0.958,158746700,151947807,False
2023-09-25,0.959,0.962,0.956,0.958,74407900,71296330,False
2023-09-26,0.958,0.959,0.953,0.956,69390000,66260818,False
2023-09-27,0.955,0.958,0.951,0.953,87152500,83101058,False
2023-09-28,0.953,0.955,0.95,0.952,65030800,61935957,False
2023-10-09,0.948,0.95,0.937,0.949,98570500,93279781,False
2023-10-10,0.95,0.951,0.936,0.936,91447200,86012864,False
2023-10-11,0.939,0.941,0.935,0.936,79369300,74433228,False
2023-10-12,0.94,0.948,0.938,0.948,121403800,114738416,False
2023-10-13,0.941,0.949,0.941,0.947,70311500,66517308,False
2023-10-16,0.946,0.951,0.942,0.951,55298500,52402390,False
2023-10-17,0.95,0.958,0.95,0.956,76763100,73206654,False
2023-10-18,0.957,0.957,0.949,0.951,78870000,75142475,False
2023-10-19,0.948,0.948,0.931,0.931,108734800,101975155,False
2023-10-20,0.928,0.936,0.925,0.934,91377300,84896424,False
2023-10-23,0.927,0.927,0.907,0.915,142371300,130357851,False
2023-10-24,0.916,0.922,0.912,0.92,68515500,62871585,False
2023-10-25,0.925,0.935,0.925,0.931,71895900,66926997,False
2023-10-26,0.927,0.934,0.925,0.934,77947300,72438882,False
2023-10-27,0.933,0.94,0.932,0.938,66501700,62284994,False
2023-10-30,0.935,0.935,0.919,0.922,249434300,230000998,False
2023-10-31,0.92,0.923,0.917,0.922,60081210,55246506,False
2023-11-01,0.922,0.924,0.917,0.923,77569700,71375321,False
2023-11-02,0.922,0.929,0.921,0.925,63209000,58570289,False
2023-11-03,0.924,0.926,0.918,0.919,84396300,77841026,False
2023-11-06,0.92,0.922,0.914,0.917,135604333,124215565,False
2023-11-07,0.916,0.92,0.912,0.919,141298933,129469864,False
2023-11-08,0.918,0.922,0.916,0.919,113870600,104684711,False
2023-11-09,0.918,0.924,0.917,0.921,73845800,68054558,False
2023-11-10,0.92,0.92,0.911,0.916,82210900,75121956,False
2023-11-13,0.916,0.919,0.912,0.919,56576900,51785496,False
2023-11-14,0.919,0.921,0.916,0.92,112955300,103795834,False
2023-11-15,0.922,0.927,0.922,0.927,59919900,55427319,False
2023-11-16,0.925,0.929,0.922,0.926,151608100,140436731,False
2023-11-17,0.925,0.926,0.92,0.924,40032400,36939057,False
2023-11-20,0.925,0.928,0.92,0.928,69736500,64422813,False
2023-11-21,0.927,0.935,0.926,0.931,122288400,113898784,False
2023-11-22,0.928,0.935,0.927,0.927,94210400,87755009,False
2023-11-23,0.926,0.934,0.924,0.933,69600700,64708636,False
2023-11-24,0.932,0.935,0.929,0.933,56193700,52403771,False
2023-11-27,0.931,0.932,0.921,0.926,66034900,61054434,False
2023-11-28,0.926,0.926,0.92,0.926,57718900,53219871,False
2023-11-29,0.926,0.926,0.917,0.919,68380400,62914992,False
2023-11-30,0.917,0.921,0.917,0.921,57715700,53065209,False
2023-12-01,0.92,0.933,0.92,0.932,84063900,77696795,False
2023-12-04,0.928,0.931,0.926,0.928,95019500,88187538,False
2023-12-05,0.927,0.928,0.913,0.916,164449500,151349188,False
2023-12-06,0.912,0.916,0.903,0.913,73746300,67141240,False
2023-12-07,0.911,0.914,0.906,0.912,70369500,64072473,False
2023-12-08,0.912,0.916,0.909,0.911,75278800,68679890,False
2023-12-11,0.909,0.922,0.896,0.92,92338600,83899041,False
2023-12-12,0.921,0.926,0.914,0.925,71524300,65910713,False
2023-12-13,0.922,0.926,0.918,0.919,89779500,82802071,False
2023-12-14,0.919,0.923,0.915,0.918,42539400,39070096,False
2023-12-15,0.917,0.92,0.91,0.913,45673500,41822306,False
2023-12-18,0.91,0.917,0.908,0.912,43397400,39630782,False
2023-12-19,0.912,0.913,0.906,0.911,58592100,53236103,False
2023-12-20,0.91,0.919,0.908,0.908,62892900,57474975,False
2023-12-21,0.908,0.908,0.898,0.906,70316301,63482546,False
2023-12-22,0.904,0.913,0.904,0.907,75791900,68894121,False
2023-12-25,0.908,0.908,0.899,0.906,58164100,52481373,False
2023-12-26,0.906,0.914,0.905,0.905,166332800,151168600,False
2023-12-27,0.904,0.913,0.902,0.912,65590400,59537127,False
2023-12-28,0.913,0.915,0.906,0.91,100304900,91240869,False
2023-12-29,0.909,0.915,0.907,0.914,92612000,84425199,False
2024-01-02,0.913,0.929,0.913,0.925,141884501,131143994,False
2024-01-03,0.922,0.937,0.921,0.935,567637100,529585551,False
2024-01-04,0.936,0.947,0.935,0.946,278701183,261813621,False
2024-01-05,0.949,0.96,0.94,0.947,783517288,746359431,False
2024-01-08,0.943,0.947,0.936,0.936,246627100,231885698,False
2024-01-09,0.935,0.945,0.93,0.943,173229083,162828435,False
2024-01-10,0.941,0.944,0.937,0.938,100632800,94498201,False
2024-01-11,0.936,0.939,0.929,0.93,287675700,268919105,False
2024-01-12,0.928,0.94,0.926,0.934,106406700,99615845,False
2024-01-15,0.935,0.944,0.933,0.941,173559200,163275798,False
2024-01-16,0.941,0.95,0.937,0.947,224758700,212086182,False
2024-01-17,0.945,0.949,0.933,0.934,276428317,260738896,False
2024-01-18,0.936,0.936,0.902,0.928,313170900,286476169,False
2024-01-19,0.925,0.928,0.918,0.922,149426900,137855102,False
2024-01-22,0.922,0.922,0.887,0.898,357309600,322642492,False
2024-01-23,0.893,0.909,0.886,0.904,188893700,169461505,False
2024-01-24,0.904,0.926,0.904,0.925,184720800,168669913,False
2024-01-25,0.925,0.955,0.924,0.953,234244300,221174523,False
2024-01-26,0.953,0.97,0.951,0.969,251571800,242286810,False
2024-01-29,0.97,0.98,0.965,0.969,242062200,235178688,False
2024-01-30,0.965,0.972,0.956,0.962,209358600,201939137,False
2024-01-31,0.957,0.967,0.95,0.956,223721400,214327646,False
2024-02-01,0.955,0.955,0.941,0.946,131536596,124732931,False
2024-02-02,0.946,0.963,0.928,0.948,863419313,823611711,False
2024-02-05,0.943,0.953,0.925,0.95,396089045,372823125,False
2024-02-06,0.941,0.965,0.935,0.963,289365000,274264482,False
2024-02-07,0.963,0.98,0.952,0.974,317716793,306170100,False
2024-02-08,0.974,0.977,0.963,0.973,198823980,192948227,False
2024-02-19,0.974,0.998,0.965,0.996,256660574,253104484,False
2024-02-20,0.998,1.005,0.988,1.004,180241344,180271774,False
2024-02-21,0.997,1.021,0.995,1.009,364528300,369080675,False
2024-02-22,1.007,1.023,1.004,1.021,161907900,164198263,False
2024-02-23,1.019,1.034,1.018,1.023,150352900,153963830,False
2024-02-26,1.02,1.022,0.994,0.997,354345856,355989506,False
2024-02-27,0.996,1.007,0.993,1.004,157208000,157300565,False
2024-02-28,1.003,1.009,0.994,0.996,195959000,195993443,False
2024-02-29,0.995,1.005,0.989,1.004,139383300,139276901,False
2024-03-01,1.001,1.009,0.999,1.004,132019640,132488698,False
2024-03-04,1.004,1.009,0.997,1.009,152587000,153414670,False
2024-03-05,1.007,1.02,1.005,1.018,249595797,253294686,False
2024-03-06,1.016,1.027,1.015,1.018,130555717,133380450,False
2024-03-07,1.018,1.031,1.017,1.021,117557285,120420066,False
2024-03-08,1.023,1.029,1.015,1.027,203605400,208285120,False
2024-03-11,1.024,1.03,1.011,1.02,393351060,400100943,False
2024-03-12,1.016,1.018,0.992,0.995,446973756,446718498,False
2024-03-13,0.991,0.996,0.983,0.993,309578979,306341600,False
2024-03-14,0.991,1.0,0.987,0.996,157717840,157079677,False
2024-03-15,0.996,0.999,0.99,0.997,305321015,303159656,False
2024-03-18,0.997,0.998,0.991,0.998,148570484,147717797,False
2024-03-19,0.998,1.001,0.993,0.994,89734327,89576765,False
2024-03-20,0.995,1.002,0.988,1.0,112972923,112613479,False
2024-03-21,0.998,1.007,0.995,1.006,166084300,166565454,False
2024-03-22,1.004,1.006,0.993,1.001,135671142,135586183,False
2024-03-25,1.0,1.014,0.997,1.003,145267700,146454873,False
2024-03-26,1.003,1.005,0.993,1.004,135872200,135782315,False
2024-03-27,1.003,1.01,0.995,0.998,216256753,217488745,False
2024-03-28,0.998,1.005,0.994,1.0,114662200,114564426,False
2024-03-29,0.998,1.016,0.997,1.015,235091185,237165805,False
2024-04-01,1.014,1.024,1.011,1.015,139067100,140996886,False
2024-04-02,1.016,1.026,1.015,1.023,93586719,95569925,False
2024-04-03,1.025,1.033,1.018,1.033,496615900,511524207,False
2024-04-08,1.029,1.043,1.024,1.036,623706999,648350320,False
2024-04-09,1.033,1.042,1.025,1.029,119367700,123100147,False
2024-04-10,1.029,1.037,1.025,1.03,169305300,174815644,False
2024-04-11,1.029,1.047,1.025,1.043,230067900,239162681,False
2024-04-12,1.041,1.046,1.036,1.04,170372200,177393292,False
2024-04-15,1.041,1.065,1.037,1.063,326863900,345099426,False
2024-04-16,1.064,1.073,1.052,1.061,274218200,291494903,False
2024-04-17,1.061,1.083,1.053,1.082,373767000,398985930,False
2024-04-18,1.078,1.094,1.075,1.082,450503300,488259335,False
2024-04-19,1.074,1.091,1.074,1.084,277268715,300714397,False
2024-04-22,1.084,1.09,1.06,1.062,350065500,374306115,False
2024-04-23,1.056,1.058,1.042,1.046,361936600,379426908,False
2024-04-24,1.042,1.047,1.034,1.043,212862700,221337094,False
2024-04-25,1.043,1.053,1.039,1.052,187748500,196208643,False
2024-04-26,1.047,1.053,1.033,1.039,501346000,521061078,False
2024-04-29,1.035,1.038,1.028,1.036,1298328500,1341459682,False
2024-04-30,1.03,1.046,1.03,1.04,287741900,299249831,False
2024-05-06,1.042,1.048,1.036,1.047,223647600,233401708,False
2024-05-07,1.048,1.049,1.04,1.048,170470168,178177052,False
2024-05-08,1.044,1.059,1.044,1.053,263705700,278001163,False
2024-05-09,1.051,1.062,1.05,1.061,167503400,177121834,False
2024-05-10,1.06,1.068,1.057,1.066,212388000,225697861,False
2024-05-13,1.062,1.074,1.056,1.072,295128200,314964323,False
2024-05-14,1.068,1.071,1.061,1.068,195094836,208062307,False
2024-05-15,1.066,1.074,1.062,1.066,355927300,380773509,False
2024-05-16,1.068,1.073,1.065,1.068,176170200,188369649,False
2024-05-17,1.068,1.076,1.064,1.075,160550300,171623757,False
2024-05-20,1.076,1.09,1.075,1.087,244398300,264787735,False
2024-05-21,1.085,1.092,1.083,1.089,237160027,258122884,False
2024-05-22,1.089,1.098,1.086,1.088,198911300,217345031,False
2024-05-23,1.085,1.086,1.073,1.076,244922200,264150412,False
2024-05-24,1.074,1.088,1.073,1.076,248444500,268743346,False
2024-05-27,1.077,1.095,1.076,1.095,206687269,224944553,False
2024-05-28,1.095,1.097,1.086,1.09,252885992,276114733,False
2024-05-29,1.089,1.1,1.085,1.092,214528600,234452322,False
2024-05-30,1.087,1.098,1.08,1.083,203171998,221070445,False
2024-05-31,1.083,1.09,1.081,1.085,134578669,146100859,False
2024-06-03,1.084,1.084,1.066,1.071,186928423,200685204,False
2024-06-04,1.069,1.078,1.065,1.076,202314304,216997235,False
2024-06-05,1.076,1.077,1.059,1.06,207020800,220618544,False
2024-06-06,1.06,1.072,1.06,1.066,207464100,221129450,False
2024-06-07,1.065,1.075,1.064,1.075,196404600,210148037,False
2024-06-11,1.073,1.075,1.05,1.055,228203200,241559950,False
2024-06-12,1.053,1.068,1.049,1.066,165781600,175555751,False
2024-06-13,1.068,1.068,1.052,1.055,170231500,179959691,False
2024-06-14,1.054,1.061,1.052,1.058,132325600,139832503,False
2024-06-17,1.057,1.058,1.042,1.044,179082800,187566436,False
2024-06-18,1.043,1.049,1.037,1.047,178518800,186597608,False
2024-06-19,1.047,1.055,1.046,1.051,202981000,213395842,False
2024-06-20,1.05,1.054,1.045,1.05,140751100,147736846,False
2024-06-21,1.048,1.055,1.045,1.05,121423400,127462701,False
2024-06-24,1.048,1.048,1.031,1.036,145002069,150426564,False
2024-06-25,1.036,1.046,1.035,1.042,160087880,166564246,False
2024-06-26,1.04,1.048,1.035,1.047,193845800,201809850,False
2024-06-27,1.045,1.051,1.041,1.046,233963757,244788318,False
2024-06-28,1.046,1.062,1.043,1.059,327372598,345765258,False
2024-07-01,1.058,1.078,1.057,1.078,201458298,215794637,False
2024-07-02,1.077,1.08,1.069,1.08,213397700,229727874,False
2024-07-03,1.078,1.081,1.066,1.068,219918594,235499479,False
2024-07-04,1.068,1.075,1.062,1.064,132587800,141740471,False
2024-07-05,1.064,1.068,1.05,1.057,186709000,197206321,False
2024-07-08,1.057,1.062,1.05,1.052,216503300,228367613,False
2024-07-09,1.051,1.066,1.046,1.065,216472100,228838302,False
2024-07-10,1.062,1.063,1.044,1.044,384858328,403984686,False
2024-07-11,1.047,1.051,1.042,1.046,160935532,168309877,False
2024-07-12,1.046,1.054,1.044,1.047,361803500,378612602,False
2024-07-15,1.045,1.058,1.04,1.057,203833000,214581559,False
2024-07-16,1.055,1.06,1.048,1.053,128840800,135574303,False
2024-07-17,1.054,1.055,1.044,1.047,109673600,114853385,False
2024-07-18,1.045,1.052,1.038,1.051,167094200,174565145,False
2024-07-19,1.048,1.049,1.037,1.043,198198400,206190402,False
2024-07-22,1.042,1.043,1.024,1.033,226835153,233792328,False
2024-07-23,1.031,1.038,1.028,1.029,154097079,159300543,False
2024-07-24,1.027,1.035,1.024,1.029,183522506,189158219,False
2024-07-25,1.026,1.029,1.015,1.024,170542523,174138795,False
2024-07-26,1.022,1.025,1.01,1.016,152634891,154814084,False
2024-07-29,1.014,1.022,1.011,1.021,132857900,135227954,False
2024-07-30,1.019,1.02,1.011,1.013,142179600,144176731,False
2024-07-31,1.012,1.025,1.012,1.024,213188000,217453573,False
2024-08-01,1.023,1.03,1.021,1.025,149721800,153571450,False
2024-08-02,1.021,1.028,1.017,1.023,161270000,165178265,False
2024-08-05,1.022,1.025,1.008,1.013,203613000,207006870,False
2024-08-06,1.014,1.019,1.0,1.007,194876600,196188240,False
2024-08-07,1.006,1.016,1.003,1.012,121979200,123362579,False
2024-08-08,1.012,1.014,1.007,1.012,93534400,94625793,False
2024-08-09,1.015,1.018,1.013,1.014,108728100,110357786,False
2024-08-12,1.013,1.02,1.01,1.017,109374717,111103379,False
2024-08-13,1.018,1.023,1.014,1.02,120352584,122585208,False
2024-08-14,1.018,1.023,1.016,1.017,108714900,110909664,False
2024-08-15,1.017,1.03,1.015,1.029,159361084,163462618,False
2024-08-16,1.027,1.034,1.027,1.033,182966057,188661517,False
2024-08-19,1.033,1.049,1.033,1.048,219118857,228813957,False
2024-08-20,1.048,1.048,1.032,1.039,134489600,139589092,False
2024-08-21,1.038,1.038,1.023,1.028,180724057,185779832,False
2024-08-22,1.027,1.037,1.027,1.031,183095600,189202801,False
2024-08-23,1.032,1.035,1.024,1.03,173485400,178252712,False
2024-08-26,1.027,1.032,1.021,1.031,241214900,247589635,False
2024-08-27,1.029,1.037,1.029,1.037,146310600,151380818,False
2024-08-28,1.035,1.039,1.027,1.031,159194600,164436435,False
2024-08-29,1.028,1.03,1.008,1.008,294560181,298229383,False
2024-08-30,1.009,1.016,0.998,1.003,284621400,286557628,False
2024-09-02,1.002,1.013,0.996,1.006,168597600,169953636,False
2024-09-03,1.005,1.01,0.99,0.995,193246400,192376862,False
2024-09-04,0.991,0.996,0.986,0.993,132194600,130990761,False
2024-09-05,0.991,0.996,0.985,0.99,103792300,102609423,False
2024-09-06,0.99,0.996,0.982,0.982,156455300,154939836,False
2024-09-09,0.981,0.982,0.964,0.966,239248840,231771772,False
2024-09-10,0.966,0.97,0.96,0.967,199974900,192857909,False
2024-09-11,0.964,0.965,0.941,0.944,245038300,232101253,False
2024-09-12,0.944,0.954,0.941,0.949,254410770,241186206,False
2024-09-13,0.951,0.957,0.945,0.946,202080600,192074708,False
2024-09-18,0.946,0.964,0.944,0.962,181290812,172596827,False
2024-09-19,0.96,0.963,0.95,0.962,138652924,132751707,False
2024-09-20,0.959,0.963,0.954,0.96,155981200,149637545,False
2024-09-23,0.958,0.975,0.957,0.971,205171764,198900876,False
2024-09-24,0.976,1.015,0.975,1.015,449507000,449346685,False
2024-09-25,1.025,1.049,1.025,1.031,363359662,377735114,False
2024-09-26,1.029,1.063,1.027,1.062,378870423,396244258,False
2024-09-27,1.07,1.08,1.039,1.062,301119162,317247275,False
2024-09-30,1.072,1.14,1.069,1.127,856393723,941288665,False
2024-10-08,1.222,1.24,1.106,1.142,496030609,572707626,False
2024-10-09,1.121,1.121,1.052,1.054,602625988,651664688,False
2024-10-10,1.054,1.125,1.054,1.102,525885370,573939605,False
2024-10-11,1.108,1.108,1.07,1.082,455345393,495503551,False
2024-10-14,1.089,1.121,1.089,1.113,386066600,427479009,False
2024-10-15,1.108,1.115,1.088,1.089,220247100,242708312,False
2024-10-16,1.084,1.117,1.081,1.108,242961100,268272377,False
2024-10-17,1.111,1.119,1.094,1.096,186067400,205634899,False
2024-10-18,1.093,1.113,1.078,1.102,428434300,469267348,False
2024-10-21,1.102,1.104,1.085,1.092,392211649,427901670,False
2024-10-22,1.088,1.099,1.088,1.096,128837882,141058506,False
2024-10-23,1.095,1.098,1.091,1.095,255164244,279378989,False
2024-10-24,1.091,1.094,1.086,1.089,78074000,85085892,False
2024-10-25,1.087,1.091,1.083,1.087,101751200,110536183,False
2024-10-28,1.084,1.09,1.076,1.089,160906204,174312947,False
2024-10-29,1.089,1.091,1.072,1.073,186923540,201675193,False
2024-10-30,1.071,1.082,1.06,1.066,163522620,174539190,False
2024-10-31,1.064,1.07,1.055,1.063,309421000,328609633,False
2024-11-01,1.061,1.083,1.061,1.076,205748343,221395668,False
2024-11-04,1.08,1.086,1.07,1.085,110604800,119227891,False
2024-11-05,1.084,1.099,1.083,1.098,213183600,233108412,False
2024-11-06,1.098,1.102,1.091,1.095,204075000,223763243,False
2024-11-07,1.091,1.115,1.088,1.114,283387267,311902859,False
2024-11-08,1.116,1.118,1.092,1.099,231251000,254677466,False
2024-11-11,1.097,1.097,1.079,1.089,150015100,162728996,False
2024-11-12,1.086,1.096,1.075,1.079,294664408,320319373,False
2024-11-13,1.08,1.089,1.075,1.086,145241400,157467022,False
2024-11-14,1.082,1.091,1.077,1.078,112112500,121621575,False
2024-11-15,1.078,1.088,1.074,1.076,138466800,149756387,False
2024-11-18,1.081,1.109,1.081,1.095,328332600,360909543,False
2024-11-19,1.096,1.102,1.083,1.096,152763000,166814232,False
2024-11-20,1.094,1.098,1.088,1.098,128698100,140693483,False
2024-11-21,1.098,1.1,1.092,1.097,181417700,198604013,False
2024-11-22,1.097,1.099,1.067,1.068,219533805,237960367,False
2024-11-25,1.068,1.08,1.065,1.071,266388800,284856119,False
2024-11-26,1.068,1.077,1.067,1.073,246847800,264734848,False
2024-11-27,1.07,1.087,1.062,1.085,351448600,378218053,False
2024-11-28,1.086,1.089,1.08,1.083,98823100,107179651,False
2024-11-29,1.083,1.091,1.082,1.085,131475503,142974233,False
2024-12-02,1.087,1.089,1.079,1.086,187992800,203686842,False
2024-12-03,1.087,1.1,1.08,1.099,398475501,435776969,False
2024-12-04,1.098,1.107,1.091,1.101,474849500,522554856,False
2024-12-05,1.1,1.105,1.098,1.101,456829400,503388344,False
2024-12-06,1.101,1.119,1.1,1.115,1071820800,1192432546,False
2024-12-09,1.115,1.125,1.11,1.119,554149300,620766521,False
2024-12-10,1.14,1.15,1.118,1.119,645401401,726399162,False
2024-12-11,1.118,1.125,1.116,1.122,209041700,234272781,False
2024-12-12,1.121,1.125,1.117,1.123,236405600,265063936,False
2024-12-13,1.121,1.122,1.102,1.104,222830600,247308300,False
2024-12-16,1.104,1.125,1.102,1.122,387820001,433510057,False
2024-12-17,1.119,1.127,1.113,1.114,531643300,594716956,False
2024-12-18,1.117,1.129,1.115,1.122,509604068,572739987,False
2024-12-19,1.116,1.119,1.105,1.108,511016000,567683545,False
2024-12-20,1.107,1.111,1.1,1.101,455859300,503728095,False
2024-12-23,1.101,1.114,1.1,1.106,336203500,372454133,False
2024-12-24,1.104,1.117,1.103,1.115,365773800,406614913,False
2024-12-25,1.116,1.125,1.115,1.122,353516208,396175933,False
2024-12-26,1.121,1.123,1.114,1.119,236116200,263866976,False
2024-12-27,1.116,1.124,1.107,1.123,396464297,442328167,False
2024-12-30,1.121,1.132,1.12,1.131,363387500,409547915,False
2024-12-31,1.131,1.137,1.122,1.124,498164133,562833460,False
2025-01-02,1.121,1.129,1.091,1.101,704826800,782650303,False
2025-01-03,1.101,1.105,1.082,1.086,543443100,592790042,False
2025-01-06,1.085,1.088,1.074,1.087,520876200,563479472,False
2025-01-07,1.087,1.091,1.078,1.091,314531600,341672350,False
2025-01-08,1.087,1.098,1.081,1.095,316400400,345167002,False
2025-01-09,1.093,1.093,1.081,1.084,306233800,332284812,False
2025-01-10,1.081,1.085,1.069,1.07,314955600,338566758,False
2025-01-13,1.067,1.069,1.053,1.058,340570900,360669048,False
2025-01-14,1.061,1.077,1.059,1.074,273217200,291945933,False
2025-01-15,1.073,1.088,1.072,1.078,240723400,260259126,False
2025-01-16,1.08,1.088,1.078,1.087,147492600,159851435,False
2025-01-17,1.086,1.09,1.079,1.084,221825000,240765662,False
2025-01-20,1.088,1.093,1.082,1.085,191810600,208571808,False
2025-01-21,1.088,1.089,1.074,1.076,219980447,236983531,False
2025-01-22,1.076,1.076,1.058,1.061,328849100,349542102,False
2025-01-23,1.069,1.082,1.069,1.078,305014200,328273172,False
2025-01-24,1.078,1.086,1.07,1.082,322262900,347559100,False
2025-01-27,1.085,1.1,1.084,1.097,282503400,309602551,False
2025-02-05,1.098,1.1,1.075,1.077,406120296,439174386,False
2025-02-06,1.077,1.082,1.071,1.078,340747100,366153494,False
2025-02-07,1.076,1.083,1.072,1.079,461430667,497392312,False
2025-02-10,1.078,1.081,1.075,1.079,303531700,327244942,False
2025-02-11,1.078,1.09,1.078,1.089,421866300,458002249,False
2025-02-12,1.088,1.092,1.084,1.091,362628603,394714658,False
2025-02-13,1.09,1.098,1.088,1.094,340060500,372065388,False
2025-02-14,1.091,1.095,1.086,1.094,382712600,417082979,False
2025-02-17,1.094,1.095,1.086,1.093,368923000,401692489,False
2025-02-18,1.092,1.103,1.09,1.095,427727527,468982427,False
2025-02-19,1.093,1.094,1.09,1.094,262485700,286507617,False
2025-02-20,1.091,1.092,1.087,1.09,355213500,387127997,False
2025-02-21,1.09,1.092,1.078,1.082,691930782,748602696,False
2025-02-24,1.08,1.084,1.076,1.079,274971161,296940862,False
2025-02-25,1.078,1.08,1.069,1.071,246089000,264490600,False
2025-02-26,1.072,1.081,1.072,1.079,328070600,353407132,False
2025-02-27,1.079,1.09,1.075,1.089,463259950,501469434,False
2025-02-28,1.088,1.091,1.082,1.084,354224696,384899281,False
2025-03-03,1.084,1.088,1.08,1.083,383758736,415636291,False
2025-03-04,1.08,1.085,1.079,1.084,154581100,167303101,False
2025-03-05,1.084,1.091,1.081,1.091,220145550,239282582,False
2025-03-06,1.091,1.093,1.083,1.087,403985600,438581295,False
2025-03-07,1.085,1.089,1.083,1.085,381075804,413504572,False
2025-03-10,1.085,1.085,1.076,1.079,228635600,246644404,False
2025-03-11,1.076,1.085,1.073,1.084,326673506,352614715,False
2025-03-12,1.084,1.088,1.082,1.086,185818595,201764608,False
2025-03-13,1.085,1.093,1.084,1.091,272247600,296664105,False
2025-03-14,1.091,1.101,1.091,1.1,261453100,287113891,False
2025-03-17,1.102,1.106,1.099,1.104,199975900,220614204,False
2025-03-18,1.105,1.105,1.099,1.102,201575900,222054700,False
2025-03-19,1.102,1.109,1.099,1.108,170068200,187954244,False
2025-03-20,1.109,1.112,1.102,1.105,396030421,438091420,False
2025-03-21,1.103,1.112,1.096,1.103,407912600,450054778,False
2025-03-24,1.101,1.109,1.101,1.108,207947900,229782516,False
2025-03-25,1.109,1.116,1.107,1.115,277362337,308666162,False
2025-03-26,1.114,1.116,1.11,1.112,386919500,430553801,False
2025-03-27,1.111,1.118,1.111,1.115,338113737,377061575,False
2025-03-28,1.115,1.115,1.108,1.112,365864700,406455173,False
2025-03-31,1.112,1.121,1.108,1.112,372818400,414843522,False
2025-04-01,1.111,1.116,1.108,1.115,294980200,328001648,False
2025-04-02,1.114,1.124,1.113,1.121,255319233,286354297,False
2025-04-03,1.118,1.126,1.115,1.125,368866698,413912020,False
2025-04-07,1.107,1.107,1.042,1.064,903368606,972049460,False
2025-04-08,1.065,1.089,1.064,1.088,553089300,596230811,False
2025-04-09,1.076,1.086,1.064,1.085,635936060,683349039,False
2025-04-10,1.088,1.095,1.082,1.09,443099700,483035786,False
2025-04-11,1.087,1.09,1.082,1.087,354201600,384491139,False
2025-04-14,1.089,1.096,1.085,1.095,278342500,303849091,False
2025-04-15,1.095,1.107,1.093,1.106,233184207,256787877,False
2025-04-16,1.104,1.117,1.104,1.116,386437148,428616916,False
2025-04-17,1.114,1.119,1.109,1.117,240675986,268290700,False
2025-04-18,1.116,1.123,1.115,1.12,232879230,260762648,False
2025-04-21,1.12,1.127,1.113,1.114,454878635,508763612,False
2025-04-22,1.115,1.122,1.113,1.121,259928300,290918059,False
2025-04-23,1.122,1.122,1.113,1.116,274020953,306030089,False
2025-04-24,1.115,1.127,1.115,1.126,333704990,374897668,False
2025-04-25,1.126,1.128,1.122,1.125,245098400,275529581,False
2025-04-28,1.124,1.133,1.123,1.13,424575453,479408194,False
2025-04-29,1.128,1.133,1.125,1.127,249205200,281050472,False
2025-04-30,1.126,1.126,1.106,1.109,727538700,808080186,False
2025-05-06,1.109,1.11,1.102,1.109,364496389,403093302,False
2025-05-07,1.113,1.118,1.11,1.118,247878400,276308338,False
2025-05-08,1.117,1.126,1.115,1.124,268867900,301796892,False
2025-05-09,1.123,1.134,1.122,1.132,341434900,386439816,False
2025-05-12,1.132,1.138,1.128,1.133,364103000,412591271,False
2025-05-13,1.134,1.145,1.131,1.144,290344671,331133098,False
2025-05-14,1.144,1.154,1.139,1.152,337164071,387159210,False
2025-05-15,1.151,1.156,1.147,1.148,296150500,340519286,False
2025-05-16,1.146,1.148,1.135,1.14,270805789,308510581,False
2025-05-19,1.139,1.147,1.138,1.142,192728482,220324051,False
2025-05-20,1.143,1.15,1.143,1.147,241384272,276778193,False
2025-05-21,1.147,1.157,1.146,1.155,214522300,247308946,False
2025-05-22,1.155,1.16,1.15,1.159,231234850,267547967,False
2025-05-23,1.159,1.166,1.15,1.15,351224450,406433828,False
2025-05-26,1.15,1.154,1.143,1.147,515422700,591438142,False
2025-05-27,1.148,1.152,1.145,1.149,253720200,291309152,False
2025-05-28,1.149,1.155,1.146,1.154,186011500,214337825,False
2025-05-29,1.154,1.157,1.15,1.152,456849833,526898101,False
2025-05-30,1.153,1.161,1.152,1.159,274156301,317425676,False
2025-06-03,1.157,1.171,1.155,1.169,273794506,319096218,False
2025-06-04,1.168,1.175,1.166,1.174,227546935,266483880,False
2025-06-05,1.174,1.176,1.164,1.165,729063464,851233852,False
2025-06-06,1.166,1.171,1.166,1.168,228147520,266368869,False
2025-06-09,1.169,1.17,1.161,1.169,510096633,594274788,False
2025-06-10,1.169,1.178,1.165,1.169,300958697,352846005,False
2025-06-11,1.169,1.174,1.169,1.173,145258900,170202245,False
2025-06-12,1.173,1.178,1.17,1.176,214330300,251984206,False
2025-06-13,1.176,1.179,1.166,1.169,794373300,929500830,False
2025-06-16,1.168,1.175,1.164,1.175,233302200,272660019,False
2025-06-17,1.175,1.178,1.17,1.172,220068577,257952594,False
2025-06-18,1.172,1.179,1.168,1.179,289692477,340373827,False
2025-06-19,1.177,1.18,1.172,1.177,244778121,287729643,False
2025-06-20,1.177,1.184,1.174,1.182,256644135,303130595,False
2025-06-23,1.181,1.191,1.172,1.19,265346900,313800572,False
2025-06-24,1.188,1.193,1.183,1.191,260429694,309666577,False
2025-06-25,1.191,1.203,1.186,1.201,294073485,351328498,False
2025-06-26,1.198,1.207,1.195,1.206,274969220,330122452,False
2025-06-27,1.206,1.21,1.185,1.188,783890781,936530951,False
2025-06-30,1.184,1.189,1.18,1.186,421225179,498468877,False
2025-07-01,1.188,1.197,1.186,1.197,318877687,380744578,False
2025-07-02,1.196,1.205,1.196,1.2,343687600,412882888,False
2025-07-03,1.2,1.206,1.195,1.201,387731998,465757464,False
2025-07-04,1.2,1.216,1.199,1.211,385361000,465870657,False
2025-07-07,1.211,1.219,1.208,1.218,320191899,388721928,False
2025-07-08,1.218,1.221,1.21,1.215,348858372,423804104,False
2025-07-09,1.213,1.226,1.213,1.223,400727313,489760284,False
2025-07-10,1.223,1.234,1.222,1.23,260849536,320511252,False
2025-07-11,1.23,1.236,1.218,1.219,745372600,913962890,False
2025-07-14,1.219,1.232,1.217,1.227,487919299,598236999,False
2025-07-15,1.227,1.229,1.212,1.216,599682207,730489583,False
2025-07-16,1.218,1.218,1.205,1.21,612428458,740157937,False
2025-07-17,1.209,1.213,1.205,1.208,680894721,822723416,False
2025-07-18,1.209,1.215,1.207,1.213,445294781,539964028,False
2025-07-21,1.213,1.217,1.21,1.213,417335542,506383762,False
2025-07-22,1.214,1.216,1.199,1.214,637724740,769928688,False
2025-07-23,1.216,1.227,1.215,1.217,474394500,578940849,False
2025-07-24,1.215,1.216,1.205,1.208,579650839,700001985,False
2025-07-25,1.207,1.208,1.198,1.199,508102795,610964172,False
2025-07-28,1.197,1.203,1.193,1.197,378864232,453775089,False
2025-07-29,1.195,1.198,1.185,1.189,431055800,512477479,False
2025-07-30,1.189,1.2,1.186,1.194,433596596,518082689,False
2025-07-31,1.194,1.194,1.175,1.18,529290100,624619815,False
2025-08-01,1.18,1.185,1.172,1.181,357566499,421396580,False
2025-08-04,1.176,1.188,1.175,1.187,468991700,555395989,False
2025-08-05,1.188,1.201,1.185,1.2,399283400,477109306,False
2025-08-06,1.201,1.204,1.197,1.201,380238100,456446815,False
2025-08-07,1.201,1.206,1.196,1.206,298226320,358739093,False
2025-08-08,1.205,1.21,1.204,1.207,281892194,340284017,False
2025-08-11,1.207,1.209,1.196,1.2,640154000,767990005,False
2025-08-12,1.198,1.208,1.197,1.202,274476800,330443606,False
2025-08-13,1.203,1.206,1.196,1.198,370545793,444794467,False
2025-08-14,1.197,1.207,1.196,1.199,353639268,425064254,False
2025-08-15,1.199,1.2,1.185,1.195,457555397,544429137,False
2025-08-18,1.193,1.201,1.191,1.197,507902383,607271527,False
2025-08-19,1.198,1.2,1.193,1.196,351485688,420712018,False
2025-08-20,1.195,1.207,1.192,1.207,372171905,447346095,False
2025-08-21,1.207,1.214,1.203,1.214,391637065,473852200,False
2025-08-22,1.212,1.213,1.202,1.209,315645850,380592917,False
2025-08-25,1.209,1.22,1.205,1.219,449953000,545881381,False
2025-08-26,1.219,1.22,1.214,1.216,303534300,369540243,False
2025-08-27,1.214,1.216,1.195,1.197,507278700,610079733,False
2025-08-28,1.196,1.2,1.185,1.197,379998947,453264065,False
2025-08-29,1.195,1.209,1.192,1.194,328545393,393777705,False
2025-09-01,1.194,1.201,1.186,1.191,403475669,481256937,False
2025-09-02,1.192,1.2,1.189,1.2,404894814,483915529,False
2025-09-03,1.2,1.201,1.183,1.187,483274014,575072553,False
2025-09-04,1.186,1.192,1.174,1.19,480563368,567790408,False
2025-09-05,1.189,1.189,1.179,1.185,344535664,407168063,False
2025-09-08,1.182,1.188,1.179,1.185,302775811,358806638,False
2025-09-09,1.185,1.191,1.184,1.191,281911447,334872994,False
2025-09-10,1.188,1.191,1.184,1.188,220460764,261803593,False
2025-09-11,1.188,1.192,1.18,1.192,333354100,395039730,False
2025-09-12,1.19,1.194,1.182,1.184,303929500,361186499,False
2025-09-15,1.184,1.184,1.171,1.174,438328084,515561215,False
2025-09-16,1.175,1.178,1.168,1.17,384635820,450597988,False
2025-09-17,1.17,1.176,1.167,1.175,365420900,428611474,False
2025-09-18,1.174,1.175,1.148,1.153,575644800,667662765,False
2025-09-19,1.153,1.16,1.146,1.159,309874800,357377950,False
2025-09-22,1.158,1.16,1.146,1.15,283851584,326929983,False
2025-09-23,1.15,1.159,1.143,1.157,476813803,549811625,False
2025-09-24,1.155,1.164,1.153,1.157,296506300,343489745,False
2025-09-25,1.157,1.158,1.145,1.149,250655800,287932612,False
2025-09-26,1.147,1.152,1.139,1.149,306440100,351237273,False
2025-09-29,1.148,1.155,1.141,1.147,381335919,437080200,False
2025-09-30,1.146,1.148,1.136,1.139,484191828,551427803,False
2025-10-09,1.138,1.142,1.133,1.142,385568234,438303733,False
2025-10-10,1.142,1.153,1.138,1.15,545103112,625480670,False
2025-10-13,1.146,1.159,1.136,1.156,1006068685,1156084203,False
2025-10-14,1.155,1.179,1.151,1.177,1012335758,1185874760,False
2025-10-15,1.176,1.184,1.173,1.182,972308974,1147617806,False
2025-10-16,1.182,1.191,1.18,1.19,664167776,788163379,False
2025-10-17,1.189,1.198,1.183,1.185,1041098892,1239918567,False
2025-10-20,1.186,1.189,1.172,1.187,744422697,880423638,False
2025-10-21,1.184,1.193,1.183,1.19,581161958,691190560,False
2025-10-22,1.189,1.2,1.188,1.199,421027269,503498302,False
2025-10-23,1.199,1.207,1.195,1.206,389327110,467772160,False
2025-10-24,1.204,1.205,1.196,1.197,725463969,870255785,False
2025-10-27,1.194,1.204,1.189,1.198,821143262,983107497,False
2025-10-28,1.198,1.201,1.19,1.198,364697631,436180904,False
2025-10-29,1.196,1.196,1.181,1.187,580544462,689236716,False
2025-10-30,1.185,1.196,1.185,1.19,443501994,528138987,False
2025-10-31,1.189,1.191,1.181,1.188,451071255,535150445,False
2025-11-03,1.189,1.205,1.188,1.204,458878610,549709007,False
2025-11-04,1.204,1.22,1.202,1.217,751410940,913152766,False
2025-11-05,1.216,1.22,1.21,1.217,483050763,587823426,False
2025-11-06,1.216,1.22,1.209,1.216,375080584,456152699,False
2025-11-07,1.215,1.224,1.215,1.217,402403591,490276627,False
2025-11-10,1.217,1.228,1.212,1.227,497085972,607771997,False
2025-11-11,1.227,1.233,1.223,1.232,391315796,481078175,False
2025-11-12,1.232,1.247,1.232,1.243,560132753,696068870,False
2025-11-13,1.242,1.245,1.231,1.239,509505222,630363803,False
2025-11-14,1.237,1.248,1.235,1.235,435560044,540840190,False
2025-11-17,1.234,1.235,1.22,1.224,508594459,623037539,False
2025-11-18,1.222,1.226,1.211,1.217,624209831,760064476,False
2025-11-19,1.215,1.223,1.215,1.219,877376092,1069391127,False
2025-11-20,1.217,1.235,1.214,1.228,723870212,887495842,False
2025-11-21,1.222,1.227,1.208,1.209,935639245,1138118784,False
2025-11-24,1.212,1.215,1.202,1.202,447153696,539355096,False
2025-11-25,1.202,1.211,1.199,1.209,693467152,836899662,False
2025-11-26,1.209,1.214,1.201,1.203,569518062,686666082,False
2025-11-27,1.201,1.208,1.196,1.205,421689275,506808767,False
2025-11-28,1.203,1.205,1.199,1.204,416674559,500926534,False
2025-12-01,1.204,1.212,1.201,1.211,644458565,778202606,False
2025-12-02,1.211,1.212,1.205,1.208,421435200,509407355,False
2025-12-03,1.208,1.213,1.202,1.203,645739500,779319327,False
2025-12-04,1.203,1.205,1.197,1.198,494144918,592813760,False
2025-12-05,1.198,1.199,1.186,1.193,655302500,780586674,False
2025-12-08,1.191,1.193,1.186,1.19,443478535,527710161,False
2025-12-09,1.19,1.19,1.18,1.181,816128809,965976592,False
2025-12-10,1.181,1.185,1.173,1.176,365597903,430444638,False
2025-12-11,1.177,1.179,1.17,1.173,562689899,660261523,False
2025-12-12,1.174,1.176,1.17,1.174,520979200,610448378,False
2025-12-15,1.17,1.181,1.167,1.175,493118100,579369180,False
2025-12-16,1.176,1.179,1.167,1.169,514852195,603348830,False
2025-12-17,1.168,1.174,1.164,1.171,422666443,493976871,False
2025-12-18,1.17,1.184,1.166,1.181,522602379,615206474,False
2025-12-19,1.182,1.185,1.176,1.181,613264614,723817999,False
2025-12-22,1.181,1.182,1.173,1.173,635758462,747223314,False
2025-12-23,1.174,1.18,1.173,1.173,433724997,509959020,False
2025-12-24,1.173,1.177,1.17,1.177,439827420,515947133,False
2025-12-25,1.177,1.182,1.174,1.178,442904336,521773797,False
2025-12-26,1.177,1.179,1.173,1.175,393381300,462405385,False
2025-12-29,1.176,1.18,1.171,1.176,484669789,569688161,False
2025-12-30,1.174,1.177,1.171,1.175,407374049,478488159,False
2025-12-31,1.175,1.179,1.174,1.176,566012914,665624256,False
2026-01-05,1.176,1.177,1.168,1.173,809228700,948533120,False
2026-01-06,1.173,1.175,1.168,1.174,1003278032,1175653748,False
2026-01-07,1.174,1.175,1.168,1.17,459286396,537708267,False
2026-01-08,1.169,1.169,1.159,1.161,650950682,756831915,False
2026-01-09,1.161,1.163,1.157,1.162,663165169,768918690,False
2026-01-12,1.162,1.164,1.156,1.164,829679779,962787582,False
2026-01-13,1.164,1.172,1.163,1.166,947015800,1105932587,False
2026-01-14,1.167,1.168,1.155,1.156,829045732,962403347,False
2026-01-15,1.157,1.159,1.151,1.153,521808598,602783062,False
2026-01-16,1.153,1.155,1.14,1.143,919751870,1054199350,False
2026-01-19,1.143,1.147,1.14,1.144,657631921,752223021,False
2026-01-20,1.144,1.162,1.143,1.16,991343168,1144987722,False
2026-01-21,1.16,1.163,1.149,1.151,787985256,909957244,False
2026-01-22,1.149,1.159,1.148,1.152,591403200,682172618,False
2026-01-23,1.151,1.154,1.145,1.148,565069300,649624390,False
2026-01-26,1.148,1.157,1.145,1.156,629864820,725674120,False
2026-01-27,1.155,1.156,1.147,1.148,764873300,881681555,False
2026-01-28,1.147,1.158,1.144,1.152,619681333,713791399,False
2026-01-29,1.15,1.169,1.149,1.169,755457571,875025665,False
2026-01-30,1.169,1.176,1.162,1.168,814795652,953566534,False
2026-02-02,1.165,1.17,1.151,1.154,825324152,958395402,False
2026-02-03,1.154,1.156,1.143,1.15,754311530,866439095,False
2026-02-04,1.149,1.167,1.149,1.166,618224430,718005509,False
2026-02-05,1.166,1.182,1.166,1.181,754441619,886243861,False
2026-02-06,1.179,1.183,1.172,1.178,682113234,803697959,False
2026-02-09,1.177,1.183,1.174,1.181,603614454,711798825,False
2026-02-10,1.182,1.187,1.18,1.186,407076199,482060692,False
2026-02-11,1.185,1.19,1.182,1.188,396365078,470345517,False
2026-02-12,1.187,1.188,1.176,1.177,598861473,706316161,False
2026-02-13,1.176,1.178,1.165,1.167,645765495,756923532,False
2026-02-24,1.17,1.176,1.17,1.172,439323384,515135730,False
2026-02-25,1.172,1.18,1.167,1.169,808119894,947735457,False
2026-02-26,1.171,1.175,1.163,1.168,499280200,582800395,False
2026-02-27,1.168,1.174,1.166,1.172,445534000,521847462,False
2026-03-02,1.17,1.184,1.168,1.183,777712021,915395984,False
2026-03-03,1.183,1.203,1.183,1.196,1201515647,1433145503,False
2026-03-04,1.194,1.194,1.173,1.18,1110968200,1310071468,False
2026-03-05,1.179,1.187,1.174,1.182,572143500,675471261,False
2026-03-06,1.18,1.189,1.178,1.188,580577400,686980731,False
2026-03-09,1.19,1.195,1.184,1.187,1168092030,1389627900,False
2026-03-10,1.184,1.186,1.177,1.185,452751300,534948493,False
2026-03-11,1.184,1.197,1.178,1.196,601915324,714291887,False
2026-03-12,1.196,1.205,1.193,1.202,479502900,575394940,False
2026-03-13,1.201,1.212,1.201,1.205,558309370,673581011,False
2026-03-16,1.205,1.211,1.198,1.205,762268510,918648435,False
2026-03-17,1.203,1.214,1.203,1.21,475326700,575275404,False
2026-03-18,1.21,1.21,1.197,1.204,754436797,906886581,False
2026-03-19,1.202,1.211,1.198,1.201,587374697,707001265,False
2026-03-20,1.199,1.21,1.196,1.196,574315130,690885074,False
2026-03-23,1.19,1.192,1.153,1.158,1234527630,1444258117,False
2026-03-24,1.161,1.18,1.161,1.178,775052084,907755249,False
2026-03-25,1.177,1.189,1.168,1.188,843810451,995970097,False
2026-03-26,1.186,1.193,1.184,1.185,526449776,625494429,False
2026-03-27,1.182,1.191,1.178,1.183,603197287,713431924,False
2026-03-30,1.179,1.194,1.178,1.193,621511813,737831500,False
2026-03-31,1.193,1.205,1.192,1.198,638312502,766031344,False
2026-04-01,1.199,1.206,1.195,1.197,582447004,699179904,False
2026-04-02,1.196,1.204,1.195,1.201,707666883,849407095,False
2026-04-03,1.201,1.202,1.184,1.188,904111773,1075732649,False
2026-04-07,1.188,1.188,1.177,1.18,562295519,664524355,False
2026-04-08,1.18,1.19,1.176,1.19,705963269,835524775,False
2026-04-09,1.189,1.191,1.18,1.183,482704443,571215569,False
2026-04-10,1.182,1.186,1.18,1.181,518380174,612817320,False
2026-04-13,1.181,1.181,1.172,1.176,591143309,694575491,False
2026-04-14,1.177,1.182,1.176,1.181,452159533,532867813,False
2026-04-15,1.182,1.19,1.18,1.189,666919773,790617760,False
2026-04-16,1.188,1.192,1.185,1.189,488396756,580266817,False
2026-04-17,1.188,1.189,1.183,1.184,540939064,641406076,False
2026-04-20,1.184,1.191,1.181,1.19,553822433,657258426,False
2026-04-21,1.19,1.199,1.189,1.197,500467646,598880663,False
2026-04-22,1.196,1.198,1.191,1.192,326780483,389948699,False
2026-04-23,1.192,1.2,1.19,1.198,503845675,602648942,False
2026-04-24,1.198,1.203,1.193,1.198,634963800,760829200,False
2026-04-27,1.197,1.2,1.188,1.189,705498800,841851807,False
2026-04-28,1.188,1.193,1.186,1.192,491905560,584706867,False
2026-04-29,1.194,1.199,1.19,1.195,506400644,604963959,False
2026-04-30,1.196,1.196,1.186,1.188,750859233,892923213,False
2026-05-06,1.188,1.189,1.177,1.183,771049738,909817917,False
2026-05-07,1.182,1.183,1.176,1.178,759575914,895197964,False
2026-05-08,1.178,1.183,1.175,1.177,471791150,555461708,False
2026-05-11,1.176,1.178,1.172,1.178,655267014,770095347,False
2026-05-12,1.178,1.181,1.174,1.176,608071822,715584603,False
2026-05-13,1.175,1.179,1.173,1.177,510646787,600551114,False
2026-05-14,1.177,1.179,1.173,1.176,475878063,560007203,False
2026-05-15,1.175,1.176,1.164,1.167,729235903,852961778,False
2026-05-18,1.164,1.166,1.156,1.16,697085513,808498959,False
2026-05-19,1.159,1.169,1.159,1.169,455981974,531596365,False
2026-05-20,1.168,1.17,1.163,1.164,445338859,519025445,False
2026-05-21,1.163,1.165,1.158,1.161,386261685,448868420,False
2026-05-22,1.159,1.16,1.151,1.155,815721350,941960861,False
2026-05-25,1.154,1.157,1.149,1.152,520917600,600397688,False
2026-05-26,1.151,1.157,1.15,1.156,515824600,595204388,False
2026-05-27,1.156,1.157,1.146,1.15,638191300,734132505,False
2026-05-28,1.149,1.155,1.143,1.144,653530600,750042946,False
2026-05-29,1.144,1.169,1.142,1.167,796236525,923199597,False
2026-06-01,1.166,1.184,1.158,1.181,818364328,959040186,False
2026-06-02,1.179,1.191,1.178,1.182,737393618,872739866,False
2026-06-03,1.18,1.18,1.162,1.173,801935785,938043659,False
2026-06-04,1.17,1.173,1.156,1.158,607509222,706794277,False
2026-06-05,1.159,1.17,1.158,1.159,517836280,602284303,False
2026-06-08,1.158,1.167,1.155,1.165,720220930,836646060,False
2026-06-09,1.163,1.169,1.157,1.164,580005638,675247414,False
