date,open,high,low,close,volume,amount,suspended
2019-01-18,0.938,0.952,0.938,0.95,255725106,241745967,False
2019-01-21,0.95,0.957,0.947,0.952,57306194,54602793,False
2019-01-22,0.95,0.952,0.939,0.939,44913615,42455442,False
2019-01-23,0.939,0.942,0.935,0.936,30997300,29110631,False
2019-01-24,0.936,0.938,0.927,0.935,63256223,59126856,False
2019-01-25,0.93,0.942,0.93,0.939,53499370,50251894,False
2019-01-28,0.94,0.947,0.936,0.937,45640520,43097984,False
2019-01-29,0.931,0.938,0.927,0.936,42438426,39534434,False
2019-01-30,0.934,0.938,0.931,0.931,28372000,26475683,False
2019-01-31,0.93,0.939,0.928,0.93,40338752,37602354,False
2019-02-01,0.934,0.942,0.933,0.942,36311671,33985384,False
2019-02-11,0.941,0.956,0.941,0.955,49965500,47424738,False
2019-02-12,0.956,0.962,0.95,0.961,38510900,36885231,False
2019-02-13,0.96,0.983,0.96,0.979,31924078,30944977,False
2019-02-14,0.979,0.981,0.974,0.977,26352883,25753502,False
2019-02-15,0.992,0.992,0.967,0.968,19362956,18809725,False
2019-02-18,0.968,0.992,0.968,0.991,35552145,34937137,False
2019-02-19,0.991,0.996,0.982,0.99,22557809,22335173,False
2019-02-20,0.99,0.996,0.986,0.993,21379431,21184177,False
2019-02-21,0.993,1.003,0.985,0.989,33311333,33108962,False
2019-02-22,0.987,0.999,0.982,0.999,30897034,30640356,False
2019-02-25,1.0,1.047,1.0,1.045,65225078,66913964,False
2019-02-26,1.04,1.067,1.035,1.046,71013876,74623609,False
2019-02-27,1.045,1.061,1.036,1.045,44328343,46527460,False
2019-02-28,1.042,1.051,1.036,1.041,29691489,30997512,False
2019-03-01,1.041,1.051,1.037,1.05,37027964,38562013,False
2019-03-04,1.05,1.079,1.05,1.062,40121564,42853011,False
2019-03-05,1.059,1.074,1.056,1.074,37274197,39754647,False
2019-03-06,1.076,1.084,1.069,1.081,30990580,33303606,False
2019-03-07,1.078,1.085,1.072,1.078,35459711,38280607,False
2019-03-08,1.075,1.075,1.039,1.041,27785287,29444936,False
2019-03-11,1.046,1.061,1.041,1.061,32693449,34414637,False
2019-03-12,1.058,1.082,1.053,1.076,33498849,35964799,False
2019-03-13,1.076,1.076,1.056,1.059,34237160,36559775,False
2019-03-14,1.059,1.066,1.043,1.05,26569308,27985627,False
2019-03-15,1.05,1.065,1.045,1.057,13016947,13759710,False
2019-03-18,1.057,1.083,1.055,1.082,23330292,25087716,False
2019-03-19,1.083,1.099,1.077,1.081,21506671,23309629,False
2019-03-20,1.078,1.082,1.066,1.077,27696928,29761807,False
2019-03-21,1.084,1.086,1.079,1.079,26182138,28331362,False
2019-03-22,1.081,1.081,1.066,1.079,24085006,25900375,False
2019-03-25,1.075,1.078,1.063,1.068,33321224,35712230,False
2019-03-26,1.069,1.07,1.044,1.045,25861159,27251003,False
2019-03-27,1.045,1.051,1.04,1.049,38684770,40505867,False
2019-03-28,1.048,1.057,1.042,1.044,34627373,36372343,False
2019-03-29,1.044,1.071,1.044,1.071,39102939,41275130,False
2019-04-01,1.084,1.103,1.082,1.101,20929676,22939199,False
2019-04-02,1.101,1.11,1.099,1.101,25837381,28529806,False
2019-04-03,1.095,1.118,1.094,1.116,19328010,21316313,False
2019-04-04,1.117,1.128,1.116,1.123,11853781,13304322,False
2019-04-08,1.123,1.136,1.107,1.119,18111152,20270694,False
2019-04-09,1.119,1.125,1.111,1.118,17099541,19131585,False
2019-04-10,1.118,1.122,1.105,1.115,8320037,9251463,False
2019-04-11,1.115,1.12,1.098,1.098,11541526,12851837,False
2019-04-12,1.1,1.102,1.088,1.096,4018713,4405582,False
2019-04-15,1.119,1.119,1.093,1.093,13193772,14627759,False
2019-04-16,1.093,1.116,1.084,1.116,11205571,12297249,False
2019-04-17,1.116,1.119,1.11,1.116,17766362,19788544,False
2019-04-18,1.116,1.123,1.109,1.112,16834071,18792750,False
2019-04-19,1.112,1.118,1.103,1.118,12601481,13992483,False
2019-04-22,1.137,1.137,1.096,1.1,14611200,16195785,False
2019-04-23,1.098,1.1,1.078,1.08,19822077,21583771,False
2019-04-24,1.082,1.087,1.07,1.087,16211580,17471685,False
2019-04-25,1.08,1.081,1.054,1.055,12509900,13406267,False
2019-04-26,1.054,1.054,1.036,1.037,9758111,10202929,False
2019-04-29,1.042,1.042,1.023,1.025,11289413,11668235,False
2019-04-30,1.026,1.037,1.026,1.032,14137512,14565674,False
2019-05-06,1.025,1.025,0.958,0.968,9015154,8833183,False
2019-05-07,0.969,0.977,0.961,0.973,12581449,12197899,False
2019-05-08,0.954,0.975,0.954,0.965,21786600,21043355,False
2019-05-09,0.958,0.965,0.953,0.954,28348846,27219035,False
2019-05-10,0.964,0.983,0.946,0.982,17827879,17286519,False
2019-05-13,0.984,0.984,0.966,0.969,8597463,8349280,False
2019-05-14,0.949,0.969,0.949,0.962,11942782,11529973,False
2019-05-15,0.972,0.978,0.967,0.975,10775819,10480064,False
2019-05-16,0.965,0.984,0.965,0.982,6337500,6214662,False
2019-05-17,0.982,0.983,0.956,0.959,6642938,6459108,False
2019-05-20,0.959,0.959,0.947,0.957,8645089,8247100,False
2019-05-21,0.961,0.972,0.958,0.967,5724000,5530173,False
2019-05-22,0.964,0.971,0.961,0.966,11183007,10809119,False
2019-05-23,0.959,0.962,0.95,0.952,5145015,4917706,False
2019-05-24,0.954,0.954,0.946,0.948,6185347,5867503,False
2019-05-27,0.957,0.966,0.943,0.965,11766000,11197443,False
2019-05-28,0.955,0.974,0.955,0.966,6610600,6417513,False
2019-05-29,0.967,0.971,0.964,0.966,4844528,4688757,False
2019-05-30,0.963,0.963,0.956,0.963,4045400,3880442,False
2019-05-31,0.958,0.968,0.958,0.961,7057800,6792321,False
2019-06-03,0.965,0.97,0.954,0.96,6919600,6647780,False
2019-06-04,0.955,0.96,0.946,0.949,4848643,4611949,False
2019-06-05,0.959,0.959,0.945,0.952,17211800,16428898,False
2019-06-06,0.949,0.949,0.935,0.937,10380400,9750768,False
2019-06-10,0.94,0.952,0.94,0.948,8329600,7888953,False
2019-06-11,0.95,0.975,0.95,0.975,9095881,8802006,False
2019-06-12,0.973,0.975,0.968,0.969,5638911,5469861,False
2019-06-13,0.969,0.969,0.962,0.969,4324400,4172869,False
2019-06-14,0.968,0.975,0.958,0.959,3873917,3751789,False
2019-06-17,0.96,0.963,0.956,0.957,3456500,3314181,False
2019-06-18,0.96,0.96,0.951,0.955,20366081,19442314,False
2019-06-19,0.965,0.982,0.965,0.969,4292900,4176625,False
2019-06-20,0.973,0.99,0.968,0.987,22614770,22202867,False
2019-06-21,0.991,0.996,0.989,0.993,14638300,14535095,False
2019-06-24,0.993,0.994,0.988,0.993,14976278,14841833,False
2019-06-25,0.988,0.989,0.976,0.985,11187823,10966426,False
2019-06-26,0.981,0.988,0.981,0.988,5856100,5776033,False
2019-06-27,0.992,0.999,0.991,0.994,6690438,6665151,False
2019-06-28,0.99,0.991,0.984,0.991,5914529,5841612,False
2019-07-01,1.0,1.02,1.0,1.012,34653975,34972137,False
2019-07-02,1.011,1.015,1.01,1.013,22272948,22559682,False
2019-07-03,1.013,1.014,1.005,1.011,27055537,27279015,False
2019-07-04,1.016,1.019,1.009,1.011,29976175,30462672,False
2019-07-05,1.011,1.012,1.007,1.011,8444801,8534091,False
2019-07-08,1.0,1.001,0.978,0.984,12928900,12776330,False
2019-07-09,0.988,0.988,0.976,0.982,8275400,8125956,False
2019-07-10,0.98,0.984,0.976,0.976,7940200,7787119,False
2019-07-11,0.98,0.987,0.974,0.975,9217700,9024736,False
2019-07-12,0.975,0.984,0.974,0.981,10514400,10306525,False
2019-07-15,0.985,0.991,0.968,0.987,13577459,13296449,False
2019-07-16,0.987,0.99,0.986,0.986,9106359,8995818,False
2019-07-17,0.984,0.99,0.984,0.985,10678100,10544509,False
2019-07-18,0.979,0.98,0.974,0.974,15150141,14810777,False
2019-07-19,0.977,0.988,0.977,0.983,13052493,12850262,False
2019-07-22,0.983,0.984,0.969,0.975,9457396,9249260,False
2019-07-23,0.976,0.981,0.976,0.979,12292935,12030758,False
2019-07-24,0.986,0.992,0.985,0.989,12803722,12666296,False
2019-07-25,0.989,0.995,0.988,0.993,14501126,14379025,False
2019-07-26,0.993,1.001,0.992,1.0,18985385,18888948,False
2019-07-29,1.0,1.002,0.996,0.999,11166889,11159286,False
2019-07-30,1.0,1.007,1.0,1.003,8584638,8619878,False
2019-07-31,1.001,1.001,0.994,0.998,9038900,9005035,False
2019-08-01,0.997,0.997,0.989,0.99,8031100,7979314,False
2019-08-02,0.99,0.99,0.969,0.976,12029900,11697668,False
2019-08-05,0.976,0.976,0.958,0.958,11876950,11504552,False
2019-08-06,0.958,0.958,0.928,0.939,16157048,15112899,False
2019-08-07,0.941,0.946,0.94,0.94,11391400,10756240,False
2019-08-08,0.941,0.949,0.941,0.947,5427700,5131515,False
2019-08-09,0.951,0.951,0.936,0.937,11452889,10803007,False
2019-08-12,0.937,0.95,0.936,0.95,8579156,8073852,False
2019-08-13,0.95,0.95,0.943,0.945,9546110,9014733,False
2019-08-14,0.95,0.958,0.949,0.95,7922300,7546307,False
2019-08-15,0.95,0.955,0.932,0.955,8535702,8055335,False
2019-08-16,0.955,0.964,0.954,0.957,8776400,8413439,False
2019-08-19,0.958,0.983,0.958,0.983,12901000,12507279,False
2019-08-20,0.984,0.988,0.983,0.983,5673300,5598619,False
2019-08-21,0.983,0.985,0.98,0.983,7556129,7433697,False
2019-08-22,0.98,0.985,0.98,0.984,8339811,8206968,False
2019-08-23,0.983,0.986,0.979,0.983,15152600,14907722,False
2019-08-26,0.983,0.983,0.966,0.974,9956632,9681751,False
2019-08-27,0.976,0.993,0.976,0.991,11767953,11622337,False
2019-08-28,0.99,0.99,0.986,0.987,10347195,10223950,False
2019-08-29,0.988,0.988,0.981,0.982,8503822,8367866,False
2019-08-30,0.983,0.99,0.976,0.98,12379248,12203461,False
2019-09-02,0.981,1.002,0.981,0.999,34384072,34285292,False
2019-09-03,1.0,1.005,0.999,1.005,86436214,86581555,False
2019-09-04,1.005,1.013,1.003,1.013,242698632,244579917,False
2019-09-05,1.018,1.03,1.017,1.021,344958735,353557349,False
2019-09-06,1.022,1.027,1.021,1.026,34588564,35428455,False
2019-09-09,1.028,1.04,1.028,1.04,247263031,255536455,False
2019-09-10,1.044,1.044,1.029,1.032,284589532,293891109,False
2019-09-11,1.035,1.036,1.025,1.028,300627650,309255911,False
2019-09-12,1.029,1.035,1.025,1.034,122061277,125524587,False
2019-09-16,1.036,1.038,1.029,1.034,10405729,10761588,False
2019-09-17,1.038,1.038,1.012,1.016,11070995,11289652,False
2019-09-18,1.015,1.015,1.011,1.012,5954396,6033583,False
2019-09-19,1.013,1.019,1.01,1.019,6685700,6784486,False
2019-09-20,1.019,1.021,1.016,1.021,5107605,5201816,False
2019-09-23,1.02,1.02,1.007,1.011,6076200,6141177,False
2019-09-24,1.013,1.019,1.01,1.015,13291453,13475734,False
2019-09-25,1.013,1.013,0.999,0.999,3772422,3791149,False
2019-09-26,1.001,1.002,0.984,0.984,3575300,3555010,False
2019-09-27,0.986,0.986,0.983,0.983,3436600,3384575,False
2019-09-30,0.982,0.986,0.977,0.977,5074800,4980847,False
2019-10-08,0.979,0.985,0.978,0.979,4904600,4821633,False
2019-10-09,0.975,0.983,0.973,0.983,6638448,6494182,False
2019-10-10,0.983,0.992,0.982,0.992,6296200,6209229,False
2019-10-11,0.992,0.996,0.988,0.994,3132382,3105575,False
2019-10-14,0.999,1.006,0.999,1.0,26726739,26787363,False
2019-10-15,1.0,1.0,0.987,0.99,6215446,6163146,False
2019-10-16,0.99,0.995,0.987,0.989,7186981,7129056,False
2019-10-17,0.989,0.991,0.986,0.988,5183100,5122190,False
2019-10-18,0.99,0.99,0.973,0.975,3102600,3047383,False
2019-10-21,0.975,0.975,0.969,0.975,3898600,3787836,False
2019-10-22,0.975,0.976,0.969,0.976,6060100,5898404,False
2019-10-23,0.975,0.975,0.965,0.968,6839036,6640093,False
2019-10-24,0.967,0.968,0.963,0.966,3358097,3243301,False
2019-10-25,0.966,0.97,0.957,0.969,1011837600,972080493,False
2019-10-28,0.969,0.983,0.969,0.982,5101329,4977497,False
2019-10-29,0.982,0.982,0.97,0.97,2126629,2066814,False
2019-10-30,0.97,0.97,0.96,0.961,2892727,2783475,False
2019-10-31,0.963,0.963,0.956,0.957,4578500,4390297,False
2019-11-01,0.957,0.967,0.955,0.965,5478227,5254269,False
2019-11-04,0.966,0.974,0.966,0.971,2171311,2104863,False
2019-11-05,0.971,0.981,0.97,0.979,7999764,7822652,False
2019-11-06,0.979,0.981,0.971,0.972,2581634,2527315,False
2019-11-07,0.973,0.976,0.97,0.973,4564600,4434768,False
2019-11-08,0.975,0.98,0.973,0.974,8752200,8550024,False
2019-11-11,0.972,0.972,0.952,0.954,4444200,4271447,False
2019-11-12,0.954,0.956,0.945,0.953,4417401,4196328,False
2019-11-13,0.951,0.951,0.945,0.946,4688729,4442045,False
2019-11-14,0.948,0.951,0.947,0.95,4321060,4101112,False
2019-11-15,0.947,0.95,0.941,0.941,5119860,4839978,False
2019-11-18,0.939,0.949,0.939,0.948,2269000,2143647,False
2019-11-19,0.948,0.957,0.947,0.957,5741800,5467689,False
2019-11-20,0.958,0.961,0.954,0.954,8844708,8475018,False
2019-11-21,0.954,0.956,0.948,0.952,1331400,1269600,False
2019-11-22,0.955,0.961,0.947,0.95,1516089,1448306,False
2019-11-25,0.95,0.96,0.95,0.959,1987355,1901458,False
2019-11-26,0.957,0.963,0.957,0.96,3971508,3810010,False
2019-11-27,0.958,0.961,0.954,0.956,4516381,4334642,False
2019-11-28,0.957,0.957,0.95,0.951,2922200,2777738,False
2019-11-29,0.952,0.954,0.946,0.952,3537987,3364601,False
2019-12-02,0.952,0.954,0.949,0.949,2579589,2451137,False
2019-12-03,0.949,0.952,0.946,0.952,2159344,2045719,False
2019-12-04,0.956,0.956,0.947,0.949,3278600,3108364,False
2019-12-05,0.949,0.956,0.949,0.956,1892020,1802870,False
2019-12-06,0.956,0.959,0.953,0.959,4126398,3941167,False
2019-12-09,0.959,0.966,0.959,0.964,42931400,41421096,False
2019-12-10,0.968,0.968,0.962,0.965,67615100,65172805,False
2019-12-11,0.965,0.969,0.965,0.967,4059400,3927194,False
2019-12-12,0.965,0.967,0.963,0.965,721400,696063,False
2019-12-13,0.965,0.977,0.965,0.977,4651644,4522535,False
2019-12-16,0.98,0.984,0.976,0.984,5708665,5586320,False
2019-12-17,0.984,1.001,0.983,0.995,9709099,9605778,False
2019-12-18,0.995,0.998,0.99,0.993,8125427,8086709,False
2019-12-19,0.995,0.997,0.993,0.996,3146300,3130168,False
2019-12-20,0.995,0.995,0.986,0.987,2331819,2313072,False
2019-12-23,0.985,0.986,0.97,0.97,37153300,36242148,False
2019-12-24,0.973,0.98,0.971,0.979,1013777,989096,False
2019-12-25,0.978,0.982,0.976,0.98,6815779,6664950,False
2019-12-26,0.982,0.989,0.982,0.989,2192500,2158313,False
2019-12-27,0.989,0.997,0.986,0.986,3853120,3826465,False
2019-12-30,0.986,0.999,0.984,0.999,10084850,10031674,False
2019-12-31,0.996,1.004,0.996,1.003,7936726,7940500,False
2020-01-02,1.004,1.025,1.004,1.02,10635329,10838738,False
2020-01-03,1.02,1.025,1.019,1.021,11317721,11565161,False
2020-01-06,1.018,1.032,1.017,1.021,21198910,21693742,False
2020-01-07,1.021,1.027,1.021,1.026,9283391,9501869,False
2020-01-08,1.025,1.025,1.013,1.017,7982363,8133492,False
2020-01-09,1.021,1.026,1.02,1.025,15006581,15340460,False
2020-01-10,1.026,1.026,1.017,1.02,5440022,5545215,False
2020-01-13,1.018,1.026,1.015,1.026,10040854,10254735,False
2020-01-14,1.025,1.03,1.023,1.023,2667629,2741097,False
2020-01-15,1.023,1.023,1.012,1.015,4644803,4718156,False
2020-01-16,1.018,1.019,1.013,1.013,3078969,3127103,False
2020-01-17,1.012,1.015,1.005,1.006,6325748,6382349,False
2020-01-20,1.006,1.012,1.004,1.012,7049580,7107929,False
2020-01-21,1.008,1.008,0.995,0.995,5005100,5000947,False
2020-01-22,0.994,1.001,0.981,1.001,7634590,7512157,False
2020-01-23,0.998,0.998,0.962,0.97,4262900,4165708,False
2020-02-03,0.873,0.9,0.873,0.873,139220866,123121579,False
2020-02-04,0.869,0.899,0.867,0.893,76971856,68223285,False
2020-02-05,0.89,0.915,0.89,0.908,179792762,163448022,False
2020-02-06,0.909,0.925,0.905,0.922,3248224,2972690,False
2020-02-07,0.918,0.927,0.915,0.927,3727600,3438507,False
2020-02-10,0.923,0.937,0.922,0.937,8394900,7820608,False
2020-02-11,0.938,0.942,0.934,0.939,335160375,313893485,False
2020-02-12,0.938,0.947,0.935,0.947,12590661,11847259,False
2020-02-13,0.947,0.952,0.942,0.944,18210849,17218395,False
2020-02-14,0.946,0.952,0.944,0.949,2628432,2488548,False
2020-02-17,0.949,0.974,0.949,0.974,7456800,7184256,False
2020-02-18,0.975,0.979,0.969,0.977,3134602,3054412,False
2020-02-19,0.977,0.982,0.973,0.974,4293510,4205256,False
2020-02-20,0.972,0.989,0.956,0.988,5404832,5301535,False
2020-02-21,0.988,1.001,0.988,0.997,2788615,2778644,False
2020-02-24,0.999,1.002,0.989,0.997,2629206,2617782,False
2020-02-25,0.978,0.989,0.963,0.986,10621420,10414930,False
2020-02-26,0.976,1.0,0.974,0.987,3822438,3786313,False
2020-02-27,0.978,0.99,0.978,0.983,4074184,4012209,False
2020-02-28,0.97,0.97,0.948,0.952,7693600,7328963,False
2020-03-02,0.952,0.999,0.952,0.993,10292872,10165020,False
2020-03-03,0.997,1.012,0.992,0.998,3912901,3927256,False
2020-03-04,0.994,1.005,0.992,1.001,929853986,930507918,False
2020-03-05,1.007,1.017,1.007,1.015,83210896,84228210,False
2020-03-06,1.009,1.01,1.003,1.005,4515447,4545444,False
2020-03-09,1.0,1.0,0.976,0.976,11466601,11304370,False
2020-03-10,0.966,1.0,0.966,1.0,2815166,2767913,False
2020-03-11,1.0,1.012,0.993,0.993,3151268,3161008,False
2020-03-12,0.985,0.985,0.97,0.976,7504300,7339975,False
2020-03-13,0.968,0.976,0.936,0.969,11673719,11118878,False
2020-03-16,0.969,0.972,0.934,0.937,3266347,3130595,False
2020-03-17,0.928,0.946,0.913,0.935,579425225,538557167,False
2020-03-18,0.941,0.948,0.917,0.92,489976867,457800709,False
2020-03-19,0.91,0.921,0.892,0.911,7734900,6999905,False
2020-03-20,0.915,0.919,0.906,0.919,3092700,2837644,False
2020-03-23,0.912,0.912,0.886,0.892,136784600,121827190,False
2020-03-24,0.894,0.908,0.887,0.904,193280100,174717140,False
2020-03-25,0.912,0.927,0.912,0.923,121337700,112269073,False
2020-03-26,0.923,0.923,0.91,0.911,118760400,109060109,False
2020-03-27,0.917,0.926,0.912,0.912,3558500,3254817,False
2020-03-30,0.9,0.905,0.894,0.9,2584200,2324562,False
2020-03-31,0.908,0.908,0.896,0.897,1550900,1400638,False
2020-04-01,0.897,0.904,0.891,0.892,31781900,28516852,False
2020-04-02,0.887,0.907,0.887,0.906,2270494,2036280,False
2020-04-03,0.9,0.904,0.898,0.9,14066300,12661291,False
2020-04-07,0.908,0.922,0.908,0.92,990105,909698,False
2020-04-08,0.922,0.926,0.916,0.923,973649,896236,False
2020-04-09,0.927,0.931,0.926,0.927,205714,190910,False
2020-04-10,0.921,0.925,0.912,0.914,845900,773571,False
2020-04-13,0.911,0.911,0.906,0.909,1297900,1179955,False
2020-04-14,0.91,0.923,0.91,0.923,790700,726258,False
2020-04-15,0.922,0.924,0.917,0.917,29081700,26718179,False
2020-04-16,0.918,0.921,0.914,0.92,1100700,1010740,False
2020-04-17,0.924,0.931,0.924,0.925,1149000,1064311,False
2020-04-20,0.924,0.934,0.924,0.934,2100500,1958655,False
2020-04-21,0.932,0.932,0.922,0.931,812100,753767,False
2020-04-22,0.922,0.93,0.917,0.93,947100,877876,False
2020-04-23,0.93,0.934,0.93,0.931,2069299,1928376,False
2020-04-24,0.927,0.931,0.917,0.918,1455100,1337817,False
2020-04-27,0.923,0.923,0.916,0.916,1884700,1736590,False
2020-04-28,0.91,0.912,0.891,0.908,2685308,2435417,False
2020-04-29,0.909,0.913,0.908,0.908,448312,408273,False
2020-04-30,0.91,0.929,0.91,0.928,587738,544862,False
2020-05-06,0.927,0.936,0.924,0.936,2948990,2740291,False
2020-05-07,0.935,0.935,0.928,0.929,951090,884468,False
2020-05-08,0.934,0.939,0.934,0.937,1818366,1705522,False
2020-05-11,0.939,0.943,0.933,0.937,5234533,4915098,False
2020-05-12,0.939,0.939,0.93,0.935,1304595,1217735,False
2020-05-13,0.935,0.935,0.929,0.934,2692800,2508284,False
2020-05-14,0.935,0.935,0.925,0.925,1805700,1673087,False
2020-05-15,0.93,0.93,0.922,0.922,2483000,2295324,False
2020-05-18,0.925,0.928,0.92,0.923,1904081,1763965,False
2020-05-19,0.928,0.929,0.928,0.929,1556251,1445624,False
2020-05-20,0.927,0.928,0.921,0.922,2051613,1896241,False
2020-05-21,0.941,0.941,0.911,0.911,2965300,2709928,False
2020-05-22,0.913,0.913,0.895,0.897,1834627,1659988,False
2020-05-25,0.897,0.897,0.889,0.89,2814091,2506637,False
2020-05-26,0.896,0.901,0.896,0.901,2369630,2128593,False
2020-05-27,0.9,0.9,0.896,0.896,485943,436045,False
2020-05-28,0.902,0.902,0.892,0.898,4150100,3732762,False
2020-05-29,0.896,0.898,0.894,0.896,1567300,1403256,False
2020-06-01,0.895,0.917,0.895,0.917,13459400,12308013,False
2020-06-02,0.913,0.921,0.913,0.918,3230599,2965276,False
2020-06-03,0.922,0.924,0.92,0.92,2781158,2565006,False
2020-06-04,0.935,0.935,0.912,0.913,1155250,1056765,False
2020-06-05,0.916,0.935,0.911,0.917,1862390,1699740,False
2020-06-08,0.923,0.925,0.921,0.922,2444815,2256938,False
2020-06-09,0.92,0.927,0.92,0.926,617600,572469,False
2020-06-10,0.925,0.925,0.917,0.92,1579100,1451157,False
2020-06-11,0.919,0.922,0.914,0.915,569400,524214,False
2020-06-12,0.91,0.914,0.9,0.912,4387294,3984746,False
2020-06-15,0.914,0.914,0.906,0.906,1758062,1593803,False
2020-06-16,0.913,0.92,0.913,0.92,965900,885152,False
2020-06-17,0.919,0.921,0.915,0.921,699357,642706,False
2020-06-18,0.923,0.932,0.921,0.93,2458499,2280359,False
2020-06-19,0.93,0.935,0.929,0.933,2335130,2177025,False
2020-06-22,0.933,0.936,0.931,0.931,1744954,1628098,False
2020-06-23,0.929,0.93,0.926,0.928,2418500,2244272,False
2020-06-24,0.929,0.934,0.929,0.934,1291749,1203255,False
2020-06-29,0.932,0.932,0.925,0.928,3429200,3180025,False
2020-06-30,0.93,0.942,0.93,0.94,3694163,3470190,False
2020-07-01,0.942,0.957,0.941,0.957,5874200,5580093,False
2020-07-02,0.956,0.979,0.956,0.977,23961417,23258765,False
2020-07-03,0.978,1.001,0.978,1.001,31375165,31117049,False
2020-07-06,1.004,1.063,1.004,1.063,85960683,89889922,False
2020-07-07,1.09,1.12,1.063,1.065,27773790,29884935,False
2020-07-08,1.065,1.09,1.043,1.085,21170301,22631535,False
2020-07-09,1.085,1.108,1.08,1.107,21343941,23283095,False
2020-07-10,1.107,1.108,1.087,1.09,37550428,41324888,False
2020-07-13,1.09,1.108,1.08,1.105,562788121,615051445,False
2020-07-14,1.105,1.111,1.078,1.091,588741988,643982210,False
2020-07-15,1.091,1.1,1.062,1.066,7413783,8045109,False
2020-07-16,1.068,1.076,1.024,1.028,9136191,9671749,False
2020-07-17,1.032,1.042,1.027,1.038,5032533,5200081,False
2020-07-20,1.039,1.077,1.039,1.077,2318100,2460089,False
2020-07-21,1.095,1.095,1.066,1.07,3256738,3489857,False
2020-07-22,1.07,1.098,1.07,1.079,7016820,7622687,False
2020-07-23,1.075,1.082,1.052,1.078,467880751,501129608,False
2020-07-24,1.09,1.09,1.034,1.036,473382870,497373293,False
2020-07-27,1.022,1.045,1.022,1.035,5740611,5961678,False
2020-07-28,1.04,1.045,1.038,1.044,1928316,2010528,False
2020-07-29,1.04,1.065,1.037,1.065,4238427,4462966,False
2020-07-30,1.066,1.072,1.062,1.067,5492500,5857178,False
2020-07-31,1.066,1.081,1.059,1.074,328677217,350351522,False
2020-08-03,1.075,1.101,1.075,1.1,10218303,11144429,False
2020-08-04,1.1,1.103,1.091,1.096,2780004,3051003,False
2020-08-05,1.096,1.102,1.086,1.097,251651750,276205920,False
2020-08-06,1.097,1.104,1.085,1.103,4309399,4724062,False
2020-08-07,1.094,1.103,1.085,1.1,25391688,27944198,False
2020-08-10,1.099,1.114,1.096,1.104,380880213,421193479,False
2020-08-11,1.104,1.115,1.09,1.09,72793034,80850049,False
2020-08-12,1.087,1.087,1.066,1.082,3370495,3623648,False
2020-08-13,1.085,1.09,1.083,1.083,2303614,2505020,False
2020-08-14,1.083,1.095,1.083,1.094,2054250,2237753,False
2020-08-17,1.098,1.121,1.098,1.121,190460628,212475018,False
2020-08-18,1.124,1.124,1.116,1.118,2891747,3240479,False
2020-08-19,1.12,1.12,1.105,1.106,4022178,4469837,False
2020-08-20,1.1,1.104,1.087,1.09,2830197,3107781,False
2020-08-21,1.09,1.101,1.09,1.092,4272999,4683930,False
2020-08-24,1.096,1.102,1.096,1.099,3286660,3612332,False
2020-08-25,1.104,1.104,1.089,1.091,2424000,2664466,False
2020-08-26,1.09,1.09,1.069,1.074,1027358,1110845,False
2020-08-27,1.074,1.074,1.062,1.074,572496,612383,False
2020-08-28,1.074,1.093,1.074,1.092,2810444,3055428,False
2020-08-31,1.095,1.101,1.086,1.086,2356723,2589155,False
2020-09-01,1.09,1.093,1.086,1.092,1277198,1394198,False
2020-09-02,1.092,1.093,1.082,1.089,451100,490628,False
2020-09-03,1.086,1.094,1.084,1.086,867471,945513,False
2020-09-04,1.079,1.079,1.068,1.078,483700,518509,False
2020-09-07,1.077,1.085,1.06,1.063,3173244,3420620,False
2020-09-08,1.066,1.068,1.056,1.067,2657581,2823354,False
2020-09-09,1.054,1.057,1.043,1.049,1078017,1136424,False
2020-09-10,1.054,1.056,1.035,1.038,3187100,3336292,False
2020-09-11,1.038,1.043,1.028,1.042,2010565,2076610,False
2020-09-14,1.039,1.048,1.039,1.044,1445300,1511356,False
2020-09-15,1.046,1.056,1.046,1.056,722800,759437,False
2020-09-16,1.056,1.057,1.05,1.053,637200,672580,False
2020-09-17,1.049,1.055,1.045,1.053,463145,488053,False
2020-09-18,1.053,1.071,1.053,1.07,1515200,1605576,False
2020-09-21,1.07,1.079,1.07,1.07,1484189,1596460,False
2020-09-22,1.058,1.062,1.049,1.051,1500600,1590168,False
2020-09-23,1.052,1.056,1.05,1.053,1612882,1696967,False
2020-09-24,1.052,1.052,1.031,1.032,3477200,3620862,False
2020-09-25,1.032,1.037,1.026,1.028,3921100,4049719,False
2020-09-28,1.028,1.034,1.028,1.028,2113097,2178934,False
2020-09-29,1.03,1.038,1.03,1.037,4325800,4480035,False
2020-09-30,1.038,1.039,1.028,1.031,2912000,3005866,False
2020-10-09,1.04,1.047,1.04,1.044,2778855,2897989,False
2020-10-12,1.059,1.072,1.056,1.071,3974025,4212806,False
2020-10-13,1.069,1.077,1.064,1.076,5020844,5382203,False
2020-10-14,1.075,1.075,1.068,1.071,3463400,3711532,False
2020-10-15,1.072,1.074,1.066,1.066,2195000,2353337,False
2020-10-16,1.066,1.066,1.058,1.06,3294800,3499640,False
2020-10-19,1.06,1.07,1.055,1.056,3360892,3567882,False
2020-10-20,1.054,1.06,1.048,1.06,5670054,5967537,False
2020-10-21,1.057,1.059,1.047,1.052,4589877,4833471,False
2020-10-22,1.046,1.048,1.04,1.047,3330800,3480655,False
2020-10-23,1.046,1.054,1.041,1.041,4582669,4802848,False
2020-10-26,1.041,1.047,1.038,1.045,1690000,1762213,False
2020-10-27,1.041,1.046,1.04,1.045,2268300,2370035,False
2020-10-28,1.046,1.054,1.037,1.051,3661082,3826299,False
2020-10-29,1.047,1.054,1.035,1.052,1751882,1826261,False
2020-10-30,1.055,1.061,1.04,1.04,1758600,1856367,False
2020-11-02,1.042,1.044,1.034,1.038,2272059,2360256,False
2020-11-03,1.039,1.058,1.039,1.057,2784161,2941457,False
2020-11-04,1.057,1.065,1.056,1.063,1631191,1728973,False
2020-11-05,1.064,1.083,1.064,1.083,973876,1047389,False
2020-11-06,1.083,1.087,1.079,1.085,2322191,2520606,False
2020-11-09,1.096,1.106,1.094,1.103,3060707,3373893,False
2020-11-10,1.1,1.1,1.093,1.095,2357611,2589401,False
2020-11-11,1.094,1.095,1.089,1.089,2265276,2476200,False
2020-11-12,1.088,1.093,1.088,1.093,1349815,1471671,False
2020-11-13,1.079,1.087,1.077,1.087,2591068,2798835,False
2020-11-16,1.088,1.096,1.085,1.095,1155400,1259313,False
2020-11-17,1.096,1.098,1.091,1.093,615578,674075,False
2020-11-18,1.096,1.1,1.094,1.099,1691860,1860100,False
2020-11-19,1.102,1.111,1.101,1.109,3475705,3847514,False
2020-11-20,1.107,1.116,1.107,1.115,4210307,4688903,False
2020-11-23,1.11,1.132,1.11,1.127,6467206,7244733,False
2020-11-24,1.126,1.133,1.125,1.131,4635168,5231483,False
2020-11-25,1.136,1.138,1.12,1.12,12973293,14723319,False
2020-11-26,1.118,1.119,1.11,1.118,4215499,4705316,False
2020-11-27,1.118,1.128,1.115,1.128,184446400,206181749,False
2020-11-30,1.129,1.144,1.126,1.127,48327042,55140133,False
2020-12-01,1.126,1.147,1.125,1.145,681974843,779134013,False
2020-12-02,1.146,1.148,1.141,1.146,1615066517,1848982388,False
2020-12-03,1.145,1.145,1.132,1.135,383980658,435678897,False
2020-12-04,1.125,1.133,1.124,1.131,15045674,16964403,False
2020-12-07,1.13,1.13,1.112,1.122,2624261,2961277,False
2020-12-08,1.121,1.122,1.116,1.119,1281729,1434978,False
2020-12-09,1.119,1.119,1.098,1.098,611936,681675,False
2020-12-10,1.097,1.102,1.095,1.101,328130,360345,False
2020-12-11,1.1,1.101,1.08,1.086,1170033,1268178,False
2020-12-14,1.085,1.093,1.083,1.091,16647325,18145273,False
2020-12-15,1.089,1.099,1.089,1.097,121325796,133120048,False
2020-12-16,1.097,1.1,1.095,1.095,23817236,26171961,False
2020-12-17,1.092,1.105,1.087,1.105,112857475,124155653,False
2020-12-18,1.106,1.111,1.104,1.105,4037186,4468590,False
2020-12-21,1.105,1.121,1.103,1.118,335568043,375627280,False
2020-12-22,1.117,1.117,1.094,1.094,212725400,236396136,False
2020-12-23,1.09,1.113,1.09,1.112,3851000,4243383,False
2020-12-24,1.113,1.125,1.111,1.114,3613288,4043158,False
2020-12-25,1.111,1.127,1.111,1.125,2817961,3167749,False
2020-12-28,1.126,1.126,1.117,1.119,3504954,3934156,False
2020-12-29,1.123,1.129,1.117,1.123,2600800,2912965,False
2020-12-30,1.123,1.134,1.122,1.13,1589825,1797526,False
2020-12-31,1.131,1.16,1.131,1.16,4689350,5396005,False
2021-01-04,1.183,1.188,1.16,1.187,42433223,50386631,False
2021-01-05,1.18,1.196,1.174,1.195,564303483,670806003,False
2021-01-06,1.196,1.205,1.19,1.201,3589520,4302122,False
2021-01-07,1.202,1.22,1.202,1.22,3062503,3713414,False
2021-01-08,1.22,1.228,1.213,1.219,2037531,2483371,False
2021-01-11,1.22,1.24,1.206,1.212,1301799,1595730,False
2021-01-12,1.211,1.243,1.211,1.243,1310600,1614103,False
2021-01-13,1.244,1.258,1.241,1.253,3649898,4561124,False
2021-01-14,1.254,1.259,1.23,1.233,4215431,5223568,False
2021-01-15,1.233,1.233,1.207,1.217,1733384,2113489,False
2021-01-18,1.217,1.242,1.215,1.239,793881,978039,False
2021-01-19,1.239,1.242,1.221,1.224,228000,280659,False
2021-01-20,1.21,1.234,1.21,1.234,551658,674552,False
2021-01-21,1.238,1.251,1.232,1.246,572227,710324,False
2021-01-22,1.243,1.247,1.236,1.247,1080500,1341638,False
2021-01-25,1.235,1.265,1.235,1.247,861596,1081828,False
2021-01-26,1.241,1.242,1.215,1.218,282700,346478,False
2021-01-27,1.218,1.223,1.209,1.222,252000,305828,False
2021-01-28,1.204,1.209,1.189,1.19,2976700,3564329,False
2021-01-29,1.19,1.2,1.16,1.175,1330900,1587493,False
2021-02-01,1.178,1.183,1.169,1.183,202335600,237840062,False
2021-02-02,1.182,1.196,1.182,1.196,200677000,238301558,False
2021-02-03,1.195,1.197,1.172,1.177,7360100,8786514,False
2021-02-04,1.176,1.176,1.145,1.157,1794760,2085378,False
2021-02-05,1.158,1.164,1.15,1.15,3942200,4576471,False
2021-02-08,1.151,1.166,1.151,1.162,609200,709203,False
2021-02-09,1.175,1.198,1.162,1.198,842500,987727,False
2021-02-10,1.199,1.215,1.198,1.215,612086,738243,False
2021-02-18,1.216,1.316,1.216,1.219,12003900,15431015,False
2021-02-19,1.218,1.229,1.21,1.229,1880279,2289047,False
2021-02-22,1.227,1.239,1.215,1.215,1255628,1543470,False
2021-02-23,1.214,1.226,1.211,1.213,999800,1215773,False
2021-02-24,1.214,1.223,1.182,1.194,690900,833435,False
2021-02-25,1.205,1.216,1.203,1.208,809289,976512,False
2021-02-26,1.202,1.202,1.176,1.182,1214140,1436745,False
2021-03-01,1.183,1.208,1.183,1.208,715378,855232,False
2021-03-02,1.213,1.216,1.197,1.206,6905052,8332129,False
2021-03-03,1.208,1.218,1.2,1.216,9869700,11901669,False
2021-03-04,1.216,1.216,1.187,1.19,719000,862135,False
2021-03-05,1.184,1.194,1.175,1.189,617425,730549,False
2021-03-08,1.189,1.199,1.154,1.154,2440000,2886495,False
2021-03-09,1.153,1.156,1.118,1.132,3947827,4499421,False
2021-03-10,1.137,1.138,1.125,1.128,433000,489734,False
2021-03-11,1.129,1.148,1.129,1.148,2644700,3017718,False
2021-03-12,1.149,1.167,1.148,1.164,1849200,2133297,False
2021-03-15,1.164,1.164,1.14,1.14,276600,317579,False
2021-03-16,1.141,1.159,1.141,1.154,1705400,1961232,False
2021-03-17,1.146,1.163,1.146,1.162,591400,685716,False
2021-03-18,1.163,1.168,1.161,1.164,169800,197857,False
2021-03-19,1.152,1.16,1.146,1.15,256700,295445,False
2021-03-22,1.151,1.169,1.151,1.169,461400,537732,False
2021-03-23,1.17,1.17,1.145,1.15,187800,216205,False
2021-03-24,1.149,1.149,1.128,1.129,1088829,1241945,False
2021-03-25,1.128,1.133,1.121,1.128,1099200,1241386,False
2021-03-26,1.134,1.157,1.134,1.156,5162400,5942086,False
2021-03-29,1.16,1.167,1.158,1.16,3641300,4231664,False
2021-03-30,1.157,1.166,1.154,1.163,1990087,2308480,False
2021-03-31,1.157,1.158,1.15,1.158,1433800,1657891,False
2021-04-01,1.159,1.167,1.158,1.166,226900,263304,False
2021-04-02,1.166,1.173,1.166,1.168,117400,137221,False
2021-04-06,1.166,1.17,1.165,1.168,192418,224637,False
2021-04-07,1.169,1.169,1.161,1.168,3212700,3738378,False
2021-04-08,1.165,1.17,1.163,1.165,2554800,2980926,False
2021-04-09,1.165,1.165,1.155,1.157,141972,164717,False
2021-04-12,1.158,1.158,1.138,1.139,1161640,1328611,False
2021-04-13,1.138,1.141,1.125,1.127,1162500,1323604,False
2021-04-14,1.135,1.145,1.135,1.145,375839,429525,False
2021-04-15,1.145,1.145,1.13,1.137,68500,77579,False
2021-04-16,1.14,1.148,1.14,1.145,3534500,4039557,False
2021-04-19,1.154,1.167,1.154,1.166,131800,152535,False
2021-04-20,1.165,1.169,1.163,1.164,354771,413579,False
2021-04-21,1.152,1.16,1.152,1.159,7850600,9084569,False
2021-04-22,1.158,1.163,1.137,1.162,1297500,1506089,False
2021-04-23,1.164,1.166,1.16,1.162,238200,276724,False
2021-04-26,1.166,1.174,1.156,1.156,985100,1144310,False
2021-04-27,1.153,1.153,1.145,1.149,1941200,2229974,False
2021-04-28,1.151,1.155,1.151,1.155,90600,104519,False
2021-04-29,1.161,1.167,1.158,1.166,87722,101976,False
2021-04-30,1.165,1.165,1.142,1.146,761400,874900,False
2021-05-06,1.145,1.154,1.144,1.149,48600,55900,False
2021-05-07,1.15,1.157,1.142,1.142,474238,543033,False
2021-05-10,1.143,1.148,1.14,1.142,1270600,1454324,False
2021-05-11,1.13,1.147,1.125,1.147,1170500,1339931,False
2021-05-12,1.147,1.148,1.142,1.147,143684,164446,False
2021-05-13,1.142,1.144,1.134,1.135,2900500,3297707,False
2021-05-14,1.135,1.155,1.135,1.155,1045280,1194555,False
2021-05-17,1.167,1.17,1.163,1.166,285700,333507,False
2021-05-18,1.166,1.176,1.166,1.176,3908730,4587497,False
2021-05-19,1.172,1.177,1.171,1.174,2417400,2840305,False
2021-05-20,1.17,1.175,1.165,1.169,6353543,7432457,False
2021-05-21,1.171,1.172,1.162,1.164,13062900,15203880,False
2021-05-24,1.165,1.166,1.16,1.166,16342700,19038623,False
2021-05-25,1.167,1.195,1.167,1.195,53854917,63860036,False
2021-05-26,1.195,1.199,1.193,1.197,20704600,24749150,False
2021-05-27,1.196,1.204,1.194,1.2,19723500,23668554,False
2021-05-28,1.195,1.209,1.195,1.203,23745035,28586005,False
2021-05-31,1.203,1.21,1.201,1.21,58202981,70117791,False
2021-06-01,1.204,1.208,1.197,1.207,47232330,56865527,False
2021-06-02,1.207,1.207,1.195,1.198,51639144,62093965,False
2021-06-03,1.198,1.201,1.189,1.192,20377296,24440430,False
2021-06-04,1.185,1.202,1.185,1.195,57359401,68707094,False
2021-06-07,1.196,1.201,1.195,1.198,32693699,39149491,False
2021-06-08,1.199,1.204,1.197,1.202,50685300,60913299,False
2021-06-09,1.202,1.206,1.199,1.203,51329223,61705852,False
2021-06-10,1.209,1.219,1.209,1.215,52850399,63946280,False
2021-06-11,1.21,1.218,1.203,1.203,17381200,21049405,False
2021-06-15,1.201,1.203,1.189,1.19,9402532,11214769,False
2021-06-16,1.186,1.191,1.178,1.183,2596058,3073431,False
2021-06-17,1.182,1.19,1.181,1.19,3852200,4576128,False
2021-06-18,1.19,1.196,1.187,1.195,23450300,27989771,False
2021-06-21,1.189,1.197,1.189,1.195,22974138,27423786,False
2021-06-22,1.199,1.203,1.196,1.201,56539977,67809081,False
2021-06-23,1.2,1.213,1.2,1.207,57473471,69388563,False
2021-06-24,1.208,1.212,1.206,1.209,62937629,76059233,False
2021-06-25,1.209,1.22,1.209,1.219,54651981,66569093,False
2021-06-28,1.221,1.222,1.216,1.22,33815200,41207649,False
2021-06-29,1.221,1.221,1.206,1.207,8940400,10809851,False
2021-06-30,1.207,1.217,1.207,1.217,2248400,2721378,False
2021-07-01,1.217,1.217,1.205,1.206,631062,764481,False
2021-07-02,1.2,1.2,1.188,1.188,1379900,1651175,False
2021-07-05,1.185,1.188,1.181,1.188,44623100,52781693,False
2021-07-06,1.19,1.196,1.185,1.195,52608600,62625865,False
2021-07-07,1.195,1.206,1.187,1.206,19122000,22923456,False
2021-07-08,1.205,1.207,1.2,1.204,11716740,14100662,False
2021-07-09,1.199,1.2,1.19,1.198,49581174,59347269,False
2021-07-12,1.198,1.221,1.198,1.22,9933200,12044521,False
2021-07-13,1.22,1.232,1.22,1.232,6915602,8499599,False
2021-07-14,1.233,1.233,1.218,1.218,5507600,6742535,False
2021-07-15,1.215,1.223,1.208,1.22,9436429,11489630,False
2021-07-16,1.219,1.231,1.219,1.224,8989070,11017015,False
2021-07-19,1.224,1.228,1.217,1.226,9638000,11789711,False
2021-07-20,1.221,1.225,1.215,1.224,7064790,8625552,False
2021-07-21,1.225,1.236,1.222,1.231,13853700,17035677,False
2021-07-22,1.234,1.243,1.234,1.241,21090917,26120229,False
2021-07-23,1.263,1.28,1.234,1.24,15972000,19779331,False
2021-07-26,1.241,1.244,1.215,1.23,8808725,10884744,False
2021-07-27,1.228,1.232,1.196,1.198,5594400,6846172,False
2021-07-28,1.205,1.205,1.162,1.18,2106500,2485016,False
2021-07-29,1.189,1.207,1.189,1.203,2502200,3001646,False
2021-07-30,1.198,1.213,1.195,1.212,2424600,2930198,False
2021-08-02,1.217,1.241,1.205,1.238,6606400,8099777,False
2021-08-03,1.238,1.247,1.231,1.234,1323400,1637940,False
2021-08-04,1.234,1.249,1.233,1.249,1167200,1446951,False
2021-08-05,1.249,1.251,1.242,1.242,1115610,1392283,False
2021-08-06,1.242,1.248,1.24,1.248,1598900,1989129,False
2021-08-09,1.247,1.263,1.247,1.262,12048700,15144257,False
2021-08-10,1.262,1.27,1.261,1.27,13173558,16652886,False
2021-08-11,1.272,1.285,1.272,1.281,14301380,18330678,False
2021-08-12,1.316,1.32,1.272,1.275,3459344,4423702,False
2021-08-13,1.279,1.279,1.259,1.264,2108500,2671230,False
2021-08-16,1.264,1.266,1.255,1.258,1009180,1271568,False
2021-08-17,1.259,1.267,1.237,1.237,2050970,2576989,False
2021-08-18,1.24,1.259,1.238,1.259,1984700,2479035,False
2021-08-19,1.277,1.277,1.249,1.258,1585300,1997265,False
2021-08-20,1.253,1.258,1.242,1.256,1341979,1679056,False
2021-08-23,1.261,1.284,1.261,1.282,7613500,9727385,False
2021-08-24,1.287,1.287,1.278,1.284,2097690,2688946,False
2021-08-25,1.284,1.3,1.283,1.297,12724017,16397285,False
2021-08-26,1.32,1.32,1.278,1.288,40880300,52767239,False
2021-08-27,1.279,1.282,1.271,1.282,835500,1066261,False
2021-08-30,1.28,1.297,1.28,1.293,2143072,2768674,False
2021-08-31,1.286,1.31,1.283,1.305,2549717,3303827,False
2021-09-01,1.328,1.328,1.298,1.311,6072299,7971551,False
2021-09-02,1.312,1.338,1.312,1.336,19597631,25911081,False
2021-09-03,1.336,1.345,1.319,1.324,7791300,10379171,False
2021-09-06,1.323,1.341,1.323,1.339,5773961,7678212,False
2021-09-07,1.326,1.366,1.326,1.364,13349958,18109682,False
2021-09-08,1.366,1.373,1.362,1.368,26523848,36254967,False
2021-09-09,1.364,1.385,1.358,1.383,8916012,12282324,False
2021-09-10,1.395,1.397,1.38,1.384,8925555,12432916,False
2021-09-13,1.389,1.399,1.381,1.397,5193900,7238624,False
2021-09-14,1.391,1.391,1.361,1.364,3600700,4969520,False
2021-09-15,1.363,1.377,1.357,1.368,2336700,3184409,False
2021-09-16,1.374,1.376,1.343,1.345,1794924,2448088,False
2021-09-17,1.345,1.366,1.332,1.353,1385100,1869572,False
2021-09-22,1.347,1.385,1.338,1.385,1845000,2516163,False
2021-09-23,1.388,1.402,1.379,1.385,4178200,5790057,False
2021-09-24,1.381,1.385,1.366,1.37,4075766,5622218,False
2021-09-27,1.369,1.376,1.325,1.333,3996400,5403264,False
2021-09-28,1.332,1.357,1.332,1.351,17344300,23392797,False
2021-09-29,1.336,1.346,1.316,1.321,3782400,5022295,False
2021-09-30,1.325,1.339,1.322,1.335,2269300,3025188,False
2021-10-08,1.336,1.35,1.318,1.327,1748000,2338168,False
2021-10-11,1.326,1.33,1.317,1.317,1722700,2280424,False
2021-10-12,1.311,1.317,1.278,1.295,3098100,4040622,False
2021-10-13,1.295,1.295,1.273,1.288,925100,1186571,False
2021-10-14,1.283,1.3,1.279,1.292,1383685,1786197,False
2021-10-15,1.288,1.299,1.287,1.294,1205500,1557025,False
2021-10-18,1.295,1.309,1.295,1.309,586820,761670,False
2021-10-19,1.303,1.317,1.3,1.314,1049900,1368869,False
2021-10-20,1.309,1.318,1.309,1.31,292900,384687,False
2021-10-21,1.311,1.318,1.306,1.312,1240800,1623689,False
2021-10-22,1.312,1.315,1.304,1.304,1436562,1882503,False
2021-10-25,1.299,1.321,1.299,1.32,2243100,2949256,False
2021-10-26,1.321,1.33,1.318,1.318,1318900,1746668,False
2021-10-27,1.322,1.322,1.31,1.311,1746800,2299679,False
2021-10-28,1.306,1.311,1.294,1.298,1995900,2604235,False
2021-10-29,1.297,1.308,1.288,1.307,1819100,2356209,False
2021-11-01,1.302,1.304,1.294,1.301,953751,1239255,False
2021-11-02,1.302,1.302,1.275,1.283,2489000,3218265,False
2021-11-03,1.283,1.295,1.282,1.285,1413600,1821711,False
2021-11-04,1.283,1.305,1.246,1.304,528800,685197,False
2021-11-05,1.299,1.299,1.281,1.281,809500,1044851,False
2021-11-08,1.279,1.284,1.278,1.283,373500,478790,False
2021-11-09,1.29,1.294,1.285,1.292,213400,274624,False
2021-11-10,1.32,1.32,1.273,1.289,168000,215924,False
2021-11-11,1.289,1.307,1.289,1.306,266265,347136,False
2021-11-12,1.307,1.319,1.307,1.316,926900,1216688,False
2021-11-15,1.321,1.323,1.302,1.307,686400,899088,False
2021-11-16,1.308,1.309,1.289,1.289,704300,919489,False
2021-11-17,1.289,1.302,1.282,1.302,669516,865999,False
2021-11-18,1.299,1.306,1.297,1.303,82300,107314,False
2021-11-19,1.302,1.32,1.302,1.32,1089200,1436261,False
2021-11-22,1.322,1.326,1.318,1.326,2026085,2684763,False
2021-11-23,1.326,1.333,1.323,1.326,553400,735170,False
2021-11-24,1.326,1.328,1.317,1.318,25681200,33882323,False
2021-11-25,1.32,1.33,1.318,1.325,1656959,2193128,False
2021-11-26,1.325,1.325,1.314,1.317,52946,69777,False
2021-11-29,1.313,1.32,1.3,1.314,750414,983408,False
2021-11-30,1.318,1.33,1.312,1.321,26291700,34653282,False
2021-12-01,1.316,1.327,1.316,1.327,2134600,2821684,False
2021-12-02,1.329,1.338,1.324,1.333,982732,1309483,False
2021-12-03,1.337,1.353,1.333,1.353,1769433,2380304,False
2021-12-06,1.353,1.366,1.347,1.35,1837051,2496146,False
2021-12-07,1.36,1.363,1.34,1.351,33357600,44881194,False
2021-12-08,1.351,1.361,1.346,1.36,4347700,5892755,False
2021-12-09,1.361,1.368,1.357,1.364,1660400,2261229,False
2021-12-10,1.36,1.36,1.346,1.351,1444600,1955142,False
2021-12-13,1.389,1.392,1.362,1.365,3037900,4159650,False
2021-12-14,1.364,1.364,1.353,1.358,3511600,4766305,False
2021-12-15,1.357,1.37,1.353,1.363,3996600,5448157,False
2021-12-16,1.363,1.376,1.361,1.376,1983200,2714763,False
2021-12-17,1.371,1.378,1.36,1.361,4288800,5856644,False
2021-12-20,1.36,1.362,1.339,1.34,1910200,2563201,False
2021-12-21,1.33,1.355,1.33,1.355,4091300,5518587,False
2021-12-22,1.354,1.356,1.346,1.352,91180600,123096200,False
2021-12-23,1.351,1.366,1.351,1.366,478958000,652407039,False
2021-12-24,1.366,1.366,1.35,1.357,383361500,519457502,False
2021-12-27,1.353,1.366,1.345,1.351,85393325,116092484,False
2021-12-28,1.352,1.354,1.34,1.353,677622,911401,False
2021-12-29,1.353,1.353,1.339,1.342,24674000,33135900,False
2021-12-30,1.339,1.359,1.339,1.351,758800,1023933,False
2021-12-31,1.346,1.365,1.346,1.364,3051100,4151176,False
2022-01-04,1.367,1.37,1.351,1.361,6967300,9491747,False
2022-01-05,1.355,1.355,1.33,1.335,1526700,2052705,False
2022-01-06,1.33,1.334,1.32,1.332,2806000,3729041,False
2022-01-07,1.334,1.349,1.33,1.331,11927900,15986548,False
2022-01-10,1.32,1.339,1.32,1.339,1606600,2134770,False
2022-01-11,1.338,1.346,1.325,1.327,992700,1319351,False
2022-01-12,1.327,1.333,1.323,1.333,1249493,1660719,False
2022-01-13,1.325,1.334,1.311,1.313,1824400,2408569,False
2022-01-14,1.304,1.304,1.292,1.292,1905500,2479576,False
2022-01-17,1.295,1.307,1.295,1.306,1003184,1308659,False
2022-01-18,1.307,1.336,1.307,1.333,864600,1144999,False
2022-01-19,1.333,1.34,1.32,1.323,365200,486978,False
2022-01-20,1.329,1.332,1.318,1.324,2089900,2768749,False
2022-01-21,1.319,1.319,1.299,1.304,656589,855873,False
2022-01-24,1.304,1.31,1.297,1.306,813000,1061661,False
2022-01-25,1.293,1.306,1.267,1.268,1150982,1470300,False
2022-01-26,1.268,1.285,1.268,1.285,1046625,1340733,False
2022-01-27,1.276,1.278,1.26,1.26,547000,694691,False
2022-01-28,1.265,1.265,1.24,1.248,2420600,3033338,False
2022-02-07,1.248,1.276,1.248,1.273,885000,1123142,False
2022-02-08,1.273,1.283,1.258,1.283,538800,684747,False
2022-02-09,1.279,1.297,1.279,1.297,217600,281184,False
2022-02-10,1.298,1.304,1.293,1.301,1246000,1621030,False
2022-02-11,1.301,1.306,1.287,1.291,994700,1287634,False
2022-02-14,1.295,1.297,1.265,1.27,1916000,2453750,False
2022-02-15,1.272,1.274,1.267,1.274,981700,1246774,False
2022-02-16,1.273,1.287,1.262,1.282,2326800,2979181,False
2022-02-17,1.277,1.283,1.274,1.28,1174500,1503540,False
2022-02-18,1.276,1.294,1.276,1.294,172700,222510,False
2022-02-21,1.294,1.297,1.29,1.297,955300,1235075,False
2022-02-22,1.292,1.292,1.272,1.279,959900,1226427,False
2022-02-23,1.283,1.294,1.282,1.294,835700,1071581,False
2022-02-24,1.294,1.294,1.264,1.272,1624200,2078836,False
2022-02-25,1.276,1.286,1.272,1.272,890700,1137477,False
2022-02-28,1.278,1.28,1.266,1.28,549500,699075,False
2022-03-01,1.283,1.294,1.283,1.294,967100,1244661,False
2022-03-02,1.294,1.294,1.288,1.293,1726300,2227143,False
2022-03-03,1.297,1.303,1.293,1.298,1045414,1357481,False
2022-03-04,1.298,1.298,1.278,1.284,1489000,1913793,False
2022-03-07,1.279,1.28,1.256,1.265,1192700,1519649,False
2022-03-08,1.26,1.26,1.227,1.231,902855,1123421,False
2022-03-09,1.236,1.236,1.168,1.214,1618700,1967891,False
2022-03-10,1.222,1.238,1.222,1.223,1039800,1273032,False
2022-03-11,1.218,1.224,1.191,1.224,2101700,2527057,False
2022-03-14,1.226,1.226,1.197,1.197,956100,1166116,False
2022-03-15,1.192,1.192,1.125,1.125,1851000,2158702,False
2022-03-16,1.127,1.164,1.104,1.159,2293170,2586359,False
2022-03-17,1.17,1.191,1.17,1.179,1131100,1333438,False
2022-03-18,1.174,1.194,1.171,1.193,4514000,5352545,False
2022-03-21,1.189,1.191,1.177,1.185,1375600,1624784,False
2022-03-22,1.189,1.196,1.185,1.191,1222300,1457903,False
2022-03-23,1.195,1.212,1.195,1.209,1156000,1389091,False
2022-03-24,1.209,1.209,1.196,1.197,2779615,3333854,False
2022-03-25,1.192,1.196,1.178,1.179,2840400,3369836,False
2022-03-28,1.168,1.186,1.157,1.178,103600,121318,False
2022-03-29,1.18,1.186,1.172,1.176,2549500,3007951,False
2022-03-30,1.179,1.201,1.179,1.201,631800,756929,False
2022-03-31,1.197,1.197,1.189,1.194,1542443,1839489,False
2022-04-01,1.183,1.205,1.183,1.205,1530300,1826157,False
2022-04-06,1.2,1.206,1.193,1.205,1336500,1608313,False
2022-04-07,1.201,1.208,1.191,1.193,1648200,1971536,False
2022-04-08,1.194,1.198,1.18,1.198,494500,589678,False
2022-04-11,1.187,1.187,1.16,1.164,797800,935819,False
2022-04-12,1.159,1.172,1.15,1.172,931200,1077519,False
2022-04-13,1.172,1.178,1.164,1.165,1599800,1873640,False
2022-04-14,1.17,1.19,1.17,1.185,1695900,1999029,False
2022-04-15,1.19,1.19,1.176,1.177,1282400,1515079,False
2022-04-18,1.17,1.175,1.168,1.172,1624800,1906802,False
2022-04-19,1.175,1.179,1.171,1.173,2133100,2506185,False
2022-04-20,1.18,1.18,1.153,1.161,2892900,3364212,False
2022-04-21,1.15,1.157,1.123,1.124,2858700,3246632,False
2022-04-22,1.115,1.139,1.115,1.134,2817000,3183215,False
2022-04-25,1.123,1.123,1.073,1.073,3216800,3543737,False
2022-04-26,1.073,1.09,1.06,1.06,10881598,11707076,False
2022-04-27,1.06,1.094,1.06,1.094,3982677,4283721,False
2022-04-28,1.095,1.112,1.092,1.106,4819200,5319518,False
2022-04-29,1.101,1.141,1.101,1.138,5462900,6092797,False
2022-05-05,1.142,1.144,1.134,1.14,1220300,1388502,False
2022-05-06,1.129,1.129,1.108,1.11,3049400,3399437,False
2022-05-09,1.109,1.115,1.103,1.107,662400,737476,False
2022-05-10,1.096,1.121,1.093,1.121,3186900,3541337,False
2022-05-11,1.124,1.138,1.122,1.122,1773600,1998031,False
2022-05-12,1.122,1.124,1.109,1.117,1227300,1373685,False
2022-05-13,1.123,1.129,1.12,1.129,911100,1026091,False
2022-05-16,1.14,1.14,1.126,1.131,2004800,2263815,False
2022-05-17,1.13,1.136,1.125,1.136,1412400,1599900,False
2022-05-18,1.135,1.142,1.127,1.136,699600,794587,False
2022-05-19,1.136,1.143,1.119,1.143,418500,471969,False
2022-05-20,1.143,1.159,1.143,1.159,1279300,1474342,False
2022-05-23,1.159,1.159,1.142,1.15,477100,549371,False
2022-05-24,1.15,1.152,1.121,1.121,266877,305646,False
2022-05-25,1.123,1.139,1.12,1.139,967700,1087627,False
2022-05-26,1.144,1.155,1.134,1.15,867200,989315,False
2022-05-27,1.158,1.161,1.145,1.154,920200,1060055,False
2022-05-30,1.17,1.17,1.15,1.158,2061200,2382736,False
2022-05-31,1.155,1.165,1.154,1.164,1627200,1886501,False
2022-06-01,1.164,1.171,1.161,1.171,1381000,1614221,False
2022-06-02,1.171,1.173,1.164,1.173,1052300,1230847,False
2022-06-06,1.173,1.185,1.164,1.185,1826800,2147723,False
2022-06-07,1.186,1.187,1.176,1.185,3587700,4238862,False
2022-06-08,1.187,1.192,1.171,1.189,3277000,3871732,False
2022-06-09,1.187,1.191,1.174,1.18,3452100,4088467,False
2022-06-10,1.172,1.191,1.172,1.191,5017600,5944366,False
2022-06-13,1.19,1.19,1.175,1.185,4095900,4845105,False
2022-06-14,1.195,1.23,1.157,1.188,4716800,5528123,False
2022-06-15,1.196,1.221,1.196,1.202,5304700,6379813,False
2022-06-16,1.202,1.21,1.193,1.194,2183000,2614501,False
2022-06-17,1.194,1.201,1.183,1.2,1588400,1901762,False
2022-06-20,1.2,1.21,1.2,1.207,2891259,3481866,False
2022-06-21,1.203,1.211,1.194,1.205,1735500,2095511,False
2022-06-22,1.2,1.204,1.184,1.184,2572200,3074609,False
2022-06-23,1.186,1.211,1.185,1.211,1124700,1340298,False
2022-06-24,1.211,1.219,1.209,1.217,4397300,5335611,False
2022-06-27,1.222,1.232,1.222,1.227,1398374,1717296,False
2022-06-28,1.225,1.243,1.225,1.243,1734533,2134387,False
2022-06-29,1.262,1.268,1.227,1.229,1215206,1507882,False
2022-06-30,1.234,1.241,1.225,1.234,2499800,3091575,False
2022-07-01,1.24,1.242,1.231,1.235,983526,1215937,False
2022-07-04,1.23,1.246,1.23,1.244,2086552,2589316,False
2022-07-05,1.252,1.253,1.232,1.246,1945700,2418613,False
2022-07-06,1.244,1.244,1.22,1.228,1907800,2339015,False
2022-07-07,1.231,1.24,1.229,1.237,17829100,22039233,False
2022-07-08,1.244,1.247,1.238,1.238,2962194,3683269,False
2022-07-11,1.233,1.233,1.222,1.229,1752600,2147677,False
2022-07-12,1.231,1.241,1.223,1.224,5174100,6396088,False
2022-07-13,1.227,1.232,1.223,1.227,2781900,3415780,False
2022-07-14,1.228,1.231,1.22,1.224,2404800,2948929,False
2022-07-15,1.222,1.229,1.21,1.21,2436100,2982143,False
2022-07-18,1.211,1.227,1.205,1.226,1530600,1860731,False
2022-07-19,1.226,1.229,1.221,1.228,2534900,3106102,False
2022-07-20,1.232,1.237,1.232,1.236,5405800,6671579,False
2022-07-21,1.236,1.236,1.216,1.217,1155500,1409979,False
2022-07-22,1.215,1.224,1.207,1.218,1881658,2288639,False
2022-07-25,1.218,1.218,1.203,1.206,4283000,5175136,False
2022-07-26,1.209,1.219,1.207,1.218,1644600,1997371,False
2022-07-27,1.216,1.219,1.214,1.217,3578500,4352425,False
2022-07-28,1.22,1.225,1.218,1.221,1719400,2101822,False
2022-07-29,1.221,1.228,1.207,1.207,4488400,5475501,False
2022-08-01,1.207,1.21,1.198,1.209,2363228,2842246,False
2022-08-02,1.197,1.197,1.169,1.177,2769700,3278814,False
2022-08-03,1.177,1.194,1.175,1.176,1309600,1560476,False
2022-08-04,1.181,1.182,1.176,1.182,2159600,2549853,False
2022-08-05,1.182,1.198,1.178,1.198,3440212,4068167,False
2022-08-08,1.201,1.202,1.196,1.202,827100,992065,False
2022-08-09,1.199,1.206,1.198,1.206,3521800,4234961,False
2022-08-10,1.203,1.204,1.196,1.201,2092900,2514481,False
2022-08-11,1.201,1.216,1.201,1.215,92200,111693,False
2022-08-12,1.21,1.216,1.21,1.213,268600,325490,False
2022-08-15,1.208,1.209,1.202,1.206,65100,78498,False
2022-08-16,1.209,1.21,1.2,1.202,1153300,1389535,False
2022-08-17,1.201,1.209,1.197,1.209,3236500,3889856,False
2022-08-18,1.207,1.207,1.2,1.2,814800,981614,False
2022-08-19,1.2,1.204,1.197,1.197,56400,67702,False
2022-08-22,1.192,1.208,1.192,1.208,35000,42127,False
2022-08-23,1.204,1.205,1.201,1.204,2575800,3098884,False
2022-08-24,1.204,1.205,1.176,1.176,3107500,3713438,False
2022-08-25,1.181,1.185,1.173,1.184,2676900,3158401,False
2022-08-26,1.187,1.191,1.179,1.18,2257700,2679715,False
2022-08-29,1.17,1.185,1.169,1.185,4972696,5862965,False
2022-08-30,1.187,1.189,1.181,1.184,3125100,3701765,False
2022-08-31,1.184,1.184,1.171,1.174,3205400,3770086,False
2022-09-01,1.175,1.183,1.169,1.169,2710900,3194686,False
2022-09-02,1.169,1.169,1.161,1.167,3939643,4591011,False
2022-09-05,1.164,1.167,1.161,1.166,2184700,2546405,False
2022-09-06,1.175,1.187,1.172,1.187,4657800,5487753,False
2022-09-07,1.187,1.19,1.182,1.189,4034525,4790717,False
2022-09-08,1.189,1.194,1.186,1.186,3197500,3806066,False
2022-09-09,1.194,1.202,1.191,1.199,3217118,3847810,False
2022-09-13,1.199,1.207,1.199,1.201,3550100,4273469,False
2022-09-14,1.192,1.198,1.189,1.193,3728000,4449230,False
2022-09-15,1.2,1.201,1.173,1.18,3109300,3709233,False
2022-09-16,1.182,1.182,1.16,1.16,3025300,3558013,False
2022-09-19,1.152,1.157,1.148,1.149,3193900,3675695,False
2022-09-20,1.153,1.155,1.148,1.148,1682400,1941507,False
2022-09-21,1.152,1.155,1.134,1.149,86794,99322,False
2022-09-22,1.145,1.149,1.144,1.148,410400,471049,False
2022-09-23,1.157,1.157,1.137,1.144,1564500,1798127,False
2022-09-26,1.135,1.141,1.121,1.121,2610200,2963343,False
2022-09-27,1.125,1.132,1.119,1.132,432400,484647,False
2022-09-28,1.126,1.126,1.113,1.113,2249500,2524803,False
2022-09-29,1.121,1.125,1.107,1.111,2706600,3029453,False
2022-09-30,1.115,1.115,1.107,1.109,1581500,1755880,False
2022-10-10,1.109,1.112,1.097,1.098,554600,613493,False
2022-10-11,1.098,1.108,1.097,1.103,427800,469601,False
2022-10-12,1.104,1.123,1.089,1.123,2711700,2984465,False
2022-10-13,1.119,1.127,1.117,1.122,5707100,6399296,False
2022-10-14,1.131,1.139,1.131,1.137,701200,795976,False
2022-10-17,1.137,1.146,1.137,1.146,3237900,3694029,False
2022-10-18,1.147,1.147,1.14,1.143,23000,26261,False
2022-10-19,1.139,1.141,1.132,1.132,31000,35296,False
2022-10-20,1.127,1.138,1.121,1.129,3282300,3716217,False
2022-10-21,1.132,1.139,1.129,1.133,2675200,3030390,False
2022-10-24,1.133,1.141,1.122,1.123,1354900,1530869,False
2022-10-25,1.119,1.131,1.113,1.12,2118700,2371001,False
2022-10-26,1.125,1.14,1.124,1.13,7696300,8736482,False
2022-10-27,1.132,1.138,1.129,1.131,512700,580484,False
2022-10-28,1.126,1.126,1.1,1.103,1963800,2205118,False
2022-10-31,1.097,1.105,1.087,1.097,3082000,3367015,False
2022-11-01,1.1,1.116,1.096,1.116,2556904,2822733,False
2022-11-02,1.114,1.129,1.114,1.128,758100,849324,False
2022-11-03,1.128,1.128,1.117,1.124,857600,962505,False
2022-11-04,1.128,1.144,1.128,1.143,1735100,1967203,False
2022-11-07,1.146,1.146,1.139,1.143,2418000,2760053,False
2022-11-08,1.138,1.143,1.138,1.143,1431600,1632268,False
2022-11-09,1.143,1.147,1.137,1.139,3664500,4186059,False
2022-11-10,1.13,1.132,1.123,1.126,2587500,2913418,False
2022-11-11,1.137,1.16,1.137,1.151,2160100,2481955,False
2022-11-14,1.162,1.163,1.146,1.15,1538755,1783792,False
2022-11-15,1.137,1.165,1.137,1.163,2535200,2930012,False
2022-11-16,1.163,1.169,1.159,1.162,3618700,4213108,False
2022-11-17,1.155,1.164,1.151,1.164,2332962,2696800,False
2022-11-18,1.167,1.172,1.162,1.162,3900200,4551737,False
2022-11-21,1.154,1.157,1.151,1.154,454600,524353,False
2022-11-22,1.16,1.187,1.159,1.179,10511400,12395501,False
2022-11-23,1.171,1.185,1.17,1.18,10167700,11982160,False
2022-11-24,1.2,1.2,1.166,1.169,11255700,13212920,False
2022-11-25,1.169,1.183,1.164,1.178,2178300,2561476,False
2022-11-28,1.169,1.172,1.154,1.171,2779000,3233503,False
2022-11-29,1.17,1.196,1.17,1.193,3727900,4422204,False
2022-11-30,1.193,1.195,1.188,1.192,1912800,2278564,False
2022-12-01,1.192,1.208,1.192,1.2,889400,1068950,False
2022-12-02,1.201,1.201,1.191,1.192,1579900,1887157,False
2022-12-05,1.24,1.26,1.204,1.229,7906100,9615595,False
2022-12-06,1.24,1.24,1.221,1.224,6425100,7876337,False
2022-12-07,1.225,1.228,1.212,1.217,59588300,72475711,False
2022-12-08,1.217,1.217,1.206,1.211,6008000,7273481,False
2022-12-09,1.21,1.215,1.2,1.211,9757500,11802965,False
2022-12-12,1.211,1.211,1.202,1.203,2613500,3148769,False
2022-12-13,1.203,1.204,1.195,1.196,4205900,5041443,False
2022-12-14,1.196,1.199,1.19,1.191,11944100,14259616,False
2022-12-15,1.191,1.197,1.187,1.191,13514900,16081375,False
2022-12-16,1.191,1.194,1.186,1.188,4542700,5402957,False
2022-12-19,1.19,1.19,1.158,1.167,6707500,7849239,False
2022-12-20,1.162,1.164,1.145,1.15,8277000,9519148,False
2022-12-21,1.15,1.153,1.143,1.146,33280700,38283668,False
2022-12-22,1.149,1.158,1.137,1.142,9502300,10921665,False
2022-12-23,1.144,1.151,1.138,1.146,5757800,6586957,False
2022-12-26,1.147,1.154,1.146,1.154,5641000,6483280,False
2022-12-27,1.154,1.16,1.152,1.158,18869700,21844638,False
2022-12-28,1.157,1.169,1.148,1.149,92790200,107096736,False
2022-12-29,1.144,1.152,1.142,1.148,5135100,5898280,False
2022-12-30,1.15,1.155,1.149,1.154,7829700,9026051,False
2023-01-03,1.151,1.174,1.15,1.173,6800800,7905216,False
2023-01-04,1.173,1.178,1.169,1.175,3653200,4288911,False
2023-01-05,1.176,1.185,1.174,1.183,10307300,12179556,False
2023-01-06,1.182,1.183,1.175,1.178,4718700,5560995,False
2023-01-09,1.179,1.183,1.173,1.175,1441657,1698900,False
2023-01-10,1.173,1.177,1.17,1.174,1191900,1397591,False
2023-01-11,1.175,1.181,1.17,1.173,1554300,1826494,False
2023-01-12,1.178,1.18,1.17,1.175,1527400,1797277,False
2023-01-13,1.176,1.181,1.172,1.18,2096600,2465923,False
2023-01-16,1.183,1.203,1.183,1.195,3200200,3830947,False
2023-01-17,1.198,1.199,1.191,1.196,2558900,3062386,False
2023-01-18,1.195,1.202,1.195,1.201,1607654,1926172,False
2023-01-19,1.199,1.215,1.199,1.214,5652727,6823209,False
2023-01-20,1.217,1.234,1.217,1.232,3651600,4480678,False
2023-01-30,1.232,1.253,1.232,1.235,3928500,4866137,False
2023-01-31,1.226,1.233,1.225,1.227,1737500,2134578,False
2023-02-01,1.232,1.241,1.225,1.24,21134600,26115101,False
2023-02-02,1.241,1.246,1.238,1.239,9090100,11302663,False
2023-02-03,1.239,1.239,1.222,1.236,2345486,2882766,False
2023-02-06,1.24,1.242,1.229,1.233,2478694,3055972,False
2023-02-07,1.234,1.238,1.231,1.238,6157272,7598576,False
2023-02-08,1.238,1.239,1.227,1.228,9575927,11782050,False
2023-02-09,1.228,1.244,1.223,1.244,9805500,12157178,False
2023-02-10,1.244,1.247,1.238,1.242,5977700,7438575,False
2023-02-13,1.243,1.246,1.238,1.246,10326700,12843515,False
2023-02-14,1.246,1.248,1.241,1.247,3847500,4787423,False
2023-02-15,1.246,1.252,1.24,1.251,6740400,8421760,False
2023-02-16,1.253,1.27,1.235,1.244,23674300,29762779,False
2023-02-17,1.237,1.243,1.219,1.219,4073500,5016127,False
2023-02-20,1.268,1.268,1.22,1.258,17951500,22421283,False
2023-02-21,1.257,1.272,1.256,1.268,17404426,21976829,False
2023-02-22,1.264,1.266,1.257,1.261,9707126,12255046,False
2023-02-23,1.261,1.264,1.246,1.253,3940300,4937046,False
2023-02-24,1.253,1.257,1.243,1.249,4476513,5596223,False
2023-02-27,1.246,1.255,1.243,1.245,2731800,3406256,False
2023-02-28,1.255,1.262,1.244,1.259,14604000,18323120,False
2023-03-01,1.259,1.288,1.258,1.285,6535314,8341593,False
2023-03-02,1.285,1.298,1.283,1.292,25080500,32331270,False
2023-03-03,1.292,1.307,1.285,1.307,20503700,26649820,False
2023-03-06,1.312,1.438,1.3,1.306,14531500,18994652,False
2023-03-07,1.306,1.314,1.284,1.287,21233300,27761738,False
2023-03-08,1.287,1.291,1.277,1.291,15188500,19491266,False
2023-03-09,1.289,1.293,1.276,1.286,14868600,19137925,False
2023-03-10,1.271,1.282,1.267,1.267,8157200,10405424,False
2023-03-13,1.271,1.301,1.269,1.3,23913800,30867972,False
2023-03-14,1.301,1.305,1.283,1.293,10756300,13938530,False
2023-03-15,1.297,1.308,1.295,1.302,15360715,19972541,False
2023-03-16,1.303,1.305,1.279,1.281,7893500,10180575,False
2023-03-17,1.285,1.323,1.285,1.315,23170100,30365320,False
2023-03-20,1.32,1.332,1.298,1.299,28119390,36946085,False
2023-03-21,1.298,1.308,1.291,1.304,21233637,27614438,False
2023-03-22,1.305,1.31,1.292,1.309,13626100,17774660,False
2023-03-23,1.302,1.338,1.3,1.337,24678149,32614680,False
2023-03-24,1.338,1.338,1.311,1.325,92733400,122421350,False
2023-03-27,1.32,1.323,1.296,1.306,15576800,20378564,False
2023-03-28,1.307,1.313,1.298,1.301,11494600,15001867,False
2023-03-29,1.301,1.301,1.281,1.296,10416700,13469429,False
2023-03-30,1.295,1.302,1.276,1.296,12553100,16223094,False
2023-03-31,1.295,1.309,1.289,1.307,14766100,19207811,False
2023-04-03,1.307,1.332,1.306,1.33,11966600,15817995,False
2023-04-04,1.326,1.355,1.32,1.351,14179500,19047743,False
2023-04-06,1.355,1.359,1.337,1.347,12582300,16929596,False
2023-04-07,1.346,1.364,1.346,1.358,113384500,154290983,False
2023-04-10,1.359,1.373,1.344,1.347,17261301,23439223,False
2023-04-11,1.343,1.347,1.334,1.343,15390500,20626190,False
2023-04-12,1.338,1.369,1.338,1.368,56322171,76962687,False
2023-04-13,1.368,1.37,1.35,1.351,98070400,132915668,False
2023-04-14,1.35,1.365,1.347,1.362,16674710,22622254,False
2023-04-17,1.364,1.374,1.351,1.371,22266940,30439654,False
2023-04-18,1.371,1.378,1.359,1.375,21702301,29752558,False
2023-04-19,1.379,1.379,1.361,1.364,33076800,45384584,False
2023-04-20,1.364,1.378,1.357,1.378,22572500,30795408,False
2023-04-21,1.378,1.383,1.339,1.34,33478300,45666564,False
2023-04-24,1.34,1.346,1.323,1.331,35504000,47499691,False
2023-04-25,1.338,1.338,1.303,1.317,39120100,51620666,False
2023-04-26,1.317,1.317,1.29,1.294,39262000,51081819,False
2023-04-27,1.294,1.306,1.288,1.304,73856400,96048622,False
2023-04-28,1.304,1.329,1.3,1.328,40279100,53041682,False
2023-05-04,1.323,1.327,1.307,1.327,41554100,54843408,False
2023-05-05,1.325,1.331,1.312,1.313,149242764,196395121,False
2023-05-08,1.318,1.352,1.318,1.352,65161500,87260093,False
2023-05-09,1.36,1.367,1.33,1.331,76439551,103227507,False
2023-05-10,1.33,1.333,1.311,1.319,57693900,76233299,False
2023-05-11,1.319,1.326,1.306,1.307,41344800,54227692,False
2023-05-12,1.309,1.314,1.288,1.288,60288200,78261462,False
2023-05-15,1.283,1.299,1.27,1.299,78723800,100867514,False
2023-05-16,1.305,1.305,1.28,1.283,71869020,92783793,False
2023-05-17,1.283,1.286,1.272,1.28,72376600,92479697,False
2023-05-18,1.28,1.299,1.28,1.291,64237800,82909114,False
2023-05-19,1.29,1.292,1.279,1.286,58535822,75275770,False
2023-05-22,1.278,1.289,1.278,1.286,46309482,59487221,False
2023-05-23,1.286,1.287,1.265,1.266,54524569,69552371,False
2023-05-24,1.256,1.27,1.244,1.245,71430000,89412289,False
2023-05-25,1.243,1.253,1.23,1.245,93570927,116135008,False
2023-05-26,1.245,1.256,1.238,1.254,74536800,92811338,False
2023-05-29,1.256,1.266,1.255,1.26,59545600,75135450,False
2023-05-30,1.261,1.277,1.255,1.277,69219000,87698188,False
2023-05-31,1.268,1.278,1.268,1.273,67304100,85681825,False
2023-06-01,1.274,1.291,1.268,1.282,60431900,77270024,False
2023-06-02,1.285,1.29,1.28,1.288,59678100,76732825,False
2023-06-05,1.29,1.291,1.28,1.284,66233900,85191904,False
2023-06-06,1.284,1.29,1.264,1.267,63203800,80984559,False
2023-06-07,1.265,1.272,1.263,1.268,57192600,72526393,False
2023-06-08,1.268,1.277,1.258,1.275,68238500,86435909,False
2023-06-09,1.274,1.285,1.267,1.285,64561300,82261057,False
2023-06-12,1.285,1.287,1.277,1.277,54284000,69551093,False
2023-06-13,1.281,1.289,1.273,1.288,63232900,81033857,False
2023-06-14,1.29,1.293,1.285,1.285,56016200,72243123,False
2023-06-15,1.288,1.296,1.287,1.294,53414400,68931775,False
2023-06-16,1.304,1.317,1.297,1.315,66026100,86360540,False
2023-06-19,1.318,1.318,1.306,1.314,59717300,78298924,False
2023-06-20,1.319,1.321,1.31,1.318,58010300,76297596,False
2023-06-21,1.318,1.318,1.296,1.297,66645100,87222984,False
2023-06-26,1.291,1.294,1.27,1.273,65601200,84076647,False
2023-06-27,1.269,1.297,1.269,1.293,94335500,121019313,False
2023-06-28,1.294,1.295,1.275,1.291,64511400,82898894,False
2023-06-29,1.293,1.298,1.289,1.294,59267300,76635821,False
2023-06-30,1.295,1.303,1.292,1.299,52223900,67774860,False
2023-07-03,1.304,1.316,1.299,1.316,65439500,85611931,False
2023-07-04,1.314,1.324,1.312,1.324,70479200,93028682,False
2023-07-05,1.324,1.325,1.313,1.316,59846800,78913010,False
2023-07-06,1.317,1.32,1.306,1.308,55154500,72506930,False
2023-07-07,1.308,1.314,1.296,1.305,57090300,74354373,False
2023-07-10,1.31,1.315,1.299,1.305,57542300,75079539,False
2023-07-11,1.311,1.316,1.306,1.316,53220900,69728493,False
2023-07-12,1.316,1.316,1.294,1.297,62282300,81399345,False
2023-07-13,1.302,1.313,1.301,1.312,56156671,73358034,False
2023-07-14,1.315,1.328,1.315,1.322,63435400,83867224,False
2023-07-17,1.315,1.32,1.312,1.318,38297912,50412627,False
2023-07-18,1.321,1.321,1.311,1.311,46445500,61087800,False
2023-07-19,1.311,1.316,1.305,1.313,67373700,88345550,False
2023-07-20,1.32,1.32,1.291,1.295,57694600,75375006,False
2023-07-21,1.295,1.296,1.284,1.288,52320400,67504016,False
2023-07-24,1.288,1.297,1.281,1.291,83741109,108000559,False
2023-07-25,1.306,1.318,1.3,1.317,72303545,94841116,False
2023-07-26,1.321,1.321,1.304,1.306,58948000,77157182,False
2023-07-27,1.304,1.315,1.3,1.303,115051712,150780728,False
2023-07-28,1.302,1.328,1.296,1.326,87223100,114428370,False
2023-07-31,1.326,1.343,1.32,1.337,58547300,78336691,False
2023-08-01,1.338,1.338,1.329,1.332,52788500,70346875,False
2023-08-02,1.333,1.335,1.32,1.324,52963100,70309681,False
2023-08-03,1.325,1.33,1.318,1.328,82912000,109921045,False
2023-08-04,1.332,1.346,1.332,1.339,61955990,83071343,False
2023-08-07,1.339,1.339,1.328,1.331,63912500,85231142,False
2023-08-08,1.332,1.333,1.325,1.328,48551993,64523387,False
2023-08-09,1.329,1.331,1.316,1.317,47977800,63516608,False
2023-08-10,1.316,1.325,1.314,1.322,62282500,82187834,False
2023-08-11,1.326,1.326,1.296,1.296,98395800,129846093,False
2023-08-14,1.283,1.303,1.281,1.3,60088000,77444118,False
2023-08-15,1.299,1.304,1.286,1.296,47886000,62099409,False
2023-08-16,1.296,1.298,1.273,1.276,60626400,77847507,False
2023-08-17,1.269,1.285,1.261,1.284,39710100,50452324,False
2023-08-18,1.283,1.29,1.266,1.268,41585716,53154354,False
2023-08-21,1.268,1.275,1.256,1.256,44298600,56212547,False
2023-08-22,1.257,1.281,1.257,1.28,59657091,75507103,False
2023-08-23,1.283,1.283,1.254,1.257,47498000,60212294,False
2023-08-24,1.256,1.26,1.241,1.243,91179600,113714010,False
2023-08-25,1.24,1.24,1.226,1.232,68639800,84696528,False
2023-08-28,1.273,1.301,1.242,1.246,43606198,54865818,False
2023-08-29,1.24,1.266,1.24,1.263,39928200,50157870,False
2023-08-30,1.263,1.275,1.26,1.266,45742400,57978637,False
2023-08-31,1.259,1.267,1.254,1.259,43261500,54485192,False
2023-09-01,1.265,1.27,1.256,1.262,46026000,58019583,False
2023-09-04,1.263,1.284,1.263,1.284,42851840,54724973,False
2023-09-05,1.283,1.283,1.269,1.272,44498700,56727841,False
2023-09-06,1.27,1.274,1.26,1.274,32095300,40616193,False
2023-09-07,1.274,1.274,1.255,1.256,51246000,64775952,False
2023-09-08,1.262,1.263,1.248,1.255,40414900,50623026,False
2023-09-11,1.255,1.271,1.253,1.263,47365100,59640424,False
2023-09-12,1.261,1.263,1.258,1.261,45011300,56748211,False
2023-09-13,1.267,1.267,1.245,1.252,51781700,64906328,False
2023-09-14,1.252,1.26,1.246,1.255,54738600,68700876,False
2023-09-15,1.254,1.26,1.242,1.248,46306300,57995837,False
2023-09-18,1.247,1.249,1.239,1.243,55418000,68933292,False
2023-09-19,1.244,1.244,1.235,1.237,42119000,52132446,False
2023-09-20,1.235,1.238,1.23,1.231,49079000,60568608,False
2023-09-21,1.231,1.238,1.223,1.223,38333200,47148859,False
2023-09-22,1.223,1.249,1.222,1.249,70607700,87299776,False
2023-09-25,1.252,1.252,1.237,1.237,49696000,61690017,False
2023-09-26,1.242,1.242,1.232,1.233,52719300,65174328,False
2023-09-27,1.233,1.238,1.229,1.233,50531100,62280789,False
2023-09-28,1.231,1.238,1.231,1.236,44418100,54892856,False
2023-10-09,1.235,1.242,1.225,1.237,46593200,57466000,False
2023-10-10,1.239,1.243,1.225,1.229,30936700,38112531,False
2023-10-11,1.226,1.238,1.226,1.231,44731800,55123746,False
2023-10-12,1.236,1.243,1.233,1.241,55950700,69304043,False
2023-10-13,1.24,1.24,1.224,1.228,59352600,72942969,False
2023-10-16,1.222,1.23,1.216,1.219,69464200,84915352,False
2023-10-17,1.222,1.231,1.221,1.23,70662100,86478170,False
2023-10-18,1.226,1.227,1.22,1.22,45620100,55779469,False
2023-10-19,1.21,1.23,1.2,1.201,41948500,50839030,False
2023-10-20,1.199,1.199,1.183,1.186,37815927,45134449,False
2023-10-23,1.18,1.187,1.165,1.172,51038580,60087067,False
2023-10-24,1.17,1.175,1.16,1.17,49779100,58054645,False
2023-10-25,1.176,1.188,1.176,1.18,37221896,44047092,False
2023-10-26,1.167,1.184,1.167,1.184,46405200,54553736,False
2023-10-27,1.182,1.198,1.181,1.194,33030800,39315439,False
2023-10-30,1.186,1.196,1.185,1.194,69526000,82815963,False
2023-10-31,1.194,1.194,1.185,1.192,34288900,40743491,False
2023-11-01,1.189,1.191,1.183,1.187,44923300,53331508,False
2023-11-02,1.187,1.194,1.181,1.182,41309600,49116180,False
2023-11-03,1.185,1.195,1.185,1.19,31776625,37776146,False
2023-11-06,1.19,1.2,1.19,1.199,45488300,54383494,False
2023-11-07,1.197,1.203,1.193,1.201,115926200,138927645,False
2023-11-08,1.2,1.204,1.193,1.2,54932900,65891202,False
2023-11-09,1.194,1.205,1.18,1.203,32566200,39157878,False
2023-11-10,1.2,1.201,1.188,1.194,27208700,32425970,False
2023-11-13,1.196,1.207,1.195,1.204,24325400,29155944,False
2023-11-14,1.205,1.211,1.201,1.206,21213500,25615633,False
2023-11-15,1.212,1.218,1.207,1.215,22253683,26991804,False
2023-11-16,1.215,1.215,1.203,1.205,14325700,17289555,False
2023-11-17,1.206,1.214,1.195,1.201,15536400,18618467,False
2023-11-20,1.201,1.21,1.197,1.207,13765600,16556018,False
2023-11-21,1.203,1.216,1.202,1.205,14636600,17735935,False
2023-11-22,1.205,1.205,1.193,1.193,15329000,18372052,False
2023-11-23,1.193,1.204,1.189,1.202,109573000,131483428,False
2023-11-24,1.206,1.208,1.191,1.195,16564000,19851908,False
2023-11-27,1.195,1.205,1.188,1.195,20223100,24101397,False
2023-11-28,1.193,1.197,1.189,1.195,17673700,21095844,False
2023-11-29,1.195,1.195,1.184,1.188,14549900,17298589,False
2023-11-30,1.188,1.192,1.184,1.189,19374700,23041154,False
2023-12-01,1.184,1.195,1.181,1.195,29770700,35329692,False
2023-12-04,1.205,1.205,1.193,1.195,27612300,33048331,False
2023-12-05,1.195,1.195,1.167,1.169,23299600,27492808,False
2023-12-06,1.169,1.172,1.162,1.164,20643300,24077317,False
2023-12-07,1.164,1.168,1.159,1.164,19883184,23098501,False
2023-12-08,1.167,1.172,1.162,1.165,19891500,23202344,False
2023-12-11,1.165,1.18,1.15,1.179,16432500,19090307,False
2023-12-12,1.173,1.186,1.173,1.185,17483100,20659984,False
2023-12-13,1.185,1.185,1.172,1.174,12769500,15061699,False
2023-12-14,1.18,1.181,1.167,1.167,16982500,19952417,False
2023-12-15,1.166,1.175,1.161,1.163,13657200,15966267,False
2023-12-18,1.16,1.166,1.153,1.156,15907800,18478419,False
2023-12-19,1.156,1.159,1.149,1.155,15559100,17941025,False
2023-12-20,1.159,1.159,1.141,1.143,15720100,18129642,False
2023-12-21,1.137,1.151,1.135,1.149,18142400,20705890,False
2023-12-22,1.149,1.16,1.148,1.151,23925800,27573670,False
2023-12-25,1.157,1.159,1.151,1.159,28083400,32404365,False
2023-12-26,1.157,1.157,1.147,1.151,18953100,21806252,False
2023-12-27,1.15,1.16,1.148,1.159,19444500,22410655,False
2023-12-28,1.153,1.175,1.153,1.171,22539400,26312710,False
2023-12-29,1.171,1.179,1.171,1.179,23264289,27328302,False
2024-01-02,1.176,1.18,1.173,1.174,18704389,22000319,False
2024-01-03,1.174,1.176,1.167,1.174,20104700,23551878,False
2024-01-04,1.173,1.173,1.156,1.163,18234800,21178005,False
2024-01-05,1.164,1.168,1.147,1.153,20389631,23658085,False
2024-01-08,1.149,1.149,1.132,1.136,19219200,21898795,False
2024-01-09,1.136,1.136,1.125,1.131,14859000,16824096,False
2024-01-10,1.131,1.132,1.121,1.122,18372700,20647790,False
2024-01-11,1.12,1.126,1.115,1.122,11788000,13189101,False
2024-01-12,1.122,1.128,1.119,1.119,14608200,16416387,False
2024-01-15,1.118,1.13,1.115,1.125,17587300,19780348,False
2024-01-16,1.122,1.126,1.112,1.126,15102000,16950537,False
2024-01-17,1.126,1.126,1.105,1.106,15307000,17085893,False
2024-01-18,1.102,1.114,1.076,1.112,22048700,24041002,False
2024-01-19,1.105,1.113,1.102,1.106,22639500,25078579,False
2024-01-22,1.102,1.107,1.074,1.081,16798100,18503635,False
2024-01-23,1.081,1.092,1.07,1.088,35383900,38369180,False
2024-01-24,1.088,1.115,1.082,1.115,26191101,28570580,False
2024-01-25,1.115,1.165,1.113,1.164,117836734,134591563,False
2024-01-26,1.164,1.169,1.153,1.167,72971034,84659686,False
2024-01-29,1.164,1.181,1.156,1.161,56434500,65959035,False
2024-01-30,1.155,1.166,1.142,1.143,40472000,46815505,False
2024-01-31,1.135,1.146,1.121,1.129,47571100,53837933,False
2024-02-01,1.128,1.134,1.11,1.121,41865500,46986527,False
2024-02-02,1.118,1.128,1.077,1.107,34384200,38192197,False
2024-02-05,1.105,1.119,1.073,1.106,32724500,35876889,False
2024-02-06,1.083,1.145,1.083,1.143,29294712,32920957,False
2024-02-07,1.14,1.161,1.133,1.161,30479800,35093282,False
2024-02-08,1.186,1.186,1.161,1.171,35546800,41577360,False
2024-02-19,1.176,1.19,1.172,1.189,26370100,31154368,False
2024-02-20,1.19,1.194,1.179,1.189,19630200,23272672,False
2024-02-21,1.183,1.213,1.176,1.199,22873569,27485337,False
2024-02-22,1.199,1.213,1.197,1.212,28207100,34051718,False
2024-02-23,1.213,1.218,1.204,1.215,18110582,21937116,False
2024-02-26,1.215,1.219,1.201,1.203,17371700,21032861,False
2024-02-27,1.2,1.226,1.195,1.226,21872000,26449187,False
2024-02-28,1.226,1.23,1.208,1.209,36474000,44611251,False
2024-02-29,1.199,1.233,1.199,1.232,27593000,33720157,False
2024-03-01,1.235,1.243,1.228,1.242,31409700,38871973,False
2024-03-04,1.239,1.244,1.232,1.244,11194000,13881138,False
2024-03-05,1.243,1.253,1.235,1.251,24804565,30905400,False
2024-03-06,1.25,1.255,1.245,1.249,17368100,21687993,False
2024-03-07,1.248,1.256,1.237,1.238,21465000,26804149,False
2024-03-08,1.238,1.25,1.233,1.249,19897900,24675019,False
2024-03-11,1.248,1.253,1.242,1.252,14531400,18103474,False
2024-03-12,1.251,1.253,1.239,1.24,15162700,18837594,False
2024-03-13,1.238,1.246,1.235,1.239,17174100,21284565,False
2024-03-14,1.238,1.244,1.229,1.236,15445700,19115207,False
2024-03-15,1.233,1.24,1.223,1.239,32620800,40114752,False
2024-03-18,1.235,1.256,1.235,1.256,15145000,18911527,False
2024-03-19,1.257,1.257,1.243,1.243,14002700,17489381,False
2024-03-20,1.244,1.251,1.242,1.248,11726700,14613866,False
2024-03-21,1.25,1.253,1.244,1.25,15894400,19862968,False
2024-03-22,1.25,1.25,1.228,1.238,29703900,36713940,False
2024-03-25,1.235,1.25,1.231,1.232,18644600,23111203,False
2024-03-26,1.229,1.235,1.222,1.23,18828600,23174788,False
2024-03-27,1.23,1.23,1.214,1.215,24952000,30505695,False
2024-03-28,1.214,1.237,1.211,1.231,12207300,14977336,False
2024-03-29,1.23,1.242,1.227,1.24,25984000,32071091,False
2024-04-01,1.245,1.254,1.242,1.248,16762400,20934112,False
2024-04-02,1.247,1.25,1.24,1.245,16195200,20169174,False
2024-04-03,1.243,1.243,1.235,1.24,13643400,16880918,False
2024-04-08,1.234,1.251,1.231,1.238,21695400,26986231,False
2024-04-09,1.237,1.239,1.227,1.232,16805500,20681198,False
2024-04-10,1.232,1.232,1.217,1.223,18689399,22892094,False
2024-04-11,1.222,1.238,1.222,1.231,16317800,20114681,False
2024-04-12,1.234,1.234,1.221,1.222,15709681,19318339,False
2024-04-15,1.222,1.261,1.222,1.259,22433200,28055733,False
2024-04-16,1.265,1.27,1.244,1.249,22574400,28277320,False
2024-04-17,1.241,1.271,1.236,1.271,16496400,20667739,False
2024-04-18,1.27,1.275,1.261,1.264,15503700,19655407,False
2024-04-19,1.261,1.27,1.259,1.264,13582300,17172995,False
2024-04-22,1.268,1.269,1.254,1.256,14469600,18230096,False
2024-04-23,1.3,1.302,1.232,1.236,38710600,48353896,False
2024-04-24,1.235,1.252,1.235,1.248,47385200,58961924,False
2024-04-25,1.248,1.249,1.241,1.245,25031700,31184111,False
2024-04-26,1.245,1.259,1.245,1.259,15665700,19653482,False
2024-04-29,1.3,1.305,1.248,1.261,14648400,18483057,False
2024-04-30,1.26,1.26,1.249,1.25,10254300,12848371,False
2024-05-06,1.258,1.262,1.252,1.258,14867400,18669131,False
2024-05-07,1.253,1.262,1.252,1.261,16693000,21011743,False
2024-05-08,1.261,1.261,1.249,1.252,19359700,24269655,False
2024-05-09,1.252,1.268,1.252,1.267,22688100,28645065,False
2024-05-10,1.268,1.272,1.261,1.269,19375100,24548388,False
2024-05-13,1.267,1.282,1.261,1.278,15344165,19598481,False
2024-05-14,1.278,1.28,1.27,1.274,20025000,25492273,False
2024-05-15,1.274,1.274,1.258,1.259,49740100,63229025,False
2024-05-16,1.265,1.27,1.258,1.26,29945100,37863441,False
2024-05-17,1.26,1.276,1.26,1.275,11627800,14688308,False
2024-05-20,1.276,1.285,1.272,1.284,18054300,23128454,False
2024-05-21,1.258,1.284,1.258,1.277,15512900,19819921,False
2024-05-22,1.275,1.281,1.272,1.278,11354500,14508102,False
2024-05-23,1.278,1.278,1.257,1.261,14142600,17885215,False
2024-05-24,1.26,1.266,1.252,1.253,12248800,15429395,False
2024-05-27,1.257,1.274,1.254,1.272,13507860,17080044,False
2024-05-28,1.27,1.275,1.266,1.268,7022000,8927344,False
2024-05-29,1.268,1.273,1.264,1.266,8486200,10759441,False
2024-05-30,1.263,1.274,1.263,1.266,10299900,13052678,False
2024-05-31,1.267,1.27,1.264,1.265,11933400,15124326,False
2024-06-03,1.264,1.273,1.261,1.266,7928700,10041146,False
2024-06-04,1.268,1.285,1.266,1.281,13582707,17354603,False
2024-06-05,1.282,1.289,1.275,1.278,12933900,16597618,False
2024-06-06,1.279,1.29,1.276,1.279,15177706,19467881,False
2024-06-07,1.279,1.285,1.272,1.284,10713300,13713613,False
2024-06-11,1.28,1.28,1.265,1.274,7301600,9278257,False
2024-06-12,1.274,1.278,1.267,1.277,10452187,13293927,False
2024-06-13,1.275,1.278,1.268,1.272,4850200,6169913,False
2024-06-14,1.269,1.275,1.267,1.273,6491400,8254423,False
2024-06-17,1.273,1.276,1.266,1.268,4770300,6058441,False
2024-06-18,1.267,1.28,1.267,1.28,12423900,15844640,False
2024-06-19,1.28,1.28,1.273,1.275,7504300,9573651,False
2024-06-20,1.271,1.273,1.263,1.265,8582500,10876948,False
2024-06-21,1.265,1.27,1.259,1.269,7677300,9712021,False
2024-06-24,1.27,1.27,1.254,1.255,25964900,32749020,False
2024-06-25,1.254,1.258,1.241,1.247,12923800,16154880,False
2024-06-26,1.246,1.26,1.238,1.259,17255200,21516801,False
2024-06-27,1.263,1.263,1.246,1.248,16754100,20947227,False
2024-06-28,1.244,1.273,1.244,1.268,27567700,34789918,False
2024-07-01,1.26,1.284,1.26,1.284,25413600,32428371,False
2024-07-02,1.284,1.284,1.274,1.278,20133600,25755156,False
2024-07-03,1.277,1.278,1.268,1.273,17421200,22149741,False
2024-07-04,1.273,1.278,1.262,1.265,19495600,24705012,False
2024-07-05,1.263,1.264,1.246,1.263,22741100,28534128,False
2024-07-08,1.268,1.268,1.251,1.254,12588200,15817542,False
2024-07-09,1.249,1.269,1.245,1.267,15957000,20047584,False
2024-07-10,1.267,1.267,1.253,1.255,7432865,9345950,False
2024-07-11,1.255,1.273,1.255,1.272,9561100,12115582,False
2024-07-12,1.271,1.274,1.264,1.267,8216900,10414542,False
2024-07-15,1.267,1.273,1.262,1.269,7167100,9094174,False
2024-07-16,1.269,1.279,1.267,1.278,8609500,10960366,False
2024-07-17,1.28,1.28,1.266,1.269,11583400,14712863,False
2024-07-18,1.269,1.282,1.261,1.282,13513300,17251550,False
2024-07-19,1.282,1.287,1.274,1.285,11837700,15169326,False
2024-07-22,1.285,1.288,1.275,1.28,12833200,16422978,False
2024-07-23,1.279,1.279,1.258,1.259,13733100,17454881,False
2024-07-24,1.259,1.267,1.254,1.26,12415000,15638982,False
2024-07-25,1.26,1.26,1.247,1.254,11604000,14546912,False
2024-07-26,1.254,1.262,1.249,1.261,12499174,15674380,False
2024-07-29,1.264,1.264,1.256,1.257,11872900,14961358,False
2024-07-30,1.257,1.257,1.241,1.251,10683600,13314609,False
2024-07-31,1.244,1.263,1.244,1.263,10046800,12648215,False
2024-08-01,1.263,1.27,1.26,1.262,8009400,10140688,False
2024-08-02,1.262,1.262,1.246,1.249,10506300,13158511,False
2024-08-05,1.245,1.249,1.223,1.223,11354100,14057056,False
2024-08-06,1.228,1.233,1.215,1.226,11275300,13755945,False
2024-08-07,1.223,1.237,1.223,1.229,13090200,16117760,False
2024-08-08,1.225,1.226,1.214,1.22,8614000,10505419,False
2024-08-09,1.22,1.227,1.217,1.218,37847400,46169588,False
2024-08-12,1.218,1.218,1.209,1.211,13868200,16845512,False
2024-08-13,1.217,1.219,1.21,1.218,23738900,28797883,False
2024-08-14,1.214,1.219,1.213,1.213,4890200,5946646,False
2024-08-15,1.211,1.227,1.21,1.223,35250900,43113433,False
2024-08-16,1.219,1.227,1.218,1.22,12083500,14768647,False
2024-08-19,1.224,1.233,1.217,1.224,11902200,14604211,False
2024-08-20,1.224,1.226,1.205,1.211,9959000,12031930,False
2024-08-21,1.205,1.21,1.204,1.207,12097800,14593361,False
2024-08-22,1.205,1.208,1.201,1.202,11198458,13488851,False
2024-08-23,1.201,1.209,1.201,1.207,12098400,14568806,False
2024-08-26,1.208,1.208,1.197,1.203,11567400,13882569,False
2024-08-27,1.198,1.198,1.193,1.197,12549400,14998882,False
2024-08-28,1.196,1.202,1.19,1.192,25439200,30370351,False
2024-08-29,1.187,1.193,1.184,1.187,20043173,23804293,False
2024-08-30,1.191,1.207,1.187,1.199,15930200,19101384,False
2024-09-02,1.196,1.196,1.178,1.178,12869200,15252000,False
2024-09-03,1.181,1.184,1.176,1.18,12624200,14897370,False
2024-09-04,1.175,1.178,1.17,1.172,12647900,14830635,False
2024-09-05,1.17,1.173,1.164,1.17,16428700,19186763,False
2024-09-06,1.17,1.175,1.157,1.157,18015500,20989680,False
2024-09-09,1.159,1.159,1.139,1.144,16636000,19040133,False
2024-09-10,1.145,1.147,1.133,1.144,17806600,20286934,False
2024-09-11,1.145,1.145,1.128,1.133,17732462,20081082,False
2024-09-12,1.139,1.14,1.13,1.133,25045287,28406624,False
2024-09-13,1.135,1.139,1.13,1.131,15646900,17788701,False
2024-09-18,1.131,1.141,1.127,1.138,10142300,11517600,False
2024-09-19,1.141,1.148,1.129,1.147,11364600,12973913,False
2024-09-20,1.15,1.15,1.138,1.15,10356400,11835160,False
2024-09-23,1.161,1.161,1.145,1.155,11600952,13404834,False
2024-09-24,1.161,1.199,1.16,1.199,89983600,105084134,False
2024-09-25,1.21,1.242,1.21,1.219,428229600,526524844,False
2024-09-26,1.218,1.253,1.213,1.252,38683900,47619142,False
2024-09-27,1.273,1.377,1.254,1.301,60937498,80831533,False
2024-09-30,1.4,1.421,1.312,1.421,158534676,214852903,False
2024-10-08,1.563,1.563,1.402,1.528,163745441,245187581,False
2024-10-09,1.457,1.46,1.375,1.375,147255588,205161174,False
2024-10-10,1.373,1.43,1.34,1.379,113664900,157316289,False
2024-10-11,1.38,1.38,1.324,1.337,44217000,59577968,False
2024-10-14,1.35,1.378,1.339,1.367,43191800,58522173,False
2024-10-15,1.36,1.367,1.331,1.332,28709700,38773709,False
2024-10-16,1.316,1.344,1.31,1.329,88494300,117671700,False
2024-10-17,1.329,1.344,1.313,1.316,31654400,42057097,False
2024-10-18,1.316,1.372,1.306,1.353,56608800,75845819,False
2024-10-21,1.379,1.403,1.351,1.369,87792800,120116629,False
2024-10-22,1.37,1.376,1.361,1.375,47897200,65584654,False
2024-10-23,1.375,1.384,1.37,1.376,37958671,52303850,False
2024-10-24,1.37,1.37,1.357,1.361,21502600,29264419,False
2024-10-25,1.362,1.368,1.354,1.36,42145900,57257282,False
2024-10-28,1.36,1.366,1.348,1.365,29727500,40404728,False
2024-10-29,1.368,1.37,1.356,1.359,32477400,44238391,False
2024-10-30,1.356,1.359,1.336,1.344,32428600,43652042,False
2024-10-31,1.343,1.352,1.331,1.342,29389000,39421736,False
2024-11-01,1.336,1.363,1.336,1.352,29157330,39527924,False
2024-11-04,1.355,1.362,1.345,1.361,20689300,28006287,False
2024-11-05,1.36,1.39,1.358,1.389,67219900,92622789,False
2024-11-06,1.389,1.4,1.38,1.393,32228500,44816221,False
2024-11-07,1.377,1.424,1.376,1.422,28877855,40525299,False
2024-11-08,1.431,1.438,1.41,1.415,91815800,130787242,False
2024-11-11,1.397,1.425,1.395,1.424,25879100,36587588,False
2024-11-12,1.422,1.43,1.39,1.399,17568400,24760706,False
2024-11-13,1.396,1.419,1.392,1.417,19129900,26944932,False
2024-11-14,1.417,1.417,1.385,1.387,19048416,26636973,False
2024-11-15,1.384,1.405,1.379,1.38,18512400,25772413,False
2024-11-18,1.398,1.407,1.373,1.381,21951000,30529176,False
2024-11-19,1.381,1.381,1.348,1.374,14991000,20445571,False
2024-11-20,1.371,1.381,1.365,1.378,13789200,18927484,False
2024-11-21,1.379,1.381,1.37,1.375,11175700,15380446,False
2024-11-22,1.378,1.38,1.334,1.336,21302200,28912049,False
2024-11-25,1.328,1.339,1.309,1.323,15933200,21082991,False
2024-11-26,1.315,1.326,1.315,1.315,9742800,12859003,False
2024-11-27,1.322,1.335,1.305,1.334,9450900,12471203,False
2024-11-28,1.334,1.339,1.324,1.327,13326500,17748949,False
2024-11-29,1.322,1.347,1.322,1.339,12291600,16416259,False
2024-12-02,1.339,1.352,1.335,1.349,18362400,24707585,False
2024-12-03,1.349,1.358,1.342,1.355,12892000,17405297,False
2024-12-04,1.355,1.361,1.349,1.355,11888800,16125069,False
2024-12-05,1.355,1.357,1.348,1.351,7022800,9480795,False
2024-12-06,1.351,1.369,1.351,1.362,21469500,29195626,False
2024-12-09,1.362,1.374,1.358,1.364,15418200,21046196,False
2024-12-10,1.399,1.41,1.368,1.372,19087000,26392419,False
2024-12-11,1.372,1.375,1.367,1.371,14497400,19861399,False
2024-12-12,1.373,1.381,1.368,1.379,11488800,15806778,False
2024-12-13,1.378,1.378,1.35,1.354,13480400,18290019,False
2024-12-16,1.354,1.359,1.349,1.351,11762400,15907866,False
2024-12-17,1.342,1.361,1.342,1.352,57335500,77747691,False
2024-12-18,1.365,1.379,1.36,1.365,16602400,22680283,False
2024-12-19,1.359,1.366,1.347,1.363,21217700,28883417,False
2024-12-20,1.363,1.37,1.357,1.361,40879900,55755254,False
2024-12-23,1.361,1.378,1.361,1.369,18154400,24910504,False
2024-12-24,1.364,1.382,1.364,1.381,10293200,14158282,False
2024-12-25,1.38,1.393,1.377,1.387,13152000,18213461,False
2024-12-26,1.383,1.385,1.378,1.383,9852300,13613368,False
2024-12-27,1.382,1.39,1.377,1.387,29812100,41316738,False
2024-12-30,1.386,1.397,1.386,1.392,53598500,74661274,False
2024-12-31,1.396,1.397,1.377,1.379,16301300,22588991,False
2025-01-02,1.378,1.379,1.324,1.333,67131800,90528040,False
2025-01-03,1.33,1.337,1.311,1.314,19942100,26412173,False
2025-01-06,1.32,1.32,1.299,1.306,12570600,16387486,False
2025-01-07,1.307,1.311,1.296,1.309,36448845,47595900,False
2025-01-08,1.308,1.315,1.289,1.31,21319200,27706446,False
2025-01-09,1.3,1.308,1.298,1.302,9145000,11932009,False
2025-01-10,1.301,1.303,1.286,1.287,25405100,32935889,False
2025-01-13,1.276,1.288,1.276,1.282,7750600,9927854,False
2025-01-14,1.284,1.312,1.284,1.31,20318700,26420937,False
2025-01-15,1.31,1.312,1.301,1.304,7784200,10154857,False
2025-01-16,1.308,1.317,1.299,1.306,8038500,10520259,False
2025-01-17,1.303,1.316,1.297,1.31,16099700,21053341,False
2025-01-20,1.315,1.318,1.301,1.305,7820300,10247607,False
2025-01-21,1.304,1.308,1.299,1.302,6015500,7833590,False
2025-01-22,1.299,1.3,1.289,1.295,15198200,19675775,False
2025-01-23,1.299,1.317,1.295,1.297,11336500,14800489,False
2025-01-24,1.297,1.309,1.294,1.307,10914900,14245023,False
2025-01-27,1.308,1.316,1.308,1.308,8576700,11241944,False
2025-02-05,1.314,1.314,1.296,1.302,13181800,17149393,False
2025-02-06,1.302,1.314,1.296,1.314,11042200,14411975,False
2025-02-07,1.314,1.331,1.307,1.325,13451500,17779618,False
2025-02-10,1.33,1.34,1.33,1.334,11097700,14792119,False
2025-02-11,1.334,1.334,1.326,1.33,10011800,13316031,False
2025-02-12,1.326,1.337,1.322,1.336,12480460,16570870,False
2025-02-13,1.332,1.34,1.329,1.329,13426700,17936784,False
2025-02-14,1.329,1.342,1.325,1.34,13013200,17375179,False
2025-02-17,1.342,1.348,1.337,1.344,12937400,17353555,False
2025-02-18,1.345,1.348,1.329,1.334,12400800,16614749,False
2025-02-19,1.331,1.341,1.331,1.338,12232300,16326174,False
2025-02-20,1.338,1.338,1.324,1.329,5841900,7759179,False
2025-02-21,1.329,1.351,1.329,1.35,18771100,25272813,False
2025-02-24,1.351,1.356,1.34,1.346,9626100,12980267,False
2025-02-25,1.34,1.34,1.324,1.327,16781000,22382432,False
2025-02-26,1.328,1.336,1.327,1.335,23128300,30793768,False
2025-02-27,1.334,1.337,1.321,1.331,51246800,67817404,False
2025-02-28,1.329,1.334,1.311,1.312,22208600,29417874,False
2025-03-03,1.312,1.326,1.308,1.314,16857100,22169157,False
2025-03-04,1.314,1.318,1.308,1.317,17477300,22915630,False
2025-03-05,1.318,1.324,1.316,1.323,14522400,19164612,False
2025-03-06,1.324,1.34,1.323,1.338,29496000,39404178,False
2025-03-07,1.335,1.344,1.334,1.338,20800700,27868242,False
2025-03-10,1.336,1.337,1.321,1.326,21880800,29076084,False
2025-03-11,1.315,1.332,1.315,1.332,13372800,17710452,False
2025-03-12,1.333,1.338,1.327,1.33,14894300,19837869,False
2025-03-13,1.332,1.333,1.321,1.327,15745000,20932134,False
2025-03-14,1.333,1.346,1.328,1.346,18691700,25044285,False
2025-03-17,1.343,1.35,1.342,1.343,14034300,18879804,False
2025-03-18,1.351,1.351,1.342,1.344,9866371,13268560,False
2025-03-19,1.345,1.345,1.333,1.336,21233200,28369066,False
2025-03-20,1.336,1.337,1.33,1.332,18549100,24746936,False
2025-03-21,1.33,1.341,1.319,1.324,10617000,14118516,False
2025-03-24,1.322,1.327,1.313,1.323,6970000,9209747,False
2025-03-25,1.324,1.331,1.321,1.328,7524300,9986015,False
2025-03-26,1.328,1.328,1.319,1.322,14595400,19315200,False
2025-03-27,1.322,1.327,1.314,1.321,4239100,5601865,False
2025-03-28,1.321,1.321,1.311,1.314,6116200,8039680,False
2025-03-31,1.313,1.316,1.302,1.305,23601300,30960731,False
2025-04-01,1.305,1.312,1.302,1.311,10909000,14263553,False
2025-04-02,1.303,1.309,1.302,1.304,12208845,15926529,False
2025-04-03,1.302,1.312,1.297,1.308,9589600,12530341,False
2025-04-07,1.29,1.29,1.2,1.224,15965216,19680818,False
2025-04-08,1.229,1.266,1.229,1.265,10825316,13517351,False
2025-04-09,1.266,1.292,1.253,1.292,19839100,25185922,False
2025-04-10,1.315,1.315,1.288,1.293,26086500,33742733,False
2025-04-11,1.289,1.295,1.281,1.29,9414700,12130550,False
2025-04-14,1.29,1.295,1.288,1.295,29286500,37826234,False
2025-04-15,1.29,1.292,1.283,1.291,6515100,8389245,False
2025-04-16,1.291,1.298,1.282,1.298,7199100,9279195,False
2025-04-17,1.296,1.298,1.291,1.296,7557300,9780941,False
2025-04-18,1.29,1.298,1.29,1.298,3743700,4847011,False
2025-04-21,1.299,1.3,1.29,1.296,7168945,9297972,False
2025-04-22,1.303,1.303,1.294,1.294,6319200,8191323,False
2025-04-23,1.296,1.297,1.287,1.288,4684100,6047078,False
2025-04-24,1.288,1.29,1.28,1.284,13229049,16979140,False
2025-04-25,1.281,1.287,1.281,1.284,9217000,11843912,False
2025-04-28,1.281,1.285,1.28,1.281,6775600,8690371,False
2025-04-29,1.276,1.278,1.272,1.274,17704188,22547425,False
2025-04-30,1.275,1.276,1.27,1.27,9863700,12564846,False
2025-05-06,1.275,1.284,1.272,1.284,13201300,16862789,False
2025-05-07,1.29,1.298,1.287,1.296,40703100,52598736,False
2025-05-08,1.295,1.303,1.29,1.303,21196800,27505751,False
2025-05-09,1.3,1.3,1.293,1.295,9749500,12634400,False
2025-05-12,1.296,1.31,1.296,1.307,8905600,11609881,False
2025-05-13,1.308,1.31,1.303,1.305,11330300,14796600,False
2025-05-14,1.308,1.314,1.3,1.313,14269100,18663419,False
2025-05-15,1.313,1.313,1.302,1.304,11522000,15033960,False
2025-05-16,1.304,1.304,1.294,1.298,9042200,11727305,False
2025-05-19,1.298,1.302,1.296,1.301,3633663,4724113,False
2025-05-20,1.301,1.306,1.3,1.305,6682300,8715735,False
2025-05-21,1.305,1.31,1.305,1.309,26387900,34496473,False
2025-05-22,1.304,1.307,1.303,1.306,6325900,8260433,False
2025-05-23,1.305,1.309,1.292,1.294,9317900,12141365,False
2025-05-26,1.291,1.298,1.291,1.294,11748300,15190875,False
2025-05-27,1.292,1.295,1.286,1.288,3804000,4903926,False
2025-05-28,1.288,1.292,1.286,1.287,27245700,35071034,False
2025-05-29,1.287,1.297,1.287,1.296,12784000,16561737,False
2025-05-30,1.296,1.296,1.287,1.295,6311200,8167923,False
2025-06-03,1.296,1.296,1.29,1.293,6515300,8417790,False
2025-06-04,1.293,1.297,1.293,1.296,1868007,2418100,False
2025-06-05,1.295,1.3,1.293,1.299,4917300,6383396,False
2025-06-06,1.301,1.307,1.299,1.305,9904100,12922726,False
2025-06-09,1.305,1.311,1.304,1.308,7302400,9546495,False
2025-06-10,1.305,1.306,1.29,1.296,10270415,13344730,False
2025-06-11,1.291,1.306,1.291,1.303,9526400,12419018,False
2025-06-12,1.3,1.302,1.298,1.299,6888600,8948897,False
2025-06-13,1.298,1.31,1.297,1.301,7702100,10019110,False
2025-06-16,1.301,1.302,1.298,1.301,10768100,13994482,False
2025-06-17,1.302,1.305,1.297,1.304,7332000,9538562,False
2025-06-18,1.304,1.307,1.302,1.306,8959300,11688466,False
2025-06-19,1.303,1.303,1.29,1.294,13572000,17552536,False
2025-06-20,1.294,1.297,1.292,1.293,6362200,8237157,False
2025-06-23,1.292,1.298,1.289,1.296,10398000,13454255,False
2025-06-24,1.296,1.305,1.292,1.303,8212600,10694294,False
2025-06-25,1.303,1.32,1.302,1.318,20764486,27150105,False
2025-06-26,1.32,1.323,1.316,1.316,4933171,6511972,False
2025-06-27,1.321,1.323,1.311,1.312,12444979,16373342,False
2025-06-30,1.312,1.322,1.312,1.321,14443100,19043586,False
2025-07-01,1.317,1.324,1.317,1.322,5597000,7396278,False
2025-07-02,1.322,1.324,1.317,1.321,3145700,4155859,False
2025-07-03,1.321,1.327,1.32,1.324,13377800,17698086,False
2025-07-04,1.321,1.333,1.321,1.325,7433700,9875839,False
2025-07-07,1.325,1.327,1.323,1.326,6185000,8193372,False
2025-07-08,1.324,1.334,1.324,1.333,7115176,9473236,False
2025-07-09,1.334,1.338,1.33,1.33,4510200,6023244,False
2025-07-10,1.33,1.339,1.33,1.334,17987016,24044697,False
2025-07-11,1.336,1.35,1.332,1.338,7041600,9437838,False
2025-07-14,1.34,1.35,1.339,1.343,10837772,14585646,False
2025-07-15,1.343,1.346,1.334,1.341,4003800,5365023,False
2025-07-16,1.341,1.344,1.334,1.336,5669800,7582990,False
2025-07-17,1.341,1.344,1.335,1.344,7537491,10095523,False
2025-07-18,1.344,1.35,1.343,1.349,7978649,10752792,False
2025-07-21,1.362,1.375,1.356,1.373,20475990,28002581,False
2025-07-22,1.377,1.406,1.374,1.405,25500642,35448462,False
2025-07-23,1.429,1.43,1.387,1.39,18855200,26445411,False
2025-07-24,1.386,1.397,1.377,1.395,16071871,22221423,False
2025-07-25,1.395,1.396,1.38,1.384,7874500,10916459,False
2025-07-28,1.385,1.385,1.373,1.38,5169100,7124348,False
2025-07-29,1.376,1.386,1.372,1.386,7831400,10800628,False
2025-07-30,1.381,1.393,1.377,1.384,7885000,10945152,False
2025-07-31,1.384,1.384,1.36,1.364,6378300,8725725,False
2025-08-01,1.361,1.364,1.35,1.353,7037553,9552741,False
2025-08-04,1.352,1.358,1.346,1.357,5379200,7279781,False
2025-08-05,1.357,1.367,1.357,1.366,8278700,11298184,False
2025-08-06,1.366,1.377,1.365,1.375,21441247,29453459,False
2025-08-07,1.375,1.378,1.369,1.375,6505508,8946615,False
2025-08-08,1.375,1.379,1.371,1.376,8573800,11799633,False
2025-08-11,1.38,1.38,1.37,1.374,6940000,9540587,False
2025-08-12,1.37,1.378,1.37,1.375,6771700,9319103,False
2025-08-13,1.371,1.382,1.371,1.379,7829300,10795352,False
2025-08-14,1.379,1.388,1.369,1.369,5984647,8251812,False
2025-08-15,1.365,1.382,1.365,1.381,7930200,10911594,False
2025-08-18,1.379,1.394,1.379,1.384,14479600,20081249,False
2025-08-19,1.383,1.39,1.375,1.375,8220600,11342530,False
2025-08-20,1.373,1.388,1.368,1.388,6200500,8539642,False
2025-08-21,1.385,1.4,1.385,1.394,9875252,13768869,False
2025-08-22,1.391,1.419,1.39,1.418,10449201,14651220,False
2025-08-25,1.425,1.442,1.42,1.439,16826982,24094186,False
2025-08-26,1.433,1.441,1.429,1.437,13369401,19182993,False
2025-08-27,1.437,1.451,1.415,1.415,13987796,20085897,False
2025-08-28,1.414,1.448,1.414,1.447,17345701,24760466,False
2025-08-29,1.447,1.455,1.435,1.445,12965300,18721366,False
2025-09-01,1.447,1.451,1.436,1.443,7379877,10644813,False
2025-09-02,1.444,1.444,1.419,1.43,19461366,27792663,False
2025-09-03,1.426,1.434,1.403,1.408,4054223,5740999,False
2025-09-04,1.407,1.407,1.377,1.389,8421199,11692541,False
2025-09-05,1.384,1.402,1.384,1.401,7877400,10969452,False
2025-09-08,1.403,1.414,1.394,1.414,5766781,8109930,False
2025-09-09,1.409,1.414,1.4,1.404,11647831,16398812,False
2025-09-10,1.402,1.413,1.401,1.409,3372549,4745361,False
2025-09-11,1.409,1.43,1.399,1.43,11672222,16576534,False
2025-09-12,1.428,1.435,1.423,1.424,5191399,7424072,False
2025-09-15,1.424,1.428,1.418,1.422,5133250,7301593,False
2025-09-16,1.422,1.425,1.411,1.418,4410940,6248754,False
2025-09-17,1.418,1.426,1.413,1.426,5069492,7210344,False
2025-09-18,1.428,1.438,1.406,1.416,12428800,17716868,False
2025-09-19,1.412,1.428,1.412,1.418,6116700,8692074,False
2025-09-22,1.418,1.423,1.411,1.422,4997900,7079843,False
2025-09-23,1.422,1.426,1.405,1.422,5233300,7402892,False
2025-09-24,1.415,1.438,1.415,1.436,8176872,11681454,False
2025-09-25,1.436,1.438,1.428,1.435,6041000,8654653,False
2025-09-26,1.428,1.438,1.427,1.429,5197700,7451220,False
2025-09-29,1.427,1.448,1.419,1.445,6803200,9739378,False
2025-09-30,1.444,1.463,1.443,1.46,6575108,9571482,False
2025-10-09,1.47,1.502,1.461,1.493,10523000,15680508,False
2025-10-10,1.487,1.494,1.475,1.481,5378053,7972028,False
2025-10-13,1.468,1.487,1.448,1.483,4356900,6408269,False
2025-10-14,1.48,1.5,1.468,1.477,9472159,14014995,False
2025-10-15,1.475,1.483,1.448,1.482,6624900,9770891,False
2025-10-16,1.473,1.492,1.473,1.481,3763900,5580704,False
2025-10-17,1.48,1.484,1.448,1.45,7850617,11490419,False
2025-10-20,1.452,1.462,1.445,1.451,4857234,7066349,False
2025-10-21,1.455,1.467,1.45,1.465,6085813,8900681,False
2025-10-22,1.467,1.467,1.453,1.464,6003579,8768883,False
2025-10-23,1.457,1.47,1.449,1.47,4188919,6108571,False
2025-10-24,1.475,1.483,1.475,1.482,3831843,5668537,False
2025-10-27,1.489,1.504,1.489,1.5,8025012,12035919,False
2025-10-28,1.505,1.506,1.487,1.488,3537500,5289062,False
2025-10-29,1.488,1.504,1.488,1.503,2461500,3684916,False
2025-10-30,1.505,1.514,1.498,1.499,13030700,19626051,False
2025-10-31,1.498,1.499,1.47,1.471,6453658,9535255,False
2025-11-03,1.469,1.476,1.457,1.475,7475480,10978663,False
2025-11-04,1.475,1.481,1.46,1.465,5487400,8078965,False
2025-11-05,1.458,1.472,1.445,1.468,8238331,12054691,False
2025-11-06,1.469,1.49,1.469,1.485,5837600,8656388,False
2025-11-07,1.485,1.489,1.479,1.484,3975123,5899213,False
2025-11-10,1.497,1.497,1.479,1.489,7167000,10639983,False
2025-11-11,1.488,1.493,1.48,1.484,6967693,10336808,False
2025-11-12,1.483,1.488,1.471,1.48,16922497,25014452,False
2025-11-13,1.471,1.488,1.471,1.486,6588303,9764243,False
2025-11-14,1.486,1.486,1.468,1.468,30567500,44951026,False
2025-11-17,1.461,1.468,1.456,1.458,33404950,48746611,False
2025-11-18,1.451,1.464,1.443,1.447,10458500,15175740,False
2025-11-19,1.45,1.454,1.445,1.45,7438500,10787741,False
2025-11-20,1.456,1.457,1.443,1.444,9031100,13094357,False
2025-11-21,1.442,1.442,1.414,1.416,6528000,9277635,False
2025-11-24,1.414,1.438,1.408,1.414,4217361,5967131,False
2025-11-25,1.418,1.428,1.418,1.422,8311300,11827233,False
2025-11-26,1.415,1.425,1.415,1.416,4077658,5784588,False
2025-11-27,1.416,1.423,1.412,1.413,5424263,7679170,False
2025-11-28,1.412,1.42,1.409,1.418,3030500,4295670,False
2025-12-01,1.418,1.435,1.418,1.435,4989900,7139358,False
2025-12-02,1.436,1.437,1.427,1.431,5326300,7621679,False
2025-12-03,1.43,1.433,1.425,1.427,5110100,7298606,False
2025-12-04,1.424,1.432,1.423,1.429,4005600,5717823,False
2025-12-05,1.429,1.437,1.422,1.436,3903150,5567029,False
2025-12-08,1.439,1.445,1.437,1.44,6464163,9318711,False
2025-12-09,1.44,1.44,1.423,1.423,5003500,7147092,False
2025-12-10,1.424,1.428,1.414,1.425,5013000,7118863,False
2025-12-11,1.42,1.434,1.414,1.416,5159878,7335936,False
2025-12-12,1.413,1.426,1.411,1.423,4034900,5735404,False
2025-12-15,1.423,1.429,1.416,1.416,4968400,7058025,False
2025-12-16,1.416,1.417,1.4,1.407,12263191,17248179,False
2025-12-17,1.407,1.425,1.402,1.422,9411440,13366920,False
2025-12-18,1.422,1.43,1.416,1.425,3497100,4979697,False
2025-12-19,1.427,1.438,1.427,1.431,7828189,11202681,False
2025-12-22,1.441,1.448,1.426,1.444,8580360,12375047,False
2025-12-23,1.447,1.449,1.438,1.442,4477167,6454964,False
2025-12-24,1.442,1.45,1.437,1.449,3910395,5652604,False
2025-12-25,1.449,1.455,1.414,1.454,6829617,9915162,False
2025-12-26,1.453,1.46,1.448,1.457,4479800,6521030,False
2025-12-29,1.46,1.467,1.455,1.456,6925400,10110185,False
2025-12-30,1.457,1.467,1.453,1.463,3962999,5797238,False
2025-12-31,1.46,1.468,1.46,1.466,3004300,4402161,False
2026-01-05,1.466,1.489,1.466,1.489,4853300,7197181,False
2026-01-06,1.488,1.515,1.485,1.513,7117800,10699512,False
2026-01-07,1.515,1.521,1.504,1.508,4555818,6898531,False
2026-01-08,1.509,1.524,1.5,1.522,8030553,12181586,False
2026-01-09,1.524,1.538,1.521,1.533,5981748,9138727,False
2026-01-12,1.539,1.551,1.534,1.55,3367419,5200298,False
2026-01-13,1.55,1.553,1.527,1.533,4035200,6201270,False
2026-01-14,1.53,1.554,1.517,1.527,11364258,17545079,False
2026-01-15,1.531,1.531,1.515,1.519,6340116,9659846,False
2026-01-16,1.523,1.534,1.512,1.514,3075000,4694057,False
2026-01-19,1.516,1.534,1.494,1.53,10458432,15981569,False
2026-01-20,1.53,1.543,1.521,1.538,7490400,11478093,False
2026-01-21,1.534,1.553,1.532,1.545,9786700,15119710,False
2026-01-22,1.548,1.571,1.548,1.56,13092900,20465289,False
2026-01-23,1.558,1.563,1.549,1.552,10478100,16301477,False
2026-01-26,1.552,1.568,1.552,1.559,3385900,5286940,False
2026-01-27,1.559,1.56,1.54,1.551,3078900,4776497,False
2026-01-28,1.55,1.577,1.55,1.569,7067400,11071421,False
2026-01-29,1.569,1.572,1.551,1.563,4832428,7533081,False
2026-01-30,1.563,1.563,1.523,1.554,5598779,8643421,False
2026-02-02,1.544,1.547,1.513,1.516,8312044,12695181,False
2026-02-03,1.508,1.533,1.506,1.533,5832312,8883115,False
2026-02-04,1.53,1.547,1.523,1.545,13627600,20990695,False
2026-02-05,1.53,1.549,1.524,1.533,14291500,21904253,False
2026-02-06,1.525,1.538,1.493,1.528,3525400,5389410,False
2026-02-09,1.544,1.547,1.528,1.547,2353700,3628648,False
2026-02-10,1.547,1.553,1.524,1.552,3037700,4706388,False
2026-02-11,1.552,1.555,1.545,1.551,1900875,2944888,False
2026-02-12,1.551,1.561,1.548,1.557,3772800,5870466,False
2026-02-13,1.557,1.557,1.532,1.534,3539600,5450138,False
2026-02-24,1.533,1.574,1.531,1.569,4423800,6933540,False
2026-02-25,1.575,1.586,1.567,1.571,2266700,3569983,False
2026-02-26,1.571,1.58,1.56,1.577,3651000,5750369,False
2026-02-27,1.571,1.585,1.571,1.584,1820400,2876512,False
2026-03-02,1.583,1.615,1.58,1.615,2864000,4590300,False
2026-03-03,1.614,1.621,1.592,1.593,6638400,10653808,False
2026-03-04,1.593,1.594,1.565,1.585,4811100,7609687,False
2026-03-05,1.59,1.602,1.587,1.595,2093100,3339988,False
2026-03-06,1.598,1.6,1.585,1.599,4766300,7598542,False
2026-03-09,1.591,1.6,1.582,1.597,1933638,3081914,False
2026-03-10,1.598,1.603,1.588,1.596,12985184,20733006,False
2026-03-11,1.596,1.605,1.591,1.604,5057902,8091276,False
2026-03-12,1.606,1.609,1.592,1.604,5229100,8378743,False
2026-03-13,1.604,1.607,1.584,1.588,5882800,9375262,False
2026-03-16,1.584,1.591,1.562,1.575,5562200,8757318,False
2026-03-17,1.573,1.579,1.55,1.55,8211900,12808899,False
2026-03-18,1.55,1.561,1.539,1.56,7400756,11482264,False
2026-03-19,1.55,1.552,1.536,1.542,11340045,17526727,False
2026-03-20,1.54,1.542,1.49,1.516,3259400,4969360,False
2026-03-23,1.508,1.508,1.467,1.473,10434000,15565466,False
2026-03-24,1.484,1.488,1.463,1.487,4329700,6396607,False
2026-03-25,1.487,1.505,1.487,1.503,2776500,4163472,False
2026-03-26,1.5,1.5,1.479,1.483,4538500,6760295,False
2026-03-27,1.461,1.495,1.461,1.487,8913500,13206229,False
2026-03-30,1.464,1.488,1.464,1.488,4253900,6299494,False
2026-03-31,1.484,1.494,1.469,1.47,3229100,4769686,False
2026-04-01,1.477,1.487,1.477,1.482,9712900,14402008,False
2026-04-02,1.48,1.487,1.466,1.472,3379500,4990094,False
2026-04-03,1.474,1.475,1.455,1.46,6216900,9084709,False
2026-04-07,1.462,1.473,1.458,1.465,3714200,5441863,False
2026-04-08,1.472,1.502,1.472,1.502,2307500,3435990,False
2026-04-09,1.512,1.512,1.489,1.495,3277000,4896503,False
2026-04-10,1.495,1.513,1.495,1.506,13668800,20619280,False
2026-04-13,1.495,1.511,1.494,1.51,3566900,5358427,False
2026-04-14,1.516,1.523,1.511,1.52,4118700,6255953,False
2026-04-15,1.521,1.535,1.513,1.518,5390300,8186200,False
2026-04-16,1.517,1.526,1.515,1.525,5970600,9087193,False
2026-04-17,1.523,1.526,1.519,1.523,1500091,2284494,False
2026-04-20,1.524,1.54,1.524,1.539,4241100,6514668,False
2026-04-21,1.539,1.546,1.534,1.545,5144400,7913341,False
2026-04-22,1.537,1.547,1.537,1.547,7034700,10846741,False
2026-04-23,1.548,1.558,1.539,1.549,6636000,10288829,False
2026-04-24,1.55,1.551,1.537,1.544,8691300,13394005,False
2026-04-27,1.544,1.559,1.544,1.556,11364000,17683418,False
2026-04-28,1.556,1.556,1.547,1.555,7750000,12020146,False
2026-04-29,1.556,1.56,1.548,1.559,8507000,13225780,False
2026-04-30,1.562,1.563,1.555,1.562,6480900,10099978,False
2026-05-06,1.565,1.591,1.565,1.586,10976100,17415893,False
2026-05-07,1.585,1.591,1.582,1.591,7272200,11533009,False
2026-05-08,1.583,1.593,1.581,1.593,8492000,13484844,False
2026-05-11,1.599,1.63,1.599,1.629,33025300,53675613,False
2026-05-12,1.629,1.629,1.611,1.619,14197100,22975319,False
2026-05-13,1.617,1.64,1.611,1.64,14580665,23606899,False
2026-05-14,1.64,1.65,1.611,1.612,15257900,24881483,False
2026-05-15,1.605,1.621,1.578,1.585,11659900,18622661,False
2026-05-18,1.58,1.591,1.573,1.582,24285300,38515301,False
2026-05-19,1.573,1.593,1.567,1.591,8038900,12665116,False
2026-05-20,1.591,1.6,1.588,1.599,6228200,9936675,False
2026-05-21,1.608,1.619,1.569,1.57,5924016,9504068,False
2026-05-22,1.568,1.588,1.568,1.588,9691000,15295623,False
2026-05-25,1.596,1.614,1.589,1.614,14625454,23347395,False
2026-05-26,1.622,1.622,1.59,1.607,8391700,13420888,False
2026-05-27,1.61,1.613,1.576,1.583,12833552,20517994,False
2026-05-28,1.574,1.591,1.572,1.586,10941400,17287174,False
2026-05-29,1.586,1.597,1.569,1.576,8701900,13750456,False
2026-06-01,1.577,1.577,1.556,1.559,10367300,16225298,False
2026-06-02,1.552,1.567,1.545,1.562,6745800,10489751,False
2026-06-03,1.568,1.574,1.559,1.565,6074700,9525422,False
2026-06-04,1.565,1.567,1.553,1.556,8659500,13508579,False
2026-06-05,1.563,1.563,1.532,1.536,6110100,9464759,False
2026-06-08,1.536,1.536,1.494,1.509,33295300,50244327,False
2026-06-09,1.513,1.519,1.501,1.518,8630700,13045511,False
2026-06-10,1.509,1.515,1.497,1.504,9393600,14131731,False
2026-06-11,1.504,1.508,1.497,1.505,7312400,10989310,False
