date,open,high,low,close,volume,amount,suspended
2013-07-29,2.633,2.64,2.614,2.626,140433584,369215424,False
2013-07-30,2.632,2.648,2.632,2.646,92993112,245720400,False
2013-07-31,2.643,2.659,2.64,2.657,69976160,185580096,False
2013-08-01,2.653,2.656,2.635,2.643,30006438,79324520,False
2013-08-02,2.63,2.632,2.558,2.578,33021892,85778128,False
2013-08-05,2.621,2.642,2.621,2.63,24012032,63166352,False
2013-08-06,2.62,2.62,2.586,2.591,22336052,58084512,False
2013-08-07,2.562,2.582,2.56,2.574,19501856,50050020,False
2013-08-08,2.588,2.597,2.583,2.586,12626896,32693272,False
2013-08-09,2.625,2.63,2.611,2.616,13213795,34637968,False
2013-08-12,2.656,2.66,2.649,2.659,19916360,52878976,False
2013-08-13,2.662,2.68,2.658,2.675,14718160,39244984,False
2013-08-14,2.64,2.652,2.637,2.64,11130351,29422492,False
2013-08-15,2.68,2.689,2.674,2.68,17191988,46071956,False
2013-08-16,2.73,2.743,2.71,2.712,18664880,50870624,False
2013-08-19,2.74,2.752,2.733,2.737,14228539,39063112,False
2013-08-20,2.725,2.729,2.699,2.705,8921362,24188968,False
2013-08-21,2.72,2.734,2.718,2.724,6369008,17360250,False
2013-08-22,2.717,2.721,2.71,2.714,4756443,12908053,False
2013-08-23,2.731,2.737,2.724,2.733,9361162,25579826,False
2013-08-26,2.77,2.781,2.765,2.772,8727286,24191024,False
2013-08-27,2.772,2.782,2.771,2.779,6336802,17597326,False
2013-08-28,2.81,2.837,2.8,2.827,14239869,40124192,False
2013-08-29,2.808,2.808,2.784,2.796,7396574,20657726,False
2013-08-30,2.781,2.798,2.781,2.787,8631178,24067700,False
2013-09-02,2.77,2.775,2.761,2.767,6896895,19087470,False
2013-09-03,2.77,2.77,2.76,2.762,3896815,10769305,False
2013-09-04,2.791,2.802,2.784,2.787,9480610,26491338,False
2013-09-05,2.765,2.767,2.745,2.751,5750474,15841541,False
2013-09-06,2.73,2.73,2.719,2.725,6594294,17973864,False
2013-09-09,2.751,2.761,2.751,2.756,4079357,11246274,False
2013-09-10,2.756,2.756,2.737,2.742,9294001,25512956,False
2013-09-11,2.712,2.722,2.7,2.722,5937809,16104834,False
2013-09-12,2.714,2.714,2.676,2.682,4885575,13180908,False
2013-09-13,2.655,2.655,2.608,2.622,9302931,24509100,False
2013-09-16,2.636,2.647,2.631,2.631,4727727,12488037,False
2013-09-17,2.615,2.616,2.604,2.609,4041727,10552216,False
2013-09-18,2.585,2.59,2.568,2.589,9692651,24994132,False
2013-09-23,2.618,2.636,2.609,2.629,7860273,20603288,False
2013-09-24,2.628,2.633,2.621,2.622,5245488,13793657,False
2013-09-25,2.622,2.633,2.621,2.629,3117444,8191142,False
2013-09-26,2.636,2.644,2.631,2.632,3558817,9385271,False
2013-09-27,2.625,2.626,2.618,2.622,5737501,15045611,False
2013-09-30,2.633,2.65,2.633,2.649,3166558,8377748,False
2013-10-08,2.638,2.638,2.626,2.63,3119827,8203747,False
2013-10-09,2.625,2.625,2.612,2.615,4958316,12967363,False
2013-10-10,2.588,2.598,2.588,2.595,4941113,12809231,False
2013-10-11,2.574,2.576,2.566,2.569,6301104,16193471,False
2013-10-14,2.54,2.543,2.532,2.543,7780725,19735928,False
2013-10-15,2.538,2.539,2.529,2.533,9691603,24561294,False
2013-10-16,2.54,2.55,2.538,2.549,10926177,27813808,False
2013-10-17,2.552,2.555,2.525,2.531,4716629,11973287,False
2013-10-18,2.591,2.606,2.591,2.605,12044691,31287652,False
2013-10-21,2.6,2.608,2.56,2.608,5543057,14395730,False
2013-10-22,2.589,2.595,2.586,2.595,2821310,7308767,False
2013-10-23,2.623,2.637,2.621,2.624,5489447,14437500,False
2013-10-24,2.626,2.626,2.614,2.624,4725435,12392309,False
2013-10-25,2.624,2.631,2.616,2.619,3593692,9431930,False
2013-10-28,2.634,2.638,2.624,2.626,13332469,35073920,False
2013-10-29,2.632,2.645,2.63,2.639,5023958,13246586,False
2013-10-30,2.62,2.634,2.612,2.631,4521849,11852405,False
2013-10-31,2.618,2.62,2.607,2.613,1966879,5144079,False
2013-11-01,2.595,2.603,2.589,2.602,2440723,6336936,False
2013-11-04,2.603,2.603,2.58,2.584,5231883,13528022,False
2013-11-05,2.585,2.589,2.578,2.582,3757852,9704347,False
2013-11-06,2.579,2.58,2.57,2.578,2367648,6101922,False
2013-11-07,2.58,2.589,2.579,2.589,2269500,5865485,False
2013-11-08,2.58,2.58,2.565,2.573,2525769,6487039,False
2013-11-11,2.535,2.535,2.523,2.529,5121855,12952710,False
2013-11-12,2.527,2.527,2.511,2.517,6627677,16684276,False
2013-11-13,2.503,2.505,2.496,2.501,4315885,10788173,False
2013-11-14,2.506,2.523,2.506,2.516,4446858,11180836,False
2013-11-15,2.521,2.532,2.519,2.526,3751744,9485611,False
2013-11-18,2.529,2.529,2.515,2.527,3623036,9147981,False
2013-11-19,2.52,2.52,2.496,2.501,5072062,12676373,False
2013-11-20,2.501,2.508,2.5,2.508,3838639,9620056,False
2013-11-21,2.488,2.489,2.461,2.463,5986667,14752285,False
2013-11-22,2.463,2.463,2.453,2.458,9728284,23884000,False
2013-11-25,2.457,2.457,2.433,2.437,6220043,15217224,False
2013-11-26,2.449,2.465,2.449,2.465,8938921,21986002,False
2013-11-27,2.45,2.46,2.446,2.453,5079390,12442511,False
2013-11-28,2.446,2.448,2.439,2.44,11876280,29016604,False
2013-11-29,2.44,2.446,2.44,2.443,5352364,13075825,False
2013-12-02,2.444,2.454,2.444,2.45,4013860,9824568,False
2013-12-03,2.421,2.423,2.404,2.411,7018050,16895692,False
2013-12-04,2.411,2.411,2.404,2.408,9073977,21832444,False
2013-12-05,2.431,2.435,2.41,2.429,11311219,27447012,False
2013-12-06,2.416,2.42,2.411,2.418,6066461,14651773,False
2013-12-09,2.424,2.427,2.417,2.425,5340691,12928440,False
2013-12-10,2.43,2.445,2.424,2.445,5382939,13123441,False
2013-12-11,2.461,2.465,2.45,2.462,5159406,12680502,False
2013-12-12,2.454,2.456,2.448,2.45,3571456,8759018,False
2013-12-13,2.415,2.415,2.404,2.41,7463546,17972504,False
2013-12-16,2.412,2.417,2.409,2.411,4697154,11336049,False
2013-12-17,2.419,2.441,2.417,2.438,7037515,17084126,False
2013-12-18,2.42,2.423,2.411,2.419,5882943,14236918,False
2013-12-19,2.413,2.413,2.393,2.4,5242956,12581426,False
2013-12-20,2.371,2.372,2.342,2.342,5200302,12241838,False
2013-12-23,2.355,2.369,2.354,2.366,5651278,13339387,False
2013-12-24,2.357,2.37,2.355,2.366,5956602,14085139,False
2013-12-25,2.361,2.38,2.361,2.376,5292706,12564635,False
2013-12-26,2.376,2.382,2.369,2.377,3120847,7419580,False
2013-12-27,2.38,2.405,2.38,2.401,2678399,6414319,False
2013-12-30,2.402,2.402,2.375,2.377,2035076,4866385,False
2013-12-31,2.366,2.38,2.366,2.376,4401338,10447337,False
2014-01-02,2.389,2.408,2.381,2.403,3141513,7533644,False
2014-01-03,2.413,2.425,2.411,2.424,3824667,9242622,False
2014-01-06,2.437,2.445,2.41,2.435,4816721,11737239,False
2014-01-07,2.43,2.445,2.43,2.442,5129854,12525110,False
2014-01-08,2.415,2.422,2.41,2.411,2095733,5062486,False
2014-01-09,2.41,2.42,2.41,2.412,2028533,4891434,False
2014-01-10,2.414,2.432,2.414,2.428,2530411,6131493,False
2014-01-13,2.451,2.458,2.446,2.448,2339667,5742569,False
2014-01-14,2.449,2.457,2.449,2.455,1755747,4308451,False
2014-01-15,2.44,2.442,2.427,2.434,1803048,4386132,False
2014-01-16,2.432,2.439,2.43,2.437,2087118,5077849,False
2014-01-17,2.434,2.438,2.434,2.435,2566126,6252599,False
2014-01-20,2.436,2.461,2.436,2.459,1958602,4815435,False
2014-01-21,2.456,2.457,2.451,2.451,1958163,4805098,False
2014-01-22,2.439,2.439,2.428,2.432,1528407,3718872,False
2014-01-23,2.428,2.428,2.415,2.426,2698497,6528089,False
2014-01-24,2.458,2.469,2.458,2.46,3387500,8341125,False
2014-01-27,2.47,2.487,2.47,2.476,3390378,8413307,False
2014-01-28,2.468,2.47,2.442,2.463,5135338,12644872,False
2014-01-29,2.452,2.464,2.45,2.455,4412360,10824403,False
2014-01-30,2.465,2.474,2.459,2.461,3317500,8177206,False
2014-02-07,2.461,2.486,2.414,2.48,5862077,14400251,False
2014-02-10,2.49,2.501,2.485,2.501,4295022,10721038,False
2014-02-11,2.508,2.524,2.508,2.515,3289786,8278028,False
2014-02-12,2.519,2.521,2.509,2.521,2803470,7055295,False
2014-02-13,2.523,2.523,2.514,2.517,2973473,7491333,False
2014-02-14,2.531,2.553,2.531,2.552,3616930,9213427,False
2014-02-17,2.592,2.6,2.582,2.596,3716180,9633252,False
2014-02-18,2.596,2.596,2.558,2.57,6234395,16066056,False
2014-02-19,2.568,2.576,2.568,2.575,2882495,7416553,False
2014-02-20,2.563,2.573,2.556,2.566,3261330,8357379,False
2014-02-21,2.566,2.587,2.566,2.582,3007713,7758690,False
2014-02-24,2.57,2.599,2.57,2.599,4063549,10517777,False
2014-02-25,2.609,2.618,2.608,2.612,2705128,7067536,False
2014-02-26,2.617,2.652,2.617,2.651,3659818,9631037,False
2014-02-27,2.639,2.64,2.595,2.602,7466620,19445532,False
2014-02-28,2.611,2.625,2.611,2.621,2955879,7747748,False
2014-03-03,2.643,2.654,2.643,2.651,2562590,6788190,False
2014-03-04,2.675,2.704,2.64,2.643,5511249,14703596,False
2014-03-05,2.626,2.637,2.621,2.624,3253788,8549536,False
2014-03-06,2.624,2.65,2.618,2.623,3220321,8477390,False
2014-03-07,2.648,2.652,2.642,2.649,1664309,4405917,False
2014-03-10,2.625,2.625,2.6,2.61,5192927,13560415,False
2014-03-11,2.615,2.642,2.615,2.641,2781444,7313910,False
2014-03-12,2.651,2.678,2.651,2.668,2780065,7415915,False
2014-03-13,2.689,2.704,2.689,2.694,3129330,8443842,False
2014-03-14,2.705,2.71,2.69,2.692,2321601,6263647,False
2014-03-17,2.701,2.722,2.701,2.722,2618133,7107938,False
2014-03-18,2.704,2.704,2.673,2.686,3829756,10268808,False
2014-03-19,2.67,2.684,2.668,2.68,2212494,5923933,False
2014-03-20,2.64,2.652,2.638,2.647,1557214,4121288,False
2014-03-21,2.659,2.659,2.645,2.647,2432902,6447109,False
2014-03-24,2.65,2.65,2.633,2.64,3217910,8492673,False
2014-03-25,2.624,2.624,2.602,2.608,2917327,7605013,False
2014-03-26,2.623,2.623,2.609,2.614,1253960,3275810,False
2014-03-27,2.605,2.606,2.58,2.58,2138750,5546857,False
2014-03-28,2.574,2.588,2.573,2.588,2938468,7583561,False
2014-03-31,2.57,2.587,2.57,2.573,2518663,6495078,False
2014-04-01,2.564,2.564,2.552,2.555,2203989,5632700,False
2014-04-02,2.553,2.561,2.552,2.561,1353613,3460223,False
2014-04-03,2.571,2.581,2.57,2.573,967558,2489604,False
2014-04-04,2.559,2.573,2.557,2.564,1178101,3018561,False
2014-04-08,2.58,2.607,2.58,2.606,3553820,9200829,False
2014-04-09,2.609,2.615,2.606,2.61,2097806,5475162,False
2014-04-10,2.62,2.62,2.612,2.618,1884868,4930264,False
2014-04-11,2.603,2.625,2.603,2.62,2274045,5963882,False
2014-04-14,2.629,2.649,2.629,2.649,2516896,6644342,False
2014-04-15,2.646,2.646,2.41,2.61,2873834,7557597,False
2014-04-16,2.585,2.59,2.573,2.59,1139684,2941806,False
2014-04-17,2.604,2.604,2.58,2.586,1838264,4764124,False
2014-04-18,2.59,2.59,2.575,2.579,1804490,4655819,False
2014-04-21,2.575,2.575,2.558,2.565,3285982,8420441,False
2014-04-22,2.561,2.579,2.561,2.577,1210900,3105415,False
2014-04-23,2.567,2.582,2.566,2.575,1337099,3434607,False
2014-04-24,2.575,2.577,2.567,2.573,2040702,5244711,False
2014-04-25,2.585,2.596,2.585,2.59,2429920,6295861,False
2014-04-28,2.613,2.635,2.613,2.631,2327696,6117071,False
2014-04-29,2.628,2.628,2.599,2.603,2769118,7217447,False
2014-04-30,2.605,2.615,2.602,2.612,1722206,4493227,False
2014-05-05,2.632,2.634,2.616,2.624,2540455,6667665,False
2014-05-06,2.627,2.63,2.616,2.626,1167839,3067458,False
2014-05-07,2.614,2.631,2.614,2.625,562448,1477853,False
2014-05-08,2.59,2.596,2.582,2.587,1213007,3140341,False
2014-05-09,2.592,2.592,2.58,2.588,599964,1552198,False
2014-05-12,2.586,2.593,2.57,2.593,1432097,3704240,False
2014-05-13,2.592,2.602,2.582,2.595,2719204,7061519,False
2014-05-14,2.596,2.6,2.588,2.598,3202388,8319751,False
2014-05-15,2.61,2.612,2.602,2.61,1635370,4266697,False
2014-05-16,2.595,2.598,2.591,2.594,1181301,3066322,False
2014-05-19,2.586,2.602,2.585,2.596,4212217,10938459,False
2014-05-20,2.596,2.596,2.592,2.593,1835764,4762117,False
2014-05-21,2.599,2.6,2.585,2.594,2762510,7171543,False
2014-05-22,2.591,2.598,2.59,2.597,2554200,6621861,False
2014-05-23,2.601,2.601,2.596,2.597,1642210,4267984,False
2014-05-26,2.59,2.596,2.588,2.594,3191220,8276273,False
2014-05-27,2.594,2.596,2.585,2.589,3263000,8458344,False
2014-05-28,2.575,2.575,2.551,2.553,4110891,10498565,False
2014-05-29,2.558,2.558,2.526,2.526,2769200,7030654,False
2014-05-30,2.546,2.546,2.531,2.535,1938851,4911852,False
2014-06-03,2.526,2.526,2.508,2.517,3874230,9730202,False
2014-06-04,2.511,2.516,2.511,2.514,2863800,7197898,False
2014-06-05,2.515,2.515,2.509,2.51,3828500,9612800,False
2014-06-06,2.522,2.531,2.522,2.53,3522500,8901507,False
2014-06-09,2.531,2.531,2.52,2.522,4857300,12257305,False
2014-06-10,2.52,2.525,2.516,2.521,4028410,10156587,False
2014-06-11,2.528,2.533,2.527,2.53,8198808,20740984,False
2014-06-12,2.529,2.533,2.526,2.53,7060914,17860610,False
2014-06-13,2.547,2.549,2.539,2.544,887301,2257693,False
2014-06-16,2.551,2.559,2.544,2.555,7320801,18651776,False
2014-06-17,2.55,2.552,2.534,2.536,10046424,25555564,False
2014-06-18,2.544,2.544,2.534,2.534,6234922,15842720,False
2014-06-19,2.542,2.56,2.542,2.556,3597687,9178306,False
2014-06-20,2.611,2.63,2.61,2.627,2396490,6288455,False
2014-06-23,2.604,2.638,2.604,2.637,1593623,4191746,False
2014-06-24,2.634,2.637,2.629,2.637,6634645,17465308,False
2014-06-25,2.628,2.64,2.625,2.629,7941783,20874180,False
2014-06-26,2.62,2.638,2.62,2.631,5751110,15143916,False
2014-06-27,2.584,2.639,2.584,2.634,6176686,16275359,False
2014-06-30,2.634,2.639,2.62,2.629,2301684,6058112,False
2014-07-01,2.639,2.645,2.635,2.638,1740553,4597187,False
2014-07-02,2.64,2.647,2.639,2.644,427900,1131128,False
2014-07-03,2.633,2.646,2.633,2.638,1755501,4633663,False
2014-07-04,2.63,2.638,2.63,2.635,1087448,2862700,False
2014-07-07,2.631,2.631,2.615,2.617,942878,2470347,False
2014-07-08,2.622,2.634,2.62,2.629,1032926,2709638,False
2014-07-09,2.619,2.637,2.619,2.633,564152,1483841,False
2014-07-10,2.642,2.66,2.642,2.645,1250371,3309057,False
2014-07-11,2.667,2.672,2.651,2.669,1952612,5210375,False
2014-07-14,2.671,2.672,2.63,2.63,1418601,3762691,False
2014-07-15,2.609,2.612,2.603,2.61,1658627,4323467,False
2014-07-16,2.609,2.609,2.59,2.591,1615686,4188286,False
2014-07-17,2.594,2.61,2.594,2.604,719911,1875007,False
2014-07-18,2.626,2.639,2.616,2.62,3032158,7960965,False
2014-07-21,2.618,2.62,2.612,2.62,10012841,26192204,False
2014-07-22,2.62,2.62,2.603,2.608,5887976,15384550,False
2014-07-23,2.604,2.608,2.603,2.605,5485301,14293943,False
2014-07-24,2.603,2.603,2.582,2.59,9865700,25568756,False
2014-07-25,2.58,2.58,2.569,2.579,5307903,13664622,False
2014-07-28,2.59,2.601,2.59,2.598,5268326,13678651,False
2014-07-29,2.595,2.604,2.595,2.596,2781735,7225782,False
2014-07-30,2.58,2.593,2.575,2.585,405200,1047988,False
2014-07-31,2.58,2.581,2.57,2.577,2375000,6121794,False
2014-08-01,2.575,2.576,2.553,2.56,1059600,2710401,False
2014-08-04,2.584,2.584,2.571,2.578,417979,1075555,False
2014-08-05,2.57,2.573,2.563,2.571,695466,1785346,False
2014-08-06,2.59,2.59,2.568,2.571,1052926,2705492,False
2014-08-07,2.589,2.598,2.589,2.592,1895262,4917417,False
2014-08-08,2.598,2.621,2.596,2.616,4363285,11387382,False
2014-08-11,2.616,2.616,2.59,2.596,2597600,6739978,False
2014-08-12,2.598,2.599,2.592,2.598,1199900,3114880,False
2014-08-13,2.595,2.6,2.593,2.598,2962695,7690039,False
2014-08-14,2.605,2.605,2.597,2.598,2793824,7262541,False
2014-08-15,2.599,2.601,2.596,2.599,1089162,2829848,False
2014-08-18,2.58,2.581,2.558,2.578,1050000,2705082,False
2014-08-19,2.57,2.575,2.562,2.572,1064180,2737088,False
2014-08-20,2.572,2.572,2.566,2.569,976700,2507434,False
2014-08-21,2.568,2.568,2.538,2.543,2658151,6776161,False
2014-08-22,2.543,2.544,2.535,2.544,1128200,2865072,False
2014-08-25,2.545,2.545,2.536,2.537,1333600,3385826,False
2014-08-26,2.547,2.557,2.535,2.557,2324940,5911241,False
2014-08-27,2.553,2.553,2.544,2.549,707260,1802438,False
2014-08-28,2.545,2.554,2.54,2.551,960627,2447884,False
2014-08-29,2.559,2.559,2.549,2.554,1170678,2987678,False
2014-09-01,2.551,2.554,2.545,2.549,564929,1440064,False
2014-09-02,2.553,2.553,2.531,2.533,4640500,11783731,False
2014-09-03,2.528,2.528,2.513,2.524,5440900,13707045,False
2014-09-04,2.524,2.528,2.517,2.521,16859710,42515720,False
2014-09-05,2.515,2.519,2.509,2.516,26286820,66067544,False
2014-09-09,2.512,2.512,2.494,2.498,20278800,50662092,False
2014-09-10,2.493,2.495,2.48,2.49,17944572,44673884,False
2014-09-11,2.486,2.486,2.473,2.479,10109000,25035756,False
2014-09-12,2.468,2.468,2.452,2.464,7667569,18847924,False
2014-09-15,2.455,2.459,2.45,2.458,27377900,67169728,False
2014-09-16,2.465,2.465,2.455,2.458,31096652,76523488,False
2014-09-17,2.46,2.462,2.456,2.459,27320048,67175368,False
2014-09-18,2.439,2.439,2.433,2.435,22370292,54482616,False
2014-09-19,2.431,2.439,2.426,2.434,17990436,43748252,False
2014-09-22,2.422,2.426,2.4,2.406,21750708,52316552,False
2014-09-23,2.41,2.414,2.407,2.411,21795634,52561264,False
2014-09-24,2.416,2.42,2.412,2.418,22299628,53898612,False
2014-09-25,2.409,2.412,2.399,2.402,16837736,40515504,False
2014-09-26,2.418,2.435,2.416,2.429,23522216,56996148,False
2014-09-29,2.425,2.425,2.416,2.424,21313250,51594600,False
2014-09-30,2.424,2.433,2.421,2.429,19049036,46165324,False
2014-10-08,2.418,2.419,2.412,2.418,6780778,16376928,False
2014-10-09,2.429,2.434,2.423,2.431,25493300,61881420,False
2014-10-10,2.433,2.433,2.423,2.424,13556408,32883174,False
2014-10-13,2.436,2.449,2.432,2.441,23028688,56171704,False
2014-10-14,2.443,2.448,2.441,2.444,19835500,48483912,False
2014-10-15,2.44,2.44,2.427,2.428,22177756,53879824,False
2014-10-16,2.442,2.454,2.442,2.446,20394700,49964048,False
2014-10-17,2.449,2.453,2.444,2.449,12089776,29608112,False
2014-10-20,2.449,2.451,2.441,2.448,10583500,25874114,False
2014-10-21,2.453,2.463,2.453,2.461,6010810,14781606,False
2014-10-22,2.461,2.465,2.46,2.464,7353699,18108452,False
2014-10-23,2.454,2.455,2.445,2.448,10789202,26456092,False
2014-10-24,2.435,2.435,2.424,2.431,10997500,26696022,False
2014-10-27,2.435,2.439,2.426,2.427,10075900,24468960,False
2014-10-28,2.425,2.428,2.421,2.422,7863810,19063946,False
2014-10-29,2.423,2.429,2.423,2.428,9071753,22021128,False
2014-10-30,2.417,2.417,2.39,2.396,15114599,36300268,False
2014-10-31,2.388,2.388,2.347,2.349,16908312,40005844,False
2014-11-03,2.315,2.319,2.308,2.319,15241899,35264256,False
2014-11-04,2.316,2.317,2.31,2.316,12938700,29926660,False
2014-11-05,2.312,2.313,2.267,2.272,20614100,47370108,False
2014-11-06,2.265,2.268,2.25,2.262,16449052,37158328,False
2014-11-07,2.251,2.261,2.24,2.258,18352000,41308732,False
2014-11-10,2.309,2.312,2.296,2.305,22729740,52380952,False
2014-11-11,2.289,2.289,2.268,2.271,16919800,38523320,False
2014-11-12,2.285,2.307,2.285,2.303,21001252,48270456,False
2014-11-13,2.294,2.301,2.29,2.293,22780828,52292632,False
2014-11-14,2.292,2.297,2.275,2.282,30742176,70410872,False
2014-11-17,2.325,2.343,2.325,2.335,36624576,85561648,False
2014-11-18,2.331,2.342,2.331,2.34,27845300,65109208,False
2014-11-19,2.35,2.353,2.348,2.35,24177996,56835860,False
2014-11-20,2.32,2.346,2.32,2.33,25705338,59914776,False
2014-11-21,2.341,2.353,2.341,2.349,25135546,59045424,False
2014-11-24,2.352,2.366,2.352,2.359,25620212,60513336,False
2014-11-25,2.359,2.364,2.359,2.361,26638104,62895040,False
2014-11-26,2.365,2.367,2.361,2.363,30473300,72031616,False
2014-11-27,2.365,2.37,2.351,2.369,28114050,66453996,False
2014-11-28,2.358,2.358,2.35,2.353,24746148,58235904,False
2014-12-01,2.305,2.309,2.295,2.302,38714172,88977128,False
2014-12-02,2.36,2.392,2.36,2.39,26253778,62483748,False
2014-12-03,2.384,2.387,2.37,2.384,26588984,63357464,False
2014-12-04,2.392,2.397,2.389,2.392,28273302,67684520,False
2014-12-05,2.392,2.395,2.389,2.394,36464056,87217856,False
2014-12-08,2.386,2.386,2.371,2.373,60243464,143363264,False
2014-12-09,2.381,2.41,2.381,2.408,57182904,136954096,False
2014-12-10,2.445,2.468,2.445,2.463,89254880,219297488,False
2014-12-11,2.462,2.462,2.439,2.441,70553800,172993104,False
2014-12-12,2.439,2.447,2.432,2.434,92502920,225886752,False
2014-12-15,2.43,2.439,2.42,2.437,58294984,141790928,False
2014-12-16,2.408,2.408,2.393,2.404,59197888,142234944,False
2014-12-17,2.393,2.407,2.393,2.401,64746292,155493872,False
2014-12-18,2.401,2.43,2.395,2.409,58912692,142252144,False
2014-12-19,2.407,2.417,2.405,2.414,75845720,183012912,False
2014-12-22,2.413,2.415,2.409,2.409,46849012,113049784,False
2014-12-23,2.394,2.394,2.379,2.38,6792498,16179588,False
2014-12-24,2.381,2.381,2.373,2.378,23139356,55020404,False
2014-12-25,2.374,2.379,2.37,2.376,59074356,140313024,False
2014-12-26,2.37,2.393,2.37,2.386,44541376,106291992,False
2014-12-29,2.4,2.409,2.398,2.406,50615276,121636768,False
2014-12-30,2.391,2.396,2.386,2.388,84633568,202410192,False
2014-12-31,2.411,2.417,2.41,2.412,33708804,81366360,False
2015-01-05,2.413,2.416,2.401,2.414,3334378,8029822,False
2015-01-06,2.416,2.437,2.416,2.435,4066454,9863874,False
2015-01-07,2.442,2.452,2.435,2.445,9323508,22801208,False
2015-01-08,2.445,2.445,2.428,2.431,17678176,43077252,False
2015-01-09,2.431,2.441,2.431,2.439,19942986,48602628,False
2015-01-12,2.456,2.466,2.451,2.458,36432520,89516168,False
2015-01-13,2.472,2.48,2.47,2.471,10451650,25880898,False
2015-01-14,2.472,2.475,2.451,2.466,10426211,25655684,False
2015-01-15,2.46,2.466,2.456,2.462,7151600,17603030,False
2015-01-16,2.506,2.519,2.506,2.518,11268403,28346642,False
2015-01-19,2.549,2.572,2.549,2.567,10512183,26980972,False
2015-01-20,2.6,2.6,2.552,2.57,9365228,24046388,False
2015-01-21,2.598,2.623,2.598,2.62,8017780,20930792,False
2015-01-22,2.599,2.6,2.58,2.589,8049002,20852300,False
2015-01-23,2.597,2.61,2.597,2.607,5361436,13972480,False
2015-01-26,2.609,2.616,2.603,2.609,51269944,133775064,False
2015-01-27,2.59,2.591,2.578,2.589,24670008,63746704,False
2015-01-28,2.605,2.605,2.596,2.598,2758410,7173378,False
2015-01-29,2.59,2.592,2.581,2.585,1743500,4505796,False
2015-01-30,2.563,2.563,2.511,2.542,51276400,130202184,False
2015-02-02,2.58,2.591,2.58,2.586,23320600,60372960,False
2015-02-03,2.575,2.589,2.574,2.588,17317900,44632376,False
2015-02-04,2.559,2.56,2.547,2.56,5629817,14386953,False
2015-02-05,2.563,2.577,2.563,2.576,2087200,5369595,False
2015-02-06,2.56,2.566,2.551,2.564,1799827,4603360,False
2015-02-09,2.539,2.539,2.499,2.504,22984154,57569240,False
2015-02-10,2.504,2.516,2.503,2.514,10443000,26206932,False
2015-02-11,2.506,2.508,2.502,2.504,3105875,7778863,False
2015-02-12,2.493,2.493,2.475,2.479,3086700,7649343,False
2015-02-13,2.479,2.497,2.479,2.496,26709500,66360736,False
2015-02-16,2.499,2.499,2.494,2.498,2950100,7364557,False
2015-02-17,2.498,2.499,2.486,2.488,27485100,68573208,False
2015-02-25,2.48,2.48,2.458,2.466,27551500,67933944,False
2015-02-26,2.462,2.466,2.456,2.464,4469101,10996853,False
2015-02-27,2.467,2.469,2.459,2.465,28982300,71507296,False
2015-03-02,2.472,2.487,2.472,2.485,5021152,12456560,False
2015-03-03,2.474,2.474,2.443,2.467,48859900,120225152,False
2015-03-04,2.468,2.468,2.458,2.459,46059900,113300416,False
2015-03-05,2.457,2.457,2.446,2.449,45651600,111893120,False
2015-03-06,2.445,2.445,2.435,2.439,46936700,114429456,False
2015-03-09,2.384,2.392,2.38,2.389,67835504,161791920,False
2015-03-10,2.382,2.384,2.363,2.368,47261100,112415432,False
2015-03-11,2.368,2.37,2.364,2.369,49000200,116030752,False
2015-03-12,2.36,2.374,2.349,2.372,47481968,111650608,False
2015-03-13,2.368,2.368,2.357,2.359,40918000,96646456,False
2015-03-16,2.357,2.374,2.356,2.374,48522484,114710872,False
2015-03-17,2.364,2.364,2.354,2.358,66890808,157768160,False
2015-03-18,2.353,2.353,2.339,2.341,63002536,147771584,False
2015-03-19,2.37,2.373,2.36,2.363,67769184,160375072,False
2015-03-20,2.365,2.365,2.354,2.354,67529376,159179312,False
2015-03-23,2.369,2.375,2.368,2.374,59673532,141436832,False
2015-03-24,2.38,2.384,2.376,2.383,54509852,129643160,False
2015-03-25,2.383,2.384,2.377,2.381,56473528,134560048,False
2015-03-26,2.389,2.405,2.386,2.404,54558404,130711944,False
2015-03-27,2.404,2.408,2.397,2.406,53715876,129108184,False
2015-03-30,2.398,2.398,2.38,2.38,51680388,123163792,False
2015-03-31,2.369,2.371,2.359,2.366,48402228,114299744,False
2015-04-01,2.366,2.375,2.365,2.371,47975604,113816856,False
2015-04-02,2.391,2.397,2.386,2.397,56571296,135355744,False
2015-04-03,2.382,2.392,2.381,2.392,54059764,128994304,False
2015-04-07,2.406,2.407,2.401,2.407,49949056,120037600,False
2015-04-08,2.401,2.409,2.4,2.408,52853412,127055352,False
2015-04-09,2.396,2.396,2.383,2.385,53026640,126661768,False
2015-04-10,2.381,2.387,2.372,2.384,50789016,120923304,False
2015-04-13,2.393,2.405,2.392,2.394,52514716,125871928,False
2015-04-14,2.39,2.39,2.369,2.374,50636348,120865312,False
2015-04-15,2.373,2.378,2.364,2.368,52220396,123803392,False
2015-04-16,2.383,2.387,2.378,2.386,51026488,121548448,False
2015-04-17,2.38,2.395,2.376,2.395,52780360,125883424,False
2015-04-20,2.393,2.418,2.393,2.417,56865736,136526544,False
2015-04-21,2.408,2.408,2.394,2.399,52685960,126420920,False
2015-04-22,2.401,2.413,2.4,2.411,53080704,127626472,False
2015-04-23,2.392,2.398,2.384,2.39,163142400,390140000,False
2015-04-24,2.393,2.41,2.391,2.399,45269368,108339456,False
2015-04-27,2.369,2.388,2.369,2.376,45956624,109525576,False
2015-04-28,2.396,2.401,2.392,2.398,11533075,27648096,False
2015-04-29,2.405,2.413,2.403,2.411,16389709,39507824,False
2015-04-30,2.409,2.412,2.406,2.409,5560900,13396720,False
2015-05-04,2.381,2.39,2.381,2.385,13533716,32256212,False
2015-05-05,2.389,2.389,2.379,2.381,7022386,16734653,False
2015-05-06,2.387,2.387,2.381,2.383,9391000,22391846,False
2015-05-07,2.38,2.38,2.351,2.358,9938266,23503032,False
2015-05-08,2.359,2.369,2.356,2.369,9907730,23425720,False
2015-05-11,2.37,2.377,2.369,2.377,9744256,23129524,False
2015-05-12,2.374,2.377,2.37,2.376,9373435,22251842,False
2015-05-13,2.383,2.385,2.376,2.384,9968914,23743550,False
2015-05-14,2.41,2.422,2.406,2.42,15635296,37722976,False
2015-05-15,2.422,2.429,2.415,2.425,11405292,27619114,False
2015-05-18,2.424,2.46,2.421,2.452,15345755,37477404,False
2015-05-19,2.452,2.452,2.427,2.433,5350679,13020152,False
2015-05-20,2.4,2.41,2.398,2.406,11443900,27530942,False
2015-05-21,2.408,2.41,2.406,2.407,4266126,10271555,False
2015-05-22,2.404,2.412,2.4,2.411,9065943,21815236,False
2015-05-25,2.411,2.423,2.406,2.423,9658204,23308972,False
2015-05-26,2.418,2.429,2.409,2.41,15332642,37079268,False
2015-05-27,2.401,2.401,2.387,2.394,11071007,26495228,False
2015-05-28,2.39,2.396,2.389,2.391,12794854,30614872,False
2015-05-29,2.389,2.389,2.379,2.381,4537218,10809497,False
2015-06-01,2.383,2.388,2.377,2.385,11465700,27313352,False
2015-06-02,2.382,2.383,2.377,2.379,8592759,20444580,False
2015-06-03,2.379,2.382,2.369,2.37,11965100,28434030,False
2015-06-04,2.359,2.366,2.357,2.363,7202200,17003728,False
2015-06-05,2.363,2.371,2.361,2.368,15332521,36302348,False
2015-06-08,2.37,2.374,2.359,2.369,17098200,40449708,False
2015-06-09,2.367,2.371,2.365,2.366,12564595,29755356,False
2015-06-10,2.368,2.371,2.36,2.371,17591000,41628172,False
2015-06-11,2.372,2.377,2.366,2.371,24699676,58589800,False
2015-06-12,2.37,2.379,2.368,2.375,23234352,55138088,False
2015-06-15,2.377,2.377,2.366,2.372,26802450,63572592,False
2015-06-16,2.375,2.375,2.365,2.368,10525200,24961202,False
2015-06-17,2.367,2.367,2.353,2.361,24876408,58704432,False
2015-06-18,2.365,2.369,2.349,2.36,31746902,75029800,False
2015-06-19,2.373,2.375,2.361,2.364,13260201,31404406,False
2015-06-23,2.359,2.359,2.346,2.354,39001100,91696944,False
2015-06-24,2.354,2.364,2.344,2.363,86209288,203146960,False
2015-06-25,2.357,2.365,2.356,2.359,53811000,127023472,False
2015-06-26,2.358,2.364,2.35,2.353,45206928,106667984,False
2015-06-29,2.354,2.359,2.347,2.355,13370233,31440138,False
2015-06-30,2.353,2.354,2.331,2.346,8475352,19846464,False
2015-07-01,2.343,2.35,2.341,2.349,4558965,10689574,False
2015-07-02,2.331,2.338,2.32,2.33,6282652,14610841,False
2015-07-03,2.33,2.33,2.306,2.312,5064579,11727606,False
2015-07-06,2.315,2.336,2.315,2.33,5665592,13170508,False
2015-07-07,2.326,2.328,2.307,2.313,5165470,11958488,False
2015-07-08,2.296,2.296,2.231,2.236,10184400,22848882,False
2015-07-09,2.236,2.347,2.236,2.315,5419719,12405056,False
2015-07-10,2.298,2.329,2.26,2.301,11286943,26117882,False
2015-07-13,2.301,2.313,2.292,2.31,3179300,7335157,False
2015-07-14,2.308,2.313,2.303,2.309,3264378,7537934,False
2015-07-15,2.305,2.313,2.303,2.307,2904920,6703616,False
2015-07-16,2.299,2.304,2.281,2.299,2307176,5295280,False
2015-07-17,2.299,2.3,2.28,2.299,2807083,6446367,False
2015-07-20,2.288,2.288,2.231,2.243,30639000,68725368,False
2015-07-21,2.233,2.233,2.222,2.226,42648864,94931296,False
2015-07-22,2.221,2.223,2.2,2.204,14646701,32358798,False
2015-07-23,2.203,2.214,2.201,2.209,7339132,16214168,False
2015-07-24,2.191,2.193,2.176,2.186,14607176,31892748,False
2015-07-27,2.189,2.215,2.188,2.213,16769962,36885628,False
2015-07-28,2.201,2.201,2.183,2.192,9213121,20159390,False
2015-07-29,2.192,2.199,2.188,2.197,3215278,7051869,False
2015-07-30,2.197,2.198,2.177,2.18,6694000,14643082,False
2015-07-31,2.179,2.18,2.161,2.167,8775100,19017914,False
2015-08-03,2.177,2.19,2.174,2.189,9061349,19789304,False
2015-08-04,2.168,2.181,2.165,2.18,3547654,7716406,False
2015-08-05,2.178,2.181,2.174,2.177,3491812,7600229,False
2015-08-06,2.177,2.178,2.173,2.177,2224911,4841778,False
2015-08-07,2.18,2.188,2.177,2.187,4133011,9018348,False
2015-08-10,2.19,2.196,2.188,2.195,7533800,16514529,False
2015-08-11,2.207,2.253,2.202,2.251,27920328,62431352,False
2015-08-12,2.278,2.329,2.257,2.327,40191132,92480400,False
2015-08-13,2.35,2.364,2.298,2.315,33252188,77312072,False
2015-08-14,2.292,2.3,2.285,2.299,18617424,42664332,False
2015-08-17,2.295,2.304,2.291,2.301,11209200,25738444,False
2015-08-18,2.305,2.311,2.298,2.302,9788256,22551482,False
2015-08-19,2.299,2.311,2.288,2.31,5213275,11996758,False
2015-08-20,2.338,2.373,2.335,2.346,17005144,39930380,False
2015-08-21,2.395,2.433,2.385,2.39,27896292,66964256,False
2015-08-24,2.391,2.48,2.376,2.381,61715968,149258560,False
2015-08-25,2.399,2.428,2.367,2.368,25639304,61309304,False
2015-08-26,2.349,2.358,2.31,2.349,22994704,53865324,False
2015-08-27,2.321,2.34,2.32,2.322,12083554,28114612,False
2015-08-28,2.327,2.342,2.323,2.333,15006658,34980308,False
2015-08-31,2.335,2.344,2.331,2.339,11008362,25738416,False
2015-09-01,2.35,2.362,2.346,2.354,11469681,26974342,False
2015-09-02,2.354,2.369,2.32,2.351,7288491,17109854,False
2015-09-07,2.328,2.328,2.31,2.313,5662026,13105788,False
2015-09-08,2.304,2.311,2.3,2.303,7038150,16227442,False
2015-09-09,2.307,2.317,2.307,2.313,6813448,15766358,False
2015-09-10,2.281,2.293,2.281,2.286,10022700,22919148,False
2015-09-11,2.294,2.294,2.285,2.287,4793917,10976045,False
2015-09-14,2.287,2.288,2.281,2.282,6756757,15441054,False
2015-09-15,2.282,2.284,2.279,2.28,3738862,8527454,False
2015-09-16,2.272,2.28,2.271,2.277,4538920,10328036,False
2015-09-17,2.306,2.308,2.302,2.305,10017039,23085698,False
2015-09-18,2.328,2.328,2.316,2.318,7796700,18089716,False
2015-09-21,2.329,2.351,2.329,2.347,10045941,23511924,False
2015-09-22,2.338,2.344,2.332,2.333,4577457,10691562,False
2015-09-23,2.319,2.335,2.311,2.326,4230362,9812636,False
2015-09-24,2.333,2.345,2.333,2.344,10262401,23988840,False
2015-09-25,2.369,2.373,2.355,2.359,7061392,16699018,False
2015-09-28,2.345,2.359,2.341,2.345,5524446,12995439,False
2015-09-29,2.34,2.34,2.308,2.314,5812456,13530431,False
2015-09-30,2.306,2.314,2.305,2.314,4031126,9309255,False
2015-10-08,2.335,2.347,2.335,2.346,167443008,392150368,False
2015-10-09,2.34,2.357,2.335,2.35,5906958,13874811,False
2015-10-12,2.37,2.377,2.36,2.375,12651099,29931348,False
2015-10-13,2.368,2.368,2.35,2.361,12546770,29581320,False
2015-10-14,2.382,2.397,2.382,2.397,11247037,26881520,False
2015-10-15,2.415,2.419,2.406,2.407,10328250,24894030,False
2015-10-16,2.403,2.406,2.395,2.402,11507556,27639146,False
2015-10-19,2.4,2.403,2.393,2.398,5270775,12629119,False
2015-10-20,2.39,2.395,2.385,2.393,6454214,15421362,False
2015-10-21,2.4,2.408,2.398,2.399,5824140,13990908,False
2015-10-22,2.382,2.389,2.38,2.389,4045100,9642951,False
2015-10-23,2.389,2.405,2.389,2.403,4752300,11371711,False
2015-10-26,2.393,2.393,2.385,2.387,5431369,12971758,False
2015-10-27,2.384,2.398,2.384,2.394,6907339,16503041,False
2015-10-28,2.39,2.408,2.39,2.406,6723297,16134013,False
2015-10-29,2.389,2.398,2.37,2.384,11817008,28161160,False
2015-10-30,2.359,2.365,2.348,2.351,12745200,30018534,False
2015-11-02,2.333,2.344,2.328,2.34,7653899,17868180,False
2015-11-03,2.335,2.335,2.327,2.327,8407150,19580738,False
2015-11-04,2.304,2.305,2.298,2.301,29895600,68778280,False
2015-11-05,2.29,2.29,2.279,2.281,35511376,81023896,False
2015-11-06,2.28,2.283,2.277,2.282,29762660,67836792,False
2015-11-09,2.249,2.254,2.246,2.25,28587540,64312140,False
2015-11-10,2.25,2.253,2.247,2.25,21551400,48466128,False
2015-11-11,2.249,2.251,2.246,2.249,19023400,42785588,False
2015-11-12,2.248,2.248,2.24,2.243,15310100,34342944,False
2015-11-13,2.236,2.237,2.228,2.23,14379970,32068876,False
2015-11-16,2.25,2.261,2.25,2.26,25155800,56697288,False
2015-11-17,2.24,2.24,2.225,2.226,24527412,54730588,False
2015-11-18,2.206,2.215,2.201,2.212,16490630,36390104,False
2015-11-19,2.219,2.223,2.217,2.221,9829846,21829740,False
2015-11-20,2.231,2.235,2.226,2.234,17042060,38007156,False
2015-11-23,2.22,2.222,2.21,2.212,14891833,32965096,False
2015-11-24,2.211,2.214,2.209,2.212,7403743,16373848,False
2015-11-25,2.223,2.231,2.222,2.226,13803833,30732214,False
2015-11-26,2.213,2.22,2.21,2.217,10149918,22488796,False
2015-11-27,2.216,2.217,2.201,2.206,12002100,26511452,False
2015-11-30,2.177,2.185,2.177,2.183,9366816,20430304,False
2015-12-01,2.196,2.218,2.194,2.216,13548511,29952109,False
2015-12-02,2.216,2.216,2.204,2.208,5427200,11981655,False
2015-12-03,2.175,2.186,2.171,2.182,25148850,54771110,False
2015-12-04,2.198,2.201,2.192,2.2,16158639,35502856,False
2015-12-07,2.239,2.244,2.237,2.24,22015654,49304514,False
2015-12-08,2.225,2.226,2.213,2.225,9866199,21897792,False
2015-12-09,2.23,2.233,2.228,2.231,6187999,13803339,False
2015-12-10,2.231,2.233,2.226,2.23,7224200,16098311,False
2015-12-11,2.221,2.232,2.216,2.23,8732490,19400140,False
2015-12-14,2.236,2.244,2.235,2.242,12058010,27017036,False
2015-12-15,2.226,2.235,2.224,2.225,12100900,26956556,False
2015-12-16,2.222,2.23,2.222,2.227,21654372,48218528,False
2015-12-17,2.24,2.24,2.226,2.228,22463600,50113236,False
2015-12-18,2.206,2.217,2.205,2.217,18884044,41765624,False
2015-12-21,2.232,2.24,2.23,2.238,20465480,45738020,False
2015-12-22,2.25,2.254,2.24,2.249,16109900,36181363,False
2015-12-23,2.242,2.25,2.24,2.244,13377031,30006548,False
2015-12-24,2.242,2.245,2.239,2.245,7358854,16508272,False
2015-12-25,2.247,2.251,2.247,2.25,6666753,14989496,False
2015-12-28,2.248,2.25,2.239,2.244,9363157,21006484,False
2015-12-29,2.24,2.249,2.24,2.248,11786320,26482326,False
2015-12-30,2.245,2.249,2.244,2.245,8846564,19872379,False
2015-12-31,2.236,2.236,2.23,2.232,15567300,34754965,False
2016-01-04,2.235,2.253,2.229,2.251,15472899,34666689,False
2016-01-05,2.257,2.275,2.256,2.27,22234102,50342479,False
2016-01-06,2.262,2.318,2.261,2.289,48668380,111354579,False
2016-01-07,2.308,2.373,2.308,2.339,84189760,197031762,False
2016-01-08,2.343,2.347,2.309,2.338,56803944,132705908,False
2016-01-11,2.345,2.358,2.338,2.347,26097153,61227213,False
2016-01-12,2.319,2.324,2.31,2.318,22655600,52524403,False
2016-01-13,2.299,2.304,2.295,2.3,22418900,51557189,False
2016-01-14,2.308,2.324,2.308,2.317,23907450,55420813,False
2016-01-15,2.294,2.305,2.291,2.304,19853000,45590436,False
2016-01-18,2.316,2.319,2.311,2.313,26298786,60891451,False
2016-01-19,2.303,2.316,2.302,2.311,17038650,39324883,False
2016-01-20,2.313,2.33,2.313,2.329,74769117,173500430,False
2016-01-21,2.334,2.358,2.331,2.35,95525742,223816578,False
2016-01-22,2.331,2.34,2.327,2.335,34823820,81317856,False
2016-01-25,2.332,2.347,2.332,2.339,32919500,77010652,False
2016-01-26,2.35,2.385,2.35,2.379,91704739,217101642,False
2016-01-27,2.38,2.385,2.37,2.375,37595779,89426581,False
2016-01-28,2.375,2.379,2.357,2.361,47764275,113102649,False
2016-01-29,2.357,2.367,2.353,2.363,49345409,116442876,False
2016-02-01,2.367,2.388,2.367,2.383,88838665,211656656,False
2016-02-02,2.398,2.398,2.386,2.389,31783750,75948100,False
2016-02-03,2.388,2.401,2.388,2.399,52179361,125104661,False
2016-02-04,2.415,2.43,2.415,2.421,43608993,105572677,False
2016-02-05,2.449,2.454,2.443,2.451,63769576,156034577,False
2016-02-15,2.598,2.6,2.536,2.547,114928256,294435016,False
2016-02-16,2.517,2.52,2.496,2.512,139251117,349126102,False
2016-02-17,2.512,2.539,2.507,2.533,87228932,220289372,False
2016-02-18,2.528,2.539,2.528,2.537,42988223,108960443,False
2016-02-19,2.561,2.576,2.561,2.574,69751765,179266409,False
2016-02-22,2.574,2.574,2.55,2.555,60567588,154940448,False
2016-02-23,2.549,2.565,2.542,2.557,70210939,179456362,False
2016-02-24,2.572,2.6,2.572,2.577,113421214,292865252,False
2016-02-25,2.595,2.615,2.593,2.614,182551774,475421787,False
2016-02-26,2.608,2.615,2.606,2.612,80429673,209973298,False
2016-02-29,2.591,2.598,2.585,2.587,156610329,405843730,False
2016-03-01,2.62,2.633,2.611,2.626,173666827,456106962,False
2016-03-02,2.593,2.598,2.59,2.595,188301765,488600555,False
2016-03-03,2.601,2.617,2.601,2.617,101386245,264614390,False
2016-03-04,2.645,2.656,2.642,2.651,181716900,481198300,False
2016-03-07,2.66,2.663,2.627,2.649,241650035,638317970,False
2016-03-08,2.655,2.672,2.654,2.662,172582057,459575812,False
2016-03-09,2.633,2.642,2.618,2.634,120764512,318094008,False
2016-03-10,2.621,2.63,2.617,2.618,153453368,402471235,False
2016-03-11,2.673,2.68,2.648,2.651,181093469,483420779,False
2016-03-14,2.622,2.631,2.621,2.624,134549216,353519565,False
2016-03-15,2.584,2.587,2.568,2.572,169458187,436432547,False
2016-03-16,2.575,2.591,2.574,2.591,87754983,226723445,False
2016-03-17,2.625,2.625,2.613,2.617,274579724,718962677,False
2016-03-18,2.625,2.628,2.612,2.617,209482297,548423363,False
2016-03-21,2.599,2.6,2.567,2.576,197737344,511271292,False
2016-03-22,2.578,2.598,2.578,2.597,98591502,255058454,False
2016-03-23,2.592,2.592,2.567,2.57,97781192,251908951,False
2016-03-24,2.533,2.546,2.532,2.534,84656767,214968984,False
2016-03-25,2.538,2.551,2.538,2.549,89114950,226859360,False
2016-03-28,2.539,2.545,2.531,2.541,118271700,299873277,False
2016-03-29,2.544,2.548,2.54,2.547,80689617,205386730,False
2016-03-30,2.58,2.582,2.569,2.57,92308982,237586805,False
2016-03-31,2.548,2.553,2.545,2.548,107420785,273827186,False
2016-04-01,2.553,2.566,2.549,2.564,43537076,111297020,False
2016-04-05,2.548,2.553,2.544,2.552,100249288,255556796,False
2016-04-06,2.558,2.56,2.552,2.554,39461575,100882970,False
2016-04-07,2.548,2.558,2.546,2.553,45814274,116928517,False
2016-04-08,2.566,2.576,2.566,2.57,69476639,178629674,False
2016-04-11,2.592,2.598,2.585,2.593,93021084,241087151,False
2016-04-12,2.6,2.607,2.596,2.607,60747680,157931533,False
2016-04-13,2.601,2.603,2.583,2.584,96663100,250600000,False
2016-04-14,2.564,2.566,2.558,2.563,93463135,239486818,False
2016-04-15,2.553,2.566,2.552,2.562,72469300,185512531,False
2016-04-18,2.57,2.576,2.562,2.564,50433300,129611743,False
2016-04-19,2.559,2.593,2.556,2.588,52249898,134031065,False
2016-04-20,2.602,2.611,2.582,2.594,99758319,259334489,False
2016-04-21,2.595,2.631,2.594,2.626,132589853,346097516,False
2016-04-22,2.599,2.61,2.59,2.592,81711242,212586071,False
2016-04-25,2.571,2.588,2.569,2.578,68649000,176951046,False
2016-04-26,2.59,2.593,2.572,2.573,47209418,121868877,False
2016-04-27,2.595,2.602,2.591,2.601,83386219,216457084,False
2016-04-28,2.588,2.618,2.586,2.613,90957812,236775624,False
2016-04-29,2.634,2.67,2.634,2.66,226511071,601795368,False
2016-05-03,2.7,2.711,2.671,2.702,219202049,589987846,False
2016-05-04,2.68,2.681,2.674,2.677,104873100,280864238,False
2016-05-05,2.676,2.69,2.674,2.675,125997994,338034376,False
2016-05-06,2.674,2.687,2.672,2.68,161477699,432779503,False
2016-05-09,2.686,2.693,2.666,2.67,213335388,571996336,False
2016-05-10,2.647,2.661,2.64,2.657,169232785,449050591,False
2016-05-11,2.664,2.674,2.66,2.669,161295858,430186898,False
2016-05-12,2.674,2.674,2.659,2.66,85297875,227568491,False
2016-05-13,2.659,2.686,2.657,2.682,204938699,548018391,False
2016-05-16,2.682,2.699,2.681,2.695,191540049,515260042,False
2016-05-17,2.69,2.691,2.678,2.682,180837512,485834343,False
2016-05-18,2.688,2.691,2.68,2.681,82168293,220720767,False
2016-05-19,2.659,2.66,2.639,2.64,158044897,419054519,False
2016-05-20,2.641,2.647,2.633,2.638,115062739,303808014,False
2016-05-23,2.644,2.647,2.634,2.635,131051763,346061796,False
2016-05-24,2.631,2.636,2.623,2.623,103017668,271173575,False
2016-05-25,2.595,2.606,2.578,2.581,161862550,419415782,False
2016-05-26,2.593,2.598,2.587,2.591,94629722,245494240,False
2016-05-27,2.577,2.584,2.564,2.58,113719213,292962086,False
2016-05-30,2.55,2.555,2.538,2.554,107801473,274562553,False
2016-05-31,2.569,2.577,2.566,2.576,103017334,265015803,False
2016-06-01,2.583,2.59,2.577,2.579,93262967,241001569,False
2016-06-02,2.572,2.582,2.57,2.581,60755881,156530819,False
2016-06-03,2.572,2.575,2.57,2.574,58239000,149767188,False
2016-06-06,2.625,2.629,2.618,2.621,138563896,363242251,False
2016-06-07,2.626,2.63,2.622,2.625,69357474,182178360,False
2016-06-08,2.629,2.646,2.627,2.646,78811227,207896250,False
2016-06-13,2.693,2.729,2.693,2.724,231403741,626773548,False
2016-06-14,2.722,2.725,2.71,2.717,130261994,354141925,False
2016-06-15,2.727,2.735,2.722,2.73,106851852,291452880,False
2016-06-16,2.75,2.785,2.745,2.777,130987818,361593421,False
2016-06-17,2.718,2.73,2.711,2.715,167567175,455545346,False
2016-06-20,2.72,2.724,2.711,2.717,74261449,201853519,False
2016-06-21,2.721,2.724,2.708,2.712,82937779,225474935,False
2016-06-22,2.693,2.694,2.67,2.675,67045402,179865129,False
2016-06-23,2.675,2.69,2.672,2.681,107597176,288220270,False
2016-06-24,2.703,2.946,2.686,2.805,456008754,1267108605,False
2016-06-27,2.827,2.835,2.823,2.828,126749246,358457614,False
2016-06-28,2.828,2.828,2.814,2.817,94415501,266386699,False
2016-06-29,2.82,2.832,2.819,2.83,106775100,301905713,False
2016-06-30,2.822,2.824,2.813,2.818,118471382,333898485,False
2016-07-01,2.839,2.867,2.839,2.858,198857568,567387960,False
2016-07-04,2.904,2.917,2.884,2.899,208950149,605771544,False
2016-07-05,2.9,2.902,2.871,2.89,104610561,301901606,False
2016-07-06,2.946,2.96,2.94,2.947,186661905,550636974,False
2016-07-07,2.946,2.958,2.934,2.936,142208649,419033142,False
2016-07-08,2.911,2.926,2.911,2.916,131755846,384469471,False
2016-07-11,2.945,2.963,2.933,2.942,243961465,719447210,False
2016-07-12,2.928,2.929,2.915,2.919,117135921,342195844,False
2016-07-13,2.863,2.893,2.86,2.892,121228397,348273631,False
2016-07-14,2.9,2.9,2.87,2.872,104660300,301490189,False
2016-07-15,2.866,2.876,2.859,2.875,120689689,346107008,False
2016-07-18,2.864,2.874,2.857,2.865,121951800,349494411,False
2016-07-19,2.867,2.876,2.861,2.87,97810935,280757653,False
2016-07-20,2.87,2.877,2.857,2.858,124887910,358171415,False
2016-07-21,2.826,2.833,2.822,2.83,107163010,303038308,False
2016-07-22,2.857,2.857,2.84,2.844,125548637,357518701,False
2016-07-25,2.826,2.835,2.821,2.83,80434574,227627657,False
2016-07-26,2.838,2.84,2.827,2.834,70764056,200526737,False
2016-07-27,2.832,2.838,2.827,2.836,95361300,270159821,False
2016-07-28,2.873,2.878,2.862,2.876,134634566,386652589,False
2016-07-29,2.871,2.872,2.855,2.859,73268508,209971247,False
2016-08-01,2.881,2.887,2.876,2.877,95500300,275225034,False
2016-08-02,2.884,2.895,2.879,2.895,68389829,197365683,False
2016-08-03,2.907,2.916,2.905,2.912,124978552,363583722,False
2016-08-04,2.896,2.901,2.88,2.881,138204300,399537657,False
2016-08-05,2.902,2.919,2.902,2.918,146666029,426838822,False
2016-08-08,2.869,2.87,2.852,2.857,129258300,370128728,False
2016-08-09,2.859,2.863,2.853,2.855,68438400,195635110,False
2016-08-10,2.876,2.899,2.876,2.896,124349025,358862349,False
2016-08-11,2.872,2.875,2.868,2.871,70512600,202446406,False
2016-08-12,2.866,2.871,2.865,2.87,56492625,162024012,False
2016-08-15,2.864,2.865,2.857,2.864,89518075,256125813,False
2016-08-16,2.868,2.88,2.865,2.875,112115396,321995156,False
2016-08-17,2.87,2.87,2.859,2.861,83937800,240412116,False
2016-08-18,2.881,2.886,2.874,2.876,120309846,346747072,False
2016-08-19,2.872,2.885,2.869,2.877,73955786,212757477,False
2016-08-22,2.859,2.861,2.853,2.855,78312584,223802355,False
2016-08-23,2.861,2.862,2.855,2.86,65806964,188132732,False
2016-08-24,2.86,2.863,2.86,2.861,45565560,130383274,False
2016-08-25,2.835,2.841,2.833,2.837,76289893,216419473,False
2016-08-26,2.831,2.842,2.831,2.841,60493407,171650706,False
2016-08-29,2.83,2.833,2.827,2.83,52924300,149776841,False
2016-08-30,2.841,2.846,2.835,2.836,76029129,216076606,False
2016-08-31,2.829,2.831,2.822,2.823,129435900,366014611,False
2016-09-01,2.819,2.823,2.814,2.815,77310338,217959982,False
2016-09-02,2.822,2.828,2.817,2.821,137341800,387901799,False
2016-09-05,2.843,2.852,2.843,2.851,131857900,375182321,False
2016-09-06,2.85,2.854,2.849,2.852,75961299,216590831,False
2016-09-07,2.889,2.899,2.888,2.891,149852275,433559188,False
2016-09-08,2.884,2.89,2.883,2.889,57854534,166924255,False
2016-09-09,2.874,2.877,2.87,2.872,59368600,170630736,False
2016-09-12,2.855,2.855,2.846,2.852,203518902,579846001,False
2016-09-13,2.855,2.863,2.854,2.857,91280100,260887210,False
2016-09-14,2.835,2.845,2.831,2.843,87606100,248483362,False
2016-09-19,2.826,2.831,2.822,2.826,134765800,380846464,False
2016-09-20,2.828,2.833,2.827,2.831,55211200,156279543,False
2016-09-21,2.831,2.841,2.827,2.838,115994300,328523252,False
2016-09-22,2.86,2.863,2.855,2.859,127406600,364224504,False
2016-09-23,2.866,2.867,2.861,2.862,86501201,247776040,False
2016-09-26,2.869,2.87,2.859,2.863,116406300,333323069,False
2016-09-27,2.87,2.871,2.857,2.858,118447516,338982804,False
2016-09-28,2.841,2.844,2.836,2.837,121164738,344117118,False
2016-09-29,2.84,2.843,2.832,2.832,88786384,252071276,False
2016-09-30,2.838,2.844,2.834,2.843,103079837,292685841,False
2016-10-10,2.729,2.739,2.72,2.737,336163563,918397652,False
2016-10-11,2.729,2.733,2.724,2.731,140294663,382668514,False
2016-10-12,2.727,2.73,2.724,2.725,81963400,223540144,False
2016-10-13,2.726,2.738,2.726,2.734,134422200,367374166,False
2016-10-14,2.731,2.734,2.722,2.724,92203426,251442176,False
2016-10-17,2.722,2.735,2.722,2.734,145611042,397392669,False
2016-10-18,2.737,2.745,2.734,2.74,141136790,386439171,False
2016-10-19,2.744,2.746,2.739,2.74,110565627,303282832,False
2016-10-20,2.757,2.766,2.756,2.761,111395651,307674367,False
2016-10-21,2.754,2.756,2.749,2.751,128181400,352786799,False
2016-10-24,2.756,2.764,2.755,2.76,176317660,486304045,False
2016-10-25,2.762,2.773,2.762,2.77,218486639,604559810,False
2016-10-26,2.784,2.791,2.782,2.783,141044852,393034899,False
2016-10-27,2.77,2.775,2.768,2.772,132065500,366068200,False
2016-10-28,2.778,2.783,2.772,2.775,121080200,336449077,False
2016-10-31,2.787,2.795,2.786,2.788,194485200,542831802,False
2016-11-01,2.793,2.803,2.791,2.799,180300938,504182519,False
2016-11-02,2.818,2.825,2.813,2.824,226306100,637679784,False
2016-11-03,2.833,2.833,2.819,2.823,345698715,977183985,False
2016-11-04,2.829,2.832,2.8,2.804,303960000,855723426,False
2016-11-07,2.806,2.81,2.785,2.792,296698000,828752787,False
2016-11-08,2.778,2.798,2.778,2.798,367000298,1023441385,False
2016-11-09,2.786,2.89,2.785,2.865,936780927,2664597885,False
2016-11-10,2.799,2.815,2.797,2.813,295147848,829285871,False
2016-11-11,2.779,2.78,2.749,2.769,271228396,750070754,False
2016-11-14,2.675,2.686,2.675,2.683,342814128,918678950,False
2016-11-15,2.712,2.713,2.705,2.709,269889893,731104098,False
2016-11-16,2.715,2.725,2.715,2.722,278734490,758600839,False
2016-11-17,2.722,2.724,2.714,2.716,153261500,416814166,False
2016-11-18,2.7,2.7,2.684,2.687,256489142,689690891,False
2016-11-21,2.696,2.711,2.695,2.709,193083951,521697032,False
2016-11-22,2.72,2.721,2.713,2.715,213722100,580651642,False
2016-11-23,2.715,2.723,2.712,2.717,439951000,1196001311,False
2016-11-24,2.686,2.691,2.682,2.684,373477036,1003127866,False
2016-11-25,2.671,2.675,2.641,2.662,480639904,1276397896,False
2016-11-28,2.687,2.692,2.677,2.678,404889800,1087289836,False
2016-11-29,2.68,2.682,2.665,2.666,302806900,809362874,False
2016-11-30,2.664,2.667,2.651,2.652,384540700,1022256705,False
2016-12-01,2.625,2.644,2.619,2.64,357559700,940998381,False
2016-12-02,2.643,2.644,2.631,2.638,303914382,800894653,False
2016-12-05,2.64,2.642,2.627,2.629,414309996,1091278025,False
2016-12-06,2.632,2.636,2.625,2.626,413349241,1087667389,False
2016-12-07,2.623,2.63,2.621,2.621,340960633,894715010,False
2016-12-08,2.638,2.65,2.636,2.644,462494454,1223170400,False
2016-12-09,2.642,2.644,2.633,2.643,503371955,1328455676,False
2016-12-12,2.64,2.64,2.624,2.63,435474494,1145628221,False
2016-12-13,2.634,2.643,2.631,2.632,418943700,1104671215,False
2016-12-14,2.636,2.652,2.634,2.65,547207685,1445322694,False
2016-12-15,2.622,2.627,2.613,2.615,404355020,1059735384,False
2016-12-16,2.603,2.607,2.6,2.602,319719678,832587854,False
2016-12-19,2.614,2.617,2.609,2.615,406629700,1062059368,False
2016-12-20,2.612,2.616,2.598,2.601,348718877,910773435,False
2016-12-21,2.581,2.602,2.579,2.595,351069706,909646990,False
2016-12-22,2.589,2.591,2.575,2.577,568855660,1470164722,False
2016-12-23,2.584,2.589,2.582,2.583,336334518,869828792,False
2016-12-26,2.586,2.595,2.584,2.592,444794800,1150474023,False
2016-12-27,2.592,2.6,2.591,2.595,534855100,1388962753,False
2016-12-28,2.598,2.609,2.597,2.603,423130310,1101763178,False
2016-12-29,2.612,2.617,2.608,2.616,297308248,776700383,False
2016-12-30,2.64,2.642,2.626,2.636,301608599,794450349,False
2017-01-03,2.635,2.636,2.625,2.626,181075000,476438202,False
2017-01-04,2.632,2.642,2.632,2.638,212835300,561173609,False
2017-01-05,2.64,2.641,2.629,2.636,354570218,934366066,False
2017-01-06,2.637,2.641,2.632,2.633,260777900,687845758,False
2017-01-09,2.638,2.645,2.638,2.645,258229786,682501093,False
2017-01-10,2.656,2.666,2.655,2.663,377936541,1005428343,False
2017-01-11,2.665,2.667,2.661,2.664,308698388,822284157,False
2017-01-12,2.665,2.671,2.665,2.671,278315772,742442021,False
2017-01-13,2.658,2.667,2.655,2.662,197409900,525206749,False
2017-01-16,2.667,2.686,2.666,2.682,257864475,690037750,False
2017-01-17,2.685,2.699,2.682,2.694,327169208,880424131,False
2017-01-18,2.697,2.697,2.682,2.685,286081700,770078378,False
2017-01-19,2.669,2.674,2.655,2.662,395254948,1053909932,False
2017-01-20,2.667,2.672,2.666,2.668,244129252,651831321,False
2017-01-23,2.686,2.691,2.681,2.681,232755110,625471850,False
2017-01-24,2.684,2.685,2.674,2.677,187725200,503504304,False
2017-01-25,2.663,2.67,2.65,2.651,253252137,674733302,False
2017-01-26,2.645,2.645,2.639,2.641,130353715,344362290,False
2017-02-03,2.678,2.68,2.673,2.674,129077780,345383599,False
2017-02-06,2.696,2.703,2.695,2.701,127672372,344649686,False
2017-02-07,2.712,2.726,2.712,2.722,191113366,519230176,False
2017-02-08,2.726,2.732,2.721,2.722,219687663,599386273,False
2017-02-09,2.738,2.743,2.738,2.74,279073549,764871261,False
2017-02-10,2.709,2.715,2.706,2.712,201598814,546651857,False
2017-02-13,2.725,2.728,2.718,2.719,265602808,723279658,False
2017-02-14,2.713,2.721,2.712,2.72,181995206,494214530,False
2017-02-15,2.712,2.715,2.705,2.707,313300681,849313350,False
2017-02-16,2.727,2.731,2.723,2.725,221665737,604731202,False
2017-02-17,2.734,2.739,2.73,2.737,194761200,532662868,False
2017-02-20,2.73,2.737,2.726,2.73,275224704,751452299,False
2017-02-21,2.73,2.737,2.728,2.736,348796900,952890152,False
2017-02-22,2.739,2.742,2.733,2.735,126931100,347664908,False
2017-02-23,2.739,2.741,2.736,2.739,252002387,690222071,False
2017-02-24,2.763,2.779,2.761,2.775,207142433,573096222,False
2017-02-27,2.781,2.787,2.781,2.784,283702072,789760452,False
2017-02-28,2.774,2.778,2.773,2.774,301758351,837531621,False
2017-03-01,2.752,2.764,2.752,2.755,379102340,1045728385,False
2017-03-02,2.763,2.763,2.758,2.758,312689164,863349603,False
2017-03-03,2.736,2.741,2.736,2.737,300231000,822288615,False
2017-03-06,2.743,2.745,2.739,2.739,293031694,803679423,False
2017-03-07,2.733,2.733,2.729,2.729,298208801,814299064,False
2017-03-08,2.718,2.722,2.717,2.717,275404923,749012585,False
2017-03-09,2.71,2.711,2.705,2.708,254149999,688503977,False
2017-03-10,2.695,2.696,2.688,2.69,216490981,582802606,False
2017-03-13,2.702,2.719,2.702,2.718,240945118,652628488,False
2017-03-14,2.706,2.717,2.706,2.709,325857500,884186890,False
2017-03-15,2.708,2.714,2.705,2.709,497124800,1346723709,False
2017-03-16,2.748,2.755,2.746,2.75,440838053,1212160551,False
2017-03-17,2.748,2.755,2.747,2.754,252645645,695171605,False
2017-03-20,2.759,2.771,2.759,2.766,253052786,700273047,False
2017-03-21,2.764,2.766,2.749,2.751,342563587,944125487,False
2017-03-22,2.768,2.779,2.767,2.776,271414386,753271979,False
2017-03-23,2.774,2.781,2.771,2.779,262792700,729253519,False
2017-03-24,2.771,2.776,2.769,2.773,241971200,671049216,False
2017-03-27,2.796,2.802,2.792,2.8,306135393,856367478,False
2017-03-28,2.797,2.799,2.79,2.793,208106253,581916858,False
2017-03-29,2.783,2.788,2.782,2.786,268546300,747885279,False
2017-03-30,2.785,2.787,2.78,2.784,233824200,650939088,False
2017-03-31,2.767,2.767,2.76,2.761,169832700,469312837,False
2017-04-05,2.784,2.801,2.781,2.792,456001267,1273020216,False
2017-04-06,2.791,2.795,2.791,2.794,257795382,720240014,False
2017-04-07,2.809,2.832,2.807,2.819,425401092,1200372506,False
2017-04-10,2.799,2.813,2.798,2.808,345133703,967833999,False
2017-04-11,2.809,2.826,2.806,2.814,437335667,1229963266,False
2017-04-12,2.853,2.855,2.838,2.842,392259902,1117107804,False
2017-04-13,2.86,2.863,2.852,2.853,447248030,1278429994,False
2017-04-14,2.86,2.865,2.854,2.859,730981524,2090708512,False
2017-04-17,2.861,2.868,2.849,2.852,535638411,1533748482,False
2017-04-18,2.845,2.848,2.84,2.843,563579514,1603213425,False
2017-04-19,2.846,2.85,2.84,2.841,387814300,1103619313,False
2017-04-20,2.839,2.843,2.831,2.836,190530700,540422106,False
2017-04-21,2.836,2.836,2.826,2.827,254897900,721079606,False
2017-04-24,2.825,2.827,2.804,2.805,260367173,733911105,False
2017-04-25,2.806,2.811,2.804,2.807,522297232,1466299634,False
2017-04-26,2.797,2.8,2.792,2.794,509403430,1424421347,False
2017-04-27,2.801,2.805,2.8,2.802,345790680,969345395,False
2017-04-28,2.803,2.814,2.802,2.812,222355522,624543768,False
2017-05-02,2.792,2.797,2.787,2.788,204937459,572407860,False
2017-05-03,2.79,2.791,2.786,2.788,140222100,391097353,False
2017-05-04,2.765,2.767,2.736,2.745,486179400,1341891833,False
2017-05-05,2.732,2.749,2.731,2.747,206251200,564424839,False
2017-05-08,2.745,2.748,2.737,2.738,123977082,340195379,False
2017-05-09,2.741,2.746,2.734,2.741,221091033,606207630,False
2017-05-10,2.731,2.731,2.723,2.726,196083934,534764900,False
2017-05-11,2.726,2.735,2.726,2.731,270641230,738453701,False
2017-05-12,2.737,2.743,2.733,2.739,191292700,523800263,False
2017-05-15,2.74,2.753,2.739,2.75,285646800,784435996,False
2017-05-16,2.753,2.759,2.753,2.757,306440850,844582407,False
2017-05-17,2.766,2.771,2.765,2.768,252469250,698856519,False
2017-05-18,2.803,2.804,2.79,2.791,223546000,625478341,False
2017-05-19,2.782,2.787,2.778,2.784,194081136,540009999,False
2017-05-22,2.785,2.791,2.784,2.79,194402036,541805458,False
2017-05-23,2.802,2.807,2.799,2.803,239645600,672045035,False
2017-05-24,2.784,2.785,2.77,2.772,233939600,650283681,False
2017-05-25,2.79,2.791,2.784,2.784,131834425,367533611,False
2017-05-26,2.776,2.789,2.775,2.788,142931400,397223771,False
2017-05-31,2.786,2.788,2.773,2.775,189973766,528322640,False
2017-06-01,2.779,2.78,2.773,2.777,163529076,454076921,False
2017-06-02,2.767,2.774,2.767,2.771,288869106,800275367,False
2017-06-05,2.81,2.818,2.801,2.805,257516134,723130141,False
2017-06-06,2.809,2.824,2.807,2.822,230903572,650162198,False
2017-06-07,2.823,2.827,2.822,2.823,130614414,368918985,False
2017-06-08,2.815,2.816,2.806,2.806,292750202,823060387,False
2017-06-09,2.785,2.789,2.776,2.78,242817543,676061616,False
2017-06-12,2.77,2.773,2.767,2.77,222177500,615344667,False
2017-06-13,2.767,2.777,2.767,2.775,167042179,463302589,False
2017-06-14,2.78,2.79,2.778,2.782,178508350,496961336,False
2017-06-15,2.781,2.784,2.758,2.759,263557508,730719149,False
2017-06-16,2.752,2.764,2.75,2.755,283736609,782181881,False
2017-06-19,2.754,2.759,2.75,2.753,274401700,755977159,False
2017-06-20,2.744,2.748,2.74,2.743,295482800,810656217,False
2017-06-21,2.742,2.751,2.742,2.745,251314470,690368641,False
2017-06-22,2.76,2.765,2.758,2.76,322677800,891227215,False
2017-06-23,2.758,2.767,2.757,2.764,305384419,843546481,False
2017-06-26,2.766,2.769,2.76,2.764,404564805,1118456821,False
2017-06-27,2.742,2.754,2.741,2.751,405555255,1113662879,False
2017-06-28,2.745,2.752,2.744,2.747,207760200,570925945,False
2017-06-29,2.744,2.746,2.736,2.74,159141900,436489112,False
2017-06-30,2.731,2.731,2.713,2.714,243688600,662949041,False
2017-07-03,2.709,2.71,2.704,2.707,191573100,518631130,False
2017-07-04,2.687,2.692,2.681,2.689,249095400,669349957,False
2017-07-05,2.695,2.696,2.685,2.688,181787700,489323509,False
2017-07-06,2.689,2.701,2.689,2.694,231496238,623687717,False
2017-07-07,2.688,2.691,2.685,2.686,196593600,528408387,False
2017-07-10,2.663,2.671,2.653,2.658,268947039,717032712,False
2017-07-11,2.669,2.671,2.664,2.667,267348300,713166426,False
2017-07-12,2.682,2.684,2.676,2.676,296629200,794996087,False
2017-07-13,2.682,2.687,2.682,2.684,230910070,619899012,False
2017-07-14,2.671,2.677,2.669,2.675,213173300,569367710,False
2017-07-17,2.698,2.701,2.695,2.695,264807100,714380208,False
2017-07-18,2.71,2.713,2.706,2.708,230198201,623824307,False
2017-07-19,2.711,2.712,2.707,2.709,208062814,563886144,False
2017-07-20,2.709,2.718,2.707,2.708,255257458,691849209,False
2017-07-21,2.715,2.726,2.714,2.724,191589073,520943656,False
2017-07-24,2.739,2.739,2.727,2.727,208943387,571551781,False
2017-07-25,2.728,2.735,2.727,2.733,174617249,476772280,False
2017-07-26,2.718,2.72,2.708,2.71,282764783,767879074,False
2017-07-27,2.742,2.743,2.737,2.739,188794111,517510026,False
2017-07-28,2.738,2.74,2.734,2.735,138660387,379564623,False
2017-07-31,2.749,2.749,2.741,2.742,227104000,623648538,False
2017-08-01,2.74,2.75,2.74,2.745,273149100,749945756,False
2017-08-02,2.742,2.745,2.74,2.742,291707701,799946685,False
2017-08-03,2.735,2.739,2.73,2.731,368820700,1008841436,False
2017-08-04,2.741,2.75,2.741,2.748,186423497,511638872,False
2017-08-07,2.727,2.738,2.723,2.725,206075398,561732575,False
2017-08-08,2.726,2.727,2.717,2.72,183905700,500685353,False
2017-08-09,2.727,2.731,2.726,2.727,189100369,515920965,False
2017-08-10,2.74,2.751,2.739,2.749,300750288,825343717,False
2017-08-11,2.758,2.767,2.758,2.763,268024800,740661602,False
2017-08-14,2.761,2.767,2.758,2.76,270339916,746352986,False
2017-08-15,2.74,2.741,2.734,2.74,224336600,614244459,False
2017-08-16,2.735,2.74,2.732,2.733,190353600,521083477,False
2017-08-17,2.764,2.766,2.758,2.76,193589100,534817370,False
2017-08-18,2.76,2.764,2.758,2.763,194893300,538053260,False
2017-08-21,2.751,2.756,2.75,2.752,217838648,599768357,False
2017-08-22,2.754,2.756,2.748,2.749,134779855,371113341,False
2017-08-23,2.745,2.752,2.745,2.75,141661200,389189867,False
2017-08-24,2.753,2.757,2.75,2.751,124154146,341740995,False
2017-08-25,2.748,2.751,2.746,2.749,242966484,667715482,False
2017-08-28,2.757,2.766,2.756,2.762,300555300,829280148,False
2017-08-29,2.782,2.797,2.782,2.792,275648588,769525427,False
2017-08-30,2.778,2.778,2.758,2.76,354088300,981249347,False
2017-08-31,2.76,2.763,2.751,2.756,235860628,650036772,False
2017-09-01,2.778,2.781,2.773,2.775,277918668,772272223,False
2017-09-04,2.794,2.798,2.789,2.796,291057302,813127736,False
2017-09-05,2.79,2.795,2.788,2.792,324979020,907323559,False
2017-09-06,2.795,2.798,2.794,2.795,375950665,1050922014,False
2017-09-07,2.782,2.79,2.78,2.786,349673300,973746750,False
2017-09-08,2.794,2.795,2.788,2.794,387559316,1082006018,False
2017-09-11,2.783,2.784,2.78,2.781,273447646,760754336,False
2017-09-12,2.775,2.775,2.767,2.769,295534192,819265065,False
2017-09-13,2.774,2.779,2.773,2.773,367809865,1021249324,False
2017-09-14,2.767,2.77,2.766,2.768,346189200,958111462,False
2017-09-15,2.783,2.786,2.78,2.78,468300400,1303710611,False
2017-09-18,2.77,2.77,2.757,2.758,468270563,1293152797,False
2017-09-19,2.753,2.764,2.753,2.759,506349965,1397177844,False
2017-09-20,2.761,2.766,2.761,2.762,477897660,1321021965,False
2017-09-21,2.749,2.749,2.733,2.733,465914692,1277994249,False
2017-09-22,2.737,2.738,2.733,2.738,557338300,1524243104,False
2017-09-25,2.735,2.736,2.732,2.734,333994700,913015812,False
2017-09-26,2.772,2.779,2.77,2.772,483180000,1341054614,False
2017-09-27,2.753,2.754,2.746,2.748,405637885,1116471965,False
2017-09-28,2.737,2.738,2.731,2.732,594981900,1627146903,False
2017-09-29,2.741,2.745,2.739,2.742,323550300,887042249,False
2017-10-09,2.732,2.736,2.727,2.729,493269600,1348077617,False
2017-10-10,2.735,2.735,2.728,2.73,564558100,1542378014,False
2017-10-11,2.731,2.731,2.723,2.724,620864200,1692706286,False
2017-10-12,2.73,2.737,2.729,2.734,523613180,1430845947,False
2017-10-13,2.735,2.737,2.73,2.734,446502900,1220213562,False
2017-10-16,2.742,2.749,2.74,2.748,920993302,2527873646,False
2017-10-17,2.735,2.738,2.732,2.735,780854386,2135942202,False
2017-10-18,2.731,2.733,2.727,2.729,797236386,2176611575,False
2017-10-19,2.727,2.733,2.72,2.724,513583000,1400333915,False
2017-10-20,2.729,2.73,2.722,2.723,835107400,2275544649,False
2017-10-23,2.71,2.717,2.71,2.713,917274100,2489948594,False
2017-10-24,2.722,2.734,2.721,2.723,762449325,2077655729,False
2017-10-25,2.719,2.722,2.711,2.712,1025123806,2785039572,False
2017-10-26,2.718,2.724,2.718,2.723,1593489800,4335282918,False
2017-10-27,2.71,2.712,2.704,2.706,1491488600,4039753412,False
2017-10-30,2.711,2.718,2.709,2.711,1398672600,3794279097,False
2017-10-31,2.716,2.723,2.715,2.718,1755616100,4773804273,False
2017-11-01,2.714,2.715,2.702,2.711,1874814180,5077799161,False
2017-11-02,2.713,2.716,2.709,2.712,1131182300,3066896999,False
2017-11-03,2.712,2.716,2.712,2.713,1049606700,2848263390,False
2017-11-06,2.709,2.71,2.706,2.707,849722800,2300864744,False
2017-11-07,2.716,2.722,2.716,2.719,1998576874,5436449158,False
2017-11-08,2.72,2.728,2.719,2.72,1566701706,4264990249,False
2017-11-09,2.725,2.731,2.723,2.729,2683144905,7312325368,False
2017-11-10,2.738,2.74,2.734,2.735,767205800,2100756303,False
2017-11-13,2.728,2.728,2.723,2.724,891936700,2430827150,False
2017-11-14,2.724,2.725,2.719,2.719,1044141624,2842156040,False
2017-11-15,2.725,2.73,2.724,2.724,1126098778,3070873459,False
2017-11-16,2.721,2.723,2.717,2.719,996861800,2711614540,False
2017-11-17,2.721,2.729,2.721,2.728,817133900,2227299260,False
2017-11-20,2.742,2.745,2.74,2.742,953651200,2614906338,False
2017-11-21,2.726,2.728,2.724,2.726,660856502,1801489690,False
2017-11-22,2.727,2.728,2.723,2.726,568354070,1548843541,False
2017-11-23,2.732,2.732,2.727,2.728,465487300,1270061940,False
2017-11-24,2.729,2.733,2.726,2.732,645468095,1761473939,False
2017-11-27,2.727,2.732,2.726,2.731,455169550,1242200743,False
2017-11-28,2.74,2.746,2.736,2.736,720347250,1975118382,False
2017-11-29,2.739,2.742,2.736,2.738,529118353,1449446238,False
2017-11-30,2.726,2.726,2.715,2.72,588001589,1599612734,False
2017-12-01,2.709,2.71,2.701,2.702,489774247,1325141024,False
2017-12-04,2.701,2.702,2.696,2.7,461775817,1246273843,False
2017-12-05,2.702,2.705,2.7,2.702,448740394,1212601179,False
2017-12-06,2.684,2.687,2.682,2.686,674718200,1810774561,False
2017-12-07,2.683,2.683,2.66,2.668,599279200,1604437466,False
2017-12-08,2.65,2.653,2.647,2.651,794255007,2104402512,False
2017-12-11,2.65,2.654,2.649,2.653,485740600,1287631525,False
2017-12-12,2.649,2.651,2.643,2.649,819793366,2169357435,False
2017-12-13,2.646,2.654,2.646,2.65,573478920,1520164147,False
2017-12-14,2.672,2.683,2.672,2.674,772202963,2065945925,False
2017-12-15,2.672,2.675,2.67,2.673,720889500,1926460350,False
2017-12-18,2.673,2.676,2.669,2.674,713594894,1907203728,False
2017-12-19,2.68,2.69,2.679,2.686,624408905,1675684335,False
2017-12-20,2.685,2.687,2.678,2.68,594463420,1595562987,False
2017-12-21,2.679,2.68,2.675,2.676,877010204,2348958641,False
2017-12-22,2.676,2.68,2.676,2.678,573722165,1536146022,False
2017-12-25,2.691,2.696,2.691,2.693,762491785,2053857083,False
2017-12-26,2.692,2.692,2.677,2.677,857279316,2303826198,False
2017-12-27,2.688,2.696,2.685,2.691,1107523365,2979307738,False
2017-12-28,2.698,2.712,2.691,2.692,1442528642,3899335308,False
2017-12-29,2.703,2.71,2.7,2.708,1258080119,3402792619,False
2018-01-02,2.722,2.724,2.72,2.723,268039860,729608524,False
2018-01-03,2.74,2.744,2.731,2.733,354279182,969424736,False
2018-01-04,2.719,2.721,2.713,2.719,632938221,1719136278,False
2018-01-05,2.73,2.733,2.727,2.728,542954100,1482382898,False
2018-01-08,2.73,2.734,2.729,2.73,471453129,1287659383,False
2018-01-09,2.734,2.742,2.734,2.736,405923883,1110875211,False
2018-01-10,2.73,2.736,2.726,2.729,572827692,1565606259,False
2018-01-11,2.739,2.745,2.733,2.734,636679800,1744747729,False
2018-01-12,2.74,2.776,2.74,2.774,544568806,1506885037,False
2018-01-15,2.783,2.79,2.781,2.783,424900992,1183267274,False
2018-01-16,2.783,2.786,2.78,2.781,532178700,1480677737,False
2018-01-17,2.783,2.79,2.774,2.774,498351476,1386868262,False
2018-01-18,2.76,2.763,2.755,2.759,453078271,1250024564,False
2018-01-19,2.755,2.757,2.75,2.751,387418700,1066946566,False
2018-01-22,2.758,2.759,2.753,2.754,405992232,1119283422,False
2018-01-23,2.758,2.765,2.758,2.762,477492094,1318830470,False
2018-01-24,2.767,2.775,2.766,2.774,329331418,911691070,False
2018-01-25,2.782,2.789,2.781,2.784,505346742,1407225270,False
2018-01-26,2.767,2.786,2.763,2.767,632817967,1751054457,False
2018-01-29,2.759,2.76,2.752,2.754,404473300,1114673959,False
2018-01-30,2.743,2.745,2.729,2.731,475208500,1299930246,False
2018-01-31,2.734,2.739,2.732,2.735,509417194,1393400836,False
2018-02-01,2.731,2.735,2.727,2.729,339087446,926041188,False
2018-02-02,2.733,2.737,2.729,2.731,508966572,1391368086,False
2018-02-05,2.712,2.713,2.704,2.705,381283005,1032886687,False
2018-02-06,2.722,2.743,2.721,2.726,320840116,876004305,False
2018-02-07,2.686,2.689,2.683,2.689,291550802,783049101,False
2018-02-08,2.674,2.68,2.667,2.68,213313573,570211767,False
2018-02-09,2.696,2.699,2.688,2.692,235617577,634159377,False
2018-02-12,2.683,2.7,2.682,2.694,314311600,846225568,False
2018-02-13,2.701,2.709,2.696,2.708,219308049,592244820,False
2018-02-14,2.717,2.735,2.716,2.73,181068620,493752135,False
2018-02-22,2.707,2.709,2.703,2.704,241299445,652812472,False
2018-02-23,2.712,2.715,2.71,2.712,219833871,596452249,False
2018-02-26,2.714,2.728,2.713,2.727,289166934,786966152,False
2018-02-27,2.717,2.717,2.711,2.712,291763905,791643751,False
2018-02-28,2.695,2.697,2.691,2.692,221450472,596369643,False
2018-03-01,2.692,2.697,2.684,2.689,228742611,615727965,False
2018-03-02,2.693,2.704,2.693,2.7,249987451,675152925,False
2018-03-05,2.71,2.712,2.706,2.71,179883557,487269413,False
2018-03-06,2.703,2.709,2.702,2.709,363345624,983298187,False
2018-03-07,2.723,2.732,2.717,2.719,409224062,1114654718,False
2018-03-08,2.71,2.715,2.709,2.714,184364197,500121376,False
2018-03-09,2.703,2.704,2.698,2.7,657086832,1774820384,False
2018-03-12,2.701,2.706,2.698,2.699,422937078,1142810713,False
2018-03-13,2.701,2.703,2.696,2.698,320114999,864291359,False
2018-03-14,2.703,2.71,2.701,2.702,242219247,655473126,False
2018-03-15,2.701,2.705,2.698,2.699,445169279,1202578218,False
2018-03-16,2.687,2.692,2.685,2.688,458271501,1232577338,False
2018-03-19,2.682,2.691,2.674,2.678,432844164,1161846420,False
2018-03-20,2.687,2.69,2.684,2.689,365635261,982684226,False
2018-03-21,2.685,2.69,2.684,2.69,309106716,830143685,False
2018-03-22,2.715,2.716,2.709,2.713,324138938,879137258,False
2018-03-23,2.73,2.742,2.729,2.741,335752003,918154800,False
2018-03-26,2.743,2.75,2.736,2.738,276735717,759387377,False
2018-03-27,2.732,2.737,2.731,2.736,431715586,1180057317,False
2018-03-28,2.727,2.729,2.718,2.721,323802291,882613502,False
2018-03-29,2.701,2.705,2.686,2.688,344351389,929985826,False
2018-03-30,2.69,2.693,2.689,2.692,312499045,841145675,False
2018-04-02,2.698,2.699,2.694,2.696,384201257,1035776874,False
2018-04-03,2.717,2.717,2.712,2.716,344700034,935773464,False
2018-04-04,2.703,2.714,2.701,2.712,480182502,1300629736,False
2018-04-09,2.707,2.718,2.706,2.707,545865934,1479962502,False
2018-04-10,2.717,2.72,2.708,2.71,639726061,1735734389,False
2018-04-11,2.717,2.727,2.716,2.726,485658678,1321125084,False
2018-04-12,2.732,2.737,2.731,2.735,453193111,1238966735,False
2018-04-13,2.717,2.725,2.713,2.714,352767200,959467480,False
2018-04-16,2.728,2.732,2.722,2.725,450344224,1228333084,False
2018-04-17,2.728,2.731,2.724,2.729,429079500,1170548423,False
2018-04-18,2.726,2.73,2.724,2.727,410878818,1120114973,False
2018-04-19,2.729,2.735,2.729,2.734,390560282,1066754715,False
2018-04-20,2.726,2.726,2.718,2.722,352749519,959688215,False
2018-04-23,2.707,2.71,2.705,2.708,444161563,1203016328,False
2018-04-24,2.698,2.705,2.698,2.7,508994588,1375662968,False
2018-04-25,2.704,2.705,2.697,2.699,238489021,644372340,False
2018-04-26,2.698,2.704,2.698,2.702,554327731,1497289479,False
2018-04-27,2.691,2.696,2.69,2.692,293302014,790112460,False
2018-05-02,2.681,2.687,2.68,2.684,465298628,1249022671,False
2018-05-03,2.69,2.691,2.683,2.684,379977858,1020999456,False
2018-05-04,2.688,2.689,2.686,2.687,490669400,1318744557,False
2018-05-07,2.7,2.701,2.693,2.694,347592628,937567247,False
2018-05-08,2.696,2.697,2.691,2.692,450032130,1212195506,False
2018-05-09,2.693,2.693,2.688,2.689,401502569,1080635069,False
2018-05-10,2.693,2.696,2.689,2.69,564085940,1519223089,False
2018-05-11,2.694,2.697,2.693,2.693,438075485,1180540148,False
2018-05-14,2.694,2.696,2.693,2.694,373026525,1004948678,False
2018-05-15,2.685,2.686,2.68,2.68,306499297,822339888,False
2018-05-16,2.654,2.656,2.652,2.654,463930310,1231226247,False
2018-05-17,2.646,2.651,2.641,2.642,371192840,982737336,False
2018-05-18,2.644,2.652,2.643,2.644,500551006,1324801608,False
2018-05-21,2.649,2.651,2.638,2.639,474601298,1256578754,False
2018-05-22,2.648,2.65,2.645,2.646,299771500,793872853,False
2018-05-23,2.652,2.653,2.649,2.649,241767319,640946079,False
2018-05-24,2.659,2.667,2.658,2.665,366710265,976295541,False
2018-05-25,2.676,2.683,2.675,2.678,415839200,1113744468,False
2018-05-28,2.67,2.676,2.665,2.667,557933800,1490148523,False
2018-05-29,2.678,2.68,2.676,2.676,394176882,1055614950,False
2018-05-30,2.688,2.688,2.68,2.683,200417432,538060180,False
2018-05-31,2.684,2.687,2.682,2.686,196129307,526461469,False
2018-06-01,2.677,2.682,2.676,2.68,202313200,541971938,False
2018-06-04,2.671,2.672,2.664,2.665,173260702,462374599,False
2018-06-05,2.662,2.664,2.659,2.662,276100600,734832948,False
2018-06-06,2.668,2.67,2.666,2.666,523769100,1397343395,False
2018-06-07,2.664,2.668,2.663,2.664,571769156,1523767313,False
2018-06-08,2.665,2.668,2.663,2.664,422498400,1126436235,False
2018-06-11,2.67,2.678,2.67,2.671,300984000,805182488,False
2018-06-12,2.674,2.678,2.668,2.669,438409300,1171735903,False
2018-06-13,2.669,2.671,2.666,2.667,481664678,1285134024,False
2018-06-14,2.669,2.679,2.668,2.677,656293625,1752696913,False
2018-06-15,2.686,2.695,2.679,2.682,573506240,1540298177,False
2018-06-19,2.678,2.678,2.657,2.659,683026540,1816821350,False
2018-06-20,2.656,2.657,2.65,2.651,458422200,1216373197,False
2018-06-21,2.643,2.646,2.639,2.641,525459700,1388712450,False
2018-06-22,2.649,2.654,2.648,2.653,374303900,992396651,False
2018-06-25,2.663,2.665,2.657,2.658,290722400,773730968,False
2018-06-26,2.659,2.665,2.657,2.657,343864400,915045531,False
2018-06-27,2.658,2.663,2.657,2.663,255159002,678693529,False
2018-06-28,2.663,2.665,2.654,2.655,365827900,973286941,False
2018-06-29,2.66,2.663,2.658,2.661,340827100,906592944,False
2018-07-02,2.665,2.669,2.664,2.667,231152000,616390889,False
2018-07-03,2.665,2.671,2.664,2.665,601371900,1604266766,False
2018-07-04,2.679,2.684,2.672,2.673,326257900,873650061,False
2018-07-05,2.676,2.679,2.674,2.675,200200052,535788537,False
2018-07-06,2.678,2.682,2.676,2.68,321201200,860557856,False
2018-07-09,2.678,2.68,2.674,2.677,241943000,647556561,False
2018-07-10,2.668,2.673,2.666,2.668,226141100,603637094,False
2018-07-11,2.674,2.677,2.674,2.676,163048600,436291468,False
2018-07-12,2.674,2.676,2.667,2.668,278364300,743851170,False
2018-07-13,2.668,2.669,2.664,2.665,263820100,703686667,False
2018-07-16,2.668,2.673,2.668,2.669,210601918,562463708,False
2018-07-17,2.658,2.665,2.657,2.664,347724600,924949830,False
2018-07-18,2.647,2.647,2.635,2.639,338152000,893513392,False
2018-07-19,2.644,2.652,2.644,2.65,288456200,763833552,False
2018-07-20,2.653,2.658,2.652,2.655,377227100,1001564271,False
2018-07-23,2.667,2.67,2.666,2.668,375675600,1002327146,False
2018-07-24,2.668,2.671,2.664,2.666,276063100,736680083,False
2018-07-25,2.669,2.671,2.666,2.668,279890201,746776670,False
2018-07-26,2.667,2.673,2.666,2.672,410178700,1095118337,False
2018-07-27,2.67,2.67,2.666,2.669,596535900,1591947745,False
2018-07-30,2.67,2.676,2.67,2.671,515122200,1376743397,False
2018-07-31,2.671,2.675,2.671,2.673,387943300,1037209098,False
2018-08-01,2.672,2.673,2.667,2.672,434403900,1160191539,False
2018-08-02,2.665,2.669,2.664,2.664,309875100,826275299,False
2018-08-03,2.661,2.665,2.659,2.663,264859700,704899112,False
2018-08-06,2.665,2.669,2.662,2.663,381922200,1017735578,False
2018-08-07,2.661,2.667,2.66,2.662,405645800,1080264293,False
2018-08-08,2.653,2.658,2.652,2.658,305058777,809776979,False
2018-08-09,2.659,2.659,2.655,2.658,309142700,821487081,False
2018-08-10,2.658,2.66,2.654,2.656,189036000,502471368,False
2018-08-13,2.664,2.666,2.662,2.664,359274100,957317056,False
2018-08-14,2.641,2.645,2.64,2.641,531743600,1405199600,False
2018-08-15,2.64,2.642,2.636,2.637,389608700,1028119148,False
2018-08-16,2.61,2.639,2.595,2.604,645604300,1683257800,False
2018-08-17,2.602,2.607,2.598,2.598,407896500,1061857834,False
2018-08-20,2.608,2.616,2.607,2.615,314296300,820884170,False
2018-08-21,2.62,2.628,2.619,2.627,528785600,1387563077,False
2018-08-22,2.627,2.632,2.625,2.626,357676300,940204030,False
2018-08-23,2.628,2.63,2.627,2.627,241076000,633769527,False
2018-08-24,2.623,2.63,2.621,2.628,357995300,939775591,False
2018-08-27,2.638,2.644,2.637,2.641,320946000,847287725,False
2018-08-28,2.644,2.652,2.644,2.65,259108700,685816079,False
2018-08-29,2.636,2.64,2.635,2.638,394416100,1040526899,False
2018-08-30,2.643,2.646,2.64,2.641,285422400,754562596,False
2018-08-31,2.642,2.649,2.642,2.646,334959800,885975394,False
2018-09-03,2.64,2.641,2.635,2.635,315035700,831248414,False
2018-09-04,2.637,2.637,2.626,2.626,311586800,820438532,False
2018-09-05,2.625,2.628,2.623,2.624,314869600,826687876,False
2018-09-06,2.632,2.638,2.632,2.633,198596008,523266512,False
2018-09-07,2.638,2.643,2.638,2.642,291121900,768968377,False
2018-09-10,2.637,2.638,2.631,2.633,546479000,1440202474,False
2018-09-11,2.637,2.64,2.636,2.64,178637300,471225509,False
2018-09-12,2.641,2.645,2.638,2.639,261636900,691068810,False
2018-09-13,2.646,2.652,2.646,2.65,250974850,665080729,False
2018-09-14,2.649,2.656,2.648,2.656,246267766,652894946,False
2018-09-17,2.645,2.645,2.641,2.642,201007500,531187416,False
2018-09-18,2.648,2.652,2.644,2.646,523164800,1385856203,False
2018-09-19,2.646,2.65,2.645,2.648,147587600,390687213,False
2018-09-20,2.651,2.655,2.65,2.651,159143500,422237563,False
2018-09-21,2.654,2.658,2.654,2.657,362960500,964170861,False
2018-09-25,2.648,2.65,2.643,2.649,455910900,1206111377,False
2018-09-26,2.652,2.656,2.652,2.653,245120900,650569203,False
2018-09-27,2.648,2.649,2.642,2.642,476146700,1260030862,False
2018-09-28,2.635,2.635,2.619,2.623,243587400,640163402,False
2018-10-08,2.65,2.657,2.65,2.656,222829500,591205980,False
2018-10-09,2.651,2.662,2.649,2.652,268104700,711207789,False
2018-10-10,2.651,2.655,2.651,2.652,205685944,545741751,False
2018-10-11,2.663,2.666,2.661,2.665,380657155,1013868068,False
2018-10-12,2.7,2.708,2.698,2.702,406349300,1097859446,False
2018-10-15,2.715,2.729,2.713,2.728,438026200,1190489482,False
2018-10-16,2.728,2.731,2.724,2.727,523189333,1427236237,False
2018-10-17,2.715,2.721,2.715,2.719,473428664,1286966833,False
2018-10-18,2.724,2.727,2.718,2.722,298446632,813159413,False
2018-10-19,2.738,2.74,2.732,2.734,382399399,1046384367,False
2018-10-22,2.732,2.736,2.729,2.73,487572828,1332931183,False
2018-10-23,2.729,2.745,2.728,2.744,425684546,1163706358,False
2018-10-24,2.754,2.755,2.745,2.745,559755051,1540645980,False
2018-10-25,2.763,2.767,2.758,2.759,528652200,1460785094,False
2018-10-26,2.751,2.763,2.751,2.757,424072300,1169855815,False
2018-10-29,2.758,2.762,2.752,2.753,356000355,982183368,False
2018-10-30,2.749,2.751,2.744,2.747,419154450,1151971707,False
2018-10-31,2.735,2.735,2.723,2.724,310166100,846311699,False
2018-11-01,2.722,2.731,2.72,2.73,500617300,1363595375,False
2018-11-02,2.733,2.739,2.728,2.731,580979499,1589147514,False
2018-11-05,2.731,2.737,2.728,2.732,467519700,1277991097,False
2018-11-06,2.735,2.737,2.733,2.734,376615100,1030080722,False
2018-11-07,2.73,2.737,2.729,2.735,523227100,1430263387,False
2018-11-08,2.729,2.73,2.722,2.724,300989600,820427041,False
2018-11-09,2.722,2.725,2.717,2.718,341781800,930218505,False
2018-11-12,2.702,2.705,2.696,2.698,409750500,1106854931,False
2018-11-13,2.696,2.696,2.687,2.689,481083000,1295183956,False
2018-11-14,2.687,2.692,2.684,2.688,508318600,1366673495,False
2018-11-15,2.696,2.704,2.696,2.703,554875000,1497877085,False
2018-11-16,2.705,2.708,2.704,2.707,604428400,1635187316,False
2018-11-19,2.718,2.723,2.713,2.714,707403100,1923070723,False
2018-11-20,2.72,2.727,2.72,2.724,579856600,1578555936,False
2018-11-21,2.723,2.723,2.72,2.723,256473200,698119847,False
2018-11-22,2.727,2.731,2.727,2.728,333472700,909969867,False
2018-11-23,2.729,2.737,2.729,2.731,310832672,849653981,False
2018-11-26,2.727,2.732,2.726,2.727,400785680,1093839145,False
2018-11-27,2.726,2.726,2.721,2.722,283640520,772564956,False
2018-11-28,2.715,2.715,2.706,2.71,331109600,897752853,False
2018-11-29,2.724,2.734,2.723,2.731,555219398,1514866827,False
2018-11-30,2.732,2.734,2.73,2.732,564752875,1542874027,False
2018-12-03,2.721,2.728,2.719,2.72,554063400,1509493862,False
2018-12-04,2.727,2.729,2.719,2.72,482779900,1315121769,False
2018-12-05,2.722,2.726,2.721,2.725,415521400,1131700225,False
2018-12-06,2.735,2.742,2.735,2.735,420803557,1152414534,False
2018-12-07,2.739,2.742,2.737,2.738,375634000,1029011730,False
2018-12-10,2.758,2.768,2.758,2.767,547519119,1513214763,False
2018-12-11,2.765,2.767,2.76,2.763,408519000,1128582938,False
2018-12-12,2.756,2.756,2.749,2.75,379948545,1045782629,False
2018-12-13,2.749,2.75,2.745,2.748,459343900,1262096935,False
2018-12-14,2.747,2.75,2.743,2.745,333992550,917725149,False
2018-12-17,2.744,2.755,2.744,2.746,465013482,1277173586,False
2018-12-18,2.761,2.767,2.76,2.761,435741301,1204431047,False
2018-12-19,2.765,2.772,2.765,2.77,485996300,1345584146,False
2018-12-20,2.761,2.777,2.761,2.77,559565100,1547970115,False
2018-12-21,2.791,2.793,2.782,2.788,381568900,1063398289,False
2018-12-24,2.798,2.804,2.796,2.798,448686583,1256184396,False
2018-12-25,2.809,2.838,2.808,2.82,496249700,1399196046,False
2018-12-26,2.817,2.827,2.816,2.819,561542240,1585043294,False
2018-12-27,2.815,2.816,2.805,2.809,266816961,750299093,False
2018-12-28,2.818,2.828,2.816,2.826,384245016,1084091724,False
2019-01-02,2.821,2.84,2.821,2.837,271467105,768818289,False
2019-01-03,2.84,2.87,2.84,2.868,272014302,775940615,False
2019-01-04,2.881,2.883,2.853,2.853,265619621,761097798,False
2019-01-07,2.84,2.843,2.835,2.841,254184900,721769862,False
2019-01-08,2.837,2.837,2.824,2.828,391408991,1107529437,False
2019-01-09,2.827,2.83,2.813,2.817,453104500,1278462880,False
2019-01-10,2.828,2.832,2.822,2.823,401473826,1135242328,False
2019-01-11,2.811,2.812,2.8,2.805,369845800,1037700530,False
2019-01-14,2.8,2.809,2.795,2.807,533010500,1493152295,False
2019-01-15,2.805,2.805,2.798,2.801,272275100,762694402,False
2019-01-16,2.805,2.809,2.801,2.803,310583622,871390809,False
2019-01-17,2.806,2.81,2.805,2.81,403118400,1131604816,False
2019-01-18,2.809,2.813,2.809,2.811,289615460,814026022,False
2019-01-21,2.799,2.8,2.793,2.8,198226960,554309851,False
2019-01-22,2.797,2.8,2.791,2.799,203367800,568493465,False
2019-01-23,2.808,2.81,2.801,2.802,186071900,522073968,False
2019-01-24,2.8,2.802,2.797,2.8,264653817,741042335,False
2019-01-25,2.8,2.8,2.795,2.797,145219300,406249370,False
2019-01-28,2.819,2.825,2.819,2.823,253508900,715313952,False
2019-01-29,2.828,2.835,2.827,2.833,222985100,631256181,False
2019-01-30,2.839,2.843,2.837,2.842,203295400,577466496,False
2019-01-31,2.842,2.843,2.835,2.837,239965197,681564666,False
2019-02-01,2.839,2.854,2.839,2.852,127835350,364228296,False
2019-02-11,2.847,2.854,2.839,2.84,400450100,1140196756,False
2019-02-12,2.844,2.851,2.843,2.851,334178200,950977877,False
2019-02-13,2.845,2.847,2.843,2.847,313033600,890693708,False
2019-02-14,2.844,2.846,2.841,2.843,303446200,862785646,False
2019-02-15,2.848,2.861,2.848,2.861,341081200,973550856,False
2019-02-18,2.872,2.877,2.872,2.876,338256456,972318934,False
2019-02-19,2.88,2.883,2.877,2.878,294766900,849195987,False
2019-02-20,2.906,2.909,2.896,2.898,439634100,1276607591,False
2019-02-21,2.889,2.891,2.88,2.88,276372800,797769388,False
2019-02-22,2.865,2.867,2.859,2.86,342634700,981431951,False
2019-02-25,2.853,2.867,2.853,2.858,359299200,1027637333,False
2019-02-26,2.854,2.86,2.852,2.856,317336502,906260360,False
2019-02-27,2.856,2.859,2.851,2.853,486555498,1389254564,False
2019-02-28,2.843,2.843,2.827,2.833,376814500,1067875991,False
2019-03-01,2.827,2.83,2.821,2.826,299146200,845721646,False
2019-03-04,2.798,2.798,2.783,2.784,361547401,1008819808,False
2019-03-05,2.784,2.784,2.767,2.77,945119932,2625261730,False
2019-03-06,2.773,2.785,2.773,2.784,823241500,2286392624,False
2019-03-07,2.782,2.784,2.769,2.773,789401900,2193678913,False
2019-03-08,2.783,2.8,2.781,2.799,349222900,973667553,False
2019-03-11,2.809,2.811,2.802,2.808,700637222,1966875656,False
2019-03-12,2.798,2.81,2.798,2.808,643828400,1806186485,False
2019-03-13,2.818,2.826,2.818,2.82,567751800,1602030912,False
2019-03-14,2.822,2.822,2.815,2.815,555956100,1566932954,False
2019-03-15,2.801,2.816,2.8,2.811,624286450,1751427622,False
2019-03-18,2.807,2.81,2.803,2.807,585919519,1644714593,False
2019-03-19,2.815,2.825,2.815,2.823,539127800,1521791909,False
2019-03-20,2.82,2.823,2.818,2.819,694750700,1959281152,False
2019-03-21,2.833,2.84,2.832,2.839,730728150,2072933691,False
2019-03-22,2.826,2.834,2.825,2.833,568941400,1608617907,False
2019-03-25,2.849,2.852,2.846,2.849,574762800,1637461421,False
2019-03-26,2.855,2.858,2.849,2.85,628462760,1794025353,False
2019-03-27,2.85,2.854,2.845,2.848,637518700,1817150045,False
2019-03-28,2.841,2.844,2.837,2.842,625596900,1776752201,False
2019-03-29,2.809,2.809,2.786,2.788,635224900,1777201668,False
2019-04-01,2.789,2.798,2.787,2.788,597777800,1669645188,False
2019-04-02,2.79,2.797,2.789,2.792,739649800,2066145899,False
2019-04-03,2.797,2.804,2.795,2.797,612837300,1716433161,False
2019-04-04,2.794,2.808,2.793,2.798,564403133,1579168622,False
2019-04-08,2.8,2.814,2.8,2.81,720304100,2023052741,False
2019-04-09,2.816,2.817,2.81,2.811,519789300,1462605046,False
2019-04-10,2.819,2.825,2.817,2.825,654152471,1844416933,False
2019-04-11,2.828,2.832,2.827,2.828,635048300,1796288729,False
2019-04-12,2.804,2.808,2.799,2.8,581057000,1629478296,False
2019-04-15,2.789,2.791,2.784,2.785,583537300,1627040031,False
2019-04-16,2.784,2.788,2.781,2.785,696907400,1940707204,False
2019-04-17,2.772,2.777,2.768,2.769,1160978300,3218472137,False
2019-04-18,2.759,2.761,2.749,2.751,457560200,1261481583,False
2019-04-19,2.763,2.769,2.762,2.762,720871100,1994548905,False
2019-04-22,2.765,2.775,2.764,2.772,655271100,1815867366,False
2019-04-23,2.771,2.772,2.755,2.757,810683500,2240418327,False
2019-04-24,2.756,2.758,2.75,2.754,839056600,2310969604,False
2019-04-25,2.765,2.769,2.763,2.767,664273400,1837607415,False
2019-04-26,2.774,2.777,2.769,2.773,763719200,2117898049,False
2019-04-29,2.778,2.785,2.768,2.769,583232700,1620533802,False
2019-04-30,2.77,2.78,2.77,2.777,464756100,1289350311,False
2019-05-06,2.798,2.805,2.788,2.793,603640800,1686287008,False
2019-05-07,2.791,2.794,2.786,2.787,382434300,1067386529,False
2019-05-08,2.798,2.805,2.795,2.804,440894100,1234787493,False
2019-05-09,2.8,2.808,2.798,2.806,311959600,874275347,False
2019-05-10,2.806,2.82,2.805,2.808,347269218,975657855,False
2019-05-13,2.821,2.828,2.821,2.826,205388161,580144581,False
2019-05-14,2.863,2.865,2.857,2.858,314489900,899552865,False
2019-05-15,2.858,2.858,2.842,2.844,456673791,1302810694,False
2019-05-16,2.852,2.859,2.852,2.858,338677670,967005748,False
2019-05-17,2.841,2.855,2.841,2.854,208880791,594925147,False
2019-05-20,2.839,2.839,2.832,2.835,227941807,645981373,False
2019-05-21,2.835,2.836,2.83,2.834,164771285,466897824,False
2019-05-22,2.828,2.838,2.828,2.834,254293526,720612151,False
2019-05-23,2.836,2.845,2.836,2.841,333779085,948211861,False
2019-05-24,2.855,2.858,2.852,2.856,236942851,676438341,False
2019-05-27,2.858,2.861,2.856,2.858,422357479,1207268623,False
2019-05-28,2.853,2.856,2.851,2.854,199726837,569955549,False
2019-05-29,2.85,2.862,2.849,2.861,245359900,700426918,False
2019-05-30,2.85,2.851,2.841,2.847,230790213,657129742,False
2019-05-31,2.876,2.879,2.872,2.878,209625933,602710682,False
2019-06-03,2.906,2.917,2.906,2.914,273433420,796891162,False
2019-06-04,2.945,2.947,2.935,2.944,264697900,778752073,False
2019-06-05,2.943,2.964,2.942,2.963,364983292,1076323167,False
2019-06-06,2.955,2.966,2.953,2.962,310944463,920683985,False
2019-06-10,2.96,2.969,2.948,2.953,486804235,1441161352,False
2019-06-11,2.954,2.958,2.937,2.937,409523865,1207745921,False
2019-06-12,2.944,2.979,2.944,2.972,392367038,1162103194,False
2019-06-13,2.966,2.977,2.964,2.977,326014100,969061389,False
2019-06-14,2.986,3.024,2.986,3.022,318099939,955212332,False
2019-06-17,3.0,3.001,2.982,2.983,336138686,1006342702,False
2019-06-18,2.991,3.012,2.991,3.004,463566208,1391008194,False
2019-06-19,2.98,2.991,2.978,2.989,413338100,1233873685,False
2019-06-20,3.05,3.06,3.05,3.054,495764952,1515229918,False
2019-06-21,3.075,3.107,3.075,3.079,408071218,1262082541,False
2019-06-24,3.109,3.111,3.1,3.101,337802823,1049230407,False
2019-06-25,3.148,3.185,3.145,3.166,636065395,2008930730,False
2019-06-26,3.132,3.134,3.071,3.108,330553803,1031677866,False
2019-06-27,3.113,3.118,3.097,3.1,364054054,1132415713,False
2019-06-28,3.124,3.15,3.104,3.109,314557194,985513410,False
2019-07-01,3.05,3.063,3.029,3.034,488079943,1487674236,False
2019-07-02,3.052,3.071,3.052,3.066,269922222,826330146,False
2019-07-03,3.172,3.177,3.138,3.152,410295592,1294234607,False
2019-07-04,3.142,3.142,3.113,3.119,260507200,814497229,False
2019-07-05,3.13,3.136,3.12,3.125,315912250,988642969,False
2019-07-08,3.091,3.111,3.087,3.109,287130515,889900323,False
2019-07-09,3.083,3.089,3.078,3.081,216956600,668839443,False
2019-07-10,3.084,3.088,3.075,3.079,117133000,361085217,False
2019-07-11,3.139,3.148,3.13,3.132,297145960,932574020,False
2019-07-12,3.113,3.113,3.1,3.111,171391800,532503586,False
2019-07-15,3.118,3.124,3.113,3.123,217680600,678754722,False
2019-07-16,3.121,3.127,3.118,3.12,170196600,531326639,False
2019-07-17,3.109,3.111,3.099,3.103,200137800,621189000,False
2019-07-18,3.147,3.15,3.131,3.135,193447411,607386617,False
2019-07-19,3.185,3.19,3.172,3.177,172257311,548504191,False
2019-07-22,3.145,3.159,3.142,3.153,141411900,445721209,False
2019-07-23,3.13,3.138,3.125,3.13,243241300,761774062,False
2019-07-24,3.14,3.144,3.137,3.143,183008600,574578953,False
2019-07-25,3.141,3.147,3.138,3.147,219652900,689904411,False
2019-07-26,3.13,3.134,3.123,3.134,120810479,377933022,False
2019-07-29,3.147,3.148,3.136,3.139,231651546,728115306,False
2019-07-30,3.143,3.154,3.143,3.152,277639200,873733225,False
2019-07-31,3.158,3.167,3.155,3.164,184705200,583541222,False
2019-08-01,3.125,3.126,3.11,3.112,208158615,649499987,False
2019-08-02,3.187,3.19,3.18,3.184,260350110,829518591,False
2019-08-05,3.239,3.304,3.238,3.289,387473572,1268788016,False
2019-08-06,3.332,3.332,3.295,3.296,344814092,1141119558,False
2019-08-07,3.346,3.374,3.346,3.363,420427786,1413084928,False
2019-08-08,3.383,3.406,3.369,3.386,327716167,1111713433,False
2019-08-09,3.404,3.42,3.393,3.403,339983606,1159058690,False
2019-08-12,3.402,3.402,3.381,3.382,250876994,851804044,False
2019-08-13,3.444,3.469,3.44,3.465,538414533,1858750105,False
2019-08-14,3.369,3.405,3.366,3.376,433844000,1469483756,False
2019-08-15,3.435,3.445,3.397,3.414,356056425,1220974235,False
2019-08-16,3.436,3.438,3.413,3.419,259045200,888487241,False
2019-08-19,3.394,3.419,3.393,3.402,362706559,1234951724,False
2019-08-20,3.394,3.394,3.382,3.388,417012311,1412644382,False
2019-08-21,3.399,3.403,3.388,3.391,346091728,1176275601,False
2019-08-22,3.395,3.403,3.395,3.401,141758300,481929116,False
2019-08-23,3.399,3.4,3.392,3.398,215351667,731569416,False
2019-08-26,3.521,3.534,3.51,3.52,318150249,1121957291,False
2019-08-27,3.511,3.526,3.501,3.522,236948129,832017518,False
2019-08-28,3.543,3.543,3.513,3.524,234293665,826649851,False
2019-08-29,3.53,3.566,3.529,3.565,288905600,1024193293,False
2019-08-30,3.503,3.523,3.495,3.508,361491818,1267506262,False
2019-09-02,3.502,3.505,3.492,3.496,282898777,989947602,False
2019-09-03,3.51,3.517,3.5,3.511,218523874,766862711,False
2019-09-04,3.557,3.56,3.522,3.524,305799837,1082531656,False
2019-09-05,3.542,3.544,3.525,3.539,199025129,702496368,False
2019-09-06,3.464,3.476,3.424,3.429,396414545,1372699101,False
2019-09-09,3.436,3.448,3.431,3.442,311284400,1071034403,False
2019-09-10,3.382,3.392,3.371,3.389,290756026,984874418,False
2019-09-11,3.397,3.408,3.396,3.404,350938726,1193155485,False
2019-09-12,3.395,3.404,3.393,3.404,198023281,672530660,False
2019-09-16,3.414,3.414,3.397,3.407,292905251,997866285,False
2019-09-17,3.405,3.405,3.392,3.394,220324615,749026058,False
2019-09-18,3.407,3.413,3.404,3.407,276284495,941669454,False
2019-09-19,3.387,3.403,3.385,3.401,238282800,808880654,False
2019-09-20,3.407,3.416,3.406,3.412,192641700,657109842,False
2019-09-23,3.437,3.461,3.437,3.441,347806152,1200413065,False
2019-09-24,3.463,3.466,3.454,3.46,360332600,1247184176,False
2019-09-25,3.48,3.482,3.473,3.48,226073380,786273942,False
2019-09-26,3.444,3.449,3.429,3.434,303687073,1044848719,False
2019-09-27,3.426,3.435,3.4,3.404,162748549,557748466,False
2019-09-30,3.4,3.403,3.386,3.396,143680001,488130765,False
2019-10-08,3.402,3.405,3.385,3.39,157931900,535814094,False
2019-10-09,3.435,3.441,3.434,3.44,234839800,807219151,False
2019-10-10,3.44,3.445,3.413,3.422,228907973,784621646,False
2019-10-11,3.391,3.406,3.389,3.405,142708831,484458493,False
2019-10-14,3.367,3.367,3.345,3.356,248654138,834301321,False
2019-10-15,3.363,3.377,3.361,3.363,271436067,914494200,False
2019-10-16,3.356,3.359,3.345,3.35,287978864,966296988,False
2019-10-17,3.366,3.377,3.365,3.374,293707318,989209673,False
2019-10-18,3.367,3.373,3.365,3.371,330803855,1114361265,False
2019-10-21,3.362,3.372,3.361,3.369,185654731,624574242,False
2019-10-22,3.349,3.359,3.349,3.356,275427600,924393288,False
2019-10-23,3.363,3.372,3.361,3.371,295457200,994659364,False
2019-10-24,3.367,3.369,3.363,3.364,352689875,1187228994,False
2019-10-25,3.388,3.4,3.387,3.398,491833062,1669143537,False
2019-10-28,3.394,3.396,3.388,3.395,261459849,887041200,False
2019-10-29,3.364,3.365,3.356,3.36,192562500,647298171,False
2019-10-30,3.357,3.362,3.353,3.356,175427800,588922860,False
2019-10-31,3.365,3.369,3.362,3.363,204958100,689859503,False
2019-11-01,3.396,3.398,3.3,3.387,276259950,936435869,False
2019-11-04,3.391,3.392,3.381,3.383,212931000,721047142,False
2019-11-05,3.374,3.376,3.359,3.362,210859178,710774998,False
2019-11-06,3.32,3.32,3.306,3.313,345977101,1145951086,False
2019-11-07,3.329,3.335,3.325,3.331,284447708,947465012,False
2019-11-08,3.253,3.271,3.25,3.269,292557600,954392840,False
2019-11-11,3.26,3.267,3.255,3.266,274300774,894066851,False
2019-11-12,3.25,3.25,3.228,3.233,245390600,795877741,False
2019-11-13,3.259,3.27,3.257,3.267,333857466,1089149416,False
2019-11-14,3.266,3.277,3.265,3.276,269470470,881099581,False
2019-11-15,3.274,3.276,3.265,3.268,186043900,608492903,False
2019-11-18,3.271,3.276,3.268,3.269,349158352,1142309787,False
2019-11-19,3.292,3.294,3.283,3.29,307934512,1012471693,False
2019-11-20,3.297,3.303,3.296,3.301,467298900,1541602281,False
2019-11-21,3.303,3.31,3.292,3.294,307522203,1014787106,False
2019-11-22,3.278,3.288,3.273,3.287,234239913,768092234,False
2019-11-25,3.269,3.278,3.262,3.264,371195751,1213980920,False
2019-11-26,3.254,3.264,3.247,3.263,278298171,905890745,False
2019-11-27,3.27,3.271,3.264,3.268,160851982,525599079,False
2019-11-28,3.264,3.266,3.26,3.261,153670061,501549238,False
2019-11-29,3.264,3.271,3.264,3.265,372259384,1216519718,False
2019-12-02,3.271,3.272,3.268,3.269,192269202,628682808,False
2019-12-03,3.278,3.283,3.274,3.277,279989779,918041546,False
2019-12-04,3.326,3.338,3.325,3.337,368420476,1227092684,False
2019-12-05,3.317,3.322,3.316,3.321,182131400,604453426,False
2019-12-06,3.315,3.316,3.296,3.297,308697801,1022096348,False
2019-12-09,3.272,3.279,3.27,3.275,403280335,1320433285,False
2019-12-10,3.278,3.283,3.276,3.28,201343638,660214501,False
2019-12-11,3.283,3.288,3.282,3.282,263164004,864254603,False
2019-12-12,3.303,3.313,3.3,3.3,277906578,918837134,False
2019-12-13,3.26,3.268,3.259,3.261,263320590,859212734,False
2019-12-16,3.282,3.297,3.281,3.294,248243739,815893887,False
2019-12-17,3.292,3.294,3.289,3.292,384993837,1267237379,False
2019-12-18,3.293,3.297,3.291,3.295,383959296,1264642290,False
2019-12-19,3.291,3.299,3.291,3.292,359961300,1185916390,False
2019-12-20,3.296,3.303,3.295,3.302,311080320,1026173202,False
2019-12-23,3.301,3.315,3.3,3.313,344127900,1137762328,False
2019-12-24,3.318,3.333,3.317,3.331,382142068,1271260919,False
2019-12-25,3.348,3.354,3.344,3.352,302903084,1015114842,False
2019-12-26,3.353,3.357,3.345,3.353,335218524,1123859300,False
2019-12-27,3.364,3.382,3.36,3.363,442596076,1492936084,False
2019-12-30,3.372,3.374,3.361,3.361,384684900,1295585186,False
2019-12-31,3.375,3.386,3.373,3.384,402632694,1360969185,False
2020-01-02,3.371,3.377,3.368,3.37,381843814,1287583746,False
2020-01-03,3.392,3.428,3.39,3.422,367914983,1254881697,False
2020-01-06,3.496,3.51,3.493,3.497,460780493,1613494876,False
2020-01-07,3.472,3.475,3.447,3.466,361056966,1249704636,False
2020-01-08,3.547,3.56,3.511,3.531,546298189,1926679989,False
2020-01-09,3.44,3.451,3.397,3.408,445819020,1534083852,False
2020-01-10,3.413,3.425,3.413,3.418,272050841,930565151,False
2020-01-13,3.423,3.435,3.413,3.418,430474242,1474214156,False
2020-01-14,3.368,3.376,3.363,3.374,424502086,1430424559,False
2020-01-15,3.398,3.414,3.395,3.403,420875402,1434372564,False
2020-01-16,3.413,3.42,3.403,3.406,491406222,1677270655,False
2020-01-17,3.402,3.41,3.4,3.404,333220663,1134252856,False
2020-01-20,3.407,3.41,3.403,3.405,430093564,1465106193,False
2020-01-21,3.425,3.449,3.424,3.437,509390317,1751478809,False
2020-01-22,3.409,3.419,3.401,3.407,359960480,1227541567,False
2020-01-23,3.428,3.437,3.421,3.43,256121000,878069427,False
2020-02-03,3.51,3.527,3.51,3.52,351086537,1235172492,False
2020-02-04,3.509,3.512,3.488,3.492,335443599,1174676005,False
2020-02-05,3.459,3.476,3.453,3.469,391975435,1357974668,False
2020-02-06,3.448,3.454,3.439,3.452,356182627,1228019964,False
2020-02-07,3.48,3.482,3.463,3.468,215436733,748690010,False
2020-02-10,3.491,3.497,3.479,3.481,339872403,1184823780,False
2020-02-11,3.479,3.482,3.47,3.472,272462207,946956446,False
2020-02-12,3.466,3.47,3.459,3.465,371946240,1289068425,False
2020-02-13,3.474,3.493,3.474,3.49,319584440,1113158238,False
2020-02-14,3.495,3.498,3.486,3.494,198147469,692100247,False
2020-02-17,3.509,3.511,3.502,3.505,296965567,1041005920,False
2020-02-18,3.514,3.523,3.514,3.522,411444070,1447726127,False
2020-02-19,3.563,3.569,3.555,3.562,407130062,1450226368,False
2020-02-20,3.568,3.595,3.568,3.574,344032467,1232251933,False
2020-02-21,3.611,3.648,3.611,3.646,447405401,1624586052,False
2020-02-24,3.728,3.73,3.707,3.725,596541448,2216601413,False
2020-02-25,3.679,3.703,3.64,3.648,915555049,3373649140,False
2020-02-26,3.667,3.678,3.632,3.668,777739323,2849456635,False
2020-02-27,3.665,3.69,3.665,3.669,605671218,2225988931,False
2020-02-28,3.652,3.66,3.605,3.623,500792209,1823033607,False
2020-03-02,3.549,3.556,3.516,3.542,604472471,2138388882,False
2020-03-03,3.532,3.542,3.53,3.536,440703227,1558011433,False
2020-03-04,3.608,3.628,3.607,3.612,536789980,1940724987,False
2020-03-05,3.603,3.612,3.6,3.611,380561927,1371411920,False
2020-03-06,3.677,3.705,3.672,3.686,513592422,1892257669,False
2020-03-09,3.716,3.728,3.317,3.659,711691432,2624195457,False
2020-03-10,3.647,3.656,3.593,3.612,535616366,1945663130,False
2020-03-11,3.621,3.649,3.621,3.648,582121976,2115649911,False
2020-03-12,3.622,3.625,3.597,3.608,459953530,1658973369,False
2020-03-13,3.472,3.519,3.437,3.502,597822634,2076825928,False
2020-03-16,3.4,3.436,3.382,3.414,587541169,2005647215,False
2020-03-17,3.315,3.316,3.25,3.255,633399975,2080993365,False
2020-03-18,3.38,3.39,3.306,3.326,795759336,2675879176,False
2020-03-19,3.295,3.318,3.253,3.312,640338967,2104808503,False
2020-03-20,3.317,3.361,3.305,3.346,492491948,1636123613,False
2020-03-23,3.325,3.355,3.324,3.337,481077100,1607791181,False
2020-03-24,3.55,3.554,3.489,3.523,580565796,2042565440,False
2020-03-25,3.601,3.61,3.573,3.581,629555198,2261848702,False
2020-03-26,3.568,3.594,3.567,3.572,528919132,1892239691,False
2020-03-27,3.605,3.621,3.599,3.612,477157440,1722024450,False
2020-03-30,3.597,3.601,3.577,3.583,451756034,1622066720,False
2020-03-31,3.583,3.59,3.581,3.586,486541736,1744376819,False
2020-04-01,3.505,3.537,3.503,3.528,419471001,1475067658,False
2020-04-02,3.526,3.55,3.524,3.543,332260141,1173648164,False
2020-04-03,3.582,3.599,3.568,3.575,285008082,1020595888,False
2020-04-07,3.686,3.691,3.671,3.676,420795297,1549853233,False
2020-04-08,3.643,3.654,3.639,3.641,413460942,1508410142,False
2020-04-09,3.642,3.651,3.64,3.65,332076298,1209831730,False
2020-04-10,3.681,3.687,3.664,3.671,449865781,1654369092,False
2020-04-13,3.675,3.676,3.655,3.67,364959800,1336618261,False
2020-04-14,3.698,3.736,3.685,3.712,439242092,1631108095,False
2020-04-15,3.713,3.729,3.7,3.702,486799589,1810918111,False
2020-04-16,3.702,3.743,3.7,3.73,451034200,1673766832,False
2020-04-17,3.69,3.696,3.643,3.669,426186400,1567021083,False
2020-04-20,3.634,3.661,3.633,3.651,392433929,1431885123,False
2020-04-21,3.674,3.687,3.671,3.684,646262863,2376551485,False
2020-04-22,3.686,3.69,3.665,3.674,407596770,1500164789,False
2020-04-23,3.735,3.748,3.73,3.739,400188828,1496887215,False
2020-04-24,3.741,3.775,3.739,3.769,355274966,1332629882,False
2020-04-27,3.763,3.763,3.739,3.741,345923540,1298209378,False
2020-04-28,3.717,3.721,3.694,3.714,495536894,1837664210,False
2020-04-29,3.729,3.741,3.728,3.733,544862579,2034589545,False
2020-04-30,3.728,3.751,3.723,3.746,282604624,1054720717,False
2020-05-06,3.748,3.75,3.734,3.741,324289050,1213685972,False
2020-05-07,3.732,3.74,3.721,3.723,482188056,1800144603,False
2020-05-08,3.775,3.779,3.767,3.769,444158000,1675371093,False
2020-05-11,3.751,3.76,3.747,3.754,455091700,1708650073,False
2020-05-12,3.741,3.754,3.74,3.746,386522300,1448423829,False
2020-05-13,3.755,3.759,3.749,3.757,402964666,1512529085,False
2020-05-14,3.772,3.782,3.771,3.781,415694104,1569134514,False
2020-05-15,3.818,3.842,3.814,3.834,310070368,1185265327,False
2020-05-18,3.9,3.939,3.899,3.927,471884826,1851676376,False
2020-05-19,3.868,3.886,3.852,3.865,550857200,2134866473,False
2020-05-20,3.908,3.916,3.9,3.906,542869223,2120784487,False
2020-05-21,3.89,3.894,3.867,3.87,453316287,1759790394,False
2020-05-22,3.846,3.868,3.834,3.865,468965627,1805390176,False
2020-05-25,3.855,3.868,3.851,3.858,401116823,1548443092,False
2020-05-26,3.873,3.887,3.871,3.876,318601556,1235692682,False
2020-05-27,3.845,3.847,3.83,3.835,404343113,1552648212,False
2020-05-28,3.85,3.871,3.846,3.863,382322800,1475225031,False
2020-05-29,3.857,3.869,3.854,3.864,418602612,1616722459,False
2020-06-01,3.881,3.906,3.881,3.895,479072109,1864794597,False
2020-06-02,3.885,3.896,3.883,3.888,499594675,1943263115,False
2020-06-03,3.852,3.866,3.848,3.853,451340148,1741442091,False
2020-06-04,3.815,3.834,3.813,3.82,537853718,2057303489,False
2020-06-05,3.845,3.847,3.813,3.817,423175661,1620975065,False
2020-06-08,3.774,3.788,3.771,3.783,469382502,1772433028,False
2020-06-09,3.793,3.796,3.778,3.782,302404190,1144718341,False
2020-06-10,3.823,3.825,3.818,3.821,299804900,1145479168,False
2020-06-11,3.844,3.856,3.841,3.855,492642290,1895236856,False
2020-06-12,3.85,3.856,3.841,3.854,597308803,2297666454,False
2020-06-15,3.86,3.866,3.833,3.844,455092000,1752661372,False
2020-06-16,3.842,3.852,3.829,3.84,618127823,2375174123,False
2020-06-17,3.842,3.848,3.837,3.842,443191028,1702822217,False
2020-06-18,3.847,3.847,3.834,3.836,502325771,1929758070,False
2020-06-19,3.837,3.849,3.837,3.844,634811235,2439085424,False
2020-06-22,3.891,3.901,3.885,3.886,690726506,2688456172,False
2020-06-23,3.896,3.896,3.877,3.882,597215211,2321588083,False
2020-06-24,3.913,3.915,3.904,3.91,466070203,1821625363,False
2020-06-29,3.917,3.917,3.907,3.91,390606688,1527990063,False
2020-06-30,3.909,3.915,3.906,3.914,626114822,2448171936,False
2020-07-01,3.93,3.942,3.926,3.939,501693330,1973363651,False
2020-07-02,3.901,3.908,3.898,3.903,480973576,1877390730,False
2020-07-03,3.917,3.919,3.907,3.915,465526388,1822549750,False
2020-07-06,3.912,3.915,3.898,3.902,547256840,2137196438,False
2020-07-07,3.909,3.913,3.904,3.911,954624685,3731357393,False
2020-07-08,3.929,3.932,3.925,3.928,724390201,2845814813,False
2020-07-09,3.947,3.959,3.945,3.954,895031855,3538580427,False
2020-07-10,3.936,3.943,3.924,3.926,476430241,1875713037,False
2020-07-13,3.938,3.947,3.937,3.939,580560314,2287739230,False
2020-07-14,3.928,3.94,3.928,3.935,682105301,2683461190,False
2020-07-15,3.948,3.956,3.939,3.94,805515660,3177991255,False
2020-07-16,3.939,3.946,3.926,3.927,488219614,1923197858,False
2020-07-17,3.905,3.905,3.892,3.904,517308606,2017444400,False
2020-07-20,3.916,3.926,3.916,3.925,616189371,2415266627,False
2020-07-21,3.941,3.957,3.933,3.951,655417603,2581762851,False
2020-07-22,4.063,4.065,4.03,4.043,603547593,2438544665,False
2020-07-23,4.056,4.069,4.051,4.066,495540313,2010546698,False
2020-07-24,4.084,4.111,4.083,4.109,570400997,2337096290,False
2020-07-27,4.165,4.253,4.162,4.203,862364052,3627208573,False
2020-07-28,4.29,4.29,4.167,4.198,679015008,2879228119,False
2020-07-29,4.222,4.222,4.199,4.206,625712417,2632338684,False
2020-07-30,4.215,4.218,4.157,4.174,526293874,2212740095,False
2020-07-31,4.181,4.22,4.172,4.216,877114195,3672255014,False
2020-08-03,4.212,4.216,4.198,4.2,534377030,2248812666,False
2020-08-04,4.213,4.217,4.201,4.206,583612001,2458616633,False
2020-08-05,4.299,4.327,4.274,4.32,441331375,1895603438,False
2020-08-06,4.333,4.359,4.329,4.353,579767957,2517207317,False
2020-08-07,4.402,4.415,4.315,4.378,468888752,2061162053,False
2020-08-10,4.335,4.357,4.334,4.349,345233954,1499208439,False
2020-08-11,4.323,4.335,4.234,4.253,565791572,2433925089,False
2020-08-12,4.037,4.037,3.958,3.989,418444850,1665711147,False
2020-08-13,4.068,4.07,4.04,4.054,617483540,2504865076,False
2020-08-14,4.142,4.149,4.075,4.088,536112482,2215225271,False
2020-08-17,4.092,4.133,4.086,4.129,484646848,1992328652,False
2020-08-18,4.202,4.234,4.202,4.225,507940165,2141720540,False
2020-08-19,4.217,4.217,4.173,4.177,487759444,2047621355,False
2020-08-20,4.065,4.108,4.048,4.088,562662206,2299308243,False
2020-08-21,4.089,4.1,4.073,4.091,520151352,2127180210,False
2020-08-24,4.042,4.066,4.04,4.056,397389412,1611101953,False
2020-08-25,4.063,4.075,4.055,4.064,446088891,1814616914,False
2020-08-26,4.062,4.074,4.055,4.059,356876696,1450306260,False
2020-08-27,4.102,4.109,4.096,4.108,578878757,2375190679,False
2020-08-28,4.082,4.115,4.081,4.109,350491241,1436103211,False
2020-08-31,4.138,4.144,4.119,4.123,399255081,1651248010,False
2020-09-01,4.149,4.177,4.149,4.169,504900595,2103009938,False
2020-09-02,4.135,4.136,4.12,4.125,434122222,1791382347,False
2020-09-03,4.085,4.104,4.045,4.053,438240654,1787997524,False
2020-09-04,4.062,4.079,4.053,4.065,317791904,1292721954,False
2020-09-07,4.079,4.087,4.056,4.063,412305606,1680162060,False
2020-09-08,4.06,4.076,4.05,4.066,435512602,1767792104,False
2020-09-09,4.061,4.081,4.058,4.068,275625175,1121123635,False
2020-09-10,4.105,4.108,4.091,4.096,371404045,1523254492,False
2020-09-11,4.098,4.103,4.071,4.087,433153117,1769898690,False
2020-09-14,4.088,4.099,4.084,4.086,386212419,1580548330,False
2020-09-15,4.098,4.112,4.092,4.1,604989299,2482483370,False
2020-09-16,4.077,4.093,4.075,4.088,315032866,1286399284,False
2020-09-17,4.077,4.08,4.05,4.06,539818128,2191535195,False
2020-09-18,4.067,4.079,4.064,4.078,373054342,1518793727,False
2020-09-21,4.085,4.09,4.075,4.078,269480157,1100108730,False
2020-09-22,3.978,4.004,3.967,3.985,386013831,1539461641,False
2020-09-23,3.98,3.989,3.911,3.925,368209971,1457738889,False
2020-09-24,3.92,3.924,3.869,3.881,359490052,1402666714,False
2020-09-25,3.902,3.93,3.897,3.928,471870023,1845240922,False
2020-09-28,3.922,3.925,3.914,3.919,358361500,1404661641,False
2020-09-29,3.968,3.975,3.95,3.972,239432818,950252277,False
2020-09-30,3.985,3.989,3.966,3.974,279000199,1110412465,False
2020-10-09,3.962,3.986,3.959,3.971,247649712,984504728,False
2020-10-12,4.019,4.03,4.013,4.014,324873753,1307228925,False
2020-10-13,4.012,4.019,3.995,4.003,262227794,1050152625,False
2020-10-14,3.93,3.958,3.927,3.958,396059016,1562271051,False
2020-10-15,3.948,3.96,3.938,3.953,351164952,1387034383,False
2020-10-16,3.972,3.977,3.962,3.965,308477427,1224776331,False
2020-10-19,3.954,3.974,3.944,3.968,432625159,1711313928,False
2020-10-20,3.954,3.955,3.938,3.952,347455216,1372011223,False
2020-10-21,3.972,3.979,3.963,3.966,306367137,1216953581,False
2020-10-22,3.975,3.975,3.956,3.97,437075940,1732815888,False
2020-10-23,3.953,3.957,3.947,3.956,313337378,1238522037,False
2020-10-26,3.947,3.947,3.926,3.938,307890792,1212541291,False
2020-10-27,3.968,3.976,3.966,3.972,318802122,1266323425,False
2020-10-28,3.974,3.985,3.969,3.974,228293418,908036534,False
2020-10-29,3.913,3.933,3.91,3.92,394820038,1548256267,False
2020-10-30,3.906,3.908,3.885,3.897,236328450,921456436,False
2020-11-02,3.914,3.936,3.914,3.93,247795993,972412865,False
2020-11-03,3.94,3.955,3.939,3.949,590569338,2331227604,False
2020-11-04,3.97,3.976,3.955,3.967,432160074,1714671917,False
2020-11-05,3.951,3.966,3.95,3.965,297078914,1176200697,False
2020-11-06,4.002,4.013,3.99,4.001,406735532,1628712310,False
2020-11-09,4.014,4.016,3.987,3.99,400952687,1607100214,False
2020-11-10,3.854,3.894,3.85,3.889,410579874,1588928815,False
2020-11-11,3.884,3.884,3.866,3.881,322929484,1250667967,False
2020-11-12,3.865,3.879,3.862,3.873,658773788,2551356828,False
2020-11-13,3.887,3.892,3.886,3.89,266569483,1036880207,False
2020-11-16,3.905,3.91,3.885,3.888,291587167,1137282701,False
2020-11-17,3.887,3.891,3.876,3.881,403809896,1568741588,False
2020-11-18,3.861,3.865,3.849,3.856,287549900,1109294090,False
2020-11-19,3.852,3.853,3.828,3.837,284481811,1093145548,False
2020-11-20,3.843,3.849,3.837,3.843,288361800,1108008079,False
2020-11-23,3.851,3.855,3.841,3.851,271142677,1043150410,False
2020-11-24,3.772,3.774,3.746,3.755,401833337,1509340300,False
2020-11-25,3.725,3.727,3.705,3.714,446271594,1658031708,False
2020-11-26,3.717,3.72,3.704,3.718,355684435,1320656115,False
2020-11-27,3.716,3.722,3.711,3.72,236994013,880638294,False
2020-11-30,3.656,3.656,3.604,3.628,477956085,1733729833,False
2020-12-01,3.64,3.661,3.638,3.653,335691763,1224877717,False
2020-12-02,3.7,3.71,3.695,3.707,397688813,1473097771,False
2020-12-03,3.729,3.754,3.722,3.748,404160395,1511482152,False
2020-12-04,3.752,3.764,3.743,3.754,335235694,1258005577,False
2020-12-07,3.738,3.752,3.736,3.745,349286903,1308210845,False
2020-12-08,3.795,3.809,3.79,3.8,370686406,1408387082,False
2020-12-09,3.798,3.802,3.771,3.778,289868366,1098278328,False
2020-12-10,3.746,3.755,3.738,3.74,496998867,1862662039,False
2020-12-11,3.744,3.749,3.731,3.739,358736369,1342644445,False
2020-12-14,3.742,3.747,3.734,3.74,364495800,1363769785,False
2020-12-15,3.734,3.77,3.731,3.769,185437051,695589863,False
2020-12-16,3.782,3.801,3.778,3.793,197229992,747731429,False
2020-12-17,3.799,3.818,3.797,3.812,403834402,1536954598,False
2020-12-18,3.824,3.849,3.824,3.838,366577123,1406286180,False
2020-12-21,3.878,3.897,3.871,3.879,554440000,2152744445,False
2020-12-22,3.84,3.852,3.82,3.825,402887720,1548357712,False
2020-12-23,3.822,3.826,3.811,3.818,393032137,1501470210,False
2020-12-24,3.844,3.847,3.83,3.832,348493494,1338024297,False
2020-12-25,3.834,3.856,3.833,3.853,336388657,1293013857,False
2020-12-28,3.875,3.887,3.827,3.858,438746440,1700536378,False
2020-12-29,3.852,3.856,3.834,3.837,376341212,1447182437,False
2020-12-30,3.837,3.845,3.828,3.832,164010200,629434510,False
2020-12-31,3.867,3.868,3.838,3.85,280224200,1079847303,False
2021-01-04,3.897,3.909,3.894,3.902,355073116,1384874111,False
2021-01-05,3.923,3.93,3.914,3.92,415591092,1630368946,False
2021-01-06,3.931,3.939,3.922,3.931,459531490,1806842663,False
2021-01-07,3.889,3.904,3.875,3.903,430233824,1671592523,False
2021-01-08,3.89,3.894,3.876,3.878,272133204,1057337389,False
2021-01-11,3.73,3.782,3.715,3.777,374907646,1407572011,False
2021-01-12,3.769,3.808,3.767,3.805,369051344,1398000390,False
2021-01-13,3.803,3.815,3.79,3.797,378137598,1438637832,False
2021-01-14,3.796,3.796,3.752,3.772,321771322,1215030480,False
2021-01-15,3.792,3.798,3.775,3.785,181835403,689339096,False
2021-01-18,3.741,3.783,3.739,3.775,470611086,1768802096,False
2021-01-19,3.793,3.793,3.772,3.779,310189034,1172521345,False
2021-01-20,3.79,3.795,3.78,3.789,334562054,1267024864,False
2021-01-21,3.813,3.828,3.81,3.825,247822500,946259824,False
2021-01-22,3.811,3.815,3.798,3.806,239215760,910922954,False
2021-01-25,3.807,3.808,3.785,3.788,380377573,1445368435,False
2021-01-26,3.796,3.811,3.792,3.799,291652400,1108918523,False
2021-01-27,3.777,3.782,3.762,3.779,265293791,1000651681,False
2021-01-28,3.767,3.771,3.759,3.761,299275133,1127119150,False
2021-01-29,3.763,3.784,3.763,3.778,369825954,1392942800,False
2021-02-01,3.778,3.828,3.77,3.82,352501600,1340715966,False
2021-02-02,3.815,3.821,3.786,3.789,261825405,996792743,False
2021-02-03,3.755,3.765,3.745,3.75,386374796,1451000009,False
2021-02-04,3.746,3.746,3.699,3.723,302218564,1123940383,False
2021-02-05,3.68,3.686,3.673,3.681,168134520,618561978,False
2021-02-08,3.708,3.715,3.698,3.712,192024600,711805158,False
2021-02-09,3.742,3.759,3.741,3.752,193463184,726035173,False
2021-02-10,3.742,3.762,3.738,3.756,160992713,603820767,False
2021-02-18,3.645,3.653,3.636,3.65,338778500,1234795893,False
2021-02-19,3.629,3.645,3.616,3.634,362058354,1313616520,False
2021-02-22,3.664,3.685,3.654,3.675,337859541,1238640234,False
2021-02-23,3.704,3.727,3.704,3.713,350532338,1303146354,False
2021-02-24,3.709,3.714,3.7,3.705,362548122,1343808308,False
2021-02-25,3.684,3.686,3.664,3.67,258382272,950092233,False
2021-02-26,3.65,3.65,3.606,3.613,357941231,1300498652,False
2021-03-01,3.572,3.6,3.571,3.595,358863084,1286583453,False
2021-03-02,3.54,3.546,3.503,3.536,433414811,1526297769,False
2021-03-03,3.554,3.572,3.545,3.549,240128932,853055970,False
2021-03-04,3.518,3.521,3.504,3.514,409102756,1437289859,False
2021-03-05,3.467,3.486,3.463,3.482,313466415,1088347996,False
2021-03-08,3.523,3.533,3.517,3.519,345212756,1217141114,False
2021-03-09,3.489,3.509,3.481,3.506,414212000,1445989209,False
2021-03-10,3.547,3.551,3.533,3.542,427472785,1513418801,False
2021-03-11,3.559,3.584,3.557,3.573,550041800,1964267564,False
2021-03-12,3.553,3.554,3.52,3.524,309988242,1096930310,False
2021-03-15,3.573,3.578,3.554,3.556,390433971,1392081734,False
2021-03-16,3.572,3.578,3.562,3.562,368423423,1315369259,False
2021-03-17,3.57,3.581,3.57,3.577,282510337,1010342661,False
2021-03-18,3.612,3.615,3.599,3.604,247447136,892387212,False
2021-03-19,3.569,3.599,3.565,3.589,171939400,614984379,False
2021-03-22,3.581,3.594,3.566,3.57,264857017,948515223,False
2021-03-23,3.571,3.588,3.57,3.585,283520118,1014708511,False
2021-03-24,3.567,3.587,3.567,3.578,527171217,1887042618,False
2021-03-25,3.588,3.603,3.584,3.589,279635018,1004255648,False
2021-03-26,3.581,3.584,3.567,3.579,497276168,1779141353,False
2021-03-29,3.58,3.589,3.576,3.579,645461516,2312764674,False
2021-03-30,3.558,3.558,3.535,3.536,308316000,1093295110,False
2021-03-31,3.501,3.502,3.48,3.495,364266332,1271331379,False
2021-04-01,3.538,3.571,3.538,3.565,398255531,1415114863,False
2021-04-02,3.603,3.615,3.601,3.612,597345644,2155954502,False
2021-04-06,3.607,3.608,3.589,3.591,422970881,1523497410,False
2021-04-07,3.602,3.609,3.595,3.607,396376516,1426930886,False
2021-04-08,3.596,3.624,3.595,3.614,361815448,1305090040,False
2021-04-09,3.641,3.65,3.627,3.631,314581000,1144248473,False
2021-04-12,3.615,3.616,3.597,3.612,398812464,1438493282,False
2021-04-13,3.58,3.598,3.574,3.575,271051252,972256988,False
2021-04-14,3.614,3.617,3.603,3.615,286103675,1033461710,False
2021-04-15,3.598,3.614,3.588,3.612,473415942,1704804786,False
2021-04-16,3.645,3.652,3.64,3.643,257720225,939622723,False
2021-04-19,3.671,3.676,3.666,3.67,283146500,1039667316,False
2021-04-20,3.645,3.647,3.63,3.635,347781926,1265314558,False
2021-04-21,3.657,3.675,3.657,3.673,390239100,1430525039,False
2021-04-22,3.683,3.692,3.669,3.676,218433400,804256034,False
2021-04-23,3.672,3.676,3.663,3.668,255202900,936769755,False
2021-04-26,3.651,3.661,3.644,3.649,276853971,1011748942,False
2021-04-27,3.654,3.657,3.641,3.653,212101790,774231709,False
2021-04-28,3.636,3.641,3.627,3.632,366612595,1332881675,False
2021-04-29,3.664,3.672,3.64,3.643,370007824,1354794401,False
2021-04-30,3.623,3.63,3.611,3.625,257839200,932650616,False
2021-05-06,3.664,3.685,3.662,3.676,336101714,1233893286,False
2021-05-07,3.716,3.724,3.708,3.717,432461648,1606628487,False
2021-05-10,3.724,3.74,3.72,3.73,378766578,1412093325,False
2021-05-11,3.731,3.734,3.724,3.725,297097438,1108051637,False
2021-05-12,3.725,3.734,3.713,3.732,335363200,1247957594,False
2021-05-13,3.719,3.722,3.707,3.717,261015000,969646811,False
2021-05-14,3.719,3.742,3.712,3.739,378071694,1406686740,False
2021-05-17,3.781,3.788,3.772,3.777,324302379,1225562254,False
2021-05-18,3.803,3.817,3.799,3.802,374155082,1424897698,False
2021-05-19,3.795,3.812,3.789,3.812,379659785,1441935746,False
2021-05-20,3.806,3.827,3.794,3.811,324058190,1236567825,False
2021-05-21,3.811,3.823,3.806,3.816,286325966,1092236029,False
2021-05-24,3.836,3.844,3.826,3.828,337913234,1296490117,False
2021-05-25,3.79,3.817,3.79,3.812,250507065,952184318,False
2021-05-26,3.857,3.865,3.842,3.852,296758743,1144307924,False
2021-05-27,3.823,3.838,3.821,3.829,354656398,1357628550,False
2021-05-28,3.825,3.825,3.798,3.8,437672154,1668583770,False
2021-05-31,3.836,3.842,3.826,3.828,369707189,1417762817,False
2021-06-01,3.839,3.855,3.838,3.853,248864500,957227114,False
2021-06-02,3.828,3.83,3.781,3.793,349321578,1332071375,False
2021-06-03,3.802,3.818,3.766,3.774,285499585,1085064404,False
2021-06-04,3.715,3.747,3.674,3.732,326454400,1208354587,False
2021-06-07,3.759,3.77,3.754,3.757,423271163,1592064530,False
2021-06-08,3.799,3.801,3.771,3.778,450507301,1704479283,False
2021-06-09,3.778,3.786,3.771,3.775,340664756,1286885038,False
2021-06-10,3.767,3.781,3.758,3.764,357575600,1346631526,False
2021-06-11,3.795,3.802,3.792,3.795,264591163,1004906044,False
2021-06-15,3.72,3.738,3.705,3.73,342636707,1275122118,False
2021-06-16,3.718,3.734,3.71,3.729,330241282,1228981102,False
2021-06-17,3.673,3.683,3.655,3.667,318993292,1171494563,False
2021-06-18,3.625,3.634,3.622,3.625,529165861,1920013878,False
2021-06-21,3.615,3.631,3.604,3.628,384826269,1392157780,False
2021-06-22,3.642,3.652,3.631,3.641,306757942,1117121211,False
2021-06-23,3.64,3.648,3.637,3.645,377651386,1375792283,False
2021-06-24,3.632,3.636,3.625,3.628,470578352,1708404591,False
2021-06-25,3.623,3.632,3.621,3.624,383013696,1388710891,False
2021-06-28,3.618,3.639,3.609,3.629,357891027,1296370211,False
2021-06-29,3.619,3.625,3.614,3.616,256189743,927030422,False
2021-06-30,3.596,3.596,3.579,3.584,349326516,1253235098,False
2021-07-01,3.61,3.635,3.608,3.629,228466671,827915860,False
2021-07-02,3.64,3.64,3.631,3.632,294637663,1071138887,False
2021-07-05,3.651,3.654,3.635,3.645,337826560,1231073039,False
2021-07-06,3.651,3.679,3.651,3.679,624889859,2289813422,False
2021-07-07,3.676,3.68,3.665,3.676,616985605,2265853357,False
2021-07-08,3.68,3.68,3.664,3.67,574165600,2106907252,False
2021-07-09,3.684,3.696,3.674,3.68,431140598,1589719659,False
2021-07-12,3.691,3.693,3.669,3.674,302899521,1114509380,False
2021-07-13,3.684,3.694,3.679,3.689,522369050,1926948077,False
2021-07-14,3.683,3.7,3.683,3.692,475923831,1758328649,False
2021-07-15,3.715,3.723,3.71,3.721,357052302,1326843711,False
2021-07-16,3.72,3.724,3.708,3.711,403966588,1501665357,False
2021-07-19,3.7,3.702,3.677,3.679,364769925,1347180078,False
2021-07-20,3.705,3.714,3.705,3.709,428268087,1588785812,False
2021-07-21,3.685,3.696,3.679,3.695,369242681,1361224943,False
2021-07-22,3.667,3.67,3.66,3.667,396398066,1452979168,False
2021-07-23,3.675,3.686,3.672,3.684,325754067,1198169654,False
2021-07-26,3.681,3.697,3.681,3.693,355305952,1311213552,False
2021-07-27,3.675,3.675,3.657,3.662,303668681,1112774948,False
2021-07-28,3.695,3.707,3.693,3.698,451570685,1671302750,False
2021-07-29,3.714,3.716,3.702,3.708,221173600,820147761,False
2021-07-30,3.721,3.73,3.711,3.72,416687677,1549951752,False
2021-08-02,3.685,3.689,3.676,3.68,382018000,1407341110,False
2021-08-03,3.682,3.693,3.678,3.681,301014702,1109552592,False
2021-08-04,3.682,3.697,3.682,3.689,514598757,1899518642,False
2021-08-05,3.689,3.691,3.682,3.685,412889469,1522168869,False
2021-08-06,3.666,3.669,3.661,3.663,438159591,1606062042,False
2021-08-09,3.555,3.573,3.544,3.568,485830452,1729498578,False
2021-08-10,3.557,3.557,3.545,3.552,627482922,2228324339,False
2021-08-11,3.542,3.554,3.541,3.548,331284592,1175094769,False
2021-08-12,3.575,3.586,3.571,3.58,480300264,1717961146,False
2021-08-13,3.589,3.595,3.584,3.591,401721377,1441677240,False
2021-08-16,3.635,3.638,3.62,3.621,538369542,1953769924,False
2021-08-17,3.645,3.662,3.641,3.658,453896333,1655925262,False
2021-08-18,3.658,3.663,3.653,3.66,565197400,2067509548,False
2021-08-19,3.653,3.653,3.63,3.648,491820573,1791040682,False
2021-08-20,3.652,3.662,3.649,3.659,758849289,2774159474,False
2021-08-23,3.636,3.66,3.63,3.652,448739993,1638677661,False
2021-08-24,3.677,3.687,3.676,3.679,452878635,1666908092,False
2021-08-25,3.672,3.672,3.657,3.658,348770481,1277274588,False
2021-08-26,3.656,3.656,3.644,3.645,674767266,2463395257,False
2021-08-27,3.665,3.688,3.664,3.682,476584828,1751829009,False
2021-08-30,3.706,3.709,3.689,3.691,622631875,2302467076,False
2021-08-31,3.689,3.697,3.687,3.69,470790354,1737776616,False
2021-09-01,3.69,3.693,3.68,3.69,398621636,1469525072,False
2021-09-02,3.689,3.691,3.681,3.687,305116642,1124702006,False
2021-09-03,3.679,3.692,3.676,3.687,366860242,1351912273,False
2021-09-06,3.71,3.715,3.707,3.708,348771430,1294418408,False
2021-09-07,3.711,3.713,3.689,3.696,292054000,1081060096,False
2021-09-08,3.659,3.668,3.65,3.653,438335601,1603468337,False
2021-09-09,3.638,3.642,3.634,3.639,202617359,737107559,False
2021-09-10,3.647,3.662,3.647,3.66,291173448,1064288439,False
2021-09-13,3.64,3.649,3.631,3.642,319974725,1165052144,False
2021-09-14,3.641,3.649,3.641,3.646,200556365,731140240,False
2021-09-15,3.664,3.67,3.658,3.659,235085282,861822129,False
2021-09-16,3.639,3.647,3.621,3.628,267860074,974333279,False
2021-09-17,3.596,3.596,3.578,3.592,296645465,1063201677,False
2021-09-22,3.632,3.642,3.631,3.64,232183092,844625942,False
2021-09-23,3.612,3.613,3.601,3.605,386433859,1393921126,False
2021-09-24,3.578,3.588,3.573,3.586,186153013,666504848,False
2021-09-27,3.59,3.602,3.59,3.59,290208200,1043751371,False
2021-09-28,3.58,3.585,3.559,3.562,201780000,721863807,False
2021-09-29,3.555,3.562,3.551,3.557,187317800,666402727,False
2021-09-30,3.55,3.556,3.542,3.543,180952788,642361800,False
2021-10-08,3.58,3.591,3.58,3.587,222845935,799387454,False
2021-10-11,3.587,3.589,3.57,3.573,208413749,746336374,False
2021-10-12,3.58,3.596,3.58,3.591,174994830,628021247,False
2021-10-13,3.591,3.594,3.583,3.59,207587845,744943229,False
2021-10-14,3.633,3.641,3.628,3.636,324385204,1179323298,False
2021-10-15,3.641,3.645,3.626,3.629,180424224,656188589,False
2021-10-18,3.591,3.596,3.574,3.58,280941978,1007851010,False
2021-10-19,3.584,3.594,3.581,3.594,150282621,539081475,False
2021-10-20,3.574,3.585,3.57,3.584,221836965,793487767,False
2021-10-21,3.596,3.607,3.596,3.601,236326000,851260072,False
2021-10-22,3.601,3.617,3.599,3.615,252511743,910261834,False
2021-10-25,3.606,3.616,3.603,3.606,348142968,1256765277,False
2021-10-26,3.63,3.63,3.618,3.621,279358080,1011781749,False
2021-10-27,3.596,3.596,3.58,3.594,256299411,919525736,False
2021-10-28,3.61,3.631,3.609,3.629,287315374,1040715297,False
2021-10-29,3.623,3.623,3.608,3.609,319884037,1156059252,False
2021-11-01,3.594,3.604,3.592,3.594,238186300,857363718,False
2021-11-02,3.605,3.623,3.605,3.617,322180530,1164529696,False
2021-11-03,3.6,3.602,3.586,3.589,304279399,1092648577,False
2021-11-04,3.581,3.586,3.571,3.575,225887788,808648031,False
2021-11-05,3.616,3.626,3.616,3.624,319276410,1155982721,False
2021-11-08,3.673,3.673,3.656,3.66,252680500,926583351,False
2021-11-09,3.675,3.676,3.662,3.671,345259700,1266624970,False
2021-11-10,3.675,3.679,3.663,3.669,242781200,891887677,False
2021-11-11,3.716,3.732,3.707,3.721,313311834,1165515332,False
2021-11-12,3.73,3.732,3.72,3.722,288738000,1075628857,False
2021-11-15,3.729,3.73,3.709,3.716,228239200,848513303,False
2021-11-16,3.734,3.741,3.729,3.732,287212418,1072405219,False
2021-11-17,3.717,3.723,3.711,3.72,312973560,1163278870,False
2021-11-18,3.74,3.745,3.735,3.735,327373170,1224640139,False
2021-11-19,3.734,3.739,3.727,3.73,235021800,877801327,False
2021-11-22,3.706,3.711,3.694,3.696,387565600,1436679314,False
2021-11-23,3.651,3.651,3.63,3.632,407412765,1482337249,False
2021-11-24,3.615,3.621,3.606,3.613,367865200,1328951961,False
2021-11-25,3.614,3.616,3.609,3.611,334510349,1208136925,False
2021-11-26,3.613,3.631,3.61,3.628,354089769,1280335682,False
2021-11-29,3.618,3.62,3.61,3.614,322855800,1166983205,False
2021-11-30,3.592,3.608,3.586,3.605,329909366,1186563771,False
2021-12-01,3.572,3.599,3.564,3.591,405705090,1451130564,False
2021-12-02,3.582,3.582,3.569,3.575,352135700,1259215959,False
2021-12-03,3.562,3.573,3.56,3.566,249891900,891271376,False
2021-12-06,3.586,3.596,3.585,3.592,236670237,849851105,False
2021-12-07,3.583,3.585,3.579,3.584,274841600,984390806,False
2021-12-08,3.587,3.595,3.587,3.589,186472000,669566796,False
2021-12-09,3.578,3.58,3.571,3.575,226660374,810432342,False
2021-12-10,3.581,3.584,3.56,3.565,272778000,974999087,False
2021-12-13,3.586,3.593,3.582,3.585,273775618,982251741,False
2021-12-14,3.592,3.593,3.586,3.588,304986698,1094635906,False
2021-12-15,3.562,3.563,3.55,3.552,239983515,853686628,False
2021-12-16,3.573,3.585,3.573,3.584,202661097,725746562,False
2021-12-17,3.615,3.632,3.614,3.629,298570583,1081658801,False
2021-12-20,3.623,3.627,3.619,3.624,266726000,966529230,False
2021-12-21,3.602,3.605,3.595,3.599,226390000,815435714,False
2021-12-22,3.596,3.599,3.59,3.591,176221517,633529670,False
2021-12-23,3.62,3.632,3.62,3.627,192107941,696918679,False
2021-12-24,3.636,3.64,3.629,3.633,192910057,701001557,False
2021-12-27,3.636,3.636,3.628,3.63,177521800,644955890,False
2021-12-28,3.63,3.642,3.628,3.642,161402347,586428641,False
2021-12-29,3.619,3.629,3.618,3.625,178113536,645735255,False
2021-12-30,3.618,3.621,3.604,3.606,354473601,1281464608,False
2021-12-31,3.647,3.648,3.639,3.643,275290087,1003120297,False
2022-01-04,3.618,3.623,3.615,3.62,163067624,590220399,False
2022-01-05,3.632,3.643,3.632,3.635,143567100,522483398,False
2022-01-06,3.627,3.631,3.607,3.614,162047300,587181973,False
2022-01-07,3.598,3.601,3.59,3.592,120621369,433876453,False
2022-01-10,3.6,3.607,3.599,3.599,139284806,501908315,False
2022-01-11,3.626,3.633,3.623,3.629,124147668,450348752,False
2022-01-12,3.649,3.65,3.644,3.646,122301095,445934824,False
2022-01-13,3.651,3.658,3.649,3.654,133997100,489518934,False
2022-01-14,3.647,3.656,3.646,3.65,98995393,361495689,False
2022-01-17,3.635,3.636,3.626,3.635,149243782,542157342,False
2022-01-18,3.641,3.641,3.625,3.629,133472909,484804485,False
2022-01-19,3.627,3.628,3.62,3.625,162965165,590819654,False
2022-01-20,3.678,3.682,3.668,3.674,177327441,651579171,False
2022-01-21,3.669,3.677,3.667,3.672,194282853,713400269,False
2022-01-24,3.66,3.665,3.655,3.662,217755431,797020644,False
2022-01-25,3.669,3.674,3.666,3.671,204852336,751695582,False
2022-01-26,3.675,3.68,3.674,3.674,131895068,485025214,False
2022-01-27,3.622,3.624,3.604,3.606,165263262,597667929,False
2022-01-28,3.592,3.596,3.591,3.594,98904200,355395837,False
2022-02-07,3.62,3.623,3.612,3.62,116637200,422007429,False
2022-02-08,3.639,3.648,3.637,3.641,161988818,589998904,False
2022-02-09,3.653,3.659,3.652,3.658,151799340,554867129,False
2022-02-10,3.668,3.67,3.664,3.665,83670000,306826813,False
2022-02-11,3.654,3.654,3.642,3.645,168617110,615148777,False
2022-02-14,3.714,3.718,3.701,3.705,185670281,688854304,False
2022-02-15,3.73,3.746,3.73,3.742,232302618,868673704,False
2022-02-16,3.694,3.694,3.682,3.692,225182464,830411160,False
2022-02-17,3.712,3.732,3.712,3.726,285144387,1060980266,False
2022-02-18,3.771,3.771,3.752,3.76,245070028,921248665,False
2022-02-21,3.763,3.768,3.752,3.754,215087201,808751622,False
2022-02-22,3.792,3.805,3.789,3.801,241422601,916863540,False
2022-02-23,3.783,3.783,3.767,3.772,298416867,1125846988,False
2022-02-24,3.795,3.866,3.794,3.853,364223522,1394901592,False
2022-02-25,3.8,3.809,3.766,3.807,234336700,889595869,False
2022-02-28,3.798,3.8,3.783,3.787,159146600,603401298,False
2022-03-01,3.777,3.788,3.771,3.786,232114964,877013796,False
2022-03-02,3.826,3.845,3.825,3.837,320705582,1229829580,False
2022-03-03,3.83,3.831,3.817,3.827,314608408,1203611886,False
2022-03-04,3.85,3.853,3.832,3.841,283183031,1088923498,False
2022-03-07,3.937,3.956,3.913,3.926,341822364,1346645675,False
2022-03-08,3.927,4.019,3.917,4.015,386479669,1524311571,False
2022-03-09,4.046,4.077,4.036,4.061,367258560,1490473585,False
2022-03-10,3.89,3.941,3.89,3.931,314022700,1230706252,False
2022-03-11,3.945,3.961,3.928,3.937,181779899,717367561,False
2022-03-14,3.921,3.932,3.913,3.917,188426317,739341119,False
2022-03-15,3.878,3.878,3.822,3.832,256618024,988903524,False
2022-03-16,3.824,3.825,3.792,3.796,297481656,1133492051,False
2022-03-17,3.83,3.85,3.829,3.845,211411177,812283931,False
2022-03-18,3.86,3.866,3.842,3.851,116514355,448801145,False
2022-03-21,3.839,3.852,3.834,3.841,171004224,657492062,False
2022-03-22,3.854,3.874,3.852,3.866,223265700,863009022,False
2022-03-23,3.841,3.85,3.832,3.835,374845795,1440047526,False
2022-03-24,3.885,3.889,3.876,3.88,180855959,702307836,False
2022-03-25,3.912,3.919,3.902,3.907,235874900,922453245,False
2022-03-28,3.906,3.907,3.868,3.872,237784601,923654954,False
2022-03-29,3.86,3.86,3.844,3.849,249956995,962864157,False
2022-03-30,3.84,3.846,3.835,3.839,193177200,742055510,False
2022-03-31,3.843,3.843,3.818,3.833,176016491,674986940,False
2022-04-01,3.85,3.863,3.85,3.853,163585500,630965155,False
2022-04-06,3.842,3.85,3.834,3.836,166225673,638630815,False
2022-04-07,3.838,3.846,3.834,3.843,168092015,645420780,False
2022-04-08,3.858,3.861,3.848,3.852,173932900,670661880,False
2022-04-11,3.885,3.892,3.88,3.886,196275443,762718064,False
2022-04-12,3.901,3.915,3.9,3.908,219834179,859327671,False
2022-04-13,3.914,3.931,3.914,3.926,184344400,723496734,False
2022-04-14,3.94,3.944,3.927,3.931,175901500,692445520,False
2022-04-15,3.938,3.949,3.938,3.944,151036270,595736486,False
2022-04-18,3.963,3.969,3.955,3.967,137961700,546450391,False
2022-04-19,3.939,3.945,3.932,3.936,104123756,410136103,False
2022-04-20,3.897,3.901,3.88,3.886,173160114,674023304,False
2022-04-21,3.921,3.939,3.918,3.937,173564458,681937235,False
2022-04-22,3.941,3.954,3.939,3.951,253770904,1000970316,False
2022-04-25,3.924,3.941,3.914,3.924,371125820,1457212317,False
2022-04-26,3.896,3.9,3.877,3.89,254565055,990222256,False
2022-04-27,3.899,3.902,3.889,3.892,330541345,1287676774,False
2022-04-28,3.871,3.891,3.864,3.89,280239957,1085273232,False
2022-04-29,3.937,3.955,3.93,3.942,239995300,946981014,False
2022-05-05,3.926,3.935,3.921,3.929,192314400,755654254,False
2022-05-06,3.9,3.927,3.898,3.922,210059170,823344680,False
2022-05-09,3.942,3.945,3.937,3.939,158490851,624445504,False
2022-05-10,3.919,3.924,3.908,3.91,179023279,700705468,False
2022-05-11,3.873,3.893,3.869,3.89,201552355,781925393,False
2022-05-12,3.919,3.934,3.919,3.928,186890046,733700807,False
2022-05-13,3.886,3.896,3.881,3.888,184164500,716399110,False
2022-05-16,3.877,3.88,3.845,3.851,200348259,772800195,False
2022-05-17,3.872,3.882,3.868,3.877,210931100,817720260,False
2022-05-18,3.841,3.844,3.834,3.836,191304042,734322831,False
2022-05-19,3.852,3.858,3.849,3.85,158353426,610140238,False
2022-05-20,3.87,3.88,3.87,3.872,181047035,701382437,False
2022-05-23,3.875,3.891,3.872,3.875,161297529,626272890,False
2022-05-24,3.872,3.885,3.869,3.882,155689985,603302252,False
2022-05-25,3.892,3.897,3.886,3.887,119309785,464405516,False
2022-05-26,3.888,3.902,3.888,3.901,129415167,504294169,False
2022-05-27,3.913,3.918,3.91,3.917,174719930,683884638,False
2022-05-30,3.893,3.893,3.884,3.885,218520508,849343225,False
2022-05-31,3.873,3.877,3.867,3.877,135881276,526300812,False
2022-06-01,3.846,3.857,3.846,3.852,118963872,458219241,False
2022-06-02,3.876,3.884,3.873,3.877,134781800,522724698,False
2022-06-06,3.867,3.875,3.863,3.869,117723937,455615763,False
2022-06-07,3.85,3.856,3.848,3.854,150508515,579922086,False
2022-06-08,3.87,3.874,3.868,3.872,128456178,497175656,False
2022-06-09,3.891,3.895,3.877,3.881,180125354,699855511,False
2022-06-10,3.87,3.879,3.863,3.865,188874357,731082245,False
2022-06-13,3.94,3.942,3.924,3.926,317274961,1246798512,False
2022-06-14,3.865,3.866,3.85,3.855,255850200,986933474,False
2022-06-15,3.832,3.838,3.827,3.834,430053450,1647936924,False
2022-06-16,3.843,3.851,3.841,3.846,191517374,736533348,False
2022-06-17,3.869,3.877,3.868,3.874,189496605,733751308,False
2022-06-20,3.868,3.869,3.856,3.858,183926034,710292294,False
2022-06-21,3.859,3.86,3.85,3.852,168699872,650693391,False
2022-06-22,3.847,3.853,3.845,3.849,161128219,620251404,False
2022-06-23,3.859,3.861,3.851,3.854,135935758,524129094,False
2022-06-24,3.822,3.834,3.821,3.827,171397556,656360015,False
2022-06-27,3.842,3.854,3.841,3.853,145101544,558673573,False
2022-06-28,3.835,3.838,3.83,3.832,238235279,913466938,False
2022-06-29,3.83,3.835,3.82,3.821,244846020,937301479,False
2022-06-30,3.827,3.828,3.813,3.818,152217148,581324081,False
2022-07-01,3.798,3.799,3.779,3.784,264339488,1002000348,False
2022-07-04,3.794,3.81,3.793,3.801,179216799,680982678,False
2022-07-05,3.799,3.802,3.795,3.797,157148116,596996203,False
2022-07-06,3.733,3.733,3.714,3.725,179720845,669359602,False
2022-07-07,3.68,3.68,3.663,3.676,216459815,794797013,False
2022-07-08,3.67,3.672,3.663,3.669,293402592,1075873589,False
2022-07-11,3.665,3.672,3.662,3.669,124299200,455953454,False
2022-07-12,3.654,3.692,3.653,3.668,193139600,708040170,False
2022-07-13,3.654,3.66,3.642,3.646,213841300,780651218,False
2022-07-14,3.659,3.663,3.646,3.647,164249600,600571616,False
2022-07-15,3.635,3.639,3.615,3.622,184145736,668711996,False
2022-07-18,3.636,3.641,3.631,3.635,192858639,701435234,False
2022-07-19,3.623,3.631,3.619,3.627,160233113,580981995,False
2022-07-20,3.628,3.637,3.626,3.628,131900600,478943895,False
2022-07-21,3.605,3.607,3.596,3.599,214374500,772389526,False
2022-07-22,3.647,3.652,3.642,3.65,133138540,485574126,False
2022-07-25,3.656,3.668,3.654,3.663,144963879,530843923,False
2022-07-26,3.663,3.67,3.66,3.668,138564444,507706264,False
2022-07-27,3.66,3.662,3.654,3.659,136957100,501065043,False
2022-07-28,3.691,3.698,3.679,3.697,253315800,934185395,False
2022-07-29,3.724,3.753,3.721,3.749,191201798,714203179,False
2022-08-01,3.747,3.752,3.736,3.743,203393000,761373879,False
2022-08-02,3.79,3.791,3.769,3.773,315722387,1192801548,False
2022-08-03,3.741,3.76,3.733,3.759,226160220,847491711,False
2022-08-04,3.752,3.768,3.75,3.76,210209880,789779391,False
2022-08-05,3.789,3.794,3.785,3.79,158538600,600781852,False
2022-08-08,3.761,3.772,3.761,3.769,137713029,518815793,False
2022-08-09,3.786,3.792,3.784,3.786,107716691,408057468,False
2022-08-10,3.797,3.808,3.793,3.794,143863637,546752786,False
2022-08-11,3.784,3.786,3.772,3.777,146216385,552607061,False
2022-08-12,3.783,3.796,3.782,3.795,104551489,395970252,False
2022-08-15,3.806,3.812,3.798,3.799,296205400,1127626640,False
2022-08-16,3.789,3.797,3.786,3.796,268964600,1020570638,False
2022-08-17,3.783,3.79,3.778,3.779,250923400,949524984,False
2022-08-18,3.762,3.767,3.759,3.761,109743800,412890947,False
2022-08-19,3.756,3.762,3.753,3.761,126242000,474480701,False
2022-08-22,3.753,3.757,3.75,3.753,98478600,369696268,False
2022-08-23,3.76,3.768,3.757,3.763,91785923,345238519,False
2022-08-24,3.774,3.801,3.773,3.787,144976819,548011658,False
2022-08-25,3.795,3.8,3.793,3.797,160622257,609697400,False
2022-08-26,3.795,3.801,3.787,3.798,176740800,670130630,False
2022-08-29,3.755,3.77,3.755,3.767,156036900,587583183,False
2022-08-30,3.784,3.795,3.782,3.783,143143600,542323421,False
2022-08-31,3.769,3.769,3.757,3.758,142313800,535409590,False
2022-09-01,3.737,3.739,3.724,3.73,162315708,605663173,False
2022-09-02,3.72,3.729,3.717,3.726,179225700,667006393,False
2022-09-05,3.75,3.77,3.749,3.765,188072400,707051694,False
2022-09-06,3.776,3.786,3.771,3.784,154942000,585441847,False
2022-09-07,3.754,3.765,3.751,3.759,210965700,792719506,False
2022-09-08,3.786,3.792,3.782,3.79,313698400,1188024146,False
2022-09-09,3.78,3.786,3.777,3.785,262640300,993434847,False
2022-09-13,3.782,3.792,3.781,3.787,260943300,987535921,False
2022-09-14,3.766,3.767,3.757,3.76,279238622,1050294440,False
2022-09-15,3.752,3.757,3.742,3.744,216886714,813545716,False
2022-09-16,3.728,3.738,3.726,3.728,252720700,943067961,False
2022-09-19,3.738,3.748,3.736,3.741,213258455,797722957,False
2022-09-20,3.759,3.762,3.75,3.754,229400100,861292347,False
2022-09-21,3.75,3.766,3.745,3.759,204123300,765835702,False
2022-09-22,3.752,3.757,3.75,3.753,198953800,746582079,False
2022-09-23,3.769,3.774,3.767,3.77,234852951,885326283,False
2022-09-26,3.738,3.743,3.729,3.736,222395000,831004420,False
2022-09-27,3.732,3.746,3.73,3.746,167062700,624669747,False
2022-09-28,3.743,3.757,3.743,3.751,227618900,854289822,False
2022-09-29,3.779,3.785,3.765,3.78,250453800,946394475,False
2022-09-30,3.781,3.786,3.775,3.783,217834700,823691239,False
2022-10-10,3.833,3.836,3.808,3.81,237453900,907727304,False
2022-10-11,3.804,3.809,3.801,3.802,272012233,1034999655,False
2022-10-12,3.802,3.812,3.798,3.812,202373100,770109420,False
2022-10-13,3.814,3.818,3.813,3.817,178266200,680207601,False
2022-10-14,3.804,3.816,3.8,3.813,230425800,877507714,False
2022-10-17,3.8,3.801,3.789,3.792,183920500,697922881,False
2022-10-18,3.796,3.812,3.795,3.802,212317500,807160717,False
2022-10-19,3.799,3.805,3.791,3.793,242993100,923635446,False
2022-10-20,3.775,3.787,3.773,3.775,292783100,1106287598,False
2022-10-21,3.779,3.784,3.766,3.771,271264900,1023928751,False
2022-10-24,3.815,3.823,3.812,3.82,267713153,1022118293,False
2022-10-25,3.832,3.834,3.827,3.827,281999400,1080066123,False
2022-10-26,3.827,3.831,3.823,3.824,314225900,1202773295,False
2022-10-27,3.814,3.822,3.809,3.817,452084600,1724780662,False
2022-10-28,3.822,3.829,3.818,3.82,534903075,2046052046,False
2022-10-31,3.807,3.809,3.797,3.807,340200400,1294057272,False
2022-11-01,3.808,3.814,3.8,3.81,361284000,1376137542,False
2022-11-02,3.816,3.831,3.816,3.817,397623402,1518567384,False
2022-11-03,3.807,3.812,3.805,3.805,393613900,1498865220,False
2022-11-04,3.805,3.81,3.801,3.804,359202400,1366887158,False
2022-11-07,3.834,3.838,3.826,3.832,449914000,1723707397,False
2022-11-08,3.834,3.846,3.832,3.839,463157600,1779457951,False
2022-11-09,3.903,3.985,3.903,3.945,417575081,1637157221,False
2022-11-10,3.937,3.937,3.918,3.925,391211700,1536278713,False
2022-11-11,3.977,3.981,3.95,3.952,391296300,1553388366,False
2022-11-14,3.948,3.948,3.912,3.913,345901701,1358824147,False
2022-11-15,3.927,3.94,3.927,3.933,316056800,1243779606,False
2022-11-16,3.944,3.959,3.944,3.954,366183700,1447049009,False
2022-11-17,3.954,3.965,3.95,3.958,308224800,1219591111,False
2022-11-18,3.953,3.964,3.949,3.952,333308600,1318537482,False
2022-11-21,3.929,3.937,3.921,3.936,323931300,1274007701,False
2022-11-22,3.936,3.94,3.928,3.932,313508900,1232947472,False
2022-11-23,3.93,3.933,3.927,3.932,280276300,1101650545,False
2022-11-24,3.955,3.958,3.947,3.947,365339600,1444179584,False
2022-11-25,3.96,3.966,3.955,3.959,301636100,1195000701,False
2022-11-28,3.974,3.977,3.958,3.962,247936603,983066415,False
2022-11-29,3.95,3.959,3.946,3.951,286795300,1133596759,False
2022-11-30,3.945,3.947,3.938,3.944,333646100,1315549571,False
2022-12-01,3.945,3.958,3.939,3.956,281014100,1109203744,False
2022-12-02,3.976,3.982,3.972,3.979,246374800,979958404,False
2022-12-05,3.968,3.969,3.938,3.94,230605100,911600549,False
2022-12-06,3.905,3.906,3.894,3.898,310295605,1210251288,False
2022-12-07,3.9,3.902,3.894,3.898,170425000,664393619,False
2022-12-08,3.907,3.913,3.904,3.91,224801500,878765834,False
2022-12-09,3.918,3.931,3.917,3.924,152279825,597512038,False
2022-12-12,3.933,3.934,3.918,3.921,167930700,659318253,False
2022-12-13,3.919,3.925,3.917,3.924,136218500,534135948,False
2022-12-14,3.965,3.968,3.956,3.963,268257634,1062618978,False
2022-12-15,3.943,3.948,3.926,3.933,160851000,632382275,False
2022-12-16,3.91,3.917,3.904,3.915,135351900,529121028,False
2022-12-19,3.933,3.95,3.932,3.942,136708100,538965204,False
2022-12-20,3.936,3.946,3.93,3.943,181134400,713171102,False
2022-12-21,3.991,3.991,3.973,3.981,168582800,671186285,False
2022-12-22,3.987,3.992,3.978,3.981,148590600,592297837,False
2022-12-23,3.952,3.957,3.942,3.948,185656000,732903603,False
2022-12-26,3.95,3.957,3.95,3.953,243020300,960345233,False
2022-12-27,3.951,3.964,3.945,3.963,173666300,686705270,False
2022-12-28,3.978,3.985,3.964,3.966,156525000,622152522,False
2022-12-29,3.97,3.974,3.96,3.96,123708477,490936957,False
2022-12-30,3.97,3.987,3.97,3.986,135712938,539947546,False
2023-01-03,3.983,3.987,3.972,3.987,155397400,618722102,False
2023-01-04,4.0,4.006,3.998,4.002,164148900,656972571,False
2023-01-05,4.016,4.024,3.999,4.001,203236600,815712507,False
2023-01-06,3.97,3.978,3.969,3.972,177023500,703421406,False
2023-01-09,4.016,4.022,4.014,4.015,214612250,862273144,False
2023-01-10,4.003,4.015,4.003,4.013,161860700,648856765,False
2023-01-11,4.017,4.027,4.013,4.025,194267934,780670518,False
2023-01-12,4.013,4.023,4.008,4.019,219326000,881238449,False
2023-01-13,4.024,4.029,4.022,4.027,136051600,547805631,False
2023-01-16,4.058,4.068,4.047,4.05,202729200,822812774,False
2023-01-17,4.07,4.073,4.062,4.066,176160800,716584799,False
2023-01-18,4.07,4.073,4.044,4.056,163158859,662708919,False
2023-01-19,4.051,4.072,4.051,4.068,126350500,513311285,False
2023-01-20,4.1,4.112,4.09,4.101,150526000,617324548,False
2023-01-30,4.09,4.099,4.083,4.096,239566400,979751736,False
2023-01-31,4.087,4.091,4.065,4.069,186889100,763275873,False
2023-02-01,4.084,4.094,4.084,4.091,150758700,616583968,False
2023-02-02,4.124,4.13,4.122,4.125,167182268,689717945,False
2023-02-03,4.079,4.079,4.068,4.071,135288800,551141130,False
2023-02-06,4.021,4.03,4.012,4.018,193785100,778713453,False
2023-02-07,4.01,4.018,4.009,4.01,156359600,627177885,False
2023-02-08,4.01,4.014,4.007,4.01,106461500,426939198,False
2023-02-09,4.01,4.021,4.008,4.019,165382978,664295300,False
2023-02-10,3.997,3.997,3.985,3.993,204513400,816166433,False
2023-02-13,4.03,4.031,4.005,4.018,187026800,750539712,False
2023-02-14,3.999,4.017,3.998,4.015,137901800,552222541,False
2023-02-15,4.017,4.023,3.999,4.002,163848200,657293038,False
2023-02-16,3.995,4.003,3.995,4.001,146516300,586003984,False
2023-02-17,3.999,4.001,3.988,3.992,196060100,783034882,False
2023-02-20,4.008,4.015,4.008,4.01,161505687,647993709,False
2023-02-21,4.01,4.013,4.004,4.005,173510400,695607435,False
2023-02-22,4.011,4.018,4.011,4.017,132688623,532824295,False
2023-02-23,4.007,4.009,4.003,4.008,137331573,550202560,False
2023-02-24,4.013,4.025,4.013,4.021,178816500,718671778,False
2023-02-27,4.02,4.02,4.009,4.01,168817700,677567593,False
2023-02-28,4.017,4.02,4.013,4.015,129643797,520780043,False
2023-03-01,4.029,4.031,4.024,4.029,197570078,795595333,False
2023-03-02,4.02,4.027,4.017,4.026,203963400,820264186,False
2023-03-03,4.038,4.045,4.035,4.044,173339100,700113604,False
2023-03-06,4.063,4.074,4.063,4.071,178253600,725459396,False
2023-03-07,4.072,4.079,4.068,4.076,242524100,988711669,False
2023-03-08,4.032,4.037,4.029,4.033,181814410,733466707,False
2023-03-09,4.032,4.038,4.031,4.033,155499600,627389868,False
2023-03-10,4.059,4.062,4.051,4.061,249049800,1010584223,False
2023-03-13,4.106,4.118,4.088,4.089,275924698,1131586472,False
2023-03-14,4.125,4.143,4.123,4.142,236036000,975517442,False
2023-03-15,4.14,4.142,4.132,4.139,211296100,874179479,False
2023-03-16,4.168,4.184,4.16,4.174,321126800,1339712190,False
2023-03-17,4.178,4.201,4.175,4.198,293501806,1229020089,False
2023-03-20,4.269,4.335,4.268,4.327,396745862,1706168214,False
2023-03-21,4.32,4.32,4.283,4.286,254076300,1093232536,False
2023-03-22,4.226,4.228,4.211,4.223,265272000,1118985082,False
2023-03-23,4.259,4.261,4.245,4.253,315981144,1345023943,False
2023-03-24,4.28,4.286,4.265,4.275,280000180,1198618986,False
2023-03-27,4.267,4.267,4.244,4.246,181397578,771831604,False
2023-03-28,4.233,4.238,4.221,4.225,220484035,932767179,False
2023-03-29,4.248,4.257,4.238,4.24,255688004,1086140524,False
2023-03-30,4.241,4.251,4.237,4.248,292977500,1242687102,False
2023-03-31,4.262,4.282,4.258,4.281,267238700,1140121120,False
2023-04-03,4.27,4.27,4.213,4.221,166683500,704108268,False
2023-04-04,4.26,4.273,4.256,4.269,149978990,639848383,False
2023-04-06,4.329,4.337,4.321,4.33,195912860,848045764,False
2023-04-07,4.324,4.329,4.322,4.328,217954215,942729123,False
2023-04-10,4.301,4.302,4.276,4.287,129692860,555880549,False
2023-04-11,4.283,4.311,4.283,4.311,132536400,570009956,False
2023-04-12,4.327,4.358,4.327,4.341,161757560,702812158,False
2023-04-13,4.335,4.348,4.333,4.346,91332022,396331379,False
2023-04-14,4.382,4.383,4.354,4.366,142880300,624494974,False
2023-04-17,4.297,4.328,4.28,4.324,154180300,664877976,False
2023-04-18,4.301,4.307,4.292,4.305,93359998,401625590,False
2023-04-19,4.314,4.319,4.292,4.297,127788900,550822088,False
2023-04-20,4.298,4.312,4.294,4.308,134743737,579849707,False
2023-04-21,4.313,4.319,4.28,4.288,138381381,595846832,False
2023-04-24,4.29,4.29,4.276,4.277,240957500,1031947455,False
2023-04-25,4.31,4.318,4.305,4.316,133221000,574340441,False
2023-04-26,4.328,4.334,4.316,4.323,159478834,689477077,False
2023-04-27,4.322,4.334,4.318,4.333,167755114,725727863,False
2023-04-28,4.3,4.309,4.292,4.298,165786500,713294627,False
2023-05-04,4.41,4.412,4.388,4.395,169590559,745933036,False
2023-05-05,4.416,4.426,4.412,4.415,130566800,576787500,False
2023-05-08,4.358,4.368,4.352,4.368,154297834,672889439,False
2023-05-09,4.371,4.388,4.369,4.377,140139400,613402815,False
2023-05-10,4.393,4.399,4.387,4.398,112963800,496234536,False
2023-05-11,4.403,4.408,4.393,4.394,123637900,544225111,False
2023-05-12,4.38,4.38,4.354,4.365,158068656,690257188,False
2023-05-15,4.382,4.393,4.379,4.382,170757078,749178622,False
2023-05-16,4.385,4.389,4.361,4.369,162113600,710376616,False
2023-05-17,4.352,4.357,4.347,4.353,146109100,635930495,False
2023-05-18,4.347,4.35,4.342,4.345,179048400,778129980,False
2023-05-19,4.327,4.332,4.32,4.33,183524900,794192974,False
2023-05-22,4.351,4.357,4.341,4.347,144192500,627292770,False
2023-05-23,4.339,4.34,4.327,4.33,111774100,484085481,False
2023-05-24,4.363,4.365,4.351,4.352,150093700,654534362,False
2023-05-25,4.327,4.342,4.326,4.335,125494600,543545743,False
2023-05-26,4.317,4.317,4.305,4.31,93381600,402611048,False
2023-05-29,4.31,4.315,4.306,4.314,131625200,567148383,False
2023-05-30,4.31,4.316,4.295,4.3,130152800,560272664,False
2023-05-31,4.341,4.368,4.339,4.365,264869900,1153394617,False
2023-06-01,4.373,4.373,4.358,4.362,113059400,493160403,False
2023-06-02,4.382,4.386,4.37,4.375,118943700,521012337,False
2023-06-05,4.33,4.332,4.321,4.324,131087000,566916825,False
2023-06-06,4.357,4.362,4.354,4.357,141682452,617560049,False
2023-06-07,4.368,4.372,4.361,4.363,108558200,474221504,False
2023-06-08,4.341,4.347,4.333,4.338,134429100,583558130,False
2023-06-09,4.366,4.377,4.366,4.375,116753900,510467246,False
2023-06-12,4.368,4.379,4.363,4.378,134691800,588555122,False
2023-06-13,4.383,4.392,4.38,4.388,94452994,414143580,False
2023-06-14,4.362,4.369,4.36,4.363,104045300,453867440,False
2023-06-15,4.348,4.348,4.328,4.329,137343653,595942059,False
2023-06-16,4.36,4.37,4.358,4.359,135448700,591085182,False
2023-06-19,4.365,4.37,4.361,4.366,137305400,599495770,False
2023-06-20,4.368,4.376,4.359,4.374,160761285,702493521,False
2023-06-21,4.36,4.363,4.349,4.356,133654200,582304845,False
2023-06-26,4.353,4.356,4.346,4.354,239950100,1043902100,False
2023-06-27,4.358,4.363,4.345,4.35,252240200,1099039569,False
2023-06-28,4.33,4.338,4.329,4.335,166870600,723136812,False
2023-06-29,4.335,4.346,4.335,4.343,163457525,709574357,False
2023-06-30,4.35,4.36,4.348,4.349,103818388,452017279,False
2023-07-03,4.364,4.366,4.353,4.358,114606600,499529302,False
2023-07-04,4.358,4.368,4.358,4.364,65454500,285672324,False
2023-07-05,4.366,4.369,4.363,4.367,84974100,371024605,False
2023-07-06,4.365,4.369,4.361,4.365,77474700,338157734,False
2023-07-07,4.345,4.361,4.345,4.359,69889600,304253302,False
2023-07-10,4.367,4.374,4.365,4.37,66409000,290164158,False
2023-07-11,4.37,4.378,4.361,4.374,84713200,369998554,False
2023-07-12,4.375,4.38,4.368,4.371,147994900,647618921,False
2023-07-13,4.407,4.413,4.396,4.408,236706160,1042531107,False
2023-07-14,4.399,4.402,4.383,4.388,100155670,439943189,False
2023-07-17,4.394,4.41,4.394,4.406,62213470,273951378,False
2023-07-18,4.41,4.422,4.408,4.422,77220500,340991608,False
2023-07-19,4.463,4.482,4.461,4.473,118958800,531869219,False
2023-07-20,4.477,4.478,4.461,4.47,305770200,1366343180,False
2023-07-21,4.443,4.465,4.442,4.453,121077500,538819984,False
2023-07-24,4.45,4.45,4.436,4.442,67630978,300274079,False
2023-07-25,4.426,4.43,4.418,4.42,87043700,385130005,False
2023-07-26,4.425,4.44,4.425,4.439,117254400,519943953,False
2023-07-27,4.439,4.453,4.436,4.448,93163406,414271319,False
2023-07-28,4.421,4.421,4.402,4.404,187039300,824808903,False
2023-07-31,4.408,4.412,4.401,4.409,87396800,385102817,False
2023-08-01,4.423,4.43,4.423,4.426,69748599,308803878,False
2023-08-02,4.414,4.427,4.412,4.425,59334597,262269933,False
2023-08-03,4.41,4.41,4.404,4.406,119269200,525594065,False
2023-08-04,4.389,4.405,4.389,4.401,119236700,524494894,False
2023-08-07,4.416,4.422,4.406,4.41,71551410,315817836,False
2023-08-08,4.41,4.418,4.409,4.414,61191400,270151824,False
2023-08-09,4.412,4.415,4.406,4.411,48304700,213091447,False
2023-08-10,4.395,4.398,4.393,4.396,109921602,483145544,False
2023-08-11,4.401,4.416,4.401,4.415,83544356,368288291,False
2023-08-14,4.415,4.424,4.413,4.421,85250500,376813387,False
2023-08-15,4.421,4.433,4.415,4.431,111420900,492750861,False
2023-08-16,4.433,4.443,4.431,4.433,115340900,511517433,False
2023-08-17,4.422,4.438,4.419,4.429,116713400,516907773,False
2023-08-18,4.417,4.426,4.415,4.421,101884300,450434281,False
2023-08-21,4.422,4.442,4.422,4.438,105259800,466910326,False
2023-08-22,4.434,4.434,4.425,4.431,104687200,463708796,False
2023-08-23,4.44,4.455,4.438,4.452,119794300,532655607,False
2023-08-24,4.461,4.467,4.458,4.464,185027500,825818941,False
2023-08-25,4.452,4.458,4.447,4.448,174503200,777236317,False
2023-08-28,4.438,4.453,4.43,4.45,132312810,588151002,False
2023-08-29,4.459,4.469,4.458,4.462,88021400,392898090,False
2023-08-30,4.477,4.484,4.472,4.477,204305865,915002017,False
2023-08-31,4.488,4.495,4.488,4.494,89005100,399743249,False
2023-09-01,4.472,4.492,4.472,4.489,113797500,510306260,False
2023-09-04,4.491,4.516,4.491,4.506,117620946,530326940,False
2023-09-05,4.501,4.516,4.498,4.508,144094650,649844568,False
2023-09-06,4.504,4.513,4.504,4.505,121733670,548963967,False
2023-09-07,4.505,4.511,4.503,4.504,60405500,272221466,False
2023-09-08,4.531,4.537,4.529,4.536,176130900,798426368,False
2023-09-11,4.534,4.554,4.53,4.545,238589100,1083250172,False
2023-09-12,4.542,4.547,4.537,4.546,140848700,639805307,False
2023-09-13,4.546,4.566,4.545,4.557,196316400,893922502,False
2023-09-14,4.566,4.606,4.566,4.592,247639100,1135944403,False
2023-09-15,4.636,4.638,4.52,4.548,328324800,1512884386,False
2023-09-18,4.545,4.545,4.515,4.524,350996499,1591214055,False
2023-09-19,4.536,4.563,4.536,4.559,182557483,831106224,False
2023-09-20,4.574,4.596,4.573,4.594,226862226,1041249369,False
2023-09-21,4.594,4.602,4.579,4.58,158591810,728128695,False
2023-09-22,4.587,4.597,4.548,4.561,203604568,929395231,False
2023-09-25,4.555,4.584,4.554,4.581,185234100,847690640,False
2023-09-26,4.58,4.59,4.574,4.578,109567139,501952626,False
2023-09-27,4.565,4.573,4.501,4.511,188895843,858009442,False
2023-09-28,4.463,4.477,4.4,4.436,285637500,1271213358,False
2023-10-09,4.4,4.409,4.391,4.405,191361000,841402820,False
2023-10-10,4.4,4.4,4.343,4.348,234304700,1022230615,False
2023-10-11,4.352,4.356,4.343,4.355,114606600,498371533,False
2023-10-12,4.368,4.391,4.368,4.39,156506400,685313353,False
2023-10-13,4.385,4.407,4.381,4.405,144780002,636482029,False
2023-10-16,4.479,4.48,4.459,4.46,150028600,670811749,False
2023-10-17,4.476,4.481,4.468,4.48,109473962,489833778,False
2023-10-18,4.5,4.524,4.5,4.523,138162745,624189637,False
2023-10-19,4.549,4.551,4.538,4.547,123119918,559552901,False
2023-10-20,4.591,4.605,4.591,4.597,149181800,685966344,False
2023-10-23,4.57,4.591,4.568,4.572,218638426,1001449185,False
2023-10-24,4.574,4.578,4.565,4.575,163076612,745625946,False
2023-10-25,4.568,4.574,4.556,4.557,189514100,865069058,False
2023-10-26,4.584,4.59,4.581,4.59,135563374,621452574,False
2023-10-27,4.59,4.605,4.585,4.599,165079700,758513718,False
2023-10-30,4.635,4.642,4.606,4.609,161558695,747781248,False
2023-10-31,4.617,4.623,4.611,4.62,125977303,581577165,False
2023-11-01,4.596,4.607,4.595,4.603,100379783,461815255,False
2023-11-02,4.617,4.617,4.605,4.613,85856900,395793607,False
2023-11-03,4.605,4.612,4.598,4.61,98118700,452154832,False
2023-11-06,4.607,4.614,4.581,4.587,189539672,870835728,False
2023-11-07,4.573,4.579,4.567,4.569,150022500,686119803,False
2023-11-08,4.561,4.561,4.543,4.551,152052600,691928818,False
2023-11-09,4.534,4.535,4.518,4.521,332592500,1504347399,False
2023-11-10,4.543,4.555,4.54,4.554,104060752,473311631,False
2023-11-13,4.523,4.539,4.522,4.538,106862300,484253193,False
2023-11-14,4.55,4.56,4.543,4.558,130185700,592560802,False
2023-11-15,4.563,4.58,4.563,4.577,155691300,711862245,False
2023-11-16,4.566,4.569,4.554,4.559,125500400,572080439,False
2023-11-17,4.578,4.582,4.571,4.572,199713567,914117354,False
2023-11-20,4.547,4.555,4.521,4.522,112268700,509203288,False
2023-11-21,4.516,4.52,4.511,4.516,75809200,342299668,False
2023-11-22,4.523,4.527,4.492,4.499,164067000,740029671,False
2023-11-23,4.498,4.499,4.488,4.495,87148700,391566606,False
2023-11-24,4.494,4.5,4.49,4.499,80749100,363029386,False
2023-11-27,4.531,4.549,4.531,4.546,151056776,686011713,False
2023-11-28,4.553,4.564,4.552,4.56,117538974,535651750,False
2023-11-29,4.6,4.609,4.59,4.591,148273801,681932423,False
2023-11-30,4.596,4.6,4.586,4.589,137637800,631765338,False
2023-12-01,4.589,4.597,4.582,4.589,125848000,577198947,False
2023-12-04,4.668,4.675,4.638,4.643,206679600,962951472,False
2023-12-05,4.58,4.589,4.574,4.58,148880300,681880775,False
2023-12-06,4.575,4.579,4.563,4.578,146991801,671853784,False
2023-12-07,4.585,4.588,4.577,4.584,103517400,474446807,False
2023-12-08,4.586,4.594,4.585,4.591,96871900,444757680,False
2023-12-11,4.547,4.586,4.546,4.557,117141000,533675528,False
2023-12-12,4.543,4.544,4.521,4.539,148713100,673525083,False
2023-12-13,4.533,4.542,4.524,4.529,106191400,481332103,False
2023-12-14,4.59,4.612,4.587,4.598,144339600,662857093,False
2023-12-15,4.59,4.594,4.585,4.59,82393400,378183681,False
2023-12-18,4.575,4.585,4.571,4.576,195726100,895913704,False
2023-12-19,4.584,4.59,4.584,4.589,123361400,565941612,False
2023-12-20,4.596,4.612,4.596,4.604,175001100,805409847,False
2023-12-21,4.595,4.609,4.595,4.605,160679690,739896764,False
2023-12-22,4.626,4.641,4.623,4.627,250837800,1162642749,False
2023-12-25,4.631,4.643,4.628,4.634,225088200,1043077108,False
2023-12-26,4.638,4.648,4.634,4.647,154955014,719202114,False
2023-12-27,4.65,4.664,4.649,4.66,180249300,839221108,False
2023-12-28,4.681,4.687,4.658,4.662,246929400,1153791117,False
2023-12-29,4.638,4.649,4.626,4.648,270376501,1253860939,False
2024-01-02,4.643,4.667,4.643,4.666,206278439,960225975,False
2024-01-03,4.658,4.666,4.655,4.663,111196216,518357486,False
2024-01-04,4.64,4.656,4.633,4.651,114966300,533852090,False
2024-01-05,4.659,4.665,4.656,4.664,126749700,590737806,False
2024-01-08,4.663,4.667,4.646,4.65,116163870,540661255,False
2024-01-09,4.651,4.654,4.642,4.649,84812800,394312134,False
2024-01-10,4.647,4.653,4.628,4.631,161504000,749385754,False
2024-01-11,4.632,4.637,4.627,4.631,97642400,452266238,False
2024-01-12,4.637,4.648,4.633,4.646,110310200,511759981,False
2024-01-15,4.664,4.676,4.664,4.673,96455300,450431600,False
2024-01-16,4.674,4.68,4.668,4.677,83243200,388910853,False
2024-01-17,4.661,4.662,4.628,4.631,105551500,490679653,False
2024-01-18,4.624,4.627,4.613,4.616,125071900,577742396,False
2024-01-19,4.636,4.643,4.635,4.643,87058139,403801393,False
2024-01-22,4.646,4.652,4.624,4.625,90688300,420913409,False
2024-01-23,4.623,4.632,4.609,4.632,104269900,481919618,False
2024-01-24,4.63,4.63,4.624,4.626,67374700,311724352,False
2024-01-25,4.607,4.612,4.602,4.605,110248900,507829370,False
2024-01-26,4.623,4.627,4.618,4.625,75676000,349705130,False
2024-01-29,4.636,4.638,4.632,4.634,80355443,372477165,False
2024-01-30,4.641,4.652,4.638,4.647,87971900,408610802,False
2024-01-31,4.654,4.656,4.648,4.653,136735100,636137568,False
2024-02-01,4.652,4.67,4.652,4.668,119528000,557221065,False
2024-02-02,4.671,4.679,4.671,4.679,93980600,439432364,False
2024-02-05,4.659,4.666,4.638,4.643,144854900,673685719,False
2024-02-06,4.641,4.642,4.633,4.633,85748200,397643970,False
2024-02-07,4.649,4.651,4.639,4.642,118240761,549202951,False
2024-02-08,4.655,4.663,4.653,4.662,92397500,430376513,False
2024-02-19,4.638,4.645,4.626,4.644,130239500,603682077,False
2024-02-20,4.645,4.647,4.637,4.642,53723200,249301335,False
2024-02-21,4.648,4.65,4.641,4.642,83090600,386052661,False
2024-02-22,4.639,4.641,4.633,4.639,103663714,480694902,False
2024-02-23,4.639,4.641,4.626,4.63,100711902,466861191,False
2024-02-26,4.647,4.652,4.647,4.651,69138400,321470465,False
2024-02-27,4.647,4.651,4.646,4.646,58987400,274150148,False
2024-02-28,4.647,4.648,4.642,4.645,63872600,296713616,False
2024-02-29,4.65,4.652,4.645,4.647,66413400,308641430,False
2024-03-01,4.659,4.668,4.659,4.667,86929300,405378152,False
2024-03-04,4.726,4.733,4.72,4.725,112186657,530228646,False
2024-03-05,4.782,4.79,4.773,4.789,152085300,727161417,False
2024-03-06,4.804,4.824,4.803,4.824,131354500,631872576,False
2024-03-07,4.848,4.896,4.845,4.885,171655340,835868603,False
2024-03-08,4.885,4.885,4.865,4.881,105000701,511853589,False
2024-03-11,4.912,4.921,4.894,4.899,138029900,677319004,False
2024-03-12,4.901,4.906,4.875,4.879,147787590,722925045,False
2024-03-13,4.861,4.871,4.86,4.87,97119300,472284885,False
2024-03-14,4.896,4.901,4.873,4.877,114347600,559146124,False
2024-03-15,4.879,4.9,4.876,4.899,80061300,391228979,False
2024-03-18,4.879,4.879,4.857,4.86,97031100,472000428,False
2024-03-19,4.877,4.884,4.863,4.87,72272486,352324616,False
2024-03-20,4.878,4.882,4.877,4.88,48789027,238059038,False
2024-03-21,4.97,4.979,4.961,4.978,100369900,498739003,False
2024-03-22,4.943,4.959,4.931,4.946,97680400,482921343,False
2024-03-25,4.964,4.987,4.954,4.956,116533350,578841539,False
2024-03-26,4.959,4.97,4.956,4.966,97052788,481682820,False
2024-03-27,4.977,4.992,4.977,4.99,120066590,598537647,False
2024-03-28,5.0,5.031,4.997,5.029,127603000,639140316,False
2024-03-29,5.1,5.137,5.085,5.126,209701500,1072971466,False
2024-04-01,5.175,5.2,5.145,5.155,196039414,1010883023,False
2024-04-02,5.137,5.163,5.13,5.159,152135933,782916589,False
2024-04-03,5.204,5.238,5.204,5.231,219987750,1149376150,False
2024-04-08,5.289,5.427,5.289,5.354,469473940,2516202029,False
2024-04-09,5.383,5.396,5.365,5.369,234093359,1259104562,False
2024-04-10,5.38,5.405,5.375,5.388,202571735,1091553982,False
2024-04-11,5.37,5.379,5.34,5.348,242865013,1302119014,False
2024-04-12,5.456,5.506,5.455,5.504,274712760,1504648256,False
2024-04-15,5.39,5.435,5.39,5.417,321425498,1742057340,False
2024-04-16,5.471,5.496,5.438,5.452,335655199,1836558831,False
2024-04-17,5.469,5.477,5.441,5.461,238128350,1300363996,False
2024-04-18,5.421,5.447,5.4,5.445,228480500,1238671787,False
2024-04-19,5.464,5.547,5.444,5.471,443150566,2434190306,False
2024-04-22,5.447,5.45,5.357,5.364,319657300,1727493380,False
2024-04-23,5.325,5.33,5.223,5.232,509587331,2676701679,False
2024-04-24,5.281,5.301,5.263,5.287,345200527,1823643155,False
2024-04-25,5.275,5.29,5.25,5.288,283203600,1494237455,False
2024-04-26,5.29,5.334,5.29,5.329,259514300,1378526672,False
2024-04-29,5.299,5.31,5.288,5.294,226581500,1200650630,False
2024-04-30,5.296,5.3,5.271,5.286,192094286,1015518866,False
2024-05-06,5.224,5.255,5.217,5.254,176662446,925928338,False
2024-05-07,5.278,5.286,5.261,5.268,188053328,990811477,False
2024-05-08,5.258,5.279,5.24,5.261,235712300,1239904404,False
2024-05-09,5.252,5.265,5.242,5.25,216345700,1136483149,False
2024-05-10,5.33,5.371,5.314,5.369,303713600,1620849700,False
2024-05-13,5.34,5.358,5.33,5.337,280958012,1501938254,False
2024-05-14,5.33,5.347,5.316,5.329,264956800,1413160940,False
2024-05-15,5.36,5.375,5.358,5.37,215784240,1158027386,False
2024-05-16,5.445,5.45,5.415,5.417,258507900,1402789732,False
2024-05-17,5.406,5.418,5.397,5.416,233681770,1263239949,False
2024-05-20,5.519,5.586,5.519,5.55,407042990,2258322876,False
2024-05-21,5.549,5.549,5.471,5.481,349510200,1922435102,False
2024-05-22,5.5,5.514,5.48,5.492,188794600,1037492410,False
2024-05-23,5.38,5.386,5.341,5.366,314494390,1689047274,False
2024-05-24,5.287,5.321,5.287,5.319,227770552,1208676476,False
2024-05-27,5.323,5.353,5.323,5.338,217956429,1163800944,False
2024-05-28,5.367,5.374,5.333,5.334,215909600,1157245338,False
2024-05-29,5.368,5.384,5.359,5.37,243293870,1306488061,False
2024-05-30,5.33,5.335,5.295,5.317,236136602,1255068736,False
2024-05-31,5.334,5.343,5.318,5.343,159762600,852282461,False
2024-06-03,5.319,5.319,5.274,5.296,219875700,1164819444,False
2024-06-04,5.34,5.355,5.333,5.346,200947528,1074023297,False
2024-06-05,5.306,5.338,5.302,5.324,203665400,1083539020,False
2024-06-06,5.396,5.421,5.387,5.398,234728270,1268379883,False
2024-06-07,5.413,5.421,5.386,5.399,256971900,1388297622,False
2024-06-11,5.25,5.259,5.224,5.237,326408546,1709839897,False
2024-06-12,5.253,5.271,5.253,5.267,172498500,907690635,False
2024-06-13,5.261,5.27,5.246,5.269,180242000,948050505,False
2024-06-14,5.249,5.273,5.243,5.271,188998500,993324523,False
2024-06-17,5.302,5.306,5.275,5.279,169069447,894139289,False
2024-06-18,5.283,5.296,5.282,5.284,171159951,905345426,False
2024-06-19,5.301,5.306,5.296,5.305,197301200,1046190170,False
2024-06-20,5.313,5.354,5.313,5.351,282264400,1506017557,False
2024-06-21,5.383,5.393,5.374,5.376,299447800,1611437614,False
2024-06-24,5.3,5.311,5.284,5.29,495986700,2625687712,False
2024-06-25,5.3,5.303,5.292,5.302,284913400,1509273578,False
2024-06-26,5.287,5.287,5.253,5.271,333700600,1758334548,False
2024-06-27,5.236,5.245,5.231,5.242,267488200,1401342548,False
2024-06-28,5.283,5.299,5.277,5.297,275865600,1458430077,False
2024-07-01,5.297,5.303,5.281,5.299,151231300,801004633,False
2024-07-02,5.311,5.317,5.302,5.306,156366400,830122651,False
2024-07-03,5.31,5.342,5.304,5.34,204971900,1090280419,False
2024-07-04,5.381,5.386,5.354,5.365,198889000,1068750176,False
2024-07-05,5.365,5.382,5.363,5.381,241057400,1295785258,False
2024-07-08,5.427,5.43,5.382,5.384,265543945,1435959703,False
2024-07-09,5.365,5.372,5.36,5.362,252856000,1356850578,False
2024-07-10,5.374,5.399,5.373,5.397,179495600,966124726,False
2024-07-11,5.397,5.422,5.393,5.417,256281000,1386798931,False
2024-07-12,5.464,5.467,5.442,5.446,219604800,1198324247,False
2024-07-15,5.452,5.467,5.441,5.442,213275500,1163977241,False
2024-07-16,5.484,5.507,5.483,5.505,237089500,1303552035,False
2024-07-17,5.599,5.615,5.553,5.576,368744095,2061048522,False
2024-07-18,5.555,5.574,5.543,5.573,255442400,1419583184,False
2024-07-19,5.458,5.471,5.406,5.425,331402300,1805186288,False
2024-07-22,5.427,5.441,5.417,5.421,258675300,1404186176,False
2024-07-23,5.43,5.44,5.382,5.394,237483400,1284411213,False
2024-07-24,5.429,5.466,5.424,5.465,245596491,1338315996,False
2024-07-25,5.388,5.388,5.32,5.327,379314735,2026997952,False
2024-07-26,5.312,5.367,5.311,5.35,245177000,1310424241,False
2024-07-29,5.395,5.399,5.378,5.387,181631900,978598543,False
2024-07-30,5.379,5.395,5.357,5.394,162433400,873324669,False
2024-07-31,5.41,5.455,5.405,5.436,246379200,1338306085,False
2024-08-01,5.501,5.505,5.457,5.48,199792182,1095266141,False
2024-08-02,5.475,5.506,5.471,5.505,335571190,1843472524,False
2024-08-05,5.39,5.416,5.343,5.366,489632100,2634877831,False
2024-08-06,5.35,5.362,5.305,5.327,293486900,1566719099,False
2024-08-07,5.307,5.355,5.306,5.352,195299800,1042230264,False
2024-08-08,5.345,5.355,5.328,5.349,143153600,764231589,False
2024-08-09,5.406,5.414,5.379,5.396,180781154,976321769,False
2024-08-12,5.41,5.438,5.4,5.437,131392897,711951732,False
2024-08-13,5.476,5.492,5.466,5.474,211070817,1156382992,False
2024-08-14,5.473,5.474,5.427,5.456,301571600,1642554081,False
2024-08-15,5.431,5.45,5.429,5.443,284712790,1548205035,False
2024-08-16,5.465,5.466,5.441,5.453,264349700,1441631449,False
2024-08-19,5.502,5.527,5.493,5.513,269117000,1482328281,False
2024-08-20,5.512,5.519,5.5,5.513,292411400,1610462974,False
2024-08-21,5.514,5.549,5.512,5.537,251875500,1393689574,False
2024-08-22,5.535,5.536,5.508,5.523,191731500,1058296022,False
2024-08-23,5.504,5.513,5.493,5.504,135003030,742746901,False
2024-08-26,5.526,5.539,5.52,5.538,143830100,795075710,False
2024-08-27,5.528,5.542,5.515,5.534,149404000,825725926,False
2024-08-28,5.545,5.548,5.518,5.528,152164100,842135211,False
2024-08-29,5.539,5.548,5.534,5.535,172646400,956916085,False
2024-08-30,5.528,5.543,5.51,5.522,213925900,1181252478,False
2024-09-02,5.505,5.505,5.477,5.491,169670252,931403491,False
2024-09-03,5.486,5.504,5.482,5.501,136756524,751555381,False
2024-09-04,5.479,5.492,5.461,5.463,130866172,717486288,False
2024-09-05,5.483,5.504,5.477,5.502,130213792,714702194,False
2024-09-06,5.51,5.526,5.507,5.517,151267984,834530734,False
2024-09-09,5.485,5.5,5.468,5.477,167280900,917894050,False
2024-09-10,5.512,5.517,5.505,5.513,103763822,571869792,False
2024-09-11,5.536,5.545,5.526,5.542,129344622,715908389,False
2024-09-12,5.528,5.537,5.52,5.531,142873300,789870166,False
2024-09-13,5.613,5.623,5.604,5.611,218494000,1226767203,False
2024-09-18,5.621,5.626,5.602,5.609,292541400,1641767847,False
2024-09-19,5.591,5.611,5.578,5.6,254086300,1421667469,False
2024-09-20,5.619,5.665,5.618,5.663,171352400,965779592,False
2024-09-23,5.685,5.725,5.684,5.711,238092754,1358788606,False
2024-09-24,5.723,5.732,5.689,5.697,323108700,1846457275,False
2024-09-25,5.724,5.771,5.724,5.74,280656366,1612395551,False
2024-09-26,5.76,5.765,5.74,5.751,306137800,1761005963,False
2024-09-27,5.751,5.764,5.698,5.708,166263100,955602893,False
2024-09-30,5.644,5.717,5.63,5.707,399224420,2274923666,False
2024-10-08,5.682,5.757,5.681,5.714,446545969,2558034942,False
2024-10-09,5.67,5.679,5.636,5.64,369150402,2090099308,False
2024-10-10,5.647,5.678,5.642,5.676,190258610,1076484414,False
2024-10-11,5.715,5.758,5.715,5.739,257920870,1480522918,False
2024-10-14,5.77,5.806,5.751,5.799,316405300,1826801439,False
2024-10-15,5.776,5.802,5.773,5.799,271211600,1570468649,False
2024-10-16,5.853,5.886,5.837,5.884,440183155,2579194921,False
2024-10-17,5.891,5.912,5.887,5.905,356603700,2103708098,False
2024-10-18,5.961,5.984,5.91,5.945,570444300,3399065573,False
2024-10-21,5.995,6.021,5.978,6.02,382224400,2292332474,False
2024-10-22,6.018,6.027,6.004,6.018,267072100,1606508429,False
2024-10-23,6.042,6.058,6.02,6.056,354670000,2142131777,False
2024-10-24,6.0,6.005,5.958,5.995,350982100,2100218580,False
2024-10-25,5.994,5.999,5.982,5.998,280008900,1677550239,False
2024-10-28,5.986,6.03,5.985,6.017,290528400,1745516363,False
2024-10-29,6.036,6.069,6.036,6.068,316439000,1916983481,False
2024-10-30,6.111,6.146,6.104,6.14,388115000,2377859854,False
2024-10-31,6.14,6.14,6.102,6.103,363724451,2226528542,False
2024-11-01,6.017,6.068,6.017,6.051,315790200,1909288303,False
2024-11-04,6.011,6.023,5.988,6.006,320647168,1925632565,False
2024-11-05,6.003,6.008,5.967,6.006,346522500,2075830791,False
2024-11-06,6.028,6.062,5.973,5.994,531028205,3204265274,False
2024-11-07,5.865,5.881,5.857,5.86,497191100,2917410168,False
2024-11-08,5.925,5.936,5.888,5.898,544198350,3215881384,False
2024-11-11,5.901,5.91,5.889,5.905,293895478,1733556780,False
2024-11-12,5.83,5.841,5.8,5.807,361393200,2103738415,False
2024-11-13,5.805,5.814,5.795,5.796,294570000,1709706841,False
2024-11-14,5.724,5.73,5.669,5.68,436011000,2487543373,False
2024-11-15,5.711,5.712,5.667,5.683,410136300,2335976281,False
2024-11-18,5.748,5.773,5.738,5.758,380796200,2192024051,False
2024-11-19,5.811,5.86,5.809,5.858,412895600,2409857463,False
2024-11-20,5.9,5.9,5.855,5.857,393326310,2312028150,False
2024-11-21,5.914,5.934,5.909,5.933,347102500,2054829695,False
2024-11-22,5.968,6.011,5.967,6.01,479450110,2871840491,False
2024-11-25,6.009,6.013,5.893,5.916,773564810,4610155728,False
2024-11-26,5.835,5.856,5.825,5.844,367569300,2147982061,False
2024-11-27,5.86,5.904,5.856,5.899,354456000,2084747692,False
2024-11-28,5.831,5.877,5.823,5.869,351338498,2055069612,False
2024-11-29,5.879,5.927,5.878,5.923,372669395,2200782924,False
2024-12-02,5.85,5.885,5.848,5.872,300225600,1762546380,False
2024-12-03,5.917,5.942,5.911,5.931,290402200,1719827619,False
2024-12-04,5.915,5.938,5.913,5.929,216982400,1286380652,False
2024-12-05,5.937,5.943,5.923,5.927,223843600,1327983845,False
2024-12-06,5.866,5.91,5.861,5.903,291762000,1716909606,False
2024-12-09,5.941,5.946,5.925,5.936,240632900,1428404072,False
2024-12-10,5.97,5.972,5.949,5.961,302287000,1801985985,False
2024-12-11,6.028,6.03,5.977,6.011,368489600,2214470926,False
2024-12-12,6.038,6.054,6.025,6.052,285029200,1720927816,False
2024-12-13,6.016,6.018,5.991,6.001,268642400,1613292063,False
2024-12-16,5.945,5.95,5.933,5.947,251389700,1493426609,False
2024-12-17,5.957,5.97,5.936,5.94,253857200,1511849582,False
2024-12-18,5.942,5.948,5.929,5.932,183543592,1089480648,False
2024-12-19,5.867,5.906,5.867,5.885,362233900,2131258499,False
2024-12-20,5.877,5.894,5.866,5.892,243382915,1430034217,False
2024-12-23,5.919,5.953,5.918,5.951,279767800,1661172171,False
2024-12-24,5.928,5.931,5.916,5.921,227964108,1350515009,False
2024-12-25,5.932,5.939,5.929,5.936,144513901,857653535,False
2024-12-26,5.955,5.957,5.937,5.94,183751700,1092478868,False
2024-12-27,5.95,5.952,5.939,5.945,176506800,1049505975,False
2024-12-30,5.934,5.939,5.92,5.923,166024900,984288624,False
2024-12-31,5.914,5.932,5.9,5.928,164833500,974644615,False
2025-01-02,5.975,5.981,5.96,5.977,233072893,1391842464,False
2025-01-03,6.02,6.034,6.012,6.029,275912900,1661519900,False
2025-01-06,6.023,6.025,5.984,5.99,298085000,1789609736,False
2025-01-07,5.992,6.009,5.987,6.0,217772898,1305979331,False
2025-01-08,6.01,6.031,6.01,6.03,160473261,965957916,False
2025-01-09,6.038,6.066,6.032,6.065,156605360,946209476,False
2025-01-10,6.078,6.109,6.075,6.105,241484690,1470619550,False
2025-01-13,6.105,6.133,6.104,6.12,353089300,2160358184,False
2025-01-14,6.07,6.075,6.062,6.068,286920000,1740951031,False
2025-01-15,6.075,6.109,6.07,6.102,238686400,1452719737,False
2025-01-16,6.139,6.141,6.11,6.122,241313300,1478521166,False
2025-01-17,6.146,6.162,6.136,6.139,247982000,1524953624,False
2025-01-20,6.091,6.131,6.089,6.127,198219500,1210507375,False
2025-01-21,6.102,6.131,6.102,6.127,195442100,1196663049,False
2025-01-22,6.17,6.215,6.169,6.181,296770527,1836180883,False
2025-01-23,6.183,6.194,6.18,6.187,192367943,1190173543,False
2025-01-24,6.209,6.225,6.199,6.218,227492200,1413858397,False
2025-01-27,6.218,6.218,6.181,6.202,228818694,1417961910,False
2025-02-05,6.4,6.441,6.385,6.439,367016108,2354135637,False
2025-02-06,6.441,6.454,6.4,6.402,305318100,1965257147,False
2025-02-07,6.43,6.435,6.414,6.42,202194200,1299373106,False
2025-02-10,6.46,6.519,6.46,6.518,315643190,2046965397,False
2025-02-11,6.628,6.645,6.531,6.584,688982800,4542010086,False
2025-02-12,6.542,6.548,6.511,6.538,342637100,2237983355,False
2025-02-13,6.564,6.587,6.559,6.57,284025229,1866397971,False
2025-02-14,6.599,6.607,6.585,6.605,246676102,1627112891,False
2025-02-17,6.477,6.505,6.47,6.494,396972681,2575282904,False
2025-02-18,6.5,6.56,6.497,6.555,292830130,1913822117,False
2025-02-19,6.595,6.624,6.576,6.598,315610500,2084378903,False
2025-02-20,6.61,6.621,6.598,6.619,208220000,1375763005,False
2025-02-21,6.608,6.608,6.544,6.568,411983897,2707414871,False
2025-02-24,6.549,6.586,6.539,6.581,246679300,1620085717,False
2025-02-25,6.605,6.611,6.575,6.582,264729920,1745731792,False
2025-02-26,6.562,6.564,6.515,6.519,294958637,1929025426,False
2025-02-27,6.533,6.541,6.484,6.492,303901035,1978797942,False
2025-02-28,6.479,6.487,6.435,6.444,280864400,1814366434,False
2025-03-03,6.445,6.455,6.435,6.451,258749948,1668225513,False
2025-03-04,6.49,6.507,6.487,6.499,265743800,1726309042,False
2025-03-05,6.523,6.551,6.521,6.547,221884099,1449964026,False
2025-03-06,6.53,6.546,6.527,6.535,187622976,1226197910,False
2025-03-07,6.506,6.529,6.503,6.526,212238683,1382860823,False
2025-03-10,6.531,6.545,6.526,6.544,168135603,1098905803,False
2025-03-11,6.491,6.506,6.488,6.505,217070800,1409808324,False
2025-03-12,6.518,6.534,6.512,6.526,133572500,871152793,False
2025-03-13,6.573,6.583,6.57,6.575,180621750,1187629547,False
2025-03-14,6.693,6.693,6.662,6.673,337064300,2249855859,False
2025-03-17,6.674,6.678,6.659,6.677,261227100,1742579560,False
2025-03-18,6.688,6.73,6.688,6.727,247618300,1662780921,False
2025-03-19,6.757,6.806,6.754,6.8,332646700,2256310869,False
2025-03-20,6.82,6.825,6.799,6.807,288580577,1965397258,False
2025-03-21,6.808,6.81,6.762,6.774,259905579,1763391430,False
2025-03-24,6.77,6.782,6.758,6.78,152890422,1035354851,False
2025-03-25,6.758,6.778,6.751,6.774,188173300,1272978958,False
2025-03-26,6.78,6.797,6.775,6.795,192888100,1309338099,False
2025-03-27,6.797,6.817,6.791,6.812,224529007,1528152970,False
2025-03-28,6.912,6.939,6.894,6.938,423633499,2930627896,False
2025-03-31,6.942,7.045,6.942,7.012,674686354,4717070932,False
2025-04-01,7.065,7.098,7.041,7.056,718259725,5075882645,False
2025-04-02,7.07,7.083,7.019,7.029,418580916,2951070225,False
2025-04-03,7.135,7.173,7.068,7.094,726074050,5174808439,False
2025-04-07,6.801,7.06,6.8,6.877,1275784486,8819492014,False
2025-04-08,6.878,6.938,6.852,6.925,623642763,4294930105,False
2025-04-09,6.89,7.02,6.888,7.012,783359970,5435770622,False
2025-04-10,7.134,7.166,7.071,7.164,931201615,6642456530,False
2025-04-11,7.34,7.34,7.225,7.273,969046516,7073077660,False
2025-04-14,7.301,7.354,7.301,7.327,788278877,5780997530,False
2025-04-15,7.327,7.334,7.315,7.325,420590242,3081021799,False
2025-04-16,7.44,7.506,7.421,7.503,749850988,5597029960,False
2025-04-17,7.655,7.66,7.541,7.565,1007652486,7643429582,False
2025-04-18,7.564,7.589,7.533,7.583,478054139,3617039900,False
2025-04-21,7.684,7.727,7.677,7.724,751194584,5780384756,False
2025-04-22,7.871,8.033,7.86,7.982,1519502089,12093412697,False
2025-04-23,7.759,7.759,7.486,7.5,2564688817,19562766019,False
2025-04-24,7.67,7.707,7.55,7.582,1303473358,9946839718,False
2025-04-25,7.641,7.656,7.486,7.53,998594300,7560930098,False
2025-04-28,7.499,7.511,7.443,7.465,807300957,6031534039,False
2025-04-29,7.561,7.586,7.485,7.517,630471289,4749487800,False
2025-04-30,7.525,7.529,7.467,7.471,437292760,3276215482,False
2025-05-06,7.596,7.659,7.57,7.612,984527034,7499496274,False
2025-05-07,7.614,7.678,7.588,7.671,751864933,5748539067,False
2025-05-08,7.679,7.732,7.538,7.557,1112851087,8503906698,False
2025-05-09,7.502,7.555,7.427,7.531,887300929,6647216055,False
2025-05-12,7.341,7.399,7.341,7.376,668199236,4930947745,False
2025-05-13,7.291,7.339,7.224,7.332,905216614,6588647174,False
2025-05-14,7.309,7.322,7.265,7.277,548179300,3996673209,False
2025-05-15,7.165,7.169,7.01,7.062,1290123946,9132430391,False
2025-05-16,7.195,7.204,7.157,7.177,855274788,6143784727,False
2025-05-19,7.206,7.231,7.193,7.222,633277100,4567415868,False
2025-05-20,7.217,7.238,7.196,7.209,460862770,3324544898,False
2025-05-21,7.381,7.44,7.376,7.439,754386545,5587558730,False
2025-05-22,7.478,7.505,7.448,7.45,727054800,5439783047,False
2025-05-23,7.405,7.457,7.373,7.454,605935900,4495380260,False
2025-05-26,7.438,7.472,7.423,7.425,442308700,3294213684,False
2025-05-27,7.434,7.456,7.356,7.366,603457313,4472910506,False
2025-05-28,7.369,7.389,7.341,7.375,304997600,2247365541,False
2025-05-29,7.263,7.31,7.26,7.3,423281700,3084681573,False
2025-05-30,7.39,7.391,7.335,7.369,363573703,2675997478,False
2025-06-03,7.501,7.519,7.461,7.478,606170700,4544989593,False
2025-06-04,7.488,7.503,7.459,7.474,416157150,3113658616,False
2025-06-05,7.499,7.504,7.469,7.483,338533600,2534787070,False
2025-06-06,7.477,7.492,7.469,7.481,375355132,2807696362,False
2025-06-09,7.364,7.401,7.331,7.4,505825100,3726449040,False
2025-06-10,7.366,7.42,7.353,7.405,517795889,3822935723,False
2025-06-11,7.42,7.436,7.404,7.428,360699753,2677639427,False
2025-06-12,7.505,7.512,7.474,7.497,389463130,2919654502,False
2025-06-13,7.616,7.653,7.57,7.588,888062400,6764698782,False
2025-06-16,7.629,7.634,7.548,7.563,663731179,5041475386,False
2025-06-17,7.525,7.528,7.47,7.499,503152168,3775707856,False
2025-06-18,7.499,7.527,7.476,7.503,384865270,2886557970,False
2025-06-19,7.5,7.506,7.444,7.465,366857400,2741981668,False
2025-06-20,7.46,7.464,7.423,7.436,365250300,2717567425,False
2025-06-23,7.452,7.485,7.441,7.464,368519740,2750226776,False
2025-06-24,7.431,7.44,7.354,7.372,581647312,4305391870,False
2025-06-25,7.378,7.398,7.376,7.392,284710700,2103580236,False
2025-06-26,7.39,7.406,7.385,7.405,277147880,2049012994,False
2025-06-27,7.365,7.375,7.311,7.326,455853400,3345234504,False
2025-06-30,7.3,7.321,7.274,7.314,336657400,2457750199,False
2025-07-01,7.359,7.4,7.346,7.397,347867947,2564118180,False
2025-07-02,7.395,7.418,7.384,7.394,291654800,2157429707,False
2025-07-03,7.407,7.453,7.407,7.445,295990300,2199395168,False
2025-07-04,7.4,7.413,7.376,7.407,257229100,1902194152,False
2025-07-07,7.348,7.367,7.344,7.355,281784400,2072584679,False
2025-07-08,7.397,7.406,7.389,7.398,217899576,1612084341,False
2025-07-09,7.347,7.348,7.304,7.314,425534100,3116306560,False
2025-07-10,7.371,7.38,7.358,7.371,302003773,2225855850,False
2025-07-11,7.375,7.392,7.372,7.376,261655404,1931126841,False
2025-07-14,7.426,7.445,7.413,7.44,267188547,1983515657,False
2025-07-15,7.41,7.445,7.401,7.436,268931110,1996432231,False
2025-07-16,7.394,7.407,7.378,7.402,239071350,1767210158,False
2025-07-17,7.403,7.411,7.386,7.397,208316994,1541460812,False
2025-07-18,7.394,7.407,7.391,7.403,184028487,1361500094,False
2025-07-21,7.43,7.454,7.42,7.446,300457429,2233893918,False
2025-07-22,7.483,7.489,7.47,7.474,362003425,2707621582,False
2025-07-23,7.54,7.549,7.525,7.548,314107164,2368464628,False
2025-07-24,7.459,7.461,7.415,7.424,440510942,3275368218,False
2025-07-25,7.415,7.421,7.399,7.409,254762663,1887414454,False
2025-07-28,7.382,7.398,7.367,7.388,284143328,2096675236,False
2025-07-29,7.35,7.366,7.345,7.363,263161641,1936018254,False
2025-07-30,7.387,7.389,7.367,7.377,281773628,2078603635,False
2025-07-31,7.329,7.356,7.315,7.35,304165711,2231589344,False
2025-08-01,7.343,7.366,7.331,7.352,192399599,1413896110,False
2025-08-04,7.432,7.447,7.432,7.446,426113592,3170843970,False
2025-08-05,7.481,7.486,7.454,7.455,322458715,2408802907,False
2025-08-06,7.472,7.482,7.46,7.468,266181951,1988337088,False
2025-08-07,7.471,7.488,7.459,7.484,313642201,2344129227,False
2025-08-08,7.488,7.513,7.488,7.508,338060349,2535544417,False
2025-08-11,7.452,7.46,7.423,7.429,359688810,2678359430,False
2025-08-12,7.412,7.416,7.393,7.399,281491669,2084438530,False
2025-08-13,7.395,7.416,7.394,7.415,230600612,1707832442,False
2025-08-14,7.431,7.438,7.413,7.424,228780544,1698855241,False
2025-08-15,7.384,7.41,7.381,7.401,208044000,1538722974,False
2025-08-18,7.398,7.43,7.393,7.413,228171106,1690072000,False
2025-08-19,7.386,7.4,7.386,7.391,182699299,1350510204,False
2025-08-20,7.362,7.377,7.35,7.374,204963900,1509440993,False
2025-08-21,7.403,7.408,7.387,7.394,223292731,1652146836,False
2025-08-22,7.395,7.4,7.373,7.378,194928678,1439892466,False
2025-08-25,7.419,7.43,7.417,7.427,288572434,2141946403,False
2025-08-26,7.437,7.45,7.437,7.449,293532600,2185176566,False
2025-08-27,7.461,7.461,7.444,7.45,235912901,1758733831,False
2025-08-28,7.462,7.47,7.459,7.468,223107284,1665240691,False
2025-08-29,7.48,7.488,7.478,7.486,217764686,1629642851,False
2025-09-01,7.546,7.658,7.542,7.647,844514784,6431354808,False
2025-09-02,7.75,7.75,7.663,7.67,650604808,5006529827,False
2025-09-03,7.76,7.787,7.746,7.768,535458390,4158516363,False
2025-09-04,7.795,7.795,7.694,7.75,561861413,4352594756,False
2025-09-05,7.773,7.782,7.755,7.775,344149544,2674763266,False
2025-09-08,7.811,7.848,7.808,7.847,413909759,3240893040,False
2025-09-09,7.934,7.987,7.928,7.966,695908132,5537633289,False
2025-09-10,7.906,7.953,7.898,7.947,398608908,3160253380,False
2025-09-11,7.963,7.968,7.901,7.923,410933374,3259869667,False
2025-09-12,7.932,7.966,7.932,7.954,328766845,2613712618,False
2025-09-15,7.908,7.947,7.907,7.931,285290527,2262570508,False
2025-09-16,8.007,8.034,7.988,8.032,339497584,2718705446,False
2025-09-17,8.01,8.01,7.955,7.964,428296395,3417850247,False
2025-09-18,7.901,7.949,7.859,7.862,556562627,4399557224,False
2025-09-19,7.901,7.917,7.869,7.898,323799619,2556742578,False
2025-09-22,8.005,8.058,7.984,8.048,453251935,3632554944,False
2025-09-23,8.125,8.149,8.105,8.143,511550370,4158136063,False
2025-09-24,8.141,8.204,8.123,8.19,439901080,3591418429,False
2025-09-25,8.16,8.164,8.116,8.146,444111704,3614722212,False
2025-09-26,8.15,8.183,8.147,8.16,384548100,3138261886,False
2025-09-29,8.177,8.268,8.174,8.259,532950667,4380687035,False
2025-09-30,8.324,8.388,8.324,8.339,666956876,5576070203,False
2025-10-09,8.724,8.779,8.69,8.729,801442472,6996319980,False
2025-10-10,8.637,8.651,8.586,8.602,641470935,5528015329,False
2025-10-13,8.77,8.868,8.77,8.859,773948022,6826004392,False
2025-10-14,9.1,9.377,8.878,8.976,1667960506,15094002873,False
2025-10-15,9.143,9.19,9.09,9.187,919314119,8404693734,False
2025-10-16,9.23,9.288,9.198,9.244,1040915876,9625793165,False
2025-10-17,9.497,9.587,9.361,9.568,1586342550,15083487665,False
2025-10-20,9.308,9.367,9.25,9.268,1205698499,11239083883,False
2025-10-21,9.526,9.526,9.425,9.49,999521780,9473507963,False
2025-10-22,8.986,9.106,8.95,9.101,1407669227,12694570824,False
2025-10-23,8.98,9.052,8.92,8.994,932066467,8366775476,False
2025-10-24,9.048,9.053,8.933,8.95,740082055,6652958689,False
2025-10-27,8.948,8.949,8.897,8.914,675437497,6024338869,False
2025-10-28,8.79,8.79,8.591,8.597,1085475713,9433291725,False
2025-10-29,8.68,8.699,8.622,8.692,799957387,6929137801,False
2025-10-30,8.635,8.706,8.559,8.704,1025527342,8858790469,False
2025-10-31,8.81,8.822,8.748,8.794,771949636,6782774235,False
2025-11-03,8.743,8.801,8.737,8.797,465811303,4085511859,False
2025-11-04,8.745,8.756,8.705,8.737,531122927,4638166862,False
2025-11-05,8.654,8.732,8.641,8.706,476092329,4136619619,False
2025-11-06,8.718,8.757,8.706,8.755,409443562,3576860604,False
2025-11-07,8.769,8.798,8.755,8.793,427264748,3747892162,False
2025-11-10,8.869,8.949,8.856,8.936,758507494,6751619483,False
2025-11-11,9.138,9.138,9.049,9.062,828106585,7518834240,False
2025-11-12,9.058,9.068,8.984,9.029,658718382,5948310393,False
2025-11-13,9.157,9.184,9.134,9.175,651400798,5968013292,False
2025-11-14,9.099,9.18,9.09,9.096,716187519,6540777396,False
2025-11-17,8.922,8.969,8.842,8.882,812669365,7238287561,False
2025-11-18,8.837,8.837,8.77,8.777,583681281,5133558167,False
2025-11-19,8.89,8.968,8.873,8.954,604136017,5392419257,False
2025-11-20,8.959,8.969,8.865,8.903,633776232,5649454182,False
2025-11-21,8.888,8.921,8.824,8.828,684293990,6071459200,False
2025-11-24,8.858,8.865,8.829,8.857,468144900,4141386255,False
2025-11-25,8.99,9.039,8.99,9.01,642314263,5789627417,False
2025-11-26,9.015,9.048,9.003,9.011,509052124,4596141094,False
2025-11-27,9.003,9.017,8.986,9.01,380715268,3427665091,False
2025-11-28,9.084,9.09,9.051,9.067,397292813,3603374123,False
2025-12-01,9.146,9.204,9.128,9.161,731858399,6708010683,False
2025-12-02,9.118,9.145,9.088,9.112,447517819,4083289907,False
2025-12-03,9.118,9.143,9.084,9.096,460723335,4198884820,False
2025-12-04,9.107,9.125,9.035,9.064,558462141,5070761141,False
2025-12-05,9.094,9.148,9.084,9.136,415965811,3791528369,False
2025-12-08,9.107,9.119,9.078,9.11,431705623,3929192887,False
2025-12-09,9.075,9.082,9.026,9.046,477281632,4322621349,False
2025-12-10,9.114,9.118,9.081,9.095,341858428,3111335234,False
2025-12-11,9.157,9.165,9.095,9.11,466634993,4260705305,False
2025-12-12,9.201,9.23,9.191,9.227,476618809,4388186109,False
2025-12-15,9.298,9.36,9.297,9.351,567902846,5297510203,False
2025-12-16,9.272,9.296,9.199,9.24,519626708,4805902569,False
2025-12-17,9.283,9.345,9.283,9.31,452083592,4209416976,False
2025-12-18,9.311,9.327,9.302,9.318,317805610,2961343686,False
2025-12-19,9.29,9.321,9.273,9.313,370300316,3443922186,False
2025-12-22,9.38,9.514,9.38,9.511,691875423,6534234042,False
2025-12-23,9.63,9.689,9.608,9.639,902281420,8709327485,False
2025-12-24,9.719,9.722,9.613,9.642,738436899,7136924986,False
2025-12-25,9.571,9.58,9.539,9.566,431157619,4123112968,False
2025-12-26,9.67,9.68,9.618,9.65,489825336,4726243848,False
2025-12-29,9.64,9.667,9.55,9.563,714496669,6877104094,False
2025-12-30,9.272,9.402,9.272,9.363,861555822,8058585692,False
2025-12-31,9.359,9.392,9.196,9.301,887315417,8255346608,False
2026-01-05,9.421,9.499,9.421,9.495,683271028,6465146234,False
2026-01-06,9.536,9.606,9.528,9.577,531345738,5085365304,False
2026-01-07,9.6,9.601,9.511,9.518,616398514,5894333390,False
2026-01-08,9.555,9.559,9.474,9.511,483834991,4604940099,False
2026-01-09,9.544,9.596,9.544,9.592,379190390,3629946415,False
2026-01-12,9.779,9.791,9.736,9.777,493501700,4822414247,False
2026-01-13,9.79,9.825,9.771,9.793,398236725,3901169996,False
2026-01-14,9.871,9.925,9.869,9.922,436952117,4321616075,False
2026-01-15,9.861,9.883,9.82,9.867,554292206,5460435940,False
2026-01-16,9.851,9.874,9.828,9.857,327843149,3228858975,False
2026-01-19,9.962,10.009,9.96,10.006,480621154,4797229646,False
2026-01-20,10.005,10.095,9.983,10.082,533806706,5362959212,False
2026-01-21,10.365,10.501,10.322,10.377,984509622,10230345643,False
2026-01-22,10.29,10.343,10.23,10.341,719685837,7398945407,False
2026-01-23,10.618,10.643,10.585,10.617,729889496,7746553192,False
2026-01-26,10.886,10.955,10.848,10.924,960474483,10463068625,False
2026-01-27,10.883,10.946,10.848,10.934,771107250,8395732861,False
2026-01-28,11.11,11.288,11.109,11.28,1066201004,11961498145,False
2026-01-29,11.918,11.977,11.796,11.904,1497107926,17799095491,False
2026-01-30,11.471,11.533,10.8,11.009,2301609692,25777505557,False
2026-02-02,9.908,10.245,9.908,9.908,1899820420,19145014244,False
2026-02-03,10.355,10.461,10.105,10.422,2100916676,21613177107,False
2026-02-04,10.795,10.904,10.738,10.867,1424298936,15412917353,False
2026-02-05,10.61,10.695,10.3,10.523,1909045495,20057436535,False
2026-02-06,10.079,10.523,10.05,10.357,1841278975,19034272998,False
2026-02-09,10.72,10.75,10.61,10.719,1161222745,12418166669,False
2026-02-10,10.686,10.733,10.661,10.669,702600061,7513073622,False
2026-02-11,10.704,10.765,10.7,10.758,681826714,7317564815,False
2026-02-12,10.72,10.752,10.7,10.72,600479350,6445229523,False
2026-02-13,10.582,10.617,10.508,10.575,769392258,8131354160,False
2026-02-24,10.92,10.998,10.903,10.95,752313723,8241565507,False
2026-02-25,10.953,10.992,10.92,10.959,607477346,6656474798,False
2026-02-26,10.939,10.944,10.896,10.913,437766976,4781387315,False
2026-02-27,10.92,10.95,10.911,10.933,463126387,5063424364,False
2026-03-02,11.368,11.419,11.214,11.417,1130097171,12775642356,False
2026-03-03,11.418,11.418,11.202,11.259,969284941,10968192369,False
2026-03-04,11.0,11.085,10.926,10.98,997981175,10981117960,False
2026-03-05,10.98,11.014,10.889,10.964,653680200,7165201084,False
2026-03-06,10.834,10.937,10.831,10.873,491671193,5356472276,False
2026-03-09,10.858,10.95,10.793,10.868,801213216,8713281061,False
2026-03-10,10.963,10.991,10.943,10.956,437932878,4801155476,False
2026-03-11,11.026,11.028,10.964,10.974,475495727,5230093074,False
2026-03-12,10.928,10.956,10.892,10.938,389237902,4253167289,False
2026-03-13,10.852,10.88,10.791,10.802,388524533,4211610423,False
2026-03-16,10.63,10.7,10.605,10.664,478924660,5100457125,False
2026-03-17,10.632,10.696,10.63,10.637,353528190,3766972817,False
2026-03-18,10.638,10.639,10.57,10.606,354427328,3756857569,False
2026-03-19,10.283,10.345,10.08,10.126,878362147,9006105538,False
2026-03-20,9.9,10.066,9.883,9.896,1191784092,11878418533,False
2026-03-23,9.488,9.5,8.906,8.941,1974765911,18231773873,False
2026-03-24,9.21,9.303,9.105,9.299,1490516464,13716736873,False
2026-03-25,9.7,9.772,9.609,9.641,1178632201,11438092704,False
2026-03-26,9.628,9.637,9.358,9.45,1107621274,10525933922,False
2026-03-27,9.358,9.528,9.358,9.494,748707264,7077216082,False
2026-03-30,9.496,9.696,9.473,9.656,1046745903,10053472875,False
2026-03-31,9.751,9.836,9.697,9.699,981801710,9575690405,False
2026-04-01,9.95,10.028,9.912,10.024,835670818,8316311343,False
2026-04-02,10.0,10.0,9.641,9.738,1302646746,12814253058,False
2026-04-03,9.914,9.914,9.793,9.828,424296200,4176219528,False
2026-04-07,9.845,9.867,9.781,9.837,542784769,5331846502,False
2026-04-08,10.103,10.153,10.057,10.113,994347975,10051847595,False
2026-04-09,9.92,9.95,9.9,9.908,655252744,6501536554,False
2026-04-10,9.995,10.03,9.954,9.972,577695324,5772482719,False
2026-04-13,9.918,9.939,9.9,9.924,428554392,4251246607,False
2026-04-14,9.999,10.012,9.968,10.011,422160466,4218777617,False
2026-04-15,10.127,10.15,10.062,10.064,489769744,4949413437,False
2026-04-16,10.095,10.111,10.07,10.097,376243713,3796363197,False
2026-04-17,10.0,10.071,9.99,10.029,357718901,3589199404,False
2026-04-20,10.04,10.075,10.013,10.036,355833475,3572623672,False
2026-04-21,10.07,10.072,10.003,10.01,323902876,3250579583,False
2026-04-22,9.968,10.008,9.968,10.004,364219794,3637270995,False
2026-04-23,9.935,9.947,9.865,9.9,426785130,4226616551,False
2026-04-24,9.885,9.886,9.814,9.826,314190201,3091878872,False
2026-04-27,9.859,9.917,9.857,9.897,255476037,2526051171,False
2026-04-28,9.85,9.854,9.714,9.732,376104347,3676337287,False
2026-04-29,9.641,9.68,9.63,9.637,511996833,4943877284,False
2026-04-30,9.629,9.679,9.58,9.678,404662969,3894564587,False
2026-05-06,9.698,9.792,9.698,9.791,392697776,3827234550,False
2026-05-07,9.871,9.933,9.835,9.909,438005730,4322115660,False
2026-05-08,9.871,9.897,9.853,9.88,340379015,3361489920,False
2026-05-11,9.827,9.827,9.714,9.774,447587670,4376016747,False
2026-05-12,9.9,9.906,9.8,9.806,405923015,3997558136,False
2026-05-13,9.818,9.834,9.78,9.804,298307355,2925864489,False
2026-05-14,9.78,9.802,9.761,9.795,296882393,2903498943,False
2026-05-15,9.645,9.659,9.532,9.554,649877683,6233847911,False
2026-05-18,9.44,9.534,9.435,9.513,476978463,4527932597,False
2026-05-19,9.519,9.554,9.485,9.515,264376415,2516240589,False
2026-05-20,9.4,9.4,9.332,9.367,546321491,5114796529,False
2026-05-21,9.53,9.543,9.447,9.45,337773070,3206814236,False
2026-05-22,9.46,9.474,9.424,9.461,271569663,2567719896,False
2026-05-25,9.531,9.54,9.49,9.512,238605940,2269776991,False
2026-05-26,9.481,9.487,9.442,9.454,220861420,2089349183,False
2026-05-27,9.419,9.425,9.336,9.345,324668208,3044601314,False
2026-05-28,9.216,9.218,9.108,9.132,456620753,4181014488,False
2026-05-29,9.385,9.4,9.34,9.397,348235218,3262565266,False
2026-06-01,9.398,9.414,9.343,9.344,258640902,2427380926,False
2026-06-02,9.3,9.414,9.266,9.41,324778050,3034940310,False
2026-06-03,9.28,9.327,9.263,9.281,325487600,3024667411,False
2026-06-04,9.301,9.32,9.274,9.29,282172674,2623259392,False
2026-06-05,9.263,9.275,9.21,9.252,301755305,2788572679,False
2026-06-08,9.001,9.024,8.893,8.953,495297882,4442538006,False
2026-06-09,9.01,9.046,9.004,9.005,287000533,2589621005,False
2026-06-10,8.74,8.78,8.671,8.736,560909257,4889766654,False
