date,nav,daily_return,benchmark_nav,cash_nav,equity_weight,turnover,drawdown
2021-08-17,1.0,0.0,1.0,1.0,0.0,0.0,0.0
2021-08-18,1.0006158768246352,0.0006158768246351531,1.0108075040783033,1.0006158768246352,0.0,0.0,0.0
2021-08-19,1.000503899220156,-0.0001119086825150939,1.003874388254486,1.0005038992201558,0.0,0.0,-0.0001119086825150939
2021-08-20,1.0011277744451113,0.0006235610130469471,0.9855220228384992,1.0011277744451108,0.0,0.0,0.0
2021-08-23,1.000535892821436,-0.0005912148666570305,1.0002039151712887,1.0005358928214356,0.0,0.0,-0.0005912148666570305
2021-08-24,1.0001199760047994,-0.00041569404917984887,1.0108075040783033,1.000119976004799,0.0,0.0,-0.0010066631513349078
2021-08-25,1.0004799040191963,0.0003598848368520091,1.0136623164763459,1.000479904019196,0.0,0.0,-0.0006471405972869881
2021-08-26,0.9980163967206561,-0.0024623256185792863,0.9963295269168027,0.9980163967206558,0.0,0.0,-0.0031078727449946886
2021-08-27,0.9983203359328138,0.00030454330525664375,0.9989804241435563,0.9983203359328133,0.0,0.0,-0.0028042759215760604
2021-08-30,0.9986802639472109,0.0003605335897127748,0.9953099510603589,0.9986802639472105,0.0,0.0,-0.0024447533675279187
2021-08-31,1.0000639872025596,0.0013855518180361237,0.9949021207177813,1.0000639872025594,0.0,0.0,-0.0010625888819648655
2021-09-01,1.0005998800239952,0.0005358585333470334,1.0091761827079935,1.000599880023995,0.0,0.0,-0.0005272997459375706
2021-09-02,1.0005438912217557,-5.5955235811366855e-05,1.0083605220228387,1.0005438912217557,0.0,0.0,-0.0005832254765673062
2021-09-03,1.0008238352329535,0.00027979183487492065,1.0028548123980425,1.0008238352329533,0.0,0.0,-0.00030359682341873917
2021-09-06,0.9999920015996802,-0.0008311489035227604,1.0199836867862968,0.99999200159968,0.0,0.0,-0.0011344933927746048
2021-09-07,0.9992241551689662,-0.0007678525723061602,1.0328303425774878,0.9992241551689661,0.0,0.0,-0.0019014748414108995
2021-09-08,0.9989442111577684,-0.00028016137295083787,1.0285481239804242,0.9989442111577684,0.0,0.0,-0.0021811034945594665
2021-09-09,0.9990561887622476,0.00011209595413674833,1.0281402936378465,0.9990561887622474,0.0,0.0,-0.0020692520332999953
2021-09-10,0.9990401919616076,-1.6011912863156397e-05,1.0381321370309953,0.9990401919616076,0.0,0.0,-0.002085230813479999
2021-09-13,0.9986722655468906,-0.0003682798927184816,1.0326264274061991,0.9986722655468905,0.0,0.0,-0.002452742757618198
2021-09-14,0.998136372725455,-0.0005366052907679331,1.019168026101142,0.9981363727254549,0.0,0.0,-0.002988031893645493
2021-09-15,0.9983203359328136,0.0001843066863260745,1.0083605220228387,0.9983203359328133,0.0,0.0,-0.0028042759215762825
2021-09-16,0.9970005998800242,-0.0013219564956133967,0.9969412724306689,0.997000599880024,0.0,0.0,-0.004122525286419654
2021-09-17,0.9978644271145772,0.0008664259927797513,1.0048939641109298,0.997864427114577,0.0,0.0,-0.0032596711567040026
2021-09-22,0.9983683263347333,0.000504977636704762,0.9981647634584012,0.9983683263347329,0.0,0.0,-0.0027563395810364932
2021-09-23,0.9996880623875228,0.0013218929507055055,1.004078303425775,0.9996880623875225,0.0,0.0,-0.0014380902161927889
2021-09-24,0.9996000799840035,-8.800985710410991e-05,1.0055057096247961,0.9996000799840031,0.0,0.0,-0.001525973507182421
2021-09-27,0.9995680863827238,-3.20064012802046e-05,1.012030995106036,0.9995680863827234,0.0,0.0,-0.0015579310675423175
2021-09-28,0.9997120575884827,0.00014403341575253137,1.0101957585644372,0.9997120575884823,0.0,0.0,-0.0014141220459229498
2021-09-29,1.0021275744851033,0.0024162126267111006,1.0034665579119086,1.0021275744851028,0.0,0.0,0.0
2021-09-30,1.0025914817036596,0.0004629223168464147,1.006321370309951,1.0025914817036592,0.0,0.0,0.0
2021-10-08,1.0009838032393525,-0.0016035229638847737,1.0207993474714518,1.000983803239352,0.0,0.0,-0.0016035229638847737
2021-10-11,0.9997200559888026,-0.001262505193850516,1.0205954323001631,0.9997200559888022,0.0,0.0,-0.0028640037016649522
2021-10-12,0.9982483503299344,-0.001472117769421577,1.0099918433931485,0.998248350329934,0.0,0.0,-0.004331905320345553
2021-10-13,0.9978804239152175,-0.0003685720237808221,1.0214110929853182,0.9978804239152169,0.0,0.0,-0.004698880725015564
2021-10-14,0.9981123775244954,0.00023244629688989882,1.015905383360522,0.9981123775244951,0.0,0.0,-0.004467526665549837
2021-10-15,0.9979604079184166,-0.0001522570098326792,1.0207993474714518,0.9979604079184162,0.0,0.0,-0.004619103463131102
2021-10-18,0.9949370125974807,-0.0030295744169271943,1.0089722675367048,0.9949370125974805,0.0,0.0,-0.007634683962377209
2021-10-19,0.9948410317936415,-9.646922631678656e-05,1.0185562805872757,0.9948410317936411,0.0,0.0,-0.007730416676638985
2021-10-20,0.9951609678064389,0.00032159511175433586,1.0157014681892333,0.9951609678064387,0.0,0.0,-0.007411307629099695
2021-10-21,0.9965846830633875,0.0014306381610673657,1.0201876019575857,0.9965846830633873,0.0,0.0,-0.005991272367549927
2021-10-25,0.9956408718256351,-0.0009470456989678633,1.030383360522023,0.9956408718256349,0.0,0.0,-0.0069326440577908155
2021-10-26,0.9963847230553892,0.0007471079691516724,1.026916802610114,0.9963847230553888,0.0,0.0,-0.006190715522261914
2021-10-27,0.9966726654669069,0.0002889871802076449,1.0134584013050572,0.9966726654669066,0.0,0.0,-0.005903517379476586
2021-10-28,0.9965126974605083,-0.00016050205041362453,1.0091761827079935,0.9965126974605079,0.0,0.0,-0.0060630719032460645
2021-10-29,0.9972885422915422,0.0007785599049676684,1.0157014681892333,0.9972885422915417,0.0,0.0,-0.005289232462963311
2021-11-01,0.9980163967206563,0.0007298333413534586,1.0124388254486134,0.9980163967206558,0.0,0.0,-0.004563259379811502
2021-11-02,0.9988242351529698,0.0008094440481818399,1.0018352365415988,0.9988242351529694,0.0,0.0,-0.0037575090347748974
2021-11-03,0.9996080783843235,0.0007847659315491917,0.9977569331158238,0.9996080783843231,0.0,0.0,-0.0029756918683037092
2021-11-04,0.9992561487702464,-0.00035206759697858914,1.007340946166395,0.9992561487702459,0.0,0.0,-0.0033267118205968504
2021-11-05,1.0002799440111982,0.0010245573592033708,1.003874388254486,1.0002799440111978,0.0,0.0,-0.002305562868471167
2021-11-08,1.001183763247351,0.0009035662881817785,1.003058727569331,1.0011837632473506,0.0,0.0,-0.0014040798091726758
2021-11-09,1.000319936012798,-0.0008628058766667612,1.0026508972267536,1.0003199360127975,0.0,0.0,-0.0022656742375287697
2021-11-10,1.0016236752649474,0.0013033222724183613,0.9975530179445352,1.001623675264947,0.0,0.0,-0.0009653048688061938
2021-11-11,1.0013437312537496,-0.00027949020985729156,1.0138662316476348,1.0013437312537492,0.0,0.0,-0.0012445252854030864
2021-11-12,1.0002399520095986,-0.0011022980518079484,1.0134584013050572,1.0002399520095981,0.0,0.0,-0.0023454514994134534
2021-11-15,1.0009918016396726,0.0007516692655231694,1.0122349102773247,1.000991801639672,0.0,0.0,-0.0015955452376962276
2021-11-16,1.0013757248550297,0.0003835428169622901,1.0114192495921697,1.001375724855029,0.0,0.0,-0.001212614380648902
2021-11-17,1.0013917216556696,1.5974823677877836e-05,1.011215334420881,1.0013917216556687,0.0,0.0,-0.0011966589282719209
2021-11-18,1.0020475904819044,0.00065495730796572,1.0022430668841762,1.0020475904819037,0.0,0.0,-0.0005424853808163599
2021-11-19,1.001463707258549,-0.0005826901126267936,1.0134584013050572,1.0014637072585482,0.0,0.0,-0.0011248593925755612
2021-11-22,1.0018476304739061,0.00038336208548983564,1.0161092985318108,1.0018476304739052,0.0,0.0,-0.0007419285355282357
2021-11-23,1.001863627274546,1.596729897168636e-05,1.0167210440456769,1.001863627274545,0.0,0.0,-0.0007259730831512545
2021-11-24,1.0025914817036603,0.0007265005029619687,1.0189641109298533,1.0025914817036592,0.0,0.0,0.0
2021-11-25,1.0031593681263757,0.0005664185593821092,1.015089722675367,1.0031593681263746,0.0,0.0,0.0
2021-11-26,1.0051909618076396,0.002025195343645425,1.0065252854812399,1.0051909618076385,0.0,0.0,0.0
2021-11-29,1.0038872225554898,-0.0012970065407326148,1.0050978792822187,1.003887222555489,0.0,0.0,-0.0012970065407326148
2021-11-30,1.0040311937612485,0.00014341372469339753,1.0014274061990212,1.0040311937612476,0.0,0.0,-0.0011537788245782332
2021-12-01,1.0035592881423723,-0.00047001091381271287,1.004078303425775,1.0035592881423714,0.0,0.0,-0.001623247449751286
2021-12-02,1.0030313937212565,-0.0005260221566908418,1.0061174551386625,1.0030313937212556,0.0,0.0,-0.002148415742317722
2021-12-03,1.0016396720655878,-0.0013875155497430347,1.015293637846656,1.001639672065587,0.0,0.0,-0.0035329503318110023
2021-12-06,1.0036472705458916,0.0020043120657988744,1.0142740619902122,1.0036472705458908,0.0,0.0,-0.0015357194009901765
2021-12-07,1.0031913617276553,-0.00045425203815718795,1.0199836867862968,1.0031913617276544,0.0,0.0,-0.0019892738354793105
2021-12-08,1.0034393121375733,0.0002471616277586186,1.0346655791190864,1.0034393121375724,0.0,0.0,-0.0017426038798799004
2021-12-09,1.0030793841231762,-0.0003586943525566433,1.0517944535073411,1.0030793841231753,0.0,0.0,-0.0021006731702661874
2021-12-10,1.0037112577484513,0.0006299338170800972,1.0487357259380097,1.0037112577484504,0.0,0.0,-0.001472062638254612
2021-12-13,1.0036792641471715,-3.187530381154602e-05,1.0513866231647635,1.0036792641471706,0.0,0.0,-0.0015038910196223387
2021-12-14,1.005254949010199,0.0015699087540343992,1.0450652528548123,1.0052549490101979,0.0,0.0,0.0
2021-12-15,1.0053429314137183,8.752247736354413e-05,1.0356851549755302,1.0053429314137172,0.0,0.0,0.0
2021-12-16,1.005030993801241,-0.00031027980874021033,1.0411908646003263,1.0050309938012396,0.0,0.0,-0.00031027980874021033
2021-12-17,1.0064387122575498,0.0014006716857402068,1.026305057096248,1.0064387122575484,0.0,0.0,0.0
2021-12-20,1.0062467506498713,-0.00019073352936493926,1.0110114192495923,1.00624675064987,0.0,0.0,-0.00019073352936493926
2021-12-21,1.0058388322335545,-0.00040538607061679777,1.015293637846656,1.0058388322335532,0.0,0.0,-0.000596042279265685
2021-12-22,1.00643071385723,0.0005884457874438809,1.015905383360522,1.0064307138572284,0.0,0.0,-7.947230390104032e-06
2021-12-23,1.006670665866828,0.00023841880647546,1.0236541598694942,1.0066706658668265,0.0,0.0,0.0
2021-12-24,1.0065986802639486,-7.150859294924317e-05,1.0189641109298533,1.006598680263947,0.0,0.0,-7.150859294924317e-05
2021-12-27,1.0074865026994617,0.0008820023837903257,1.0197797716150083,1.00748650269946,0.0,0.0,0.0
2021-12-28,1.007966406718658,0.00047633791411638704,1.0250815660685155,1.0079664067186562,0.0,0.0,0.0
2021-12-29,1.008214357128576,0.0002459907475738099,1.0114192495921697,1.0082143571285742,0.0,0.0,0.0
2021-12-30,1.0107738452309556,0.0025386348491098776,1.0187601957585646,1.0107738452309538,0.0,0.0,0.0
2021-12-31,1.0116296740651887,0.0008467065489190517,1.0212071778140295,1.011629674065187,0.0,0.0,0.0
2022-01-04,1.0111417716456728,-0.0004822935032691156,1.0175367047308321,1.0111417716456708,0.0,0.0,-0.0004822935032691156
2022-01-05,1.0100619876024812,-0.001067885902324206,1.007952691680261,1.0100619876024794,0.0,0.0,-0.0015496643711604419
2022-01-06,1.0095100979804057,-0.0005463918342135665,0.9965334420880912,1.009510097980404,0.0,0.0,-0.0020952094814158384
2022-01-07,1.009590081983605,7.923051325531283e-05,0.9989804241435563,1.0095900819836032,0.0,0.0,-0.0020161449726832092
2022-01-10,1.0107418516296758,0.0011408290024084167,1.0016313213703099,1.010741851629674,0.0,0.0,-0.0008776160469327055
2022-01-11,1.012117576484705,0.0013611040769816452,0.9924551386623165,1.012117576484703,0.0,0.0,0.0
2022-01-12,1.0125014997000616,0.00037932669511597794,1.003058727569331,1.0125014997000599,0.0,0.0,0.0
2022-01-13,1.0123815236952625,-0.00011849464404223298,0.986541598694943,1.012381523695261,0.0,0.0,-0.00011849464404223298
2022-01-14,1.0147490501899636,0.002338571417284996,0.9775693311582381,1.0147490501899619,0.0,0.0,0.0
2022-01-17,1.014453109378126,-0.00029163940757792606,0.9859298531810767,1.0144531093781244,0.0,0.0,-0.00029163940757792606
2022-01-18,1.0173805238952225,0.002885707077078248,0.9953099510603589,1.017380523895221,0.0,0.0,0.0
2022-01-19,1.0169006198760264,-0.0004717055299611195,0.9747145187601959,1.0169006198760249,0.0,0.0,-0.0004717055299611195
2022-01-20,1.0167246550689877,-0.0001730403183943796,0.982463295269168,1.0167246550689861,0.0,0.0,-0.0006446642242803335
2022-01-21,1.0192041591681678,0.002438717391988421,0.9755301794453507,1.0192041591681664,0.0,0.0,0.0
2022-01-24,1.022795440911819,0.003523613705209261,0.9759380097879281,1.0227954409118176,0.0,0.0,0.0
2022-01-25,1.022531493701261,-0.0002580645161290862,0.9543230016313213,1.0225314937012597,0.0,0.0,-0.0002580645161290862
2022-01-26,1.0178684263147384,-0.004560316640853546,0.9596247960848288,1.017868426314737,0.0,0.0,-0.00481720430107524
2022-01-27,1.017444511097782,-0.00041647349106932463,0.9431076672104405,1.0174445110977803,0.0,0.0,-0.005231671554252082
2022-01-28,1.0195080983803253,0.0020282062166878667,0.9286296900489397,1.019508098380324,0.0,0.0,-0.0032140762463342964
2022-02-07,1.0186202759448124,-0.0008708341178685908,0.9433115823817293,1.0186202759448109,0.0,0.0,-0.004082111436950031
2022-02-08,1.0198280343931228,0.0011856807456440688,0.9388254486133769,1.0198280343931214,0.0,0.0,-0.002901270772238451
2022-02-09,1.0203639272145584,0.00052547371062861,0.9467781402936378,1.020363927214557,0.0,0.0,-0.002377321603128091
2022-02-10,1.021291741651671,0.0009092975676290305,0.9445350734094616,1.0212917416516696,0.0,0.0,-0.0014701857282503061
2022-02-11,1.0169646070785856,-0.004236923101020418,0.9371941272430669,1.0169646070785843,0.0,0.0,-0.005700879765395905
2022-02-14,1.0160767846430727,-0.0008730121277901182,0.9272022838499184,1.0160767846430714,0.0,0.0,-0.006568914956011751
2022-02-15,1.0160927814437126,1.574369268309006e-05,0.9357667210440458,1.0160927814437113,0.0,0.0,-0.006553274682306931
2022-02-16,1.0168686262747464,0.0007635570739232822,0.9400489396411094,1.016868626274745,0.0,0.0,-0.005794721407624603
2022-02-17,1.0169566086782655,8.652288136912212e-05,0.9420880913539967,1.0169566086782642,0.0,0.0,-0.005708699902248426
2022-02-18,1.0163327334533105,-0.0006134728066380379,0.9469820554649266,1.0163327334533092,0.0,0.0,-0.006318670576735186
2022-02-21,1.0140771845630887,-0.0022193016282747724,0.9435154975530179,1.0140771845630874,0.0,0.0,-0.008523949169110479
2022-02-22,1.0135252949410132,-0.0005442284181882417,0.9312805872756934,1.0135252949410116,0.0,0.0,-0.009063538611925659
2022-02-23,1.0145890821835646,0.0010495912118437811,0.9410685154975531,1.0145890821835633,0.0,0.0,-0.008023460410557237
2022-02-24,1.0149410117976416,0.0003468691120938061,0.9237357259380099,1.0149410117976405,0.0,0.0,-0.007679374389051974
2022-02-25,1.0155568886222766,0.0006068104623579984,0.9308727569331159,1.0155568886222754,0.0,0.0,-0.0070772238514177355
2022-02-28,1.0159008198360338,0.00033866267622273405,0.9320962479608482,1.0159008198360329,0.0,0.0,-0.006740957966764771
2022-03-01,1.0141491701659677,-0.001724232952532434,0.9398450244698205,1.0141491701659668,0.0,0.0,-0.008453567937439233
2022-03-02,1.0136932613477314,-0.0004495480858714984,0.9327079934747146,1.0136932613477303,0.0,0.0,-0.008899315738025715
2022-03-03,1.013741251749651,4.7342133709937784e-05,0.9267944535073409,1.01374125174965,0.0,0.0,-0.008852394916911477
2022-03-04,1.0132613477304548,-0.0004733989253843385,0.916394779771615,1.013261347730454,0.0,0.0,-0.009321603128055078
2022-03-07,1.0153809238152378,0.0020918355264714084,0.886215334420881,1.015380923815237,0.0,0.0,-0.007249266862170534
2022-03-08,1.0163967206558697,0.0010004096165359133,0.869494290375204,1.0163967206558688,0.0,0.0,-0.00625610948191635
2022-03-09,1.0141971605678872,-0.0021640763328744095,0.8613376835236543,1.0141971605678863,0.0,0.0,-0.008406647116324995
2022-03-10,1.014613077384524,0.0004100946372240788,0.8735725938009787,1.014613077384523,0.0,0.0,-0.00800000000000034
2022-03-11,1.0164287142571495,0.0017894869611829733,0.8792822185970637,1.0164287142571484,0.0,0.0,-0.00622482893450671
2022-03-14,1.0193161367726464,0.0028407526027116603,0.8507340946166394,1.0193161367726453,0.0,0.0,-0.0034017595307921367
2022-03-15,1.0155888822235564,-0.003656622724419245,0.8101549755301795,1.0155888822235553,0.0,0.0,-0.007045943304008095
2022-03-16,1.0150769846030805,-0.0005040401972057351,0.8454323001631321,1.0150769846030794,0.0,0.0,-0.007546432062561337
2022-03-17,1.0152689462107591,0.00018911039319213785,0.8625611745513867,1.0152689462107578,0.0,0.0,-0.007358748778103608
2022-03-18,1.016636672665468,0.001347156790142856,0.8682707993474714,1.016636672665467,0.0,0.0,-0.006021505376344161
2022-03-21,1.0162367526494713,-0.00039337555564289417,0.867047308319739,1.0162367526494702,0.0,0.0,-0.006412512218963884
2022-03-22,1.0150769846030805,-0.001141238046515447,0.866231647634584,1.0150769846030794,0.0,0.0,-0.007546432062561337
2022-03-23,1.015404919016198,0.00032306358836975413,0.8713295269168025,1.0154049190161967,0.0,0.0,-0.0072258064516129705
2022-03-24,1.0162367526494713,0.0008192137123772536,0.8658238172920066,1.0162367526494702,0.0,0.0,-0.006412512218963884
2022-03-25,1.0170765846830645,0.0008264137578213315,0.8501223491027732,1.0170765846830634,0.0,0.0,-0.005591397849462609
2022-03-28,1.0171165766846642,3.932054105071359e-05,0.8450244698205547,1.017116576684663,0.0,0.0,-0.005552297165200559
2022-03-29,1.0166526694661078,-0.00045610034207532735,0.8413539967373573,1.0166526694661067,0.0,0.0,-0.006005865102639563
2022-03-30,1.0164127174565096,-0.00023602161958036216,0.8664355628058727,1.0164127174565087,0.0,0.0,-0.00624046920821153
2022-03-31,1.015604879024196,-0.0007947937077520395,0.8601141924959217,1.0156048790241952,0.0,0.0,-0.0070303030303033864
2022-04-01,1.016868626274746,0.0012443296370967527,0.8705138662316477,1.016868626274745,0.0,0.0,-0.0057947214076250475
2022-04-06,1.0177964407118587,0.0009124231126214077,0.8680668841761826,1.0177964407118576,0.0,0.0,-0.004887585532747041
2022-04-07,1.0189562087582493,0.0011394891944989105,0.8574632952691681,1.0189562087582482,0.0,0.0,-0.003753665689149921
2022-04-08,1.0203239352129583,0.0013422818791946067,0.8631729200652528,1.0203239352129574,0.0,0.0,-0.002416422287390474
2022-04-11,1.0182763447310548,-0.0020068043209003905,0.8362561174551387,1.0182763447310537,0.0,0.0,-0.0044183773216034394
2022-04-12,1.0186522695460916,0.0003691775979890455,0.8505301794453508,1.0186522695460907,0.0,0.0,-0.004050830889541057
2022-04-13,1.0189482103579293,0.0002905219187010477,0.844004893964111,1.0189482103579284,0.0,0.0,-0.003761485826002442
2022-04-14,1.0205558888222364,0.0015777823131386537,0.8529771615008156,1.0205558888222355,0.0,0.0,-0.0021896383186710278
2022-04-15,1.0196600679864036,-0.0008777773423722657,0.8525693311582382,1.0196600679864027,0.0,0.0,-0.0030654936461391724
2022-04-18,1.018476304739053,-0.001160939105606329,0.8484910277324632,1.0184763047390522,0.0,0.0,-0.004222873900293744
2022-04-19,1.01886822635473,0.00038481171712412277,0.8429853181076673,1.018868226354729,0.0,0.0,-0.00383968719452632
2022-04-20,1.0191561687662476,0.00028261006091812035,0.8287112561174552,1.0191561687662467,0.0,0.0,-0.003558162267840115
2022-04-21,1.0182763447310546,-0.0008632867681683809,0.8148450244698205,1.0182763447310537,0.0,0.0,-0.0044183773216036615
2022-04-22,1.0180203959208167,-0.0002513549603329057,0.816884176182708,1.0180203959208158,0.0,0.0,-0.004668621700880227
2022-04-25,1.0180763847230563,5.499772152295357e-05,0.7775285481239804,1.0180763847230554,0.0,0.0,-0.004613880742913357
2022-04-26,1.0186522695460918,0.0005656597399537056,0.7714110929853181,1.0186522695460907,0.0,0.0,-0.004050830889540835
2022-04-27,1.0183243351329745,-0.00032192969369559954,0.793026101141925,1.0183243351329734,0.0,0.0,-0.004371456500488979
2022-04-28,1.0177804439112188,-0.0005341041188853257,0.7983278955954323,1.0177804439112177,0.0,0.0,-0.004903225806451861
2022-04-29,1.0188282343531305,0.00102948572865591,0.8187194127243066,1.0188282343531294,0.0,0.0,-0.003878787878788037
2022-05-05,1.0188362327534504,7.850587616431426e-06,0.8156606851549756,1.0188362327534493,0.0,0.0,-0.003870967741935738
2022-05-06,1.0180763847230565,-0.0007457999685978045,0.7958809135399674,1.0180763847230554,0.0,0.0,-0.004613880742913246
2022-05-09,1.0187322535492913,0.0006442235927250906,0.7893556280587276,1.0187322535492902,0.0,0.0,-0.003972629521016735
2022-05-10,1.0208278344331145,0.0020570477439210144,0.7985318107667211,1.0208278344331134,0.0,0.0,-0.0019237536656893095
2022-05-11,1.0200519896020805,-0.0007600153570115342,0.8097471451876019,1.0200519896020794,0.0,0.0,-0.002682306940371748
2022-05-12,1.020595880823836,0.0005331995107109577,0.8056688417618271,1.0205958808238351,0.0,0.0,-0.0021505376344090887
2022-05-13,1.0214597080583891,0.0008463949843260377,0.8119902120717782,1.0214597080583883,0.0,0.0,-0.001305962854350473
2022-05-16,1.0213397320535902,-0.00011745544523433793,0.8056688417618271,1.0213397320535893,0.0,0.0,-0.0014232649071362902
2022-05-17,1.0225314937012606,0.001166861143523823,0.8156606851549756,1.0225314937012597,0.0,0.0,-0.0002580645161294193
2022-05-18,1.024115176964608,0.0015487867836860847,0.8128058727569332,1.024115176964607,0.0,0.0,0.0
2022-05-19,1.0232833433313346,-0.0008122461730708519,0.8146411092985318,1.0232833433313338,0.0,0.0,-0.0008122461730708519
2022-05-20,1.022731453709259,-0.0005393321660830397,0.8317699836867862,1.0227314537092582,0.0,0.0,-0.0013511402686660068
2022-05-23,1.0231713657268555,0.0004301344365629234,0.8252446982055465,1.0231713657268546,0.0,0.0,-0.0009215870040611973
2022-05-24,1.0236672665466915,0.00048467034599197767,0.8085236541598695,1.0236672665466906,0.0,0.0,-0.00043736332396127064
2022-05-25,1.0244671065786852,0.0007813476684586096,0.8119902120717782,1.0244671065786843,0.0,0.0,0.0
2022-05-26,1.0263227354529105,0.001811311326941789,0.8140293637846656,1.0263227354529094,0.0,0.0,0.0
2022-05-27,1.0245950809838043,-0.001683344243897933,0.816068515497553,1.0245950809838031,0.0,0.0,-0.001683344243897933
2022-05-30,1.023395320935814,-0.0011709601873535203,0.8207585644371942,1.0233953209358129,0.0,0.0,-0.0028523333021602815
2022-05-31,1.0224435112977415,-0.0009300508010943176,0.8338091353996738,1.0224435112977404,0.0,0.0,-0.003779731288381938
2022-06-01,1.0221555688862238,-0.00028162182882085496,0.8325856443719413,1.0221555688862227,0.0,0.0,-0.004060288662364853
2022-06-02,1.0219876024795052,-0.00016432567784341323,0.8348287112561176,1.021987602479504,0.0,0.0,-0.004223947130521544
2022-06-06,1.0223155368926224,0.0003208790520763394,0.8515497553017946,1.0223155368926213,0.0,0.0,-0.0039044234545966283
2022-06-07,1.0222675464907027,-4.6942847083730754e-05,0.852773246329527,1.0222675464907018,0.0,0.0,-0.003951183016927207
2022-06-08,1.0220275944811046,-0.00023472525409018452,0.8613376835236543,1.0220275944811037,0.0,0.0,-0.004184980828579765
2022-06-09,1.0221955608878233,0.00016434625407923953,0.854404567699837,1.0221955608878224,0.0,0.0,-0.004021322360422963
2022-06-10,1.0218276344731063,-0.00035993740219086856,0.866231647634584,1.0218276344731054,0.0,0.0,-0.00437981233828999
2022-06-13,1.0217796440711866,-4.696526136183099e-05,0.8556280587275693,1.0217796440711857,0.0,0.0,-0.004426571900620568
2022-06-14,1.0212917416516705,-0.000477502583210776,0.863784665579119,1.0212917416516696,0.0,0.0,-0.004901960784314041
2022-06-15,1.0208358328334342,-0.0004464040975197259,0.8737765089722676,1.0208358328334333,0.0,0.0,-0.005346176626453647
2022-06-16,1.0207958408318345,-3.9175742380326284e-05,0.8682707993474714,1.0207958408318336,0.0,0.0,-0.005385142928395759
2022-06-17,1.021635672865428,0.0008227228207640103,0.8811174551386622,1.021635672865427,0.0,0.0,-0.00456685058761197
2022-06-20,1.0215076984603089,-0.00012526422923353486,0.8853996737357259,1.021507698460308,0.0,0.0,-0.004691542753826661
2022-06-21,1.02137172565487,-0.00013310991747184087,0.8849918433931484,1.0213717256548691,0.0,0.0,-0.004824028180429707
2022-06-22,1.0221315736852639,0.0007439485657454448,0.8747960848287113,1.022131573685263,0.0,0.0,-0.004083668443530253
2022-06-23,1.0221315736852639,0.0,0.8900897226753671,1.022131573685263,0.0,0.0,-0.004083668443530253
2022-06-24,1.0221875624875034,5.4776511831722274e-05,0.8998776508972268,1.0221875624875025,0.0,0.0,-0.004029115620811319
2022-06-27,1.0190392396720667,-0.0030799854458953835,0.9096655791190865,1.0206518696260747,0.4,1.5799999999999998,-0.007096691449234749
2022-06-28,1.0275335455184296,0.008335602316056567,0.9202691680261011,1.0207718456308739,0.4,0.0,0.0
2022-06-29,1.024208188917161,-0.0032362511333785537,0.9090538336052203,1.0215636872625475,0.4,0.0,-0.0032362511333785537
2022-06-30,1.0299709257440244,0.005626528755795279,0.9192495921696574,1.0215956808638271,0.4,0.0,0.0
2022-07-01,1.029564529960796,-0.000394570150545559,0.9161908646003264,1.0230513897220554,0.4,0.0,-0.000394570150545559
2022-07-04,1.0331294128053754,0.0034625152099161394,0.9219004893964111,1.0212837432513497,0.4,0.006177795610492698,0.0
2022-07-05,1.03384899105554,0.0006965034982506779,0.9198613376835237,1.0203399320135973,0.4,0.0,0.0
2022-07-06,1.019813529468719,-0.013575930051922813,0.9078303425774877,1.020635872825435,0.4,0.0,-0.013575930051922813
2022-07-07,1.0227482662802494,0.0028777190405184783,0.9110929853181077,1.0206998600279944,0.4,0.0,-0.010737278723807586
2022-07-08,1.0211395469565807,-0.0015729377176258996,0.9102773246329527,1.020243951209758,0.4,0.0,-0.012293327370744067
2022-07-11,1.0120125732619114,-0.008938027835540652,0.8947797716150081,1.0206038792241552,0.4,0.0033898173219669703,-0.021121477104053654
2022-07-12,1.0112662859192578,-0.0007374289236824483,0.8874388254486134,1.0212117576484703,0.4,0.0,-0.02184333043960862
2022-07-13,1.012326743684399,0.0010486434482261942,0.8888662316476346,1.0218196360727854,0.4,0.0,-0.020817592856735456
2022-07-14,1.0085818867003138,-0.0036992571888950776,0.8890701468189234,1.022611477704459,0.4,0.0,-0.024439840415599656
2022-07-15,0.9968827176536447,-0.011599622401453402,0.8758156606851549,1.0240191961607676,0.4,0.0,-0.035755969896680395
2022-07-18,1.0104059177250948,0.013565487526235431,0.8851957585644372,1.0233073385322935,0.4,0.0055541609717613405,-0.02267552953406693
2022-07-19,1.0105394707939557,0.00013217763922201975,0.8807096247960848,1.0229234153169366,0.4,0.0,-0.02254634909280684
2022-07-20,1.0150600552205966,0.004473436770450201,0.8831566068515498,1.0233313337332532,0.4,0.0,-0.018173771989427823
2022-07-21,1.0050286166958835,-0.009882605933629218,0.8739804241435563,1.0239152169566086,0.4,0.0,-0.02787677369615793
2022-07-22,1.0016551683574744,-0.0033565694372958976,0.8745921696574225,1.0246590681863628,0.4,0.0,-0.03113977280685476
2022-07-25,0.9997103422613871,-0.001941612400679138,0.8709216965742251,1.0248270345930812,0.4,0.005101543940605413,-0.03302092383849786
2022-07-26,1.0084185713910991,0.008710752266515076,0.8768352365415987,1.0258508298340332,0.4,0.0,-0.024597808659151288
2022-07-27,1.0074555560490153,-0.0009549758100502181,0.8719412724306688,1.0259228154369124,0.4,0.0,-0.02552929415695182
2022-07-28,1.0093014687167836,0.0018322522087301785,0.8725530179445351,1.0257148570285943,0.4,0.0,-0.02374381805382797
2022-07-29,1.0021771142617337,-0.007058698194611468,0.8605220228384991,1.0277864427114576,0.4,0.0,-0.030634915802809748
2022-08-01,1.0055467923820272,0.0033623578829933276,0.8641924959216967,1.0293461307738452,0.4,0.00012806265381812287,-0.027375563470460773
2022-08-02,0.9893760424111907,-0.01608154895758729,0.8497145187601958,1.0308098380323936,0.4,0.0,-0.04301687096385631
2022-08-03,0.9809646078622597,-0.008501756853169451,0.8405383360522023,1.0304579084183163,0.4,0.0,-0.05115290883950696
2022-08-04,0.9848431744870167,0.003953829316237334,0.8468597063621532,1.0316736652669467,0.4,0.0,-0.04740132939385011
2022-08-05,0.9929496508118165,0.008231235728492825,0.8601141924959217,1.0301539692061585,0.4,0.0,-0.03956026518144207
2022-08-08,0.9974974496921069,0.004580090114913782,0.8572593800978793,1.030353929214157,0.4,0.0010688299886223995,-0.035161364646029036
2022-08-09,1.0006593751893822,0.003169858226957256,0.8586867862969005,1.0296660667866426,0.4,0.0,-0.032102962960066206
2022-08-10,0.9964171621754181,-0.00423941764715019,0.8495106035889071,1.0300899820035994,0.4,0.0,-0.03620628273951754
2022-08-11,1.0082680955092236,0.011893545980211861,0.8674551386623164,1.0298100379924016,0.4,0.0,-0.024743357847840763
2022-08-12,1.0114883029755222,0.0031938008161134235,0.8676590538336052,1.0298340331933613,0.4,0.0,-0.02162858238821508
2022-08-15,1.0129656142228178,0.0014605322107530405,0.8656199021207178,1.0334333133373326,0.4,0.0023993331555550723,-0.020199639418712945
2022-08-16,1.0144588506781194,0.0014741235381885431,0.8635807504078304,1.034865026994601,0.4,0.0,-0.018755292644454413
2022-08-17,1.0185395234554133,0.004022511878688961,0.8719412724306688,1.035104979004199,0.4,0.0,-0.014808224153216032
2022-08-18,1.0131196954897463,-0.005321175900253827,0.8643964110929853,1.0357928414317137,0.4,0.0,-0.020050602887980218
2022-08-19,1.012771119263008,-0.00034406223498584243,0.8582789559543229,1.0365046990601878,0.4,0.0,-0.020387766467723556
2022-08-22,1.0193205107836643,0.006466803205666283,0.863784665579119,1.0365526894621075,0.4,0.0014715036547640892,-0.014052806935607065
2022-08-23,1.019698194136377,0.00037052462764863847,0.8609298531810767,1.0358328334333133,0.4,0.0,-0.013687489219015747
2022-08-24,1.0055002119044214,-0.013923710283688773,0.8452283849918433,1.0355928814237152,0.4,0.0,-0.027420618868307822
2022-08-25,1.016325159917372,0.01076573419357918,0.8525693311582382,1.0349210157968405,0.4,0.0,-0.01695008776888829
2022-08-26,1.014110110943244,-0.0021794687974742155,0.8513458401305057,1.0344491101779643,0.4,0.0,-0.01909261437895582
2022-08-29,1.0153609727086557,0.0012334575426411476,0.8462479608482872,1.0345130973805239,0.4,0.4067193864622759,-0.017882706765529055
2022-08-30,0.9620338636313013,-0.052520345483729636,0.8444127243066885,1.0354409118176364,0.4,0.0,-0.06946384631174884
2022-08-31,0.9516832641001429,-0.010759080238702756,0.8444127243066885,1.035856828634273,0.4,0.0,-0.07947555945429463
2022-09-01,0.9536285680027161,0.002044066525024535,0.8374796084828712,1.0359608078384321,0.4,0.0,-0.07759394625990812
2022-09-02,0.954186034504284,0.000584574036760932,0.83278955954323,1.0371925614877024,0.4,0.0,-0.07705473162954068
2022-09-05,0.9620613468772955,0.008253434957369521,0.8323817292006526,1.037624475104979,0.0,0.8014260551596144,-0.06943726288783303
2022-09-06,0.9672540866036831,0.005397514143191007,0.8382952691680261,1.0372725454909018,0.0,0.0,-0.06441453735314362
2022-09-07,0.9672397096055717,-1.4863724341340756e-05,0.8399265905383361,1.0373205358928215,0.0,0.0,-0.06442844363755817
2022-09-08,0.9666990255685806,-0.000558996939043821,0.8362561174551387,1.0369366126774644,0.0,0.0,-0.06495142527382125
2022-09-09,0.9711808743597684,0.0046362401043611445,0.8480831973898858,1.0360487902419517,0.0,0.0,-0.06061631557215008
2022-09-13,0.9682375819064742,-0.003030632636000452,0.8509380097879282,1.0352009598080383,0.0,0.005199284093572287,-0.06346324242390344
2022-09-14,0.9642082747294209,-0.004161486036432849,0.8415579119086459,1.0342971405718855,0.0,0.0,-0.06736062706316248
2022-09-15,0.9668866938610446,0.002777842922345064,0.8340130505709624,1.0342571485702858,0.0,0.0,-0.06476990138194949
2022-09-16,0.9548841224943746,-0.012413627618289458,0.8156606851549756,1.0333373325334934,0.0,0.0,-0.07637949956361012
2022-09-19,0.9547214213786575,-0.00017038833496585415,0.8134176182707994,1.0334573085382923,0.0,0.006966839304338945,-0.07653687372281981
2022-09-20,0.9540860263861162,-0.0006655292091631848,0.8138254486133769,1.034609078184363,0.0,0.0,-0.0771514654069424
2022-09-21,0.9578526472460204,0.003947883896980864,0.8077079934747146,1.0348170365926812,0.0,0.0,-0.07350816653787007
2022-09-22,0.9576937959795544,-0.00016584102672023704,0.8017944535073409,1.0347930413917217,0.0,0.0,-0.07366181689477935
2022-09-23,0.9538933977050611,-0.003968281188045264,0.8001631321370309,1.0337772445510898,0.0,0.0,-0.07733778728056384
2022-09-26,0.9464919760855697,-0.007759170613087618,0.7950652528548124,1.031361727654469,0.0,0.0010710194892885883,-0.08449688080730289
2022-09-27,0.9490527599797822,0.002705552671247391,0.8052610114192496,1.031377724455109,0.0,0.0,-0.0820199388976357
2022-09-28,0.9464551023477087,-0.0027371056084688483,0.7938417618270799,1.0310337932413516,0.0,0.0,-0.08453254727134163
2022-09-29,0.9433739614366216,-0.003255453854540291,0.7940456769983687,1.0292661467706459,0.0,0.0,-0.08751280931903327
2022-09-30,0.9460211418496269,0.0028060774636753383,0.7887438825448613,1.0300339932013598,0.0,0.0,-0.08495229957737105
2022-10-10,0.9488351092535044,0.00297452908755913,0.7726345840130506,1.0317136572685464,0.0,0.00216398419111552,-0.08223046357595998
2022-10-11,0.9480883624443385,-0.0007870143103720917,0.7720228384991844,1.0330653869226154,0.0,0.0,-0.08295276133474927
2022-10-12,0.9514231451850622,0.003517375460791561,0.7846655791190864,1.032361527694461,0.0,0.0,-0.07972716188108142
2022-10-13,0.9492046258542752,-0.002331790373205078,0.7779363784665579,1.0330573885222953,0.0,0.0,-0.08187304522572925
2022-10-14,0.9527297692600795,0.0037137865848806406,0.7958809135399674,1.0353929214157167,0.0,0.0,-0.07846331765787118
2022-10-17,0.9504498617905495,-0.0023930263786138273,0.7956769983686787,1.0339132173565286,0.0,0.00797218381271475,-0.0806685792475762
2022-10-18,0.9496089623776967,-0.0008847383188300695,0.7942495921696574,1.0337612477504499,0.0,0.0,-0.08148194698322031
2022-10-19,0.9487112135153365,-0.0009453879416979616,0.7822185970636215,1.0345050989802038,0.0,0.0,-0.08235030287477418
2022-10-20,0.945363747470418,-0.0035284352047604273,0.7797716150081566,1.0337852429514096,0.0,0.0,-0.0855881703717486
2022-10-21,0.9469097562852231,0.0016353586848891766,0.7752854812398042,1.0339052189562088,0.0,0.0,-0.08409277904460066
2022-10-24,0.9401341749368699,-0.007155466826040735,0.7553017944535074,1.0347930413917217,0.0,0.0015985982195449722,-0.09064652277987817
2022-10-25,0.9366789230223914,-0.0036752753028156393,0.7520391517128875,1.0341691661667667,0.0,0.0,-0.0939886471562349
2022-10-26,0.9342584996864578,-0.002584048040841558,0.7577487765089723,1.0342171565686862,0.0,0.0,-0.09632982401753099
2022-10-27,0.9362284262755102,0.002108545536073203,0.7524469820554649,1.0349450109978005,0.0,0.0,-0.09442439430188065
2022-10-28,0.9307301035308014,-0.005872843197660682,0.734910277324633,1.0363927214557087,0.0,0.0,-0.09974269783777234
2022-10-31,0.9222201802067128,-0.009143277188312204,0.726957585644372,1.0371365726854629,0.0,0.004844387250835164,-0.10797399989224377
2022-11-01,0.9248359289445107,0.0028363603333985132,0.7550978792822186,1.0360887822435514,0.0,0.0,-0.10544389272917798
2022-11-02,0.9290284460554592,0.0045332550128467375,0.7620309951060359,1.0351529694061186,0.0,0.0,-0.10138864177161988
2022-11-03,0.9269343677735765,-0.0022540518439170265,0.7559135399673735,1.0360887822435514,0.0,0.0,-0.1034141583605993
2022-11-04,0.9317989129435466,0.0052479931040363414,0.7818107667210441,1.0350969806038792,0.0,0.0,-0.09870888204649908
2022-11-07,0.9349993004624528,0.0034346332394790124,0.7818107667210441,1.0350889822035594,0.0,0.0007291337158060185,-0.0956132776143288
2022-11-08,0.9346640775263578,-0.0003585274726186638,0.7771207177814029,1.0353209358128375,0.0,0.0,-0.09593752510017561
2022-11-09,0.9350746373885783,0.00043925927195909154,0.7689641109298532,1.035872825434913,0.0,0.0,-0.09554040727564561
2022-11-10,0.9351131611488496,4.1198593920599436e-05,0.7646818923327896,1.035144971005799,0.0,0.0,-0.09550314481216737
2022-11-11,0.9432163126535513,0.008665423438962705,0.7846655791190864,1.033129374125175,0.0,0.0,-0.08766529656275468
2022-11-14,0.9396255456946087,-0.0038069389924361152,0.7850734094616639,1.030361927614477,0.0,0.0061116936213155,-0.09113849911942262
2022-11-15,0.9409737302644812,0.0014348104689680952,0.8003670473083198,1.029234153169366,0.0,0.0,-0.08983445512311705
2022-11-16,0.9388521903076027,-0.002254621875875551,0.7944535073409461,1.0276424715056989,0.0,0.0,-0.0918865342712647
2022-11-17,0.937796600278843,-0.00112434101944614,0.7909869494290376,1.0289142171565686,0.0,0.0,-0.09290756349109486
2022-11-18,0.9359932727188938,-0.0019229410294440141,0.7883360522022839,1.028354329134173,0.0,0.0,-0.09465184875475618
2022-11-21,0.93501183304112,-0.0010485542005262971,0.7816068515497554,1.0302659468106379,0.0,0.0012333217773073946,-0.09560115536168301
2022-11-22,0.9384851601076427,0.0037147412939424473,0.7811990212071778,1.0306978604279144,0.0,0.0,-0.09224154762731118
2022-11-23,0.9422646851141299,0.004027261343219957,0.7818107667210441,1.0324575084983003,0.0,0.0,-0.08858576710308952
2022-11-24,0.9444351457443844,0.002303451105133636,0.7781402936378466,1.0337372525494901,0.0,0.0,-0.08648636898108863
2022-11-25,0.9508880302021857,0.006832533167447252,0.7824225122349103,1.0317936412717457,0.0,0.0,-0.08024475679823673
2022-11-28,0.9467212422881397,-0.004381996388323484,0.7732463295269167,1.0298980203959207,0.0,0.011197622600780027,-0.08427512095208844
2022-11-29,0.9558193287389611,0.009610100676342936,0.7969004893964111,1.027106578684263,0.0,0.0,-0.07547491267260609
2022-11-30,0.954981652618181,-0.0008763958790050097,0.7975122349102773,1.0278584283143373,0.0,0.0,-0.07628516264917651
2022-12-01,0.9527262771194046,-0.0023616951096318006,0.8066884176182708,1.0284503099380122,0.0,0.0,-0.07846669546324225
2022-12-02,0.9500895232505595,-0.002767588059833348,0.8019983686786296,1.0287622475504898,0.0,0.0,-0.08101712003361694
2022-12-05,0.9564023645258818,0.006644469937658215,0.8164763458401304,1.0283063387322535,0.0,0.0009596251987209481,-0.07491096591445778
2022-12-06,0.9539928756302882,-0.0025193255317682572,0.8211663947797716,1.0272425514897021,0.0,0.0,-0.07724156633718837
2022-12-07,0.951646951307391,-0.0024590585347373795,0.8187194127243066,1.0266346730653868,0.0,0.0,-0.0795106833389877
2022-12-08,0.9544956658136691,0.0029934572925016667,0.8205546492659054,1.028122375524895,0.0,0.0,-0.07675523788135896
2022-12-09,0.9536061502254181,-0.0009319220821110141,0.8274877650897227,1.0272425514897021,0.0,0.0,-0.0776156300623706
2022-12-12,0.9454315976036552,-0.008572252412414105,0.8189233278955954,1.0274105178964206,0.4,0.8025043854384517,-0.08552254170274154
2022-12-13,0.9454758420135239,4.6798107849133075e-05,0.8166802610114192,1.0250349930013998,0.4,0.0,-0.08547974588802254
2022-12-14,0.9456027960540605,0.00013427528752751883,0.8187194127243066,1.0271545690861825,0.4,0.0,-0.08535694841795205
2022-12-15,0.9418010367595795,-0.004020461139016884,0.8183115823817292,1.0278024395120975,0.4,0.0,-0.08903423526290943
2022-12-16,0.9448322305335441,0.003218507578197194,0.8191272430668842,1.0275464907018594,0.4,0.0,-0.0861022850456249
2022-12-19,0.9345995266720779,-0.010830180777901544,0.807300163132137,1.0290501899620077,0.4,0.002613014709262701,-0.09599996251109189
2022-12-20,0.924766027217771,-0.01052161826929443,0.7944535073409461,1.029146170765847,0.4,0.0,-0.10551150582097812
2022-12-21,0.9245692715609692,-0.00021276263509995008,0.7938417618270799,1.028586282743451,0.4,0.0,-0.10570181955006619
2022-12-22,0.9231182597156334,-0.0015693922456302412,0.7954730831973899,1.0289142171565686,0.4,0.0,-0.10710532417974561
2022-12-23,0.920509036535518,-0.0028265318691879093,0.7934339314845025,1.0292181563687262,0.4,0.0,-0.10962911943677967
2022-12-26,0.9200912111649155,-0.000453906864592013,0.7952691680261011,1.0288102379524096,0.0,0.8018213687749802,-0.11003326489150012
2022-12-27,0.9241244511644299,0.0043835219275791815,0.8048531810766721,1.0289222155568885,0.0,0.0,-0.10613207619333598
2022-12-28,0.9251074910564576,0.0010637527129480073,0.8022022838499184,1.0304019196160767,0.0,0.0,-0.10518122176436939
2022-12-29,0.9226936629592579,-0.0026092406780137134,0.7997553017944535,1.0309698060387922,0.0,0.0,-0.10751601931999233
2022-12-30,0.9253658588244742,0.002896081302483422,0.8030179445350735,1.032625474905019,0.0,0.0,-0.10493131315077897
2023-01-03,0.9269032944728407,0.0016614354568036394,0.8052610114192496,1.0323295340931813,0.0,0.000905909391948817,-0.10344421429817308
2023-01-04,0.9302960103428545,0.003660269512736347,0.8062805872756934,1.0340971805638872,0.0,0.0,-0.10016257848930132
2023-01-05,0.9301086353216202,-0.00020141440912468944,0.8215742251223491,1.0335612877424516,0.0,0.0,-0.10034381871186315
2023-01-06,0.9288436260823941,-0.0013600661161357053,0.8248368678629691,1.0314497100579882,0.0,0.0,-0.10156741060020513
2023-01-09,0.9280250845191232,-0.0008812479735941237,0.8299347471451877,1.0314737052589482,0.4,0.80335216764955,-0.10235915249902461
2023-01-10,0.9261560993169476,-0.002013938236533841,0.83115823817292,1.030873825234953,0.4,0.0,-0.10416694572448137
2023-01-11,0.9282278887596392,0.002236976514239375,0.83115823817292,1.0297940411917617,0.4,0.0,-0.1021629882213877
2023-01-12,0.9275658841977081,-0.0007131918464717835,0.8323817292006526,1.0300739852029592,0.4,0.0,-0.10280331825764888
2023-01-13,0.9361278146190494,0.009230536145415469,0.8450244698205547,1.0302979404119175,0.4,0.0,-0.0945217118572792
2023-01-16,0.9276311837931801,-0.009076357622518572,0.8448205546492659,1.0294741051789642,0.75,0.8,-0.10274015661988845
2023-01-17,0.9256433750268193,-0.0021428869588369093,0.844004893964111,1.0295460907818434,0.75,0.0,-0.10466288303695581
2023-01-18,0.9225308197547237,-0.0033625858036366862,0.8421696574225123,1.0293941211757647,0.75,0.0,-0.10767353091592469
2023-01-19,0.9292152164665516,0.007245716423441628,0.8478792822185971,1.029626074785043,0.75,0.0,-0.10120798636381056
2023-01-20,0.9310449432416417,0.001969109784973,0.8525693311582382,1.030625874825035,0.75,0.0,-0.09943816621510393
2023-01-30,0.9320017142785195,0.001027631419753705,0.8574632952691681,1.030625874825035,0.75,0.38365663714368575,-0.09851272057927563
2023-01-31,0.9240846611887663,-0.008494676531664913,0.8480831973898858,1.030497900419916,0.75,0.0,-0.10617056341536535
2023-02-01,0.9322521188889383,0.008838430117068752,0.854404567699837,1.0308898220355929,0.75,0.0,-0.09827051440353307
2023-02-02,0.9318258254592203,-0.0004572726852324349,0.8523654159869494,1.0315696860627874,0.75,0.0,-0.09868285066676508
2023-02-03,0.9251862997423828,-0.007125286223490845,0.8435970636215334,1.0319376124775044,0.75,0.0,-0.10510499333390522
2023-02-06,0.9139842284536411,-0.012107908744283025,0.831973898858075,1.0314417116576684,0.75,0.23004781446357184,-0.11594030041033287
2023-02-07,0.9160093059592836,0.002215659135681891,0.8340130505709624,1.0315936812637472,0.75,0.0,-0.11398152546044882
2023-02-08,0.9108658500019526,-0.005615069545548468,0.8305464926590539,1.0319376124775044,0.75,0.0,-0.11895658081362914
2023-02-09,0.9226337379991011,0.012919452405777632,0.8415579119086459,1.0320175964807037,0.75,0.0,-0.10757398229202719
2023-02-10,0.9199950304068657,-0.0028599730137311985,0.8366639477977161,1.0324255148970205,0.75,0.0,-0.11012629661942364
2023-02-13,0.9279213009481646,0.008615557996866086,0.8431892332789559,1.0325054989002198,0.7500000000000001,0.21939827700928982,-0.1024595381180623
2023-02-14,0.9277152293942967,-0.0002220786974684863,0.8450244698205547,1.0325374925014996,0.7500000000000001,0.0,-0.10265886273476232
2023-02-15,0.925996419345534,-0.0018527345399783623,0.8393148450244697,1.0325854829034191,0.7500000000000001,0.0,-0.10432139765391713
2023-02-16,0.9204514455142123,-0.005988115845243391,0.8334013050570962,1.03248950209958,0.7500000000000001,0.0,-0.10968482488487119
2023-02-17,0.9098572274237363,-0.01150980656514422,0.8215742251223491,1.032609478104379,0.7500000000000001,0.0,-0.1199321803324589
2023-02-20,0.9269177445010831,0.01875076282644228,0.8429853181076673,1.031857628474305,0.4,0.8,-0.1034302373746886
2023-02-21,0.9322983397351062,0.005804824932895469,0.844004893964111,1.0315296940611878,0.4,0.0,-0.09822580686252103
2023-02-22,0.9310371213159583,-0.001352805604594609,0.8358482871125612,1.031729654069186,0.4,0.0,-0.09944573204507623
2023-02-23,0.9304846044143649,-0.0005934423976698966,0.8358482871125612,1.0317136572685464,0.4,0.0,-0.09998015912908331
2023-02-24,0.9280601499661854,-0.002605582549864316,0.8278955954323001,1.031737652469506,0.4,0.0,-0.10232523512098823
2023-02-27,0.9257949689608735,-0.0024407696046364613,0.8248368678629691,1.0315696860627874,0.4,0.0005748726040913366,-0.10451625240195406
2023-02-28,0.9294470589101436,0.0039448150743022214,0.8301386623164763,1.0314257148570287,0.4,0.0,-0.1009837346156367
2023-03-01,0.9349330402272223,0.005902413983117638,0.8401305057096249,1.031497700459908,0.4,0.0,-0.09567736843978181
2023-03-02,0.937125003181206,0.0023445133070181257,0.8391109298531811,1.0317216556688662,0.4,0.0,-0.09355717199625124
2023-03-03,0.9398281746274093,0.0028845366808345485,0.8409461663947797,1.0315856828634271,0.4,0.0,-0.09094250440979512
2023-03-06,0.9373145653031247,-0.002674541359947047,0.8358482871125612,1.0322975404919015,0.75,0.8,-0.09337381628032104
2023-03-07,0.9241465789230826,-0.014048630915901361,0.8242251223491027,1.0330973805238952,0.75,0.0,-0.10611067291409093
2023-03-08,0.9226755964580426,-0.0015917198619661566,0.8209624796084829,1.0336492701459707,0.75,0.0,-0.10753349431041315
2023-03-09,0.9221741661584338,-0.000543452434998537,0.8189233278955954,1.0338012397520495,0.75,0.0,-0.10801850740608476
2023-03-10,0.9099260805256947,-0.013281748808646299,0.8077079934747146,1.0341931613677264,0.75,0.0,-0.11986558153267857
2023-03-13,0.9185617951823941,0.009490567246638548,0.8166802610114192,1.0341531693661266,0.4,1.1500000000000001,-0.11151260664813323
2023-03-14,0.9139069257880317,-0.005067562594891273,0.8115823817292006,1.034497100579884,0.4,0.0,-0.11601507212871554
2023-03-15,0.9201651742236472,0.006847796267895889,0.8113784665579119,1.0342491501699658,0.4,0.0,-0.10996172343876232
2023-03-16,0.9130066589891991,-0.007779598092796602,0.8019983686786296,1.0347210557888422,0.4,0.0,-0.1168858635176141
2023-03-17,0.9193500522827691,0.006947806164516734,0.8062805872756934,1.0352809438112378,0.4,0.0,-0.1107501576761899
2023-03-20,0.916316686202734,-0.0032994680018815226,0.8017944535073409,1.0359608078384321,0.4,0.009602778436306164,-0.11368420907661547
2023-03-21,0.9191912471370873,0.003137082383892542,0.810562805872757,1.0354649070185962,0.4,0.0,-0.11090376342234398
2023-03-22,0.9230618745969718,0.004210905480159788,0.8142332789559543,1.0354169166166767,0.4,0.0,-0.10715986320734971
2023-03-23,0.9251976350672203,0.002313778229851682,0.8219820554649265,1.0352089582083581,0.4,0.0,-0.10509402913610111
2023-03-24,0.9230469110130067,-0.0023246104104636123,0.8209624796084829,1.0347770445910816,0.4,0.0,-0.10717433687235733
2023-03-27,0.9197907864672614,-0.003527582950439534,0.8166802610114192,1.034857028594281,0.4,0.40040131468661533,-0.11032385345932127
2023-03-28,0.9199302758967759,0.0001516534320269436,0.8150489396411092,1.0350489902019597,0.4,0.0,-0.11018893101830596
2023-03-29,0.9180308586163287,-0.002064740481114824,0.8150489396411092,1.0352729454109177,0.4,0.0,-0.11202615995297649
2023-03-30,0.9221000167763668,0.00443248516304906,0.8238172920065253,1.0355528894221155,0.4,0.0,-0.10809022908179233
2023-03-31,0.9252146003495682,0.003377706882697895,0.8258564437194127,1.0356328734253148,0.4,0.0,-0.1050776193098164
2023-04-03,0.9315977593338469,0.006899111818887249,0.831973898858075,1.0355528894221155,0.4,0.0015074486379182683,-0.09890344973621001
2023-04-04,0.9347395100890742,0.003372432709020101,0.8360522022838499,1.0359048190361928,0.4,0.0,-0.09586456225611528
2023-04-06,0.9319458206356206,-0.002988735817091359,0.833605220228385,1.0362247550489903,0.4,0.0,-0.09856678422240195
2023-04-07,0.93416132666672,0.002377290591408343,0.8395187601957586,1.036488702259548,0.4,0.0,-0.09642381551975088
2023-04-10,0.9312683599185223,-0.00309685989519648,0.8364600326264274,1.037368526294741,0.75,0.8,-0.0992220643677224
2023-04-11,0.9324659728794984,0.0012860019866678396,0.8344208809135399,1.037728454309138,0.75,0.0,-0.09806366215295281
2023-04-12,0.942388163910354,0.010640807621339121,0.833605220228385,1.037992401519696,0.75,0.0,-0.08846633109522717
2023-04-13,0.9265080670436836,-0.016850908654006624,0.8285073409461664,1.0377604479104179,0.75,0.0,-0.10382650168499297
2023-04-14,0.9406062217684378,0.015216440337900927,0.83278955954323,1.0374805038992203,0.75,0.0,-0.09018993111547469
2023-04-17,0.9417143089195139,0.0011780563698513546,0.8452283849918433,1.0372565486902618,0.7500000000000001,0.2323132532143442,-0.08911812356847038
2023-04-18,0.934876667236059,-0.007260845055333309,0.8466557911908646,1.0376804639072184,0.7500000000000001,0.0,-0.09573189573695107
2023-04-19,0.9327941203858973,-0.002227616671960364,0.8399265905383361,1.0382883423315337,0.7500000000000001,0.0,-0.0977462584419293
2023-04-20,0.9417531303278551,0.009604488006690559,0.8366639477977161,1.0381283743251348,0.7500000000000001,0.0,-0.08908057320214313
2023-04-21,0.9126729251935952,-0.030878798485263426,0.8217781402936379,1.038600279944011,0.7500000000000001,0.0,-0.1172086706185459
2023-04-24,0.8979917921969163,-0.016085864488162405,0.8113784665579119,1.038864227154569,0.4,1.1500000000000001,-0.13140913231430063
2023-04-25,0.8950157938061228,-0.003314059679223491,0.8075040783034257,1.0389442111577685,0.4,0.0,-0.13428769428663956
2023-04-26,0.8972539778721436,0.0025007201900903997,0.8056688417618271,1.0389522095580883,0.4,0.0,-0.13212279004493255
2023-04-27,0.899878848976892,0.002925449392794377,0.8128058727569332,1.0404159168166367,0.4,0.0,-0.12958385918804938
2023-04-28,0.9110126132425086,0.012372514676031177,0.8207585644371942,1.040871825634873,0.4,0.0,-0.11881462271159904
2023-05-04,0.9206293552891894,0.01055610197585799,0.8207585644371942,1.041767646470706,0.4,2.7755575615628914e-17,-0.10951274000930777
2023-05-05,0.9185806119159324,-0.002225372633934186,0.8174959216965743,1.043623275344931,0.4,0.0,-0.11149440598855809
2023-05-08,0.9301398781827558,0.012583834360180512,0.8266721044045677,1.043111377724455,0.0,0.8,-0.10031359876542434
2023-05-09,0.9259113075594652,-0.004546166358926684,0.8195350734094617,1.043495300939812,0.0,0.0,-0.10440372281630073
2023-05-10,0.9183546033801012,-0.008161369364072302,0.8132137030995106,1.0448550289942011,0.0,0.0,-0.11171301483548501
2023-05-11,0.9198776408213053,0.0016584415601537117,0.8121941272430669,1.0462787442511499,0.0,0.0,-0.11023984278194454
2023-05-12,0.9159000226979678,-0.004324073058005973,0.8017944535073409,1.0457108578284344,0.0,0.0,-0.11408723070585824
2023-05-15,0.9150832575109625,-0.000891762383190331,0.8146411092985318,1.0462707458508298,0.0,2.7755575615628914e-17,-0.11487725438830276
2023-05-16,0.9114900405880518,-0.003926655736970042,0.8111745513866232,1.0457108578284344,0.0,0.0,-0.11835282669528169
2023-05-17,0.9104620203292382,-0.0011278458491443821,0.8056688417618271,1.0456148770245952,0.0,0.0,-0.1193471888001032
2023-05-18,0.9137609288191855,0.0036233345447560517,0.8054649265905384,1.0452949410117975,0.0,0.0,-0.1161562890473462
2023-05-19,0.9088947339262891,-0.005325457391995081,0.8042414355628059,1.0459828034393122,0.0,0.0,-0.12086316107120731
2023-05-22,0.9086074627663954,-0.00031606648071635934,0.8083197389885808,1.0472705458908218,0.0,2.7755575615628914e-17,-0.12114102675795557
2023-05-23,0.9053478776069749,-0.0035874514496019305,0.7966965742251224,1.0498700259948008,0.0,0.0,-0.12429389065550855
2023-05-24,0.9000920008747704,-0.00580536704420942,0.785889070146819,1.049254149170166,0.0,0.0,-0.12937768604310995
2023-05-25,0.8973929677412579,-0.0029986191754725056,0.7840538336052203,1.0479504099180164,0.0,0.0,-0.13198835080833526
2023-05-26,0.9018201547890914,0.004933387275116274,0.7850734094616639,1.0479024195160969,0.0,0.0,-0.1277061131835605
2023-05-29,0.9042610797022722,0.002706664849103646,0.7818107667210441,1.048142371525695,0.0,1.3877787807814457e-16,-0.12534510598202642
2023-05-30,0.9058775078870439,0.0017875680166439256,0.782626427406199,1.048990201959608,0.0,0.0,-0.12378160086787882
2023-05-31,0.9026848447154381,-0.003524387286149455,0.7752854812398042,1.0495340931813637,0.0,0.0,-0.12686973385367029
2023-06-01,0.9036518791620265,0.001071286897359247,0.7769168026101142,1.0503979204159166,0.0,0.0,-0.12593436083985987
2023-06-02,0.9028411686068137,-0.0008971491941835996,0.7877243066884176,1.048974205158968,0.0,0.0,-0.126718528123696
2023-06-05,0.9066386672932831,0.004206164736959561,0.7840538336052203,1.0500219956008798,0.0,1.3877787807814457e-16,-0.12304536239124975
2023-06-06,0.9048204968806814,-0.002005396943889126,0.7765089722675367,1.0504139172165567,0.0,0.0,-0.1248040045414397
2023-06-07,0.9090639370892786,0.004689814414269078,0.7740619902120718,1.0514137172565488,0.0,0.0,-0.12069949774662758
2023-06-08,0.9120168469581741,0.00324829723017106,0.7805872756933115,1.0509338132373525,0.0,0.0,-0.11784326836066994
2023-06-09,0.9116742753200326,-0.00037561985755418803,0.7838499184339315,1.0515496900619876,0.0,0.0,-0.11817462394654876
2023-06-12,0.9084793538954473,-0.0035044549474249065,0.7846655791190864,1.0521415716856628,0.0,0.0,-0.12126494124842413
2023-06-13,0.9083028227336892,-0.0001943149957136514,0.79057911908646,1.0533093381323735,0.0,0.0,-0.1214356926475989
2023-06-14,0.9063390936105351,-0.00216197624184844,0.79057911908646,1.0540691861627673,0.0,0.0,-0.12333512780703082
2023-06-15,0.9058034846731002,-0.0005909586612899975,0.8038336052202284,1.0512857428514297,0.0,0.0,-0.12385320050630189
2023-06-16,0.9043129467442891,-0.0016455422771408657,0.8113784665579119,1.0490541891621674,0.0,0.0,-0.1252949371058505
2023-06-19,0.8995049961511795,-0.005316688885655285,0.8052610114192496,1.049358128374325,0.0,0.0,-0.12994547179196625
2023-06-20,0.8968277864210488,-0.0029763144636061334,0.8038336052202284,1.0495660867826435,0.0,0.0,-0.13253502766839786
2023-06-21,0.8952464861589738,-0.0017632150631565757,0.7926182707993474,1.0506698660267948,0.0,0.0,-0.13406455497437364
2023-06-26,0.8892216109738689,-0.006729850692801409,0.7836460032626428,1.0513017396520694,0.0,0.0,-0.13989217122900055
2023-06-27,0.8956141716616589,0.007188939864820609,0.7889477977161501,1.0506938612277543,0.0,0.0,-0.13370890777070443
2023-06-28,0.8977086219176316,0.002338563102554314,0.79057911908646,1.0508698260347928,0.0,0.0,-0.13168303138634563
2023-06-29,0.896905157801062,-0.0008950165977612556,0.7869086460032626,1.050597880423915,0.0,0.0,-0.13246018948537253
2023-06-30,0.8988586286984863,0.0021780127814334804,0.7915986949429038,1.0520215956808638,0.0,0.0,-0.13057067668966926
2023-07-03,0.903311037953392,0.004953403252469846,0.8007748776508973,1.05250149970006,0.0,0.0,-0.12626404265179125
2023-07-04,0.9015750244778726,-0.0019218335684821897,0.8022022838499184,1.0523255348930214,0.0,0.0,-0.12794321774461292
2023-07-05,0.9018842928461475,0.00034303120636458573,0.7966965742251224,1.0538372325534893,0.0,0.0,-0.12764407505457742
2023-07-06,0.9010841787621566,-0.0008871582422905755,0.7909869494290376,1.0541811637672465,0.0,0.0,-0.12841799280360378
2023-07-07,0.9026506753947875,0.0017384575931438384,0.7887438825448613,1.0542851429714057,0.0,0.0,-0.12690278444514558
2023-07-10,0.9034196650719751,0.0008519238927631179,0.7920065252854812,1.0542211557688461,0.0,0.0,-0.1261589720665094
2023-07-11,0.903535390118065,0.00012809666488799998,0.7973083197389886,1.0543491301739651,0.0,0.0,-0.12604703594518885
2023-07-12,0.902547151473295,-0.0010937464714479983,0.7934339314845025,1.0543251349730054,0.0,0.0,-0.12700291891583537
2023-07-13,0.906404623640863,0.0042739840918795124,0.8062805872756934,1.0541811637672465,0.0,0.0,-0.12327174327902435
2023-07-14,0.9078911795466658,0.0016400577259099158,0.8058727569331158,1.0538532293541292,0.0,0.0,-0.12183385832806559
2023-07-17,0.9059734164997791,-0.0021123269947883605,0.8001631321370309,1.0545890821835633,0.0,0.0003611480437261394,-0.12368883237502826
2023-07-18,0.9055187923572329,-0.0005018073756541952,0.7989396411092986,1.0552449510097979,0.0,0.0,-0.12412857178231074
2023-07-19,0.9081081292852277,0.0028595065611551895,0.7985318107667211,1.0555168966206758,0.0,0.0,-0.12162401168659387
2023-07-20,0.9064714423826061,-0.001802303987642695,0.7928221859706363,1.0554929014197159,0.0,0.0,-0.12320711223298075
2023-07-21,0.9068529240346946,0.0004208424383296272,0.7932300163132138,1.0565566886622675,0.0,0.0,-0.12283812057618282
2023-07-24,0.9072273940315543,0.00041293354957017137,0.7897634584013051,1.0568446310737853,0.0,0.0007161102364241778,-0.12247591100776478
2023-07-25,0.9115169315606669,0.00472818342714576,0.8126019575856444,1.0541971605678864,0.0,0.0,-0.11832681615327045
2023-07-26,0.9117134722880723,0.00021561939290459797,0.8107667210440457,1.0543891221755648,0.0,0.0,-0.1181367103166292
2023-07-27,0.9131025097390562,0.001523546040729018,0.8099510603588908,1.0552849430113977,0.0,0.0,-0.11679315099316778
2023-07-28,0.9187815775650349,0.006219529313966854,0.82952691680261,1.0545570885822835,0.0,0.0,-0.11130002010547346
2023-07-31,0.9191756258352399,0.00042888133570273546,0.83278955954323,1.0536052789442112,0.75,1.4999999999999998,-0.11091887327105743
2023-08-01,0.9159382208715613,-0.003522074424826993,0.8291190864600326,1.054357128574285,0.75,0.0,-0.11405028316910581
2023-08-02,0.9116646625077369,-0.004665771409514741,0.8232055464926591,1.0543971205758846,0.75,0.0,-0.11818392202816308
2023-08-03,0.9196054475916058,0.008710203883548484,0.8305464926590539,1.0548530293941212,0.75,0.0,-0.11050312420123731
2023-08-04,0.9233335818445748,0.004054058469023625,0.8348287112561176,1.0552049590081982,0.75,0.0,-0.10689705185873521
2023-08-07,0.9163087349109391,-0.007608135425554385,0.8285073409461664,1.0556528694261147,0.75,0.3527003184603046,-0.11369190003715579
2023-08-08,0.91459593280067,-0.0018692412775433986,0.8254486133768353,1.0558688262347529,0.75,0.0,-0.11534862372222743
2023-08-09,0.909968122009852,-0.005059951203420177,0.8238172920065253,1.0560687862427514,0.75,0.0,-0.11982491651823157
2023-08-10,0.9114976294344211,0.001680836270605779,0.8248368678629691,1.0556608678264348,0.75,0.0,-0.11834548631343189
2023-08-11,0.8933561389407012,-0.01990294862859554,0.8054649265905384,1.055964807038592,0.75,0.0,-0.13589301080750515
2023-08-14,0.8877471043878962,-0.006278609737272234,0.7999592169657422,1.0564927014597079,0.0,1.5,-0.14131840136389417
2023-08-15,0.8913654266739457,0.00407584802942762,0.7991435562805873,1.0586762647470505,0.0,0.0,-0.13781854566218732
2023-08-16,0.8907094219342431,-0.0007359548845757846,0.793026101141925,1.059244151169766,0.0,0.0,-0.1384530723148979
2023-08-17,0.8902992783567845,-0.0004604684393794134,0.7956769983686787,1.0589082183563285,0.0,0.0,-0.13884978748414123
2023-08-18,0.8902763101340166,-2.579831673032995e-05,0.7854812398042414,1.0594441111777644,0.0,0.0,-0.13887200371007602
2023-08-21,0.8880356995806582,-0.0025167585926454406,0.7748776508972267,1.0604119176164766,0.0,0.0009134682004128258,-0.1410392549941062
2023-08-22,0.8911487394262839,0.0035055345715220287,0.7795676998368679,1.0598200359928014,0.0,0.0,-0.13802813840690775
2023-08-23,0.8909164679782434,-0.00026064273870829435,0.768352365415987,1.0597160567886423,0.0,0.0,-0.13825280511360283
2023-08-24,0.8891254317305134,-0.0020103301623713987,0.773042414355628,1.0594681063787244,0.0,0.0,-0.13998520149182192
2023-08-25,0.8888664744803734,-0.0002912494018262324,0.7716150081566068,1.058964207158568,0.0,0.0,-0.14023568028744915
2023-08-28,0.8926573067474874,0.004264793842438719,0.7824225122349103,1.0576444711057789,0.0,0.0017454893362981172,-0.13656896271079055
2023-08-29,0.8921675375085598,-0.0005486643477015107,0.7869086460032626,1.0563487302539492,0.0,0.0,-0.1370426965376501
2023-08-30,0.8898457139587106,-0.0026024524007375316,0.7867047308319739,1.0583723255348931,0.0,0.0,-0.13928850184377972
2023-08-31,0.8870987480596572,-0.003087013687836815,0.7828303425774877,1.0585802839432112,0.0,0.0,-0.14194553001986643
2023-09-01,0.8890937354438455,0.0022488898654766665,0.7875203915171289,1.0574525094981002,0.0,0.0,-0.14001586001830124
2023-09-04,0.893892163156258,0.00539698742789696,0.799347471451876,1.0548930213957208,0.0,0.012083943043008694,-0.1353745364266291
2023-09-05,0.8912821240276146,-0.0029198590570785887,0.7938417618270799,1.0556528694261147,0.0,0.0,-0.13789912091742462
2023-09-06,0.8899683327481128,-0.0014740464821227928,0.7918026101141925,1.0548530293941212,0.0,0.0,-0.13916989768547117
2023-09-07,0.8886633046377823,-0.0014663758948598726,0.7809951060358891,1.0535652869426115,0.0,0.0,-0.1404321981970751
2023-09-08,0.8872718262231735,-0.001565810591420802,0.7767128874388255,1.0544051189762047,0.0,0.0,-0.1417781185651823
2023-09-11,0.8895768947771598,0.0025979282626367173,0.7824225122349103,1.0544051189762047,0.0,0.00874304327276576,-0.13954851968378967
2023-09-12,0.889020621984405,-0.0006253228877917127,0.7814029363784666,1.0545890821835633,0.0,0.0,-0.14008657968826566
2023-09-13,0.890633364971992,0.0018140670167887674,0.776305057096248,1.0556608678264348,0.0,0.0,-0.13852663911518415
2023-09-14,0.8942120318437231,0.004018114537898132,0.7756933115823818,1.0561967606478704,0.0,0.0,-0.13506514047980078
2023-09-15,0.8942342354934651,2.4830408170917195e-05,0.7722267536704731,1.0556688662267548,0.0,0.0,-0.13504366379419763
2023-09-18,0.8937595892902854,-0.0005307850944867853,0.7748776508972267,1.0545330933813235,0.0,0.004547615238194469,-0.13550276972483766
2023-09-19,0.8958050137867176,0.0022885622945387762,0.7738580750407831,1.0544131173765248,0.0,0.0,-0.13352431395989672
2023-09-20,0.8971255371449505,0.0014741191865523806,0.7701876019575857,1.053997200559888,0.0,0.0,-0.13224702552642376
2023-09-21,0.8950119880598005,-0.0023559122972646174,0.7630505709624796,1.0547730453909216,0.0,0.0,-0.13429137542997405
2023-09-22,0.8963211508997744,0.0014627321839697505,0.7783442088091355,1.0540131973605278,0.0,0.0,-0.13302507556287524
2023-09-25,0.8958609021265193,-0.0005134864582779786,0.7726345840130506,1.0537972405518896,0.0,0.00601203604549716,-0.13347025544624025
2023-09-26,0.8941461782706214,-0.001914051446856968,0.768352365415987,1.0526054789042192,0.0,0.0,-0.13512883795754804
2023-09-27,0.8917435452769711,-0.0026870695777029274,0.7703915171288744,1.050221955608878,0.0,0.0,-0.13745280694570483
2023-09-28,0.8937297778032168,0.002227358456100559,0.7675367047308319,1.0548450309938013,0.0,0.0,-0.13553160516146956
2023-10-09,0.893356676977191,-0.00041746491533811714,0.7654975530179445,1.055732853429314,0.0,0.0,-0.13589249038673334
2023-10-10,0.8889389223563114,-0.004945118489322442,0.7599918433931484,1.0549810037992402,0.0,0.0,-0.14016560440928427
2023-10-11,0.8874387379840771,-0.0016876124270245318,0.7616231647634584,1.0530613877224555,0.0,0.0,-0.14161667162046632
2023-10-12,0.891060980339098,0.004081681585423214,0.7689641109298532,1.0529094181163765,0.0,0.0,-0.1381130241957853
2023-10-13,0.8911005535887244,4.4411382048581416e-05,0.7618270799347472,1.0537812437512497,0.0,0.0,-0.13807474660402008
2023-10-16,0.8929658412976663,0.0020932404333380283,0.7530587275693312,1.0538932213557288,0.0,0.008217994842767168,-0.1362705298130964
2023-10-17,0.8933602006448422,0.0004416287039634703,0.7555057096247961,1.053373325334933,0.0,0.0,-0.13588908208660277
2023-10-18,0.8910320087487225,-0.0026061065787789106,0.7497960848287113,1.0531733653269346,0.0,0.0,-0.13814104723457155
2023-10-19,0.8838673752361228,-0.008040826190588768,0.7340946166394781,1.0512937412517496,0.0,0.0,-0.14507110527456124
2023-10-20,0.8834785301299554,-0.0004399360323301682,0.7304241435562806,1.052109578084383,0.0,0.0,-0.14544721930043114
2023-10-23,0.8787782413808963,-0.005320207100412144,0.7226753670473084,1.0530853829234152,0.0,0.0015616896640627542,-0.14999361707198589
2023-10-24,0.8806896476027684,0.0021750723127469396,0.723694942903752,1.0525894821035793,0.0,0.0,-0.14814479172282102
2023-10-25,0.8846818099027165,0.0045329956027242435,0.7277732463295269,1.0538212357528494,0.0,0.0,-0.14428333580954278
2023-10-26,0.8864534091744103,0.0020025270689001395,0.7304241435562806,1.0550689862027594,0.0,0.0,-0.14256974002619238
2023-10-27,0.8875778494171654,0.001268470774794972,0.7414355628058727,1.0545890821835633,0.0,0.0,-0.14148211479999073
2023-10-30,0.8830047760170666,-0.005152306812412855,0.7446982055464927,1.0559968006398721,0.0,0.006643645459020381,-0.145905462348485
2023-10-31,0.8836514014511859,0.0007323011739936991,0.7430668841761827,1.0563167366526693,0.0,0.0,-0.14528000791586126
2023-11-01,0.8837593826670366,0.00012219888484676922,0.7426590538336052,1.0565326934613075,0.0,0.0,-0.14517556208597227
2023-11-02,0.885059839378259,0.0014715054082909962,0.7391924959216966,1.0573165366926613,0.0,0.0,-0.14391768330244248
2023-11-03,0.8831085578833414,-0.0022046887770756918,0.7449021207177814,1.0572445510897819,0.0,0.0,-0.14580507837831858
2023-11-06,0.8814447134619869,-0.001884076885567021,0.7546900489396411,1.0569486102779444,0.0,0.007241775464582517,-0.14741444728591468
2023-11-07,0.8820622258569162,0.0007005684934042744,0.7524469820554649,1.0572285542891422,0.0,0.0,-0.1468171527097516
2023-11-08,0.8820533521813698,-1.0060146876544884e-05,0.7502039151712887,1.0573325334933015,0.0,0.0,-0.14682573585450787
2023-11-09,0.8839781502374341,0.002182178721167105,0.7508156606851549,1.0573885222955408,0.0,0.0,-0.1449639571298421
2023-11-10,0.8826296231347899,-0.0015255208539736165,0.7453099510603589,1.0574285142971407,0.0,0.0,-0.14626833244413961
2023-11-13,0.8841073596177161,0.0016742430167682176,0.7442903752039152,1.0586922615476904,0.0,0.0020121850542027253,-0.14483897816154034
2023-11-14,0.8836274172010654,-0.0005428553573609829,0.7442903752039152,1.0586042791441712,0.0,0.0,-0.14530320690365162
2023-11-15,0.8854036655345214,0.0020101779311945123,0.7493882544861338,1.0585802839432112,0.0,0.0,-0.14358511427230658
2023-11-16,0.8856608243322226,0.0002904424362710767,0.742047308319739,1.0591881623675266,0.0,0.0,-0.14333637504643704
2023-11-17,0.8847452183767669,-0.001033811059833245,0.7410277324632952,1.0592841431713658,0.0,0.0,-0.14422200337647084
2023-11-20,0.8854050957338188,0.00074583885094337,0.7432707993474714,1.0587242551489702,0.0,0.005382005277990903,-0.1435837308988065
2023-11-21,0.8866698542824988,0.0014284518518969946,0.7442903752039152,1.058236352729454,0.0,0.0,-0.14236038149321406
2023-11-22,0.8848668115869682,-0.0020334994889271707,0.7363376835236543,1.0570285942811437,0.0,0.0,-0.14410439121913132
2023-11-23,0.8864702701408397,0.0018120902862157617,0.7402120717781403,1.0557088582283543,0.0,0.0,-0.14255343110044483
2023-11-24,0.8873570749526071,0.001000377386177309,0.7351141924959217,1.0564767046590682,0.0,0.0,-0.1416956609430623
2023-11-27,0.8855151193391684,-0.0020757772326738255,0.7302202283849919,1.0563247350529894,0.0,0.004185399904292175,-0.1434773095487819
2023-11-28,0.8850998917824734,-0.0004689107476841814,0.7310358890701468,1.0562287542491502,0.0,0.0,-0.1438789422439699
2023-11-29,0.8828829623761035,-0.002504722265760595,0.7255301794453507,1.0558448310337933,0.0,0.0,-0.1460232877195179
2023-11-30,0.8841696500817549,0.0014573706374267914,0.7263458401305057,1.0565966806638671,0.0,0.0,-0.1447787271339941
2023-12-01,0.8872426982749635,0.003475631846133309,0.7234910277324633,1.0573885222955408,0.0,0.0,-0.14180629284253032
2023-12-04,0.8865167857568924,-0.000818166798647546,0.7185970636215334,1.056628674265147,0.0,0.006515664667090221,-0.14250843844053496
2023-12-05,0.8821679514001146,-0.004905529626339611,0.7051386623164764,1.0565166966606678,0.0,0.0,-0.14671488870010108
2023-12-06,0.8813875656677439,-0.0008846226289813686,0.7061582381729201,1.0563727254549091,0.0,0.0,-0.14746972401852987
2023-12-07,0.8815651682137993,0.00020150334878032972,0.7043230016313214,1.0569406118776246,0.0,0.0,-0.14729793631298305
2023-12-08,0.8817220923543442,0.0001780062849612296,0.7057504078303426,1.0574685062987403,0.0,0.0,-0.14714614998644737
2023-12-11,0.8856630347735742,0.004469597000464232,0.7106443719412724,1.0589482103579284,0.0,2.7755575615628914e-17,-0.14333423697659242
2023-12-12,0.8872251784055173,0.0017638126133856513,0.7122756933115824,1.0588522295540892,0.0,0.0,-0.14182323909831607
2023-12-13,0.8855710942777287,-0.0018643340699158184,0.7004486133768353,1.0603079384123175,0.0,0.0,-0.14342316727167503
2023-12-14,0.8853904237327316,-0.0002040158561684713,0.6971859706362153,1.0593161367726454,0.0,0.0,-0.1435979225275783
2023-12-15,0.883944140833296,-0.001633497337071077,0.6957585644371941,1.060251949610078,0.0,0.0,-0.1449968530405915
2023-12-18,0.8840181133588395,8.368461549368433e-05,0.6929037520391518,1.061107778444311,0.0,0.0,-0.14492530243099233
2023-12-19,0.8832915840238533,-0.0008218489236897497,0.6933115823817292,1.0610037992401518,0.0,0.0,-0.14562804465086376
2023-12-20,0.8822733469584592,-0.001152775690169694,0.6869902120717782,1.0602759448110377,0.0,0.0,-0.14661294387135304
2023-12-21,0.8808727196601095,-0.0015875208099374039,0.6933115823817292,1.0606678664267146,0.0,0.0,-0.14796771358188843
2023-12-22,0.8815136763762083,0.0007276382862055897,0.6945350734094617,1.0620835832833433,0.0,0.0,-0.14734774226920733
2023-12-25,0.8816501945359495,0.00015486788622776082,0.6963703099510604,1.0629474105178964,0.0,0.0,-0.14721569381636523
2023-12-26,0.8808168718187731,-0.0009451852019553009,0.6922920065252854,1.0637632473505299,0.0,0.0,-0.14802173292302967
2023-12-27,0.8833239899183418,0.0028463556725382144,0.6943311582381729,1.0647950409918017,0.0,0.0,-0.14559669974965594
2023-12-28,0.8823189372567739,-0.0011378075010289868,0.7114600326264274,1.065746850629874,0.0,0.0,-0.14656884623358468
2023-12-29,0.8844467937147423,0.002411663592514657,0.7134991843393149,1.0666906618676264,0.0,0.0,-0.1445106573913284
2024-01-02,0.8883851097869436,0.004452858103153989,0.7041190864600326,1.0658028394321135,0.0,0.0,-0.14070128473993138
2024-01-03,0.8924841240478897,0.00461400603835993,0.7020799347471453,1.065522895420916,0.0,0.0,-0.13673647527896649
2024-01-04,0.896289410541002,0.004263702166323435,0.6959624796084829,1.0663467306538692,0.0,0.0,-0.13305577671850533
2024-01-05,0.8976421515525856,0.0015092680954102988,0.6924959216965743,1.0674425114977004,0.0,0.0,-0.13174732546180634
2024-01-08,0.8938299766557926,-0.004246875985268073,0.6829119086460033,1.0671705658868227,0.0,0.0,-0.13543468689444738
2024-01-09,0.8965509330485198,0.003044154328888826,0.6845432300163132,1.0673385322935411,0.0,0.0,-0.13280281665395
2024-01-10,0.8946959891538769,-0.0020689777080880045,0.6812805872756934,1.0672025594881023,0.0,0.0,-0.1345970282948098
2024-01-11,0.8917171884318916,-0.00332939988342007,0.6851549755301795,1.0674665066986604,0.0,0.0,-0.13747830084791635
2024-01-12,0.8931701597141258,0.0016294081812970873,0.6829119086460033,1.067122575484903,0.0,0.0,-0.13607290093477165
2024-01-15,0.8950635949708106,0.0021199042938142565,0.6820962479608483,1.0667706458708257,0.0,0.004692561490182129,-0.13424145816792077
2024-01-16,0.8963463642596017,0.0014331599408117235,0.6865823817292006,1.0660427914417117,0.0,0.0,-0.13300068770735152
2024-01-17,0.8922307127066103,-0.004591586151399207,0.6712887438825448,1.0668186362727454,0.0,0.0,-0.13698158974294705
2024-01-18,0.8895217228887323,-0.003036198798470058,0.666394779771615,1.0665866826634671,0.0,0.0,-0.13960188520322703
2024-01-19,0.8880212267085201,-0.001686857264530106,0.6678221859706363,1.0683863227354529,0.0,0.0,-0.14105325401356006
2024-01-22,0.8797355661013253,-0.009330475846738406,0.6537520391517129,1.0688822235552888,0.0,0.010181326909004418,-0.149067635880621
2024-01-23,0.8735345701994297,-0.007048704338937006,0.6582381729200653,1.0682583483303338,0.0,0.0,-0.15506560652773116
2024-01-24,0.8814975149335299,0.009115775157338302,0.6686378466557912,1.0678824235152968,0.0,0.0,-0.14736337457413595
2024-01-25,0.8917168220607896,0.011593120745247099,0.6800570962479608,1.069242151569686,0.0,0.0,-0.1374786552237538
2024-01-26,0.8974480684431172,0.006427204512170714,0.6788336052202284,1.0699860027994401,0.0,0.0,-0.13193505414476447
2024-01-29,0.8985320347111038,0.0012078317465957777,0.672716150081566,1.070353929214157,0.0,0.03221439510409088,-0.13088657774505363
2024-01-30,0.8967061798421613,-0.002032042040136628,0.6612969004893964,1.073121375724855,0.0,0.0,-0.13265265275672278
2024-01-31,0.8959305989930003,-0.0008649219405374442,0.6570146818923328,1.0733853229354127,0.0,0.0,-0.13340284050742035
2024-02-01,0.8918181253301235,-0.004590169894296614,0.6561990212071778,1.0724095180963806,0.0,0.0,-0.13738066869940613
2024-02-02,0.8926112934744873,0.0008893832967009629,0.6500815660685155,1.0723135372925414,0.0,0.0,-0.13661346947473607
2024-02-05,0.8939780642977642,0.0015312049413542805,0.6541598694942904,1.0735772845430913,0.0,0.001291772632262711,-0.13529144775289692
2024-02-06,0.8980510850931509,0.004556063462906268,0.6751631321370309,1.0719696060787842,0.0,0.0,-0.1313517807119413
2024-02-07,0.9023767143003693,0.004816685018280031,0.6810766721044046,1.0714737052589483,0.0,0.0,-0.1271677758479408
2024-02-08,0.9032269982427598,0.0009422715911389101,0.685562805872757,1.0733853229354127,0.0,0.0,-0.12634533083929178
2024-02-19,0.9113314564797075,0.008972781208616443,0.691068515497553,1.0730653869226154,0.0,0.0,-0.1185062186410265
2024-02-20,0.915430533407198,0.004497899088575785,0.6935154975530179,1.0734013197360528,0.0,0.0,-0.11454134856526677
2024-02-21,0.9163164893120813,0.0009678024410937347,0.7033034257748776,1.0740651869626074,0.0,0.0,-0.11368439952092058
2024-02-22,0.9219643395697623,0.006163645774748705,0.708605220228385,1.0745290941811636,0.0,0.0,-0.10822146411493383
2024-02-23,0.9220461961402475,8.878496376918399e-05,0.7092169657422512,1.075856828634273,0.0,0.0,-0.10814228758993505
2024-02-26,0.9135586942183289,-0.00920507232441059,0.7020799347471453,1.0759528094381121,0.0,0.006988706003603101,-0.1163519023357531
2024-02-27,0.9159648634177102,0.0026338419355091958,0.7104404567699837,1.0762567486502699,0.0,0.0,-0.11402451291989202
2024-02-28,0.9141786722491134,-0.0019500651607224917,0.7030995106035889,1.076344731053789,0.0,0.0,-0.11575222285050102
2024-02-29,0.9168820152536633,0.0029571276235300648,0.7143148450244698,1.076752649470106,0.0,0.0,-0.11313738932264727
2024-03-01,0.9162750123791125,-0.0006620294263083304,0.7198205546492659,1.076104779044191,0.0,0.0,-0.11372451846800824
2024-03-04,0.9179599885244605,0.0018389414996409226,0.7192088091353998,1.0761447710457908,0.4,0.8050081370248767,-0.11209470970490476
2024-03-05,0.921383852255652,0.003729861621414532,0.7251223491027733,1.0761847630473906,0.4,0.0,-0.10878294583918224
2024-03-06,0.9206390654440838,-0.0008083349949588037,0.7222675367047308,1.0776244751049788,0.4,0.0,-0.10950334777216453
2024-03-07,0.9190311508290964,-0.0017465200808222114,0.7183931484502447,1.0785522895420916,0.4,0.0,-0.11105861805718531
2024-03-08,0.9239282502281342,0.005328545604379009,0.7204323001631321,1.0781283743251349,0.4,0.0,-0.10632185336388322
2024-03-11,0.9267716628637502,0.0030775253759303123,0.7302202283849919,1.0774485102979403,0.4,0.004182347455261526,-0.10357153618969617
2024-03-12,0.9172947193747263,-0.010225758802054785,0.7312398042414355,1.0764327134573084,0.4,0.0,-0.11273819744391678
2024-03-13,0.9145364298456391,-0.0030069828930960885,0.726957585644372,1.076136772645471,0.4,0.0,-0.11540617850590063
2024-03-14,0.9140627427472523,-0.0005179532306512913,0.7243066884176182,1.0755528894221156,0.4,0.0,-0.11586435673355755
2024-03-15,0.9170102099628954,0.0032245786616182937,0.7261419249592169,1.0762167566486702,0.4,0.0,-0.11301339180430447
2024-03-18,0.9203827669710197,0.0036777747635554636,0.7324632952691681,1.0772005598880223,0.4,0.0022147163885091192,-0.10975125484107051
2024-03-19,0.9165564125216753,-0.004157351252823793,0.7277732463295269,1.0780483903219356,0.4,0.0,-0.1134523315770819
2024-03-20,0.9186047587997832,0.002234828375126785,0.7283849918433932,1.077856428714257,0.4,0.0,-0.11147104969178778
2024-03-21,0.9189981030391134,0.000428197476185721,0.7279771615008156,1.0780483903219356,0.4,0.0,-0.11109058383774784
2024-03-22,0.9140972314570958,-0.005332841891414808,0.7216557911908646,1.0783123375324934,0.4,0.0,-0.11583099720993095
2024-03-25,0.9112402246265924,-0.0031254955514407046,0.7177814029363785,1.0778004399120176,0.4,0.00048773084375089426,-0.11859446349487301
2024-03-26,0.9102290126450318,-0.0011097095521381828,0.7200244698205547,1.0776804639072184,0.4,0.0,-0.11957256763804025
2024-03-27,0.9029667458857829,-0.007978505033744754,0.7122756933115824,1.078112377524495,0.4,0.0,-0.12659706233898704
2024-03-28,0.9060667201884369,0.003433099077877033,0.715742251223491,1.0779844031193762,0.4,0.0,-0.12359858351908803
2024-03-29,0.913307149397752,0.007991055236869604,0.7190048939641109,1.0791681663667265,0.4,0.0,-0.11659521139031825
2024-04-01,0.9194447953939507,0.006720243020374772,0.7308319738988581,1.0788082383523294,0.4,0.40276492301031597,-0.1106585165254983
2024-04-02,0.9209307168925863,0.0016161073574829654,0.7283849918433932,1.0791921615676863,0.4,0.0,-0.10922124521074039
2024-04-03,0.9235737000609888,0.002869904456353156,0.7255301794453507,1.0802879424115175,0.4,0.0,-0.10666479529274597
2024-04-08,0.9218995105501634,-0.001812729737447949,0.7196166394779772,1.0816236752649468,0.4,0.0,-0.108284170583828
2024-04-09,0.9193616970415689,-0.0027528092590916042,0.7183931484502447,1.0826234753049389,0.4,0.0,-0.1107388941755234
2024-04-10,0.9174546067951027,-0.0020743633899509284,0.7130913539967374,1.082735452909418,0.4,0.0,-0.11258354485755295
2024-04-11,0.9217177823019884,0.004646742711094998,0.7124796084828712,1.0829354129174165,0.4,0.0,-0.108459948912914
2024-04-12,0.9180945781074361,-0.003930925782405281,0.7067699836867863,1.0843351329734052,0.4,0.0,-0.11196452668577916
2024-04-15,0.9335053676657951,0.016785623100102454,0.7216557911908646,1.0841831633673267,0.4,0.00013080587254979403,-0.09705829793120557
2024-04-16,0.9304217351458897,-0.003303283116213862,0.7151305057096249,1.083599280143971,0.4,0.0,-0.10004097001057477
2024-04-17,0.9408648696996939,0.011224087055712095,0.7245106035889071,1.083879224155169,0.4,0.0,-0.08993975151139921
2024-04-18,0.9421373664544438,0.0013524755740492722,0.7257340946166395,1.0847270545890821,0.4,0.0,-0.08870891725440522
2024-04-19,0.9408325188761121,-0.0013849865473888334,0.7200244698205547,1.0854309138172364,0.4,0.0,-0.08997104314476323
2024-04-22,0.9313271127835568,-0.010103186169532208,0.7185970636215334,1.0860787842431514,0.4,0.4033344913632882,-0.09916523511553677
2024-04-23,0.922676890089163,-0.00928806063482901,0.7134991843393149,1.0875984803039391,0.4,0.0,-0.10753224303374553
2024-04-24,0.9245888655152324,0.002072204741016881,0.7163539967373572,1.0847270545890821,0.4,0.0,-0.10568286711655539
2024-04-25,0.9276259544496748,0.0032847993824258737,0.7183931484502447,1.085486902619476,0.4,0.0,-0.10274521475076692
2024-04-26,0.9302074438970566,0.00278289911466878,0.7285889070146819,1.0836952609478103,0.4,0.0,-0.10024824520326447
2024-04-29,0.9328087584661683,0.0027964886608664585,0.7373572593800979,1.0792161567686462,0.4,0.018229857543628186,-0.0977320996233807
2024-04-30,0.9326211245188595,-0.0002011494270458547,0.7336867862969004,1.0822795440911819,0.4,0.0,-0.09791359029458335
2024-05-06,0.940593679940394,0.008548546898557108,0.7438825448613378,1.0839832033593282,0.4,0.0,-0.09020206231466554
2024-05-07,0.9410782102223592,0.0005151324023311421,0.7442903752039152,1.0853109378124375,0.4,0.0,-0.08973339591738982
2024-05-08,0.9393951978155076,-0.0017883873928542515,0.7383768352365416,1.085502899420116,0.4,0.0,-0.09136130523626751
2024-05-09,0.9464775624312758,0.007539281265475539,0.7455138662316477,1.0845510897820436,0.4,0.0,-0.08451082254774911
2024-05-10,0.9478459333434627,0.0014457510315109001,0.7459216965742251,1.0843591281743652,0.4,0.0,-0.08318725312511044
2024-05-13,0.9474258839406945,-0.0004431621089373561,0.7453099510603589,1.085510897820436,0.75,0.8,-0.08359354979551625
2024-05-14,0.9469981370294684,-0.0004514832436780525,0.7440864600326265,1.086110777844431,0.75,0.0,-0.08400729195218193
2024-05-15,0.940627136249008,-0.006727574776910328,0.7387846655791191,1.0861027794441112,0.75,0.0,-0.09016970139067826
2024-05-16,0.9424365288113487,0.0019236023421098647,0.7412316476345839,1.0855908818236353,0.75,0.0,-0.08841954969735077
2024-05-17,0.9503991783671752,0.00844900352692135,0.7495921696574226,1.0847990401919616,0.75,0.0,-0.08071760325767119
2024-05-20,0.9593785716574132,0.009448022993522542,0.7512234910277326,1.086094781043791,0.75,0.01889667499198562,-0.07203220203570915
2024-05-21,0.9522906988515448,-0.007387983237548745,0.7487765089722676,1.0855348930213957,0.75,0.0,-0.07888801257205436
2024-05-22,0.9504358050687591,-0.0019478230597260726,0.7504078303425775,1.0859988002399519,0.75,0.0,-0.08068217574175662
2024-05-23,0.9374023294515818,-0.013713157214478522,0.7428629690048939,1.0867506498700261,0.75,0.0,-0.0932889255958822
2024-05-24,0.9287626405325162,-0.00921662838636228,0.7345024469820555,1.0867746450709856,0.75,0.0,-0.10164574462246423
2024-05-27,0.9364157508560195,0.008240114308554869,0.7406199021207178,1.086502699460108,0.4,1.1500000000000001,-0.09424320286857657
2024-05-28,0.9328291324714006,-0.00383015597648817,0.7359298531810767,1.087110577884423,0.4,0.0,-0.0977123926783543
2024-05-29,0.9335321781543409,0.0007536703759214447,0.7361337683523654,1.0876864627074585,0.4,0.0,-0.09703236523815495
2024-05-30,0.9293924821575497,-0.004434443818504108,0.733278955954323,1.088110377924415,0.4,0.0,-0.1010365244844339
2024-05-31,0.9286365382465128,-0.0008133742477471895,0.7304241435562806,1.0879264147170566,0.4,0.0,-0.10176771822508357
2024-06-03,0.9253164807681136,-0.0035751958292189467,0.7314437194127243,1.0890621875624875,0.4,0.005504892227928521,-0.10497907453255506
2024-06-04,0.9295065680368872,0.004528274764214135,0.736541598694943,1.0893181363727256,0.4,0.0,-0.10092617386231728
2024-06-05,0.9234185306827318,-0.006549751839853402,0.7338907014681892,1.089630073985203,0.4,0.0,-0.10681488430922659
2024-06-06,0.9253516755340252,0.0020934655165130156,0.7338907014681892,1.0894221155768846,0.4,0.0,-0.10494503206966532
2024-06-07,0.9260859101738352,0.0007934655107058042,0.7292006525285482,1.0898140371925613,0.4,0.0,-0.10423483682242674
2024-06-11,0.9170330691322013,-0.00977537930572192,0.7241027732463295,1.0898140371925613,0.4,0.005072041824611601,-0.11299128106133938
2024-06-12,0.9207559961662211,0.0040597522154166565,0.7232871125611746,1.0896700659868026,0.4,0.0,-0.10939024544953424
2024-06-13,0.916029899636524,-0.005132843608268822,0.7206362153344209,1.0897740451909617,0.4,0.0,-0.11396160603564054
2024-06-14,0.9189134981291069,0.0031479305355939236,0.7247145187601958,1.0899420115976806,0.4,0.0,-0.11117241871957151
2024-06-17,0.913253858945511,-0.006159055444412198,0.7226753670473084,1.0903979204159167,0.4,0.000838110555687166,-0.11664675707320038
2024-06-18,0.9153404225523457,0.002284757503509427,0.7249184339314846,1.0906938612277544,0.4,0.0,-0.11462850912317402
2024-06-19,0.9150137058643253,-0.0003569346223226688,0.7228792822185971,1.0909098180363925,0.4,0.0,-0.11494452886188544
2024-06-20,0.9129795520690185,-0.0022230856021826506,0.7181892332789559,1.0918296340731852,0.4,0.0,-0.11691208293690558
2024-06-21,0.912546058548606,-0.00047481186126241415,0.7169657422512236,1.09127774445111,0.4,0.0,-0.11733138355446471
2024-06-24,0.9061893875794504,-0.0069658631579273544,0.7134991843393149,1.0919416116776646,0.4,0.00040584497315107604,-0.12347993235042143
2024-06-25,0.9058165388215419,-0.0004114468377349745,0.7092169657422512,1.092277544491102,0.4,0.0,-0.12384057376046709
2024-06-26,0.9094274154962649,0.00398632230696605,0.7134991843393149,1.0930773845230954,0.4,0.0,-0.12034791989518989
2024-06-27,0.9074837487009301,-0.002137242359550151,0.7096247960848288,1.0942051589682062,0.4,0.0,-0.12222794958245631
2024-06-28,0.9118060039894671,0.004762901037869138,0.7110522022838499,1.0949730053989202,0.4,0.0,-0.11804720817251013
2024-07-01,0.9191962703276757,0.0081050862857599,0.7139070146818923,1.0931573685262947,0.0,0.8017255693912388,-0.11089890469478147
2024-07-02,0.9201368631281357,0.001023277433582992,0.7128874388254486,1.0941411717656466,0.0,0.0,-0.10998910760778169
2024-07-03,0.9178283240048252,-0.002508908419843414,0.7116639477977162,1.0958368326334733,0.0,0.0,-0.11222206342945684
2024-07-04,0.9160856514371832,-0.001898691206257408,0.708605220228385,1.095252949410118,0.0,0.0,-0.11390767959073267
2024-07-05,0.9135457134058866,-0.002772598858318376,0.7051386623164764,1.0944051189762047,0.0,0.0,-0.11636445814666418
2024-07-08,0.9110098394791836,-0.0027758588207357215,0.7002446982055466,1.0922695460907819,0.0,0.003716702123879978,-0.11881730565983328
2024-07-09,0.9153150485574484,0.004725754752249456,0.7077895595432301,1.093613277344531,0.0,0.0,-0.11465305235445522
2024-07-10,0.9085007849765736,-0.007444719270828348,0.7061582381729201,1.0943011397720455,0.0,0.0,-0.1212442118369611
2024-07-11,0.9085206974753997,2.1917976467777933e-05,0.7155383360522023,1.094245150969806,0.0,0.0,-0.12122495128827526
2024-07-12,0.9088961934486198,0.0004133048088652558,0.7175774877650898,1.095108978204359,0.0,0.0,-0.12086174933473193
2024-07-15,0.9128828922753046,0.004386308200453604,0.7190048939641109,1.0955248950209957,0.0,0.00029356386871390305,-0.11700557801650635
2024-07-16,0.9114798971783233,-0.0015368839846306992,0.7241027732463295,1.0955168966206759,0.0,0.0,-0.11836263800217106
2024-07-17,0.9098763986163244,-0.0017592253728939689,0.7251223491027733,1.0957728454309137,0.0,0.0,-0.11991363681908895
2024-07-18,0.9106033755670994,0.000798984292680327,0.7294045676998369,1.0954449110177964,0.0,0.0,-0.1192104616387053
2024-07-19,0.9083390063999282,-0.00248666898007166,0.7340946166394781,1.0961807638472305,0.0,0.0,-0.1214006936617199
2024-07-22,0.9046569265444682,-0.0040536405785912555,0.7281810766721044,1.098508298340332,0.75,1.5000000000000002,-0.12496221946221486
2024-07-23,0.8822725943258409,-0.024743448661946332,0.7139070146818923,1.0996680663867224,0.75,0.0,-0.14661367186221508
2024-07-24,0.8767000484624655,-0.006316127123537685,0.70942088091354,1.0996840631873626,0.75,0.0,-0.15200376839622232
2024-07-25,0.8693893046397234,-0.008338933978118912,0.7053425774877651,1.0998440311937612,0.75,0.0,-0.15907515298525987
2024-07-26,0.873316589003074,0.004517290864278545,0.7084013050570963,1.1003159368126374,0.75,0.0,-0.15527645085629527
2024-07-29,0.867262053579382,-0.006932807071263203,0.7043230016313214,1.100131973605279,0.0,1.5000000000000002,-0.16113275625106127
2024-07-30,0.8652021980847394,-0.0023751246651932956,0.6996329526916802,1.1002919416116776,0.0,0.0,-0.16312517053251208
2024-07-31,0.8689974996096597,0.004386606429481743,0.7153344208809136,1.1010677864427114,0.0,0.0,-0.1594541300248986
2024-08-01,0.8701975682477195,0.0013809805420601506,0.710236541598695,1.102875424915017,0.0,0.0,-0.15829335253375398
2024-08-02,0.8701991674970747,1.837800303716719e-06,0.7028955954323002,1.104483103379324,0.0,0.0,-0.15829180564502165
2024-08-05,0.8664683589363648,-0.004287304217310162,0.6949429037520392,1.104891021795641,0.0,0.0007556164760478268,-0.16190046473642417
2024-08-06,0.864106494651018,-0.002725851741714025,0.6949429037520392,1.1032993401319735,0.0,0.0,-0.1641849998143522
2024-08-07,0.8663345280225849,0.0025784245175322074,0.6935154975530179,1.1048270345930813,0.0,0.0,-0.16202991392575228
2024-08-08,0.8665011325636656,0.00019230970911543466,0.6943311582381729,1.103867226554689,0.0,0.0,-0.16186876414225204
2024-08-09,0.8654941813483447,-0.0011620887468913876,0.6918841761827079,1.1023875224955009,0.0,0.0,-0.16284274701986046
2024-08-12,0.8647322672916833,-0.0008803225637801226,0.691068515497553,1.0974125174965008,0.0,0.002355367229393668,-0.1635797154390911
2024-08-13,0.8668327215256301,0.0024290226158962813,0.6920880913539967,1.1006518696260748,0.0,0.0,-0.16154803165149823
2024-08-14,0.8664402887075598,-0.00045272035575627534,0.6871941272430669,1.1016676664667064,0.0,0.0,-0.16192761592489346
2024-08-15,0.8695042040509359,0.0035362106117506897,0.6949429037520392,1.1005798840231953,0.0,0.0,-0.15896401546691186
2024-08-16,0.8703411232273494,0.0009625245887419087,0.6953507340946167,1.1003959208158367,0.0,0.0,-0.15815449765178202
2024-08-19,0.874657966802992,0.004959944394716365,0.6971859706362153,1.100867826434713,0.0,0.003653400582255467,-0.15397899077119281
2024-08-20,0.8711851465183973,-0.003970489512933217,0.6939233278955954,1.1006918616276744,0.0,0.0,-0.15733810831605688
2024-08-21,0.8670048036532151,-0.004798455164081394,0.6908646003262643,1.0995160967806439,0.0,0.0,-0.16138158362178234
2024-08-22,0.868716192439771,0.0019739092325035124,0.6890293637846656,1.1017236552689462,0.0,0.0,-0.1597262269871459
2024-08-23,0.869216067487308,0.0005754181306705242,0.6918841761827079,1.1033313337332533,0.0,0.0,-0.1592427182234274
2024-08-26,0.8684692367670788,-0.0008592003164277218,0.6920880913539967,1.1033473305338932,0.0,0.001608914462955413,-0.15996509714596874
2024-08-27,0.8694786174412784,0.001162252652675555,0.6886215334420881,1.1026274745050988,0.0,0.0,-0.15898876435178655
2024-08-28,0.8679568074267681,-0.0017502558245638955,0.6845432300163132,1.1029874025194961,0.0,0.0,-0.16046074916550357
2024-08-29,0.8607981808410188,-0.00824767606463328,0.6825040783034257,1.1023955208958207,0.0,0.0,-0.16738499694993136
2024-08-30,0.8603575264605913,-0.0005119136985128891,0.6916802610114192,1.1020595880823834,0.0,0.0,-0.16781122397558002
2024-09-02,0.8629347728112201,0.0029955527456491104,0.6794453507340946,1.1046270745850828,0.0,0.00041335224778238366,-0.16531835860266175
2024-09-03,0.8602918066600301,-0.0030627646891315807,0.6818923327895595,1.1060907818436312,0.0,0.0,-0.16787479206059996
2024-09-04,0.8600901999942507,-0.00023434683931500278,0.677610114192496,1.106474705058988,0.0,0.0,-0.16806979797299493
2024-09-05,0.8600438947718743,-5.383763514199558e-05,0.6790375203915171,1.1071625674865027,0.0,0.0,-0.16811458712767524
2024-09-06,0.8575082413979004,-0.0029482836741099305,0.6733278955954323,1.1075224955008998,0.0,0.0,-0.1705672213091769
2024-09-09,0.8519323988132189,-0.006502377837898976,0.6649673735725938,1.108106378724255,0.0,0.0016078330314832079,-0.17596050662736318
2024-09-10,0.8529569112267953,0.0012025747758901417,0.6649673735725938,1.1090501899620075,0.0,0.0,-0.17496953751829591
2024-09-11,0.8461272325100144,-0.00800706181858335,0.6635399673735726,1.1107058588282344,0.0,0.0,-0.18157560743360135
2024-09-12,0.8467709604618358,0.000760793326450182,0.6612969004893964,1.1089862027594481,0.0,0.0,-0.18095295561753277
2024-09-13,0.8465109930713575,-0.000307010280957809,0.6582381729200653,1.1105378924215157,0.0,0.0,-0.18120441148074629
2024-09-18,0.8513082042520449,0.0056670394359343845,0.6602773246329527,1.1108098380323934,0.0,0.0019482531150213644,-0.17656426459063856
2024-09-19,0.8503219999685506,-0.0011584573936541664,0.6657830342577488,1.1093381323735252,0.0,0.0,-0.17751817980652262
2024-09-20,0.8504188876928418,0.00011394239393403005,0.6676182707993474,1.110129974005199,0.0,0.0,-0.17742446425896252
2024-09-23,0.8542140359137778,0.004462681010333647,0.6694535073409461,1.110369926014797,0.0,0.0024274299463624693,-0.1737535720360459
2024-09-24,0.8688805147976725,0.01716955969730183,0.6988172920065253,1.1091541691661666,0.0,0.0,-0.15956728466643644
2024-09-25,0.8753538862251,0.007450243522764355,0.7084013050570963,1.111753649270146,0.0,0.0,-0.15330585627270332
2024-09-26,0.8858545747199049,0.011995935198378271,0.7422512234910278,1.1108978204359126,0.0,0.0,-0.1431489681917043
2024-09-27,0.8829782284808605,-0.0032469733984880067,0.7889477977161501,1.1062587482503499,0.0,0.0,-0.1459311406984528
2024-09-30,0.902377449391029,0.021970214309297686,0.8631729200652528,1.1025314937012596,0.75,1.4999999999999998,-0.12716706482470042
2024-10-08,0.9528864990210172,0.05597330658481581,0.899673735725938,1.102099580083983,0.75,0.0,-0.0783117193468087
2024-10-09,0.8876152049101727,-0.06849849817150666,0.820146818923328,1.1043391321735652,0.75,0.0,-0.14144598235383044
2024-10-10,0.8884227781062536,0.0009098235266966626,0.8331973898858076,1.1069626074785042,0.75,0.0,-0.140664849709636
2024-10-11,0.8611791894589921,-0.030665117237688833,0.8109706362153344,1.1075384923015397,0.75,0.0,-0.16701646283975702
2024-10-14,0.8748662241111087,0.015893364377180363,0.8238172920065253,1.1073625274945011,0.7500000000000001,0.6165149193128758,-0.15377755196347664
2024-10-15,0.8556566050691159,-0.021957207299333592,0.8015905383360522,1.1076504699060188,0.7500000000000001,0.0,-0.17235823367636416
2024-10-16,0.8513515843043973,-0.005031248212442496,0.7964926590538336,1.1078024395120973,0.7500000000000001,0.0,-0.17652230483372267
2024-10-17,0.8472175752179382,-0.004855818868108264,0.7877243066884176,1.1093061387722456,0.7500000000000001,0.0,-0.18052096336337742
2024-10-18,0.8916270763333842,0.052418059320856525,0.8189233278955954,1.1080743851229755,0.7500000000000001,0.0,-0.13756546260876057
2024-10-21,0.9014001194520654,0.010960908857625462,0.8189233278955954,1.1079304139172166,0.75,0.004045001768116299,-0.12811239624874693
2024-10-22,0.9011586758175333,-0.0002678540076951341,0.8238172920065253,1.1063787242551488,0.75,0.0,-0.12834593483767143
2024-10-23,0.897581743240697,-0.003969259435461003,0.8268760195758564,1.105266946610678,0.75,0.0,-0.131805755960275
2024-10-24,0.8934229887870756,-0.004633287703252775,0.8179037520391518,1.1056988602279545,0.75,0.0,-0.13582834967521906
2024-10-25,0.8996699975879706,0.0069922185563817685,0.8238172920065253,1.1056028794241153,0.75,0.0,-0.12978587262591912
2024-10-28,0.901859494242104,0.0024336664110211625,0.8250407830342578,1.1058188362327535,0.75,0.001444297881142781,-0.12766806173373269
2024-10-29,0.8952840987384074,-0.007290931176837434,0.8183115823817292,1.1069146170765847,0.75,0.0,-0.13402817385898924
2024-10-30,0.8889767492239079,-0.007045081581799062,0.8097471451876019,1.1072585482903419,0.75,0.0,-0.14012901602169214
2024-10-31,0.8985313794822357,0.010747896687589575,0.8097471451876019,1.1071705658868227,0.75,0.0,-0.13088721152123728
2024-11-01,0.8880767433219552,-0.01163524880600697,0.8113784665579119,1.1088262347530493,0.75,0.0,-0.1409995550556703
2024-11-04,0.9009428160204233,0.014487568552173702,0.8221859706362153,1.1092981403719255,0.75,0.003467158360606723,-0.1285547272231915
2024-11-05,0.930071584941467,0.03233142925730759,0.8435970636215334,1.1092021595680863,0.75,0.0,-0.10037965603479304
2024-11-06,0.9311274130455285,0.001135211655915569,0.8382952691680261,1.1096100779844031,0.75,0.0,-0.09935839653442491
2024-11-07,0.9610757467251928,0.032163518397239965,0.866231647634584,1.1105698860227953,0.75,0.0,-0.07039059375204015
2024-11-08,0.9531228872874489,-0.008274955917723203,0.8552202283849919,1.110993801239752,0.75,0.0,-0.07808307060944297
2024-11-11,0.97262634745993,0.02046269209628071,0.8595024469820555,1.1112977404519095,0.75,0.01718776915412505,-0.0592181683449754
2024-11-12,0.9582487565521856,-0.014782234663180183,0.8501223491027732,1.1128254349130173,0.75,0.0,-0.07312502614735639
2024-11-13,0.960226417443171,0.0020638282882841086,0.8554241435562807,1.1128174365126973,0.75,0.0,-0.07121211535661676
2024-11-14,0.9389086138268289,-0.02220080933943247,0.8409461663947797,1.112873425314937,0.75,0.0,-0.09183195810035927
2024-11-15,0.9166484113489337,-0.023708593307251058,0.8268760195758564,1.1136572685462909,0.75,0.0,-0.11336334486040045
2024-11-18,0.9083026988035979,-0.00910459500284766,0.8234094616639479,1.1130573885222954,0.75,0.004827884404161251,-0.12143581252012603
2024-11-19,0.9218516847248845,0.01491681786163701,0.8274877650897227,1.1128094381123774,0.75,0.0,-0.10833043055573166
2024-11-20,0.9238581427252626,0.002176551861460041,0.82952691680261,1.1135692861427713,0.75,0.0,-0.10638966549455042
2024-11-21,0.9266724550063311,0.003046260189650596,0.8305464926590539,1.114265146970606,0.75,0.0,-0.10366749590748614
2024-11-22,0.8950220228630689,-0.034154929254961,0.8060766721044046,1.114473105378924,0.75,0.0,-0.134281669173688
2024-11-25,0.8895529477435167,-0.0061105480980873095,0.8015905383360522,1.1153769246150769,0.7499999999999999,0.0005254684511343116,-0.13957168267359799
2024-11-26,0.886186199750402,-0.0037847640229341506,0.7999592169657422,1.1151609678064387,0.7499999999999999,0.0,-0.1428282008133287
2024-11-27,0.9046266689310412,0.02080879750309017,0.8130097879282219,1.1146890621875625,0.7499999999999999,0.0,-0.12499148641869384
2024-11-28,0.9004017027042294,-0.004670397603692367,0.8070962479608483,1.115472905418916,0.7499999999999999,0.0,-0.12907812408373442
2024-11-29,0.9128526389691692,0.013828201598847789,0.8158646003262644,1.1160887822435512,0.7499999999999999,0.0,-0.11703484080671755
2024-12-02,0.9197781517769907,0.00758667118018308,0.8219820554649265,1.1185282943411317,0.75,0.00043330538540541086,-0.11033607448036009
2024-12-03,0.9173521757750205,-0.0026375664580456926,0.8227977161500816,1.1183123375324935,0.75,0.0,-0.11268262220924397
2024-12-04,0.9152409314288213,-0.002301454557967819,0.818515497553018,1.1192801439712057,0.75,0.0,-0.1147247428327246
2024-12-05,0.9158567275582375,0.000672824070985234,0.8170880913539967,1.1195200959808036,0.75,0.0,-0.11412910833025491
2024-12-06,0.9263987447191183,0.011510552735673807,0.8272838499184341,1.1191761647670466,0.75,0.0,-0.10393224471469187
2024-12-09,0.9201582806601556,-0.006736261350240524,0.8266721044045677,1.1192721455708858,0.75,0.0018742394959369718,-0.10996839130181701
2024-12-10,0.9260414283323615,0.006393625744459008,0.8329934747145188,1.1227594481103778,0.75,0.0,-0.10427786229506208
2024-12-11,0.9257127788892371,-0.0003548971277842483,0.8309543230016314,1.1228314337132574,0.75,0.0,-0.10459575150902634
2024-12-12,0.9326705095552998,0.007516079311783219,0.8395187601957586,1.1242791441711657,0.75,0.0,-0.0978658221612605
2024-12-13,0.9173536762243665,-0.016422555633539337,0.8197389885807503,1.1282143571285743,0.75,0.0,-0.11268117088573448
2024-12-16,0.9100983940459793,-0.007908925822642798,0.8148450244698205,1.1290781843631275,0.75,0.20268969133007658,-0.11969890968623353
2024-12-17,0.9052245949985545,-0.005355244091528988,0.8170880913539967,1.12747850429914,0.75,0.0,-0.12441313689890288
2024-12-18,0.9177266562265718,0.013811004801562277,0.8205546492659054,1.1274145170965808,0.75,0.0,-0.11232040252842879
2024-12-19,0.924563185638258,0.007449417934307423,0.8217781402936379,1.1277744451109777,0.75,0.0,-0.10570770621510517
2024-12-20,0.9349164943804785,0.011198054284492498,0.8193311582381729,1.13126974605079,0.75,0.0,-0.09569337256309862
2024-12-23,0.928072977638598,-0.0073199229909997054,0.820146818923328,1.1306618676264746,0.75,0.0010076741419664803,-0.10231282743618753
2024-12-24,0.9382618259143665,0.010978499020295907,0.8297308319738989,1.1297980403919214,0.75,0.0,-0.09245756969166341
2024-12-25,0.9384768339091595,0.00022915564595571425,0.8303425774877651,1.127734453109378,0.75,0.0,-0.09224960121981385
2024-12-26,0.9456586457567986,0.0076526256036857365,0.8305464926590539,1.1277504499100182,0.75,0.0,-0.08530292727635269
2024-12-27,0.9428638182931036,-0.002955429505388074,0.8293230016313214,1.1300779844031195,0.75,0.0,-0.08800624999357232
2024-12-30,0.9461890289999086,0.003526713659269154,0.8331973898858076,1.1277984403119374,0.75,0.0030544087031766504,-0.08478990917825646
2024-12-31,0.9224046628205925,-0.025137013271497533,0.820146818923328,1.129502099580084,0.75,0.0,-0.10779555737745117
2025-01-02,0.8934122477894635,-0.031431340494825766,0.7971044045676998,1.1310617876424716,0.75,0.0,-0.1358387390045167
2025-01-03,0.879873989534405,-0.015153428093867882,0.7889477977161501,1.1340691861627674,0.75,0.0,-0.14893374453451802
2025-01-06,0.8766091723868016,-0.003710550813453395,0.7856851549755303,1.134085182963407,0.75,0.003498052159946516,-0.15209166912103822
2025-01-07,0.8949209595951121,0.02088934018161348,0.7911908646003263,1.132237552489502,0.75,0.0,-0.1343794235544835
2025-01-08,0.8944800722484708,-0.0004926550684886122,0.7899673735725938,1.1325974805038992,0.75,0.0,-0.1348058759188575
2025-01-09,0.8930441381961332,-0.0016053281642464112,0.7883360522022839,1.1301579684063188,0.75,0.0,-0.1361947964137855
2025-01-10,0.8860215305110832,-0.007863673680491234,0.7795676998368679,1.1294461107778444,0.75,0.0,-0.14298747865829775
2025-01-13,0.8813538723068158,-0.0052681092315837175,0.7765089722675367,1.128086382723455,0.39999999999999997,0.702248456309217,-0.14750231423356086
2025-01-14,0.8970651914262461,0.017826346049071295,0.7964926590538336,1.1286622675464906,0.39999999999999997,0.0,-0.1323053954810559
2025-01-15,0.8969800624354375,-9.489721775213233e-05,0.7918026101141925,1.1299100179964006,0.39999999999999997,0.0,-0.1323877372848833
2025-01-16,0.8899353971086171,-0.007853759098828794,0.7922104404567699,1.1297180563887221,0.39999999999999997,0.0,-0.1392017549874376
2025-01-17,0.8966136057514036,0.00750414992423476,0.7948613376835237,1.1291981603679264,0.39999999999999997,0.0,-0.13274219590234515
2025-01-20,0.8959613066714975,-0.0007275141440212796,0.7987357259380098,1.1292861427714456,0.7499999999999999,0.7017557482264606,-0.133373138221339
2025-01-21,0.895695407475096,-0.0002967753120827199,0.7997553017944535,1.1295260947810437,0.7499999999999999,0.0,-0.13363033167870264
2025-01-22,0.8905245153836642,-0.005773047453718982,0.7924143556280587,1.130253949210158,0.7499999999999999,0.0,-0.13863192488638432
2025-01-23,0.8889218311208738,-0.0017997081889429278,0.7946574225122349,1.1289422115576884,0.7499999999999999,0.0,-0.1401821360648603
2025-01-24,0.894263898870262,0.006009603502090011,0.8011827079934747,1.1278064387122575,0.7499999999999999,0.0,-0.1350149716185961
2025-01-27,0.884152787394238,-0.011306630502246118,0.7966965742251224,1.1317416516696661,0.75,0.5729107463190627,-0.14479503772447955
2025-02-05,0.8874053235822388,0.0036787037652017407,0.7926182707993474,1.1314457108578284,0.75,0.0,-0.14164899200973735
2025-02-06,0.9066420830207622,0.02167753441107312,0.8017944535073409,1.1325254949010197,0.75,0.0,-0.12304205849724914
2025-02-07,0.91491104760558,0.009120428821555615,0.8132137030995106,1.131861627674465,0.75,0.0,-0.11504382601227536
2025-02-10,0.9198777369527679,0.005428603534940679,0.8140293637846656,1.13002199560088,0.75,0.008628454435924901,-0.11023974979789808
2025-02-11,0.9163619722235543,-0.00382199132339045,0.8107667210440457,1.1297580483903218,0.75,0.0,-0.11364040575406831
2025-02-12,0.9311355376110741,0.01612197563335349,0.818515497553018,1.1297740451909617,0.75,0.0,-0.09935053797324633
2025-02-13,0.9194903205577821,-0.012506468266874515,0.8164763458401304,1.1295900819836033,0.75,0.0,-0.1106144818896615
2025-02-14,0.9224465556998562,0.003215080219964417,0.8225938009787928,1.1271825634873023,0.75,0.0,-0.10775503610246207
2025-02-17,0.9285506534732633,0.006617291522949875,0.8240212071778141,1.1264307138572285,0.75,0.007988530496934335,-0.1018507910664681
2025-02-18,0.916624938700547,-0.012843364794486889,0.8181076672104404,1.1248710257948409,0.75,0.0,-0.11338604899668137
2025-02-19,0.9326230960876845,0.017453329831738307,0.8223898858075042,1.1263107378524295,0.75,0.0,-0.09791168327639976
2025-02-20,0.9306018433616217,-0.0021672771503750132,0.8199429037520392,1.1244391121775643,0.75,0.0,-0.0998667586728551
2025-02-21,0.953965683641186,0.02510616161597845,0.8309543230016314,1.123375324935013,0.75,0.0,-0.07726786804018126
2025-02-24,0.952482973260852,-0.0015542596612853066,0.8283034257748777,1.1202879424115175,0.75,0.005140410881373125,-0.07870203337105819
2025-02-25,0.945582264125513,-0.007244968497141846,0.8199429037520392,1.1217996400719854,0.75,0.0,-0.08537680811576576
2025-02-26,0.9550098777794124,0.009970167601036861,0.8266721044045677,1.1218956208758246,0.75,0.0,-0.07625786160088466
2025-02-27,0.9524571376992049,-0.002672998614572486,0.8293230016313214,1.1214317136572685,0.75,0.0,-0.07872702305704771
2025-02-28,0.9252736560965422,-0.028540372607557152,0.8144371941272431,1.1218076384723055,0.75,0.0,-0.10502049709227301
2025-03-03,0.9178987825857874,-0.007970478206271725,0.8117862969004894,1.1245750849830034,0.4,0.9003134191819763,-0.1121539117152589
2025-03-04,0.9265226089153843,0.009395182228374876,0.8109706362153344,1.1245270945810837,0.4,0.0,-0.10381243592507405
2025-03-05,0.9284284840148536,0.0020570195277807013,0.8144371941272431,1.1241431713657268,0.4,0.0,-0.10196896060521765
2025-03-06,0.9388382954509854,0.01121229218551778,0.8256525285481241,1.123111377724455,0.4,0.0,-0.09189997419985918
2025-03-07,0.9323590650996006,-0.006901327292228032,0.8236133768352365,1.120871825634873,0.4,0.0,-0.09816706969198663
2025-03-10,0.9302435117661607,-0.0022690328357711786,0.8203507340946166,1.1190161967606478,0.75,0.7005077624741758,-0.1002133582232353
2025-03-11,0.9293808585206852,-0.0009273413193042757,0.8227977161500816,1.1164247150569884,0.75,0.0,-0.10104776755471301
2025-03-12,0.9284687239150164,-0.0009814432880839163,0.8207585644371942,1.1203599280143972,0.75,0.0,-0.10193003818955448
2025-03-13,0.9166054861491415,-0.012777207740344743,0.8166802610114192,1.120503899220156,0.75,0.0,-0.11340486465696997
2025-03-14,0.9318824020649682,0.01666683883816611,0.8372756933115824,1.1203039392121574,0.75,0.0,-0.09862812642150554
2025-03-17,0.9295711878536057,-0.002480156515715981,0.8348287112561176,1.118008398320336,0.75,0.00023258854063304413,-0.10086366974684435
2025-03-18,0.9323697326619077,0.0030105761074241677,0.8366639477977161,1.1188162367526493,0.75,0.0,-0.0981567513936672
2025-03-19,0.9273343507643195,-0.005400627799459157,0.8378874388254486,1.118112377524495,0.75,0.0,-0.10302727111284515
2025-03-20,0.9212216862515079,-0.006591651121058417,0.83115823817292,1.119496100779844,0.75,0.0,-0.10893980240677292
2025-03-21,0.9062020870495731,-0.016304000900207116,0.817699836867863,1.1190721855628873,0.75,0.0,-0.12346764867047155
2025-03-24,0.909788174676826,0.00395727142819613,0.8211663947797716,1.1185282943411317,0.75,0.8431385595374159,-0.11999897224066558
2025-03-25,0.9071387575285411,-0.0029121252858953506,0.8215742251223491,1.1199120175964805,0.75,0.0,-0.12256164548521742
2025-03-26,0.906186239372192,-0.0010500247602077684,0.8183115823817292,1.1211837632473505,0.75,0.0,-0.12348297748301396
2025-03-27,0.9077299115674526,0.0017034822735004784,0.8211663947797716,1.1215916816636673,0.75,0.0,-0.12198984627273479
2025-03-28,0.901472995231464,-0.006892927352349032,0.8172920065252854,1.1213517296540692,0.75,0.0,-0.12804190647700164
2025-03-31,0.8949875117662163,-0.007194318076696793,0.8123980424143556,1.1212717456508698,0.4000000000000001,0.9127639869132171,-0.13431505035135627
2025-04-01,0.8957204764398826,0.0008189663699551541,0.8119902120717782,1.1212157568486303,0.4000000000000001,0.0,-0.13360608349061764
2025-04-02,0.8956408635309994,-8.888142113228081e-05,0.8113784665579119,1.1220315936812637,0.4000000000000001,0.0,-0.13368308981317745
2025-04-03,0.8956008400924963,-4.468692768799798e-05,0.807300163132137,1.126126774645071,0.4000000000000001,0.0,-0.1337218028542978
2025-04-07,0.8581315296464601,-0.04183706487163008,0.7534665579119086,1.129510097980404,0.4000000000000001,0.0,-0.16996433998516136
2025-04-08,0.8646138803447921,0.007554029276843677,0.7606035889070147,1.1285982803439312,0.4000000000000001,0.0,-0.163694226308585
2025-04-09,0.870744139771238,0.0070901700352083985,0.7679445350734094,1.129246150769846,0.4000000000000001,0.0,-0.15776467617168644
2025-04-10,0.8796386250603867,0.010214809245211232,0.7807911908646004,1.1303179364127176,0.4000000000000001,0.0,-0.14916140299920144
2025-04-11,0.8833369288014213,0.004204344415618122,0.7830342577487764,1.1306938612277544,0.4000000000000001,0.0,-0.14558418449530885
2025-04-14,0.8860480534927722,0.003069185271161956,0.7846655791190864,1.1297180563887221,0.4,0.44958278894421033,-0.1429618240589139
2025-04-15,0.8857018835978574,-0.000390689752717277,0.7852773246329527,1.129742051589682,0.4,0.0,-0.14329666009194164
2025-04-16,0.8887835264493141,0.0034793229059630892,0.7871125611745514,1.1306858628274346,0.4,0.0,-0.14031591253778442
2025-04-17,0.8907019117003067,0.0021584392530951124,0.7877243066884176,1.1299820035992802,0.4,0.0,-0.13846033665814472
2025-04-18,0.8876278918646806,-0.0034512330053921847,0.7897634584013051,1.129510097980404,0.4,0.0,-0.14143371077972466
2025-04-21,0.8862609416438295,-0.001540003681023916,0.7901712887438825,1.1285662867426514,0.4000000000000001,0.0018270647374327154,-0.1427559060255269
2025-04-22,0.8868969633217954,0.0007176460657130068,0.7907830342577488,1.1289742051589682,0.4000000000000001,0.0,-0.14214070817413038
2025-04-23,0.8845018458866284,-0.0027005588407882364,0.7915986949429038,1.1279424115176964,0.4000000000000001,0.0,-0.1444574076688231
2025-04-24,0.8829398701931984,-0.0017659383083189484,0.7915986949429038,1.126998600279944,0.4000000000000001,0.0,-0.14596824310701917
2025-04-25,0.8827845671625395,-0.0001758930997475261,0.7915986949429038,1.1280063987202558,0.4000000000000001,0.0,-0.14611846140002183
2025-04-28,0.8819447037253718,-0.0009513798364952919,0.7903752039151712,1.1277024595080984,0.4,0.5293393830870078,-0.1469308270786015
2025-04-29,0.8812104444263328,-0.0008325457321048946,0.7889477977161501,1.1291821635672863,0.4,0.0,-0.14764104617770735
2025-04-30,0.8798781906070998,-0.001511845243845511,0.7883360522022839,1.1300379924015196,0.4,0.0,-0.14892968100809278
2025-05-06,0.8841830083735904,0.004892515591868873,0.7958809135399674,1.1294381123775243,0.4,0.0,-0.14476580620264812
2025-05-07,0.8858327983800554,0.0018658920052079253,0.8007748776508973,1.1291341731653668,0.4,0.0,-0.14317003155786123
2025-05-08,0.8861828491404227,0.00039516572541398176,0.8054649265905384,1.131373725254949,0.4,0.0,-0.14283144172182538
2025-05-09,0.8866989726258189,0.0005824119547075401,0.8044453507340946,1.1310537892421515,0.4,0.0,-0.1423322165062847
2025-05-12,0.888075794400718,0.0015527499381462473,0.8136215334420881,1.1305338932213558,0.4,0.3718894920432341,-0.1410004729085147
2025-05-13,0.8879588251993302,-0.00013171083158136643,0.8144371941272431,1.1297820435912818,0.4,0.0,-0.14111361245055598
2025-05-14,0.8911512406983965,0.003595229202603578,0.8248368678629691,1.128854229154169,0.4,0.0,-0.1380257190283194
2025-05-15,0.887890538805376,-0.0036589769997570354,0.8179037520391518,1.1280703859228154,0.4,0.0,-0.14117966309677699
2025-05-16,0.8855122854001581,-0.0026785434704797995,0.8134176182707994,1.1273185362927416,0.4,0.0,-0.14348005070250436
2025-05-19,0.8850755626701381,-0.0004931865285445758,0.8121941272430669,1.127870425914817,0.75,0.71161547287973,-0.1439024748029275
2025-05-20,0.8894051088940392,0.004891724962826416,0.8162724306688418,1.128246350729854,0.75,0.0,-0.1397146811683071
2025-05-21,0.8945712017638261,0.005808481217530748,0.8195350734094617,1.128126374725055,0.75,0.0,-0.13471773005215582
2025-05-22,0.8925140910027796,-0.0022995495014712652,0.8191272430668842,1.128118376324735,0.75,0.0,-0.13670748946464628
2025-05-23,0.8881544691858703,-0.004884653206999823,0.8132137030995106,1.1289662067586481,0.75,0.0,-0.14092437399481172
2025-05-26,0.8850116075177068,-0.003538643082035442,0.808931484502447,1.1289422115576884,0.75,0.007927113626189086,-0.14396433601572034
2025-05-27,0.8820624411016156,-0.003332347724074536,0.8046492659053834,1.1285262947410517,0.75,0.0,-0.14681694451232497
2025-05-28,0.8821178073542625,6.276908534696979e-05,0.8038336052202284,1.1285822835432913,0.75,0.0,-0.1467633909922984
2025-05-29,0.8869911449243533,0.005524588132629793,0.8087275693311583,1.1273185362927416,0.75,0.0,-0.14204961014784923
2025-05-30,0.8870583369676982,7.575277806259884e-05,0.807300163132137,1.1283823235352928,0.75,0.0,-0.14198461802237805
2025-06-03,0.8896523577037547,0.00292429553722906,0.8068923327895595,1.1283263347330532,0.75,0.005526431649302901,-0.13947552746998693
2025-06-04,0.89355580238332,0.004387606738479599,0.8103588907014683,1.1290461907618474,0.75,0.0,-0.1356998844956876
2025-06-05,0.892074590847641,-0.0016576598033701817,0.8123980424143556,1.1295820835832833,0.75,0.0,-0.13713260005520733
2025-06-06,0.8921041243495915,3.310653868360269e-05,0.8128058727569332,1.130501899620076,0.75,0.0,-0.1371040335022522
2025-06-09,0.8957310597305765,0.004065596472417665,0.8146411092985318,1.1308938212357527,0.75,0.35277819851663195,-0.13359584670479552
2025-06-10,0.8918999770106041,-0.0042770457475537205,0.8099510603588908,1.131021795640872,0.75,0.0,-0.1373014969043096
2025-06-11,0.8970701689777035,0.0057968293534758075,0.8164763458401304,1.1309658068386321,0.75,0.0,-0.13230058089836494
2025-06-12,0.8978304892082781,0.0008475593736898546,0.816884176182708,1.1307258548290342,0.75,0.0,-0.13156515412216008
2025-06-13,0.8916580491609494,-0.0068748389829930145,0.8115823817292006,1.1309578084383123,0.75,0.0,-0.13753550385479063
2025-06-16,0.8914064000579324,-0.00028222602067440317,0.8136215334420881,1.1312057588482303,0.75,0.27127559126297124,-0.13777891377751061
2025-06-17,0.8885721891872027,-0.003179482299594749,0.8134176182707994,1.1324375124975004,0.75,0.0,-0.14052033045949242
2025-06-18,0.8853951345221347,-0.00357546038884482,0.7960848287112561,1.1325654869026194,0.75,0.0,-0.14359336597295191
2025-06-19,0.8769935661371684,-0.009489060937183491,0.7897634584013051,1.1326134773045389,0.75,0.0,-0.1517198607102428
2025-06-20,0.8759159548723936,-0.001228756180642554,0.7907830342577488,1.1328134373125374,0.75,0.0,-0.15276219017431136
2025-06-23,0.8796501461970139,0.004263184502860451,0.7934339314845025,1.1325814837032593,0.0,1.4999999999999998,-0.149150259073225
2025-06-24,0.8798110648217702,0.00018293480135489482,0.802610114192496,1.1321575684863028,0.0,0.0,-0.14899460904488582
2025-06-25,0.8819845425209936,0.0024703914125741022,0.8158646003262644,1.131869626074785,0.0,0.0,-0.14689229263501602
2025-06-26,0.883224438613908,0.0014058025204959357,0.8128058727569332,1.1321735652869427,0.0,0.0,-0.1456929916697478
2025-06-27,0.8796073362595266,-0.004095337715131486,0.8081158238172921,1.1329334133173365,0.0,0.0,-0.14919166738126388
2025-06-30,0.8776489307322028,-0.0022264542899923523,0.8119902120717782,1.1324215156968604,0.75,1.5,-0.15108595324338403
2025-07-01,0.8806431992569489,0.0034116927850045276,0.8132137030995106,1.1328214357128574,0.75,0.0,-0.1481897193149755
2025-07-02,0.8761732675963373,-0.005075757882855525,0.8140293637846656,1.1334613077384523,0.75,0.0,-0.15251330206185987
2025-07-03,0.881109026664897,0.005633313924425343,0.8187194127243066,1.1336052789442113,0.75,0.0,-0.14773914344559969
2025-07-04,0.8794251939131175,-0.0019110379088420615,0.8221859706362153,1.133869226154769,0.75,0.0,-0.14936784625069732
2025-07-07,0.8775987895144212,-0.0020768160968523963,0.818515497553018,1.1337012597480505,0.75,0.39820920772561297,-0.15113445280010418
2025-07-08,0.8860705141652812,0.009653300291751155,0.8254486133768353,1.1328214357128574,0.75,0.0,-0.14294009876566194
2025-07-09,0.882896843841564,-0.0035817356214667972,0.8248368678629691,1.1328054389122175,0.75,0.0,-0.14600986074364375
2025-07-10,0.8882159417854377,0.006024597302590751,0.8289151712887439,1.1320695860827834,0.75,0.0,-0.14086491405424084
2025-07-11,0.8940359738990079,0.0065524967969738945,0.8317699836867862,1.1317656468706259,0.75,0.0,-0.1352354341554134
2025-07-14,0.8939336176617534,-0.00011448782850220773,0.8315660685154976,1.1311897620475904,0.75,0.2478840381221643,-0.1353344391727226
2025-07-15,0.8931740503541518,-0.0008496909531027219,0.8315660685154976,1.1323095380923816,0.75,0.0,-0.13606913767721707
2025-07-16,0.8908624250520696,-0.0025881017268309936,0.8297308319738989,1.1323815236952608,0.75,0.0,-0.13830507863385721
2025-07-17,0.8986729011347744,0.00876732014176973,0.8364600326264274,1.1323175364927016,0.75,0.0,-0.13075032339370318
2025-07-18,0.9039706158568346,0.005895042251046645,0.8425774877650897,1.1322215556888622,0.75,0.0,-0.12562605982340036
2025-07-21,0.9124623696865266,0.009393838340246319,0.8476753670473084,1.1315256948610277,0.75,0.2203524417975551,-0.11741233238045712
2025-07-22,0.9198325893556503,0.008077286158831631,0.8566476345840129,1.1309338132373525,0.75,0.0,-0.11028341922883833
2025-07-23,0.9174751710468623,-0.0025628775671444615,0.8562398042414355,1.130501899620076,0.75,0.0,-0.11256365389481326
2025-07-24,0.9281720630629433,0.011659053404001751,0.8615415986949428,1.128366326734653,0.75,0.0,-0.10221698614292063
2025-07-25,0.9257094460692562,-0.0026531901698921834,0.8570554649265906,1.1286142771445709,0.75,0.0,-0.1045989752099824
2025-07-28,0.9289373837091853,0.0034869879027761286,0.8592985318107669,1.1296780643871225,0.75,0.22776363562452112,-0.10147672266840624
2025-07-29,0.9330481060933541,0.0044251878073362505,0.8635807504078304,1.1282863427314536,0.75,0.0,-0.09750058841695064
2025-07-30,0.928245244463707,-0.00514749625263855,0.8629690048939642,1.1293981203759247,0.75,0.0,-0.10214620075608283
2025-07-31,0.9127297256804561,-0.01671489175494245,0.8472675367047309,1.1302779444111177,0.75,0.0,-0.11715372982220884
2025-08-01,0.9097088773877984,-0.0033096854497706163,0.8427814029363785,1.1303419316136771,0.75,0.0,-0.12007567327700042
2025-08-04,0.9136927281765057,0.004379259000029556,0.8466557911908646,1.1301179764047191,0.75,0.2699013215467938,-0.11622225674985376
2025-08-05,0.8775528630756797,-0.039553631091003405,0.8529771615008156,1.1304699060187962,0.75,0.0,-0.15117887557280962
2025-08-06,0.8808698269229615,0.0037797880752805657,0.8552202283849919,1.1305818836232753,0.75,0.0,-0.1479705116086535
2025-08-07,0.8812269330632096,0.00040540171695480076,0.8550163132137031,1.1313817236552688,0.75,0.0,-0.14762509739116358
2025-08-08,0.88060115252139,-0.0007101241670455227,0.8529771615008156,1.1318376324735053,0.75,0.0,-0.14823038940888922
2025-08-11,0.88546158238037,0.005519445261981781,0.8568515497553018,1.130501899620076,0.75,0.19880957348988954,-0.14352909366741196
2025-08-12,0.8888079164673439,0.003779197374072396,0.8621533442088091,1.1302779444111177,0.75,0.0,-0.14029232106723044
2025-08-13,0.9011250063909829,0.01385798854334519,0.8692903752039152,1.1310617876424716,0.75,0.0,-0.1283785019019542
2025-08-14,0.894556542087232,-0.0072891821413964,0.867862969004894,1.1306378724255148,0.75,0.0,-0.13473190975994764
2025-08-15,0.9030558398716669,0.009501129760455251,0.8758156606851549,1.1305338932213558,0.75,0.0,-0.12651088535699562
2025-08-18,0.9112152179758035,0.00903529742446052,0.8823409461663948,1.1281503699260147,0.75,0.25588701997560626,-0.11861865140916728
2025-08-19,0.9085992383441852,-0.002870869120721542,0.8778548123980424,1.128238352329534,0.75,0.0,-0.12114898190641665
2025-08-20,0.917068469072344,0.009321195055801423,0.8898858075040783,1.127742451509698,0.75,0.0,-0.11295704014177677
2025-08-21,0.915863477926,-0.0013139598481265446,0.8927406199021207,1.128238352329534,0.75,0.0,-0.11412257897459377
2025-08-22,0.9305440894110901,0.016029257459130086,0.9133360522022839,1.1279424115176964,0.75,0.0,-0.0999226217157474
2025-08-25,0.9511169767536561,0.022108449859249424,0.9308727569331159,1.1288942211557687,0.7500000000000001,0.43170366085142164,-0.08002330612850528
2025-08-26,0.9466699730604726,-0.004675559160306486,0.9259787928221861,1.1289422115576884,0.7500000000000001,0.0,-0.08432471158680455
2025-08-27,0.9401054303772203,-0.006934351854458787,0.9125203915171288,1.129246150769846,0.7500000000000001,0.0,-0.09067432622109473
2025-08-28,0.967703180710139,0.029356016294731058,0.9296492659053834,1.1287022595480904,0.7500000000000001,0.0,-0.063980146924424
2025-08-29,0.969676908347836,0.002039600238007422,0.9382137030995106,1.1289582083583283,0.7500000000000001,0.0,-0.062071040609311234
2025-09-01,0.9817486861147193,0.01244927837608456,0.9412724306688417,1.1298460307938412,0.75,0.1939114035474727,-0.05039450189686523
2025-09-02,0.9666789841984615,-0.015349856973984166,0.9359706362153344,1.1298300339932013,0.75,0.0,-0.0649708104744573
2025-09-03,0.9567011055405256,-0.01032181191588577,0.9276101141924961,1.1309898020395919,0.75,0.0,-0.074622005904603
2025-09-04,0.9245971560523328,-0.033556927343628806,0.9086460032626429,1.1316776644671065,0.75,0.0,-0.1056748480178552
2025-09-05,0.9502567694835498,0.02775220890876784,0.9286296900489397,1.1300059988002398,0.75,0.0,-0.08085534956768126
2025-09-08,0.9486674497327637,-0.0016725161049363502,0.9288336052202284,1.1297820435912818,0.75,0.4354806166613882,-0.08239263379829531
2025-09-09,0.9439743715596426,-0.004947021397691209,0.9233278955954323,1.129622075584883,0.75,0.0,-0.08693205707357421
2025-09-10,0.9425550052621006,-0.0015036068142368908,0.9253670473083198,1.1290141971605678,0.75,0.0,-0.0883049522544197
2025-09-11,0.9652674234020677,0.024096650076831816,0.9502446982055466,1.1298220355928814,0.75,0.0,-0.06633615571211393
2025-09-12,0.9632717174320569,-0.002067516132448599,0.9422920065252856,1.1301819636072783,0.75,0.0,-0.0682665207724632
2025-09-15,0.9640457524336778,0.0008035479373198484,0.9439233278955954,1.1308938212357527,0.75,0.2242763888859955,-0.06751782825709807
2025-09-16,0.9643962577320919,0.0003635774521377755,0.9420880913539967,1.1315736852629472,0.75,0.0,-0.06717879876493194
2025-09-17,0.9712400307134859,0.007096432536443098,0.9488172920065252,1.1328294341131773,0.75,0.0,-0.06055909604180354
2025-09-18,0.9613741612154019,-0.010158013658926768,0.9367862969004894,1.1320935812837432,0.75,0.0,-0.07010194957596527
2025-09-19,0.9627335981520542,0.001414056037176703,0.9388254486133769,1.130853829234153,0.75,0.0,-0.06878702162380435
2025-09-22,0.9691165771174294,0.006630057346733498,0.9418841761827079,1.131749650069986,0.75,0.2536913643467656,-0.06261302617514775
2025-09-23,0.9686912052206998,-0.0004389274796998688,0.9424959216965743,1.1191521695660867,0.75,0.0,-0.06302447107707221
2025-09-24,0.9877848608916041,0.01971077632170104,0.9508564437194128,1.1182083583283342,0.75,0.0,-0.04455595600756479
2025-09-25,0.9920212668688462,0.004288794194940548,0.9573817292006526,1.1177924415116978,0.75,0.0,-0.040458253138099476
2025-09-26,0.9815084044844473,-0.010597416341265542,0.9484094616639478,1.1186242751449709,0.75,0.0,-0.05062691652642026
2025-09-29,0.9952187785474901,0.013968677191556367,0.964110929853181,1.118344331133773,0.75,0.2606441130077082,-0.0373654303890254
2025-09-30,1.0017504474055638,0.006563048245137315,0.9667618270799347,1.1199999999999999,0.75,0.0,-0.031047613266231622
2025-10-09,1.0185468438633134,0.016767046624486692,0.9820554649265906,1.1207598480303937,0.75,0.0,-0.014801143420958729
2025-10-10,0.9907457970463557,-0.02729481416044577,0.9622756933115825,1.1205198960207956,0.75,0.0,-0.04169196312236734
2025-10-13,0.9911677331053983,0.00042587721320686,0.9567699836867863,1.1208478304339131,0.75,0.008922336985303689,-0.04128384156622811
2025-10-14,0.966483106642426,-0.02490459045275173,0.9471859706362152,1.1212237552489503,0.75,0.0,-0.06516027485245668
2025-10-15,0.9790900103877278,0.013044101504369188,0.9596247960848288,1.1208958208358326,0.75,0.0,-0.052966130587315585
2025-10-16,0.9784950193291666,-0.0006076980178008062,0.9626835236541599,1.1209438112377523,0.75,0.0,-0.053541641192547895
2025-10-17,0.9544331862891804,-0.024590654591663097,0.9429037520391517,1.121743651269746,0.75,0.0,-0.0768156717793742
2025-10-20,0.9621317467054045,0.008066107221350816,0.9461663947797716,1.1207518496300741,0.75,0.23732087527220685,-0.06936916800287585
2025-10-21,0.980426889640608,0.019015215949220066,0.9604404567699837,1.1209118176364725,0.75,0.0,-0.051673021763448346
2025-10-22,0.976777622621219,-0.0037221204946007447,0.9573817292006526,1.121119776044791,0.75,0.0,-0.0552028090447253
2025-10-23,0.9775345390474194,0.0007749117185640308,0.9610522022838499,1.1207998400319934,0.75,0.0,-0.05447067462978772
2025-10-24,0.9974056888683489,0.020327823751673746,0.9726753670473083,1.1207278544291142,0.75,0.0,-0.03525012115162307
2025-10-27,1.0146396570826737,0.017278794783974316,0.984094616639478,1.1211037792441512,0.75,0.24086007133448978,-0.018580405977137837
2025-10-28,1.010383996384774,-0.004194258196191236,0.979200652528548,1.1233353329334133,0.75,0.0,-0.02269673315327081
2025-10-29,1.0171350930884804,0.006681713811642176,0.9914355628058727,1.1242631473705258,0.75,0.0,-0.01616667241701808
2025-10-30,1.0035416610438501,-0.013364431270731725,0.9834828711256118,1.1251669666066786,0.75,0.0,-0.029315045305356113
2025-10-31,0.9827659957684148,-0.02070234458809128,0.969820554649266,1.1252949410117976,0.75,0.0,-0.04941049972392042
2025-11-03,0.9817738149583407,-0.001009579914594383,0.9712479608482871,1.1247990401919614,0.75,0.6574536608805247,-0.050370195790423455
2025-11-04,0.9688511656849763,-0.013162552388823578,0.9643148450244698,1.124743051389722,0.75,0.0,-0.06286974783832033
2025-11-05,0.9752998955228569,0.0066560582948995695,0.9655383360522024,1.1247830433913217,0.75,0.0,-0.05663215425001822
2025-11-06,0.9895487467548296,0.014609712661082463,0.9798123980424143,1.124255148970206,0.75,0.0,-0.04284982108990665
2025-11-07,0.9926003359095864,0.0030838189273285632,0.9777732463295269,1.124487102579484,0.75,0.0,-0.039898143251887785
2025-11-10,0.991740815522938,-0.0008659279626987981,0.9802202283849919,1.1244551089782044,0.75,0.20705693294121413,-0.04072952229668503
2025-11-11,0.9836350683304298,-0.008173251585127272,0.9712479608482871,1.1245910817836433,0.75,0.0,-0.04856988124913941
2025-11-12,0.9794518898439437,-0.004252774856417396,0.9716557911908645,1.1250549890021995,0.75,0.0,-0.05261609933580136
2025-11-13,0.9970349289311288,0.01795191705637178,0.9812398042414356,1.1246070785842832,0.75,0.0,-0.035608742130535664
2025-11-14,0.9808054353771819,-0.016277758264041653,0.9667618270799347,1.1244711057788441,0.75,0.0,-0.05130686989808986
2025-11-17,0.9809462606916632,0.00014358129492531013,0.9604404567699837,1.1246790641871625,0.75,0.21046311993254446,-0.05117065530998299
2025-11-18,0.9668918063259174,-0.014327445782642667,0.9549347471451876,1.124743051389722,0.75,0.0,-0.06476495630300949
2025-11-19,0.9713564104706783,0.004617480586298406,0.9577895595432301,1.1244071185762847,0.75,0.0,-0.06044652664511274
2025-11-20,0.966516054479374,-0.004983089563344589,0.9535073409461664,1.1249910017996398,0.75,0.0,-0.06512840575239165
2025-11-21,0.9318985948106135,-0.03581674562809789,0.9306688417618271,1.1246870625874825,0.75,0.0,-0.09861246383849254
2025-11-24,0.9280545270083941,-0.004124985082739285,0.9292414355628059,1.1248150369926013,0.75,0.008714662731051065,-0.10233067397892581
2025-11-25,0.9406306869930564,0.013551100305713604,0.9373980424143558,1.1248390321935613,0.75,0.0,-0.09016626690065199
2025-11-26,0.9452570020603047,0.004918311863753244,0.9433115823817293,1.123623275344931,0.75,0.0,-0.08569142085710657
2025-11-27,0.9446615699937035,-0.0006299155312294857,0.9424959216965743,1.1235592881423715,0.75,0.0,-0.08626735803144492
2025-11-28,0.9522133762937999,0.007994192354142893,0.9451468189233279,1.123999200159968,0.75,0.0,-0.07896280353128915
2025-12-01,0.9627581232308828,0.011073932796580976,0.9557504078303426,1.124375124975005,0.75,0.0063904034316922265,-0.06876329951444327
2025-12-02,0.956719290505516,-0.006272429782364641,0.951468189233279,1.1240951809638071,0.75,0.0,-0.07460441632899995
2025-12-03,0.9506488941063861,-0.006345013066395233,0.9471859706362152,1.1241911617676463,0.75,0.0,-0.08047606339897684
2025-12-04,0.9528157947685911,0.002279391135506348,0.9496329526916802,1.1230633873225355,0.75,0.0,-0.07838010868900258
2025-12-05,0.9606287115422526,0.008199818702164796,0.9579934747145189,1.1236392721455708,0.75,0.0,-0.07082299266794356
2025-12-08,0.9713552284467803,0.011166142314554373,0.9649265905383361,1.1235192961407716,0.75,0.01205023605760061,-0.06044766996866213
2025-12-09,0.9653199734170805,-0.006213231630358695,0.9600326264274063,1.1241351729654068,0.75,0.0,-0.06628532622399008
2025-12-10,0.9663465275221285,0.0010634340253150576,0.9588091353996737,1.1243031393721254,0.75,0.0,-0.0652923822699607
2025-12-11,0.9587693409658942,-0.007841065643049872,0.9518760195758564,1.1250549890021995,0.75,0.0,-0.07262148605764074
2025-12-12,0.9630274414364998,0.0044412146787211615,0.9571778140293637,1.124743051389722,0.75,0.0,-0.06850279898878919
2025-12-15,0.9553064572761599,-0.008017408256635772,0.9516721044045677,1.1242711457708459,0.75,0.01929109428586477,-0.07597099233920968
2025-12-16,0.941866087038551,-0.014069171348355725,0.9420880913539967,1.1240631873625275,0.75,0.0,-0.08897131477884035
2025-12-17,0.9612487754197262,0.020579027791646,0.9581973898858075,1.1248070385922815,0.75,0.0,-0.07022323014668741
2025-12-18,0.9549561118557985,-0.006546342346371192,0.9518760195758564,1.125478904219156,0.75,0.0,-0.07630986718785038
2025-12-19,0.9609899852775905,0.006318482437968953,0.9559543230016313,1.1260707858428314,0.75,0.0,-0.07047354730555166
2025-12-22,0.972108192606772,0.011569535062292857,0.9645187601957587,1.125494901019796,0.75,0.28479974718579165,-0.05971935841977449
2025-12-23,0.9725013873529486,0.00040447632184048565,0.966557911908646,1.1273905218956208,0.75,0.0,-0.05933903716437028
2025-12-24,0.9826347404869478,0.010419885530015716,0.9700244698205546,1.1269266146770647,0.75,0.0,-0.04953745760906869
2025-12-25,0.9879224994258804,0.00538120495954808,0.9718597063621534,1.1265506898620277,0.75,0.0,-0.044422823862089844
2025-12-26,0.9962220496624729,0.008401013481741382,0.9755301794453507,1.1220555888822235,0.75,0.0,-0.03639500712251087
2025-12-29,0.9936755827750628,-0.0025561237961685412,0.9712479608482871,1.1207038592281544,0.75,0.002678163617147858,-0.03885810077491181
2025-12-30,0.9952105348992591,0.0015447215880153298,0.9732871125611745,1.1205198960207956,0.75,0.0,-0.037373404134032895
2025-12-31,0.9969430815683522,0.001740884575009538,0.9692088091353998,1.1205438912217556,0.75,0.0,-0.035697582341795875
2026-01-05,1.0142272717944456,0.01733718859747002,0.9877650897226754,1.119496100779844,0.75,0.0,-0.01897928946185934
2026-01-06,1.0315340083742264,0.01706396294112711,1.003058727569331,1.118656268746251,0.75,0.0,-0.002239188412758497
2026-01-07,1.0322348586444245,0.0006794252681041613,0.9993882544861338,1.1180403919216155,0.75,0.0,-0.001561284505842031
2026-01-08,1.0342025689112222,0.0019062621750458586,0.9916394779771616,1.119008198360328,0.75,0.0,0.0
2026-01-09,1.0495200275978276,0.01481088826024779,0.9961256117455138,1.1189202159568086,0.75,0.0,0.0
2026-01-12,1.0695979795140425,0.019130603883920072,1.0018352365415988,1.119472105578884,0.75,0.22577966500050886,0.0
2026-01-13,1.051075768184333,-0.017316984216934284,0.99836867862969,1.1197920415916818,0.75,0.0,-0.017316984216934284
2026-01-14,1.0538379460567744,0.0026279531467201522,0.9922512234910277,1.1205198960207956,0.75,0.0,-0.014734539293378646
2026-01-15,1.0543526180368636,0.0004883786753124841,0.9940864600326265,1.1209598080383922,0.75,0.0,-0.014253356652847549
2026-01-16,1.0540719365063151,-0.0002662122004980505,0.9908238172920065,1.1216796640671864,0.75,0.0,-0.01451577443590657
2026-01-19,1.052020776778072,-0.0019459390362308593,0.9661500815660686,1.1216076784643072,0.75,0.04804942979075222,-0.016433466660021545
2026-01-20,1.0469192116921358,-0.0048493006968554075,0.9632952691680262,1.1223195360927816,0.75,0.0,-0.021203076535550758
2026-01-21,1.0539278942407002,0.00669457821605568,0.9645187601957587,1.1222955408918216,0.75,0.0,-0.014650443973783234
2026-01-22,1.0588913108722202,0.004709446119267824,0.9639070146818924,1.1221915616876623,0.75,0.0,-0.010009993331033251
2026-01-23,1.0681851334549042,0.008776937243000438,0.9592169657422512,1.1225674865026993,0.75,0.0,-0.0013209131713021183
2026-01-26,1.063307239688014,-0.004566524672659611,0.9608482871125611,1.1223515296940612,0.75,0.5689896993723628,-0.0058814058613746445
2026-01-27,1.0701604126043505,0.0064451483640299845,0.9604404567699837,1.1224555088982204,0.75,0.0,0.0
2026-01-28,1.0833962651490916,0.012368101444278023,0.9634991843393148,1.122631473705259,0.75,0.0,0.0
2026-01-29,1.072476495167318,-0.010079202165489187,0.9722675367047308,1.1233193361327736,0.75,0.0,-0.010079202165489187
2026-01-30,1.0549188304841741,-0.016371141710107784,0.9606443719412725,1.1232073585282942,0.75,0.0,-0.026285335828620915
2026-02-02,1.0103619227524125,-0.042237285413998515,0.9380097879282218,1.123231353729254,0.75,0.030565534912673012,-0.06741240001102311
2026-02-03,1.037217701799031,0.026580355456645055,0.9510603588907014,1.123623275344931,0.75,0.0,-0.0426238901088567
2026-02-04,1.0374813691029554,0.0002542063285915219,0.9598287112561175,1.123503299340132,0.75,0.0,-0.042380519042880094
2026-02-05,1.022936285670599,-0.014019609282172052,0.9541190864600327,1.1241751649670066,0.75,0.0,-0.055805970006895245
2026-02-06,1.0188769685517025,-0.003968299077625748,0.9480016313213704,1.1244631073785243,0.75,0.0,-0.05955281430521664
2026-02-09,1.0383066595949082,0.0190697126767172,0.9639070146818924,1.1251509698060387,0.75,0.2387674196987627,-0.0416187566863897
2026-02-10,1.0388705354110501,0.000543072521909771,0.9651305057096248,1.125126974605079,0.75,0.0,-0.041098286167632336
2026-02-11,1.0390757670620698,0.00019755267285392897,0.9630913539967374,1.1256388722255548,0.75,0.0,-0.04090885257106047
2026-02-12,1.0492725306482236,0.009813301310052314,0.9639070146818924,1.1261027794441112,0.75,0.0,-0.03149700215753659
2026-02-13,1.0380759362499081,-0.010670816276299844,0.9524877650897228,1.1265346930613878,0.75,0.0,-0.04183171971055921
2026-02-24,1.0511036228590285,0.012549839712288735,0.9616639477977162,1.1266626674665066,0.75,0.00387039366707366,-0.02980686137552746
2026-02-25,1.0633556636177868,0.011656358604713368,0.9685970636215334,1.125734853029394,0.75,0.0,-0.018497942235888076
2026-02-26,1.0702410155231954,0.006475116596438735,0.9655383360522024,1.1246550689862027,0.75,0.0,-0.012142601972220946
2026-02-27,1.0760897382225845,0.005464865029985777,0.9634991843393148,1.1253589282143572,0.75,0.0,-0.006744094623126307
2026-03-02,1.0829305009970254,0.00635705604417347,0.9663539967373572,1.1263267346530692,0.75,0.006748592159129568,-0.0004299111664393118
2026-03-03,1.047143011896815,-0.03304689365315849,0.9539151712887439,1.12623875224955,0.75,0.0,-0.03346259759100012
2026-03-04,1.0417743020875636,-0.005127007245673609,0.9400489396411094,1.1272065586882623,0.75,0.0,-0.03841804185636566
2026-03-05,1.0485312748999698,0.0064860236990547104,0.949021207177814,1.126734653069386,0.75,0.0,-0.03218119848726253
2026-03-06,1.049901133282276,0.0013064544807563916,0.9516721044045677,1.1270225954809039,0.75,0.0,-0.03091678727746594
2026-03-09,1.0395127167267109,-0.009894661722183451,0.9439233278955954,1.1256708658268346,0.75,0.014593700002962881,-0.04050553784800215
2026-03-10,1.0547921069929411,0.01469860831942782,0.9549347471451876,1.125734853029394,0.75,0.0,-0.02640230456416992
2026-03-11,1.0535395649116728,-0.0011874776773208584,0.9606443719412725,1.1256548690261947,0.75,0.0,-0.02755843009419101
2026-03-12,1.0480528681534982,-0.005207869681320032,0.9571778140293637,1.1256868626274745,0.75,0.0,-0.03262277906295863
2026-03-13,1.0359731860237495,-0.011525832805582725,0.9537112561174551,1.1259508098380322,0.75,0.0,-0.043772607171408295
2026-03-16,1.0345304330198515,-0.0013926547746236917,0.9543230016313213,1.1251989602079584,0.75,0.4629788622240483,-0.045104301815656944
2026-03-17,1.017032588367333,-0.01691380368718709,0.947389885807504,1.1252149570085983,0.75,0.0,-0.06125522019648644
2026-03-18,1.0195053944751187,0.0024313931884476503,0.950652528548124,1.1263187362527496,0.75,0.0,-0.05897276253318129
2026-03-19,1.00118723164598,-0.01796769583408586,0.9378058727569332,1.1269266146770647,0.75,0.0,-0.07588085370757525
2026-03-20,0.9942615539966505,-0.006917465015952584,0.933115823817292,1.1265986802639472,0.75,0.0,-0.08227341557262502
2026-03-23,0.9731032515405084,-0.021280418991453276,0.9033442088091354,1.1261747650469907,0.4,1.0620634852726856,-0.10180302180883494
2026-03-24,0.9887533720651871,0.016082692663808462,0.9133360522022839,1.125886822635473,0.4,0.0,-0.08735759585702485
2026-03-25,0.9829864596368505,-0.0058325084811508,0.9265905383360521,1.1216716656668666,0.4,0.0,-0.09268059041944654
2026-03-26,0.9707726805428478,-0.012425175315756487,0.9151712887438826,1.1221035792841432,0.4,0.0,-0.10395419315087362
2026-03-27,0.9729753619897178,0.0022689981815704474,0.9192495921696574,1.1227834433113377,0.4,0.0,-0.10192106684452917
2026-03-30,0.9701464572696342,-0.002907478267793473,0.9176182707993474,1.123487302539492,0.0,0.7999999999999999,-0.10453221182544181
2026-03-31,0.9686280506433396,-0.0015651313416822354,0.9100734094616639,1.1238072385522895,0.0,0.0,-0.10593373652618066
2026-04-01,0.9674215197544208,-0.00124560804130891,0.9245513866231647,1.122855428914217,0.0,0.0,-0.10704739265342667
2026-04-02,0.9691188968613291,0.0017545372645206836,0.9153752039151712,1.1230553889222155,0.0,0.0,-0.10548067402838623
2026-04-03,0.9649450800711417,-0.004306816019897242,0.9082381729200653,1.1235832833433312,0.0,0.0,-0.10933320419158843
2026-04-07,0.9641573760433824,-0.0008163200621751354,0.9066068515497553,1.1234473105378924,0.0,1.6653345369377348e-16,-0.11006027336572011
2026-04-08,0.9655180044034107,0.0014112098230394388,0.9384176182707994,1.1228714257148569,0.0,0.0,-0.1088043816815808
2026-04-09,0.9635887861717104,-0.001998117303770419,0.932300163132137,1.123007398520296,0.0,0.0,-0.11058509506758718
2026-04-10,0.9635790526999569,-1.0101271302853654e-05,0.9465742251223492,1.1230233953209359,0.0,0.0,-0.11059407928884268
2026-04-13,0.96169784077269,-0.0019523171679538542,0.9486133768352366,1.1233113377324535,0.75,1.5,-0.1123304817371269
2026-04-14,0.973115890240285,0.011872803476839389,0.9608482871125611,1.1235192961407716,0.75,0.0,-0.10179135599441114
2026-04-15,0.9666178333289821,-0.006677577641547305,0.9571778140293637,1.1245830833833232,0.75,0.0,-0.10778921395306729
2026-04-16,0.9814597346709621,0.015354466708797698,0.9677814029363786,1.1252709458108379,0.75,0.0,-0.09408979314147947
2026-04-17,0.9861447680715476,0.004773536025047598,0.9663539967373572,1.1258068386322735,0.75,0.0,-0.08976539813358198
2026-04-20,0.9912105648020985,0.005136970650320594,0.9716557911908645,1.1256868626274745,0.75,0.606412795757266,-0.08508954969888782
2026-04-21,0.9975134259368651,0.006358750964307047,0.9738988580750407,1.1256468706258749,0.75,0.0,-0.07927186199078118
2026-04-22,1.0068446940815117,0.009354528873516399,0.9810358890701468,1.1264707058588281,0.75,0.0,-0.07065888403911502
2026-04-23,1.0022729647684439,-0.00454064995320691,0.9789967373572595,1.1264707058588281,0.75,0.0,-0.07487869673381597
2026-04-24,1.002211974505392,-6.085194871641164e-05,0.9751223491027733,1.1269666066786643,0.75,0.0,-0.07493499216791888
2026-04-27,1.0052996771209672,0.0030808877703734083,0.9751223491027733,1.1253829234153168,0.75,0.005552136106350997,-0.07208497069848874
2026-04-28,0.9997952525543998,-0.005475406679062433,0.9726753670473083,1.1263347330533893,0.75,0.0,-0.07716568284752856
2026-04-29,1.018339228303107,0.01854777335792379,0.9830750407830342,1.1269666066786643,0.75,0.0,-0.06004916108607017
2026-04-30,1.0170894970173598,-0.0012272249276202851,0.9836867862969004,1.1267586482703458,0.75,0.0,-0.061202692186322905
2026-05-06,1.0340269377130324,0.016652851833926174,0.9967373572593801,1.1262627474505098,0.75,0.0,-0.045569039717212934
2026-05-07,1.034284956266223,0.0002495278834431236,1.0016313213703099,1.1263347330533893,0.75,0.0,-0.04533088257980111
2026-05-08,1.0271092966836628,-0.0069377974987323565,0.9963295269168027,1.1269746050789842,0.75,0.0,-0.0519541835947559
2026-05-11,1.0387140192594444,0.011298430082612443,1.0126427406199021,1.1270625874825035,0.75,0.17140630453442585,-0.041242754222988065
2026-05-12,1.0346392381722287,-0.003922909493530136,1.012030995106036,1.12747850429914,0.75,0.0,-0.04500387212443746
2026-05-13,1.0431543770980265,0.008230056053973422,1.023042414355628,1.1277664467106578,0.75,0.0,-0.037144200460694
2026-05-14,0.9688425222677053,-0.07123763889775447,1.0075448613376836,1.127862427514497,0.75,0.0,-0.1057357742188838
2026-05-15,0.959821321966227,-0.009311317468150504,0.9946982055464927,1.128366326734653,0.75,0.0,-0.11406255232554152
2026-05-18,0.9601704881714476,0.00036378250537838497,0.9893964110929854,1.1287822435512898,0.75,0.4009339974123648,-0.11374026378121793
2026-05-19,0.9723077455279107,0.012640731522145954,0.9928629690048939,1.1297500499900022,0.75,0.0,-0.10253729239678844
2026-05-20,0.9872400706737189,0.015357612046688729,0.9932707993474715,1.12999800039992,0.75,0.0,-0.0887544083070474
2026-05-21,0.9678813639384388,-0.01960891510620022,0.9804241435562806,1.1293021395720855,0.75,0.0,-0.10662294575545372
2026-05-22,0.9806948373308024,0.013238681794867757,0.9914355628058727,1.1294061187762447,0.75,0.0,-0.09479581121147385
2026-05-25,1.0040694703555941,0.023834767080462393,1.0067292006525286,1.1291821635672863,0.75,0.0067112580831752144,-0.07322048021144034
2026-05-26,1.0029981432771031,-0.001066985014604227,1.0138662316476348,1.1296140771845629,0.75,0.0,-0.07420934007089686
2026-05-27,0.9894195313396218,-0.013538023004824207,1.0057096247960848,1.1301899620075984,0.75,0.0,-0.08674271532266842
2026-05-28,0.9907950981438125,0.001390276581995753,1.0057096247960848,1.131109778044391,0.75,0.0,-0.08547303510644444
2026-05-29,0.970805078480385,-0.020175735326988797,1.003874388254486,1.1317656468706259,0.75,0.0,-0.10392428909953122
2026-06-01,0.9556554194147787,-0.01560525320831685,0.9926590538336053,1.1318056388722255,0.75,0.017946338461126407,-0.11790777746195558
2026-06-02,0.9636913165675196,0.008408781020319944,1.0065252854812399,1.1316136772645469,0.75,0.0,-0.11049045712290584
2026-06-03,0.9729199158862368,0.009576302245399182,1.0124388254486134,1.131485702859428,0.75,0.0,-0.10197224489014789
2026-06-04,0.9727900568215277,-0.0001334735393825337,1.0044861337683524,1.1318056388722255,0.75,0.0,-0.1020921078330862
2026-06-05,0.9540011201411089,-0.019314482656010434,0.9875611745513866,1.1317736452709457,0.75,0.0,-0.11943473424303885
2026-06-08,0.9299620682387062,-0.025198138026134687,0.9663539967373572,1.1310457908418314,0.75,0.2727080190042856,-0.14162333935060278
2026-06-09,0.94924006140516,0.020729870416075435,0.984094616639478,1.1305338932213558,0.75,0.0,-0.12382930240715717
