date,code,market_state,reversal_5,momentum_20,momentum_60,momentum_120,low_volatility_20,drawdown_20,forward_return_5,forward_return_20
2022-09-02,512480,bear,-0.0010764262648008671,-0.12593984962406013,-0.04222451081359413,-0.16815742397137745,-0.015716466988649192,-0.13002806361085117,0.009677419354838568,-0.18279569892473124
2022-09-02,159995,bear,0.016309012875536544,-0.10608424336973488,-0.041004184100418506,-0.1866572036905607,-0.01497778941332413,-0.11024844720496907,0.015706806282722585,-0.17888307155322858
2022-09-02,512760,bear,0.0018674136321195078,-0.11652892561983474,-0.03519855595667887,-0.17579028527370855,-0.015363610210694273,-0.11725846407927343,0.01028999064546321,-0.19176800748362954
2022-09-02,515050,bear,0.018640350877192957,-0.05888538380651942,-0.013230429988974612,-0.09687184661957615,-0.016619951296405915,-0.07826982492276002,-0.006703910614525133,-0.18882681564245818
2022-09-02,512000,bear,0.015748031496062964,0.02100350058343059,-0.03314917127071826,-0.024526198439241975,-0.014988475851631542,-0.03100775193798455,0.027428571428571358,-0.11428571428571421
2022-09-02,515030,bear,0.07490636704119857,-0.11071107110711076,-0.07835820895522394,0.003045685279187804,-0.02040394502861033,-0.1337132836475231,0.019230769230769162,-0.12095141700404854
2022-09-02,159875,bear,0.06971904266389173,-0.07357512953367873,-0.01541850220264318,-0.01866081229418226,-0.01859267577901115,-0.1295034079844205,0.03579418344519025,-0.10850111856823264
2022-09-02,512660,bear,0.004336513443191747,-0.04730290456431552,0.0231729055258465,-0.006060606060606211,-0.01564115252070101,-0.08452950558213723,0.04529616724738683,-0.07317073170731692
2022-09-02,512690,bear,0.030989272943980906,-0.03672985781990523,-0.028673835125448077,-0.014545454545454528,-0.014077391756274588,-0.042402826855123754,-0.014760147601475926,-0.04182041820418192
2022-09-02,159928,bear,0.024074074074074137,-0.026777469990766356,0.004766444232602529,0.005725190839694694,-0.01147921780578566,-0.024976873265494803,-0.017077798861480087,-0.04079696394686916
2022-09-02,512010,bear,0.012526096033402934,-0.07072691552062871,-0.03861788617886186,-0.06150793650793651,-0.014146699222578628,-0.0652173913043479,0.0042283298097252064,-0.09513742071881603
2022-09-02,159801,bear,0.015544041450777257,-0.10377358490566047,-0.04282115869017644,-0.18803418803418803,-0.013861586874893365,-0.10728269381362565,0.01403508771929829,-0.17719298245614035
2022-09-02,512890,bear,-0.011848341232227444,0.06883604505632035,0.005889281507656108,0.062189054726368154,-0.006787061564018045,0.0,0.04683840749414525,-0.014051522248243575
2022-09-02,510880,bear,0.00033557046979859617,0.05451327433628306,0.005060728744939347,0.045997191011236005,-0.008984571797102422,-0.00766155896069276,0.043303121852970694,-0.0046995636119504525
2022-09-02,168204,bear,0.04280155642023353,0.11818181818181817,-0.014521782674011052,0.1862567811934901,-0.020877829300005125,-0.06017191977077363,0.058943089430894435,0.016260162601626105
2022-09-02,512400,bear,0.06762132060461412,-0.0764381402679275,-0.08722741433021819,-0.09006211180124235,-0.01674229621132558,-0.10806697108066976,0.06740614334470996,-0.08959044368600677
2022-09-09,512480,bear,-0.009677419354838568,-0.09971236816874396,-0.02085505735140769,-0.1586021505376345,-0.015746207499889503,-0.09011627906976749,-0.054313099041533475,-0.13738019169329063
2022-09-09,159995,bear,-0.015706806282722585,-0.07619047619047625,-0.015228426395939132,-0.170940170940171,-0.014508169314851712,-0.08705882352941174,-0.06529209621993115,-0.1391752577319587
2022-09-09,512760,bear,-0.01028999064546321,-0.08706677937447171,-0.013698630136986245,-0.16473317865429227,-0.015636469904498233,-0.08860759493670889,-0.06018518518518534,-0.1425925925925926
2022-09-09,515050,bear,0.006703910614525133,-0.06910994764397904,-0.025219298245614086,-0.08539094650205759,-0.014002613219966995,-0.08444902162718848,-0.07086614173228356,-0.12148481439820025
2022-09-09,512000,bear,-0.027428571428571358,0.005592841163311046,-0.030204962243797207,-0.023887079261672106,-0.00943408245260183,-0.0044296788482834915,-0.08453837597330371,-0.09677419354838701
2022-09-09,515030,bear,-0.019230769230769162,-0.08786231884057993,-0.1131660061646852,-0.007881773399014746,-0.019927748400420563,-0.11705392371766787,-0.0670307845084408,-0.07894736842105254
2022-09-09,159875,bear,-0.03579418344519025,-0.05413687436159342,-0.025263157894736765,0.027746947835738167,-0.01811583399116382,-0.09834469328140205,-0.09071274298056164,-0.0734341252699785
2022-09-09,512660,bear,-0.04529616724738683,-0.02200488997555028,0.0771992818671452,0.03896103896103886,-0.016442778786561103,-0.029911075181891733,-0.03416666666666657,-0.03749999999999998
2022-09-09,512690,bear,0.014760147601475926,-0.05653710247349819,-0.06860465116279058,0.02168367346938771,-0.01395306635664726,-0.04869358669833723,-0.0012484394506866447,-0.03745318352059923
2022-09-09,159928,bear,0.017077798861480087,-0.035381750465549366,-0.04251386321626616,0.019685039370078705,-0.010853062312499006,-0.04162812210915812,-0.0009652509652510188,-0.01737451737451734
2022-09-09,512010,bear,-0.0042283298097252064,-0.06126482213438744,-0.07587548638132302,-0.09351145038167952,-0.012941095601163454,-0.04426559356136828,-0.07157894736842096,0.012631578947368327
2022-09-09,159801,bear,-0.01403508771929829,-0.07520000000000004,-0.016170212765957537,-0.17546362339514976,-0.013652235598829816,-0.08399366085578452,-0.0640138408304497,-0.13754325259515565
2022-09-09,512890,bear,-0.04683840749414525,0.08626974483596617,0.06937799043062198,0.15653298835705054,-0.007654820464609215,0.0,-0.03803131991051456,-0.057046979865771896
2022-09-09,510880,bear,-0.043303121852970694,0.0662092624356776,0.06914344685242524,0.1260869565217393,-0.010207765474447907,0.0,-0.040862290862290984,-0.04536679536679533
2022-09-09,168204,bear,-0.058943089430894435,0.112059765208111,0.08938839519079989,0.34974093264248696,-0.022248550565895798,-0.005250596658711304,-0.05854126679462579,-0.06525911708253362
2022-09-09,512400,bear,-0.06740614334470996,-0.03098373353989159,-0.061515378844711255,0.01050080775444262,-0.01948583961707126,-0.047945205479452135,-0.07434052757793763,-0.10951239008792946
2022-09-16,512480,bear,0.03927813163481941,-0.12306201550387597,-0.04636459430979967,-0.17652411282984526,-0.015906999168642848,-0.0968063872255489,-0.06740331491712714,-0.08950276243093935
2022-09-16,159995,bear,0.05222602739726023,-0.1317647058823529,-0.05706984667802384,-0.19840695148443155,-0.014352343102468728,-0.110128617363344,-0.06865401987353215,-0.09575429087624221
2022-09-16,512760,bear,0.04428044280442811,-0.12573839662447261,-0.046918123275068946,-0.184251968503937,-0.015624070294788569,-0.10303030303030303,-0.07432432432432434,-0.0926640926640927
2022-09-16,515050,bear,0.05180180180180183,-0.13285272914521118,-0.06858407079646023,-0.14949494949494957,-0.01328113430088241,-0.1220020855057351,-0.05938242280285033,-0.0890736342042755
2022-09-16,512000,bear,0.05549263873159693,-0.07023411371237465,-0.10992529348986135,-0.08951965065502188,-0.015375277124153383,-0.0723025583982203,-0.015587529976019199,-0.031175059952038287
2022-09-16,515030,bear,0.06425702811244971,-0.1766784452296819,-0.2105040237187633,-0.07905138339920947,-0.021049135654734735,-0.1828145550197282,0.011266094420600892,-0.033798283261802675
2022-09-16,159875,bear,0.0888407367280607,-0.18111002921129504,-0.14532520325203258,-0.06762749445676286,-0.020492544650304933,-0.1746810598626104,0.00832342449464929,-0.01189060642092743
2022-09-16,512660,bear,0.020729684908789348,-0.04527081649151177,0.03144104803493453,0.012864493996569637,-0.0172432827889229,-0.03748981255093731,-0.005080440304826461,-0.024555461473327767
2022-09-16,512690,bear,-0.0,-0.04347826086956508,-0.08545034642032323,0.008917197452229297,-0.014668281543603837,-0.05826397146254447,0.005050505050504972,-0.06944444444444453
2022-09-16,159928,bear,0.0009756097560974508,-0.026615969581749055,-0.06141154903758017,0.001956947162426559,-0.011261312235577477,-0.052728954671600325,-0.010742187500000111,-0.0556640625
2022-09-16,512010,bear,0.02819956616052066,-0.07628865979381438,-0.125,-0.1578947368421053,-0.013922601722279146,-0.07438016528925617,-0.0647321428571429,0.0558035714285714
2022-09-16,159801,bear,0.0491803278688524,-0.12678288431061802,-0.054888507718696244,-0.19620714806710426,-0.013719045516333336,-0.10913500404203713,-0.07259528130671511,-0.09528130671506363
2022-09-16,512890,bear,0.02491506228765572,0.0487210718635811,0.03985507246376807,0.06956521739130417,-0.011575174297463681,-0.03691275167785235,-0.010452961672473893,-0.0325203252032521
2022-09-16,510880,bear,0.027406199021207223,0.02124015073655361,0.03542896839180276,0.03041825095057038,-0.01270099578333552,-0.040862290862290984,0.004025494800402596,-0.011741026501174034
2022-09-16,168204,bear,0.05082284607938037,0.03646934460887952,0.08582502768549283,0.17144563918757472,-0.024311808479049332,-0.06396181384248212,0.023457419683834857,-0.03620601733809292
2022-09-16,512400,bear,0.04922067268252672,-0.08811959087332799,-0.09805447470817108,-0.09098039215686271,-0.02125756773099919,-0.10363495746326368,0.012079378774805916,-0.07247627264883527
2022-09-23,512480,bear,0.06740331491712714,-0.1068783068783069,-0.16765285996055235,-0.19542421353670159,-0.014106917736726227,-0.11623036649214658,-0.02962085308056872,-0.0082938388625593
2022-09-23,159995,bear,0.06865401987353215,-0.12701100762066053,-0.1989121989121989,-0.21297709923664132,-0.012557007591472108,-0.12180579216354348,-0.02424830261881661,-0.01842870999030055
2022-09-23,512760,bear,0.07432432432432434,-0.11856617647058831,-0.17823479005998288,-0.2014987510407994,-0.01372908006659908,-0.1242009132420091,-0.029197080291970767,-0.010427528675703845
2022-09-23,515050,bear,0.05938242280285033,-0.1353711790393013,-0.1574468085106382,-0.14747039827771802,-0.011222433525348265,-0.13157894736842102,-0.04292929292929293,-0.06186868686868696
2022-09-23,512000,bear,0.015587529976019199,-0.0837053571428572,-0.12098501070663825,-0.11147186147186161,-0.014533796924848068,-0.08676307007786432,-0.04628501827040188,-0.06211936662606565
2022-09-23,515030,bear,-0.011266094420600892,-0.1187470780738662,-0.20025456088247784,-0.05985037406483784,-0.017775679968516145,-0.11750936329588024,-0.0546419098143236,-0.10238726790450936
2022-09-23,159875,bear,-0.00832342449464929,-0.1203319502074689,-0.15621890547263673,-0.03745743473325769,-0.02040428610591094,-0.1175858480749219,-0.03537735849056611,-0.057783018867924474
2022-09-23,512660,bear,0.005080440304826461,0.0,0.00427350427350448,0.021739130434782705,-0.014986408521535712,-0.03767403767403765,-0.07574468085106378,0.0034042553191488967
2022-09-23,512690,bear,-0.005050505050504972,-0.036319612590798966,-0.14683815648445875,0.07277628032345018,-0.013693398986350743,-0.053507728894173545,0.0364321608040199,-0.1733668341708543
2022-09-23,159928,bear,0.010742187500000111,-0.05238540692235738,-0.12370242214532878,0.006958250497017815,-0.010669498296964907,-0.06290471785383911,0.02862783810463987,-0.1470878578479763
2022-09-23,512010,bear,0.0647321428571429,-0.12343096234309625,-0.2367941712204008,-0.22118959107806702,-0.014514843746931344,-0.12708333333333333,0.05489260143198105,0.07398568019093088
2022-09-23,159801,bear,0.07259528130671511,-0.1302127659574468,-0.19968676585747835,-0.2156561780506523,-0.012161341773633927,-0.12425021422450733,-0.021526418786692814,-0.017612524461839585
2022-09-23,512890,bear,0.010452961672473893,0.009478672985782088,0.004716981132075526,0.030229746070133068,-0.011223972271326219,-0.046979865771812124,-0.0199530516431925,-0.07042253521126751
2022-09-23,510880,bear,-0.004025494800402596,-0.002665778073975389,0.009784075573549211,0.006727211570803915,-0.01112639258900684,-0.03700128700128702,-0.011025726695623073,-0.059806214500501165
2022-09-23,168204,bear,-0.023457419683834857,-0.04154727793696267,0.06698564593301448,0.17712609970674498,-0.021342716016842025,-0.042004773269689766,-0.013452914798206317,-0.10014947683109121
2022-09-23,512400,bear,-0.012079378774805916,-0.06159999999999999,-0.10730593607305938,-0.07999999999999985,-0.020140650195136802,-0.06682577565632442,-0.07246376811594202,-0.1048593350383632
2022-09-30,512480,bear,0.02962085308056872,-0.10687022900763365,-0.17356205852674067,-0.15740740740740744,-0.016154040626082306,-0.14240837696335085,-0.03174603174603163,0.09645909645909656
2022-09-30,159995,bear,0.02424830261881661,-0.11676909569798066,-0.20348376880443386,-0.16652858326429165,-0.014295247082706047,-0.14310051107325383,-0.01988071570576544,0.0844930417495029
2022-09-30,512760,bear,0.029197080291970767,-0.11753554502369656,-0.18045774647887314,-0.16352201257861632,-0.01558622514932865,-0.1497716894977168,-0.027926960257787403,0.10418904403866813
2022-09-30,515050,bear,0.04292929292929293,-0.1376564277588168,-0.16519823788546262,-0.12773302646720364,-0.012174222722918977,-0.15964523281596454,0.02110817941952514,0.07651715039577822
2022-09-30,512000,bear,0.04628501827040188,-0.10921501706484638,-0.13289036544850497,-0.1535135135135135,-0.01556611800125137,-0.12903225806451613,0.033205619412516096,0.04214559386973171
2022-09-30,515030,bear,0.0546419098143236,-0.1049723756906078,-0.28174123337363965,-0.05363781200212425,-0.020271383742316927,-0.1251840942562592,0.047138047138047146,0.0785634118967451
2022-09-30,159875,bear,0.03537735849056611,-0.09111111111111114,-0.22684310018903597,-0.0012210012210012167,-0.021116949491342664,-0.12700106723585924,0.05623471882640585,0.07701711491442542
2022-09-30,512660,bear,0.07574468085106378,-0.0406360424028267,-0.09725685785536153,0.009293680297397744,-0.018077406559367168,-0.11056511056511054,0.03499079189686927,0.11233885819521161
2022-09-30,512690,bear,-0.0364321608040199,-0.001210653753026647,-0.06989853438556937,0.11036339165545073,-0.01469392557489015,-0.015513126491646823,-0.05090909090909079,-0.1078787878787878
2022-09-30,159928,bear,-0.02862783810463987,-0.019755409219190834,-0.0778761061946901,0.05252525252525264,-0.012907524731304167,-0.011385199240986688,-0.019193857965451033,-0.09500959692898281
2022-09-30,512010,bear,-0.05489260143198105,-0.07531380753138073,-0.19782214156079858,-0.14341085271317833,-0.020560446444141987,-0.06947368421052624,0.09049773755656099,0.08144796380090491
2022-09-30,159801,bear,0.021526418786692814,-0.11894273127753308,-0.20191540303272137,-0.167360532889259,-0.01366218124305637,-0.14310197086546705,-0.020000000000000018,0.08600000000000008
2022-09-30,512890,bear,0.0199530516431925,-0.022248243559718994,0.0011990407673860837,-0.035796766743648956,-0.011947875445358969,-0.06599552572706946,0.014371257485029876,-0.0479041916167664
2022-09-30,510880,bear,0.011025726695623073,-0.008375209380234505,0.008174386920980936,-0.03864891198441056,-0.01148730278729748,-0.04761904761904767,0.00540540540540535,-0.044256756756756666
2022-09-30,168204,bear,0.013452914798206317,-0.003522898842476141,0.07084910762574359,0.13793103448275867,-0.01926954505351933,-0.05489260143198105,-0.0035353535353535026,-0.07979797979797976
2022-09-30,512400,bear,0.07246376811594202,-0.07874682472480943,-0.19287833827893175,-0.12187247780468125,-0.022980941520306785,-0.13375796178343946,0.030330882352941124,0.05422794117647056
2022-10-14,512480,bear_high_vol,0.03174603174603163,-0.1581740976645435,-0.15096359743040688,-0.14455231930960089,-0.02468766661034175,-0.1581740976645435,0.0390920554854981,0.0781841109709962
2022-10-14,159995,bear_high_vol,0.01988071570576544,-0.1558219178082192,-0.17351215423302602,-0.14186248912097477,-0.022633521434445945,-0.15292096219931262,0.01521298174442176,0.06186612576064898
2022-10-14,512760,bear_high_vol,0.027926960257787403,-0.16512915129151295,-0.15578358208955223,-0.1429924242424243,-0.023915285388388396,-0.16358595194085035,0.03867403314917128,0.07624309392265194
2022-10-14,515050,bear_high_vol,-0.02110817941952514,-0.1283783783783784,-0.12542372881355934,-0.07082833133253297,-0.018780717621295295,-0.13131313131313127,-0.009043927648578864,0.028423772609819098
2022-10-14,512000,bear_high_vol,-0.033205619412516096,-0.08380520951302373,-0.082766439909297,-0.12540540540540535,-0.01636087345943394,-0.10011123470522798,-0.0012360939431397266,0.029666254635352107
2022-10-14,515030,bear_high_vol,-0.047138047138047146,-0.06325301204819267,-0.2119932432432432,0.0811123986095017,-0.023227516202013705,-0.08033514046328227,-0.03483386923901399,0.010182207931404008
2022-10-14,159875,bear_high_vol,-0.05623471882640585,-0.06392199349945837,-0.16602316602316602,0.14437086092715234,-0.023653399343183498,-0.06695464362850978,-0.03819444444444453,-0.01620370370370372
2022-10-14,512660,bear_high_vol,-0.03499079189686927,-0.0679933665008291,-0.04826418289585088,0.1073891625615766,-0.018679883956455843,-0.07944307944307938,0.02491103202846956,0.03558718861209953
2022-10-14,512690,bear_high_vol,0.05090909090909079,-0.011363636363636354,-0.09269988412514485,-0.0012755102040816757,-0.019862901845935158,-0.06563245823389019,-0.05874840357598987,-0.047254150702426556
2022-10-14,159928,bear_high_vol,0.019193857965451033,-0.0029268292682925745,-0.07678410117434509,-0.013513513513513487,-0.013959480338523114,-0.028517110266159773,-0.05381604696673192,-0.06751467710371828
2022-10-14,512010,bear_high_vol,-0.09049773755656099,0.045553145336225453,-0.11070110701107017,-0.06407766990291264,-0.03176780116863054,0.0,-0.018672199170124526,-0.03112033195020736
2022-10-14,159801,bear_high_vol,0.020000000000000018,-0.15444348576358935,-0.17159763313609477,-0.14485165794066313,-0.0220099911402483,-0.1522491349480969,0.0173469387755103,0.06428571428571428
2022-10-14,512890,bear_high_vol,-0.014371257485029876,-0.040770101925254876,0.03041362530413627,-0.012820512820512886,-0.01049011820555273,-0.05257270693512306,-0.016528925619834767,-0.02715466351829987
2022-10-14,510880,bear_high_vol,-0.00540540540540535,-0.02903752039151708,0.026915113871635477,-0.02617801047120416,-0.010514327175167858,-0.0424710424710425,-0.010080645161290258,-0.01848118279569899
2022-10-14,168204,bear_high_vol,0.0035353535353535026,-0.04501452081316537,0.09977703455964337,0.07873154729360321,-0.01580091283771197,-0.05326295585412666,-0.04206791687785105,-0.06031424227065385
2022-10-14,512400,bear_high_vol,-0.030330882352941124,-0.08039376538146026,-0.11801730920535003,-0.06893687707641194,-0.022567037758006177,-0.10748407643312108,-0.041034790365744866,0.05263157894736836
2022-10-21,512480,bear_high_vol,-0.0390920554854981,-0.08950276243093935,-0.14077163712200214,-0.06892655367231648,-0.02821272905317202,-0.07311586051743535,0.01577669902912615,0.095873786407767
2022-10-21,159995,bear_high_vol,-0.01521298174442176,-0.09575429087624221,-0.16652789342214835,-0.08333333333333348,-0.024104873120197635,-0.07996323529411786,0.010989010989011172,0.0919080919080919
2022-10-21,512760,bear_high_vol,-0.03867403314917128,-0.0926640926640927,-0.14311759343664543,-0.06746031746031755,-0.02694398788533733,-0.07389162561576346,0.009574468085106425,0.08829787234042552
2022-10-21,515050,bear_high_vol,0.009043927648578864,-0.0890736342042755,-0.1626637554585153,-0.05308641975308648,-0.018212780157607196,-0.0714285714285714,-0.031290743155150014,0.08996088657105594
2022-10-21,512000,bear_high_vol,0.0012360939431397266,-0.031175059952038287,-0.07762557077625565,-0.08077360637087594,-0.010807885744106606,-0.01941747572815522,-0.04702970297029707,0.04950495049504933
2022-10-21,515030,bear_high_vol,0.03483386923901399,-0.033798283261802675,-0.2093942054433714,0.12141967621419658,-0.02124132868298078,-0.06441558441558448,-0.06052193225985558,-0.014991671293725695
2022-10-21,159875,bear_high_vol,0.03819444444444453,-0.01189060642092743,-0.16398390342052316,0.18714285714285706,-0.020269529806823904,-0.03819444444444453,-0.038507821901323624,-0.022864019253910794
2022-10-21,512660,bear_high_vol,-0.02491103202846956,-0.024555461473327767,-0.03678929765886296,0.180327868852459,-0.01817880798277363,-0.025380710659898553,0.023437500000000222,0.00694444444444442
2022-10-21,512690,bear_high_vol,0.05874840357598987,-0.06944444444444453,-0.14002333722287053,-0.04533678756476689,-0.02055150756739279,-0.12052505966587113,-0.10719131614653998,0.02170963364993228
2022-10-21,159928,bear_high_vol,0.05381604696673192,-0.0556640625,-0.11689497716894981,-0.05288932419196857,-0.014177548460945075,-0.08079847908745252,-0.10651499482936921,-0.013443640124095158
2022-10-21,512010,bear_high_vol,0.018672199170124526,0.0558035714285714,-0.10246679316888052,-0.014583333333333393,-0.030555713895839862,-0.022727272727272707,-0.04862579281183921,0.029598308668076223
2022-10-21,159801,bear_high_vol,-0.0173469387755103,-0.09528130671506363,-0.16638795986622068,-0.08615948670944085,-0.023800073064937772,-0.07855822550831804,0.007021063189568633,0.08726178535606821
2022-10-21,512890,bear_high_vol,0.016528925619834767,-0.0325203252032521,0.01833740831295838,0.0012019230769231282,-0.007350371201004172,-0.03587962962962965,-0.049219687875149964,-0.020408163265306145
2022-10-21,510880,bear_high_vol,0.010080645161290258,-0.011741026501174034,0.022206800832754947,0.007179487179487243,-0.008122333932454076,-0.023533311236327403,-0.044806517311609007,-0.02342158859470478
2022-10-21,168204,bear_high_vol,0.04206791687785105,-0.03620601733809292,0.04999999999999982,0.10850439882697938,-0.013939636681818225,-0.07624633431085037,-0.0444444444444444,-0.06719576719576725
2022-10-21,512400,bear_high_vol,0.041034790365744866,-0.07247627264883527,-0.14342629482071712,-0.020947176684881774,-0.020465935014763476,-0.1071428571428571,-0.023255813953488302,0.04558139534883732
2022-10-28,512480,bear_high_vol,-0.01577669902912615,-0.0082938388625593,-0.11615628299894398,-0.0357142857142857,-0.028226649778168904,-0.03125,0.07287933094384713,0.032258064516129004
2022-10-28,159995,bear_high_vol,-0.010989010989011172,-0.01842870999030055,-0.1474304970513901,-0.062962962962963,-0.025138928408225413,-0.03619047619047622,0.07806324110671925,0.03458498023715406
2022-10-28,512760,bear_high_vol,-0.009574468085106425,-0.010427528675703845,-0.1301558203483043,-0.04431017119838876,-0.027449380857588933,-0.031632653061224536,0.08324552160168608,0.03477344573234986
2022-10-28,515050,bear_high_vol,0.031290743155150014,-0.06186868686868696,-0.19151251360174104,-0.1058965102286401,-0.020158342697844295,-0.06892230576441105,0.09825033647375503,0.07671601615074031
2022-10-28,512000,bear_high_vol,0.04702970297029707,-0.06211936662606565,-0.12200684150513108,-0.08659549228944241,-0.012535533208899864,-0.051724137931034475,0.05974025974025965,0.08961038961038947
2022-10-28,515030,bear_high_vol,0.06052193225985558,-0.10238726790450936,-0.25,0.0029638411381149865,-0.022860028129813966,-0.1132075471698113,0.13593380614657202,0.021867612293144267
2022-10-28,159875,bear_high_vol,0.038507821901323624,-0.057783018867924474,-0.19779116465863444,0.09452054794520559,-0.02163535320839492,-0.0752314814814814,0.10262828535669577,-0.006257822277847325
2022-10-28,512660,bear_high_vol,-0.023437500000000222,0.0034042553191488967,-0.02722772277227714,0.20183486238532122,-0.01840976076502932,-0.02238805970149249,0.024597116200169467,-0.03562340966921118
2022-10-28,512690,bear_high_vol,0.10719131614653998,-0.1733668341708543,-0.2295081967213114,-0.1607142857142857,-0.02398262675114611,-0.21479713603818607,0.11854103343465039,0.10030395136778103
2022-10-28,159928,bear_high_vol,0.10651499482936921,-0.1470878578479763,-0.20733944954128447,-0.14792899408284022,-0.017645426180199604,-0.17870722433460084,0.09143518518518512,0.0682870370370372
2022-10-28,512010,bear_high_vol,0.04862579281183921,0.07398568019093088,-0.11067193675889331,-0.06054279749478075,-0.034530395118097204,-0.07024793388429751,0.06222222222222218,0.03333333333333344
2022-10-28,159801,bear_high_vol,-0.007021063189568633,-0.017612524461839585,-0.14915254237288134,-0.06864564007421159,-0.02451612695175366,-0.0373921380632789,0.08167330677290852,0.03884462151394419
2022-10-28,512890,bear_high_vol,0.049219687875149964,-0.07042253521126751,-0.03883495145631055,-0.049219687875149964,-0.008266264284864376,-0.06493506493506485,0.0037878787878788955,0.0719696969696968
2022-10-28,510880,bear_high_vol,0.044806517311609007,-0.059806214500501165,-0.03729045501197403,-0.02223766504517033,-0.008902515529476662,-0.05886287625418063,0.005330490405117239,0.05401563610518845
2022-10-28,168204,bear_high_vol,0.0444444444444444,-0.10014947683109121,-0.021138211382113803,0.07949790794979084,-0.01096912595864383,-0.09699999999999998,0.008859357696566983,0.005537098560354448
2022-10-28,512400,bear_high_vol,0.023255813953488302,-0.1048593350383632,-0.1699604743083003,-0.045454545454545525,-0.01915446075113051,-0.08376963350785327,0.09238095238095245,0.06761904761904747
2022-11-04,512480,bear_high_vol,-0.07287933094384713,0.09645909645909656,-0.08646998982706,-0.011013215859030812,-0.02018859148890255,0.0,-0.04788418708240538,-0.03229398663697103
2022-11-04,159995,bear_high_vol,-0.07806324110671925,0.0844930417495029,-0.103533278553821,-0.027629233511586526,-0.018346305175280977,0.0,-0.04032997250229153,-0.03849679193400557
2022-11-04,512760,bear_high_vol,-0.08324552160168608,0.10418904403866813,-0.0886524822695034,-0.006763285024154464,-0.019239520632790788,0.0,-0.05252918287937747,-0.04182879377431914
2022-11-04,515050,bear_high_vol,-0.09825033647375503,0.07651715039577822,-0.11014176663031638,-0.04112808460634554,-0.017310679599889044,0.0,-0.02450980392156854,-0.007352941176470451
2022-11-04,512000,bear_high_vol,-0.05974025974025965,0.04214559386973171,-0.02392344497607657,-0.01210653753026636,-0.014901708218506855,0.0,0.02083333333333326,0.05024509803921573
2022-11-04,515030,bear_high_vol,-0.13593380614657202,0.0785634118967451,-0.12952898550724645,0.08342728297632473,-0.025445060209599957,0.0,-0.019250780437044757,-0.0754422476586889
2022-11-04,159875,bear_high_vol,-0.10262828535669577,0.07701711491442542,-0.07941483803552762,0.14119170984455964,-0.023192690062040017,0.0,-0.03518728717366637,-0.0783200908059023
2022-11-04,512660,bear_high_vol,-0.024597116200169467,0.11233885819521161,0.006666666666666599,0.1705426356589146,-0.01370298385987303,-0.0016528925619834212,-0.036423841059602724,-0.0620860927152318
2022-11-04,512690,bear_high_vol,-0.11854103343465039,-0.1078787878787878,-0.12485136741973835,-0.03285151116951379,-0.029318889469535092,-0.061224489795918435,0.013586956521739246,0.05978260869565233
2022-11-04,159928,bear_high_vol,-0.09143518518518512,-0.09500959692898281,-0.11704119850187278,-0.052261306532663365,-0.02323585822924848,-0.0772994129158513,0.010604453870625585,0.046659597030753064
2022-11-04,512010,bear_high_vol,-0.06222222222222218,0.08144796380090491,-0.03629032258064524,-0.0020876826722338038,-0.03233084385779897,-0.012396694214875992,-0.023012552301255096,-0.01882845188284521
2022-11-04,159801,bear_high_vol,-0.08167330677290852,0.08600000000000008,-0.10247933884297511,-0.03035714285714286,-0.01871383732722912,0.0,-0.039594843462246954,-0.04143646408839796
2022-11-04,512890,bear_high_vol,-0.0037878787878788955,-0.0479041916167664,0.0,-0.03519417475728148,-0.010831555147609789,-0.06139315230224318,0.03647798742138364,0.07044025157232703
2022-11-04,510880,bear_high_vol,-0.005330490405117239,-0.044256756756756666,0.0028358738036158293,0.01579892280071804,-0.011474409195559565,-0.05384615384615388,0.03252032520325199,0.050547896783315505
2022-11-04,168204,bear_high_vol,-0.008859357696566983,-0.07979797979797976,0.034052213393870545,0.13027295285359797,-0.013495052951850954,-0.08899999999999997,0.01756311745334793,-0.005488474204171201
2022-11-04,512400,bear_high_vol,-0.09238095238095245,0.05422794117647056,-0.0697485806974859,0.04462659380692169,-0.02083873525454006,0.0,0.028770706190061057,-0.013077593722755076
2022-11-11,512480,bear_high_vol,0.04788418708240538,0.0781841109709962,-0.20018709073900842,-0.08556149732620333,-0.01979073969017788,-0.04788418708240538,0.056140350877192935,0.025730994152046716
2022-11-11,159995,bear_high_vol,0.04032997250229153,0.06186612576064898,-0.18711180124223614,-0.09974204643164242,-0.01716390094911272,-0.04032997250229153,0.04393505253104113,0.012416427889207382
2022-11-11,512760,bear_high_vol,0.05252918287937747,0.07624309392265194,-0.19570602807597037,-0.09141791044776126,-0.019509113950339014,-0.05252918287937747,0.0503080082135523,0.02361396303901442
2022-11-11,515050,bear_high_vol,0.02450980392156854,0.028423772609819098,-0.17683557394002059,-0.0808314087759815,-0.016987421836887055,-0.030450669914737993,0.05025125628140703,0.013819095477386911
2022-11-11,512000,bear_high_vol,-0.02083333333333326,0.029666254635352107,-0.07238307349665929,0.0012019230769231282,-0.014943911563774432,0.0,0.01800720288115243,0.055222088835534366
2022-11-11,515030,bear_high_vol,0.019250780437044757,0.010182207931404008,-0.16035634743875282,0.012896292315959235,-0.024623213316618285,-0.0253360910031023,-0.05888594164456229,-0.03023872679045092
2022-11-11,159875,bear_high_vol,0.03518728717366637,-0.01620370370370372,-0.14228052472250252,0.0691823899371069,-0.021992424913378644,-0.03628117913832207,-0.04470588235294104,-0.04823529411764693
2022-11-11,512660,bear_high_vol,0.036423841059602724,0.03558718861209953,-0.0717703349282297,0.10227272727272707,-0.01371908530971826,-0.03801652892561991,-0.0034364261168384758,-0.04381443298969068
2022-11-11,512690,bear_high_vol,-0.013586956521739246,-0.047254150702426556,-0.11190476190476184,-0.019710906701708275,-0.02970406178286307,-0.03242542153047989,0.009383378016085908,0.1394101876675602
2022-11-11,159928,bear_high_vol,-0.010604453870625585,-0.06751467710371828,-0.10767790262172294,-0.03542510121457498,-0.024547441705277704,-0.06385068762278989,0.0010493179433368471,0.09129066107030437
2022-11-11,512010,bear_high_vol,0.023012552301255096,-0.03112033195020736,-0.0752475247524752,0.0021459227467810482,-0.022868115765645257,-0.0351239669421487,0.042826552462526646,0.0064239828693788414
2022-11-11,159801,bear_high_vol,0.039594843462246954,0.06428571428571428,-0.18324197337509784,-0.10163652024117154,-0.017253123028060667,-0.039594843462246954,0.03930968360498577,0.0086289549376799
2022-11-11,512890,bear_high_vol,-0.03647798742138364,-0.02715466351829987,0.009803921568627416,-0.009615384615384581,-0.013010993639375572,-0.022538552787663146,-0.009708737864077666,0.04004854368932054
2022-11-11,510880,bear_high_vol,-0.03252032520325199,-0.01848118279569899,0.011426592797783908,0.03069865913902592,-0.011804563043200446,-0.015503875968992387,-0.015063334474495038,0.033892502567614
2022-11-11,168204,bear_high_vol,-0.01756311745334793,-0.06031424227065385,0.010905125408942284,0.1155234657039712,-0.014423308167856709,-0.04825462012320325,-0.049083063646170544,-0.023193096008630065
2022-11-11,512400,bear_high_vol,-0.028770706190061057,0.05263157894736836,-0.0866873065015481,0.04982206405693934,-0.021198144093940243,0.0,-0.047457627118643875,-0.0059322033898304705
2022-11-18,512480,bear_high_vol,-0.056140350877192935,0.095873786407767,-0.125,-0.02588996763754048,-0.022785087652108592,-0.024838012958963263,-0.04318936877076418,-0.03322259136212624
2022-11-18,159995,bear_high_vol,-0.04393505253104113,0.0919080919080919,-0.14274509803921565,-0.04790940766550522,-0.022204690083507984,-0.024977698483496846,-0.04208600182982625,-0.034766697163769456
2022-11-18,512760,bear_high_vol,-0.0503080082135523,0.08829787234042552,-0.13670886075949373,-0.02941176470588247,-0.022899303973294247,-0.0257142857142858,-0.040078201368523914,-0.028347996089931438
2022-11-18,515050,bear_high_vol,-0.05025125628140703,0.08996088657105594,-0.13903192584963953,-0.014150943396226467,-0.020313862975826727,-0.014150943396226467,-0.04306220095693769,-0.03229665071770327
2022-11-18,512000,bear_high_vol,-0.01800720288115243,0.04950495049504933,-0.05462653288740249,0.024154589371980784,-0.01686689205313566,-0.024165707710011475,-0.010613207547169767,0.009433962264151052
2022-11-18,515030,bear_high_vol,0.05888594164456229,-0.014991671293725695,-0.2164310954063603,-0.036393264530146685,-0.026465250715649435,-0.0827300930713547,-0.025366403607666288,-0.002818489289740711
2022-11-18,159875,bear_high_vol,0.04470588235294104,-0.022864019253910794,-0.20934761441090544,0.008695652173912993,-0.02336538192696767,-0.0793650793650793,-0.022167487684729092,-0.04802955665024633
2022-11-18,512660,bear_high_vol,0.0034364261168384758,0.00694444444444442,-0.062247372675828805,0.12403100775193798,-0.012930736621237227,-0.04132231404958686,-0.019827586206896508,-0.06465517241379304
2022-11-18,512690,bear_high_vol,-0.009383378016085908,0.02170963364993228,-0.0905797101449275,-0.0026490066225165476,-0.025476875223881607,-0.009210526315789447,-0.03851261620185931,0.14608233731739717
2022-11-18,159928,bear_high_vol,-0.0010493179433368471,-0.013443640124095158,-0.09315589353612175,-0.029501525940996975,-0.02148514411093421,-0.007284079084287187,-0.032494758909853205,0.09958071278825997
2022-11-18,512010,bear_high_vol,-0.042826552462526646,0.029598308668076223,0.004123711340206171,0.05183585313174932,-0.02129844009498464,0.0,-0.045174537987679564,-0.03490759753593431
2022-11-18,159801,bear_high_vol,-0.03930968360498577,0.08726178535606821,-0.1410459587955626,-0.04912280701754368,-0.022011954274449685,-0.02780269058295959,-0.037822878228782386,-0.032287822878228956
2022-11-18,512890,bear_high_vol,0.009708737864077666,-0.020408163265306145,-0.006090133982947665,-0.019230769230769273,-0.012104962048060035,-0.009708737864077666,0.040441176470588314,0.026960784313725616
2022-11-18,510880,bear_high_vol,0.015063334474495038,-0.02342158859470478,-0.014388489208633226,0.004188481675392541,-0.01108903649342853,-0.015063334474495038,0.03093500173792152,0.026416405978449742
2022-11-18,168204,bear_high_vol,0.049083063646170544,-0.06719576719576725,-0.06818181818181823,-0.007319819819819884,-0.014965047244748278,-0.04959568733153641,0.03006239364719243,-0.004537719795802642
2022-11-18,512400,bear_high_vol,0.047457627118643875,0.04558139534883732,-0.11565696302124295,-0.037671232876712146,-0.0222530450638224,-0.047457627118643875,-0.002669039145907548,-0.008007117437722533
2022-11-25,512480,bear_high_vol,0.04318936877076418,0.032258064516129004,-0.08571428571428563,-0.0876451953537486,-0.02206598937680069,-0.06695464362850978,0.0057870370370369795,-0.0659722222222221
2022-11-25,159995,bear_high_vol,0.04208600182982625,0.03458498023715406,-0.11346316680779012,-0.09974204643164242,-0.021164147680638654,-0.06601248884924182,0.0019102196752627254,-0.06399235912129886
2022-11-25,512760,bear_high_vol,0.040078201368523914,0.03477344573234986,-0.09742647058823539,-0.08651162790697675,-0.02168030991403975,-0.0647619047619048,0.003054989816700715,-0.06517311608961296
2022-11-25,515050,bear_high_vol,0.04306220095693769,0.07671601615074031,-0.1266375545851528,-0.10813823857302118,-0.018181694827730376,-0.05660377358490554,0.012499999999999956,-0.03125
2022-11-25,512000,bear_high_vol,0.010613207547169767,0.08961038961038947,-0.06361607142857151,-0.005924170616113722,-0.0159687327167972,-0.03452243958573076,0.021454112038140627,-0.015494636471990453
2022-11-25,515030,bear_high_vol,0.025366403607666288,0.021867612293144267,-0.1916783543712014,-0.10599793174767314,-0.02467011329582083,-0.10599793174767314,0.0277617119722382,-0.031231925968768115
2022-11-25,159875,bear_high_vol,0.022167487684729092,-0.006257822277847325,-0.17634854771784225,-0.04567307692307687,-0.022186603077007035,-0.09977324263038545,0.02267002518891692,-0.08060453400503786
2022-11-25,512660,bear_high_vol,0.019827586206896508,-0.03562340966921118,-0.03234042553191496,0.04599816007359703,-0.010724108514121785,-0.06033057851239665,-0.0035180299032542273,-0.09146877748460869
2022-11-25,512690,bear_high_vol,0.03851261620185931,0.10030395136778103,-0.12348668280871666,-0.10396039603960405,-0.023466370864983644,-0.047368421052631615,0.07734806629834257,0.18370165745856348
2022-11-25,159928,bear_high_vol,0.032494758909853205,0.0682870370370372,-0.13657623947614583,-0.09598432908912813,-0.01954943313036301,-0.03954214360041619,0.06933911159263273,0.12242686890574217
2022-11-25,512010,bear_high_vol,0.045174537987679564,0.03333333333333344,-0.027196652719665204,-0.02310924369747891,-0.015954463696972624,-0.045174537987679564,0.008602150537634357,-0.0021505376344086446
2022-11-25,159801,bear_high_vol,0.037822878228782386,0.03884462151394419,-0.11234042553191503,-0.10240963855421692,-0.02087251958080891,-0.06457399103139017,-0.0019175455417066445,-0.06711409395973145
2022-11-25,512890,bear_high_vol,-0.040441176470588314,0.0719696969696968,0.005924170616113722,0.004733727810650956,-0.010403745374253832,0.0,0.002355712603062443,-0.04711425206124842
2022-11-25,510880,bear_high_vol,-0.03093500173792152,0.05401563610518845,-0.011662779073641993,0.021701687909059686,-0.008457929315960127,0.0,0.0020229265003370855,-0.03877275792312884
2022-11-25,168204,bear_high_vol,-0.03006239364719243,0.005537098560354448,-0.13276026743075442,-0.025751072961373467,-0.0137837866545249,-0.02049622437971954,-0.0022026431718061845,-0.08259911894273131
2022-11-25,512400,bear_high_vol,0.002669039145907548,0.06761904761904747,-0.10319999999999996,-0.03611349957007737,-0.020221127130956928,-0.04999999999999993,0.009812667261373642,-0.055307760927743144
2022-12-02,512480,bear_high_vol,-0.0057870370370369795,-0.03229398663697103,-0.052344601962922566,-0.09100418410041833,-0.021322742281219404,-0.06155507559395257,0.009205983889528202,-0.05178365937859608
2022-12-02,159995,bear_high_vol,-0.0019102196752627254,-0.03849679193400557,-0.07901668129938555,-0.10647359454855199,-0.020716728323623965,-0.06422836752899208,0.01048617731172552,-0.046711153479504275
2022-12-02,512760,bear_high_vol,-0.003054989816700715,-0.04182879377431914,-0.06635071090047384,-0.09466911764705888,-0.020684516415093862,-0.06190476190476191,0.012182741116751217,-0.05177664974619278
2022-12-02,515050,bear_high_vol,-0.012499999999999956,-0.007352941176470451,-0.07849829351535831,-0.09395973154362414,-0.01730152056974387,-0.04481132075471694,-0.0037037037037036535,-0.024691358024691357
2022-12-02,512000,bear_high_vol,-0.021454112038140627,0.05024509803921573,-0.025028441410694047,-0.029445073612684003,-0.01607756376126611,-0.013808975834292303,0.025670945157526326,-0.029171528588098017
2022-12-02,515030,bear_high_vol,-0.0277617119722382,-0.0754422476586889,-0.10748367654445012,-0.13570038910505844,-0.017378400694004904,-0.0811789038262668,0.028700056274620245,-0.05571187394485089
2022-12-02,159875,bear_high_vol,-0.02267002518891692,-0.0783200908059023,-0.09777777777777774,-0.08558558558558549,-0.015872249135438644,-0.0793650793650793,-0.003694581280788145,-0.06896551724137934
2022-12-02,512660,bear_high_vol,0.0035180299032542273,-0.0620860927152318,0.0008833922261484162,0.04327808471454864,-0.010621604576279566,-0.04549283909014323,-0.017652250661959412,-0.05030891438658425
2022-12-02,512690,bear_high_vol,-0.07734806629834257,0.05978260869565233,-0.0556900726392251,-0.05454545454545445,-0.018485672085909236,0.0,0.08974358974358965,0.08974358974358965
2022-12-02,159928,bear_high_vol,-0.06933911159263273,0.046659597030753064,-0.07149576669802438,-0.0500481231953801,-0.014516252184660376,0.0,0.05369807497467072,0.05775075987841949
2022-12-02,512010,bear_high_vol,-0.008602150537634357,-0.01882845188284521,-0.01882845188284521,-0.03893442622950827,-0.014342236479973349,-0.03696098562628336,0.002132196162046851,0.019189765458422103
2022-12-02,159801,bear_high_vol,0.0019175455417066445,-0.04143646408839796,-0.082819383259912,-0.10949529512403777,-0.020390272678690945,-0.06636771300448441,0.01056676272814605,-0.04610951008645525
2022-12-02,512890,bear_high_vol,-0.002355712603062443,0.07044025157232703,-0.003512880562060894,0.0047225501770955525,-0.012206470703388676,-0.01504629629629628,0.007050528789659172,-0.03877790834312578
2022-12-02,510880,bear_high_vol,-0.0020229265003370855,0.050547896783315505,-0.004355108877721947,0.009510869565217295,-0.010341075335229346,-0.020435069215556934,0.016150740242261152,-0.03667563930013462
2022-12-02,168204,bear_high_vol,0.0022026431718061845,-0.005488474204171201,-0.08807247106190241,-0.07880020335536353,-0.011918494927428401,-0.02265372168284796,-0.0005518763796910076,-0.08222958057395147
2022-12-02,512400,bear_high_vol,-0.009812667261373642,-0.013077593722755076,-0.0414902624894159,-0.09656823623304067,-0.01412420696564637,-0.04067796610169494,0.03621908127208484,-0.06095406360424027
2022-12-09,512480,bear_high_vol,-0.009205983889528202,0.025730994152046716,-0.06900212314225052,-0.08930425752855653,-0.020844314035239054,-0.05291576673866094,-0.004561003420752607,-0.04104903078677313
2022-12-09,159995,bear_high_vol,-0.01048617731172552,0.012416427889207382,-0.09246575342465746,-0.10548523206751059,-0.02035902308571938,-0.054415700267618106,-0.004716981132075526,-0.03962264150943395
2022-12-09,512760,bear_high_vol,-0.012182741116751217,0.02361396303901442,-0.08025830258302591,-0.09281164695177435,-0.02013692187632392,-0.05047619047619056,-0.0030090270812437314,-0.04312938816449352
2022-12-09,515050,bear_high_vol,0.0037037037037036535,0.013819095477386911,-0.09121621621621612,-0.11123348017621137,-0.01621470238458482,-0.04834905660377353,0.0024783147459728205,0.0074349442379180175
2022-12-09,512000,bear_high_vol,-0.025670945157526326,0.055222088835534366,-0.0045300113250282825,-0.055853920515574695,-0.01668833701815594,-0.006779661016949157,-0.026166097838452806,-0.019340159271899915
2022-12-09,515030,bear_high_vol,-0.028700056274620245,-0.03023872679045092,-0.08232931726907622,-0.15992647058823528,-0.0154042583121256,-0.02506666666666668,-0.032275711159737486,-0.0448577680525164
2022-12-09,159875,bear_high_vol,0.003694581280788145,-0.04823529411764693,-0.12351029252437706,-0.11873638344226578,-0.013185979457031803,-0.036904761904761774,-0.044499381953028494,-0.014833127317676165
2022-12-09,512660,bear_high_vol,0.017652250661959412,-0.04381443298969068,-0.07711442786069644,0.002702702702702675,-0.009644364322674313,-0.055979643765903364,-0.02515723270440251,-0.02695417789757415
2022-12-09,512690,bear_high_vol,-0.08974358974358965,0.1394101876675602,0.0732323232323231,0.014319809069212486,-0.018402358469817387,0.0,0.015294117647058902,0.06235294117647072
2022-12-09,159928,bear_high_vol,-0.05369807497467072,0.09129066107030437,0.014634146341463428,-0.028037383177570097,-0.013230286359130834,0.0,0.008653846153846123,0.0326923076923078
2022-12-09,512010,bear_high_vol,-0.002132196162046851,0.0064239828693788414,0.019522776572667988,-0.05622489959839361,-0.011998202312953309,-0.03490759753593431,0.0,0.05319148936170226
2022-12-09,159801,bear_high_vol,-0.01056676272814605,0.0086289549376799,-0.09232096635030196,-0.10468085106382974,-0.0202487995787276,-0.05650224215246635,-0.0028517110266160772,-0.03707224334600778
2022-12-09,512890,bear_high_vol,-0.007050528789659172,0.04004854368932054,-0.029445073612684003,0.021454112038140627,-0.011313818689503432,-0.010392609699769073,-0.022170361726954524,-0.03617269544924162
2022-12-09,510880,bear_high_vol,-0.016150740242261152,0.033892502567614,-0.014681892332789492,0.03637611530542206,-0.01010325396130621,-0.004614370468028928,-0.02218543046357624,-0.04006622516556291
2022-12-09,168204,bear_high_vol,0.0005518763796910076,-0.023193096008630065,-0.12342691190706678,-0.05529473135106944,-0.010735376042513409,-0.015225666122892889,-0.030922142462727842,-0.07620099392600765
2022-12-09,512400,bear_high_vol,-0.03621908127208484,-0.0059322033898304705,-0.037735849056603765,-0.09210526315789469,-0.013048943097389106,-0.0008517887563883608,-0.04944586530264283,-0.03239556692242118
2022-12-16,512480,range,0.004561003420752607,-0.03322259136212624,-0.03535911602209951,-0.08008429926238136,-0.013480090623102407,-0.024581005586592153,-0.07560137457044669,-0.013745704467354014
2022-12-16,159995,range,0.004716981132075526,-0.034766697163769456,-0.04697380307136412,-0.10136286201022149,-0.013207147535889531,-0.026752767527675414,-0.07109004739336489,-0.009478672985781977
2022-12-16,512760,range,0.0030090270812437314,-0.028347996089931438,-0.04054054054054057,-0.08555657773689052,-0.01329363027265326,-0.023575638506876273,-0.07645875251509049,-0.015090543259557387
2022-12-16,515050,range,-0.0024783147459728205,-0.03229665071770327,-0.039192399049881144,-0.10508849557522115,-0.01138614008934668,-0.027644230769230616,-0.04202719406674915,0.027194066749072876
2022-12-16,512000,range,0.026166097838452806,0.009433962264151052,0.026378896882494063,-0.08644610458911428,-0.014053547189792345,-0.03276836158192098,-0.035046728971962704,0.06191588785046731
2022-12-16,515030,range,0.032275711159737486,-0.002818489289740711,-0.050965665236051616,-0.2507412113511225,-0.01542461309499291,-0.03701687534022868,-0.0531373657433577,0.009609949123798867
2022-12-16,159875,range,0.044499381953028494,-0.04802955665024633,-0.08085612366230677,-0.21443089430894302,-0.013994719825594132,-0.05385556915544665,-0.05562742561448908,0.04527813712807238
2022-12-16,512660,range,0.02515723270440251,-0.06465517241379304,-0.08128704487722271,-0.05240174672489084,-0.0087420452613092,-0.07423208191126274,-0.04792626728110605,-0.0055299539170506895
2022-12-16,512690,range,-0.015294117647058902,0.14608233731739717,0.08964646464646453,-0.0034642032332563577,-0.01781809821527774,-0.005760368663594528,-0.006952491309385911,0.08458864426419477
2022-12-16,159928,range,-0.008653846153846123,0.09958071278825997,0.0244140625,-0.03849679193400557,-0.01359612897133661,-0.009442870632672351,-0.012392755004766332,0.06673021925643474
2022-12-16,512010,range,-0.0,-0.03490759753593431,0.049107142857142794,-0.08203125000000011,-0.011309263521783039,-0.024896265560165998,-0.012765957446808418,0.1297872340425532
2022-12-16,159801,range,0.0028517110266160772,-0.032287822878228956,-0.048094373865698814,-0.10034305317324188,-0.013098217546971895,-0.025092936802974086,-0.07244995233555762,-0.010486177311725409
2022-12-16,512890,range,0.022170361726954524,0.026960784313725616,-0.026713124274099886,0.012077294685990392,-0.012401061739340843,-0.0323325635103926,-0.034606205250596545,-0.007159904534606243
2022-12-16,510880,range,0.02218543046357624,0.026416405978449742,-0.009392821200939316,0.025703369225425376,-0.01154200447529302,-0.026697429136453565,-0.03454114459871316,-0.05587538096850664
2022-12-16,168204,range,0.030922142462727842,-0.004537719795802642,-0.10504844467108632,-0.02823920265780744,-0.010113348308178087,-0.04567699836867867,-0.05071225071225072,-0.02051282051282044
2022-12-16,512400,range,0.04944586530264283,-0.008007117437722533,-0.03796376186367556,-0.13229571984435795,-0.014486169334092846,-0.04944586530264283,-0.05022421524663678,0.03587443946188351
2022-12-23,512480,bear_high_vol,0.07560137457044669,-0.0659722222222221,-0.04383886255924163,-0.20414201183431946,-0.01550981589651363,-0.09630459126539748,0.021065675340768086,0.11276332094175956
2022-12-23,159995,bear_high_vol,0.07109004739336489,-0.06399235912129886,-0.04946653734238593,-0.23853923853923853,-0.014471216779887691,-0.09259259259259267,0.020408163265306145,0.11530612244897953
2022-12-23,512760,bear_high_vol,0.07645875251509049,-0.06517311608961296,-0.042752867570385766,-0.2133676092544987,-0.015404687216596064,-0.0982318271119843,0.017429193899782147,0.11873638344226567
2022-12-23,515050,bear_high_vol,0.04202719406674915,-0.03125,-0.02146464646464652,-0.17553191489361697,-0.011352295092027993,-0.06060606060606055,0.019354838709677358,0.13290322580645153
2022-12-23,512000,bear_high_vol,0.035046728971962704,-0.015494636471990453,0.006090133982947554,-0.11563169164882237,-0.01497494230442061,-0.06666666666666676,0.007263922518159882,0.11501210653753047
2022-12-23,515030,bear_high_vol,0.0531373657433577,-0.031231925968768115,-0.1114058355437666,-0.2893508697496818,-0.015223410612555307,-0.0881872618399564,0.0017910447761193549,0.12477611940298505
2022-12-23,159875,bear_high_vol,0.05562742561448908,-0.08060453400503786,-0.13915094339622636,-0.2736318407960199,-0.013318518859697728,-0.10209102091020905,0.03561643835616435,0.15068493150684925
2022-12-23,512660,bear_high_vol,0.04792626728110605,-0.09146877748460869,-0.12085106382978739,-0.11709401709401712,-0.009035712772392254,-0.10017421602787457,0.04162633107454039,0.1064859632139401
2022-12-23,512690,bear_high_vol,0.006952491309385911,0.18370165745856348,0.0766331658291457,-0.08145766345123262,-0.020952482735654407,-0.012672811059907807,-0.008168028004667427,0.08051341890315067
2022-12-23,159928,bear_high_vol,0.012392755004766332,0.12242686890574217,0.022704837117472954,-0.10380622837370235,-0.016586190509971312,-0.02171860245514623,0.007722007722007707,0.06370656370656369
2022-12-23,512010,bear_high_vol,0.012765957446808418,-0.0021505376344086446,0.1073985680190932,-0.15482695810564662,-0.01175531171478468,-0.019027484143763096,0.030172413793103425,0.13577586206896552
2022-12-23,159801,bear_high_vol,0.07244995233555762,-0.06711409395973145,-0.047945205479452135,-0.2380579483163664,-0.014477680058520936,-0.09404096834264442,0.020554984583761593,0.11613566289825283
2022-12-23,512890,bear_high_vol,0.034606205250596545,-0.04711425206124842,-0.05046948356807501,-0.04599056603773577,-0.011069072273920778,-0.06581986143187057,0.011124845488256874,0.03831891223732997
2022-12-23,510880,bear_high_vol,0.03454114459871316,-0.03877275792312884,-0.04744403608419645,-0.038124156545209176,-0.011431166132535838,-0.06031641397495047,0.00420904945633116,-0.017537706068046277
2022-12-23,168204,bear_high_vol,0.05071225071225072,-0.08259911894273131,-0.16990533134030905,-0.11430090377458801,-0.010081401020708614,-0.09407286568787387,-0.0018007202881151763,0.044417767106842865
2022-12-23,512400,bear_high_vol,0.05022421524663678,-0.055307760927743144,-0.09718670076726355,-0.19406392694063934,-0.01481960399779301,-0.09718670076726355,0.0037771482530688516,0.14730878186968854
2022-12-30,512480,range,-0.021065675340768086,-0.05178365937859608,0.006105006105006083,-0.1685166498486378,-0.016211981823893717,-0.07726763717805163,0.020631067961164984,0.08737864077669921
2022-12-30,159995,range,-0.020408163265306145,-0.046711153479504275,-0.005964214711729587,-0.2082343626286619,-0.014987359698140815,-0.07407407407407418,0.018000000000000016,0.08200000000000007
2022-12-30,512760,range,-0.017429193899782147,-0.05177664974619278,0.0032223415682062218,-0.17781690140845063,-0.01622912662277385,-0.08251473477406679,0.021413276231263323,0.09421841541755893
2022-12-30,515050,range,-0.019354838709677358,-0.024691358024691357,0.04221635883905006,-0.1299559471365639,-0.011490863435836675,-0.042424242424242364,0.029113924050632844,0.1164556962025316
2022-12-30,512000,range,-0.007263922518159882,-0.029171528588098017,0.06257982120051087,-0.07862679955703222,-0.009142229711913826,-0.059887005649717606,0.03605769230769229,0.0769230769230771
2022-12-30,515030,range,-0.0017910447761193549,-0.05571187394485089,-0.058361391694725095,-0.32365981459089077,-0.016390026286044777,-0.08655416439847574,0.040524433849821184,0.097139451728248
2022-12-30,159875,range,-0.03561643835616435,-0.06896551724137934,-0.07579462102689483,-0.2854442344045369,-0.01566870826180227,-0.07011070110701101,0.05423280423280419,0.08333333333333326
2022-12-30,512660,range,-0.04162633107454039,-0.05030891438658425,-0.009208103130755041,-0.10556940980881135,-0.012548672520715643,-0.05861767279090113,0.006505576208178265,0.06691449814126371
2022-12-30,512690,range,0.008168028004667427,0.08974358974358965,0.030303030303030276,-0.04171364148816237,-0.018764038622987967,-0.020737327188940058,0.06235294117647072,0.04705882352941182
2022-12-30,159928,range,-0.007722007722007707,0.05775075987841949,0.0019193857965451588,-0.07610619469026536,-0.015630581395191655,-0.014164305949008416,0.028735632183908066,0.02203065134099602
2022-12-30,512010,range,-0.030172413793103425,0.019189765458422103,0.08144796380090491,-0.13248638838475513,-0.009953711845961435,0.0,0.03556485355648542,0.05230125523012563
2022-12-30,159801,range,-0.020554984583761593,-0.04610951008645525,-0.007000000000000006,-0.20750199521149237,-0.015151479296898867,-0.07541899441340794,0.020140986908358416,0.08157099697885206
2022-12-30,512890,range,-0.011124845488256874,-0.03877790834312578,-0.02035928143712573,-0.01918465227817745,-0.007704833265138635,-0.05542725173210161,0.009779951100244544,0.02689486552567244
2022-12-30,510880,range,-0.00420904945633116,-0.03667563930013462,-0.03277027027027024,-0.024863760217983644,-0.008076014656479745,-0.053553719008264444,0.012574222843171556,-0.027593433461404193
2022-12-30,168204,range,0.0018007202881151763,-0.08222958057395147,-0.16010101010101008,-0.10059491617090321,-0.010422860438566035,-0.09323882224645585,0.006013229104028905,0.04269392663860483
2022-12-30,512400,range,-0.0037771482530688516,-0.06095406360424027,-0.022977941176470673,-0.21142433234421376,-0.01275206040412933,-0.09377664109121919,0.06773283160865473,0.1326434619002823
2023-01-06,512480,range,-0.008454106280193274,-0.03690888119953872,0.07881136950904377,-0.09632034632034636,-0.015365243232905302,-0.06494960806271,0.0023952095808383866,0.09461077844311383
2023-01-06,159995,range,-0.007968127490039834,-0.03619047619047622,0.05857740585774063,-0.14454775993237534,-0.014497997185548932,-0.062962962962963,0.0019762845849802257,0.08992094861660083
2023-01-06,512760,range,-0.007430997876857859,-0.03850050658561299,0.07596371882086173,-0.1055607917059378,-0.015551904456052151,-0.06777996070726922,0.0021074815595363283,0.10115911485774487
2023-01-06,515050,range,-0.025316455696202445,0.0037174721189590088,0.07427055702917773,-0.07534246575342463,-0.013689508326792083,-0.018181818181818077,0.004938271604938205,0.11111111111111116
2023-01-06,512000,range,-0.021739130434782705,-0.03314285714285714,0.06281407035175879,-0.04729729729729737,-0.01037572618585587,-0.03754266211604096,0.03900709219858167,0.061465721040189214
2023-01-06,515030,range,-0.024793388429751984,-0.05240174672489084,-0.05188421627525941,-0.24456048738033076,-0.018640475785160406,-0.05032822757111599,0.026497695852534475,0.0535714285714286
2023-01-06,159875,range,-0.043363994743758294,-0.02337023370233693,-0.05588585017835901,-0.21850393700787396,-0.019122063645563108,-0.018541409147095234,0.01133501259445846,0.02267002518891692
2023-01-06,512660,range,-0.017641597028783762,-0.019677996422182487,-0.0027297543221108667,-0.04778453518679404,-0.013385568382269576,-0.02317290552584672,-0.031021897810219023,0.037408759124087476
2023-01-06,512690,range,-0.03900709219858167,0.06934306569343063,0.14901960784313717,0.010344827586206806,-0.02035353342668634,-0.002270147559591429,0.04778156996587035,0.04323094425483509
2023-01-06,159928,range,-0.029182879377432025,0.03929273084479368,0.04960317460317465,-0.050269299820466795,-0.016720304199921314,-0.0009442870632671019,0.036862003780718355,0.020793950850661602
2023-01-06,512010,range,-0.03151260504201692,0.04468085106382991,0.12100456621004563,-0.07358490566037745,-0.012056278657620927,-0.006072874493927127,0.04073319755600813,0.0386965376782078
2023-01-06,159801,range,-0.00700700700700696,-0.03639846743295028,0.05894736842105264,-0.14017094017094012,-0.014471702920396146,-0.06331471135940414,0.0009940357852882276,0.08548707753479134
2023-01-06,512890,range,-0.01597051597051591,-0.03948896631823462,-0.022458628841607542,-0.010765550239234423,-0.007861430269419984,-0.03500583430571769,0.0048367593712213,0.0290205562273278
2023-01-06,510880,range,-0.016848016848016734,-0.03849983405243951,-0.01596467391304357,-0.010587431693989124,-0.008334814212604532,-0.04072847682119207,0.0034518467380049156,-0.03348291335864684
2023-01-06,168204,range,-0.00120264582080587,-0.07499999999999996,-0.14702868852459017,-0.0672268907563025,-0.011465249175453177,-0.08061844284925446,0.033033033033033066,0.03423423423423411
2023-01-06,512400,range,-0.029878618113912347,-0.03752181500872598,0.012855831037649201,-0.13217938630999204,-0.014741735569628371,-0.05967604433077589,0.0380779691749773,0.08159564823209431
2023-01-13,512480,bull,-0.0023952095808383866,-0.06165919282511212,-0.0023837902264600697,-0.10481283422459897,-0.013404239188293185,-0.04123711340206193,0.07885304659498216,0.04181600955794518
2023-01-13,159995,bull,-0.0019762845849802257,-0.058495821727019504,-0.003929273084479323,-0.14140558848433538,-0.012448831516769796,-0.03886255924170612,0.07889546351084809,0.032544378698224685
2023-01-13,512760,bull,-0.0021074815595363283,-0.0630541871921182,-0.0031446540880503138,-0.11617100371747224,-0.013583943216619512,-0.04325955734406439,0.08096740273396441,0.04311251314405884
2023-01-13,515050,bull,-0.004938271604938205,-0.004889975550122272,0.04627249357326457,-0.10843373493975916,-0.011941602261657679,-0.003671970624234966,0.05896805896805901,0.0761670761670763
2023-01-13,512000,bull,-0.03900709219858167,0.02328288707799775,0.09192546583850936,-0.0045300113250282825,-0.011033561947928636,0.0,0.056882821387940874,-0.007963594994311762
2023-01-13,515030,bull,-0.026497695852534475,-0.01709873138444562,-0.018722466960352402,-0.23321858864027534,-0.016698646240207074,0.0,0.02805836139169471,-0.019640852974186274
2023-01-13,159875,bull,-0.01133501259445846,0.015170670037926604,-0.037170263788968705,-0.2049504950495049,-0.016997528097398705,-0.0012437810945273853,0.03237858032378571,-0.03362391033623913
2023-01-13,512660,bull,0.031021897810219023,-0.034545454545454546,-0.0765217391304347,-0.12879409351927806,-0.012817244648597965,-0.03629764065335761,0.052730696798493515,0.04708097928436916
2023-01-13,512690,bull,-0.04778156996587035,0.0721769499417928,0.22963951935914562,0.06105990783410142,-0.020598341186179737,0.0,-0.013029315960912058,0.01845819761129186
2023-01-13,159928,bull,-0.036862003780718355,0.04976076555023923,0.12167689161554196,-0.005439709882139598,-0.016701140159028644,0.0,-0.005469462169553352,-0.010938924339106704
2023-01-13,512010,bull,-0.04073319755600813,0.09188034188034178,0.07578947368421063,-0.032196969696969724,-0.013926912399692713,0.0,0.041095890410958846,-0.017612524461839585
2023-01-13,159801,bull,-0.0009940357852882276,-0.05623242736644807,-0.004940711462450675,-0.1415174765558398,-0.012936301731286917,-0.04003813155386082,0.07845084409136072,0.03376365441906648
2023-01-13,512890,bull,-0.0048367593712213,-0.0012019230769231282,0.00120481927710836,0.0,-0.0067787715042369745,-0.00835322195704058,0.016847172081829065,0.02166064981949467
2023-01-13,510880,bull,-0.0034518467380049156,-0.008188331627430934,-0.008864643709512343,-0.006493506493506551,-0.006744476109294655,-0.015577378936674546,-0.030959752321981338,-0.037151702786377694
2023-01-13,168204,bull,-0.033033033033033066,-0.023836549375709448,-0.08994708994708989,-0.06724511930585686,-0.01405407385865912,-0.019943019943019946,0.02499999999999991,-0.0034883720930232176
2023-01-13,512400,bull,-0.0380779691749773,0.0035056967572304476,0.053357865685372596,-0.10406885758998441,-0.013938100716221813,0.0,0.05240174672489095,0.008733624454148492
2023-01-20,512480,bull,-0.07885304659498216,0.09322033898305104,0.06485849056603787,-0.024838012958963263,-0.012896662430553155,0.0,0.006644518272425293,-0.03322259136212624
2023-01-20,159995,bull,-0.07889546351084809,0.09619238476953917,0.06007751937984507,-0.06495726495726484,-0.012399755184042356,0.0,0.003656307129798808,-0.04478976234003673
2023-01-20,512760,bull,-0.08096740273396441,0.09711846318036277,0.06528497409326439,-0.034741784037558565,-0.012773995891698624,0.0,0.0077821011673151474,-0.03307392996108949
2023-01-20,515050,bull,-0.05896805896805901,0.10371318822023046,0.11948051948051952,-0.034714445688689866,-0.011053494963814992,0.0,0.03480278422273786,0.022041763341067222
2023-01-20,512000,bull,-0.056882821387940874,0.12333736396614281,0.18043202033036843,0.06781609195402294,-0.01184281816664352,-0.005353319057815886,-0.016146393972012896,-0.038751345532830994
2023-01-20,515030,bull,-0.02805836139169471,0.0776470588235294,0.029792017987633646,-0.20104666375926739,-0.014721901248089135,0.0,0.021288209606986852,-0.05949781659388642
2023-01-20,159875,bull,-0.03237858032378571,0.12330623306233068,-0.004801920768307322,-0.1734795613160518,-0.01443766526430592,0.0,0.0,-0.06031363088057895
2023-01-20,512660,bull,-0.052730696798493515,0.06985645933014362,-0.07065669160432253,-0.06599832915622383,-0.012153804094242954,0.0,0.0348837209302324,0.019677996422182265
2023-01-20,512690,bull,0.013029315960912058,0.06690140845070425,0.36897590361445776,0.06191588785046731,-0.017898807073224304,-0.028846153846153855,-0.0033003300330033403,0.012101210121012063
2023-01-20,159928,bull,0.005469462169553352,0.05614714424007761,0.22998872604284104,-0.0018298261665141702,-0.014592353844148235,-0.02502234137622883,-0.004582951420714854,-0.010999083409715893
2023-01-20,512010,bull,-0.041095890410958846,0.15652173913043477,0.15652173913043477,0.04313725490196085,-0.014316279844458367,-0.0037453183520599342,-0.03195488721804518,-0.07142857142857151
2023-01-20,159801,bull,-0.07845084409136072,0.09365558912386707,0.059512195121951494,-0.06540447504302915,-0.012712355050296971,0.0,0.0036832412523020164,-0.04327808471454897
2023-01-20,512890,bull,-0.016847172081829065,0.03808353808353804,0.048387096774193505,0.027980535279805485,-0.005289249018045317,0.0,-0.002366863905325478,0.035502958579881616
2023-01-20,510880,bull,0.030959752321981338,-0.015379238028661368,-0.01606706252183021,-0.03262362637362626,-0.01113889112890363,-0.030959752321981338,-0.006389776357827559,0.024494142705005384
2023-01-20,168204,bull,-0.02499999999999991,0.053795576808129075,-0.025428413488114976,-0.028650137741046855,-0.012766711162540792,0.0,-0.015882019285308968,0.029495178672716893
2023-01-20,512400,bull,-0.05240174672489095,0.1335841956726247,0.10651974288337929,-0.04893449092344104,-0.013274205315611921,0.0,0.01991701244813271,-0.024896265560165998
2023-02-03,512480,bull,-0.006644518272425293,0.09782608695652173,0.021348314606741692,-0.05803108808290147,-0.012942455436464873,0.0,0.005500550055005604,-0.025302530253025313
2023-02-03,159995,bull,-0.003656307129798808,0.09362549800796827,0.029053420805998265,-0.08193979933110362,-0.013326162332722635,0.0,0.004553734061930603,-0.03825136612021862
2023-02-03,512760,bull,-0.0077821011673151474,0.09978768577494712,0.019685039370078705,-0.06582506762849405,-0.013114098728407174,0.0,0.008687258687258614,-0.027992277992278103
2023-02-03,515050,bull,-0.03480278422273786,0.12911392405063293,0.11499999999999999,-0.020856201975850697,-0.01114089153028113,0.0,0.008968609865470878,0.004484304932735439
2023-02-03,512000,bull,0.016146393972012896,0.10386473429951693,0.1554993678887484,0.09987966305655838,-0.014085201239120819,-0.026624068157614422,-0.01750547045951867,-0.009846827133479175
2023-02-03,515030,bull,-0.021288209606986852,0.10448642266824093,0.02520547945205487,-0.1468308253533972,-0.014599354009642719,-0.02399582681272827,-0.022447888829502993,-0.09139497594869062
2023-02-03,159875,bull,-0.0,0.08935611038107738,-0.011918951132300348,-0.13645833333333335,-0.013258134701965848,-0.02699530516431925,-0.020506634499396714,-0.07478890229191792
2023-02-03,512660,bull,-0.0348837209302324,0.07428040854224705,-0.03663613655287268,-0.056280587275693295,-0.011258939654991284,-0.0017256255392580355,-0.01728608470181503,0.009507346585998278
2023-02-03,512690,bull,0.0033003300330033403,0.07092198581560294,0.2905982905982907,0.09818181818181837,-0.018892266432418,-0.03205128205128205,0.012141280353200834,0.02759381898454749
2023-02-03,159928,bull,0.004582951420714854,0.05642023346303504,0.19867549668874185,0.029383886255924363,-0.014123076058460702,-0.029490616621983823,-0.0055248618784530246,0.0027624309392264568
2023-02-03,512010,bull,0.03195488721804518,0.08193277310924385,0.10042735042735029,0.061855670103092786,-0.01662850841531722,-0.035580524344569264,-0.009708737864077666,-0.044660194174757306
2023-02-03,159801,bull,-0.0036832412523020164,0.09109109109109115,0.023474178403755985,-0.0832632464255677,-0.013430842271207145,-0.0009165902841429263,0.0018348623853210455,-0.03944954128440381
2023-02-03,512890,bull,0.002366863905325478,0.03562653562653573,0.07388535031847132,0.06708860759493662,-0.005178863450428708,-0.007067137809187329,0.009489916963226541,0.06168446026097274
2023-02-03,510880,bull,0.006389776357827559,-0.017550017550017616,0.006472491909385036,-0.006389776357827559,-0.010717131571903288,-0.037151702786377694,0.0003572704537333493,0.05180421579135408
2023-02-03,168204,bull,0.015882019285308968,0.043295249549007764,-0.016997167138810054,-0.02308558558558549,-0.012329402424643728,-0.016997167138810054,-0.007492795389049012,0.039769452449567755
2023-02-03,512400,bull,-0.01991701244813271,0.14752567693744179,0.123400365630713,0.004905968928863524,-0.01422337192308235,-0.02227525855210799,-0.029292107404393808,-0.05044751830756722
2023-02-10,512480,bull,-0.005500550055005604,0.09461077844311383,0.08422301304863589,-0.13035204567078962,-0.017027438921140437,-0.009750812567713929,-0.04595185995623641,-0.03938730853391692
2023-02-10,159995,bull,-0.004553734061930603,0.08992094861660083,0.06673114119922618,-0.1280632411067193,-0.016796020057816833,-0.0054102795311090635,-0.050770625566636474,-0.05711695376246595
2023-02-10,512760,bull,-0.008687258687258614,0.10115911485774487,0.08402489626556009,-0.12332214765100669,-0.0165600419658955,-0.004761904761904856,-0.05071770334928227,-0.04784688995215303
2023-02-10,515050,bull,-0.008968609865470878,0.11111111111111116,0.14649681528662417,-0.036402569593147804,-0.012014732045865265,0.0,-0.026666666666666727,-0.02444444444444449
2023-02-10,512000,bull,0.01750547045951867,0.061465721040189214,0.10591133004926112,0.0539906103286385,-0.015063368010427338,-0.04366347177848773,-0.028953229398663738,-0.04231625835189312
2023-02-10,515030,bull,0.022447888829502993,0.0535714285714286,-0.011351351351351457,-0.17202354006337717,-0.01306658364562489,-0.045905059989567065,-0.044833242208857205,-0.10114816839803176
2023-02-10,159875,bull,0.020506634499396714,0.02267002518891692,-0.033333333333333215,-0.17479674796747957,-0.010932630692163743,-0.04694835680751164,-0.044334975369458185,-0.0726600985221676
2023-02-10,512660,bull,0.01728608470181503,0.037408759124087476,-0.013876843018213347,-0.0911270983213428,-0.012086690216066356,-0.018981880931837836,-0.021987686895338587,0.0008795074758134458
2023-02-10,512690,bull,-0.012141280353200834,0.04323094425483509,0.2613480055020634,0.11151515151515157,-0.015797780017307552,-0.020299145299145338,0.022900763358778553,-0.03380588876772084
2023-02-10,159928,bull,0.0055248618784530246,0.020793950850661602,0.1637931034482758,0.029551954242135414,-0.012286852383368086,-0.03485254691688999,0.004629629629629539,-0.042592592592592626
2023-02-10,512010,bull,0.009708737864077666,0.0386965376782078,0.09913793103448265,0.042944785276073594,-0.01665964990757597,-0.0449438202247191,-0.015686274509803977,-0.05882352941176472
2023-02-10,159801,bull,-0.0018348623853210455,0.08548707753479134,0.060194174757281615,-0.1333333333333333,-0.016342163588439665,-0.006369426751592244,-0.04670329670329687,-0.05860805860805862
2023-02-10,512890,bull,-0.009489916963226541,0.0290205562273278,0.062421972534332015,0.053217821782178154,-0.005518217183188927,0.0,-0.002350176263219761,0.023501762632197387
2023-02-10,510880,bull,-0.0003572704537333493,-0.03348291335864684,-0.020636586218957698,-0.02132121635791695,-0.010577578422459273,-0.03680770553835577,-0.00035714285714283367,0.02750000000000008
2023-02-10,168204,bull,0.007492795389049012,0.03423423423423411,-0.05228398458998351,-0.0585019136139967,-0.01168850510310433,-0.02436260623229458,-0.004645760743321681,0.004065040650406582
2023-02-10,512400,bull,0.029292107404393808,0.08159564823209431,0.03919860627177707,-0.07303807303807297,-0.01308967536304966,-0.05091487669053285,-0.0318524727577536,-0.05448449287510493
2023-02-17,512480,range,0.04595185995623641,0.04181600955794518,-0.05831533477321815,-0.14926829268292674,-0.019133207096415725,-0.05831533477321815,0.0011467889908256534,0.05733944954128445
2023-02-17,159995,range,0.050770625566636474,0.032544378698224685,-0.06601248884924182,-0.16640127388535042,-0.018361737116926437,-0.05590622182146088,-0.0019102196752626144,0.026743075453677267
2023-02-17,512760,range,0.05071770334928227,0.04311251314405884,-0.05523809523809531,-0.15068493150684925,-0.018789399838157982,-0.06060606060606066,0.002016129032258007,0.04435483870967749
2023-02-17,515050,range,0.026666666666666727,0.0761670761670763,0.03301886792452824,-0.08749999999999991,-0.015500674928947277,-0.04885993485342022,0.005707762557077611,0.020547945205479534
2023-02-17,512000,range,0.028953229398663738,-0.007963594994311762,0.015133876600698537,-0.0343300110741972,-0.012711083031104709,-0.07135250266240678,0.02408256880733939,-0.004587155963302725
2023-02-17,515030,range,0.044833242208857205,-0.019640852974186274,-0.021836506159014557,-0.23208791208791202,-0.013876343921059913,-0.08868022952529986,-0.013737836290784178,-0.10188895248998286
2023-02-17,159875,range,0.044334975369458185,-0.03362391033623913,-0.041975308641975295,-0.24144672531769296,-0.011995690935057594,-0.08920187793427226,0.0038659793814432852,-0.08634020618556704
2023-02-17,512660,range,0.021987686895338587,0.04708097928436916,-0.05682782018659882,-0.09446254071661231,-0.012352323975631083,-0.04055220017256245,0.025179856115107757,0.008093525179855954
2023-02-17,512690,range,-0.022900763358778553,0.01845819761129186,0.2456839309428951,0.11401425178147262,-0.016584038484802124,-0.014705882352941235,-0.019189765458422103,-0.07356076759061825
2023-02-17,159928,range,-0.004629629629629539,-0.010938924339106704,0.13138686131386867,0.014018691588784993,-0.010646661691891749,-0.030384271671135,-0.0055299539170506895,-0.052534562211981495
2023-02-17,512010,range,0.015686274509803977,-0.017612524461839585,0.04583333333333339,0.014141414141414232,-0.011860245652907995,-0.05992509363295884,-0.015936254980079667,-0.07768924302788838
2023-02-17,159801,range,0.04670329670329687,0.03376365441906648,-0.06636771300448441,-0.16318327974276536,-0.017623859594023933,-0.05449591280653954,-0.0019212295869356355,0.025936599423631357
2023-02-17,512890,range,0.002350176263219761,0.02166064981949467,0.03663003663003672,0.026602176541717037,-0.004859009155659181,-0.009334889148191361,0.03062426383981154,0.060070671378091856
2023-02-17,510880,range,0.00035714285714283367,-0.037151702786377694,-0.03148788927335644,-0.04892966360856277,-0.004436437173249811,-0.008150248051027709,0.031082529474812493,0.042157913540550096
2023-02-17,168204,range,0.004645760743321681,-0.0034883720930232176,-0.03707865168539326,-0.1012060828526482,-0.009200852506169655,-0.028895184135977248,0.058926487747958056,-0.018669778296382722
2023-02-17,512400,range,0.0318524727577536,0.008733624454148492,0.012269938650306678,-0.09765625,-0.014695376249863541,-0.0811455847255369,0.017316017316017396,-0.04761904761904756
2023-02-24,512480,range,-0.0011467889908256534,-0.03322259136212624,0.0022962112514350874,-0.08008429926238136,-0.017472386383177246,-0.057235421166306755,0.014891179839633395,0.11225658648339065
2023-02-24,159995,range,0.0019102196752626144,-0.04478976234003673,-0.013220018885741314,-0.12037037037037035,-0.01689296419735478,-0.057709648331830565,0.010526315789473717,0.08516746411483256
2023-02-24,512760,range,-0.002016129032258007,-0.03307392996108949,0.006072874493927127,-0.08974358974358987,-0.017483280746884444,-0.058712121212121215,0.013078470824949617,0.10362173038229372
2023-02-24,515050,range,-0.005707762557077611,0.022041763341067222,0.09034653465346532,-0.03715846994535521,-0.014955057217852822,-0.04343105320304019,0.017026106696935273,0.1259931895573212
2023-02-24,512000,range,-0.02408256880733939,-0.038751345532830994,0.07460890493381478,0.013620885357548351,-0.015166452091370021,-0.048988285410010546,0.013437849944008873,-0.022396416573348232
2023-02-24,515030,range,0.013737836290784178,-0.05949781659388642,-0.026003391746749482,-0.21216278006401457,-0.011282905375759713,-0.10119979134063639,-0.013348810214741769,-0.06094022054556003
2023-02-24,159875,range,-0.0038659793814432852,-0.06031363088057895,-0.04064039408866993,-0.20913705583756337,-0.01120693365162039,-0.08568075117370888,-0.015404364569961526,-0.06931964056482676
2023-02-24,512660,range,-0.025179856115107757,0.019677996422182265,-0.01384083044982698,-0.027303754266211677,-0.011250366899598437,-0.01639344262295095,0.024561403508772006,-0.012280701754386003
2023-02-24,512690,range,0.019189765458422103,0.012101210121012063,0.2689655172413794,0.13861386138613851,-0.017359401290933798,-0.04166666666666663,0.011956521739130421,-0.0304347826086957
2023-02-24,159928,range,0.0055299539170506895,-0.010999083409715893,0.16901408450704225,0.029580152671755622,-0.011295525431540299,-0.02264492753623204,0.009267840593141896,-0.03799814643188126
2023-02-24,512010,range,0.015936254980079667,-0.07142857142857151,0.06236559139784936,0.04661016949152552,-0.01115464615848231,-0.06261859582542695,-0.004048582995951455,-0.0506072874493928
2023-02-24,159801,range,0.0019212295869356355,-0.04327808471454897,-0.011417697431018059,-0.11949152542372887,-0.016226002544825417,-0.056312443233424214,0.007699711260827691,0.08565928777670839
2023-02-24,512890,range,-0.03062426383981154,0.035502958579881616,0.05548854041013285,0.05676328502415462,-0.0065559902402483,-0.003416856492027387,0.02285714285714291,0.017142857142857126
2023-02-24,510880,range,-0.031082529474812493,0.024494142705005384,-0.010627356873500027,-0.017029972752043543,-0.005733019403965059,-0.0027643400138217533,0.02009702009702008,0.002772002772002846
2023-02-24,168204,range,-0.058926487747958056,0.029495178672716893,0.019090398652442442,-0.09250000000000003,-0.010610569634355721,-0.0021990104452995762,-0.006060606060605989,-0.07107438016528922
2023-02-24,512400,range,-0.017316017316017396,-0.024896265560165998,0.04166666666666674,-0.05999999999999994,-0.015042270408371583,-0.06523468575974534,-0.006808510638297904,-0.0382978723404257
2023-03-03,512480,bull,-0.014891179839633395,-0.025302530253025313,0.011415525114155223,-0.042162162162162176,-0.017846121902574896,-0.043196544276457916,-0.009029345372460473,0.10270880361173806
2023-03-03,159995,bull,-0.010526315789473717,-0.03825136612021862,0.0,-0.08013937282229955,-0.01653982864998019,-0.04779080252479706,-0.015151515151515138,0.08238636363636354
2023-03-03,512760,bull,-0.013078470824949617,-0.027992277992278103,0.015120967741935276,-0.055347091932457904,-0.01738865381428784,-0.04640151515151525,-0.011916583912611634,0.09831181727904692
2023-03-03,515050,bull,-0.017026106696935273,0.004484304932735439,0.09938650306748475,0.0033594624860022737,-0.015045395951047731,-0.02714440825190012,-0.0200892857142857,0.09709821428571419
2023-03-03,512000,bull,-0.013437849944008873,-0.009846827133479175,0.04988399071925764,0.02029312288613294,-0.013523321331994735,-0.0033039647577092213,-0.04972375690607744,-0.041988950276243164
2023-03-03,515030,bull,0.013348810214741769,-0.09139497594869062,-0.04921700223713654,-0.15841584158415845,-0.009611898196989871,-0.08749329039184117,-0.03294117647058825,-0.0388235294117647
2023-03-03,159875,bull,0.015404364569961526,-0.07478890229191792,-0.05191594561186652,-0.15435501653803751,-0.010412251285238892,-0.0714285714285714,-0.018252933507170832,-0.04823989569752285
2023-03-03,512660,bull,-0.024561403508772006,0.009507346585998278,0.017421602787456525,0.027264731750219706,-0.011061216835933528,0.0,-0.025684931506849362,-0.06592465753424659
2023-03-03,512690,bull,-0.011956521739130421,0.02759381898454749,0.19665809768637543,0.10701545778834731,-0.015357097711123691,-0.03020833333333328,-0.04833512352309344,-0.011815252416756183
2023-03-03,159928,bull,-0.009267840593141896,0.0027624309392264568,0.1089613034623218,0.007400555041628065,-0.009580058609295212,-0.013586956521739246,-0.0505050505050505,-0.02112029384756653
2023-03-03,512010,bull,0.004048582995951455,-0.044660194174757306,0.04016913319238902,0.025000000000000133,-0.0085158131117762,-0.044660194174757306,-0.024390243902439046,-0.04471544715447162
2023-03-03,159801,bull,-0.007699711260827691,-0.03944954128440381,-0.0028571428571430024,-0.08558951965065509,-0.015652985978454385,-0.04904632152588562,-0.018147086914995114,0.0821394460362943
2023-03-03,512890,bull,-0.02285714285714291,0.06168446026097274,0.04312354312354327,0.05667060212514774,-0.006502591501619458,0.0,-0.02681564245810053,-0.00893854748603351
2023-03-03,510880,bull,-0.02009702009702008,0.05180421579135408,-0.016371533578349418,-0.004396347649644916,-0.0051866091554126584,0.0,-0.022758152173913082,-0.016983695652173836
2023-03-03,168204,bull,0.006060606060605989,0.039769452449567755,-0.013129102844638973,-0.07723785166240416,-0.00992300651716168,-0.009879253567508295,-0.041574279379157364,-0.04711751662971175
2023-03-03,512400,bull,0.006808510638297904,-0.05044751830756722,0.015665796344647598,-0.022613065326633097,-0.01290290099144436,-0.03633360858794388,-0.033419023136246895,-0.03513281919451594
2023-03-10,512480,bear,0.009029345372460473,-0.03938730853391692,0.012687427912341454,-0.08062827225130886,-0.015729552571258368,-0.05183585313174954,0.05011389521640086,0.20956719817767655
2023-03-10,159995,bear,0.015151515151515138,-0.05711695376246595,-0.00952380952380949,-0.11413969335604757,-0.01462813840766856,-0.062218214607754674,0.033653846153846034,0.19519230769230766
2023-03-10,512760,bear,0.011916583912611634,-0.04784688995215303,0.008105369807497542,-0.091324200913242,-0.01557755594695786,-0.0577651515151516,0.04120603015075375,0.20904522613065324
2023-03-10,515050,bear,0.0200892857142857,-0.02444444444444449,0.08798017348203224,-0.026607538802660757,-0.014778084734024581,-0.04668838219326821,0.018223234624145768,0.16970387243735763
2023-03-10,512000,bear,0.04972375690607744,-0.04231625835189312,-0.017142857142857126,-0.02934537246049662,-0.013681494069382403,-0.052863436123348095,0.009302325581395321,0.04767441860465116
2023-03-10,515030,bear,0.03294117647058825,-0.10114816839803176,-0.10262008733624461,-0.19293078055964652,-0.008650574041333152,-0.10700706137968496,-0.04562043795620441,-0.00669099756690994
2023-03-10,159875,bear,0.018252933507170832,-0.0726600985221676,-0.07380073800737996,-0.19637139807897552,-0.010254264975197736,-0.07720588235294112,-0.05843293492695889,-0.021248339973439556
2023-03-10,512660,bear,0.025684931506849362,0.0008795074758134458,0.017889087656529412,-0.04530201342281881,-0.011393152611082416,-0.031489361702127794,-0.01493848857644986,-0.018453427065026284
2023-03-10,512690,bear,0.04833512352309344,-0.03380588876772084,0.07785888077858893,0.12151898734177213,-0.011070599598256733,-0.07708333333333328,-0.019187358916478603,-0.0011286681715575453
2023-03-10,159928,bear,0.0505050505050505,-0.042592592592592626,0.015717092337917515,0.005836575875486361,-0.00859710782023477,-0.06340579710144933,-0.005802707930367523,0.0067698259187620735
2023-03-10,512010,bear,0.024390243902439046,-0.05882352941176472,0.02127659574468077,0.036717062634989084,-0.007857799818168608,-0.06796116504854377,-0.03541666666666654,0.014583333333333393
2023-03-10,159801,bear,0.018147086914995114,-0.05860805860805862,-0.01532567049808431,-0.11910882604970008,-0.014378048778913435,-0.06630336058128972,0.03891050583657596,0.19941634241245132
2023-03-10,512890,bear,0.02681564245810053,0.023501762632197387,0.011614401858304202,-0.012471655328798237,-0.008340507373941803,-0.02681564245810053,0.033295063145809545,0.024110218140068973
2023-03-10,510880,bear,0.022758152173913082,0.02750000000000008,-0.04513773647527386,-0.06408588158750816,-0.006656688735960703,-0.022758152173913082,0.013903371567605127,0.011122697254084102
2023-03-10,168204,bear,0.041574279379157364,0.004065040650406582,-0.03944444444444439,-0.17470167064439146,-0.011079032960116534,-0.051042810098792524,-0.02718334297281677,-0.02718334297281677
2023-03-10,512400,bear,0.033419023136246895,-0.05448449287510493,-0.015706806282722474,-0.08367181153533731,-0.012904496905191078,-0.06312292358803995,-0.024822695035460862,0.010638297872340496
2023-03-17,512480,bear,-0.05011389521640086,0.05733944954128445,0.03363228699551568,0.01207464324917673,-0.01439976399584066,0.0,0.05314533622559647,0.16485900216919736
2023-03-17,159995,bear,-0.033653846153846034,0.026743075453677267,-0.0018570102135562205,-0.03932082216264521,-0.013559907962534895,0.0,0.054883720930232416,0.17581395348837225
2023-03-17,512760,bear,-0.04120603015075375,0.04435483870967749,0.020689655172413834,-0.009560229445506718,-0.014164871299553133,0.0,0.05888030888030893,0.1785714285714286
2023-03-17,515050,bear,-0.018223234624145768,0.020547945205479534,0.09290953545232283,0.04439252336448596,-0.013414761235246191,-0.008869179600886956,0.10961968680089473,0.12975391498881428
2023-03-17,512000,bear,-0.009302325581395321,-0.004587155963302725,0.010477299185098987,-0.016987542468856143,-0.01039892716522102,-0.04405286343612336,0.005760368663594528,0.06682027649769595
2023-03-17,515030,bear,0.04562043795620441,-0.10188895248998286,-0.13458356315499176,-0.17681007345225608,-0.00831374790079052,-0.1049629207073588,0.031230082855322028,0.04843849585723392
2023-03-17,159875,bear,0.05843293492695889,-0.08634020618556704,-0.10366624525916568,-0.17269544924154023,-0.01148281314546981,-0.10139416983523453,0.02256699576868826,0.03667136812411842
2023-03-17,512660,bear,0.01493848857644986,0.008093525179855954,0.019090909090909047,-0.05480607082630684,-0.012318616811577796,-0.04595744680851066,0.004460303300624302,-0.008028545941123899
2023-03-17,512690,bear,0.019187358916478603,-0.07356076759061825,0.011641443538998875,0.07416563658838071,-0.010511960799756453,-0.09479166666666661,0.026467203682393636,-0.014959723820483273
2023-03-17,159928,bear,0.005802707930367523,-0.052534562211981495,-0.016267942583731987,-0.0143815915627995,-0.009040976475481202,-0.06884057971014501,0.009727626459143934,-0.015564202334630406
2023-03-17,512010,bear,0.03541666666666654,-0.07768924302788838,-0.010683760683760646,0.0021645021645022577,-0.007144241693041754,-0.09037328094302555,0.01295896328293722,0.05831533477321815
2023-03-17,159801,bear,-0.03891050583657596,0.025936599423631357,0.0009372071227742307,-0.040431266846361114,-0.01347684047961595,0.0,0.05617977528089879,0.17509363295880132
2023-03-17,512890,bear,-0.033295063145809545,0.060070671378091856,0.08173076923076938,0.012373453318335281,-0.009069333857642931,0.0,-0.011111111111111072,0.03222222222222215
2023-03-17,510880,bear,-0.013903371567605127,0.042157913540550096,-0.004776526782668156,-0.05014653207424302,-0.006589079755329982,-0.009171195652173947,-0.007884813164209747,0.028111073020226307
2023-03-17,168204,bear,0.02718334297281677,-0.018669778296382722,-0.04540295119182747,-0.17387033398821228,-0.010841446469107808,-0.07683863885839748,0.0023781212841855748,0.013674197384066611
2023-03-17,512400,bear,0.024822695035460862,-0.04761904761904756,-0.03593339176161259,-0.08180300500834714,-0.01266730116581333,-0.08637873754152814,0.027272727272727115,0.09818181818181815
2023-03-24,512480,range,-0.05314533622559647,0.11225658648339065,0.17554479418886193,0.11866359447004604,-0.016378532433459315,-0.008171603677221695,0.006179196704428458,0.022657054582904346
2023-03-24,159995,range,-0.054883720930232416,0.08516746411483256,0.13627254509018027,0.07692307692307687,-0.015958136598802488,-0.007005253940455369,0.00793650793650813,0.024691358024691468
2023-03-24,512760,range,-0.05888030888030893,0.10362173038229372,0.17075773745997846,0.11483739837398366,-0.016570990447651753,-0.008137432188065175,0.008204193254330194,0.027347310847766648
2023-03-24,515050,range,-0.10961968680089473,0.1259931895573212,0.27016645326504474,0.23229813664596266,-0.016919379693658552,0.0,-0.009072580645161255,0.0
2023-03-24,512000,range,-0.005760368663594528,-0.022396416573348232,0.055622732769044836,0.06333739342265532,-0.01010341977049778,-0.03535911602209951,-0.0068728522336769515,-0.012600229095074522
2023-03-24,515030,range,-0.031230082855322028,-0.06094022054556003,-0.04823529411764693,-0.15287958115183242,-0.010216460971250927,-0.06473988439306355,0.009888751545117369,-0.04511742892459836
2023-03-24,159875,range,-0.02256699576868826,-0.06931964056482676,-0.017615176151761558,-0.15599534342258436,-0.011732323706658247,-0.0705128205128206,0.006896551724137945,-0.048275862068965614
2023-03-24,512660,range,-0.004460303300624302,-0.012280701754386003,0.07751196172248798,-0.04737732656514382,-0.01295956476020072,-0.041702127659574595,-0.031083481349911124,-0.043516873889875574
2023-03-24,512690,range,-0.026467203682393636,-0.0304347826086957,0.04694835680751175,0.1276864728192162,-0.01327391825309187,-0.05207226354941541,0.03139013452914807,-0.08408071748878931
2023-03-24,159928,range,-0.009727626459143934,-0.03799814643188126,0.004840271055179146,0.027722772277227747,-0.01050542632410307,-0.05464480874316946,0.026974951830443183,-0.05973025048169567
2023-03-24,512010,range,-0.01295896328293722,-0.0506072874493928,0.019565217391304346,0.11401425178147262,-0.011346301835538945,-0.05443548387096775,0.002132196162046851,-0.01492537313432829
2023-03-24,159801,range,-0.05617977528089879,0.08565928777670839,0.1359516616314198,0.0773638968481376,-0.016015241621794088,-0.0044130626654899086,0.004432624113475336,0.02127659574468077
2023-03-24,512890,range,0.011111111111111072,0.017142857142857126,0.09336609336609336,0.03488372093023262,-0.009179170343321746,-0.011111111111111072,-0.003370786516853963,0.04494382022471921
2023-03-24,510880,range,0.007884813164209747,0.002772002772002846,0.011534428521495999,-0.04076897580377847,-0.006321373918704513,-0.016983695652173836,0.0,0.03213545266067719
2023-03-24,168204,range,-0.0023781212841855748,-0.07107438016528922,0.0077704722056186615,-0.17595307917888559,-0.008208777419472093,-0.07464324917672893,0.019572953736654908,-0.003558718861209953
2023-03-24,512400,range,-0.027272727272727115,-0.0382978723404257,0.06302916274694259,-0.060681629260183056,-0.011446915783756685,-0.04721753794266448,-0.0035398230088495852,-0.004424778761061843
2023-03-31,512480,range,-0.006179196704428458,0.10270880361173806,0.17995169082125617,0.16448152562574503,-0.01889591703780003,-0.002042900919305368,0.08700102354145356,-0.04605936540429878
2023-03-31,159995,range,-0.00793650793650813,0.08238636363636354,0.13844621513944233,0.11403508771929816,-0.018796930607524097,0.0,0.08748906386701671,-0.047244094488189003
2023-03-31,512760,range,-0.008204193254330194,0.09831181727904692,0.1740976645435246,0.15811518324607343,-0.019262668358410586,0.0,0.08770343580470152,-0.04068716094032565
2023-03-31,515050,range,0.009072580645161255,0.09709821428571419,0.2443037974683544,0.27331606217616566,-0.018487376263413558,-0.009072580645161255,0.04476093591047814,-0.06917599186164791
2023-03-31,512000,range,0.0068728522336769515,-0.041988950276243164,0.047101449275362306,0.10305343511450382,-0.008830605795630497,-0.026936026936026924,0.03921568627450989,0.03690888119953861
2023-03-31,515030,range,-0.009888751545117369,-0.0388235294117647,-0.03541912632821731,-0.1129207383279045,-0.010183454832993846,-0.04051673517322385,-0.000611995104039087,-0.062423500611994975
2023-03-31,159875,range,-0.006896551724137945,-0.04823989569752285,-0.04073587385019717,-0.13198573127229485,-0.010958627660492822,-0.06410256410256421,0.009589041095890316,-0.050684931506849384
2023-03-31,512660,range,0.031083481349911124,-0.06592465753424659,0.012999071494893322,-0.02415026833631495,-0.012302227170808538,-0.07148936170212772,0.02383134738771764,-0.0009165902841429263
2023-03-31,512690,range,-0.03139013452914807,-0.011815252416756183,0.08747044917257685,0.11111111111111116,-0.014785070563471699,-0.011815252416756183,-0.03804347826086962,-0.10000000000000009
2023-03-31,159928,range,-0.026974951830443183,-0.02112029384756653,0.03696498054474717,0.02009569377990439,-0.011229789087683935,-0.01751152073732709,-0.023452157598499168,-0.07223264540337715
2023-03-31,512010,range,-0.002132196162046851,-0.04471544715447162,-0.012605042016806789,0.058558558558558405,-0.011357133179138912,-0.04081632653061229,0.036170212765957555,-0.017021276595744594
2023-03-31,159801,range,-0.004432624113475336,0.0821394460362943,0.13413413413413422,0.11296660117878199,-0.019081919557295643,0.0,0.08826125330979706,-0.04413062665489853
2023-03-31,512890,range,0.003370786516853963,-0.00893854748603351,0.08968058968058967,0.06610576923076938,-0.009042318544091833,-0.014444444444444482,0.005636978579481422,0.11499436302142052
2023-03-31,510880,range,-0.0,-0.016983695652173836,0.015795015795015743,-0.013969335604769983,-0.0061294699892275204,-0.012286689419795271,0.005183137525915482,0.08154803040774006
2023-03-31,168204,range,-0.019572953736654908,-0.04711751662971175,0.03367408298256169,-0.13006072874493924,-0.010705256671811415,-0.03263927968486202,-0.021524141942990238,-0.018033740546829602
2023-03-31,512400,range,0.0035398230088495852,-0.03513281919451594,0.05135387488328669,0.025500910746812266,-0.011266192516947496,-0.03513281919451594,0.01243339253996445,-0.011545293072824037
2023-04-07,512480,bull,-0.1372549019607845,0.24801812004530022,0.31503579952267313,0.4128205128205129,-0.02114827390769735,0.0,-0.015426497277677087,-0.19056261343012715
2023-04-07,159995,bull,-0.13051146384479728,0.22562141491395793,0.26429980276134124,0.3312564901349948,-0.02103764770543935,0.0,-0.006240249609984372,-0.1817472698907957
2023-04-07,512760,bull,-0.1405109489051093,0.25,0.3157894736842106,0.41242937853107353,-0.02152389948145019,0.0,-0.013599999999999945,-0.18640000000000012
2023-04-07,515050,bull,-0.09494324045407643,0.18946188340807169,0.30184049079754605,0.41090425531914887,-0.017487304434630563,0.0,-0.03770028275212067,-0.15739868049010364
2023-04-07,512000,bull,-0.048387096774193505,0.044776119402985204,0.0756501182033098,0.1389236545682102,-0.01216361120820949,0.0,-0.01098901098901095,0.005494505494505475
2023-04-07,515030,bull,0.019030079803560418,-0.04196642685851315,-0.06658878504672894,-0.13668287412209612,-0.010912071125660838,-0.027980535279805263,0.02252816020025028,-0.03504380475594493
2023-04-07,159875,bull,0.008230452674897082,-0.051181102362204745,-0.061038961038961115,-0.14437869822485205,-0.012088285868274031,-0.03984063745019928,0.008298755186721962,-0.048409405255878335
2023-04-07,512660,bull,-0.034007352941176405,-0.026816608996539704,0.020871143375680523,0.030219780219780112,-0.011786345136700287,-0.021739130434782483,-0.014222222222222247,-0.03733333333333333
2023-04-07,512690,bull,0.025974025974025983,0.0,0.02156640181611813,0.15681233933161942,-0.014526163629231243,-0.027027027027027084,-0.06333333333333335,-0.09000000000000008
2023-04-07,159928,bull,0.00941619585687381,0.0019047619047618536,-0.005671077504725952,0.03952569169960474,-0.010165679113271183,-0.020484171322160183,-0.04657794676806093,-0.06749049429657805
2023-04-07,512010,bull,-0.02114164904862581,0.006250000000000089,-0.022267206477732837,0.12587412587412583,-0.012514485317179106,0.0,0.010351966873705987,-0.06004140786749479
2023-04-07,159801,bull,-0.1306666666666667,0.22543352601156075,0.2606541129831519,0.3263816475495309,-0.021454591935468253,0.0,-0.007075471698113289,-0.17845911949685545
2023-04-07,512890,bull,-0.011325028312570762,0.004499437570303799,0.08111380145278457,0.05680473372781081,-0.008221523916301772,-0.009977827050997812,0.02911534154535267,0.08958566629339293
2023-04-07,510880,bull,-0.008659508139937655,-0.0017140898183064524,0.003445899379737938,-0.026086956521739202,-0.005706119188689319,-0.005464480874316946,0.018200549450549497,0.07932692307692313
2023-04-07,168204,bull,0.016231884057971047,-0.03579545454545452,0.028484848484848557,-0.14723618090452262,-0.010378745001384202,-0.02527283170591621,-0.014731879787861057,0.017678255745433136
2023-04-07,512400,bull,-0.015219337511190645,-0.010471204188481686,0.044198895027624197,0.02810516772438798,-0.011073443901549476,-0.0052631578947368585,0.05467372134038806,-0.030864197530864113
2023-04-14,512480,bull,0.015426497277677087,0.2002212389380531,0.29784688995215314,0.3613550815558342,-0.02764005175972295,-0.015426497277677087,-0.05898617511520743,-0.16405529953917042
2023-04-14,159995,bull,0.006240249609984372,0.20075400565504253,0.25765054294175727,0.29340101522842654,-0.026617548040938365,-0.006240249609984372,-0.061224489795918435,-0.15698587127158548
2023-04-14,512760,bull,0.013599999999999945,0.2135826771653544,0.2992623814541624,0.35345773874862796,-0.026924665080725465,-0.013599999999999945,-0.05920519059205209,-0.15733982157339832
2023-04-14,515050,bull,0.03770028275212067,0.1722158438576349,0.2512254901960784,0.3242542153047989,-0.022089938064512822,-0.03770028275212067,-0.026444662095984284,-0.11949069539666979
2023-04-14,512000,bull,0.01098901098901095,0.055099648300117376,0.044083526682134666,0.12219451371571077,-0.012056097417491963,-0.014238773274917849,-0.025555555555555554,0.004444444444444473
2023-04-14,515030,bull,-0.02252816020025028,0.0394402035623409,-0.07995495495495497,-0.12433011789924986,-0.012698903872529966,-0.003658536585365857,-0.041003671970624156,-0.025703794369644983
2023-04-14,159875,bull,-0.008298755186721962,0.023876404494381998,-0.09328358208955234,-0.1473684210526316,-0.010733846200122157,-0.01085481682496614,-0.03292181069958855,-0.028806584362139898
2023-04-14,512660,bull,0.014222222222222247,-0.0026978417266187993,0.04131455399061035,-0.03397212543553996,-0.009789861369042759,-0.022907488986784186,-0.0162308385933273,-0.0009017132551847329
2023-04-14,512690,bull,0.06333333333333335,-0.04530011325028316,-0.057046979865771896,0.1361185983827493,-0.015552997461833092,-0.08864864864864874,-0.011862396204033177,-0.058125741399762676
2023-04-14,159928,bull,0.04657794676806093,-0.030917874396135248,-0.06086142322097399,0.021384928716904117,-0.010326160826779071,-0.06610800744878975,-0.008973080757726737,-0.04187437686939177
2023-04-14,512010,bull,-0.010351966873705987,0.031712473572938826,-0.016129032258064502,0.029535864978903037,-0.011976575219010202,-0.002044989775051076,-0.0491803278688524,-0.05942622950819665
2023-04-14,159801,bull,0.007075471698113289,0.19829222011385195,0.25671641791044775,0.29141104294478515,-0.02684653401769976,-0.007075471698113289,-0.05779889152810769,-0.15281076801266813
2023-04-14,512890,bull,-0.02911534154535267,0.03724604966139955,0.1180048661800488,0.09928229665071786,-0.007639253029948901,-0.004333694474539573,0.009793253536452662,0.029379760609357986
2023-04-14,510880,bull,-0.018200549450549497,0.02311939268461005,0.025242047026279302,0.002027712064886611,-0.0051042841013528234,-0.002690884628321566,0.009106239460371146,0.03979763912310297
2023-04-14,168204,bull,0.014731879787861057,-0.005353955978584235,-0.02734147760325778,-0.12916666666666665,-0.008971476218402705,-0.03128621089223638,0.018540669856459413,0.029904306220095656
2023-04-14,512400,bull,-0.05467372134038806,0.09423604757548021,0.05096660808435849,0.08826205641492257,-0.011312641093236793,0.0,-0.035953177257525004,-0.09866220735785947
2023-04-21,512480,bear,0.05898617511520743,0.04290091930541351,0.13444444444444437,0.2111506524317912,-0.03132780025235575,-0.07350272232304911,-0.05876591576885404,-0.11361410381978443
2023-04-21,159995,bear,0.061224489795918435,0.04728546409807355,0.09825528007346196,0.1611650485436893,-0.029745519873677892,-0.06708268330733236,-0.06438127090301005,-0.11371237458193972
2023-04-21,512760,bear,0.05920519059205209,0.04882459312839038,0.13391984359726306,0.20456905503634482,-0.030388653634501696,-0.07200000000000006,-0.061206896551724066,-0.11034482758620678
2023-04-21,515050,bear,0.026444662095984284,0.019487179487179596,0.1625730994152046,0.28923476005188054,-0.02307443348550505,-0.06314797360980207,-0.05935613682092544,-0.09657947686116697
2023-04-21,512000,bear,0.025555555555555554,0.009205983889528202,-0.06102783725910066,0.11862244897959173,-0.016489104757790966,-0.05291576673866094,0.012542759407069504,-0.01710376282782211
2023-04-21,515030,bear,0.041003671970624156,-0.029721362229102155,-0.13041065482796899,-0.13329646017699115,-0.014138410252691384,-0.04741641337386027,-0.01148691767708998,-0.01084875558391829
2023-04-21,159875,bear,0.03292181069958855,-0.024896265560165998,-0.13390663390663393,-0.15971394517282478,-0.012770480632843185,-0.04729729729729737,-0.01134751773049647,-0.017021276595744705
2023-04-21,512660,bear,0.0162308385933273,-0.03876651982378854,-0.017117117117117275,-0.09535655058043113,-0.007874578549895756,-0.031083481349911124,0.0,-0.012832263978001857
2023-04-21,512690,bear,0.011862396204033177,-0.06614349775784756,-0.08862144420131302,0.19856115107913674,-0.013404652932627898,-0.09945945945945955,0.008403361344537785,-0.04081632653061218
2023-04-21,159928,bear,0.008973080757726737,-0.04331087584215587,-0.09057639524245198,0.09110867178924265,-0.009328694745639458,-0.07448789571694603,0.008048289738430636,-0.04024144869215296
2023-04-21,512010,bear,0.0491803278688524,-0.016949152542372725,-0.13108614232209737,-0.010660980810234477,-0.011097195269720124,-0.05306122448979589,-0.006465517241379337,-0.0193965517241379
2023-04-21,159801,bear,0.05779889152810769,0.05030891438658425,0.09981515711645095,0.1655239960822723,-0.02939500519363493,-0.06446540880503149,-0.06470588235294117,-0.11260504201680666
2023-04-21,512890,bear,-0.009793253536452662,0.03455964325529548,0.10872162485065728,0.15566625155666247,-0.008227325335019449,-0.013815090329436619,0.0344827586206895,-0.016163793103448287
2023-04-21,510880,bear,-0.009106239460371146,0.027472527472527597,0.07278594478307632,0.05019305019305009,-0.0054900674975113415,-0.008614976805831565,0.022393048128342308,-0.004679144385026701
2023-04-21,168204,bear,-0.018540669856459413,0.006501182033096908,-0.016175621028307385,-0.058075221238938046,-0.011212957706617847,-0.01957397812320094,-0.006459189665296572,-0.009395184967704084
2023-04-21,512400,bear,0.035953177257525004,0.017652250661959412,-0.012842465753424626,0.06561922365988915,-0.013395180569722607,-0.04552980132450324,-0.034692107545533424,-0.09193408499566358
2023-04-28,512480,bear,0.05876591576885404,-0.008255933952528438,0.06070640176600439,0.11484918793503485,-0.0316839725563025,-0.12794918330308536,-0.0718002081165452,-0.012486992715920908
2023-04-28,159995,bear,0.06438127090301005,-0.013227513227513144,0.0191256830601092,0.0738963531669865,-0.02973128409289755,-0.1271450858034322,-0.06255585344057202,-0.016979445933869464
2023-04-28,512760,bear,0.061206896551724066,-0.006386861313868675,0.054211035818005904,0.10558375634517758,-0.03061062497764003,-0.12880000000000003,-0.06611570247933896,-0.00734618916437102
2023-04-28,515050,bear,0.05935613682092544,-0.0350877192982455,0.06370875995449388,0.17462311557788945,-0.02531109776158799,-0.11875589066917991,-0.04385026737967923,0.031016042780748654
2023-04-28,512000,bear,-0.012542759407069504,0.02304147465437789,-0.03583061889250816,0.11698113207547167,-0.017487442309361226,-0.04103671706263501,0.030405405405405483,-0.03828828828828834
2023-04-28,515030,bear,0.01148691767708998,-0.04910988336402711,-0.18387776606954687,-0.15355191256830603,-0.019889661352299488,-0.058358662613981815,-0.004519044544867623,-0.034861200774693235
2023-04-28,159875,bear,0.01134751773049647,-0.04389574759945136,-0.17417061611374407,-0.16825775656324582,-0.01975850547720581,-0.05810810810810818,-0.012912482065997155,-0.057388809182209344
2023-04-28,512660,bear,-0.0,0.0027573529411764053,-0.045494313210848736,-0.08779264214046822,-0.0099351950810174,-0.03022222222222226,-0.007332722273143966,-0.013748854262144783
2023-04-28,512690,bear,-0.008403361344537785,-0.09090909090909094,-0.08096280087527363,0.18476727785613534,-0.012845905885635577,-0.09189189189189195,-0.025000000000000022,-0.0976190476190476
2023-04-28,159928,bear,-0.008048289738430636,-0.05649717514124297,-0.08659981768459435,0.09388646288209612,-0.009959383268193655,-0.06703910614525144,-0.020958083832335328,-0.08982035928143706
2023-04-28,512010,bear,0.006465517241379337,-0.025369978858350906,-0.1134615384615385,-0.02123142250530774,-0.011307007006237699,-0.05918367346938769,-0.015184381778741929,-0.05206073752711504
2023-04-28,159801,bear,0.06470588235294117,-0.010666666666666713,0.02016498625114571,0.07432432432432434,-0.0293508952717807,-0.125,-0.06109613656783475,-0.017969451931716063
2023-04-28,512890,bear,-0.0344827586206895,0.08720271800679491,0.13207547169811318,0.21365360303413383,-0.008673793647367707,0.0,0.013541666666666785,-0.038541666666666585
2023-04-28,510880,bear,-0.022393048128342308,0.05957741600277111,0.0859069932552361,0.09250000000000003,-0.005633246444402077,0.0,0.027459954233409523,-0.02321019941157243
2023-04-28,168204,bear,0.006459189665296572,-0.019130434782608785,-0.04135977337110475,-0.04081632653061229,-0.009854154033402642,-0.02590673575129543,0.020685579196217496,-0.06560283687943258
2023-04-28,512400,bear,0.034692107545533424,-0.0035810205908684,-0.1067415730337079,0.009066183136899442,-0.016092057076102093,-0.07864238410596025,-0.012578616352201255,-0.07996406109613652
2023-05-05,512480,bear,0.04948453608247416,-0.10311284046692604,0.029017857142857206,0.026726057906458767,-0.02934622930703241,-0.16333938294010897,-0.04013015184381785,0.021691973969631073
2023-05-05,159995,bear,0.04497354497354489,-0.09825145711906758,0.0009242144177448175,-0.007332722273143966,-0.027098350655055933,-0.15522620904836193,-0.03601108033240985,0.012927054478301114
2023-05-05,512760,bear,0.0499092558983667,-0.10128755364806874,0.024461839530332652,0.018482490272373475,-0.027851379046258395,-0.1624000000000001,-0.034383954154727836,0.026743075453677267
2023-05-05,515050,bear,0.06256517205422307,-0.11689587426326131,0.01927437641723362,0.10171568627450989,-0.02376320012521027,-0.15268614514608858,-0.018909899888765347,0.08676307007786432
2023-05-05,512000,bear,-0.053117782909930744,0.011086474501108556,0.017857142857142794,0.11764705882352944,-0.015368260855575583,-0.015118790496760237,-0.010964912280701733,-0.054824561403508776
2023-05-05,515030,bear,-0.022342586323628844,-0.07926829268292679,-0.17979359043997822,-0.21436004162330902,-0.019338331558908527,-0.0820668693009119,0.02384105960264904,0.020529801324503216
2023-05-05,159875,bear,-0.019490254872563728,-0.07608695652173902,-0.16971916971916956,-0.22814982973893294,-0.019301119630151846,-0.08108108108108103,0.007352941176470562,-0.01764705882352946
2023-05-05,512660,bear,-0.019886363636363535,-0.028854824165915227,-0.061846689895470375,-0.10844370860927155,-0.009448777662957703,-0.04266666666666674,-0.01857010213556176,0.002785515320334442
2023-05-05,512690,bear,-0.006009615384615419,-0.08823529411764708,-0.059550561797752866,0.1372282608695652,-0.01321239135574963,-0.09513513513513516,-0.03942652329749097,-0.066905615292712
2023-05-05,159928,bear,-0.008105369807497542,-0.06484962406015038,-0.0674789128397375,0.0551431601272534,-0.009986650197129927,-0.07355679702048423,-0.024120603015075348,-0.062311557788944705
2023-05-05,512010,bear,-0.0,-0.023605150214592308,-0.09542743538767395,-0.04811715481171541,-0.011533847498019969,-0.0714285714285714,-0.013186813186813251,-0.02637362637362639
2023-05-05,159801,bear,0.038358608385370085,-0.09563758389261734,0.003724394785847407,-0.007366482504604033,-0.026628799206775994,-0.15251572327044016,-0.03710575139146566,0.012059369202226167
2023-05-05,512890,bear,-0.0512820512820511,0.09821428571428559,0.17142857142857149,0.23773584905660372,-0.01072635710292569,-0.005055611729019249,-0.021341463414634165,-0.05792682926829262
2023-05-05,510880,bear,-0.04951811232967773,0.08336192109777008,0.13433908045977017,0.11629551078119471,-0.007361012621360853,0.0,-0.011082963901203224,-0.055098163394553534
2023-05-05,168204,bear,-0.010791366906474753,-0.023174971031286185,-0.02768166089965396,-0.07464324917672893,-0.009762624879851363,-0.029360967184801523,0.014234875444839812,-0.053380782918149405
2023-05-05,512400,bear,-0.0018348623853210455,-0.0353356890459362,-0.09302325581395343,-0.047951176983434984,-0.016525876722722807,-0.0960264900662251,-0.033882783882783984,-0.01831501831501836
2023-05-12,512480,bear,0.04013015184381785,-0.16351606805293006,-0.03699673558215455,0.03508771929824572,-0.025202955004223093,-0.18433179723502302,0.05084745762711873,0.03276836158192098
2023-05-12,159995,bear,0.03601108033240985,-0.16077170418006426,-0.05520361990950218,-0.002865329512893866,-0.02323639001439528,-0.18053375196232335,0.05076628352490409,0.016283524904214364
2023-05-12,512760,bear,0.034383954154727836,-0.1616915422885573,-0.03530534351145054,0.037987679671457775,-0.023708706182534293,-0.18004866180048673,0.05242334322453024,0.028684470820969477
2023-05-12,515050,bear,0.018909899888765347,-0.14118792599805252,-0.03183315038419321,0.10804020100502498,-0.019738781263896804,-0.16635160680529304,0.05102040816326525,0.10884353741496589
2023-05-12,512000,bear,0.010964912280701733,-0.00879120879120876,-0.001107419712070845,0.08283313325330144,-0.01723035162944052,-0.04144527098831019,-0.014412416851441234,-0.053215077605321515
2023-05-12,515030,bear,-0.02384105960264904,-0.05385556915544665,-0.16023900054318296,-0.17984084880636608,-0.02070256763494976,-0.060182370820668685,0.01487710219922378,-0.04333764553686925
2023-05-12,159875,bear,-0.007352941176470562,-0.0680272108843537,-0.16053921568627438,-0.1941176470588234,-0.0197408994631727,-0.07432432432432423,0.011678832116788218,-0.06277372262773728
2023-05-12,512660,bear,0.01857010213556176,-0.04688908926961233,-0.07604895104895104,-0.09192439862542956,-0.01286894901819441,-0.049460431654676396,0.047303689687795636,-0.014191106906338624
2023-05-12,512690,bear,0.03942652329749097,-0.07479861910241647,-0.1545741324921135,0.07774798927613946,-0.011301018740147079,-0.061843640606767725,0.0,-0.06094527363184088
2023-05-12,159928,bear,0.024120603015075348,-0.05636540330417872,-0.12047101449275377,0.018887722980063026,-0.008628923582774426,-0.047105004906771275,-0.011328527291452173,-0.05561277033985579
2023-05-12,512010,bear,0.013186813186813251,-0.0742268041237113,-0.1264591439688716,-0.03854389721627416,-0.009495936293115367,-0.0836734693877551,0.022271714922049046,-0.04677060133630295
2023-05-12,159801,bear,0.03710575139146566,-0.15815085158150854,-0.0529197080291971,-0.004793863854266389,-0.022602309199029023,-0.178147268408551,0.048169556840077066,0.015414258188824581
2023-05-12,512890,bear,0.021341463414634165,0.06526548672566368,0.1276346604215457,0.1686893203883495,-0.014214006354498243,-0.047477744807121636,-0.022845275181723856,-0.014537902388369717
2023-05-12,510880,bear,0.011082963901203224,0.06514324693042295,0.11336898395721917,0.06915439917836363,-0.01140281201482032,-0.03878116343490301,-0.01761127121357675,-0.026256804354787167
2023-05-12,168204,bear,-0.014234875444839812,0.020895522388059584,-0.001168224299065379,-0.07766990291262144,-0.011643419710933915,-0.016676250718803964,0.0052631578947368585,-0.0643274853801169
2023-05-12,512400,bear,0.033882783882783984,-0.09519725557461411,-0.11493288590604023,-0.10593220338983056,-0.017202261910021416,-0.1266556291390729,0.011374407582938506,0.0018957345971564177
2023-05-19,512480,bear,-0.05084745762711873,-0.1134413727359389,0.055618615209988675,0.029900332225913706,-0.02153872782042872,-0.1420664206642066,-0.0010752688172043223,0.011827956989247213
2023-05-19,159995,bear,-0.05076628352490409,-0.11532258064516132,0.03588290840415498,0.0036596523330283404,-0.019781262064642497,-0.13280632411067184,-0.008204193254329861,0.004557885141294626
2023-05-19,512760,bear,-0.05242334322453024,-0.11036789297658856,0.05765407554671964,0.040078201368524136,-0.02104170015212426,-0.13495934959349587,-0.001879699248120259,0.005639097744360999
2023-05-19,515050,bear,-0.05102040816326525,-0.08939096267190572,0.04391891891891886,0.10885167464114853,-0.020615759519021983,-0.10521235521235517,0.0,0.15318230852211423
2023-05-19,512000,bear,0.014412416851441234,-0.03683640303358615,-0.01876379690949226,0.048349056603773644,-0.015987486473950045,-0.05526036131774703,-0.02699662542182235,-0.022497187851518552
2023-05-19,515030,bear,-0.01487710219922378,-0.04620060790273561,-0.10394060536836092,-0.11555806087936871,-0.021702279558615215,-0.042124542124542086,-0.03314212874442324,-0.007648183556405397
2023-05-19,159875,bear,-0.011678832116788218,-0.06351351351351353,-0.11267605633802824,-0.14655172413793116,-0.021086625257540424,-0.05327868852459017,-0.015873015873015706,-0.02741702741702723
2023-05-19,512660,bear,-0.047303689687795636,0.0,-0.008064516129032362,-0.045689655172413746,-0.01586818314265276,-0.004496402877697925,-0.02619692863595291,-0.038843721770550954
2023-05-19,512690,bear,-0.0,-0.061843640606767725,-0.16249999999999987,0.06772908366533881,-0.011671079175727348,-0.05633802816901401,-0.01741293532338306,0.03233830845771135
2023-05-19,159928,bear,0.011328527291452173,-0.057899901864573056,-0.1304347826086958,0.0062893081761006275,-0.008810271620052046,-0.04950495049504955,-0.015625,0.014583333333333393
2023-05-19,512010,bear,-0.022271714922049046,-0.05360824742268033,-0.0982318271119843,-0.05749486652977409,-0.010764918314843741,-0.04573804573804563,-0.013071895424836666,-0.034858387799564294
2023-05-19,159801,bear,-0.048169556840077066,-0.11759935117599352,0.032258064516129004,0.0036900369003689537,-0.019280296768494378,-0.13237639553429026,-0.008272058823529549,0.008272058823529216
2023-05-19,512890,bear,0.022845275181723856,0.009656652360514828,0.08535178777393315,0.15318627450980382,-0.015128579476363199,-0.069238377843719,-0.02019128586609975,-0.008501594048884065
2023-05-19,510880,bear,0.01761127121357675,0.01656726308813794,0.07914175167077042,0.0663885992353146,-0.01205917039775825,-0.05570944906124964,-0.02509778357235981,-0.02574967405475881
2023-05-19,168204,bear,-0.0052631578947368585,-0.010362694300518172,-0.01659038901601828,-0.02495745887691425,-0.010319886264928555,-0.011500862564692405,-0.05177428737638168,-0.06864456079115766
2023-05-19,512400,bear,-0.011374407582938506,-0.11599005799502904,-0.09345794392523377,-0.05071174377224208,-0.017578422486893695,-0.11231281198003329,-0.03186504217432051,0.0037488284910964786
2023-05-26,512480,bear,0.0010752688172043223,-0.04226804123711336,0.08654970760233915,0.07523148148148162,-0.014255630938594074,-0.03329864724245568,0.01399354144241105,-0.04090419806243273
2023-05-26,159995,bear,0.008204193254329861,-0.04056437389770706,0.05939629990262918,0.03915950334288465,-0.01309002282289295,-0.027703306523681803,0.008272058823529216,-0.03768382352941191
2023-05-26,512760,bear,0.001879699248120259,-0.03629764065335761,0.08923076923076922,0.08146639511201648,-0.014205936215548373,-0.024793388429751984,0.012241054613935765,-0.0442561205273071
2023-05-26,515050,bear,-0.0,-0.033368091762252305,0.06429391504018378,0.15874999999999995,-0.015683195455690326,-0.00855614973262031,0.053937432578209155,0.13160733549083048
2023-05-26,512000,bear,0.02699662542182235,-0.0011547344110854896,-0.018161180476730987,0.030989272943980906,-0.013402428285573755,-0.08076514346439956,-0.003468208092485603,-0.040462427745664775
2023-05-26,515030,bear,0.03314212874442324,0.027081922816519777,-0.11286549707602345,-0.12261422787738585,-0.015425262631132215,-0.055417185554171966,0.015820698747528006,-0.003295978905734964
2023-05-26,159875,bear,0.015873015873015706,0.022488755622188883,-0.12,-0.1410579345088161,-0.013799580271276623,-0.038081805359661325,-0.02052785923753664,-0.024926686217008776
2023-05-26,512660,bear,0.02619692863595291,0.02083333333333326,-0.05022026431718052,-0.051890941072999075,-0.015279826435528329,-0.030575539568345356,0.0018552875695732052,0.011131725417439675
2023-05-26,512690,bear,0.01741293532338306,-0.05048076923076916,-0.1523605150214592,0.0911602209944753,-0.012730327369127688,-0.05952380952380942,-0.0113924050632912,-0.015189873417721489
2023-05-26,159928,bear,0.015625,-0.042553191489361764,-0.12983425414364647,0.02383531960996743,-0.009335025447052232,-0.05688622754491024,-0.012698412698412542,-0.013756613756613634
2023-05-26,512010,bear,0.013071895424836666,-0.00439560439560438,-0.0736196319018404,-0.02580645161290329,-0.009471073783274872,-0.021598272138228958,-0.02207505518763797,-0.06401766004415022
2023-05-26,159801,bear,0.008272058823529549,-0.03746654772524538,0.056807051909892214,0.03451581975071916,-0.012864968967749668,-0.030548068283917318,0.011121408711770142,-0.035217794253938894
2023-05-26,512890,bear,0.02019128586609975,-0.014957264957265015,0.05855338691159595,0.08598351001177873,-0.015854996604773283,-0.08803165182987127,0.005422993492407713,-0.018438177874186557
2023-05-26,510880,bear,0.02509778357235981,-0.005982053838484491,0.03459010722933242,0.008428860418071338,-0.012939263909511398,-0.07940904893813483,-0.0023403543965229145,-0.025409562019391485
2023-05-26,168204,bear,0.05177428737638168,-0.0227817745803357,-0.10537870472008792,-0.10242290748898686,-0.010715594070121832,-0.06267970097757347,-0.020858895705521352,-0.023312883435582687
2023-05-26,512400,bear,0.03186504217432051,-0.05229357798165157,-0.114065180102916,-0.07850133809099025,-0.014798052922022674,-0.07187780772686436,0.037754114230396985,-0.0019361084220715918
2023-06-02,512480,bear,-0.01399354144241105,0.021691973969631073,0.05723905723905709,0.08400460299194479,-0.011805450166946948,-0.00737618545837726,-0.02972399150743088,-0.02547770700636931
2023-06-02,159995,bear,-0.008272058823529216,0.012927054478301114,0.03588290840415498,0.045757864632983924,-0.011201178731898622,-0.0027272727272728003,-0.03281677301732,-0.016408386508659945
2023-06-02,512760,bear,-0.012241054613935765,0.026743075453677267,0.06330365974282892,0.09137055837563457,-0.01212171938205501,-0.005550416281221104,-0.03255813953488362,-0.029767441860465094
2023-06-02,515050,bear,-0.053937432578209155,0.08676307007786432,0.08797327394209353,0.20617283950617282,-0.012681554440272273,0.0,0.0010235414534287557,0.11463664278403285
2023-06-02,512000,bear,0.003468208092485603,-0.054824561403508776,-0.032547699214365955,0.005834305717619559,-0.010090337714925944,-0.08395324123273107,-0.009280742459396807,-0.01044083526682138
2023-06-02,515030,bear,-0.015820698747528006,0.020529801324503216,-0.0951262477980036,-0.13280810354530104,-0.016355077826547115,-0.040473225404732305,-0.04023361453601548,0.009733939000649006
2023-06-02,159875,bear,0.02052785923753664,-0.01764705882352946,-0.14358974358974352,-0.17733990147783252,-0.014512408870321914,-0.05782792665726366,-0.038922155688622784,0.013473053892215647
2023-06-02,512660,bear,-0.0018552875695732052,0.002785515320334442,-0.08085106382978724,-0.0467784642541923,-0.012309603211019718,-0.02877697841726623,-0.03518518518518521,0.04999999999999982
2023-06-02,512690,bear,0.0113924050632912,-0.066905615292712,-0.16111707841031153,0.0012820512820512775,-0.014232853054469707,-0.05676328502415451,-0.033290653008962945,0.010243277848911658
2023-06-02,159928,bear,0.012698412698412542,-0.062311557788944705,-0.1400921658986174,-0.054711246200607855,-0.010130105219432112,-0.054711246200607855,-0.017148981779206873,0.01607717041800627
2023-06-02,512010,bear,0.02207505518763797,-0.02637362637362639,-0.0959183673469387,-0.05543710021321957,-0.010407742701854263,-0.043196544276457916,-0.033860045146726914,-0.02483069977426644
2023-06-02,159801,bear,-0.011121408711770142,0.012059369202226167,0.03707224334600756,0.048030739673391,-0.011062706717865583,-0.002742230347349328,-0.033913840513290494,-0.018331805682859748
2023-06-02,512890,bear,-0.005422993492407713,-0.05792682926829262,0.03575418994413404,0.08930669800235025,-0.010951138161186607,-0.08308605341246278,0.023732470334411948,-0.006472491909385147
2023-06-02,510880,bear,0.0023403543965229145,-0.055098163394553534,0.018430034129692796,0.004037685060565233,-0.008407265154152313,-0.08156355801785165,0.019101876675603258,-0.011394101876675555
2023-06-02,168204,bear,0.020858895705521352,-0.053380782918149405,-0.10185706246482829,-0.11920529801324498,-0.009719100936988178,-0.08223116733755031,0.0025062656641603454,0.02631578947368407
2023-06-02,512400,bear,-0.037754114230396985,-0.01831501831501836,-0.08140531276778062,-0.053003533568904415,-0.016692800532447975,-0.03336339044183945,-0.013992537313432973,-0.021455223880597174
2023-06-09,512480,bear,0.02972399150743088,0.03276836158192098,0.03981797497155859,0.04218928164196134,-0.013240420884016052,-0.03688092729188608,0.029540481400437635,0.007658643326039494
2023-06-09,159995,bear,0.03281677301732,0.016283524904214364,0.02215799614643532,0.0009433962264149276,-0.012547239609111223,-0.03545454545454563,0.03864278982092384,0.018850141376060447
2023-06-09,512760,bear,0.03255813953488362,0.028684470820969477,0.04417670682730934,0.04312938816449341,-0.013661964352718462,-0.037927844588344084,0.028846153846153966,0.0038461538461538325
2023-06-09,515050,bear,-0.0010235414534287557,0.10884353741496589,0.09764309764309753,0.21189591078066905,-0.016763770313669678,-0.0050864699898270915,0.09304703476482623,0.10633946830265861
2023-06-09,512000,bear,0.009280742459396807,-0.053215077605321515,-0.010428736964078755,-0.028441410693970437,-0.0077784351923717125,-0.06666666666666676,0.017564402810304358,0.004683840749414525
2023-06-09,515030,bear,0.04023361453601548,-0.04333764553686925,-0.08703703703703702,-0.19091903719912473,-0.011092370478307013,-0.07907845579078454,0.05273833671399575,0.04868154158214999
2023-06-09,159875,bear,0.038922155688622784,-0.06277372262773728,-0.13825503355704694,-0.20642768850432636,-0.010944540367895722,-0.09449929478138219,0.049844236760124616,0.04828660436137078
2023-06-09,512660,bear,0.03518518518518521,-0.014191106906338624,-0.0939130434782608,-0.0637915543575921,-0.009937137658133468,-0.05956678700361018,0.02111324376199608,0.06717850287907878
2023-06-09,512690,bear,0.033290653008962945,-0.06094527363184088,-0.16482300884955758,-0.11176470588235288,-0.014619944771467643,-0.08595641646489094,0.0993377483443707,0.018543046357615944
2023-06-09,159928,bear,0.017148981779206873,-0.05561277033985579,-0.1299810246679317,-0.1182692307692308,-0.01060038557345984,-0.062372188139059204,0.06215921483097042,0.010905125408942284
2023-06-09,512010,bear,0.033860045146726914,-0.04677060133630295,-0.10272536687631029,-0.08936170212765959,-0.010155860424122566,-0.07559395248380141,0.035046728971962704,-0.002336448598130869
2023-06-09,159801,bear,0.033913840513290494,0.015414258188824581,0.023300970873786353,0.0019011406844107182,-0.01250259602945846,-0.03656307129798908,0.04079696394686905,0.02371916508538896
2023-06-09,512890,bear,-0.023732470334411948,-0.014537902388369717,0.07474518686296716,0.1073512252042006,-0.009914315611838783,-0.010427528675703845,-0.016859852476290738,-0.02950474183350882
2023-06-09,510880,bear,-0.019101876675603258,-0.026256804354787167,0.04501718213058403,0.006953642384105896,-0.008651106184787448,-0.024069319640564912,-0.017099638276882656,-0.025320618217691493
2023-06-09,168204,bear,-0.0025062656641603454,-0.0643274853801169,-0.07834101382488479,-0.11651021535063488,-0.00835003253064066,-0.0778097982708934,0.0006249999999998757,0.03499999999999992
2023-06-09,512400,bear,0.013992537313432973,0.0018957345971564177,-0.0711775043936731,-0.09889173060528567,-0.012210303285610798,-0.033820840950639974,0.013245033112582849,0.0037842951750237663
2023-06-16,512480,range,-0.029540481400437635,0.011827956989247213,0.0021299254526092604,0.07789232531500567,-0.014323885597221387,-0.008429926238145424,-0.05313496280552599,-0.029755579171094504
2023-06-16,159995,range,-0.03864278982092384,0.004557885141294626,0.004557885141294626,0.04454976303317548,-0.012967043910219264,0.0,-0.0499092558983667,-0.03266787658802184
2023-06-16,512760,range,-0.028846153846153966,0.005639097744360999,0.010387157695939786,0.0764587525150906,-0.013908678552975123,-0.010175763182238562,-0.05140186915887868,-0.03738317757009346
2023-06-16,515050,range,-0.09304703476482623,0.15318230852211423,0.17991169977924937,0.32138442521631627,-0.017038697635988666,0.0,-0.018709073900841977,0.00841908325537899
2023-06-16,512000,range,-0.017564402810304358,-0.022497187851518552,0.011641443538998875,0.015186915887850372,-0.008631982945019418,-0.020293122886133053,-0.04487917146144993,-0.010356731875719172
2023-06-16,515030,range,-0.05273833671399575,-0.007648183556405397,-0.012682308180088753,-0.11984171848501979,-0.016059766228908322,-0.015180265654648917,-0.028901734104046173,-0.02825947334617862
2023-06-16,159875,range,-0.049844236760124616,-0.02741702741702723,-0.05469845722300126,-0.12807244501940485,-0.016533559934552758,-0.0329985652797703,-0.013353115727002929,-0.022255192878338326
2023-06-16,512660,range,-0.02111324376199608,-0.038843721770550954,-0.038843721770550954,-0.019354838709677358,-0.008971524399138684,-0.032727272727272716,0.024436090225564033,0.03383458646616555
2023-06-16,512690,range,-0.0993377483443707,0.03233830845771135,-0.031505250875145885,-0.03823870220162229,-0.016892299637550786,0.0,-0.06265060240963849,-0.05783132530120472
2023-06-16,159928,range,-0.06215921483097042,0.014583333333333393,-0.038499506416584284,-0.07149666348903716,-0.01181344403362025,-0.004089979550102263,-0.04312114989733051,-0.04004106776180694
2023-06-16,512010,range,-0.035046728971962704,-0.034858387799564294,-0.028508771929824595,-0.057446808510638214,-0.011200247930813107,-0.04112554112554112,-0.04288939051918739,-0.02934537246049662
2023-06-16,159801,range,-0.04079696394686905,0.008272058823529216,0.0045787545787545625,0.045757864632983924,-0.01345768124542473,0.0,-0.05104831358249773,-0.03281677301732
2023-06-16,512890,range,0.016859852476290738,-0.008501594048884065,0.043624161073825496,0.1133651551312651,-0.00884135353416281,-0.016859852476290738,-0.030010718113612,-0.005359056806002127
2023-06-16,510880,range,0.017099638276882656,-0.02574967405475881,0.029269972451790638,0.012190992211310592,-0.008044323046198133,-0.023202614379084996,-0.02475744396119095,-0.007025761124121788
2023-06-16,168204,range,-0.0006249999999998757,-0.06864456079115766,-0.040742959856201355,-0.0877492877492877,-0.008534412395288361,-0.06264637002341922,-0.005621486570893119,0.031230480949406614
2023-06-16,512400,range,-0.013245033112582849,0.0037488284910964786,-0.036003600360036025,-0.039461883408071774,-0.01229480050134047,-0.00093283582089565,-0.03734827264239038,-0.011204481792717047
2023-06-30,512480,bear,0.012154696132596676,-0.057955742887249695,-0.07739938080495357,0.07451923076923084,-0.015955080815025863,-0.05496828752642702,0.0022371364653244186,-0.017897091722595126
2023-06-30,159995,bear,0.008490566037736014,-0.044545454545454666,-0.07319223985890655,0.04369414101290969,-0.014899348504439375,-0.04714415231187674,0.0,-0.01712654614652709
2023-06-30,512760,bear,0.013618677042801619,-0.06197964847363546,-0.07481751824817529,0.07643312101910826,-0.01464157559096445,-0.05762081784386619,0.0009861932938854956,-0.01972386587771202
2023-06-30,515050,bear,0.00835654596100266,0.10788381742738595,0.10216718266253877,0.35532994923857864,-0.02414161923107174,-0.04727921498661902,-0.008426966292134908,-0.054307116104868935
2023-06-30,512000,bear,0.0011862396204033177,-0.014051522248243575,-0.02995391705069128,0.012019230769230838,-0.010866598033454342,-0.031070195627157626,0.01187648456057011,0.1555819477434679
2023-06-30,515030,bear,-0.01517150395778355,0.029431438127090148,-0.05524861878453047,-0.09149940968122783,-0.016047390053470018,-0.011560693641618491,-0.014294996751137101,-0.018843404808317032
2023-06-30,159875,bear,-0.028831562974203306,0.03196347031963476,-0.06995884773662542,-0.11140235910878105,-0.0157385499974949,0.0,-0.030973451327433676,-0.03687315634218291
2023-06-30,512660,bear,-0.031192660550458662,0.04460966542750944,0.03308823529411775,0.06137865911237039,-0.012882615920942513,0.0,-0.020462633451957424,-0.047153024911032126
2023-06-30,512690,bear,0.030456852791878153,0.0079155672823219,-0.17316017316017318,-0.10643274853801166,-0.018297098131837976,-0.07951807228915653,0.0,0.11518324607329844
2023-06-30,159928,bear,0.015940488841657663,0.015350877192982448,-0.128060263653484,-0.1104707012487991,-0.011550183642910886,-0.04928131416837778,0.0,0.07235421166306688
2023-06-30,512010,bear,-0.0,-0.027459954233409634,-0.10147991543340373,-0.09381663113006389,-0.01115960317428827,-0.040632054176072296,-0.009411764705882342,0.054117647058823604
2023-06-30,159801,bear,0.011374407582938395,-0.04574565416285459,-0.072888888888889,0.04299999999999993,-0.014975022914361402,-0.05095541401273895,0.003835091083413289,-0.015340364333652934
2023-06-30,512890,bear,-0.0055187637969094094,-0.013001083423618609,0.03171007927519831,0.1136919315403424,-0.009975582569467139,-0.04004214963119068,0.007683863885839637,0.05708013172338089
2023-06-30,510880,bear,-0.010316368638239481,-0.016733601070950455,0.01766539660547295,0.020847810979847115,-0.008827375981511358,-0.0398692810457516,0.007147719537100139,0.05037440435670515
2023-06-30,168204,bear,-0.027901077996195234,0.025300442757748343,-0.06028985507246387,-0.03969194312796209,-0.007244994075862273,0.0,0.028994447871684148,0.028377544725478154
2023-06-30,512400,bear,-0.010752688172043223,0.009765625,-0.07430617726051925,-0.03992571959145774,-0.01397551388254944,-0.035447761194029925,0.014506769825918697,0.03771760154738879
2023-07-07,512480,bear,-0.0022371364653244186,-0.02502720348204568,-0.18693284936479138,0.06921241050119331,-0.015271483727371866,-0.051851851851851816,0.02790178571428581,-0.012276785714285698
2023-07-07,159995,bear,-0.0,-0.01867413632119519,-0.18018720748829964,0.03648915187376711,-0.014270648169622023,-0.04714415231187674,0.02473834443387246,-0.0038058991436726863
2023-07-07,512760,bear,-0.0009861932938854956,-0.03241182078169691,-0.18800000000000006,0.06842105263157894,-0.014151477117605685,-0.054934823091247864,0.02364532019704435,-0.006896551724137834
2023-07-07,515050,bear,0.008426966292134908,0.10427528675703845,-0.0018850141376060003,0.2993865030674847,-0.02309996039518599,-0.055307760927743144,0.031161473087818914,-0.011331444759206777
2023-07-07,512000,bear,-0.01187648456057011,0.005903187721369552,-0.06373626373626384,0.007092198581560183,-0.010483025179209824,-0.019562715765247374,0.012910798122065748,0.199530516431925
2023-07-07,515030,bear,0.014294996751137101,0.02917232021709637,-0.05068836045056335,-0.11390186915887857,-0.01391358377494351,-0.025690430314707746,0.013843111404087116,0.021094264996704082
2023-07-07,159875,bear,0.030973451327433676,0.03464566929133861,-0.0912863070539418,-0.14675324675324675,-0.014329756534061334,-0.03524229074889873,0.019786910197869156,0.013698630136986356
2023-07-07,512660,bear,0.020462633451957424,0.06069364161849711,-0.021333333333333315,-0.0009074410163339985,-0.011920508600382837,-0.02910052910052907,-0.006357856494096148,-0.027247956403269824
2023-07-07,512690,bear,-0.0,0.01866666666666661,-0.15111111111111108,-0.13280363223609537,-0.017897496836637904,-0.07951807228915653,0.04057591623036649,0.1086387434554974
2023-07-07,159928,bear,-0.0,0.01758241758241752,-0.11977186311787069,-0.12476370510396972,-0.011906859009347298,-0.04928131416837778,0.021598272138228847,0.06587473002159827
2023-07-07,512010,bear,0.009411764705882342,-0.011737089201877993,-0.12836438923395443,-0.14777327935222673,-0.010809660499516677,-0.04966139954853277,0.02375296912114022,0.02375296912114022
2023-07-07,159801,bear,-0.003835091083413289,-0.016901408450704203,-0.17688679245283023,0.03766105054509428,-0.014064364056910523,-0.047315741583257576,0.021967526265520565,-0.005730659025787954
2023-07-07,512890,bear,-0.007683863885839637,-0.02444208289054184,0.027995520716685318,0.11138014527845042,-0.009261280726251144,-0.03266596417281342,0.020697167755991286,0.04793028322440085
2023-07-07,510880,bear,-0.007147719537100139,-0.021171022163413822,0.016140109890109944,0.019641626464507178,-0.008493008406417313,-0.03300653594771241,0.011152416356877248,0.039540385265292244
2023-07-07,168204,bear,-0.028994447871684148,0.049056603773584895,-0.01708898055391872,0.01090909090909098,-0.008143666948970401,0.0,0.002997601918465209,-0.013788968824939962
2023-07-07,512400,bear,-0.014506769825918697,0.009624639076034613,-0.07495590828924159,-0.03406998158379382,-0.012264868213344788,-0.020541549953314697,0.0219256434699715,0.036224976167778866
2023-07-14,512480,bear_high_vol,-0.02790178571428581,-0.019169329073482344,-0.15115207373271888,0.10167464114832536,-0.015624227759663049,-0.025396825396825307,-0.04125950054288818,-0.07709011943539634
2023-07-14,159995,bear_high_vol,-0.02473834443387246,-0.01553930530164549,-0.15463108320251184,0.06317867719644621,-0.015666665124553378,-0.02357207615593837,-0.04363974001857007,-0.06592386258124416
2023-07-14,512760,bear_high_vol,-0.02364532019704435,-0.025328330206379146,-0.15733982157339832,0.09483667017913588,-0.015362747633700031,-0.03258845437616398,-0.04331087584215587,-0.0654475457170356
2023-07-14,515050,bear_high_vol,-0.031161473087818914,0.061224489795918435,0.06953966699314407,0.3382352941176472,-0.025097506511640586,-0.025869759143621662,-0.07234432234432253,-0.0998168498168499
2023-07-14,512000,bear_high_vol,-0.012910798122065748,0.012910798122065748,-0.0411111111111111,0.0011600928074246841,-0.0110502985036716,-0.0069044879171461515,-0.0011587485515642815,0.1413673232908459
2023-07-14,515030,bear_high_vol,-0.013843111404087116,0.03918918918918912,-0.05875152998776001,-0.13400900900900903,-0.009563821600368293,-0.012202954399486154,-0.033159947984395255,-0.026007802340702213
2023-07-14,159875,bear_high_vol,-0.019786910197869156,0.0551181102362206,-0.08093278463648823,-0.16666666666666663,-0.010860720293562949,-0.016152716593245242,-0.03731343283582089,-0.0343283582089553
2023-07-14,512660,bear_high_vol,0.006357856494096148,0.05293551491819071,-0.013525698827772659,0.027230046948356845,-0.012858127995681581,-0.03527336860670183,-0.024680073126142732,-0.04936014625228524
2023-07-14,512690,bear_high_vol,-0.04057591623036649,-0.016089108910891103,-0.05693950177935936,-0.11073825503355705,-0.016783351666125032,-0.04216867469879504,0.0,0.023899371069182163
2023-07-14,159928,bear_high_vol,-0.021598272138228847,-0.009424083769633551,-0.05682951146560311,-0.11423220973782777,-0.011134742833425167,-0.028747433264887046,0.00634249471458781,0.011627906976744207
2023-07-14,512010,bear_high_vol,-0.02375296912114022,0.0,-0.11680327868852458,-0.13104838709677424,-0.010227730327318,-0.02708803611738153,-0.004640371229698403,-0.023201856148491906
2023-07-14,159801,bear_high_vol,-0.021967526265520565,-0.017447199265380964,-0.15281076801266813,0.06467661691542315,-0.01577490584983734,-0.02638762511373971,-0.04205607476635531,-0.06355140186915897
2023-07-14,512890,bear_high_vol,-0.020697167755991286,0.0064446831364124435,0.019586507072905324,0.13990267639902698,-0.009400209177067081,0.0,-0.009605122732123772,0.0032017075773744796
2023-07-14,510880,bear_high_vol,-0.011152416356877248,0.0023450586264657236,0.009106239460371146,0.03457814661134173,-0.008632719716834315,-0.0006680026720107257,-0.004679144385026701,0.006684491978609541
2023-07-14,168204,bear_high_vol,-0.002997601918465209,0.04758922980588598,0.0005980861244019309,-0.026759744037231026,-0.008602012631649947,0.0,-0.020322773460848764,-0.011356843992827326
2023-07-14,512400,bear_high_vol,-0.0219256434699715,0.01804368471035156,-0.10367892976588622,-0.05799648506151134,-0.01284592449384562,-0.007407407407407418,-0.01585820895522405,-0.018656716417910446
2023-07-21,512480,bear,0.04125950054288818,-0.024309392265193353,-0.13516160626836426,-0.018888888888888955,-0.013030855618277182,-0.04125950054288818,-0.005662514156285381,-0.0917327293318233
2023-07-21,159995,bear,0.04363974001857007,-0.028301886792452824,-0.1387959866220735,-0.05417814508723595,-0.013240539085609047,-0.04717853839037922,0.002912621359223211,-0.07766990291262144
2023-07-21,512760,bear,0.04331087584215587,-0.03307392996108949,-0.14310344827586197,-0.028347996089931438,-0.01317605698270034,-0.04789272030651348,0.0,-0.08148893360160958
2023-07-21,515050,bear,0.07234432234432253,-0.059424326833797614,0.019114688128772483,0.18479532163742673,-0.021432834906592226,-0.07404021937842797,-0.0029615004935833467,-0.08094768015794651
2023-07-21,512000,bear,0.0011587485515642815,0.022538552787663146,-0.01710376282782211,-0.0770877944325482,-0.008327141668525726,-0.004618937644341847,0.12877030162412995,0.13341067285382824
2023-07-21,515030,bear,0.033159947984395255,-0.0191292875989445,-0.05105296745373311,-0.17480577136514985,-0.009498977673006677,-0.04434447300771205,0.015467383994619999,-0.04102219233355764
2023-07-21,159875,bear,0.03731343283582089,-0.02124430955993928,-0.0851063829787233,-0.20761670761670759,-0.010315361671518608,-0.052863436123348095,0.01240310077519391,-0.04341085271317835
2023-07-21,512660,bear,0.024680073126142732,-0.0211009174311928,-0.021998166819431786,-0.0387387387387389,-0.010495884509532033,-0.05908289241622566,0.0037488284910964786,-0.028116213683224034
2023-07-21,512690,bear,-0.0,0.008883248730964466,-0.0456182472989195,-0.13019693654266962,-0.014783653513474042,-0.005006257822277815,0.07169811320754715,0.0062893081761006275
2023-07-21,159928,bear,-0.00634249471458781,0.011689691817215797,-0.04225352112676062,-0.12900274473924978,-0.010657419994481361,0.0,0.04306722689075637,-0.018907563025210017
2023-07-21,512010,bear,0.004640371229698403,0.009411764705882453,-0.07543103448275867,-0.1966292134831461,-0.008982841566316966,-0.009237875288683584,0.04428904428904423,-0.030303030303030276
2023-07-21,159801,bear,0.04205607476635531,-0.028436018957346043,-0.138655462184874,-0.05268022181146037,-0.01344475894198154,-0.05004633920296575,0.0019512195121951237,-0.07609756097560971
2023-07-21,512890,bear,0.009605122732123772,0.02428256070640189,0.0,0.10872162485065728,-0.006902280186453833,-0.009605122732123772,0.037715517241379226,0.008620689655172376
2023-07-21,510880,bear,0.004679144385026701,0.024071526822558642,-0.004679144385026701,0.06776622445320912,-0.006752178461012792,-0.004679144385026701,0.03626595030221624,0.017125587642713214
2023-07-21,168204,bear,0.020322773460848764,0.039315155358275344,-0.03758073987081623,-0.053148469093009854,-0.008259588664138685,-0.020322773460848764,0.017083587553386126,-0.015863331299572958
2023-07-21,512400,bear,0.01585820895522405,0.03128054740957964,-0.08499566348655685,-0.09674657534246578,-0.011185353114324226,-0.02314814814814825,0.017061611374407537,-0.04265402843601884
2023-07-28,512480,bull_high_vol,0.005662514156285381,-0.017897091722595126,-0.08636836628511968,-0.030905077262693204,-0.013684656576115591,-0.04668838219326821,0.007972665148063829,-0.11389521640091116
2023-07-28,159995,bull_high_vol,-0.002912621359223211,-0.01712654614652709,-0.0768543342269884,-0.059198542805100285,-0.013918392897260655,-0.044403330249768724,0.013552758954501476,-0.10648596321393988
2023-07-28,512760,bull_high_vol,-0.0,-0.01972386587771202,-0.08723599632690537,-0.037754114230396874,-0.014208661429178742,-0.04789272030651348,0.014084507042253502,-0.10764587525150904
2023-07-28,515050,bull_high_vol,0.0029615004935833467,-0.054307116104868935,0.08021390374331538,0.14903299203640508,-0.019801967886571254,-0.07678244972577708,0.036633663366336666,-0.11089108910891088
2023-07-28,512000,bull_high_vol,-0.12877030162412995,0.1555819477434679,0.09572072072072069,0.05646036916395225,-0.0236170407978535,0.0,0.05035971223021596,-0.016443987667009274
2023-07-28,515030,bull_high_vol,-0.015467383994619999,-0.018843404808317032,-0.02517753389283406,-0.2044257112750263,-0.011150966595150316,-0.029562982005141403,0.02582781456953631,-0.10794701986754973
2023-07-28,159875,bull_high_vol,-0.01240310077519391,-0.03687315634218291,-0.06312769010043029,-0.226303317535545,-0.011057320012325138,-0.04111600587371511,0.019908116385911168,-0.10872894333843808
2023-07-28,512660,bull_high_vol,-0.0037488284910964786,-0.047153024911032126,-0.018331805682859748,-0.06299212598425208,-0.008340196463944882,-0.05555555555555547,0.0,-0.07189542483660127
2023-07-28,512690,bull_high_vol,-0.07169811320754715,0.11518324607329844,0.014285714285714235,-0.06783369803063466,-0.017837567552328046,0.0,-0.005868544600938996,-0.05868544600938963
2023-07-28,159928,bull_high_vol,-0.04306722689075637,0.07235421166306688,-0.008982035928143728,-0.09480401093892432,-0.013200956685123373,0.0,-0.006042296072507614,-0.06445115810674718
2023-07-28,512010,bull_high_vol,-0.04428904428904423,0.054117647058823604,-0.02819956616052066,-0.13846153846153852,-0.009499381175948271,0.0,-0.0379464285714286,-0.08705357142857151
2023-07-28,159801,bull_high_vol,-0.0019512195121951237,-0.015340364333652934,-0.07726864330637917,-0.05866177818515128,-0.01426611165817718,-0.048192771084337394,0.01363193768257065,-0.10418695228821795
2023-07-28,512890,bull_high_vol,-0.037715517241379226,0.05708013172338089,0.0031250000000000444,0.13561320754716988,-0.006992556251447631,0.0,-0.0010384215991692258,-0.030114226375908548
2023-07-28,510880,bull_high_vol,-0.03626595030221624,0.05037440435670515,0.008826413860738791,0.0954916577919771,-0.006679041212209413,0.0,-0.003240440699935121,-0.023007128969539825
2023-07-28,168204,bull_high_vol,-0.017083587553386126,0.028377544725478154,-0.014775413711583862,-0.05552407932011327,-0.007273859460188245,-0.0035863717872086642,-0.013197360527894442,-0.03839232153569294
2023-07-28,512400,bull_high_vol,-0.017061611374407537,0.03771760154738879,-0.03593890386343224,-0.1388443017656501,-0.012915138300691714,-0.0064814814814816435,0.013047530288909703,-0.08014911463187324
2023-08-04,512480,bull_high_vol,-0.007972665148063829,-0.012276785714285698,-0.007847533632286963,-0.041170097508125725,-0.012368104261420734,-0.039087947882736174,-0.039548022598870136,-0.05310734463276845
2023-08-04,159995,bull_high_vol,-0.013552758954501476,-0.0038058991436726863,-0.0019065776930410339,-0.05590622182146088,-0.012640583417799073,-0.031452358926919555,-0.039159503342884316,-0.05730659025787965
2023-08-04,512760,bull_high_vol,-0.014084507042253502,-0.006896551724137834,-0.008849557522123797,-0.040000000000000036,-0.012840810007595444,-0.034482758620689724,-0.03670634920634919,-0.0535714285714286
2023-08-04,515050,bull_high_vol,-0.036633663366336666,-0.011331444759206777,0.17114093959731536,0.16333333333333333,-0.01963682328186154,-0.04296160877513722,-0.06112702960840488,-0.09646609360076408
2023-08-04,512000,bull_high_vol,-0.05035971223021596,0.199530516431925,0.11693989071038247,0.1280353200883002,-0.02456572344074407,0.0,-0.03620352250489245,-0.09197651663405082
2023-08-04,515030,bull_high_vol,-0.02582781456953631,0.021094264996704082,0.004539559014267169,-0.16854535695115413,-0.011344011187346743,-0.003217503217503248,-0.032924467398321444,-0.10910264686894777
2023-08-04,159875,bull_high_vol,-0.019908116385911168,0.013698630136986356,-0.031976744186046346,-0.1937046004842614,-0.01031461056450807,-0.020588235294117685,-0.028528528528528607,-0.1141141141141142
2023-08-04,512660,bull_high_vol,-0.0,-0.027247956403269824,-0.011080332409972304,-0.06707317073170727,-0.007917217526420063,-0.036870503597122406,-0.02894491129785237,-0.03921568627450989
2023-08-04,512690,bull_high_vol,0.005868544600938996,0.1086387434554974,0.03418803418803429,-0.07127192982456143,-0.01711518297176495,-0.005868544600938996,-0.038961038961038974,-0.030696576151121646
2023-08-04,159928,bull_high_vol,0.006042296072507614,0.06587473002159827,0.006116207951070374,-0.0844155844155845,-0.012747033927622916,-0.013000000000000012,-0.03039513677811556,-0.0435663627152989
2023-08-04,512010,bull_high_vol,0.0379464285714286,0.02375296912114022,-0.05066079295154191,-0.158203125,-0.01172322376749057,-0.0379464285714286,-0.023201856148491906,-0.03480278422273786
2023-08-04,159801,bull_high_vol,-0.01363193768257065,-0.005730659025787954,-0.003827751196172291,-0.05277525022747953,-0.013164490876272637,-0.035217794253938894,-0.03746397694524484,-0.526416906820365
2023-08-04,512890,bull_high_vol,0.0010384215991692258,0.04793028322440085,-0.01130524152106882,0.13577331759149946,-0.007450596623451468,-0.007223942208462342,-0.022869022869022926,-0.02598752598752585
2023-08-04,510880,bull_high_vol,0.003240440699935121,0.039540385265292244,-0.021317212853961043,0.09974973185555958,-0.00721864103801811,-0.010932475884244286,-0.020806241872561748,-0.017555266579974083
2023-08-04,168204,bull_high_vol,0.013197360527894442,-0.013788968824939962,-0.04748118123914302,-0.051326412918108355,-0.006674431970523627,-0.01673640167364021,0.005471124620060719,0.03951367781155013
2023-08-04,512400,bull_high_vol,-0.013047530288909703,0.036224976167778866,-0.010919017288444022,-0.10239471511147824,-0.011989058677758081,-0.0027522935779817903,-0.03219871205151792,-0.062557497700092
2023-08-11,512480,bear_high_vol,0.039548022598870136,-0.07709011943539634,-0.0628445424476296,-0.05764966740576505,-0.009415462338737244,-0.06900328587075577,-0.05647058823529405,-0.004705882352941226
2023-08-11,159995,bear_high_vol,0.039159503342884316,-0.06592386258124416,-0.06331471135940414,-0.07024029574861379,-0.009445557544722049,-0.057169634489222076,-0.055666003976143186,-0.020874751491053667
2023-08-11,512760,bear_high_vol,0.03670634920634919,-0.0654475457170356,-0.0654475457170356,-0.054527750730282376,-0.009700669941770247,-0.058195926285160016,-0.05973223480947476,-0.018537590113285263
2023-08-11,515050,bear_high_vol,0.06112702960840488,-0.0998168498168499,0.09343715239154604,0.08379272326350606,-0.015581941229861469,-0.10146252285191959,-0.0528992878942014,-0.06408952187182093
2023-08-11,512000,bear_high_vol,0.03620352250489245,0.1413673232908459,0.08960176991150437,0.10923423423423428,-0.027363449970925467,-0.043689320388349606,-0.008121827411167515,-0.06294416243654821
2023-08-11,515030,bear_high_vol,0.032924467398321444,-0.026007802340702213,-0.05904522613065333,-0.1598429613011777,-0.01164210676702893,-0.032924467398321444,-0.04806408544726304,-0.10413885180240312
2023-08-11,159875,bear_high_vol,0.028528528528528607,-0.0343283582089553,-0.08615819209039544,-0.18411097099621687,-0.010745876400374901,-0.028528528528528607,-0.04636785162287482,-0.1205564142194746
2023-08-11,512660,bear_high_vol,0.02894491129785237,-0.04936014625228524,-0.06137184115523475,-0.07390917186108636,-0.006893280269237623,-0.054545454545454564,-0.0028846153846154854,0.02115384615384608
2023-08-11,512690,bear_high_vol,0.038961038961038974,0.023899371069182163,0.025188916876574208,-0.14495798319327735,-0.016560122514672475,-0.04460093896713624,-0.017199017199017064,0.004914004914004844
2023-08-11,159928,bear_high_vol,0.03039513677811556,0.011627906976744207,-0.004162330905306932,-0.12282309807516045,-0.01267514553718589,-0.04300000000000004,-0.024033437826541215,-0.026123301985370828
2023-08-11,512010,bear_high_vol,0.023201856148491906,-0.023201856148491906,-0.08278867102396525,-0.16633663366336637,-0.013443601213974539,-0.060267857142857206,-0.01187648456057011,-0.03800475059382413
2023-08-11,159801,bear_high_vol,0.03746397694524484,-0.06355140186915897,-0.06355140186915897,-0.067906976744186,-0.009309188595576483,-0.05649717514124297,-0.05489021956087825,-0.5109780439121756
2023-08-11,512890,bear_high_vol,0.022869022869022926,0.0032017075773744796,-0.006342494714587699,0.10328638497652576,-0.007994994183292413,-0.029927760577915352,-0.004255319148936065,-0.0021276595744680327
2023-08-11,510880,bear_high_vol,0.020806241872561748,0.006684491978609541,-0.0230295167045087,0.07802433786685747,-0.007918271241975834,-0.031511254019292556,0.005644090305444882,0.0006640106241699861
2023-08-11,168204,bear_high_vol,-0.005471124620060719,-0.011356843992827326,-0.03948896631823462,-0.024188790560472073,-0.008520376411443537,-0.010765550239234423,-0.024788391777509022,0.04413542926239433
2023-08-11,512400,bear_high_vol,0.03219871205151792,-0.018656716417910446,-0.024118738404452666,-0.09232096635030196,-0.01210105280350285,-0.034862385321100975,-0.03992395437262364,-0.035171102661597065
2023-08-18,512480,bear_high_vol,0.05647058823529405,-0.0917327293318233,-0.1138121546961326,-0.08027522935779807,-0.011432610230628915,-0.09887640449438195,-0.029925187032418976,0.03366583541147117
2023-08-18,159995,bear_high_vol,0.055666003976143186,-0.07766990291262144,-0.10377358490566047,-0.09523809523809534,-0.011047500242586952,-0.09609895337773544,-0.028421052631578902,0.013684210526315743
2023-08-18,512760,bear_high_vol,0.05973223480947476,-0.08148893360160958,-0.11531007751937983,-0.08425275827482448,-0.01178719610301591,-0.09871668311944704,-0.028477546549835697,0.019715224534501585
2023-08-18,515050,bear_high_vol,0.0528992878942014,-0.08094768015794651,0.03674832962138086,0.05675368898978439,-0.014455106865884627,-0.11079274116523385,-0.03544575725026855,-0.03222341568206233
2023-08-18,512000,bear_high_vol,0.008121827411167515,0.13341067285382824,0.13341067285382824,0.07836644591611464,-0.028141087752020545,-0.05145631067961165,-0.020470829068577334,-0.06141248720573178
2023-08-18,515030,bear_high_vol,0.04806408544726304,-0.04102219233355764,-0.08000000000000007,-0.1828080229226362,-0.012480532863471352,-0.07940606843124598,-0.05539971949509115,-0.08134642356241228
2023-08-18,159875,bear_high_vol,0.04636785162287482,-0.04341085271317835,-0.10966810966810958,-0.21799746514575413,-0.011171412759724128,-0.07357357357357364,-0.05672609400324158,-0.10048622366288484
2023-08-18,512660,bear_high_vol,0.0028846153846154854,-0.028116213683224034,-0.03714020427112352,-0.07575757575757591,-0.010238494465268448,-0.04335793357933593,-0.041465766634522616,-0.0067502410800385215
2023-08-18,512690,bear_high_vol,0.017199017199017064,0.0062893081761006275,0.0012515644555695093,-0.142550911039657,-0.01733695344064729,-0.06103286384976514,0.0024999999999999467,0.00374999999999992
2023-08-18,159928,bear_high_vol,0.024033437826541215,-0.018907563025210017,-0.020964360587002018,-0.14311926605504588,-0.013213971486873553,-0.06599999999999995,-0.005353319057815886,-0.005353319057815886
2023-08-18,512010,bear_high_vol,0.01187648456057011,-0.030303030303030276,-0.08571428571428574,-0.16465863453815266,-0.01338563444013142,-0.07142857142857151,-0.016826923076923128,0.0024038461538462563
2023-08-18,159801,bear_high_vol,0.05489021956087825,-0.07609756097560971,-0.10321969696969702,-0.09204218600191749,-0.011266497638571037,-0.09377990430622007,-0.028511087645195277,-0.49313621964097143
2023-08-18,512890,bear_high_vol,0.004255319148936065,0.008620689655172376,0.025191675794085544,0.07093821510297493,-0.007906901770464643,-0.034055727554179516,-0.002136752136752129,0.014957264957264904
2023-08-18,510880,bear_high_vol,-0.005644090305444882,0.017125587642713214,0.017125587642713214,0.046648237733241116,-0.007929861440494413,-0.026045016077170358,-0.004621987454605403,0.018487949818421834
2023-08-18,168204,bear_high_vol,0.024788391777509022,-0.015863331299572958,-0.04386484884410202,-0.11324903793293017,-0.008723781802497542,-0.03528708133971292,-0.0061996280223186595,0.11531308121512707
2023-08-18,512400,bear_high_vol,0.03992395437262364,-0.04265402843601884,-0.03533906399235909,-0.15481171548117156,-0.012733128128720538,-0.07339449541284415,-0.022772277227722793,0.017821782178217838
2023-08-25,512480,bear,0.029925187032418976,-0.11389521640091116,-0.18018967334035818,-0.09953703703703698,-0.013423450499119775,-0.12584269662921344,0.07712082262210784,0.04755784061696655
2023-08-25,159995,bear,0.028421052631578902,-0.10648596321393988,-0.1609090909090909,-0.103883495145631,-0.01211780894233987,-0.12178877259752607,0.06933911159263273,0.03033586132177679
2023-08-25,512760,bear,0.028477546549835697,-0.10764587525150904,-0.17946345975948197,-0.09674134419551927,-0.013183860460168818,-0.12438302073050334,0.07553551296505057,0.03494926719278468
2023-08-25,515050,bear,0.03544575725026855,-0.11089108910891088,-0.06846473029045641,-0.0011123470522803602,-0.018290347160677692,-0.1423113658070677,0.05345211581291753,0.03786191536748329
2023-08-25,512000,bear,0.020470829068577334,-0.016443987667009274,0.12060889929742391,0.06451612903225801,-0.019773322424300552,-0.07087378640776709,-0.030303030303030165,-0.02507836990595602
2023-08-25,515030,bear,0.05539971949509115,-0.10794701986754973,-0.09899665551839476,-0.20904286553141516,-0.010167985824163141,-0.13040671400903803,0.024498886414253906,-0.027468448403860424
2023-08-25,159875,bear,0.05672609400324158,-0.10872894333843808,-0.11415525114155256,-0.2402088772845954,-0.01103413518670497,-0.12612612612612628,0.013745704467353903,-0.051546391752577136
2023-08-25,512660,bear,0.041465766634522616,-0.07189542483660127,-0.07620817843866179,-0.13187772925764196,-0.012133017978510793,-0.08048103607770585,0.035211267605633756,0.01810865191146882
2023-08-25,512690,bear,-0.0024999999999999467,-0.05868544600938963,0.058047493403694084,-0.14498933901918964,-0.013355492228384688,-0.05868544600938963,0.023690773067331472,-0.0012468827930174342
2023-08-25,159928,bear,0.005353319057815886,-0.06445115810674718,0.018640350877193068,-0.15004574565416284,-0.010301538602848315,-0.07099999999999995,0.016146393972012785,0.0032292787944026013
2023-08-25,512010,bear,0.016826923076923128,-0.08705357142857151,-0.06407322654462244,-0.1670061099796334,-0.013241085132866707,-0.06407322654462244,0.017114914425427896,0.02444987775061125
2023-08-25,159801,bear,0.028511087645195277,-0.10418695228821795,-0.1582799634034766,-0.10068426197458447,-0.012115065328256831,-0.11961722488038262,-0.46413043478260874,-0.48478260869565226
2023-08-25,512890,bear,0.002136752136752129,-0.030114226375908548,0.011917659804983716,0.05180180180180183,-0.006109832719310828,-0.0361197110423116,0.0032119914346895317,0.025695931477516032
2023-08-25,510880,bear,0.004621987454605403,-0.023007128969539825,0.009036144578313365,0.02936155684533981,-0.006199058110446556,-0.030546623794212135,0.002321724709784201,0.03184079601990053
2023-08-25,168204,bear,0.0061996280223186595,-0.03839232153569294,0.013915243516761544,-0.11240310077519389,-0.009136619574694952,-0.04126794258373201,0.06674984404242035,0.10917030567685582
2023-08-25,512400,bear,0.022772277227722793,-0.08014911463187324,-0.0361328125,-0.15496575342465746,-0.011241185439353537,-0.09449541284403673,0.032421479229989725,0.023302938196555267
2023-09-01,512480,range_high_vol,-0.07712082262210784,-0.05310734463276845,-0.08813928182807407,-0.05096262740656854,-0.018999048689051497,-0.04772727272727273,0.009546539379474916,-0.027446300715990524
2023-09-01,159995,range_high_vol,-0.06933911159263273,-0.05730659025787965,-0.07843137254901955,-0.05640535372848954,-0.01691294169297141,-0.049132947976878616,-0.0020263424518743856,-0.03546099290780147
2023-09-01,512760,range_high_vol,-0.07553551296505057,-0.0535714285714286,-0.09056244041944705,-0.04600000000000004,-0.01849217521015666,-0.04790419161676651,-0.0010482180293500676,-0.037735849056603654
2023-09-01,515050,range_high_vol,-0.05345211581291753,-0.09646609360076408,-0.013555787278414999,0.06053811659192809,-0.019854771291830494,-0.09125840537944285,-0.027484143763213398,-0.005285412262156508
2023-09-01,512000,range_high_vol,0.030303030303030165,-0.09197651663405082,0.0956316410861866,0.06544202066590121,-0.019389935539417945,-0.09902912621359217,-0.0053879310344827624,-0.034482758620689724
2023-09-01,515030,range_high_vol,-0.024498886414253906,-0.10910264686894777,-0.06377204884667576,-0.17266187050359716,-0.01243194503104439,-0.10505836575875493,-0.02753623188405785,-0.07173913043478264
2023-09-01,159875,range_high_vol,-0.013745704467353903,-0.1141141141141142,-0.07086614173228356,-0.22572178477690297,-0.012073002094447774,-0.10876132930513605,-0.035593220338983045,-0.06779661016949146
2023-09-01,512660,range_high_vol,-0.035211267605633756,-0.03921568627450989,-0.008670520231213952,-0.10986159169550169,-0.01460132139528253,-0.0356138706654171,0.032069970845481244,-0.01846452866861026
2023-09-01,512690,range_high_vol,-0.023690773067331472,-0.030696576151121646,0.09466666666666668,-0.08777777777777784,-0.014057095893574989,-0.021454112038140627,-0.0036540803897685548,-0.05724725943970754
2023-09-01,159928,range_high_vol,-0.016146393972012785,-0.0435663627152989,0.03736263736263723,-0.10095238095238102,-0.010973168614379079,-0.035750766087844776,-0.012711864406779516,-0.04237288135593209
2023-09-01,512010,range_high_vol,-0.017114914425427896,-0.03480278422273786,-0.023474178403755874,-0.1333333333333333,-0.011639016513428893,-0.025761124121779888,-0.0264423076923076,0.04086538461538458
2023-09-01,159801,range_high_vol,0.46413043478260874,-0.526416906820365,-0.5370892018779343,-0.5250481695568401,-0.11496865568229557,-0.521823472356935,-0.006085192697768749,-0.03853955375253548
2023-09-01,512890,range_high_vol,-0.0032119914346895317,-0.02598752598752585,-0.004250797024441977,0.0539932508436447,-0.006731003094648963,-0.020898641588296685,0.0010672358591248265,0.012806830309498363
2023-09-01,510880,range_high_vol,-0.002321724709784201,-0.017555266579974083,-0.00033079722130346934,0.035995886184436054,-0.007259885470460375,-0.011449133137062528,-0.002647253474520217,0.01654533421575133
2023-09-01,168204,range_high_vol,-0.06674984404242035,0.03951367781155013,0.07547169811320753,-0.02840909090909094,-0.015671765427696226,0.0,0.009941520467836362,0.04444444444444451
2023-09-01,512400,range_high_vol,-0.032421479229989725,-0.062557497700092,-0.019249278152069338,-0.11082024432809778,-0.013217239326332038,-0.060829493087557696,-0.003925417075564264,-0.03238469087340523
2023-09-08,512480,bear_high_vol,-0.009546539379474916,-0.004705882352941226,-0.09904153354632583,-0.06415929203539827,-0.021532254564998427,-0.028702640642939148,-0.02009456264775411,-0.03664302600472813
2023-09-08,159995,bear_high_vol,0.0020263424518743856,-0.020874751491053667,-0.09963436928702019,-0.07163053722902923,-0.019317950873869345,-0.03241650294695486,-0.022335025380710638,-0.03654822335025387
2023-09-08,512760,bear_high_vol,0.0010482180293500676,-0.018537590113285263,-0.10600375234521586,-0.06200787401574803,-0.020914694256243878,-0.030518819938962438,-0.023084994753410193,-0.03777544596012583
2023-09-08,515050,bear_high_vol,0.027484143763213398,-0.06408952187182093,-0.10592808551992217,0.05625717566016086,-0.01995712333504322,-0.06408952187182093,-0.020652173913043526,0.007608695652173925
2023-09-08,512000,bear_high_vol,0.0053879310344827624,-0.06294416243654821,0.08333333333333348,0.082063305978898,-0.016302843460033505,-0.07236180904522604,-0.00650054171180936,-0.03575297941495126
2023-09-08,515030,bear_high_vol,0.02753623188405785,-0.10413885180240312,-0.09324324324324318,-0.14631043256997456,-0.0125281850103313,-0.08831521739130432,-0.023845007451564815,-0.06035767511177359
2023-09-08,159875,bear_high_vol,0.035593220338983045,-0.1205564142194746,-0.10393700787401583,-0.2008426966292135,-0.01294312645067784,-0.11093750000000013,-0.024604569420034972,-0.056239015817223015
2023-09-08,512660,bear_high_vol,-0.032069970845481244,0.02115384615384608,0.022136669874879722,-0.04496402877697847,-0.016168051063981496,0.0,-0.030131826741996215,-0.08380414312617712
2023-09-08,512690,bear_high_vol,0.0036540803897685548,0.004914004914004844,0.012376237623762165,-0.07361268403171017,-0.015317987250667377,-0.03423848878394331,-0.01833740831295827,-0.09413202933985321
2023-09-08,159928,bear_high_vol,0.012711864406779516,-0.026123301985370828,-0.02408376963350778,-0.09951690821256032,-0.011443952430530036,-0.03118503118503113,-0.0032188841201716833,-0.06115879828326187
2023-09-08,512010,bear_high_vol,0.0264423076923076,-0.03800475059382413,-0.0603248259860788,-0.14376321353065524,-0.011791581849928102,-0.04255319148936165,0.02962962962962945,0.05679012345679002
2023-09-08,159801,bear_high_vol,0.006085192697768749,-0.5109780439121756,-0.5500459136822773,-0.5351043643263758,-0.1156982627319752,-0.5065458207452165,-0.020408163265306145,-0.03673469387755102
2023-09-08,512890,bear_high_vol,-0.0010672358591248265,-0.0021276595744680327,0.007518796992481036,0.05869074492099324,-0.008097347811850243,-0.01882845188284521,0.01279317697228155,0.013859275053304865
2023-09-08,510880,bear_high_vol,0.002647253474520217,0.0006640106241699861,0.009715242881072061,0.04002760524499638,-0.007590647878405034,-0.017601043024771945,0.02355673523556745,0.020238885202388923
2023-09-08,168204,bear_high_vol,-0.009941520467836362,0.04413542926239433,0.08140262993112102,0.027364663890541374,-0.014982669181556144,-0.017074558907228088,0.04169079328314984,0.021424435437174205
2023-09-08,512400,bear_high_vol,0.003925417075564264,-0.035171102661597065,-0.036087369420702786,-0.07136322049405308,-0.014716235304367708,-0.03333333333333344,0.012807881773399199,-0.03743842364532013
2023-09-15,512480,bear,0.02009456264775411,0.03366583541147117,-0.08397790055248622,-0.15321756894790606,-0.020149280131467506,-0.048220436280137835,-0.016887816646562137,-0.05307599517490946
2023-09-15,159995,bear,0.022335025380710638,0.013684210526315743,-0.09150943396226419,-0.15674255691768824,-0.018209979071260346,-0.05402750491159136,-0.012461059190031154,-0.049844236760124505
2023-09-15,512760,bear,0.023084994753410193,0.019715224534501585,-0.0943579766536965,-0.1582278481012659,-0.01949758670555254,-0.0528992878942014,-0.013963480128893702,-0.052631578947368474
2023-09-15,515050,bear,0.020652173913043526,-0.03222341568206233,-0.1634168987929433,-0.0758974358974358,-0.01979682621392137,-0.05851619644723083,0.03440621531631516,-0.05105438401775808
2023-09-15,512000,bear,0.00650054171180936,-0.06141248720573178,0.08778173190984595,0.05523590333716921,-0.0143085537692572,-0.06523955147808358,0.017448200654307522,-0.043620501635768805
2023-09-15,515030,bear,0.023845007451564815,-0.08134642356241228,-0.13588390501319259,-0.18885448916408665,-0.012436745390770745,-0.06562054208273882,0.0,-0.07404580152671758
2023-09-15,159875,bear,0.024604569420034972,-0.10048622366288484,-0.1578148710166919,-0.23236514522821572,-0.01253125226203376,-0.08112582781456945,-0.005405405405405461,-0.07747747747747757
2023-09-15,512660,bear,0.030131826741996215,-0.0067502410800385215,-0.05504587155963303,-0.09251101321585897,-0.013689457042817904,-0.030131826741996215,-0.01747572815533982,-0.09999999999999998
2023-09-15,512690,bear,0.01833740831295827,0.00374999999999992,0.019035532994923887,-0.09977578475336324,-0.014284474664141353,-0.051948051948051854,-0.00249066002490661,-0.11332503113325043
2023-09-15,159928,bear,0.0032188841201716833,-0.005353319057815886,-0.012752391073326153,-0.10587102983638097,-0.009792865338668553,-0.03430353430353417,0.0032292787944026013,-0.093649085037675
2023-09-15,512010,bear,-0.02962962962962945,0.0024038461538462563,-0.018823529411764683,-0.11652542372881358,-0.013003770609220972,-0.009501187648456089,0.004796163069544335,-0.01918465227817745
2023-09-15,159801,bear,0.020408163265306145,-0.49313621964097143,-0.5450236966824644,-0.5763459841129744,-0.116000713662602,-0.5116988809766023,-0.012500000000000067,-0.04791666666666661
2023-09-15,512890,bear,-0.01279317697228155,0.014957264957264904,0.04856512141280356,0.05908584169453723,-0.007853254828391564,-0.006276150627615107,0.008421052631578885,-0.03684210526315779
2023-09-15,510880,bear,-0.02355673523556745,0.018487949818421834,0.0608665749656121,0.05940934065934078,-0.007812109851398785,0.0,0.008427876823338787,-0.043760129659643376
2023-09-15,168204,bear,-0.04169079328314984,0.11531308121512707,0.14077362079898537,0.06323877068557926,-0.016477413193589252,-0.006077348066298449,-0.011673151750972721,-0.05447470817120614
2023-09-15,512400,bear,-0.012807881773399199,0.017821782178217838,0.004887585532747041,-0.09267431597528686,-0.014001016701859072,-0.020952380952380945,-0.017509727626459193,-0.10116731517509725
2023-09-22,512480,bear_high_vol,0.016887816646562137,0.04755784061696655,-0.08836689038031331,-0.1589267285861713,-0.018942270424690693,-0.06429391504018378,0.0,0.047852760736196265
2023-09-22,159995,bear_high_vol,0.012461059190031154,0.03033586132177679,-0.09514747859181727,-0.16137566137566128,-0.016952675125786715,-0.06581532416502955,0.001051524710830698,0.04731861198738185
2023-09-22,512760,bear_high_vol,0.013963480128893702,0.03494926719278468,-0.09467455621301768,-0.1624087591240876,-0.018224419819675056,-0.06612410986775175,0.0,0.046840958605664396
2023-09-22,515050,bear_high_vol,-0.03440621531631516,0.03786191536748329,-0.12734082397003743,-0.03818369453044368,-0.01776906145681734,-0.026123301985370828,0.009656652360514828,-0.022532188841201783
2023-09-22,512000,bear_high_vol,-0.017448200654307522,-0.02507836990595602,0.10807600950118768,0.0748847926267282,-0.012876225201773289,-0.04892966360856266,-0.039657020364415874,-0.032154340836012874
2023-09-22,515030,bear_high_vol,-0.0,-0.027468448403860424,-0.14879792072774523,-0.19582565991405765,-0.012939986379780404,-0.06160458452722051,-0.022137404580152786,-0.01984732824427482
2023-09-22,159875,bear_high_vol,0.005405405405405461,-0.051546391752577136,-0.18584070796460173,-0.24279835390946491,-0.012436056591706005,-0.07692307692307676,-0.0036231884057971175,-0.030797101449275388
2023-09-22,512660,bear_high_vol,0.01747572815533982,0.01810865191146882,-0.09964412811387913,-0.06985294117647067,-0.012621227290484973,-0.04708097928436916,-0.0019762845849802257,-0.03754940711462451
2023-09-22,512690,bear_high_vol,0.00249066002490661,-0.0012468827930174342,0.048429319371727786,-0.13311688311688308,-0.013769472693809171,-0.05430932703659963,-0.03370786516853941,-0.051186017478152324
2023-09-22,159928,bear_high_vol,-0.0032292787944026013,0.0032292787944026013,0.00647948164146861,-0.12241054613935964,-0.010403713605295316,-0.03118503118503113,-0.030042918454935674,-0.03326180257510736
2023-09-22,512010,bear_high_vol,-0.004796163069544335,0.02444987775061125,-0.014117647058823568,-0.11416490486257924,-0.01103564574057515,-0.009456264775413725,0.03341288782816232,0.04534606205250591
2023-09-22,159801,bear_high_vol,0.012500000000000067,-0.48478260869565226,-0.5455417066155321,-0.5786666666666667,-0.11572746830555565,-0.5178026449643947,0.0,0.048523206751054815
2023-09-22,512890,bear_high_vol,-0.008421052631578885,0.025695931477516032,0.05159165751920969,0.08493771234428071,-0.007177534352113809,-0.003121748178980255,-0.009394572025052228,-0.03757828810020869
2023-09-22,510880,bear_high_vol,-0.008427876823338787,0.03184079601990053,0.058883594281824436,0.07758919293384148,-0.007335055652335247,-0.0016046213093710016,-0.012536162005786,-0.04403728704596588
2023-09-22,168204,bear_high_vol,0.011673151750972721,0.10917030567685582,0.09685379395434923,0.030724637681159406,-0.01580451257450897,-0.022539857064321045,0.004499437570303799,-0.03937007874015752
2023-09-22,512400,bear_high_vol,0.017509727626459193,0.023302938196555267,-0.023210831721470093,-0.09579230080572965,-0.012135355766538469,-0.03809523809523818,-0.023762376237623783,-0.03762376237623766
2023-10-13,512480,bear,-0.03580246913580232,0.0011933174224343368,-0.08705114254624602,-0.187015503875969,-0.011306108928319207,-0.010613207547169767,-0.03933253873659104,0.035756853396901045
2023-10-13,159995,bear,-0.030655391120507414,-0.0040858018386108474,-0.09133271202236715,-0.19686985172981875,-0.010367397612444136,-0.010152284263959421,-0.03897435897435886,0.03076923076923066
2023-10-13,512760,bear,-0.033991228070175294,-0.002116402116402072,-0.08976833976833987,-0.19949066213921907,-0.011136373193136118,-0.011530398322851187,-0.04241781548250256,0.0328738069989396
2023-10-13,515050,bear,-0.01399354144241105,0.02280130293159588,-0.12534818941504178,-0.07374631268436571,-0.015483285800239662,-0.014644351464435212,-0.07961783439490444,-0.0127388535031846
2023-10-13,512000,bear,0.017621145374449365,-0.029379760609357986,0.03121387283236987,-0.011086474501108667,-0.011840362568621463,-0.049040511727078795,0.007847533632286963,0.047085201793722
2023-10-13,515030,bear,-0.0031055900621117516,-0.0471976401179941,-0.16859716859716856,-0.18844221105527637,-0.012939496278192795,-0.04930095658572475,-0.037151702786377694,-0.010835913312693513
2023-10-13,159875,bear,0.01258992805755399,-0.05017301038062272,-0.1926470588235294,-0.235376044568245,-0.012889696796537965,-0.04355400696864098,-0.03642987249544627,-0.02732240437158473
2023-10-13,512660,bear,0.02290836653386452,-0.05491329479768792,-0.10737033666969975,-0.11382113821138207,-0.008816656353339015,-0.07627118644067798,-0.04485219164118237,-0.0050968399592252744
2023-10-13,512690,bear,0.03470437017994865,-0.08637469586374691,-0.06007509386733423,-0.12060889929742391,-0.010326354132175253,-0.08969696969696961,-0.053262316910785645,0.003994673768308976
2023-10-13,159928,bear,0.02524698133918768,-0.054313099041533475,-0.0672268907563025,-0.12166172106824913,-0.009330143499101433,-0.0573248407643312,-0.0495495495495496,0.012387387387387427
2023-10-13,512010,bear,-0.016355140186915973,0.07407407407407396,0.004618937644341736,-0.11042944785276076,-0.012196148359394155,-0.004576659038901587,-0.06206896551724139,0.011494252873563315
2023-10-13,159801,bear,-0.029661016949152463,-0.002053388090349051,-0.5449438202247192,-0.5963455149501662,-0.010430590902415184,-0.008163265306122436,-0.04115226337448552,0.028806584362139898
2023-10-13,512890,bear,0.005252100840336116,0.005307855626327074,0.015005359056806,0.026002166847237218,-0.005894313576591014,-0.014568158168574374,-0.01372756071805692,-0.032734952481520474
2023-10-13,510880,bear,0.00682482937926554,0.007583250906693095,0.0265367819952973,0.02791792801883619,-0.005495540779524625,-0.019255455712451908,-0.02486910994764402,-0.027159685863874405
2023-10-13,168204,bear,0.011312217194570096,-0.0028522532800911993,0.05111244738424525,0.042959427207637235,-0.01200881394136544,-0.03903243540406809,-0.0097254004576659,0.012585812356979309
2023-10-13,512400,bear,-0.0010101010101009056,-0.03317073170731699,-0.08240740740740748,-0.14568965517241372,-0.010158830123527514,-0.03879728419010664,-0.04137235116044402,-0.04843592330978819
2023-10-20,512480,bear,0.03933253873659104,-0.014669926650366594,-0.09131905298759857,-0.2564575645756457,-0.013594269720806634,-0.04047619047619033,0.013647642679900596,0.07692307692307687
2023-10-20,159995,bear,0.03897435897435886,-0.015756302521008347,-0.09643201542912239,-0.25928853754940706,-0.012137390684787438,-0.03995901639344257,0.018143009605122717,0.06510138740661686
2023-10-20,512760,bear,0.04241781548250256,-0.018478260869565277,-0.0979020979020978,-0.2658536585365854,-0.013051351373352284,-0.0444444444444444,0.019933554817275656,0.07308970099667778
2023-10-20,515050,bear,0.07961783439490444,-0.04620462046204621,-0.1549707602339182,-0.1631274131274132,-0.016360220113911247,-0.09309623430962344,0.01384083044982698,0.08881199538638973
2023-10-20,512000,bear,-0.007847533632286963,-0.024945770065075923,0.046565774155995276,-0.014254385964912242,-0.011155841407578247,-0.03644158628081462,0.010011123470522909,0.04226918798665191
2023-10-20,515030,bear,0.037151702786377694,-0.05828917486752461,-0.17066666666666663,-0.21613106490233147,-0.014356679356910207,-0.06466165413533842,0.020900321543408484,0.020900321543408484
2023-10-20,159875,bear,0.03642987249544627,-0.057040998217468886,-0.1874039938556068,-0.2559774964838255,-0.01407194840750011,-0.0587188612099645,0.0,-0.001890359168241984
2023-10-20,512660,bear,0.04485219164118237,-0.08940719144800768,-0.1242990654205608,-0.141941391941392,-0.009354147866235797,-0.09029126213592231,0.028815368196371205,0.06723585912486651
2023-10-20,512690,bear,0.053262316910785645,-0.12760736196319022,-0.084942084942085,-0.15256257449344457,-0.011467499206321842,-0.12438423645320207,0.05625879043600568,0.04500703234880454
2023-10-20,159928,bear,0.0495495495495496,-0.09925293489861264,-0.09635974304068529,-0.1551551551551552,-0.011277841053955885,-0.09732620320855623,0.05450236966824651,0.05213270142180093
2023-10-20,512010,bear,0.06206896551724139,-0.007299270072992692,-0.037735849056603765,-0.13375796178343946,-0.012964855630742237,-0.06636155606407323,0.044117647058823595,0.06617647058823528
2023-10-20,159801,bear,0.04115226337448552,-0.016877637130801593,-0.5484496124031008,-0.6283891547049442,-0.012670045013495524,-0.04115226337448552,0.019313304721029878,0.06866952789699554
2023-10-20,512890,bear,0.01372756071805692,-0.015806111696522573,0.005382131324004336,-0.007438894792773487,-0.007650824431600571,-0.02809573361082196,0.004282655246252487,-0.010706638115631661
2023-10-20,510880,bear,0.02486910994764402,-0.03340901719104772,0.000671591672263272,-0.009637753406447347,-0.0059320204854731015,-0.043645699614890954,0.011744966442952975,-0.003691275167785224
2023-10-20,168204,bear,0.0097254004576659,-0.043646408839778994,0.04655380894800487,0.0017361111111111605,-0.008782498412389313,-0.048378229796591454,-0.005199306759098854,0.021952628538417063
2023-10-20,512400,bear,0.04137235116044402,-0.07587548638132302,-0.107981220657277,-0.19217687074829937,-0.010673346985945603,-0.07677356656948486,0.01684210526315799,0.0031578947368420263
2023-10-27,512480,bear_high_vol,-0.013647642679900596,0.023809523809523725,-0.06628571428571439,-0.1354497354497355,-0.014749102182488307,-0.027380952380952395,0.05263157894736836,0.02080783353733162
2023-10-27,159995,bear_high_vol,-0.018143009605122717,0.02470461868958096,-0.07017543859649134,-0.1382113821138211,-0.013280856409563458,-0.02254098360655743,0.04507337526205446,0.01048218029350112
2023-10-27,512760,bear_high_vol,-0.019933554817275656,0.025612472160356337,-0.06686930091185406,-0.14085820895522394,-0.014251082955565425,-0.025396825396825307,0.04994571118349622,0.011943539630836053
2023-10-27,515050,bear_high_vol,-0.01384083044982698,-0.013468013468013518,-0.1227544910179641,-0.034065934065934056,-0.013143547193888912,-0.08054393305439322,0.026166097838452806,0.026166097838452806
2023-10-27,512000,bear_high_vol,-0.010011123470522909,0.002207505518763808,0.012263099219620877,0.042479908151549894,-0.012723518291429176,-0.026795284030010746,-0.0022026431718061845,0.012114537444933848
2023-10-27,515030,bear_high_vol,-0.020900321543408484,-0.01244167962674958,-0.15106951871657748,-0.18170103092783507,-0.016291850484477965,-0.0349544072948329,-0.012598425196850394,-0.04015748031496058
2023-10-27,159875,bear_high_vol,-0.0,-0.025782688766114226,-0.1823802163833076,-0.2464387464387463,-0.017176509345979134,-0.05535714285714288,-0.01890359168241973,-0.0434782608695653
2023-10-27,512660,bear_high_vol,-0.028815368196371205,-0.03503503503503502,-0.10158434296365326,-0.11397058823529416,-0.010371830811852403,-0.04743083003952575,0.005186721991701226,0.01970954356846466
2023-10-27,512690,bear_high_vol,-0.05625879043600568,-0.04452926208651409,-0.09843937575030004,-0.10059880239520957,-0.012883725358426966,-0.062421972534332126,0.026631158455392878,-0.005326231691078598
2023-10-27,159928,bear_high_vol,-0.05450236966824651,-0.026258205689277947,-0.08624229979466114,-0.10191725529767914,-0.012557890197228642,-0.045064377682403456,0.02584269662921357,0.010112359550561889
2023-10-27,512010,bear_high_vol,-0.044117647058823595,0.026506024096385472,-0.03401360544217691,-0.07189542483660138,-0.014770836456352673,-0.02517162471395884,0.021126760563380254,0.018779342723004744
2023-10-27,159801,bear_high_vol,-0.019313304721029878,0.023706896551723977,-0.5343137254901962,-0.5689655172413794,-0.013361017520057415,-0.02263374485596714,0.04631578947368431,0.010526315789473717
2023-10-27,512890,bear_high_vol,-0.004282655246252487,-0.015739769150052485,-0.009503695881731833,-0.0021276595744680327,-0.009121031156751622,-0.02087682672233826,-0.02025586353944553,-0.005330490405117128
2023-10-27,510880,bear_high_vol,-0.011744966442952975,-0.026477236034872398,-0.00626235992089641,-0.0026463777704267555,-0.0065424502909275355,-0.030858244937319257,-0.013598673300165842,-0.0019900497512438386
2023-10-27,168204,bear_high_vol,0.005199306759098854,-0.04173622704507507,0.04237288135593231,0.029288702928870203,-0.011777313865303642,-0.0390625,-0.0017421602787456303,0.04297328687572599
2023-10-27,512400,bear_high_vol,-0.01684210526315799,-0.03784860557768932,-0.09380863039399634,-0.12420670897552133,-0.013915363041071754,-0.0435643564356436,-0.011387163561076608,-0.03623188405797095
2023-11-03,512480,bear,-0.05263157894736836,0.061728395061728225,-0.03370786516853941,-0.04867256637168149,-0.01874132664774293,0.0,0.010465116279069875,-0.015116279069767424
2023-11-03,159995,bear,-0.04507337526205446,0.05391120507399583,-0.051379638439581266,-0.06032045240339301,-0.017169147553577298,0.0,0.008024072216649802,-0.02106318956870612
2023-11-03,512760,bear,-0.04994571118349622,0.06030701754385959,-0.045409674234945685,-0.06025267249757038,-0.017758911207410067,0.0,0.007238883143743546,-0.01964839710444677
2023-11-03,515050,bear,-0.026166097838452806,-0.0290635091496233,-0.12171372930866597,-0.001107419712070845,-0.01602343166536803,-0.05648535564853552,0.03104212860310418,0.011086474501108556
2023-11-03,512000,bear,0.0022026431718061845,-0.0022026431718061845,-0.10385756676557856,-0.0371944739638681,-0.011555261390902436,-0.0022026431718061845,0.030905077262693093,-0.001103752759381904
2023-11-03,515030,bear,0.012598425196850394,-0.026397515527950333,-0.18412491867273906,-0.16288384512683574,-0.017193052160078267,-0.0471124620060791,0.019138755980861344,-0.05741626794258381
2023-11-03,159875,bear,0.01890359168241973,-0.06654676258992809,-0.21482602118003025,-0.2322485207100592,-0.017355325942644714,-0.07321428571428579,0.028901734104046284,-0.05973025048169567
2023-11-03,512660,bear,-0.005186721991701226,-0.03486055776892438,-0.09608208955223885,-0.11263736263736268,-0.011428875730793764,-0.04059405940594063,0.007223942208462342,0.01238390092879249
2023-11-03,512690,bear,-0.026631158455392878,-0.00899742930591263,-0.08972845336481694,-0.0688405797101449,-0.014379644647095948,-0.005161290322580614,-0.022049286640726362,-0.055771725032425445
2023-11-03,159928,bear,-0.02584269662921357,0.002195389681668436,-0.07591093117408898,-0.07497467071935149,-0.013005894416847498,-0.001094091903719896,-0.01533406352683464,-0.03723986856516981
2023-11-03,512010,bear,-0.021126760563380254,0.016355140186915973,0.0023041474654377225,-0.039735099337748325,-0.014764404050775963,-0.006849315068493178,0.011494252873563315,-0.0022988505747126853
2023-11-03,159801,bear,-0.04631578947368431,0.052966101694915224,-0.524401913875598,-0.5280151946818613,-0.017456719603696675,0.0,0.006036217303822866,-0.02213279678068414
2023-11-03,512890,bear,0.02025586353944553,-0.034663865546218364,-0.04370447450572312,-0.07915831663326645,-0.009948968779761586,-0.03870292887029281,-0.0032644178454842576,0.01414581066376508
2023-11-03,510880,bear,0.013598673300165842,-0.03347416314592122,-0.03660511823777124,-0.07380878231080645,-0.007277195261093231,-0.032845528455284545,-0.0003362474781439806,0.009414929388029458
2023-11-03,168204,bear,0.0017421602787456303,-0.027714932126696845,0.04371584699453557,-0.010362694300518172,-0.011501348145668005,-0.03751399776035835,0.029668411867364686,0.0808609656777195
2023-11-03,512400,bear,0.011387163561076608,-0.03535353535353536,-0.11245353159851312,-0.12465627864344642,-0.01414326511169265,-0.05163853028798404,-0.012565445026178068,-0.03350785340314133
2023-11-10,512480,bear_high_vol,-0.010465116279069875,0.035756853396901045,-0.0011494252873562871,-0.0344444444444445,-0.01777330906588116,-0.01473922902494329,-0.0011507479861909697,-0.05983889528193331
2023-11-10,159995,bear_high_vol,-0.008024072216649802,0.03076923076923066,-0.02237354085603127,-0.05810684161199631,-0.01658246329047116,-0.016634050880626305,-0.006965174129353158,-0.06567164179104468
2023-11-10,512760,bear_high_vol,-0.007238883143743546,0.0328738069989396,-0.017154389505549927,-0.05436893203883497,-0.016758396982842743,-0.017154389505549927,-0.005133470225872738,-0.0657084188911704
2023-11-10,515050,bear_high_vol,-0.03104212860310418,-0.0127388535031846,-0.06999999999999995,0.05084745762711873,-0.016643520062604562,-0.007470651013874119,0.015053763440860068,-0.011827956989247324
2023-11-10,512000,bear_high_vol,-0.030905077262693093,0.047085201793722,-0.09320388349514563,0.028634361233480288,-0.014207997205635299,-0.012684989429175397,0.0032119914346895317,-0.051391862955032175
2023-11-10,515030,bear_high_vol,-0.019138755980861344,-0.010835913312693513,-0.1674267100977198,-0.202247191011236,-0.01687765453521082,-0.018433179723502335,-0.006259780907668211,-0.07668231611893594
2023-11-10,159875,bear_high_vol,-0.028901734104046284,-0.02732240437158473,-0.19213313161875945,-0.24682651622002816,-0.017273467784521008,-0.011111111111111072,-0.011235955056179803,-0.09925093632958815
2023-11-10,512660,bear_high_vol,-0.007223942208462342,-0.0050968399592252744,-0.07047619047619058,-0.09713228492136905,-0.01107467419729152,-0.006109979633401208,0.024590163934426146,-0.032786885245901676
2023-11-10,512690,bear_high_vol,0.022049286640726362,0.003994673768308976,-0.0970059880239521,-0.06335403726708078,-0.013408656893619444,-0.02709677419354839,-0.01458885941644561,-0.0663129973474802
2023-11-10,159928,bear_high_vol,0.01533406352683464,0.012387387387387427,-0.07889344262295073,-0.07415036045314105,-0.011753714064014152,-0.01641137855579866,-0.012235817575083408,-0.04226918798665191
2023-11-10,512010,bear_high_vol,-0.011494252873563315,0.011494252873563315,0.030444964871194413,-0.049676025917926636,-0.014098101496997965,-0.011235955056179803,-0.011363636363636354,-0.054545454545454564
2023-11-10,159801,bear_high_vol,-0.006036217303822866,0.028806584362139898,-0.5107632093933464,-0.5287464655984919,-0.016621794179716053,-0.019607843137254943,-0.0040000000000000036,-0.06599999999999995
2023-11-10,512890,bear_high_vol,0.0032644178454842576,-0.032734952481520474,-0.03578947368421048,-0.032734952481520474,-0.008927490072804897,-0.041841004184100306,0.008733624454148492,-0.00545851528384278
2023-11-10,510880,bear_high_vol,0.0003362474781439806,-0.027159685863874405,-0.026522593320235766,-0.039728682170542706,-0.006900200716680514,-0.033170731707317214,-0.001345442314160783,-0.0006727211570802805
2023-11-10,168204,bear_high_vol,-0.029668411867364686,0.012585812356979309,0.05861244019138767,0.024898668210770136,-0.012715731748826356,0.0,-0.0005649717514124575,0.04237288135593209
2023-11-10,512400,bear_high_vol,0.012565445026178068,-0.04843592330978819,-0.12360594795539048,-0.13247470101195957,-0.01186815444433009,-0.03578732106339466,0.010604453870625585,-0.022269353128313796
2023-11-17,512480,bear,0.0011507479861909697,0.07692307692307687,0.06765067650676504,-0.03875968992248069,-0.015246416485356315,-0.015873015873015928,-0.03917050691244239,-0.062211981566820285
2023-11-17,159995,bear,0.006965174129353158,0.06510138740661686,0.03850156087408951,-0.06203007518796999,-0.014967962107859762,-0.023483365949119372,-0.034068136272545124,-0.06212424849699394
2023-11-17,512760,bear,0.005133470225872738,0.07308970099667778,0.04870129870129869,-0.058309037900874605,-0.014878414502118945,-0.02219979818365292,-0.03818369453044368,-0.06398348813209487
2023-11-17,515050,bear,-0.015053763440860068,0.08881199538638973,-0.01666666666666672,0.05005561735261388,-0.013517925913988989,-0.005268703898840932,-0.044491525423728695,-0.03389830508474567
2023-11-17,512000,bear,-0.0032119914346895317,0.04226918798665191,-0.05829145728643215,0.07208237986270039,-0.012819543138608521,-0.009513742071881492,-0.019210245464247655,-0.05656350053361803
2023-11-17,515030,bear,0.006259780907668211,0.020900321543408484,-0.12474155754651972,-0.18537524053880694,-0.015462405706066261,-0.02457757296466978,-0.04015748031496058,-0.10157480314960632
2023-11-17,159875,bear,0.011235955056179803,-0.001890359168241984,-0.1524879614767255,-0.23589001447177993,-0.015901342232335268,-0.022222222222222254,-0.04166666666666674,-0.11742424242424243
2023-11-17,512660,bear,-0.024590163934426146,0.06723585912486651,-0.04489016236867238,-0.07578558225508325,-0.011251162781712032,-0.012833168805527984,-0.017000000000000015,-0.049000000000000044
2023-11-17,512690,bear,0.01458885941644561,0.04500703234880454,-0.0927960927960928,-0.08497536945812811,-0.011481421944988832,-0.041290322580645245,0.0053835800807537915,-0.10497981157469716
2023-11-17,159928,bear,0.012235817575083408,0.05213270142180093,-0.0691823899371069,-0.08169596690796277,-0.009172744917190539,-0.02844638949671774,0.012387387387387427,-0.06981981981981988
2023-11-17,512010,bear,0.011363636363636354,0.06617647058823528,0.0308056872037914,-0.05844155844155852,-0.013632841435748045,-0.022471910112359605,-0.0022988505747126853,-0.06436781609195408
2023-11-17,159801,bear,0.0040000000000000036,0.06866952789699554,-0.4790794979079498,-0.5284090909090909,-0.015087899095046863,-0.02352941176470591,-0.03614457831325302,-0.06626506024096379
2023-11-17,512890,bear,-0.008733624454148492,-0.010706638115631661,-0.01492537313432829,-0.002159827213822907,-0.006029531370715407,-0.01492537313432829,0.009740259740259827,-0.011904761904761862
2023-11-17,510880,bear,0.001345442314160783,-0.003691275167785224,-0.019484808454425462,-0.016887417218543144,-0.005334437501912134,-0.015257048092869097,0.01347254968002698,0.0030313236780061814
2023-11-17,168204,bear,0.0005649717514124575,0.021952628538417063,0.09197530864197523,0.04181389870435814,-0.012129578465732366,-0.002256063169768785,0.015262860373092213,0.040700960994912494
2023-11-17,512400,bear,-0.010604453870625585,0.0031578947368420263,-0.07565470417070796,-0.0941064638783271,-0.009905800187970146,-0.019547325102880708,-0.023084994753410193,-0.05561385099685201
2023-11-24,512480,bear,0.03917050691244239,0.02080783353733162,0.04642409033877026,-0.11370882040382568,-0.011971382174541313,-0.054421768707483054,0.01558752997601931,-0.046762589928057485
2023-11-24,159995,bear,0.034068136272545124,0.01048218029350112,0.019027484143763207,-0.11963470319634706,-0.011193159238043131,-0.05675146771037187,0.012448132780082943,-0.038381742738589186
2023-11-24,512760,bear,0.03818369453044368,0.011943539630836053,0.026431718061673992,-0.1314072693383037,-0.011528968166070165,-0.05953582240161448,0.01716738197424883,-0.045064377682403456
2023-11-24,515050,bear,0.044491525423728695,0.026166097838452806,-0.03426124197002145,-0.0545073375262054,-0.013626447756089531,-0.04952581664910427,0.011086474501108556,-0.018847006651884768
2023-11-24,512000,bear,0.019210245464247655,0.012114537444933848,-0.032631578947368345,0.06860465116279069,-0.01129621666481715,-0.0285412262156447,-0.015233949945593017,-0.06964091403699679
2023-11-24,515030,bear,0.04015748031496058,-0.04015748031496058,-0.1056493030080704,-0.19218025182239884,-0.014759863404405655,-0.06374807987711206,-0.03035274815422484,-0.06808859721082872
2023-11-24,159875,bear,0.04166666666666674,-0.0434782608695653,-0.13651877133105794,-0.24024024024024027,-0.014267763515532455,-0.062962962962963,-0.035573122529644285,-0.06719367588932812
2023-11-24,512660,bear,0.017000000000000015,0.01970954356846466,-0.027695351137487556,-0.08302238805970152,-0.013091645799349195,-0.035328753680078484,-0.0020345879959308144,-0.05086469989827058
2023-11-24,512690,bear,-0.0053835800807537915,-0.005326231691078598,-0.07320099255583135,-0.03612903225806452,-0.009789590357128024,-0.03612903225806452,-0.025435073627844695,-0.10843373493975894
2023-11-24,159928,bear,-0.012387387387387427,0.010112359550561889,-0.0322927879440259,-0.03125,-0.006641419969728042,-0.01641137855579866,-0.022246941045606206,-0.08342602892102347
2023-11-24,512010,bear,0.0022988505747126853,0.018779342723004744,0.05339805825242716,-0.029082774049216997,-0.009802800101343353,-0.024719101123595544,0.0,-0.0714285714285714
2023-11-24,159801,bear,0.03614457831325302,0.010526315789473717,-0.4893617021276596,-0.5588235294117647,-0.01103656426361003,-0.05882352941176472,0.012499999999999956,-0.043749999999999956
2023-11-24,512890,bear,-0.009740259740259827,-0.005330490405117128,-0.002139037433155133,0.002148227712137407,-0.0037212515022274234,0.0,-0.001071811361200381,-0.027867095391211127
2023-11-24,510880,bear,-0.01347254968002698,-0.0019900497512438386,-0.0009960159362549792,-0.003972194637537285,-0.003923896840168178,0.0,-0.0023263542705218576,-0.02259887005649719
2023-11-24,168204,bear,-0.015262860373092213,0.04297328687572599,0.10591133004926112,0.11138613861386126,-0.009797145303775807,0.0,0.034521158129176,0.03897550111358572
2023-11-24,512400,bear,0.023084994753410193,-0.03623188405797095,-0.07085828343313372,-0.09259259259259256,-0.009245943991146352,-0.04218106995884763,-0.008592910848549962,-0.023630504833512367
2023-12-01,512480,bear,-0.01558752997601931,-0.015116279069767424,0.0035545023696681444,-0.0753275109170306,-0.00906661606246747,-0.039682539682539764,-0.03541912632821731,-0.050767414403777966
2023-12-01,159995,bear,-0.012448132780082943,-0.02106318956870612,-0.017119838872104776,-0.08528584817244611,-0.008180058525953103,-0.045009784735812186,-0.037909836065573854,-0.04508196721311464
2023-12-01,512760,bear,-0.01716738197424883,-0.01964839710444677,-0.012500000000000067,-0.09108341323106417,-0.009297448068094304,-0.043390514631685195,-0.04008438818565396,-0.05379746835443033
2023-12-01,515050,bear,-0.011086474501108556,0.011086474501108556,-0.04402515723270428,-0.03797468354430367,-0.010980806949966865,-0.03898840885142252,0.007675438596491224,0.006578947368421018
2023-12-01,512000,bear,0.015233949945593017,-0.001103752759381904,-0.02373247033441206,0.07227488151658767,-0.006873931764009632,-0.04334038054968281,-0.020994475138121582,-0.045303867403314935
2023-12-01,515030,bear,0.03035274815422484,-0.05741626794258381,-0.14161220043572986,-0.21513944223107573,-0.010312878499620379,-0.09216589861751157,-0.0016920473773265332,0.0076142131979697325
2023-12-01,159875,bear,0.035573122529644285,-0.05973025048169567,-0.17288135593220333,-0.24574961360123648,-0.010672226619748502,-0.09629629629629632,-0.014344262295082011,0.020491803278688492
2023-12-01,512660,bear,0.0020345879959308144,0.01238390092879249,-0.05217391304347818,-0.0621414913957935,-0.011189178659942131,-0.037291462217860616,-0.03771661569826712,-0.021406727828746197
2023-12-01,512690,bear,0.025435073627844695,-0.055771725032425445,-0.0978934324659233,-0.044619422572178546,-0.00849734993579923,-0.05821474773609314,-0.03296703296703296,-0.0494505494505495
2023-12-01,159928,bear,0.022246941045606206,-0.03723986856516981,-0.05787781350482324,-0.042483660130719025,-0.0064570997943233415,-0.03618421052631582,-0.020477815699658675,-0.029579067121729308
2023-12-01,512010,bear,-0.0,-0.0022988505747126853,0.03579952267303099,0.002309468822170979,-0.008904976835837852,-0.024719101123595544,-0.04147465437788023,-0.05299539170506917
2023-12-01,159801,bear,-0.012499999999999956,-0.02213279678068414,-0.5055951169888098,-0.5415094339622641,-0.008444149152916818,-0.04705882352941182,-0.039094650205761194,-0.04526748971193406
2023-12-01,512890,bear,0.001071811361200381,0.01414581066376508,0.0,0.0010741138560688146,-0.0050039136775505005,-0.001071811361200381,-0.022532188841201783,-0.0193133047210301
2023-12-01,510880,bear,0.0023263542705218576,0.009414929388029458,0.002672010688042681,0.0033422459893046597,-0.0037124446068141073,-0.0023263542705218576,-0.01032644903397728,-0.02365089940039966
2023-12-01,168204,bear,-0.034521158129176,0.0808609656777195,0.1370869033047737,0.1561916614810206,-0.010411683519919748,0.0,-0.006996770721205636,-0.002691065662002168
2023-12-01,512400,bear,0.008592910848549962,-0.03350785340314133,-0.074222668004012,-0.11843361986628453,-0.008658616835916112,-0.04253112033195017,-0.0010834236186348933,0.02383531960996743
2023-12-08,512480,bear,0.03541912632821731,-0.05983889528193331,-0.02505966587112174,-0.13269639065817407,-0.01151233465816111,-0.07264472190692406,-0.003671970624234966,-0.11383108935128516
2023-12-08,159995,bear,0.037909836065573854,-0.06567164179104468,-0.04085801838610836,-0.1432481751824819,-0.011330197120120991,-0.07578740157480324,-0.0031948881789136685,-0.10330138445154413
2023-12-08,512760,bear,0.04008438818565396,-0.0657084188911704,-0.03703703703703698,-0.14794007490636707,-0.01159021818907782,-0.07707910750507097,-0.003296703296703285,-0.10989010989010983
2023-12-08,515050,bear,-0.007675438596491224,-0.011827956989247324,-0.0021715526601520097,-0.0963618485742378,-0.015121900427074573,-0.03161222339304526,-0.007616974972796564,-0.10119695321001099
2023-12-08,512000,bear,0.020994475138121582,-0.051391862955032175,-0.0359085963003265,0.04112808460634554,-0.007402709788308483,-0.05944798301486198,-0.0022573363431150906,-0.06884875846501137
2023-12-08,515030,bear,0.0016920473773265332,-0.07668231611893594,-0.12979351032448383,-0.21017402945113794,-0.012562097652851201,-0.0852713178294574,-0.0330508474576271,-0.05847457627118635
2023-12-08,159875,bear,0.014344262295082011,-0.09925093632958815,-0.16782006920415227,-0.25310559006211186,-0.011637634676565183,-0.10925925925925939,-0.03118503118503113,-0.022869022869022926
2023-12-08,512660,bear,0.03771661569826712,-0.032786885245901676,-0.09055876685934494,-0.09230769230769242,-0.010326054053052675,-0.07360157016683022,0.00741525423728806,-0.05932203389830504
2023-12-08,512690,bear,0.03296703296703296,-0.0663129973474802,-0.14355231143552316,-0.10546378653113098,-0.00984509634836378,-0.07001321003963024,-0.05539772727272718,-0.09517045454545447
2023-12-08,159928,bear,0.020477815699658675,-0.04226918798665191,-0.08306709265175716,-0.08501594048884165,-0.008072607047862678,-0.047566371681415975,-0.04065040650406504,-0.07084785133565619
2023-12-08,512010,bear,0.04147465437788023,-0.054545454545454564,0.027160493827160348,-0.030303030303030276,-0.011212285912777353,-0.054545454545454564,-0.02163461538461542,-0.06490384615384603
2023-12-08,159801,bear,0.039094650205761194,-0.06599999999999995,-0.04106776180698146,-0.5723443223443223,-0.010940833016099308,-0.07707509881422925,-0.004282655246252709,-0.100642398286938
2023-12-08,512890,bear,0.022532188841201783,-0.00545851528384278,-0.03290870488322706,-0.028784648187633155,-0.005822761126528556,-0.023579849946409492,0.002195389681668436,0.027442371020856227
2023-12-08,510880,bear,0.01032644903397728,-0.0006727211570802805,-0.020441806791955064,-0.010656010656010628,-0.004265474043349746,-0.012628780325689482,0.0023561090541905916,0.014809828340626163
2023-12-08,168204,bear,0.006996770721205636,0.04237288135593209,0.0524814603536794,0.15673981191222564,-0.009646349699689005,-0.015474919957310651,-0.0021680216802167918,0.0536585365853659
2023-12-08,512400,bear,0.0010834236186348933,-0.022269353128313796,-0.10048780487804865,-0.12274024738344425,-0.010409911322751852,-0.04356846473029041,-0.02386117136659438,-0.0032537960954447387
2023-12-15,512480,bear,0.003671970624234966,-0.062211981566820285,-0.004889975550122272,-0.1367974549310711,-0.011945886561827206,-0.05895953757225436,-0.023341523341523174,-0.11670761670761665
2023-12-15,159995,bear,0.0031948881789136685,-0.06212424849699394,-0.01680672268907557,-0.15140525838621932,-0.011831551765265215,-0.056451612903225756,-0.009615384615384581,-0.11217948717948723
2023-12-15,512760,bear,0.003296703296703285,-0.06398348813209487,-0.01413043478260867,-0.15074906367041196,-0.012222781793286942,-0.060103626943005084,-0.018743109151047377,-0.11686879823594265
2023-12-15,515050,bear,0.007616974972796564,-0.03389830508474567,0.0033003300330032292,-0.18644067796610164,-0.014746576538067227,-0.02564102564102566,-0.0296052631578948,-0.10197368421052644
2023-12-15,512000,bear,0.0022573363431150906,-0.05656350053361803,-0.041214750542299394,0.030303030303030276,-0.007876252004119323,-0.052518756698821,-0.03280542986425339,-0.07579185520361997
2023-12-15,515030,bear,0.0330508474576271,-0.10157480314960632,-0.13626040878122625,-0.2586094866796621,-0.011893132455403762,-0.10369206598586012,-0.004382120946538226,-0.009640666082384008
2023-12-15,159875,bear,0.03118503118503113,-0.11742424242424243,-0.1693404634581106,-0.3023952095808383,-0.010856097543615478,-0.11574952561669827,0.012875536480686511,0.03648068669527893
2023-12-15,512660,bear,-0.00741525423728806,-0.049000000000000044,-0.07580174927113703,-0.13780598368087038,-0.010304539872469088,-0.0667320902845927,-0.018927444794952564,-0.08832807570977919
2023-12-15,512690,bear,0.05539772727272718,-0.10497981157469716,-0.18404907975460116,-0.16874999999999996,-0.012589156750281853,-0.12153236459709371,0.0015037593984963404,-0.04210526315789476
2023-12-15,159928,bear,0.04065040650406504,-0.06981981981981988,-0.1184631803628603,-0.13235294117647056,-0.010054621222906821,-0.08628318584070804,-0.002421307506053294,-0.029055690072639084
2023-12-15,512010,bear,0.02163461538461542,-0.06436781609195408,-0.009732360097323589,-0.06651376146789001,-0.00998230224625238,-0.07289293849658318,-0.009828009828009687,-0.054054054054053946
2023-12-15,159801,bear,0.004282655246252709,-0.06626506024096379,-0.018987341772151778,-0.5757299270072993,-0.011277349908530403,-0.05870445344129549,-0.012903225806451646,-0.11182795698924741
2023-12-15,512890,bear,-0.002195389681668436,-0.011904761904761862,-0.03793466807165424,0.0010964912280702066,-0.006311745023341154,-0.02143622722400862,-0.006571741511500528,0.03066812705366906
2023-12-15,510880,bear,-0.0023561090541905916,0.0030313236780061814,-0.03405773597145634,0.018119658119658322,-0.005158670954194837,-0.010302426055167735,-0.012424445936870532,0.015446608462055034
2023-12-15,168204,bear,0.0021680216802167918,0.040700960994912494,0.017127071823204387,0.15786163522012564,-0.009467251457595135,-0.018656716417910446,0.013579576317219066,0.037479630635524064
2023-12-15,512400,bear,0.02386117136659438,-0.05561385099685201,-0.1245136186770428,-0.13710450623202297,-0.009795584143665922,-0.059561128526645746,0.010000000000000009,0.028888888888888964
2023-12-22,512480,bear,0.023341523341523174,-0.046762589928057485,-0.003759398496240629,-0.10169491525423724,-0.011213177068245145,-0.06139315230224318,0.01132075471698113,-0.1484276729559748
2023-12-22,159995,bear,0.009615384615384581,-0.038381742738589186,-0.004296455424274925,-0.107795957651588,-0.012041941283389578,-0.050204918032786816,0.005393743257820827,-0.12944983818770228
2023-12-22,512760,bear,0.018743109151047377,-0.045064377682403456,-0.008908685968819552,-0.11618669314796415,-0.011852667264869006,-0.06118143459915604,0.00786516853932584,-0.14382022471910116
2023-12-22,515050,bear,0.0296052631578948,-0.018847006651884768,-0.006734006734006703,-0.15391969407265782,-0.014157901201802287,-0.04940923737916225,0.03728813559322042,-0.1084745762711864
2023-12-22,512000,bear,0.03280542986425339,-0.06964091403699679,-0.05629139072847689,0.032608695652173836,-0.009256809430391347,-0.05629139072847689,0.010526315789473717,-0.07017543859649111
2023-12-22,515030,bear,0.004382120946538226,-0.06808859721082872,-0.11664074650077771,-0.2456839309428952,-0.013306828434085243,-0.06347897774113787,0.04841549295774672,-0.06073943661971826
2023-12-22,159875,bear,-0.012875536480686511,-0.06719367588932812,-0.13075506445672203,-0.2912912912912914,-0.013207835876851221,-0.05600000000000005,0.05508474576271194,-0.008474576271186307
2023-12-22,512660,bear,0.018927444794952564,-0.05086469989827058,-0.06606606606606602,-0.15412511332728918,-0.01214208122528991,-0.0566228513650151,0.02893890675241151,-0.15541264737406213
2023-12-22,512690,bear,-0.0015037593984963404,-0.10843373493975894,-0.15267175572519087,-0.13168187744458926,-0.013026781760650901,-0.0987821380243572,0.039039039039038936,-0.07357357357357364
2023-12-22,159928,bear,0.002421307506053294,-0.08342602892102347,-0.09846827133479219,-0.1091891891891893,-0.010298795489726372,-0.07623318385650235,0.03519417475728148,-0.05703883495145623
2023-12-22,512010,bear,0.009828009828009687,-0.0714285714285714,-0.028915662650602303,-0.04275534441805218,-0.010053060730197273,-0.07568807339449535,0.01985111662531014,-0.07196029776674939
2023-12-22,159801,bear,0.012903225806451646,-0.043749999999999956,-0.010775862068965525,-0.5573770491803278,-0.011601192254519417,-0.05555555555555547,0.01089324618736387,-0.12200435729847492
2023-12-22,512890,bear,0.006571741511500528,-0.027867095391211127,-0.04826862539349419,0.001103752759381793,-0.005776960454550911,-0.02682403433476399,0.007717750826901959,-0.009922822491731043
2023-12-22,510880,bear,0.012424445936870532,-0.02259887005649719,-0.050371327090733,0.0027275826798500713,-0.004817520093347179,-0.02259887005649719,-0.003400204012240615,-0.02040122407344447
2023-12-22,168204,bear,-0.013579576317219066,0.03897550111358572,0.038397328881469184,0.16479400749063666,-0.009598105795023017,-0.005330490405117128,-0.006966773847802865,-0.028403001071811484
2023-12-22,512400,bear,-0.010000000000000009,-0.023630504833512367,-0.09462151394422313,-0.10969637610186078,-0.010584965702911169,-0.02676659528907921,0.03960396039603942,-0.06490649064906495
2023-12-29,512480,bear_high_vol,-0.01132075471698113,-0.050767414403777966,-0.007407407407407418,-0.11745334796926454,-0.014168711673116181,-0.042857142857142816,-0.09950248756218916,-0.18532338308457708
2023-12-29,159995,bear_high_vol,-0.005393743257820827,-0.04508196721311464,-0.014799154334038,-0.12734082397003743,-0.01478820696463578,-0.03319502074688785,-0.09656652360515028,-0.16309012875536477
2023-12-29,512760,bear_high_vol,-0.00786516853932584,-0.05379746835443033,-0.016447368421052655,-0.1308139534883721,-0.014465250858946335,-0.043710021321961556,-0.09698996655518388,-0.17725752508361203
2023-12-29,515050,bear_high_vol,-0.03728813559322042,0.006578947368421018,-0.011840688912809427,-0.14365671641791045,-0.01619307090725365,-0.013963480128893702,-0.1002178649237474,-0.16993464052287588
2023-12-29,512000,bear_high_vol,-0.010526315789473717,-0.045303867403314935,-0.048458149779735726,0.02007083825265643,-0.011127528353237626,-0.04424778761061954,-0.04513888888888895,-0.02893518518518523
2023-12-29,515030,bear_high_vol,-0.04841549295774672,0.0076142131979697325,-0.0753105590062112,-0.22410423452768724,-0.018031187340250953,-0.0016764459346185756,-0.06717044500419822,-0.13937867338371124
2023-12-29,159875,bear_high_vol,-0.05508474576271194,0.020491803278688492,-0.10431654676259006,-0.25,-0.020118298115866812,-0.0040000000000000036,-0.05622489959839361,-0.10240963855421681
2023-12-29,512660,bear_high_vol,-0.02893890675241151,-0.021406727828746197,-0.043824701195219196,-0.13669064748201454,-0.013597992580356441,-0.027355623100303927,-0.07499999999999996,-0.14270833333333333
2023-12-29,512690,bear_high_vol,-0.039039039039038936,-0.0494505494505495,-0.11053984575835485,-0.09778357235984358,-0.01651045162865032,-0.034867503486750384,-0.07947976878612706,-0.08092485549132944
2023-12-29,159928,bear_high_vol,-0.03519417475728148,-0.029579067121729308,-0.06366630076838642,-0.07683982683982693,-0.012800134685640556,-0.024027459954233388,-0.06213364595545123,-0.06447831184056263
2023-12-29,512010,bear_high_vol,-0.01985111662531014,-0.05299539170506917,-0.03971962616822433,-0.026066350710900466,-0.008724348799959428,-0.026066350710900466,-0.05352798053527974,-0.12408759124087587
2023-12-29,159801,bear_high_vol,-0.01089324618736387,-0.04526748971193406,-0.016949152542372725,-0.5639097744360902,-0.014014904381987532,-0.03131524008350717,-0.09482758620689669,-0.1681034482758621
2023-12-29,512890,bear_high_vol,-0.007717750826901959,-0.0193133047210301,-0.03991596638655459,-0.0021834061135370675,-0.005133404150146144,-0.015086206896551713,0.024070021881838155,0.060175054704595166
2023-12-29,510880,bear_high_vol,0.003400204012240615,-0.02365089940039966,-0.047448813779655485,-0.003400204012240615,-0.005089015026684973,-0.025922233300099684,0.028659160696008268,0.011258955987717423
2023-12-29,168204,bear_high_vol,0.006966773847802865,-0.002691065662002168,0.04807692307692313,0.12031438935912941,-0.010097165366684152,-0.012260127931769671,0.04910955207771184,0.048030221262816974
2023-12-29,512400,bear_high_vol,-0.03960396039603942,0.02383531960996743,-0.045454545454545525,-0.10000000000000009,-0.012351881064297115,0.0,-0.02751322751322738,-0.06560846560846556
2024-01-05,512480,bear_high_vol,0.06257822277847314,-0.07071960297766755,-0.10833333333333328,-0.16870144284128752,-0.013738792064955098,-0.09975961538461531,-0.04806408544726304,-0.20961281708945267
2024-01-05,159995,bear_high_vol,0.06545064377682408,-0.05735930735930739,-0.10758196721311475,-0.1736242884250475,-0.01408042321723214,-0.09081419624217113,-0.048220436280137835,-0.1848450057405282
2024-01-05,512760,bear_high_vol,0.06047032474804037,-0.06777777777777783,-0.11216931216931214,-0.17583497053045194,-0.013950144910453393,-0.09784946236559144,-0.05005959475566146,-0.20023837902264596
2024-01-05,515050,bear_high_vol,0.05555555555555558,-0.039548022598870136,-0.1071428571428571,-0.1866028708133971,-0.014486406175527721,-0.08700322234156832,-0.03764705882352948,-0.15764705882352947
2024-01-05,512000,bear_high_vol,0.02665121668597914,-0.058295964125560595,-0.06873614190687372,-0.010600706713780883,-0.010992798664069794,-0.06770255271920089,-0.02619047619047621,-0.04880952380952375
2024-01-05,515030,bear_high_vol,0.047138047138047146,-0.043110735418427804,-0.13981762917933138,-0.26636422553467276,-0.017983492873888996,-0.04953820319059632,0.016784452296819907,-0.1651943462897526
2024-01-05,159875,bear_high_vol,0.050000000000000044,-0.0165631469979296,-0.1517857142857144,-0.2962962962962964,-0.02047011129227168,-0.050000000000000044,0.03368421052631576,-0.1305263157894737
2024-01-05,512660,bear_high_vol,0.035827186512117914,-0.044885177453027114,-0.08132530120481929,-0.16208791208791207,-0.014520225767796659,-0.05475206611570238,-0.029508196721311553,-0.18360655737704923
2024-01-05,512690,bear_high_vol,0.0676258992805755,-0.07428571428571418,-0.15625,-0.15734720416124837,-0.0172582041411542,-0.07954545454545447,-0.007716049382716084,-0.07098765432098775
2024-01-05,159928,bear_high_vol,0.04795321637426908,-0.05348837209302326,-0.1005524861878454,-0.12378902045209916,-0.01287838371305407,-0.05458768873403019,-0.009828009828009687,-0.0491400491400491
2024-01-05,512010,bear_high_vol,0.04146341463414627,-0.0461165048543688,-0.10068649885583525,-0.07529411764705873,-0.008843522639848113,-0.06205250596658707,-0.022900763358778664,-0.15012722646310428
2024-01-05,159801,bear_high_vol,0.0668103448275863,-0.06073752711496749,-0.10905349794238683,-0.5868320610687023,-0.013697663851837849,-0.09033613445378152,-0.04618937644341803,-0.18013856812933027
2024-01-05,512890,bear_high_vol,-0.040659340659340515,0.03837719298245612,-0.0010548523206751481,0.027114967462039008,-0.005899688175122071,0.0,-0.01372756071805692,0.001055966209081216
2024-01-05,510880,bear_high_vol,-0.04389574759945125,0.02491582491582478,-0.005228758169934622,0.033265444670739885,-0.006486087018345285,0.0,-0.011169513797634756,-0.043363994743758294
2024-01-05,168204,bear_high_vol,-0.05498094719651614,0.04418103448275845,0.09615384615384603,0.17241379310344818,-0.011181785100756958,0.0,-0.016511867905056765,-0.029927760577915352
2024-01-05,512400,bear_high_vol,0.012725344644750725,0.0021528525296017342,-0.07547169811320742,-0.12003780718336488,-0.011135677284084133,-0.0168954593453009,0.005370569280343629,-0.11815252416756183
2024-01-12,512480,bear_high_vol,0.04806408544726304,-0.13154689403166864,-0.13260340632603407,-0.21128318584070804,-0.01523352157563848,-0.12407862407862402,-0.008415147265077194,-0.05469845722300126
2024-01-12,159995,bear_high_vol,0.048220436280137835,-0.11995753715498936,-0.13011542497376705,-0.21347248576850097,-0.015688555265418028,-0.11620469083155649,0.0024125452352232735,-0.026537997587454676
2024-01-12,512760,bear_high_vol,0.05005959475566146,-0.12705366922234396,-0.1346362649294245,-0.2178606476938173,-0.015280374126414956,-0.12127894156560082,-0.005018820577164407,-0.04015056461731492
2024-01-12,515050,bear_high_vol,0.03764705882352948,-0.10796074154852786,-0.08398656215005607,-0.23479887745556594,-0.01656706711560109,-0.10893246187363848,-0.006112469437652868,0.023227383863080764
2024-01-12,512000,bear_high_vol,0.02619047619047621,-0.07570621468926564,-0.08807134894091428,-0.05542725173210161,-0.010866503314435413,-0.07466063348416296,-0.007334963325183241,0.020782396088019572
2024-01-12,515030,bear_high_vol,-0.016784452296819907,0.010535557506584636,-0.06498781478472793,-0.2331778814123917,-0.019523062572914484,-0.033585222502099055,-0.03562119895742821,-0.09904430929626418
2024-01-12,159875,bear_high_vol,-0.03368421052631576,0.05591397849462365,-0.0629770992366413,-0.24693251533742333,-0.020586014991451605,-0.018000000000000016,-0.018329938900203735,-0.0896130346232179
2024-01-12,512660,bear_high_vol,0.029508196721311553,-0.0740354535974973,-0.0652631578947368,-0.1860678276810266,-0.015653230066745485,-0.08074534161490676,-0.07094594594594605,-0.06418918918918926
2024-01-12,512690,bear_high_vol,0.007716049382716084,-0.028700906344410915,-0.09943977591036413,-0.1745827984595636,-0.015465045592787986,-0.074820143884892,-0.015552099533437058,-0.0015552099533436836
2024-01-12,159928,bear_high_vol,0.009828009828009687,-0.020656136087484733,-0.051764705882352824,-0.1370449678800857,-0.011576314682510917,-0.057309941520467755,-0.013647642679900707,0.02605459057071946
2024-01-12,512010,bear_high_vol,0.022900763358778664,-0.06796116504854366,-0.07469879518072287,-0.09859154929577463,-0.00954596329116872,-0.06569343065693423,-0.0078125,-0.0390625
2024-01-12,159801,bear_high_vol,0.04618937644341803,-0.11752136752136766,-0.1305263157894737,-0.6059160305343512,-0.014843891265410558,-0.11182795698924741,0.002421307506053294,-0.029055690072639084
2024-01-12,512890,bear_high_vol,0.01372756071805692,0.017429193899782147,0.0032223415682062218,-0.0010695187165775666,-0.00662047656652854,-0.01372756071805692,-0.012847965738758016,0.06638115631691632
2024-01-12,510880,bear_high_vol,0.011169513797634756,0.005008347245408995,0.002331002331002141,0.00770003347840631,-0.006997997883556631,-0.011169513797634756,-0.019933554817275656,0.021594684385382257
2024-01-12,168204,bear_high_vol,0.016511867905056765,0.02473118279569886,0.09540229885057472,0.1544518473652332,-0.010811262035358916,-0.021560574948665368,-0.020461699895068186,0.06400839454354679
2024-01-12,512400,bear_high_vol,-0.005370569280343629,0.045810055865921795,-0.009523809523809379,-0.11864406779661019,-0.011408582472186558,-0.011615628299894265,-0.04807692307692313,-0.04807692307692313
2024-01-19,512480,bear_high_vol,0.008415147265077194,-0.12173913043478268,-0.11735330836454438,-0.2038288288288289,-0.016869149722962676,-0.12064676616915437,-0.04526166902404516,-0.01980198019801982
2024-01-19,159995,bear_high_vol,-0.0024125452352232735,-0.11217948717948723,-0.10836909871244649,-0.20019249278152063,-0.016586035884520678,-0.10836909871244649,-0.03730445246690728,-0.008423586040914532
2024-01-19,512760,bear_high_vol,0.005018820577164407,-0.1198668146503884,-0.1198668146503884,-0.21015936254980072,-0.01625637318420226,-0.1159420289855072,-0.04413619167717531,-0.015132408575031508
2024-01-19,515050,bear_high_vol,0.006112469437652868,-0.09465478841870834,-0.06120092378752895,-0.20215897939156036,-0.01832029741548282,-0.11437908496732041,-0.01845018450184488,0.045510455104551095
2024-01-19,512000,bear_high_vol,0.007334963325183241,-0.0491803278688524,-0.10077519379844957,-0.10176991150442471,-0.010668742279590776,-0.06018518518518512,0.051724137931034475,0.05541871921182251
2024-01-19,515030,bear_high_vol,0.03562119895742821,-0.008042895442359144,-0.0953545232273838,-0.2585170340681363,-0.020330706195687793,-0.06801007556675054,-0.042342342342342465,-0.047747747747747926
2024-01-19,159875,bear_high_vol,0.018329938900203735,0.03655913978494607,-0.05490196078431375,-0.25960061443932414,-0.02222382519611512,-0.03600000000000003,-0.026970954356846488,-0.05809128630705385
2024-01-19,512660,bear_high_vol,0.07094594594594605,-0.0993449781659389,-0.13793103448275867,-0.23327137546468413,-0.01593435764147955,-0.14596273291925466,0.01696969696969708,0.036363636363636376
2024-01-19,512690,bear_high_vol,0.015552099533437058,-0.05239520958083832,-0.14690026954177893,-0.23272727272727267,-0.01671188191069156,-0.08920863309352511,-0.0015797788309637184,0.04423380726698256
2024-01-19,159928,bear_high_vol,0.013647642679900707,-0.03284671532846706,-0.08830275229357798,-0.17871900826446274,-0.0127745509377025,-0.07017543859649111,-0.002515723270440251,0.05660377358490565
2024-01-19,512010,bear_high_vol,0.0078125,-0.059259259259259345,-0.07524271844660191,-0.13409090909090904,-0.010900299052938009,-0.07299270072992692,-0.026246719160105014,-0.018372703412073532
2024-01-19,159801,bear_high_vol,-0.002421307506053294,-0.10967741935483877,-0.10967741935483877,-0.5996131528046422,-0.015513293771433451,-0.10775862068965525,-0.03864734299516903,-0.012077294685990392
2024-01-19,512890,bear_high_vol,0.012847965738758016,0.017660044150110465,-0.012847965738758016,-0.024338624338624215,-0.007996511252709712,-0.026399155227032622,0.05097613882863339,0.08134490238611702
2024-01-19,510880,bear_high_vol,0.019933554817275656,0.0016977928692700761,-0.01797603195739006,-0.024793388429751984,-0.007947569224882248,-0.03088042049934292,-0.0003389830508475633,0.04508474576271193
2024-01-19,168204,bear_high_vol,0.020461699895068186,0.017993456924754625,0.09245172615564656,0.13082980012113876,-0.010427162033803563,-0.04158110882956878,0.04445634708087831,0.10283877878950198
2024-01-19,512400,bear_high_vol,0.04807692307692313,0.0,-0.060126582278481,-0.17116279069767437,-0.012663163855322913,-0.05913410770855332,0.010101010101010166,0.02581369248035914
2024-01-26,512480,bear_high_vol,0.04526166902404516,-0.15519399249061328,-0.19451073985680178,-0.2398648648648648,-0.018994261861074363,-0.16044776119402981,-0.12296296296296305,0.10962962962962952
2024-01-26,159995,bear_high_vol,0.03730445246690728,-0.14163090128755362,-0.180327868852459,-0.23591212989493782,-0.01713061631438477,-0.14163090128755362,-0.11250000000000004,0.12874999999999992
2024-01-26,512760,bear_high_vol,0.04413619167717531,-0.15117581187010076,-0.19788359788359788,-0.25024727992087037,-0.018113674944921027,-0.15496098104793754,-0.11477572559366755,0.1266490765171504
2024-01-26,515050,bear_high_vol,0.01845018450184488,-0.11333333333333329,-0.09830508474576272,-0.2259941804073714,-0.01932954688996411,-0.130718954248366,-0.10275689223057649,0.18546365914786955
2024-01-26,512000,bear_high_vol,-0.051724137931034475,-0.010428736964078755,-0.047937569676700154,-0.12230215827338131,-0.015747652079905566,-0.01157407407407407,-0.06440281030444961,0.0187353629976581
2024-01-26,515030,bear_high_vol,0.042342342342342465,-0.10521885521885521,-0.14066289409862587,-0.30522875816993467,-0.018334960077998414,-0.10747271200671715,-0.11100658513640638,0.03480714957666997
2024-01-26,159875,bear_high_vol,0.026970954356846488,-0.062000000000000055,-0.08576998050682272,-0.2806748466257669,-0.017829616214166597,-0.05823293172690769,-0.11940298507462688,0.01279317697228155
2024-01-26,512660,bear_high_vol,-0.01696969696969708,-0.1159114857744995,-0.11777076761303895,-0.21808014911463192,-0.02150622989890415,-0.1314699792960663,-0.1096543504171632,0.06912991656734224
2024-01-26,512690,bear_high_vol,0.0015797788309637184,-0.09064748201438844,-0.17060367454068237,-0.24761904761904763,-0.014779677552732939,-0.08670520231213863,-0.04746835443037978,0.05221518987341778
2024-01-26,159928,bear_high_vol,0.002515723270440251,-0.07251461988304087,-0.12375690607734802,-0.1924643584521385,-0.01170980230458769,-0.07033997655334112,-0.023959646910466592,0.060529634300126034
2024-01-26,512010,bear_high_vol,0.026246719160105014,-0.09512195121951217,-0.14318706697459582,-0.133177570093458,-0.012292978491789664,-0.097323600973236,-0.09973045822102422,0.043126684636118684
2024-01-26,159801,bear_high_vol,0.03864734299516903,-0.14224137931034486,-0.18275154004106775,-0.618042226487524,-0.015781154798139515,-0.14224137931034486,-0.1080402010050252,0.12562814070351758
2024-01-26,512890,bear_high_vol,-0.05097613882863339,0.06483516483516483,0.047567567567567526,0.010427528675703845,-0.013640429070635042,0.0,-0.021671826625387025,0.04127966976264186
2024-01-26,510880,bear_high_vol,0.0003389830508475633,0.011316872427983515,-0.013052208835341417,-0.039726473461413336,-0.01590135674521773,-0.031208935611038213,-0.012546625974906744,0.06273312987453372
2024-01-26,168204,bear_high_vol,-0.04445634708087831,0.06151333696243877,0.14168618266978927,0.18541033434650456,-0.014422782857998405,0.0,-0.03589743589743588,0.102051282051282
2024-01-26,512400,bear_high_vol,-0.010101010101010166,-0.04559915164369033,-0.05362776025236582,-0.16589434661723812,-0.01699343514202833,-0.049630411826821486,-0.08777777777777784,0.05555555555555558
2024-02-02,512480,bear_high_vol,0.12296296296296305,-0.20961281708945267,-0.3203214695752009,-0.3171856978085352,-0.02219659800442433,-0.1856946354883081,0.1385135135135136,0.2601351351351351
2024-02-02,159995,bear_high_vol,0.11250000000000004,-0.1848450057405282,-0.29633300297324083,-0.30799220272904493,-0.020175221027866813,-0.1607565011820331,0.1366197183098592,0.26619718309859164
2024-02-02,512760,bear_high_vol,0.11477572559366755,-0.20023837902264596,-0.3146067415730337,-0.32085020242914974,-0.021125527047000662,-0.17364532019704437,0.14008941877794334,0.26378539493293585
2024-02-02,515050,bear_high_vol,0.10275689223057649,-0.15764705882352947,-0.23010752688172054,-0.2875621890547263,-0.02359051130251481,-0.1404561824729892,0.16899441340782118,0.3393854748603351
2024-02-02,512000,bear_high_vol,0.06440281030444961,-0.04880952380952375,-0.14453961456102782,-0.20812685827552024,-0.01647372670414752,-0.06440281030444961,0.04505632040050056,0.0851063829787233
2024-02-02,515030,bear_high_vol,0.11100658513640638,-0.1651943462897526,-0.268009295120062,-0.38275636838667537,-0.020540567394920765,-0.18393782383419688,0.0973544973544973,0.2137566137566138
2024-02-02,159875,bear_high_vol,0.11940298507462688,-0.1305263157894737,-0.23518518518518527,-0.3713850837138509,-0.02180091206395806,-0.16056910569105698,0.08232445520581111,0.21549636803874095
2024-02-02,512660,bear_high_vol,0.1096543504171632,-0.18360655737704923,-0.23305954825462005,-0.2885714285714286,-0.022466828191515083,-0.16067415730337076,0.11244979919678699,0.21017402945113783
2024-02-02,512690,bear_high_vol,0.04746835443037978,-0.07098765432098775,-0.21307189542483662,-0.2824791418355185,-0.015361649819789148,-0.07098765432098775,0.06644518272425248,0.11627906976744207
2024-02-02,159928,bear_high_vol,0.023959646910466592,-0.0491400491400491,-0.14569536423841056,-0.20777891504605928,-0.011754628198968815,-0.04444444444444451,0.0684754521963824,0.10077519379844957
2024-02-02,512010,bear_high_vol,0.09973045822102422,-0.15012722646310428,-0.24263038548752835,-0.2159624413145539,-0.016151917461998514,-0.14358974358974352,0.10479041916167664,0.13772455089820346
2024-02-02,159801,bear_high_vol,0.1080402010050252,-0.18013856812933027,-0.2942345924453281,-0.6509341199606686,-0.019308639314412023,-0.1567695961995249,0.12957746478873244,0.2591549295774649
2024-02-02,512890,bear_high_vol,0.021671826625387025,0.001055966209081216,0.02931596091205213,-0.002105263157894721,-0.013328754641996078,-0.021671826625387025,0.05063291139240511,0.07594936708860756
2024-02-02,510880,bear_high_vol,0.012546625974906744,-0.043363994743758294,-0.02314659510231465,-0.03989449390042865,-0.015360468361302084,-0.041474654377880116,0.05597527472527486,0.08413461538461542
2024-02-02,168204,bear_high_vol,0.03589743589743588,-0.029927760577915352,0.08045977011494254,0.14984709480122316,-0.014315803871622628,-0.03589743589743588,0.07872340425531932,0.11170212765957444
2024-02-02,512400,bear_high_vol,0.08777777777777784,-0.11815252416756183,-0.13487881981032668,-0.23556797020484177,-0.019086022653695946,-0.12752391073326252,0.08526187576126687,0.21559074299634595
2024-02-23,512480,bear_high_vol,-0.036144578313252795,-0.03234880450070321,-0.18192627824019025,-0.14427860696517425,-0.031739584758846105,-0.026874115983026914,0.08284883720930236,0.0843023255813955
2024-02-23,159995,bear_high_vol,-0.03929024081115329,-0.014423076923076983,-0.15376676986584115,-0.13774973711882232,-0.02716991441766434,-0.013237063778580027,0.09634146341463423,0.08292682926829276
2024-02-23,512760,bear_high_vol,-0.029139072847682135,-0.02264150943396226,-0.17164179104477606,-0.15081967213114755,-0.029283050786220444,-0.020176544766708715,0.09652509652509655,0.0785070785070785
2024-02-23,515050,bear_high_vol,-0.05223880597014907,0.03803680981595092,-0.06725468577728777,-0.11506276150627615,-0.030172475427310705,0.0,0.09810874704491734,0.1501182033096926
2024-02-23,512000,bear_high_vol,-0.022458628841607542,0.057457212713936556,-0.06283856988082348,-0.09801876955161626,-0.021801830782687336,0.0,0.018497109826589586,-0.012716763005780396
2024-02-23,515030,bear_high_vol,-0.006692160611854625,-0.05560538116591929,-0.14529220779220786,-0.2440775305096914,-0.02542202085277192,-0.05135135135135149,0.05033238366571724,0.06267806267806275
2024-02-23,159875,bear_high_vol,-0.022371364653243964,-0.06543967280163598,-0.10916179337231968,-0.23322147651006708,-0.02546092016901598,-0.051867219917012375,0.035010940919037115,0.045951859956236296
2024-02-23,512660,bear_high_vol,-0.022836538461538547,0.014302741358760418,-0.14300100704934549,-0.17618586640851885,-0.030372735105300874,0.0,0.05405405405405417,0.06580493537015286
2024-02-23,512690,bear_high_vol,-0.046801872074883066,0.06339144215530901,-0.10533333333333328,-0.1602002503128911,-0.021373770670743645,0.0,0.0014903129657228842,0.037257824143069884
2024-02-23,159928,bear_high_vol,-0.029090909090909056,0.06792452830188678,-0.054565701559020074,-0.08216216216216221,-0.015674514398382862,0.0,-0.0035335689045936647,0.020023557126030544
2024-02-23,512010,bear_high_vol,-0.01902173913043481,-0.015748031496062964,-0.13394919168591224,-0.08536585365853655,-0.02412458730099402,-0.01832460732984298,0.008000000000000007,-0.010666666666666713
2024-02-23,159801,bear_high_vol,-0.04081632653061207,-0.009708737864077666,-0.15527950310559013,-0.5682539682539682,-0.026044301360748662,-0.01449275362318847,0.0980392156862746,0.08333333333333348
2024-02-23,512890,bear_high_vol,-0.05138746145940387,0.10237068965517215,0.10355987055016169,0.08598726114649669,-0.013317012563949971,0.0,-0.0185728250244378,-0.021505376344086002
2024-02-23,510880,bear_high_vol,-0.04891846921797005,0.060565275908479155,0.05736330090573638,0.043017868960953054,-0.016862651243817396,-0.005678233438485725,-0.014276649746192915,-0.026649746192893398
2024-02-23,168204,bear_high_vol,-0.09020618556701043,0.12500000000000022,0.1996596710153149,0.3260188087774296,-0.020645007173328855,-0.01306579561362553,-0.010874704491725784,-0.04822695035461011
2024-02-23,512400,bear_high_vol,-0.04293785310734477,0.030133928571428603,-0.015991471215351716,-0.08341608738828188,-0.024635959939412564,0.0,0.02383531960996743,0.08884073672806059
2024-03-01,512480,bear_high_vol,-0.08284883720930236,0.06733524355300857,-0.12042502951593859,-0.08364083640836406,-0.036266610988191214,0.0,-0.00939597315436247,-0.05369127516778527
2024-03-01,159995,bear_high_vol,-0.09634146341463423,0.08969696969696983,-0.07605344295991778,-0.06839378238341964,-0.032011266651946174,0.0,-0.011123470522803158,-0.0600667408231369
2024-03-01,512760,bear_high_vol,-0.09652509652509655,0.08673469387755106,-0.09936575052854124,-0.08387096774193559,-0.033644804553568865,0.0,-0.015258215962441368,-0.06690140845070414
2024-03-01,515050,bear_high_vol,-0.09810874704491734,0.1287970838396113,0.02765486725663724,-0.012752391073326153,-0.03551113986405775,0.0,0.026910656620021456,-0.0032292787944026013
2024-03-01,512000,bear_high_vol,-0.018497109826589586,0.03161592505854793,-0.01783723522853964,-0.09641025641025636,-0.01944143814594166,0.0,-0.028376844494892195,-0.0669693530079456
2024-03-01,515030,bear_high_vol,-0.05033238366571724,0.01935483870967758,-0.07602339181286544,-0.2031700288184437,-0.025837526981461696,0.0,-0.030741410488245968,-0.002712477396021762
2024-03-01,159875,bear_high_vol,-0.035010940919037115,-0.008385744234800874,-0.04056795131845847,-0.20903010033444813,-0.02570280974974432,0.0,0.0,0.0
2024-03-01,512660,bear_high_vol,-0.05405405405405417,0.057783018867924474,-0.08841463414634143,-0.12997090203685735,-0.02992190329252746,0.0,-0.005574136008918651,0.0033444816053511683
2024-03-01,512690,bear_high_vol,-0.0014903129657228842,0.06161137440758302,-0.08571428571428563,-0.1744471744471744,-0.0213334549155492,0.0,-0.02529761904761907,0.028273809523809312
2024-03-01,159928,bear_high_vol,0.0035335689045936647,0.0641509433962264,-0.04622322435174753,-0.10095642933049942,-0.015182977621815396,-0.0035335689045936647,-0.014184397163120588,0.022458628841607542
2024-03-01,512010,bear_high_vol,-0.008000000000000007,-0.010471204188481686,-0.12903225806451613,-0.10213776722090262,-0.02337723320148518,-0.0026385224274406704,-0.021164021164021163,-0.039682539682539764
2024-03-01,159801,bear_high_vol,-0.0980392156862746,0.09268292682926838,-0.07628865979381438,-0.5338189386056191,-0.03171940353784366,0.0,-0.013392857142857206,-0.0647321428571429
2024-03-01,512890,bear_high_vol,0.0185728250244378,0.05351521511017854,0.09249183895538615,0.06131078224101483,-0.010735431747466693,-0.0185728250244378,0.02290836653386452,0.010956175298804771
2024-03-01,510880,bear_high_vol,0.014276649746192915,0.06843191196698761,0.042267695404226924,0.016355904481518024,-0.01114497440926713,-0.01987381703470026,0.026392018023817077,-0.011264885741873232
2024-03-01,168204,bear_high_vol,0.010874704491725784,0.08844953173777315,0.1308108108108108,0.26941747572815555,-0.019218156783641197,-0.023798413439103938,0.02581261950286806,-0.055927342256214096
2024-03-01,512400,bear_high_vol,-0.02383531960996743,0.05351170568561869,0.017222820236813652,-0.060636182902584546,-0.021886241347109873,0.0,0.04338624338624353,0.107936507936508
2024-03-08,512480,range_high_vol,0.00939597315436247,0.1941747572815533,-0.09336609336609336,-0.12971698113207542,-0.03136226106549011,-0.01468624833110821,0.004065040650406582,-0.07181571815718146
2024-03-08,159995,range_high_vol,0.011123470522803158,0.20297699594046015,-0.04817987152034264,-0.11011011011011007,-0.027085146476930104,-0.015503875968992276,-0.0022497187851518996,-0.07649043869516314
2024-03-08,512760,range_high_vol,0.015258215962441368,0.20028612303290427,-0.07802197802197808,-0.12876427829698855,-0.028777337001473186,-0.01756440281030447,-0.0011918951132300348,-0.08104886769964237
2024-03-08,515050,range_high_vol,-0.026910656620021456,0.2909336941813261,0.08286038592508516,0.01273885350318471,-0.03027461561577243,0.0,0.0062893081761006275,-0.05136268343815509
2024-03-08,512000,range_high_vol,0.028376844494892195,0.04773561811505522,-0.03494926719278468,-0.07559395248380141,-0.01801309889934331,-0.028376844494892195,0.002336448598130758,-0.0549065420560747
2024-03-08,515030,range_high_vol,0.030741410488245968,0.09836065573770503,-0.10142497904442582,-0.22877697841726607,-0.021333374260112763,-0.030741410488245968,0.06902985074626855,0.09141791044776104
2024-03-08,159875,range_high_vol,-0.0,0.10772833723653386,-0.028747433264887046,-0.2063758389261745,-0.020621089081250488,-0.006302521008403339,0.038054968287526414,0.03382663847780121
2024-03-08,512660,range_high_vol,0.005574136008918651,0.15245478036175708,-0.07564766839378234,-0.13899613899613905,-0.02580496357028809,-0.01218161683277963,0.010089686098654793,-0.023542600896861
2024-03-08,512690,range_high_vol,0.02529761904761907,0.08264462809917372,-0.0696022727272726,-0.21650717703349276,-0.019573096077304418,-0.026745913818722156,0.07480916030534335,0.03664122137404591
2024-03-08,159928,range_high_vol,0.014184397163120588,0.07751937984496116,-0.03583815028901738,-0.12486883525708292,-0.014557603473376205,-0.023419203747072626,0.03956834532374098,0.02517985611510798
2024-03-08,512010,range_high_vol,0.021164021164021163,0.07558139534883734,-0.11270983213429253,-0.1148325358851674,-0.021169118151195192,-0.043927648578811374,0.037837837837837895,-0.024324324324324298
2024-03-08,159801,range_high_vol,0.013392857142857206,0.20108695652173925,-0.04946236559139794,-0.1124497991967871,-0.026829475499043767,-0.013392857142857206,0.0,-0.07466063348416296
2024-03-08,512890,range_high_vol,-0.02290836653386452,0.08562367864693443,0.12486308871851026,0.08447729672650461,-0.009835839681976332,0.0,-0.02921129503407971,0.0019474196689386325
2024-03-08,510880,range_high_vol,-0.026392018023817077,0.09814049586776874,0.07409902324014817,0.047634691195795,-0.010150450228940235,0.0,-0.037002195045468755,-0.021636876763875823
2024-03-08,168204,range_high_vol,-0.02581261950286806,0.11945748565466863,0.1650380021715525,0.22839152833428722,-0.018568213937578414,-0.01287948482060719,-0.06197576887232059,-0.0605778191985088
2024-03-08,512400,range_high_vol,-0.04338624338624353,0.17102137767220915,0.05567451820128477,-0.056459330143540654,-0.017819880384729044,0.0,0.047667342799188495,0.13083164300202843
2024-03-15,512480,range,-0.004065040650406582,0.11596385542168663,-0.10072815533980584,-0.11680572109654352,-0.025194327434342523,-0.01200000000000001,0.006747638326585648,-0.12010796221322528
2024-03-15,159995,range,0.0022497187851518996,0.12420785804816226,-0.061375661375661306,-0.09118852459016391,-0.023535460308879496,-0.019889502762430955,0.0011273957158963732,-0.09808342728297625
2024-03-15,512760,range,0.0011918951132300348,0.10993377483443711,-0.08615049073064351,-0.11322751322751323,-0.024036324702230237,-0.0187353629976581,0.0,-0.11217183770883055
2024-03-15,515050,range,-0.0062893081761006275,0.19402985074626855,0.04008667388949072,0.020191285866099973,-0.02684419143202527,0.0,0.013541666666666785,-0.08958333333333335
2024-03-15,512000,range,-0.002336448598130758,0.014184397163120588,-0.03269447576099216,-0.07443365695792892,-0.011209480574193215,-0.026106696935300766,-0.004662004662004615,-0.09440559440559437
2024-03-15,515030,range,-0.06902985074626855,0.09560229445506674,-0.0008718395815171531,-0.1567328918322296,-0.020748383817001344,-0.007792207792207906,-0.023560209424083656,-0.04712041884816742
2024-03-15,159875,range,-0.038054968287526414,0.09843400447427286,0.04914529914529897,-0.14459930313588842,-0.018989803385135093,-0.021912350597609542,-0.02647657841140527,-0.0672097759674134
2024-03-15,512660,range,-0.010089686098654793,0.08293269230769229,-0.06438213914849422,-0.1402671755725191,-0.017617501496774414,-0.008800880088008833,0.006659267480577213,-0.07547169811320764
2024-03-15,512690,range,-0.07480916030534335,0.0982839313572541,0.04451038575667643,-0.13936430317848414,-0.01958978009476244,0.0,-0.011363636363636354,-0.053977272727272596
2024-03-15,159928,range,-0.03956834532374098,0.050909090909091015,0.03956834532374098,-0.07961783439490444,-0.01325505431406922,-0.00914285714285712,-0.0011534025374856371,-0.03114186851211076
2024-03-15,512010,range,-0.037837837837837895,0.04347826086956519,-0.07021791767554475,-0.07021791767554475,-0.015668173640619235,-0.01285347043701801,-0.03385416666666674,-0.09375000000000011
2024-03-15,159801,range,-0.0,0.12755102040816313,-0.05957446808510636,-0.0924024640657084,-0.023863524869825313,-0.015590200445434355,0.0,-0.1018099547511312
2024-03-15,512890,range,0.02921129503407971,0.02466598150051391,0.08487486398258981,0.0583864118895967,-0.01018328709601455,-0.02921129503407971,0.004012036108324901,0.06419257773319953
2024-03-15,510880,range,0.037002195045468755,0.021963394342762177,0.02812186139939743,0.013531353135313617,-0.010482598362148656,-0.037002195045468755,-0.0009768804949528143,0.05633344187561051
2024-03-15,168204,range,0.06197576887232059,0.03762886597938131,0.08225806451612883,0.16156953260242335,-0.016473604601477693,-0.07405703771849126,0.0,0.04073522106309002
2024-03-15,512400,range,-0.047667342799188495,0.16723163841807898,0.15418994413407816,0.004863813229571967,-0.013293231834698837,0.0,-0.027105517909002952,0.045498547918683574
2024-03-22,512480,range,-0.006747638326585648,0.0843023255813955,-0.0675,-0.08014796547472258,-0.0261578791779136,-0.022280471821756298,-0.05495978552278824,-0.12198391420911525
2024-03-22,159995,range,-0.0011273957158963732,0.08292682926829276,-0.04103671706263501,-0.06230200633579719,-0.02460519175494173,-0.027382256297919016,-0.04842342342342343,-0.11373873873873874
2024-03-22,512760,range,-0.0,0.0785070785070785,-0.06159014557670783,-0.08214676889375694,-0.0250176986685223,-0.025581395348837188,-0.051312649164677704,-0.116945107398568
2024-03-22,515050,range,-0.013541666666666785,0.1501182033096926,0.09325842696629216,0.08958566629339293,-0.027039965464014184,-0.013184584178498993,-0.04830421377183958,-0.10996916752312436
2024-03-22,512000,range,0.004662004662004615,-0.012716763005780396,-0.0011695906432748204,-0.06768558951965076,-0.013007915690549448,-0.030646992054483624,-0.0374707259953162,-0.07259953161592503
2024-03-22,515030,range,0.023560209424083656,0.06267806267806275,0.018198362147406666,-0.1503416856492027,-0.022987127027076695,-0.049277824978759655,-0.01429848078641649,-0.04378909740840031
2024-03-22,159875,range,0.02647657841140527,0.045951859956236296,0.052863436123347984,-0.1402877697841728,-0.021080043238371003,-0.04780876494023911,-0.010460251046025104,-0.06485355648535562
2024-03-22,512660,range,-0.006659267480577213,0.06580493537015286,-0.0011013215859030367,-0.10019841269841268,-0.018657610286513467,-0.01626898047722347,-0.007717750826901848,-0.03528114663726578
2024-03-22,512690,range,0.011363636363636354,0.037257824143069884,0.0625954198473282,-0.1364764267990075,-0.016571889889328482,-0.022471910112359605,-0.007183908045977017,-0.01867816091954011
2024-03-22,159928,range,0.0011534025374856371,0.020023557126030544,0.06781750924784213,-0.07181136120042875,-0.012492437465049952,-0.021468926553672385,-0.0011547344110854896,-0.0011547344110854896
2024-03-22,512010,range,0.03385416666666674,-0.010666666666666713,-0.0748129675810475,-0.11876484560570066,-0.01633933522895138,-0.046272493573264795,-0.021563342318059342,-0.04851752021563349
2024-03-22,159801,range,-0.0,0.08333333333333348,-0.03913043478260869,-0.06157112526539277,-0.024881931690960483,-0.026431718061673992,-0.05203619909502266,-0.11312217194570129
2024-03-22,512890,range,-0.004012036108324901,-0.021505376344086002,0.10242290748898664,0.04816753926701556,-0.007815090788367958,-0.025316455696202556,0.013986013986013957,0.0449550449550451
2024-03-22,510880,range,0.0009768804949528143,-0.026649746192893398,0.034738617200674504,-0.012870012870012881,-0.007260278506287699,-0.03794292881781125,0.0013037809647979959,0.03422425032594534
2024-03-22,168204,range,-0.0,-0.04822695035461011,0.08634646519158107,0.10665200659703133,-0.01195566698740537,-0.07405703771849126,-0.018877297565822015,-0.010928961748633781
2024-03-22,512400,range,0.027105517909002952,0.08884073672806059,0.13816534541336334,-0.016634050880626305,-0.015173316170558306,-0.02898550724637683,0.04179104477611939,0.03184079601990053
2024-03-29,512480,range,0.05495978552278824,-0.05369127516778527,-0.09846547314578014,-0.11875000000000013,-0.017354589239245027,-0.07601572739187423,-0.028368794326240954,-0.0014184397163120588
2024-03-29,159995,range,0.04842342342342343,-0.0600667408231369,-0.07346491228070184,-0.09431939978563786,-0.015554258083872822,-0.07447973713033962,-0.028402366863905404,-0.002366863905325478
2024-03-29,512760,range,0.051312649164677704,-0.06690140845070414,-0.09246575342465746,-0.1166666666666667,-0.015823367986396497,-0.07558139534883712,-0.030188679245283012,-0.002515723270440251
2024-03-29,515050,range,0.04830421377183958,-0.0032292787944026013,0.05227272727272725,0.007616974972796564,-0.01972533124167543,-0.0608519269776876,-0.022678185745140356,0.030237580993520474
2024-03-29,512000,range,0.0374707259953162,-0.0669693530079456,-0.026066350710900466,-0.09868421052631582,-0.012732688983060675,-0.0637813211845103,-0.015815085158150777,0.018248175182481674
2024-03-29,515030,range,0.01429848078641649,-0.002712477396021762,-0.023029229406554497,-0.14163424124513613,-0.02302646930955572,-0.06287170773152084,0.06074342701722579,0.011786038077969296
2024-03-29,159875,range,0.010460251046025104,0.0,0.008528784648187626,-0.13051470588235303,-0.02161715540275503,-0.057768924302788904,0.03382663847780121,-0.0211416490486257
2024-03-29,512660,range,0.007717750826901848,0.0033444816053511683,-0.03743315508021394,-0.0899898887765419,-0.018118928872787737,-0.02386117136659438,-0.03222222222222226,-0.010000000000000009
2024-03-29,512690,range,0.007183908045977017,0.028273809523809312,0.03598200899550208,-0.12086513994910952,-0.015926527613986014,-0.0294943820224719,-0.017366136034732138,0.011577424023154759
2024-03-29,159928,range,0.0011547344110854896,0.022458628841607542,0.04216867469879526,-0.06080347448425627,-0.012297803834346695,-0.02259887005649719,-0.011560693641618491,0.01734104046242768
2024-03-29,512010,range,0.021563342318059342,-0.039682539682539764,-0.09925558312655092,-0.14184397163120566,-0.014038325822731212,-0.06683804627249368,-0.005509641873278293,0.01377410468319562
2024-03-29,159801,range,0.05203619909502266,-0.0647321428571429,-0.0770925110132159,-0.09892473118279577,-0.015068900481850835,-0.0770925110132159,-0.023866348448687402,0.0
2024-03-29,512890,range,-0.013986013986013957,0.010956175298804771,0.11293859649122795,0.061715481171548126,-0.008047889705669215,-0.011684518013631906,0.01379310344827589,0.024630541871921263
2024-03-29,510880,range,-0.0013037809647979959,-0.011264885741873232,0.047034764826175746,-0.0064683053040103244,-0.00697085355588216,-0.03668861712135463,0.015625,0.02311197916666652
2024-03-29,168204,range,0.018877297565822015,-0.055927342256214096,0.06068743286788392,0.11708144796380093,-0.012348777509487055,-0.09153633854645804,0.020759493670886142,-0.0025316455696202667
2024-03-29,512400,range,-0.04179104477611939,0.107936507936508,0.1417666303162486,0.05544354838709675,-0.016380498314684442,0.0,0.06494746895893044,0.021012416427889313
2024-04-12,512480,range,0.04154727793696267,-0.10799999999999998,-0.0772413793103447,-0.17914110429447838,-0.017710973000205733,-0.12319790301441669,-0.022421524663677195,0.013452914798206317
2024-04-12,159995,range,0.031175059952038287,-0.10222222222222221,-0.04378698224852062,-0.1485774499473128,-0.01566244257408116,-0.11500547645125958,-0.016089108910891103,0.012376237623762165
2024-04-12,512760,range,0.03831417624521072,-0.11307420494699649,-0.06922126081582203,-0.17884405670665215,-0.016763266859684916,-0.12441860465116272,-0.015936254980079667,0.01859229747675961
2024-04-12,515050,range,0.012087912087912045,-0.05368421052631567,0.08182912154031285,-0.030204962243797207,-0.019517023888570042,-0.08823529411764708,-0.015572858731924377,0.031145717463848754
2024-04-12,512000,range,0.05352798053527974,-0.09639953542392565,-0.05467800729040084,-0.12584269662921344,-0.01332338154527461,-0.11389521640091116,0.01799485861182526,0.06041131105398456
2024-04-12,515030,range,0.036300777873811585,-0.030434782608695587,-0.00535236396074934,-0.11578112609040436,-0.021724987766080353,-0.05267629566694987,-0.01704035874439458,-0.011659192825111964
2024-04-12,159875,range,0.04508196721311464,-0.06425702811244971,-0.021008403361344463,-0.13221601489757917,-0.01821546870031389,-0.0717131474103585,-0.025751072961373467,-0.008583690987124526
2024-04-12,512660,range,0.04293785310734466,-0.06820682068206829,-0.040770101925254876,-0.1294964028776978,-0.017777847762572463,-0.08134490238611725,0.03541912632821731,0.06847697756788662
2024-04-12,512690,range,0.06798866855524066,-0.061340941512125435,0.03134796238244508,-0.11201079622132248,-0.014842108837270395,-0.07584269662921339,0.001519756838905817,0.06382978723404253
2024-04-12,159928,range,0.0625,-0.04844290657439454,0.02867830423940143,-0.05714285714285716,-0.012161450137040017,-0.06779661016949157,0.020606060606060517,0.07272727272727275
2024-04-12,512010,range,0.03601108033240996,-0.09610389610389614,-0.10769230769230775,-0.1869158878504673,-0.010603726292194407,-0.10077519379844968,-0.002873563218390829,0.06321839080459779
2024-04-12,159801,range,0.033734939759036076,-0.1049107142857143,-0.04750593824228022,-0.15042372881355925,-0.015697061541438233,-0.11674008810572689,-0.012468827930174564,0.012468827930174564
2024-04-12,512890,range,-0.006776379477250849,0.04733131923464251,0.10286320254506909,0.09358569926393279,-0.006078745305168324,-0.0028763183125598557,0.04230769230769238,0.02499999999999991
2024-04-12,510880,range,-0.012480000000000047,0.0312907431551499,0.04147465437788034,0.028943089430894187,-0.005272241563591219,-0.002207505518763697,0.04551201011378003,0.012010113780025256
2024-04-12,168204,range,-0.03366336633663369,0.02002931118710305,0.07186858316221767,0.18367346938775508,-0.013254024693841848,-0.0014347202295552641,0.014846743295019227,-0.04166666666666674
2024-04-12,512400,range,-0.014362657091561815,0.14720812182741105,0.21505376344086002,0.15660184237461605,-0.015846586421265293,0.0,-0.016814159292035336,-0.03362831858407067
2024-04-19,512480,range_high_vol,0.022421524663677195,-0.13377483443708604,-0.08786610878661083,-0.1668789808917197,-0.02165591106822799,-0.13262599469496017,0.05351681957186538,0.051987767584097844
2024-04-19,159995,range_high_vol,0.016089108910891103,-0.1146993318485523,-0.046762589928057485,-0.1311475409836066,-0.018610995689479937,-0.1127232142857143,0.03899371069182389,0.04402515723270439
2024-04-19,512760,range_high_vol,0.015936254980079667,-0.12617924528301883,-0.0737500000000001,-0.15986394557823136,-0.020564167836995113,-0.12514757969303425,0.044534412955465674,0.04993252361673428
2024-04-19,515050,range_high_vol,0.015572858731924377,-0.10060975609756095,0.08455882352941191,0.03508771929824572,-0.021422332698250588,-0.09137577002053388,0.05875706214689269,0.08700564971751401
2024-04-19,512000,range_high_vol,-0.01799485861182526,-0.08439306358381493,-0.04116222760290544,-0.09692132269099196,-0.013638569695844111,-0.08860759493670878,0.06439393939393923,0.05303030303030298
2024-04-19,515030,range_high_vol,0.01704035874439458,-0.05760963026655197,-0.03859649122807007,-0.09645507007419618,-0.023170206880128212,-0.06324786324786313,-0.005474452554744547,0.021897810218978186
2024-04-19,159875,range_high_vol,0.025751072961373467,-0.08467741935483863,-0.0772357723577235,-0.11328125,-0.02027685663721057,-0.07535641547861505,-0.0022026431718061845,0.05066079295154169
2024-04-19,512660,range_high_vol,-0.03541912632821731,-0.046739130434782616,0.019767441860465196,-0.05393743257820938,-0.021996774718545713,-0.046739130434782616,0.01710376282782211,0.03762827822120873
2024-04-19,512690,range_high_vol,-0.001519756838905817,-0.07052186177715081,0.031298904538341166,-0.07443820224719089,-0.016938874472132513,-0.07443820224719089,0.054628224582701,0.07890743550834589
2024-04-19,159928,range_high_vol,-0.020606060606060517,-0.04100227790432809,0.045962732919254456,0.0,-0.013838035572073068,-0.04858757062146901,0.03681710213776723,0.07244655581947756
2024-04-19,512010,range_high_vol,0.002873563218390829,-0.08443271767810034,-0.09870129870129873,-0.15158924205378976,-0.012227597962392601,-0.0771276595744681,0.03458213256484144,0.04899135446685876
2024-04-19,159801,range_high_vol,0.012468827930174564,-0.11011235955056176,-0.04578313253012034,-0.1334792122538293,-0.019079078643146966,-0.11011235955056176,0.03535353535353525,0.04040404040404022
2024-04-19,512890,range_high_vol,-0.04230769230769238,0.08400000000000007,0.14466737064413948,0.18469945355191264,-0.00837618081327693,0.0,-0.04151291512915145,0.0036900369003689537
2024-04-19,510880,range_high_vol,-0.04551201011378003,0.08175277959450611,0.090309822017139,0.1213559322033897,-0.006635653097632906,0.0,-0.043530834340991476,-0.006952841596130521
2024-04-19,168204,range_high_vol,-0.014846743295019227,0.04641975308641988,0.10942408376963364,0.24573780129335687,-0.012470443397441569,-0.004697040864255375,-0.07361963190184051,-0.0108541764983483
2024-04-19,512400,range_high_vol,0.016814159292035336,0.08179162609542368,0.1997840172786176,0.20238095238095233,-0.0187278056839932,-0.016814159292035336,-0.023402340234023433,-0.012601260126012592
2024-04-26,512480,range_high_vol,-0.05351681957186538,-0.0014492753623188692,0.0073099415204676,-0.19320843091334894,-0.02093005880141055,-0.03501400560224088,0.00870827285921627,-0.01741654571843232
2024-04-26,159995,range_high_vol,-0.03899371069182389,-0.00959232613908878,0.01724137931034475,-0.1706827309236948,-0.019084570073214905,-0.03617269544924162,0.008474576271186418,-0.0157384987893463
2024-04-26,512760,range_high_vol,-0.044534412955465674,-0.007692307692307665,0.002590673575129543,-0.19458896982310092,-0.02028940502898527,-0.03970223325062039,0.012919896640826822,-0.011627906976744207
2024-04-26,515050,range_high_vol,-0.05875706214689269,0.0457589285714286,0.1712499999999999,0.028540065861690556,-0.022703093198285375,-0.008465608465608399,0.0010672358591248265,-0.023479188900747072
2024-04-26,512000,range_high_vol,-0.06439393939393923,0.03308823529411775,0.040740740740740744,-0.0664451827242526,-0.018848187667319903,0.0,-0.02016607354685651,-0.04389086595492275
2024-04-26,515030,range_high_vol,0.005474452554744547,0.004608294930875667,0.014897579143389184,-0.1510903426791277,-0.02067950729594407,-0.06837606837606824,0.03761467889908254,0.0018348623853210455
2024-04-26,159875,range_high_vol,0.0022026431718061845,-0.0237068965517242,-0.03821656050955402,-0.15327102803738324,-0.018441563122637297,-0.07551020408163256,0.026490066225165476,0.030905077262693093
2024-04-26,512660,range_high_vol,-0.01710376282782211,0.04694835680751175,0.11639549436795993,-0.08418891170431209,-0.018732316989662295,-0.018701870187018743,0.020179372197309364,-0.012331838565022402
2024-04-26,512690,range_high_vol,-0.054628224582701,0.005788712011577379,0.12277867528271402,-0.08552631578947378,-0.017672279012992592,-0.021126760563380254,0.03453237410071952,-0.01726618705035954
2024-04-26,159928,range_high_vol,-0.03681710213776723,0.015116279069767424,0.12210796915167088,-0.031076581576026663,-0.013872603566750963,-0.010204081632653073,0.030927835051546504,0.0034364261168384758
2024-04-26,512010,range_high_vol,-0.03458213256484144,-0.011019283746556474,-0.04266666666666674,-0.18036529680365299,-0.013617236247085114,-0.027100271002710064,0.03621169916434552,-0.011142061281337101
2024-04-26,159801,range_high_vol,-0.03535353535353525,-0.012048192771084376,0.012345679012345512,-0.17505030181086523,-0.01932005418228957,-0.03981264637002346,0.012195121951219523,-0.012195121951219412
2024-04-26,512890,range_high_vol,0.04151291512915145,0.04108216432865719,0.1493362831858407,0.1268980477223427,-0.011268147333531304,-0.04151291512915145,0.013474494706448459,0.051010587102983784
2024-04-26,510880,range_high_vol,0.043530834340991476,0.033986928104575265,0.14306358381502915,0.06388702084734366,-0.010591493515329306,-0.043530834340991476,0.0056890012642223375,0.039506953223767294
2024-04-26,168204,range_high_vol,0.07361963190184051,0.015519917227108104,0.07561643835616438,0.14929742388758793,-0.015542623060418604,-0.07797087834664163,0.04177279673968415,0.0799796230259806
2024-04-26,512400,range_high_vol,0.023402340234023433,0.09045226130653261,0.26016260162601634,0.11625514403292181,-0.02183922218484014,-0.03982300884955747,-0.007373271889400956,0.015668202764977046
2024-05-10,512480,bull_high_vol,0.009943181818181879,0.017518248175182327,0.12783171521035586,-0.20975056689342408,-0.021555893021262883,-0.02244039270687237,-0.011477761836441891,0.008608321377331363
2024-05-10,159995,bull_high_vol,0.009489916963226541,0.01705237515225333,0.1299052774018945,-0.18297455968688847,-0.020370450957940635,-0.025670945157526326,-0.008383233532934131,0.008383233532934131
2024-05-10,512760,bull_high_vol,0.006305170239596425,0.02204928664072625,0.1273247496423464,-0.20484359233097882,-0.020775599784256027,-0.01990049751243783,-0.011421319796954377,0.0076142131979695105
2024-05-10,515050,bull_high_vol,0.02410901467505233,0.02872928176795586,0.259810554803789,-0.004278074866310155,-0.022032622385415087,-0.03523316062176163,0.023630504833512145,0.0032223415682062218
2024-05-10,512000,bull_high_vol,-0.0035842293906809264,0.03831891223732997,0.028151774785801775,-0.10447761194029848,-0.018658428826836736,-0.015240328253223967,-0.005952380952380931,-0.07023809523809521
2024-05-10,515030,bull_high_vol,-0.02777777777777768,-0.01965811965811959,0.17520491803278704,-0.10947204968944102,-0.02159814569007542,-0.014604810996563522,-0.023539668700958916,-0.06974716652136015
2024-05-10,159875,bull_high_vol,-0.021598272138228847,-0.03271983640081799,0.10772833723653386,-0.11423220973782777,-0.020662568901277063,-0.014583333333333393,-0.019027484143763096,-0.05708245243128962
2024-05-10,512660,bull_high_vol,-0.04601571268237947,0.07003444316877161,0.2041343669250646,-0.04605936540429878,-0.019565049181043147,-0.008510638297872242,-0.015021459227467782,-0.03218884120171672
2024-05-10,512690,bull_high_vol,-0.024320457796852768,0.0544918998527244,0.1834710743801653,-0.06282722513089012,-0.015383388077903818,-0.015130674002751032,0.0041899441340782495,-0.08379888268156421
2024-05-10,159928,bull_high_vol,-0.022727272727272707,0.05263157894736836,0.16279069767441867,-0.0066225165562914245,-0.011168656150560022,-0.0033222591362126463,0.0033333333333334103,-0.05444444444444452
2024-05-10,512010,bull_high_vol,-0.008152173913043459,0.027700831024930705,0.0784883720930234,-0.16629213483146066,-0.013315448901770542,-0.01591511936339529,-0.005390835579514808,-0.05121293800539084
2024-05-10,159801,bull_high_vol,0.009546539379474916,0.014669926650366705,0.1277173913043479,-0.18627450980392157,-0.020105542864765808,-0.02352941176470591,-0.0072289156626506035,0.0072289156626506035
2024-05-10,512890,bull_high_vol,-0.02499999999999991,0.035957240038872795,0.12684989429175486,0.15995647442872696,-0.010634897626726396,-0.016605166051660514,0.008442776735459567,0.008442776735459567
2024-05-10,510880,bull_high_vol,-0.02195354756601975,0.029487179487179604,0.10606060606060619,0.08660351826792967,-0.010621408817449171,-0.029020556227327576,0.005603985056039873,0.015255292652552876
2024-05-10,168204,bull_high_vol,-0.038071065989847774,0.014384920634920695,0.06677099634846106,0.2036492054149499,-0.014858433275182631,-0.03945514325974642,-0.01760391198044009,0.019070904645476894
2024-05-10,512400,bull_high_vol,-0.03928905519176795,-0.0035874439461883734,0.319477434679335,0.17441860465116288,-0.01973338388022309,-0.016814159292035336,-0.009000900090008979,-0.06030603060306028
2024-05-17,512480,bull,0.011477761836441891,0.056748466257668495,0.037650602409638356,-0.21526195899772216,-0.017829205497308234,-0.033660589060308554,-0.04499274310595058,0.08563134978229336
2024-05-17,159995,bull,0.008383233532934131,0.03499999999999992,0.049429657794676674,-0.18181818181818188,-0.01762923441062362,-0.03383897316219375,-0.03985507246376807,0.07850241545893732
2024-05-17,512760,bull,0.011421319796954377,0.04704301075268824,0.03178807947019879,-0.20752797558494396,-0.017966135689777413,-0.031094527363184077,-0.04492939666238771,0.08087291399229768
2024-05-17,515050,bull,-0.023630504833512145,0.09038901601830651,0.18532338308457708,0.004214963119072657,-0.019149305326226725,-0.012435233160621784,-0.028331584470094318,0.07660020986358873
2024-05-17,512000,bull,0.005952380952380931,0.07464607464607464,-0.013002364066193817,-0.113588110403397,-0.018120556777616745,-0.021101992966002348,-0.03473053892215561,-0.045508982035928014
2024-05-17,515030,bull,0.023539668700958916,0.025641025641025772,0.07074569789674956,-0.131782945736434,-0.019740015192379834,-0.03780068728522323,-0.03928571428571437,-0.03035714285714286
2024-05-17,159875,bull,0.019027484143763096,0.013100436681222627,0.03803131991051467,-0.14074074074074072,-0.01746703031651861,-0.03131524008350717,-0.0021551724137931494,-0.04525862068965525
2024-05-17,512660,bull,0.015021459227467782,0.10204081632653073,0.1033653846153848,-0.09108910891089106,-0.015431715406352417,-0.023404255319148803,-0.03812636165577343,-0.014161220043573008
2024-05-17,512690,bull,-0.0041899441340782495,0.0795795795795795,0.12168486739469575,-0.04768211920529808,-0.014089166798818616,-0.011004126547455306,-0.037552155771905404,-0.11821974965229476
2024-05-17,159928,bull,-0.0033333333333334103,0.07500000000000018,0.09454545454545471,0.002219755826859071,-0.008966209980817328,0.0,-0.02214839424141757,-0.0874861572535992
2024-05-17,512010,bull,0.005390835579514808,0.06034482758620685,0.0027173913043478937,-0.16136363636363638,-0.01259846408659618,-0.021220159151193685,-0.03794037940379402,-0.05962059620596216
2024-05-17,159801,bull,0.0072289156626506035,0.03778337531486131,0.05102040816326525,-0.1841584158415842,-0.017093431979271666,-0.030588235294117694,-0.03883495145631055,0.07766990291262132
2024-05-17,512890,bull,-0.008442776735459567,0.013195098963242335,0.10483042137718401,0.15965480043149927,-0.007970717656177633,-0.008302583025830312,0.0009302325581397319,-0.028837209302325473
2024-05-17,510880,bull,-0.005603985056039873,-0.004315659679408168,0.07487520798668879,0.08498488411152172,-0.008812938081111128,-0.023579201934703753,0.002476780185758587,-0.015170278637770873
2024-05-17,168204,bull,0.01760391198044009,-0.04105011933174241,0.035567010309278224,0.14472934472934473,-0.013979446181745186,-0.05636449037106628,0.03334992533598813,0.027874564459930307
2024-05-17,512400,bull,0.009000900090008979,0.019444444444444375,0.24406779661016942,0.14211618257261405,-0.01684608429697608,-0.015205724508050245,-0.03542234332425065,-0.08900999091734796
2024-05-24,512480,range,0.04499274310595058,0.004580152671755711,-0.04360465116279055,-0.21759809750297254,-0.017086632191004727,-0.07713884992987374,0.05319148936170204,0.10942249240121571
2024-05-24,159995,range,0.03985507246376807,0.010165184243964509,-0.030487804878048697,-0.17956656346749222,-0.01704457320474844,-0.07234539089848302,0.03899371069182389,0.09559748427672954
2024-05-24,512760,range,0.04492939666238771,0.00540540540540535,-0.0424710424710425,-0.2068230277185501,-0.017423899742959072,-0.0746268656716419,0.045698924731182755,0.10752688172043001
2024-05-24,515050,range,0.028331584470094318,0.06928406466512715,0.09456264775413725,0.02094818081587646,-0.01709122958205088,-0.0404145077720206,0.0,0.079913606911447
2024-05-24,512000,range,0.03473053892215561,0.017676767676767735,-0.06820809248554904,-0.12676056338028163,-0.01917511495530796,-0.055099648300117154,-0.002481389578163795,-0.032258064516129004
2024-05-24,515030,range,0.03928571428571437,0.005607476635514086,0.021842355175688555,-0.12662337662337653,-0.020045241396939563,-0.07560137457044658,0.014869888475836479,-0.06412639405204479
2024-05-24,159875,range,0.0021551724137931494,0.03579418344519025,0.013129102844638973,-0.09746588693957114,-0.018606458161300285,-0.03340292275574108,-0.004319654427645814,-0.09719222462203037
2024-05-24,512660,range,0.03812636165577343,0.00914285714285712,0.03760282021151595,-0.11077542799597184,-0.015475738534581078,-0.06063829787234032,0.02491506228765572,-0.02604756511891282
2024-05-24,512690,range,0.037552155771905404,0.013177159590043841,0.03129657228017879,-0.07733333333333337,-0.013767174663348867,-0.04814305364511695,-0.026011560693641522,-0.12283236994219648
2024-05-24,159928,range,0.02214839424141757,0.020809248554913395,0.04004711425206131,-0.016703786191536785,-0.009071997762560645,-0.0317982456140351,-0.01925254813137034,-0.09966024915062288
2024-05-24,512010,range,0.03794037940379402,0.0056657223796034994,-0.053333333333333344,-0.18013856812933027,-0.012878709773773308,-0.05835543766578255,-0.008450704225352101,-0.06760563380281681
2024-05-24,159801,range,0.03883495145631055,0.010204081632652962,-0.02941176470588225,-0.18012422360248437,-0.0165962720003401,-0.06823529411764695,0.03535353535353525,0.09343434343434343
2024-05-24,512890,range,-0.0009302325581397319,0.028680688336520044,0.0518084066471165,0.1607335490830637,-0.006205245481848792,-0.011937557392102782,0.008364312267657992,-0.03717472118959109
2024-05-24,510880,range,-0.002476780185758587,0.02048534509927502,0.027284263959390875,0.08621268030862139,-0.00647864955569776,-0.014307458143074658,0.010809141445336623,-0.02501544163063618
2024-05-24,168204,range,-0.03334992533598813,0.04269211451531896,-0.018439716312056764,0.17753828701077712,-0.010917682272350878,-0.009541984732824416,0.015414258188824581,-0.042870905587668595
2024-05-24,512400,range,0.03542234332425065,0.024108003857280735,0.15059588299024917,0.13219616204690854,-0.017731412429302727,-0.07005253940455325,0.0028248587570620654,-0.07721280602636538
2024-05-31,512480,range,-0.05319148936170204,-0.015625,-0.06979865771812088,-0.18181818181818188,-0.0166288585267341,-0.026685393258427004,0.01443001443001446,0.018759018759018753
2024-05-31,159995,range,-0.03899371069182389,-0.02016607354685651,-0.08120133481646286,-0.15107913669064754,-0.0148976053361909,-0.030516431924882625,0.01937046004842613,0.025423728813559254
2024-05-31,512760,range,-0.045698924731182755,-0.018915510718789386,-0.08685446009389663,-0.17758985200845656,-0.016041545102112458,-0.031133250311332517,0.020565552699228773,0.024421593830334265
2024-05-31,515050,range,-0.0,-0.02935010482180289,-0.0032292787944026013,0.02433628318584069,-0.012329956359382667,-0.0404145077720206,0.008639308855291628,0.10151187904967607
2024-05-31,512000,range,0.002481389578163795,-0.03942652329749097,-0.08740068104426779,-0.10367892976588622,-0.010455424471706493,-0.049645390070921946,-0.028606965174129417,-0.06343283582089554
2024-05-31,515030,range,-0.014869888475836479,-0.021505376344086002,-0.012658227848101222,-0.08771929824561397,-0.015623628939084405,-0.061855670103092675,-0.022893772893773034,-0.10073260073260082
2024-05-31,159875,range,0.004319654427645814,-0.004319654427645814,-0.025369978858350906,-0.06490872210953347,-0.01481933315293615,-0.03757828810020869,-0.03253796095444683,-0.11496746203904562
2024-05-31,512660,range,-0.02491506228765572,0.015712682379348974,0.008918617614269708,-0.08028455284552838,-0.015235885602486326,-0.037234042553191404,-0.0033149171270718814,-0.02872928176795586
2024-05-31,512690,range,0.026011560693641522,-0.03576537911301847,0.0029761904761904656,-0.08299319727891152,-0.009684707087907361,-0.0729023383768912,-0.02670623145400597,-0.13056379821958464
2024-05-31,159928,range,0.01925254813137034,-0.015909090909090873,0.023640661938534313,-0.02367531003382184,-0.007896229466294978,-0.05043859649122806,-0.01732101616628179,-0.0969976905311778
2024-05-31,512010,range,0.008450704225352101,-0.0434782608695653,-0.06878306878306883,-0.1889400921658987,-0.007275242457613508,-0.0663129973474802,0.0,-0.07102272727272718
2024-05-31,159801,range,-0.03535353535353525,-0.021479713603818618,-0.0848214285714286,-0.15463917525773196,-0.014408340960423848,-0.03301886792452835,0.019512195121951237,0.029268292682926855
2024-05-31,512890,range,-0.008364312267657992,0.043269230769230616,0.08067729083665331,0.1806311207834601,-0.006618699133727947,-0.0091324200913242,-0.009216589861751112,-0.006451612903225712
2024-05-31,510880,range,-0.010809141445336623,0.04136175628380534,0.05342774380431292,0.09795370680979554,-0.006675411016890359,-0.006676783004552322,-0.0036663611365719273,-0.001222120378857272
2024-05-31,168204,range,-0.015414258188824581,0.07005076142131994,0.007648183556405286,0.13945945945945937,-0.01176205932815495,-0.005660377358490565,-0.011385199240986688,-0.03937381404174578
2024-05-31,512400,range,-0.0028248587570620654,-0.00374181478016844,0.12698412698412698,0.14639397201291704,-0.018862944300453887,-0.06742556917688258,-0.019718309859154792,-0.05164319248826288
2024-06-07,512480,range,-0.01443001443001446,0.008608321377331363,-0.04742547425474264,-0.13636363636363635,-0.014432492948868246,-0.004249291784702569,0.06401137980085347,-0.019914651493598834
2024-06-07,159995,range,-0.01937046004842613,0.008383233532934131,-0.0528683914510687,-0.09850107066381164,-0.013233351257307397,-0.004728132387706863,0.060570071258907454,-0.01187648456057011
2024-06-07,512760,range,-0.020565552699228773,0.0076142131979695105,-0.05363528009535157,-0.12747252747252746,-0.014271558034602366,-0.0037641154328732496,0.06045340050377823,-0.016372795969773368
2024-06-07,515050,range,-0.008639308855291628,0.0032223415682062218,-0.020964360587002018,0.06015891032917153,-0.01298510010812165,-0.030114226375908548,0.09850107066381142,0.062098501070663836
2024-06-07,512000,range,0.028606965174129417,-0.07023809523809521,-0.08761682242990654,-0.11950394588500557,-0.010245731383004672,-0.07683215130023635,0.020486555697823317,-0.08066581306017928
2024-06-07,515030,range,0.022893772893773034,-0.06974716652136015,-0.004664179104477695,-0.10561609388097237,-0.013168060594119759,-0.04986642920747997,0.017806935332708607,-0.11715089034676662
2024-06-07,159875,range,0.03253796095444683,-0.05708245243128962,-0.05708245243128962,-0.08418891170431209,-0.013414359584093516,-0.06498951781970641,-0.006726457399103158,-0.12780269058295968
2024-06-07,512660,range,0.0033149171270718814,-0.03218884120171672,0.011210762331838486,-0.06528497409326417,-0.011886700288130346,-0.028017241379310387,0.003325942350332678,-0.07538802660753885
2024-06-07,512690,range,0.02670623145400597,-0.08379888268156421,0.0015267175572519776,-0.06818181818181812,-0.009632692080039355,-0.09141274238227137,-0.03353658536585369,-0.14786585365853655
2024-06-07,159928,range,0.01732101616628179,-0.05444444444444452,0.020383693045563644,-0.016184971098265888,-0.008459064522427038,-0.06688596491228072,-0.031727379553466495,-0.1116333725029377
2024-06-07,512010,range,-0.0,-0.05121293800539084,-0.04864864864864871,-0.15587529976019188,-0.008847350113870278,-0.06382978723404265,-0.014204545454545414,-0.09943181818181812
2024-06-07,159801,range,-0.019512195121951237,0.0072289156626506035,-0.05429864253393668,-0.10107526881720441,-0.013182636036018916,-0.009478672985781977,0.062200956937799035,-0.0071770334928229484
2024-06-07,512890,range,0.009216589861751112,0.008442776735459567,0.046738072054527846,0.1774370208105147,-0.00827936370777853,-0.0182648401826484,-0.028837209302325473,-0.02139534883720917
2024-06-07,510880,range,0.0036663611365719273,0.015255292652552876,0.022577610536218318,0.09834961266419673,-0.007817419913128367,-0.010318664643399034,-0.024532352039251748,-0.016559337626494974
2024-06-07,168204,range,0.011385199240986688,0.019070904645476894,-0.02889095992544266,0.13137893593919658,-0.011671231633992911,-0.016981132075471694,-0.009117082533589338,-0.0662188099808062
2024-06-07,512400,range,0.019718309859154792,-0.06030603060306028,0.05882352941176472,0.11777301927194861,-0.019042325843685,-0.0858143607705778,-0.039272030651341105,-0.03639846743295028
2024-06-14,512480,range,-0.04267425320056906,0.07952871870397638,-0.006775067750677488,-0.11899038461538458,-0.01659680803905403,-0.0040760869565217295,0.02592087312414737,-0.00545702592087316
2024-06-14,159995,range,-0.03202846975088969,0.06227106227106227,-0.018058690744921058,-0.08900523560209417,-0.014836672477037974,-0.004576659038901587,0.02758620689655178,0.009195402298850519
2024-06-14,512760,range,-0.037735849056603765,0.07421875,-0.013157894736842146,-0.11003236245954706,-0.016014995908311912,-0.0036231884057971175,0.025454545454545396,-0.00121212121212122
2024-06-14,515050,range,-0.05351521511017854,0.06243386243386251,0.06468716861081658,0.08073196986006459,-0.014931056508532388,0.0,0.0239043824701195,0.043824701195219085
2024-06-14,512000,range,-0.015247776365946653,-0.02916160388821376,-0.06440281030444961,-0.10925306577480487,-0.009820292160665316,-0.04425837320574155,-0.01251564455569465,-0.07008760951188997
2024-06-14,515030,range,0.016528925619834767,-0.024590163934426368,-0.06052631578947365,-0.08773424190800683,-0.011986781527305245,-0.04630454140694573,-0.03921568627450989,-0.07376283846872078
2024-06-14,159875,range,0.026431718061673992,-0.041214750542299394,-0.10344827586206895,-0.07916666666666661,-0.01313985641256974,-0.07337526205450728,-0.040723981900452566,-0.08144796380090491
2024-06-14,512660,range,-0.0055679287305121505,0.002219755826859071,0.011198208286674172,-0.06714876033057848,-0.011160600831053113,-0.026939655172413812,-0.023255813953488413,-0.044296788482835026
2024-06-14,512690,range,0.04367469879518071,-0.10310734463276827,-0.0915593705293275,-0.0915593705293275,-0.008485752573493013,-0.12049861495844871,-0.04566929133858266,-0.07559055118110247
2024-06-14,159928,range,0.03259604190919674,-0.06629213483146068,-0.03819444444444453,-0.03259604190919674,-0.00865286339271915,-0.08881578947368429,-0.04211793020457266,-0.06738868832731637
2024-06-14,512010,range,0.016997167138810165,-0.05962059620596216,-0.10335917312661502,-0.16786570743405282,-0.008029444721427187,-0.05962059620596216,-0.03746397694524484,-0.05187319884726216
2024-06-14,159801,range,-0.030952380952381064,0.06127450980392157,-0.015909090909090873,-0.08649789029535859,-0.015063234218141522,-0.0045977011494252595,0.025404157043879882,0.006928406466512715
2024-06-14,512890,range,0.007504690431519689,-0.009363295880149836,0.06224899598393585,0.14378378378378387,-0.009798038022947906,-0.03378995433789944,-0.007561436672967825,-0.010396975425330912
2024-06-14,510880,range,0.003401360544217691,0.0043627298223745115,0.047448813779655374,0.07111997341309406,-0.00937560309884601,-0.02185128983308049,-0.007446478436239579,-0.020167545764815387
2024-06-14,168204,range,-0.012100677637947976,0.045500000000000096,0.025000000000000133,0.1187800963081862,-0.012612804176792738,-0.013679245283018782,-0.026781444285031153,-0.10090865614538513
2024-06-14,512400,range,0.0249520153550864,-0.06445672191528551,0.018036072144288484,0.11403508771929816,-0.019427105997782527,-0.11033274956217154,-0.013779527559055094,0.014763779527559029
2024-06-21,512480,bear,-0.02592087312414737,0.114074074074074,-0.0026525198938992522,-0.06930693069306937,-0.01408543104161006,0.0,-0.05585106382978733,0.02127659574468077
2024-06-21,159995,bear,-0.02758620689655178,0.09558823529411775,-0.0022321428571429047,-0.046908315565031944,-0.012977418889531248,0.0,-0.05145413870246085,0.03914988814317666
2024-06-21,512760,bear,-0.025454545454545396,0.10732984293193715,-0.0011806375442738881,-0.06415929203539827,-0.013406865178444282,0.0,-0.05555555555555547,0.027186761229314405
2024-06-21,515050,bear,-0.0239043824701195,0.08438818565400852,0.05544147843942504,0.13091309130913098,-0.01516356117347567,-0.01908396946564883,-0.014591439688716124,-0.012645914396887226
2024-06-21,512000,bear,0.01251564455569465,-0.03308823529411753,-0.09205983889528191,-0.1034090909090909,-0.00893135758009402,-0.02832512315270941,-0.04689480354879594,-0.027883396704689534
2024-06-21,515030,bear,0.03921568627450989,-0.06027397260273981,-0.10443864229765021,-0.0787824529991048,-0.012167414105611478,-0.06962025316455711,-0.03498542274052474,-0.02915451895043719
2024-06-21,159875,bear,0.040723981900452566,-0.09012875536480691,-0.13645621181262735,-0.07423580786026207,-0.009966356742989905,-0.09207708779443258,-0.04245283018867918,-0.01650943396226412
2024-06-21,512660,bear,0.023255813953488413,-0.023255813953488413,-0.04130434782608694,-0.05059203444564053,-0.010423235269676409,-0.037117903930131035,-0.003401360544217691,0.009070294784580435
2024-06-21,512690,bear,0.04566929133858266,-0.13552068473609125,-0.148876404494382,-0.08872180451127831,-0.008408474524950395,-0.1255411255411255,-0.02640264026402639,0.004950495049504955
2024-06-21,159928,bear,0.04211793020457266,-0.108622620380739,-0.10056497175141244,-0.030450669914737993,-0.007926204232551469,-0.10360360360360354,-0.02010050251256279,0.013819095477386911
2024-06-21,512010,bear,0.03746397694524484,-0.0696378830083565,-0.11170212765957444,-0.1712158808933002,-0.007968855883838296,-0.06442577030812313,-0.0239520958083832,0.020958083832335328
2024-06-21,159801,bear,-0.025404157043879882,0.09090909090909105,-0.0022471910112359383,-0.04516129032258065,-0.01335102539985253,0.0,-0.04729729729729737,0.04054054054054057
2024-06-21,512890,bear,0.007561436672967825,-0.024163568773234223,0.04373757455268401,0.1525795828759604,-0.009600361194015907,-0.041095890410958846,0.008571428571428452,-0.006666666666666821
2024-06-21,510880,bear,0.007446478436239579,-0.013567684242984934,0.04474199869366435,0.07819346140883043,-0.008883675009108786,-0.029135053110773912,0.0006251953735543214,-0.015317286652078765
2024-06-21,168204,bear,0.026781444285031153,-0.012615235322658847,0.010928961748633892,0.11020185488270595,-0.010584477997722006,-0.04009433962264153,-0.03439803439803446,-0.0864864864864866
2024-06-21,512400,bear,0.013779527559055094,-0.05649717514124297,-0.02812803103782724,0.13476783691959238,-0.014553645177474069,-0.09074410163339386,-0.014970059880239583,0.0
2024-06-28,512480,bear,0.05585106382978733,0.023054755043227626,0.008522727272727293,-0.079118028534371,-0.017907534990063662,-0.05585106382978733,-0.028169014084507116,0.012676056338028152
2024-06-28,159995,bear,0.05145413870246085,0.02168674698795181,0.0011806375442739991,-0.0535714285714286,-0.017246238067564448,-0.05145413870246085,-0.018867924528301883,0.03537735849056611
2024-06-28,512760,bear,0.05555555555555547,0.021739130434782705,0.008838383838383868,-0.07308584686774933,-0.017161017216421225,-0.05555555555555547,-0.02252816020025028,0.025031289111389077
2024-06-28,515050,bear,0.014591439688716124,0.09513513513513505,0.09869848156182193,0.1603665521191293,-0.02012027230322215,-0.03339694656488568,-0.0187561697926949,-0.050345508390918
2024-06-28,512000,bear,0.04689480354879594,-0.06583850931677027,-0.0806845965770171,-0.10262529832935552,-0.010977765129946403,-0.06467661691542292,-0.018617021276595813,0.019946808510638236
2024-06-28,515030,bear,0.03498542274052474,-0.09065934065934078,-0.09232175502742235,-0.12588028169014076,-0.013077655847210391,-0.10216998191681748,-0.028197381671701938,-0.022155085599194435
2024-06-28,159875,bear,0.04245283018867918,-0.1287553648068669,-0.13247863247863245,-0.13983050847457612,-0.010989358590711392,-0.1287553648068669,-0.022167487684729092,0.02216748768472887
2024-06-28,512660,bear,0.003401360544217691,-0.0189732142857143,-0.007900677200902928,-0.0608974358974359,-0.014801611525340026,-0.04039301310043675,-0.03412969283276457,0.018202502844141044
2024-06-28,512690,bear,0.02640264026402639,-0.12202380952380965,-0.14739884393063585,-0.11676646706586835,-0.008912420477568211,-0.13107511045655384,-0.025423728813559365,-0.045762711864406835
2024-06-28,159928,bear,0.02010050251256279,-0.09930715935334866,-0.09302325581395343,-0.05454545454545445,-0.0073662807282831675,-0.10755148741418763,-0.015384615384615441,-0.028205128205128216
2024-06-28,512010,bear,0.0239520958083832,-0.0764872521246458,-0.10684931506849304,-0.18703241895261846,-0.00938283074891576,-0.08683473389355734,-0.0030674846625766694,0.006134969325153339
2024-06-28,159801,bear,0.04729729729729737,0.02669902912621369,0.0071428571428571175,-0.05369127516778527,-0.017426980712470546,-0.04729729729729737,-0.021276595744680882,0.03309692671394804
2024-06-28,512890,bear,-0.008571428571428452,-0.02216066481994461,0.05899999999999994,0.17016574585635347,-0.009550614309349862,-0.023963133640553025,-0.0018885741265344258,-0.04060434372049093
2024-06-28,510880,bear,-0.0006251953735543214,-0.019902020820575572,0.04882044560943655,0.09548254620123209,-0.008430344385990073,-0.021998166819431786,0.005310840362386715,-0.04186191815057794
2024-06-28,168204,bear,0.03439803439803446,-0.05980861244019131,0.010802469135802628,0.06446370530877576,-0.010428985707679831,-0.06783681214421255,0.01781170483460559,-0.09414758269720103
2024-06-28,512400,bear,0.014970059880239583,-0.07757009345794397,-0.02566633761105619,0.08105147864183992,-0.01394684383975522,-0.07323943661971832,0.03039513677811545,-0.05268490374873347
2024-07-05,512480,bear,0.028169014084507116,-0.01849217638691325,0.017699115044247593,-0.11082474226804129,-0.018819655559928334,-0.08244680851063835,0.0565217391304349,0.0565217391304349
2024-07-05,159995,bear,0.018867924528301883,-0.013048635824436494,0.020858895705521574,-0.07452725250278092,-0.017558735141130797,-0.06935123042505598,0.055288461538461675,0.0625
2024-07-05,512760,bear,0.02252816020025028,-0.017610062893081757,0.026281208935611033,-0.09710982658959533,-0.017836181855605933,-0.07683215130023635,0.055057618437900135,0.05633802816901401
2024-07-05,515050,bear,0.0187561697926949,0.043022035676810066,0.09713024282560712,0.12954545454545463,-0.019418524215164892,-0.05152671755725191,0.05432595573440646,-0.04527162977867205
2024-07-05,512000,bear,0.018617021276595813,-0.06226175349428209,-0.08663366336633671,-0.13684210526315788,-0.010926152787565268,-0.08208955223880599,0.006775067750677488,0.06368563685636852
2024-07-05,515030,bear,0.028197381671701938,-0.1138659320477502,-0.1475265017667844,-0.16738567730802423,-0.011923803445737562,-0.11141804788213638,0.02797927461139893,-0.01968911917098448
2024-07-05,159875,bear,0.022167487684729092,-0.12555066079295152,-0.17118997912317324,-0.18979591836734688,-0.01069872198182357,-0.10986547085201792,0.02267002518891692,0.02015113350125941
2024-07-05,512660,bear,0.03412969283276457,-0.054565701559020074,-0.02076124567474047,-0.11192468619246865,-0.014402848641123404,-0.07111597374179435,0.016489988221437102,0.07538280329799774
2024-07-05,512690,bear,0.025423728813559365,-0.13403614457831337,-0.1519174041297936,-0.14050822122571016,-0.009452623814537719,-0.12347560975609762,0.02086956521739136,-0.0330434782608694
2024-07-05,159928,bear,0.015384615384615441,-0.10593713620488943,-0.10175438596491226,-0.07913669064748197,-0.00707906813964315,-0.09753231492361925,0.00911458333333326,-0.02083333333333337
2024-07-05,512010,bear,0.0030674846625766694,-0.07932011331444755,-0.08192090395480223,-0.19753086419753085,-0.01065215594550534,-0.08192090395480223,0.012307692307692353,0.027692307692307683
2024-07-05,159801,bear,0.021276595744680882,-0.014285714285714346,0.019704433497536922,-0.0758928571428572,-0.017529610441280086,-0.06756756756756765,0.0531400966183575,0.06038647342995174
2024-07-05,512890,bear,0.0018885741265344258,-0.00844277673545979,0.020270270270270174,0.1304812834224598,-0.009575816262892006,-0.02129629629629637,-0.009460737937559194,-0.032166508987701126
2024-07-05,510880,bear,-0.005310840362386715,-0.0049474335188620655,0.026475279106858096,0.06910299003322273,-0.009125424045785669,-0.016202996025680205,-0.01864512119328776,-0.0403977625854568
2024-07-05,168204,bear,-0.01781170483460559,-0.031945788964181876,-0.008919722497522153,0.03680663556246766,-0.012436636828569658,-0.05033238366571691,-0.06000000000000005,-0.11150000000000004
2024-07-05,512400,bear,-0.03039513677811545,-0.02399232245681393,-0.08460846084608464,0.07391763463569156,-0.014993670726074175,-0.02586206896551735,0.0137659783677484,-0.07374631268436571
2024-07-12,512480,bear,-0.0565217391304349,-0.00545702592087316,0.07840236686390512,0.01673640167364021,-0.01836153154653932,-0.030585106382978733,0.053497942386831365,-0.04389574759945136
2024-07-12,159995,bear,-0.055288461538461675,0.009195402298850519,0.06812652068126535,0.052757793764988126,-0.017237116095230508,-0.017897091722595126,0.05808656036446469,-0.03872437357630987
2024-07-12,512760,bear,-0.055057618437900135,-0.00121212121212122,0.0743155149934811,0.029999999999999805,-0.017534976203873266,-0.026004728132387744,0.054611650485437035,-0.043689320388349384
2024-07-12,515050,bear,-0.05432595573440646,0.043824701195219085,0.16186252771618626,0.28117359413202947,-0.021639968863681653,-0.01872659176029967,-0.031488549618320705,-0.12786259541984735
2024-07-12,512000,bear,-0.006775067750677488,-0.07008760951188997,-0.06068268015170675,-0.09168704156479213,-0.01261826334026461,-0.07587064676616917,0.032301480484522305,0.04172274562584133
2024-07-12,515030,bear,-0.02797927461139893,-0.07376283846872078,-0.12134632418069091,-0.11428571428571432,-0.015476973666707092,-0.08655616942909772,0.007056451612903247,-0.06955645161290314
2024-07-12,159875,bear,-0.02267002518891692,-0.08144796380090491,-0.14164904862579275,-0.15416666666666656,-0.01470497974080516,-0.08558558558558549,0.027093596059113212,-0.012315270935960632
2024-07-12,512660,bear,-0.016489988221437102,-0.044296788482835026,-0.005760368663594528,-0.01258581235697942,-0.016213401722562748,-0.05164835164835169,0.03128621089223649,0.011587485515643037
2024-07-12,512690,bear,-0.02086956521739136,-0.07559055118110247,-0.13421828908554578,-0.08709175738724739,-0.013938020333142693,-0.07413249211356476,0.03747870528109032,-0.015332197614991494
2024-07-12,159928,bear,-0.00911458333333326,-0.06738868832731637,-0.0860849056603773,-0.037267080745341685,-0.008477688290474438,-0.059466019417475646,0.041290322580645133,-0.011612903225806437
2024-07-12,512010,bear,-0.012307692307692353,-0.05187319884726216,-0.06534090909090895,-0.1476683937823834,-0.014159232988881238,-0.05187319884726216,0.03647416413373872,0.006079027355623046
2024-07-12,159801,bear,-0.0531400966183575,0.006928406466512715,0.06862745098039214,0.050602409638554224,-0.01677374540010082,-0.018018018018018056,0.059633027522935755,-0.03669724770642202
2024-07-12,512890,bear,0.009460737937559194,-0.010396975425330912,-0.015051740357478804,0.1162046908315566,-0.00909020447158985,-0.03055555555555567,-0.00382043935052534,-0.03151862464183375
2024-07-12,510880,bear,0.01864512119328776,-0.020167545764815387,-0.022291021671826616,0.04465762487595093,-0.008491644591233406,-0.03454601039437477,-0.002533248891703588,-0.03483217226092461
2024-07-12,168204,bear,0.06000000000000005,-0.10090865614538513,-0.10815939278937392,-0.025906735751295318,-0.012697203324373407,-0.08958837772397099,-0.011170212765957421,-0.051063829787234005
2024-07-12,512400,bear,-0.0137659783677484,0.014763779527559029,-0.08680248007085922,0.11459459459459453,-0.017519046323915977,-0.018095238095238164,-0.02812803103782724,-0.10960232783705126
2024-07-19,512480,bull,-0.053497942386831365,0.02127659574468077,0.16894977168949765,0.10344827586206917,-0.019359365193745006,0.0,-0.06380208333333337,-0.10156250000000011
2024-07-19,159995,bull,-0.05808656036446469,0.03914988814317666,0.16855345911949682,0.1412776412776413,-0.019085097540605066,0.0,-0.054897739504844,-0.09903121636167933
2024-07-19,512760,bull,-0.054611650485437035,0.027186761229314405,0.168010752688172,0.11553273427471122,-0.018617073201071022,0.0,-0.05753739930955126,-0.10241657077100108
2024-07-19,515050,bull,0.031488549618320705,-0.012645914396887226,0.17205542725173206,0.28156565656565635,-0.02178690052584852,-0.049625468164794184,-0.05221674876847282,-0.08571428571428563
2024-07-19,512000,bull,-0.032301480484522305,-0.027883396704689534,-0.03400503778337538,-0.054254007398273796,-0.012819066076890198,-0.01666666666666672,0.0,0.015645371577575062
2024-07-19,515030,bull,-0.007056451612903247,-0.02915451895043719,-0.07841328413284143,-0.09016393442622961,-0.014203641219047944,-0.022504892367906093,-0.028028028028028062,-0.09009009009009006
2024-07-19,159875,bull,-0.027093596059113212,-0.01650943396226412,-0.08149779735682827,-0.12394957983193278,-0.014469069179760497,-0.0023923444976076125,-0.004796163069544335,-0.050359712230215736
2024-07-19,512660,bull,-0.03128621089223649,0.009070294784580435,0.0,0.06971153846153855,-0.01554373167934753,0.0,0.00561797752808979,-0.038202247191011285
2024-07-19,512690,bull,-0.03747870528109032,0.004950495049504955,-0.09509658246656771,-0.016155088852988664,-0.015268577015651541,-0.0016393442622950616,-0.07553366174055831,-0.08045977011494243
2024-07-19,159928,bull,-0.041290322580645133,0.013819095477386911,-0.060535506402793926,0.029336734693877542,-0.009718836142769065,0.0,-0.060718711276332105,-0.07311028500619587
2024-07-19,512010,bull,-0.03647416413373872,0.020958083832335328,-0.022922636103151706,-0.09308510638297862,-0.014993714458730928,0.0,-0.0381231671554253,-0.035190615835777206
2024-07-19,159801,bull,-0.059633027522935755,0.04054054054054057,0.16962025316455698,0.1407407407407406,-0.018334442090778787,0.0,-0.05411255411255411,-0.09740259740259749
2024-07-19,512890,bull,0.00382043935052534,-0.006666666666666821,-0.01789077212806034,0.11670235546038521,-0.009110812248499713,-0.034259259259259434,-0.025886864813039256,-0.009587727708533111
2024-07-19,510880,bull,0.002533248891703588,-0.015317286652078765,-0.022042843837317694,0.05105105105105112,-0.008633142489452123,-0.036991745643534135,-0.026349206349206233,-0.017142857142857126
2024-07-19,168204,bull,0.011170212765957421,-0.0864864864864866,-0.08423645320197037,-0.027719665271966454,-0.01267277053798277,-0.0864864864864866,-0.042495965572888594,-0.026896180742334574
2024-07-19,512400,bull,0.02812803103782724,0.0,-0.07734806629834257,0.1183035714285714,-0.018236450325704444,-0.04571428571428571,-0.06686626746506985,-0.08283433133732532
2024-07-26,512480,bear,0.06380208333333337,0.012676056338028152,0.008415147265077083,0.05425219941348969,-0.01993858238119462,-0.06623376623376631,0.013908205841446364,-0.08344923504867863
2024-07-26,159995,bear,0.054897739504844,0.03537735849056611,0.02450408401400228,0.08798017348203224,-0.019198357947335536,-0.05591397849462365,0.006833712984054774,-0.08769931662870156
2024-07-26,512760,bear,0.05753739930955126,0.025031289111389077,0.018656716417910335,0.06501950585175553,-0.019235513044851854,-0.059701492537313494,0.0073260073260073,-0.08791208791208782
2024-07-26,515050,bear,0.05221674876847282,-0.050345508390918,0.0010405827263266776,0.20099875156054914,-0.020654720307473312,-0.09925093632958815,-0.013513513513513487,-0.05509355509355507
2024-07-26,512000,bear,-0.0,0.019946808510638236,-0.10082063305978894,-0.09551886792452824,-0.013389828079122718,-0.0077619663648124115,0.02346805736636237,-0.0052151238591916504
2024-07-26,515030,bear,0.028028028028028062,-0.022155085599194435,-0.14373897707231031,-0.09421641791044788,-0.016107483661964433,-0.028028028028028062,-0.025746652935118464,-0.0875386199794026
2024-07-26,159875,bear,0.004796163069544335,0.02216748768472887,-0.11889596602972397,-0.11513859275053306,-0.014330752262854499,-0.004796163069544335,-0.02409638554216853,-0.0771084337349397
2024-07-26,512660,bear,-0.00561797752808979,0.018202502844141044,-0.008859357696566983,0.10221674876847286,-0.015805161536088908,0.0,0.02011173184357551,-0.07039106145251406
2024-07-26,512690,bear,0.07553366174055831,-0.045762711864406835,-0.1968616262482169,-0.09193548387096784,-0.017772444247273107,-0.07553366174055831,-0.012433392539964339,-0.04618117229129648
2024-07-26,159928,bear,0.060718711276332105,-0.028205128205128216,-0.1376564277588168,-0.03316326530612246,-0.013238079036355346,-0.060718711276332105,-0.0079155672823219,-0.05672823218997369
2024-07-26,512010,bear,0.0381231671554253,0.006134969325153339,-0.11111111111111105,-0.1345646437994723,-0.015851630156944078,-0.040935672514619936,0.018292682926829285,-0.03353658536585369
2024-07-26,159801,bear,0.05411255411255411,0.03309692671394804,0.028235294117647136,0.08706467661691542,-0.018512848797556505,-0.05411255411255411,0.004576659038901587,-0.08695652173913038
2024-07-26,512890,bear,0.025886864813039256,-0.04060434372049093,-0.019305019305019266,0.09837837837837826,-0.007355012265530091,-0.059259259259259345,0.006889763779527547,0.013779527559055094
2024-07-26,510880,bear,0.026349206349206233,-0.04186191815057794,-0.02012779552715649,0.08145275035260946,-0.006697556532657381,-0.06236624885356157,0.006847081838930569,-0.002608412129116444
2024-07-26,168204,bear,0.042495965572888594,-0.09414758269720103,-0.09414758269720103,-0.04914529914529919,-0.01107398553137322,-0.1253071253071254,-0.0016853932584269815,-0.028651685393258353
2024-07-26,512400,bear,0.06686626746506985,-0.05268490374873347,-0.13345690454124182,0.07224770642201839,-0.020716183791948048,-0.10952380952380947,0.007486631016042633,-0.019251336898395754
2024-08-02,512480,bear_high_vol,-0.013908205841446364,0.0565217391304349,0.023876404494381998,0.19312602291325698,-0.022129632083592993,-0.05324675324675332,-0.04389574759945136,-0.06721536351165969
2024-08-02,159995,bear_high_vol,-0.006833712984054774,0.0625,0.03755868544600949,0.20765027322404372,-0.021814531897767154,-0.04946236559139794,-0.045248868778280604,-0.07013574660633493
2024-08-02,512760,bear_high_vol,-0.0073260073260073,0.05633802816901401,0.02739726027397249,0.19565217391304346,-0.02160151698240724,-0.05281285878300812,-0.044848484848484804,-0.06787878787878776
2024-08-02,515050,bear_high_vol,0.013513513513513487,-0.04527162977867205,0.005296610169491567,0.32172701949860727,-0.02351088010841736,-0.11142322097378288,-0.03688092729188608,-0.035827186512117914
2024-08-02,512000,bear_high_vol,-0.02346805736636237,0.06368563685636852,-0.05762304921968775,-0.04268292682926822,-0.016978177332149492,-0.02605459057071957,-0.014012738853503182,-0.006369426751592355
2024-08-02,515030,bear_high_vol,0.025746652935118464,-0.01968911917098448,-0.1872852233676976,-0.03271983640081799,-0.018610340111462592,-0.05305305305305308,-0.024312896405919604,-0.016913319238900493
2024-08-02,159875,bear_high_vol,0.02409638554216853,0.02015113350125941,-0.1544885177453026,-0.04929577464788726,-0.01487684305861928,-0.02877697841726612,-0.00987654320987652,-0.012345679012345734
2024-08-02,512660,bear_high_vol,-0.02011173184357551,0.07538280329799774,-0.02872340425531905,0.17503217503217505,-0.01424305257825132,-0.009761388286334105,-0.04381161007667034,-0.07667031763417309
2024-08-02,512690,bear_high_vol,0.012433392539964339,-0.0330434782608694,-0.22777777777777763,-0.07947019867549654,-0.018643080019197768,-0.0870279146141214,0.03956834532374076,-0.01618705035971224
2024-08-02,159928,bear_high_vol,0.0079155672823219,-0.02083333333333337,-0.16722037652270216,-0.024643320363164745,-0.01593602156390033,-0.06815365551425034,0.018617021276595702,-0.039893617021276584
2024-08-02,512010,bear_high_vol,-0.018292682926829285,0.027692307692307683,-0.1045576407506702,-0.02052785923753664,-0.016803558622308697,-0.023391812865497075,-0.008982035928143728,-0.03293413173652693
2024-08-02,159801,bear_high_vol,-0.004576659038901587,0.06038647342995174,0.03537735849056611,0.21270718232044206,-0.02097874952001851,-0.04978354978354982,-0.04328018223234631,-0.06605922551252852
2024-08-02,512890,bear_high_vol,-0.006889763779527547,-0.032166508987701126,-0.03581526861451467,0.07008368200836812,-0.007877762105140669,-0.03943661971830992,-0.008797653958944163,-0.019550342130987275
2024-08-02,510880,bear_high_vol,-0.006847081838930569,-0.0403977625854568,-0.03288443470090818,0.05248807089297891,-0.007370110725078792,-0.044849984534488074,-0.012953367875647714,-0.03173575129533679
2024-08-02,168204,bear_high_vol,0.0016853932584269815,-0.11150000000000004,-0.13274768179599805,-0.0859053497942387,-0.013148104633559223,-0.08918503331624816,0.003939223410241999,0.0
2024-08-02,512400,bear_high_vol,-0.007486631016042633,-0.07374631268436571,-0.14596554850407983,0.12009512485136731,-0.0219779557298801,-0.10285714285714298,-0.02547770700636931,-0.022292993630573132
2024-08-09,512480,bear_high_vol,0.04389574759945136,-0.04389574759945136,0.026509572901325384,0.09419152276295129,-0.02291533966519044,-0.09480519480519489,-0.010043041606886627,-0.07747489239598271
2024-08-09,159995,bear_high_vol,0.045248868778280604,-0.03872437357630987,0.03052503052503064,0.10615989515072077,-0.022654207088131855,-0.09247311827956994,-0.0082938388625593,-0.07938388625592407
2024-08-09,512760,bear_high_vol,0.044848484848484804,-0.043689320388349384,0.02604166666666674,0.08241758241758257,-0.021949905398769884,-0.0952927669345579,-0.010152284263959421,-0.0774111675126904
2024-08-09,515050,bear_high_vol,0.03688092729188608,-0.12786259541984735,-0.032804232804232725,0.17480719794344468,-0.022745738388184875,-0.14419475655430714,0.015317286652078765,-0.057986870897155374
2024-08-09,512000,bear_high_vol,0.014012738853503182,0.04172274562584133,-0.05953827460510319,-0.07637231503579944,-0.016820634036373815,-0.03970223325062039,0.006459948320413522,0.0051679586563306845
2024-08-09,515030,bear_high_vol,0.024312896405919604,-0.06955645161290314,-0.15938069216757744,-0.09686888454011744,-0.016789361593074856,-0.07607607607607603,-0.015167930660888396,-0.00325027085590468
2024-08-09,159875,bear_high_vol,0.00987654320987652,-0.012315270935960632,-0.13015184381778744,-0.08447488584474883,-0.013651578775923632,-0.03836930455635479,-0.012468827930174564,-0.029925187032418976
2024-08-09,512660,bear_high_vol,0.04381161007667034,0.011587485515643037,-0.031076581576026663,0.0791100123609394,-0.018243884919374644,-0.053145336225596584,-0.019473081328751474,-0.06758304696449036
2024-08-09,512690,bear_high_vol,-0.03956834532374076,-0.015332197614991494,-0.18361581920903958,-0.09687500000000004,-0.017826218527092045,-0.05090311986863716,-0.031141868512110538,-0.09861591695501726
2024-08-09,159928,bear_high_vol,-0.018617021276595702,-0.011612903225806437,-0.13932584269662918,-0.07487922705313999,-0.015949000453548752,-0.050805452292441156,-0.023498694516971286,-0.08746736292428203
2024-08-09,512010,bear_high_vol,0.008982035928143728,0.006079027355623046,-0.102981029810298,-0.11021505376344076,-0.01626436717476137,-0.032163742690058506,-0.0060422960725075026,-0.04531722054380671
2024-08-09,159801,bear_high_vol,0.04328018223234631,-0.03669724770642202,0.02941176470588247,0.10526315789473673,-0.021330534685994638,-0.09090909090909094,-0.0071428571428571175,-0.07619047619047614
2024-08-09,512890,bear_high_vol,0.008797653958944163,-0.03151862464183375,-0.050561797752809,0.04106776180698146,-0.0057206637188115805,-0.04068117313150421,0.018737672583826415,-0.0315581854043393
2024-08-09,510880,bear_high_vol,0.012953367875647714,-0.03483217226092461,-0.05017139295730755,0.01464713715046595,-0.0054914867278184915,-0.04600938967136148,0.015748031496062964,-0.030511811023621993
2024-08-09,168204,bear_high_vol,-0.003939223410241999,-0.051063829787234005,-0.10799999999999998,-0.07324675324675323,-0.013286969199269425,-0.053580901856763896,0.014013452914798163,-0.03139013452914796
2024-08-09,512400,bear_high_vol,0.02547770700636931,-0.10960232783705126,-0.15469613259668513,0.047945205479452024,-0.018920188656410236,-0.12320916905444113,0.0010893246187364536,-0.04466230936819171
2024-08-16,512480,bear_high_vol,0.010043041606886627,-0.10156250000000011,0.022222222222222143,0.008771929824561209,-0.020636920696784522,-0.10389610389610393,-0.04492753623188395,-0.09130434782608687
2024-08-16,159995,bear_high_vol,0.0082938388625593,-0.09903121636167933,0.02573529411764719,0.0219780219780219,-0.01978223739128049,-0.10000000000000009,-0.043010752688172005,-0.09318996415770608
2024-08-16,512760,bear_high_vol,0.010152284263959421,-0.10241657077100108,0.020942408376963373,0.006451612903225712,-0.01983872466195572,-0.10447761194029848,-0.04230769230769238,-0.09230769230769242
2024-08-16,515050,bear_high_vol,-0.015317286652078765,-0.08571428571428563,-0.021097046413501963,0.10083036773428233,-0.02127195049515977,-0.08751229105211389,-0.020474137931034475,-0.05711206896551724
2024-08-16,512000,bear_high_vol,-0.006459948320413522,0.015645371577575062,-0.04534313725490191,-0.09733487833140209,-0.01701885483526682,-0.03349875930521096,-0.020539152759948665,-0.00898587933247752
2024-08-16,515030,bear_high_vol,0.015167930660888396,-0.09009009009009006,-0.1698630136986301,-0.13180515759312317,-0.01694178029769189,-0.0845921450151057,-0.025302530253025313,0.0
2024-08-16,159875,bear_high_vol,0.012468827930174564,-0.050359712230215736,-0.15021459227467815,-0.12389380530973448,-0.013192194497911227,-0.04807692307692302,-0.03282828282828287,-0.03282828282828287
2024-08-16,512660,bear_high_vol,0.019473081328751474,-0.038202247191011285,-0.05204872646733116,0.01542111506524324,-0.017707472894844156,-0.07158351409978314,-0.028037383177570097,-0.05957943925233633
2024-08-16,512690,bear_high_vol,0.031141868512110538,-0.08045977011494243,-0.20114122681883007,-0.16041979010494745,-0.015619570453345834,-0.05723905723905709,-0.04107142857142865,-0.1250000000000001
2024-08-16,159928,bear_high_vol,0.023498694516971286,-0.07311028500619587,-0.16237402015677493,-0.11792452830188682,-0.015089177052444313,-0.05674653215636827,-0.044117647058823595,-0.10828877005347592
2024-08-16,512010,bear_high_vol,0.0060422960725075026,-0.035190615835777206,-0.08356545961002781,-0.125,-0.015734850466324408,-0.03801169590643283,-0.03647416413373861,-0.05775075987841949
2024-08-16,159801,bear_high_vol,0.0071428571428571175,-0.09740259740259749,0.024570024570024662,0.02962962962962945,-0.01883082621822522,-0.09347826086956534,-0.043165467625899234,-0.09352517985611508
2024-08-16,512890,bear_high_vol,-0.018737672583826415,-0.009587727708533111,-0.039962825278810565,0.011753183153770719,-0.005997964290617222,0.0,-0.0029041626331073322,-0.08422071636011619
2024-08-16,510880,bear_high_vol,-0.015748031496062964,-0.017142857142857126,-0.04532839962997215,-0.023343848580441584,-0.0058005245678683535,-0.007055805003207127,-0.011950904392764805,-0.08107235142118863
2024-08-16,168204,bear_high_vol,-0.014013452914798163,-0.026896180742334574,-0.12227074235807855,-0.15585627624825005,-0.013343104902388825,-0.018448182311448735,-0.04422332780541727,-0.07794361525704807
2024-08-16,512400,bear_high_vol,-0.0010893246187364536,-0.08283433133732532,-0.13465160075329563,0.006571741511500528,-0.018376924609760037,-0.07171717171717162,-0.0021762785636560977,-0.06093579978237218
2024-08-23,512480,bear,0.04492753623188395,-0.08344923504867863,-0.050432276657060404,-0.10461956521739124,-0.017894871143287278,-0.12250332889480686,0.03186646433990892,-0.02427921092564489
2024-08-23,159995,bear,0.043010752688172005,-0.08769931662870156,-0.034939759036144435,-0.08977272727272723,-0.017125532055956842,-0.11784140969162993,0.026217228464419318,-0.03245942571785276
2024-08-23,512760,bear,0.04230769230769238,-0.08791208791208782,-0.04475703324808189,-0.10324129651860736,-0.01680647481192929,-0.12014134275618371,0.029451137884872747,-0.029451137884872858
2024-08-23,515050,bear,0.020474137931034475,-0.05509355509355507,-0.017297297297297343,0.016778523489932917,-0.01894895993423962,-0.07995951417004044,0.0066006600660066805,0.007700770077007757
2024-08-23,512000,bear,0.020539152759948665,-0.0052151238591916504,-0.05217391304347829,-0.12899543378995437,-0.015548864251596942,-0.053349875930521096,0.022280471821756187,0.08781127129750965
2024-08-23,515030,bear,0.025302530253025313,-0.0875386199794026,-0.18864468864468875,-0.19381255686988164,-0.012838887425171662,-0.09128205128205125,0.04966139954853288,0.08126410835214437
2024-08-23,159875,bear,0.03282828282828287,-0.0771084337349397,-0.17811158798283266,-0.1868365180467091,-0.010395727140281832,-0.0771084337349397,0.044386422976501416,0.03394255874673635
2024-08-23,512660,bear,0.028037383177570097,-0.07039106145251406,-0.07142857142857151,-0.05775764439411102,-0.014340213227101654,-0.0976138828633406,0.013221153846153966,-0.013221153846153855
2024-08-23,512690,bear,0.04107142857142865,-0.04618117229129648,-0.2008928571428571,-0.1997019374068555,-0.013406272088393904,-0.07573149741824425,0.01862197392923659,-0.013035381750465591
2024-08-23,159928,bear,0.044117647058823595,-0.05672823218997369,-0.17436489607390304,-0.1568396226415094,-0.01297358705003311,-0.07383419689119175,0.009790209790209836,-0.004195804195804231
2024-08-23,512010,bear,0.03647416413373861,-0.03353658536585369,-0.1019830028328611,-0.16358839050131924,-0.013950229088694904,-0.062130177514792995,0.018927444794952786,0.0
2024-08-23,159801,bear,0.043165467625899234,-0.08695652173913038,-0.0315533980582523,-0.08695652173913038,-0.01631897859203236,-0.11529933481152987,0.027568922305764243,-0.03258145363408527
2024-08-23,512890,bear,0.0029041626331073322,0.013779527559055094,-0.048938134810710965,0.02589641434262946,-0.007170004245135673,-0.01717557251908397,-0.026213592233009786,-0.01456310679611661
2024-08-23,510880,bear,0.011950904392764805,-0.002608412129116444,-0.06338028169014076,-0.017030848329048776,-0.006770734565220242,-0.021433141394753608,-0.022556390977443552,-0.006538084341287997
2024-08-23,168204,bear,0.04422332780541727,-0.028651685393258353,-0.17272727272727262,-0.1647342995169081,-0.01261059471989334,-0.04580573951434874,0.0277617119722382,0.050318102949681975
2024-08-23,512400,bear,0.0021762785636560977,-0.019251336898395754,-0.14299065420560753,-0.019251336898395754,-0.014221718301067027,-0.04578563995837659,0.004362050163576825,0.017448200654307522
2024-08-30,512480,bear,-0.03186646433990892,-0.06721536351165969,-0.03271692745376942,-0.05424200278164104,-0.012737087468127793,-0.02857142857142847,-0.05441176470588238,0.2838235294117646
2024-08-30,159995,bear,-0.026217228464419318,-0.07013574660633493,-0.02491103202846978,-0.05299539170506917,-0.012292863138944564,-0.03180212014134276,-0.05474452554744513,0.3004866180048662
2024-08-30,512760,bear,-0.029451137884872747,-0.06787878787878776,-0.03270440251572326,-0.061050061050060944,-0.01243261359682864,-0.03148614609571787,-0.054616384915474714,0.28608582574772434
2024-08-30,515050,bear,-0.0066006600660066805,-0.035827186512117914,-0.039874081846799525,0.0,-0.012629469153293292,-0.014008620689655138,-0.059016393442622994,0.3103825136612022
2024-08-30,512000,bear,-0.022280471821756187,-0.006369426751592355,-0.008894536213468918,-0.0866510538641686,-0.009533516773278787,-0.005102040816326481,-0.002564102564102555,0.5410256410256409
2024-08-30,515030,bear,-0.04966139954853288,-0.016913319238900493,-0.1460055096418732,-0.13165266106442564,-0.012253855733560545,-0.010638297872340274,-0.010752688172043001,0.4161290322580644
2024-08-30,159875,bear,-0.044386422976501416,-0.012345679012345734,-0.11894273127753296,-0.14163090128755362,-0.010870341526489798,-0.019607843137254832,-0.02749999999999997,0.36749999999999994
2024-08-30,512660,bear,-0.013221153846153966,-0.07667031763417309,-0.061247216035634766,-0.03986332574031892,-0.013875125251434948,-0.07565789473684215,-0.03440094899169632,0.30486358244365386
2024-08-30,512690,bear,-0.01862197392923659,-0.01618705035971224,-0.1762048192771084,-0.16995447647951434,-0.014450703762780263,-0.05851979345955238,-0.04753199268738573,0.32906764168190117
2024-08-30,159928,bear,-0.009790209790209836,-0.039893617021276584,-0.15948777648428403,-0.14047619047619042,-0.01152938448606892,-0.06476683937823835,-0.03185595567867039,0.2825484764542938
2024-08-30,512010,bear,-0.018927444794952786,-0.03293413173652693,-0.08498583569405094,-0.12466124661246614,-0.010360739428017789,-0.044378698224852076,-0.021671826625387025,0.35913312693498445
2024-08-30,159801,bear,-0.027568922305764243,-0.06605922551252852,-0.023809523809523836,-0.05092592592592593,-0.012348357998266841,-0.030732860520094607,-0.05365853658536579,0.29512195121951224
2024-08-30,512890,bear,0.026213592233009786,-0.019550342130987275,-0.05909943714821775,-0.01762977473065619,-0.008287340601944741,-0.04293893129771009,-0.02093718843469583,0.13858424725822527
2024-08-30,510880,bear,0.022556390977443552,-0.03173575129533679,-0.07544836116264686,-0.05737704918032782,-0.0071180539093963725,-0.04350607805502227,-0.01170568561872909,0.1384615384615384
2024-08-30,168204,bear,-0.0277617119722382,0.0,-0.1398838334946757,-0.1826126954921803,-0.012771223272628182,-0.019315673289183266,-0.02757456387169388,0.17051209904333153
2024-08-30,512400,bear,-0.004362050163576825,-0.022292993630573132,-0.11612284069097889,-0.06307222787385547,-0.009790871064679317,-0.013918629550321193,-0.04777415852334421,0.24104234527687285
2024-09-06,512480,bear,0.05441176470588238,-0.07747489239598271,-0.12278308321964526,-0.1287262872628726,-0.015303647323725744,-0.07747489239598271,-0.02488335925349927,0.38724727838258155
2024-09-06,159995,bear,0.05474452554744513,-0.07938388625592407,-0.10689655172413792,-0.12302483069977421,-0.014561746176762128,-0.08372641509433953,-0.02316602316602323,0.3848133848133848
2024-09-06,512760,bear,0.054616384915474714,-0.0774111675126904,-0.11878787878787878,-0.13038277511961727,-0.014949540125254797,-0.07974683544303807,-0.02613480055020634,0.3768913342503437
2024-09-06,515050,bear,0.059016393442622994,-0.057986870897155374,-0.14243027888446214,-0.08695652173913038,-0.015575910667734229,-0.07219827586206906,0.016260162601626105,0.27874564459930307
2024-09-06,512000,bear,0.002564102564102555,0.0051679586563306845,-0.026282853566958697,-0.08899297423887587,-0.011382246578118779,-0.007653061224489832,-0.007712082262210762,0.33290488431876586
2024-09-06,515030,bear,0.010752688172043001,-0.00325027085590468,-0.14098972922502329,-0.1929824561403508,-0.015018580069824206,-0.018143009605122717,-0.011956521739130421,0.2369565217391303
2024-09-06,159875,bear,0.02749999999999997,-0.029925187032418976,-0.11990950226244346,-0.21095334685598377,-0.011795810232770425,-0.029925187032418976,-0.015424164524421635,0.19537275064267345
2024-09-06,512660,bear,0.03440094899169632,-0.06758304696449036,-0.09856035437430799,-0.08846584546472569,-0.013574407687418794,-0.06971428571428573,-0.011056511056510954,0.22850122850122867
2024-09-06,512690,bear,0.04753199268738573,-0.09861591695501726,-0.17952755905511808,-0.2546494992846924,-0.016535003224258465,-0.0939130434782608,-0.05950095969289837,0.18042226487523982
2024-09-06,159928,bear,0.03185595567867039,-0.08746736292428203,-0.15884476534296033,-0.19097222222222232,-0.012663941715555143,-0.08865710560625828,-0.045779685264663694,0.16452074391988547
2024-09-06,512010,bear,0.021671826625387025,-0.04531722054380671,-0.0893371757925071,-0.18346253229974163,-0.010543462936628526,-0.059523809523809534,-0.01898734177215189,0.1708860759493671
2024-09-06,159801,bear,0.05365853658536579,-0.07619047619047614,-0.10392609699769051,-0.11818181818181817,-0.014561255059298395,-0.08056872037914686,-0.02577319587628868,0.38144329896907214
2024-09-06,512890,bear,0.02093718843469583,-0.0315581854043393,-0.07183364839319473,-0.014056224899598457,-0.008541860994334908,-0.0629770992366413,-0.03665987780040736,0.1089613034623218
2024-09-06,510880,bear,0.01170568561872909,-0.030511811023621993,-0.08315234253800796,-0.039649008774780614,-0.00719340965467442,-0.05470249520153547,-0.0372250423011844,0.09340101522842637
2024-09-06,168204,bear,0.02757456387169388,-0.03139013452914796,-0.17360114777618374,-0.15294117647058825,-0.013702272593473947,-0.04635761589403975,-0.03472222222222221,0.10706018518518512
2024-09-06,512400,bear,0.04777415852334421,-0.04466230936819171,-0.13681102362204722,-0.12124248496993983,-0.011996720214512861,-0.06102783725910066,-0.015963511972634015,0.16077537058152802
2024-09-13,512480,bear,0.02488335925349927,-0.09130434782608687,-0.16622340425531912,-0.16843501326259946,-0.01525731290246569,-0.08998548621190128,0.02551834130781505,0.5789473684210527
2024-09-13,159995,bear,0.02316602316602323,-0.09318996415770608,-0.15100671140939603,-0.1529017857142857,-0.014378330578875715,-0.09535160905840279,0.021080368906455815,0.5678524374176548
2024-09-13,512760,bear,0.02613480055020634,-0.09230769230769242,-0.16312056737588654,-0.16410861865407322,-0.014780177712192179,-0.09230769230769242,0.024011299435028333,0.5593220338983054
2024-09-13,515050,bear,-0.016260162601626105,-0.05711206896551724,-0.14883268482490275,-0.10164271047227924,-0.015901878948378214,-0.056094929881337685,0.04685714285714293,0.34171428571428564
2024-09-13,512000,bear,0.007712082262210762,-0.00898587933247752,-0.021546261089987362,-0.11162255466052928,-0.010588788446860047,-0.01025641025641022,0.0751295336787563,0.4183937823834196
2024-09-13,515030,bear,0.011956521739130421,0.0,-0.11661807580174921,-0.2088772845953002,-0.01770044435289997,-0.037076271186440635,0.053905390539053855,0.3102310231023102
2024-09-13,159875,bear,0.015424164524421635,-0.03282828282828287,-0.09669811320754718,-0.21995926680244393,-0.012968986289915252,-0.04249999999999998,0.03394255874673635,0.27937336814621405
2024-09-13,512660,bear,0.011056511056510954,-0.05957943925233633,-0.08730158730158721,-0.125,-0.012962098729147494,-0.05627198124267285,0.019875776397515477,0.3180124223602483
2024-09-13,512690,bear,0.05950095969289837,-0.1250000000000001,-0.1914191419141914,-0.3117977528089887,-0.01737409626695417,-0.12028725314183131,0.08163265306122458,0.27755102040816326
2024-09-13,159928,bear,0.045779685264663694,-0.10828877005347592,-0.1620603015075377,-0.24632768361581914,-0.012702255924528538,-0.1010781671159029,0.06746626686656665,0.2413793103448274
2024-09-13,512010,bear,0.01898734177215189,-0.05775075987841949,-0.07185628742514971,-0.17553191489361708,-0.010292009643140698,-0.049079754601227044,0.022580645161290436,0.2290322580645161
2024-09-13,159801,bear,0.02577319587628868,-0.09352517985611508,-0.14864864864864868,-0.15056179775280898,-0.01425577690418862,-0.09569377990430616,0.021164021164021163,0.574074074074074
2024-09-13,512890,bear,0.03665987780040736,-0.08422071636011619,-0.09904761904761916,-0.05964214711729632,-0.008568057214118312,-0.09732824427480924,0.07293868921775903,0.1585623678646937
2024-09-13,510880,bear,0.0372250423011844,-0.08107235142118863,-0.11065958111909957,-0.07086871325930755,-0.00820095360498638,-0.08989123480486239,0.06818980667838304,0.1402460456942003
2024-09-13,168204,bear,0.03472222222222221,-0.07794361525704807,-0.18034398034398047,-0.17138599105812224,-0.014247527101414758,-0.0743618201997781,0.08872901678657086,0.14988009592326135
2024-09-13,512400,bear,0.015963511972634015,-0.06093579978237218,-0.13872255489021956,-0.16294859359844804,-0.011129712880490245,-0.07601713062098503,0.0811123986095017,0.2375434530706837
2024-09-20,512480,bear,0.027993779160186638,-0.07132243684992579,-0.1307371349095966,-0.12709497206703912,-0.014969076648867015,-0.08088235294117652,0.1552,0.5744
2024-09-20,159995,bear,0.030808729139923052,-0.08038976857490854,-0.12107101280558785,-0.12004662004662003,-0.014464045422841172,-0.08150851581508511,0.17086092715231782,0.5615894039735101
2024-09-20,512760,bear,0.030303030303030276,-0.07853403141361259,-0.1297898640296664,-0.12763320941759615,-0.014652444291005312,-0.0845253576072823,0.16051136363636354,0.5582386363636365
2024-09-20,515050,bear,0.002309468822170868,-0.061889250814332275,-0.14200595829195628,-0.07395498392282962,-0.01576498054978947,-0.05573770491803287,0.1469907407407407,0.3402777777777777
2024-09-20,512000,bear,-0.012953367875647714,0.01822916666666674,0.006435006435006496,-0.05896510228640184,-0.010205822882723373,-0.0012771392081737387,0.2710997442455243,0.40281329923273645
2024-09-20,515030,bear,0.03601694915254228,0.004415011037527616,-0.1095890410958904,-0.1903914590747331,-0.017467663034508422,-0.03601694915254228,0.19560439560439558,0.354945054945055
2024-09-20,159875,bear,0.02813299232736577,-0.023136246786632397,-0.09090909090909083,-0.20668058455114824,-0.012713210544248794,-0.050000000000000044,0.18947368421052624,0.37631578947368416
2024-09-20,512660,bear,0.030637254901960675,-0.05155875299760182,-0.08554913294797684,-0.10520361990950222,-0.013126375778929722,-0.06168446026097263,0.1491782553729457,0.35398230088495564
2024-09-20,512690,bear,0.025390625,-0.08608058608058611,-0.18196721311475406,-0.28714285714285714,-0.01878840748211026,-0.08775137111517373,0.29258517034068143,0.25651302605210424
2024-09-20,159928,bear,0.02898550724637672,-0.07330567081604422,-0.1561712846347607,-0.23076923076923073,-0.01393405661283174,-0.07202216066481981,0.26716417910447743,0.23880597014925353
2024-09-20,512010,bear,0.022222222222222254,-0.03749999999999998,-0.07784431137724557,-0.1607629427792916,-0.010606996138943784,-0.04643962848297223,0.1785714285714286,0.2402597402597404
2024-09-20,159801,bear,0.028423772609819098,-0.0806845965770171,-0.12149532710280375,-0.11943793911007028,-0.014289242452264855,-0.08292682926829265,0.16755319148936176,0.5664893617021276
2024-09-20,512890,bear,-0.016949152542372836,-0.06614785992217909,-0.08309455587392545,-0.043824701195219196,-0.009714229655331759,-0.07425265188042429,0.10625000000000018,0.1322916666666667
2024-09-20,510880,bear,-0.01090397467463955,-0.06017004578155649,-0.0956576463184392,-0.0610911466840901,-0.008700818735056088,-0.0610911466840901,0.10577592205984687,0.12178148921363952
2024-09-20,168204,bear,-0.029055690072639306,-0.024110218140068862,-0.14486921529175056,-0.14054600606673406,-0.01395367696235579,-0.05555555555555558,0.13411764705882345,0.12470588235294122
2024-09-20,512400,bear,-0.035755478662053086,-0.037513397642015,-0.09384460141271445,-0.11000991080277489,-0.013380193511450957,-0.03336921420882677,0.1391982182628062,0.17928730512249436
2024-09-27,512480,bull_high_vol,-0.1552,0.11419753086419737,0.027027027027026973,0.027027027027026973,-0.025086819775427763,0.0,0.21052631578947367,0.30609418282548484
2024-09-27,159995,bull_high_vol,-0.17086092715231782,0.12325285895806859,0.05238095238095242,0.04988123515439424,-0.027207742946395407,0.0,0.1945701357466063,0.2929864253393666
2024-09-27,512760,bull_high_vol,-0.16051136363636354,0.11459754433833558,0.02896725440806036,0.03156565656565635,-0.02592267076852338,0.0,0.2068543451652387,0.2937576499388006
2024-09-27,515050,bull_high_vol,-0.1469907407407407,0.1223103057757644,-0.007014028056112176,0.06788793103448265,-0.02287820655347936,0.0,0.10292633703329979,0.12008072653884971
2024-09-27,512000,bull_high_vol,-0.2710997442455243,0.31307793923381766,0.32533333333333325,0.20193470374848865,-0.03034180705605745,0.0,0.07545271629778671,0.10865191146881292
2024-09-27,515030,bull_high_vol,-0.19560439560439558,0.21836506159014557,0.10907237512742118,-0.06368330464715999,-0.028152204583490433,0.0,0.06066176470588225,0.09374999999999978
2024-09-27,159875,bull_high_vol,-0.18947368421052624,0.17098445595854916,0.12158808933002474,-0.0775510204081632,-0.026931972854496646,0.0,0.03982300884955747,0.11725663716814161
2024-09-27,512660,bull_high_vol,-0.1491782553729457,0.10989010989010994,0.0606767794632439,0.011123470522803158,-0.020385952400627322,0.0,0.06490649064906484,0.16171617161716179
2024-09-27,512690,bull_high_vol,-0.29258517034068143,0.2475822050290135,0.09322033898305104,-0.08640226628895176,-0.03844396982935761,0.0,-0.02170542635658912,-0.03410852713178303
2024-09-27,159928,bull_high_vol,-0.26716417910447743,0.21982758620689657,0.08706786171574898,-0.03082191780821919,-0.03487878879489206,0.0,-0.01531213191990577,-0.0223792697290931
2024-09-27,512010,bull_high_vol,-0.1785714285714286,0.1560509554140126,0.1273291925465838,0.0,-0.02450741272696768,0.0,0.0440771349862259,0.02203856749311295
2024-09-27,159801,bull_high_vol,-0.16755319148936176,0.11989795918367352,0.047732696897374804,0.047732696897374804,-0.026419064813462366,0.0,0.202733485193622,0.29840546697038706
2024-09-27,512890,bull_high_vol,-0.10625000000000018,0.030067895247332777,-0.005617977528089901,0.03812316715542541,-0.015939274174450575,0.0,0.01883239171374762,0.013182674199623268
2024-09-27,510880,bull_high_vol,-0.10577592205984687,0.04642739545604213,-0.021852877808556492,0.029145077720207135,-0.01592551286614622,-0.0034493571652556287,0.015103838892385202,-0.0009439899307741584
2024-09-27,168204,bull_high_vol,-0.13411764705882345,0.07289927657206463,-0.04743083003952575,-0.02429149797570851,-0.018522915102395895,0.0,0.05497925311203322,-0.024896265560165998
2024-09-27,512400,bull_high_vol,-0.1391982182628062,0.12665198237885456,0.02505010020040066,-0.051020408163265474,-0.02014055227670683,0.0,0.0,0.050830889540566915
2024-10-11,512480,bull_high_vol,-0.21052631578947367,0.33639143730886856,0.22067039106145248,0.3162650602409638,-0.04593021824406207,-0.08958333333333335,0.10526315789473673,0.208237986270023
2024-10-11,159995,bull_high_vol,-0.1945701357466063,0.3367088607594937,0.22222222222222232,0.31670822942643384,-0.048288006560683314,-0.1020408163265305,0.09564393939393945,0.2064393939393938
2024-10-11,512760,bull_high_vol,-0.2068543451652387,0.33243243243243237,0.2142857142857142,0.3164218958611482,-0.04714904835001332,-0.09375000000000011,0.09330628803245444,0.20081135902636915
2024-10-11,515050,bull_high_vol,-0.10292633703329979,0.24629418472063858,0.029190207156308823,0.24063564131668547,-0.03926105572953945,-0.0884070058381986,0.05306495882891138,0.0759377859103385
2024-10-11,512000,bull_high_vol,-0.07545271629778671,0.3955613577023498,0.4583901773533423,0.3514538558786344,-0.04672981172031819,-0.11064891846921798,0.042095416276894504,0.18241347053320878
2024-10-11,515030,bull_high_vol,-0.06066176470588225,0.235546038543897,0.19709543568464727,0.006102877070618851,-0.046393196329185676,-0.12376613515565682,0.012131715771230622,0.12651646447140386
2024-10-11,159875,bull_high_vol,-0.03982300884955747,0.1898734177215189,0.2020460358056264,-0.018789144050104456,-0.04842184081675601,-0.1407678244972579,-0.0021276595744680327,0.12127659574468086
2024-10-11,512660,bull_high_vol,-0.06490649064906484,0.17761557177615583,0.1442080378250592,0.13748531139835496,-0.042994689129214884,-0.1200000000000001,0.06714876033057848,0.22417355371900838
2024-10-11,512690,bull_high_vol,0.02170542635658912,0.19507575757575757,0.11681415929203554,-0.05680119581464882,-0.05047486891488414,-0.13204951856946356,-0.023771790808240878,0.07448494453248822
2024-10-11,159928,bull_high_vol,0.01531213191990577,0.18918918918918926,0.1029023746701847,-0.0035756853396901045,-0.04830294887036772,-0.1049250535331907,-0.028708133971291794,0.05980861244019153
2024-10-11,512010,bull_high_vol,-0.0440771349862259,0.18808777429467094,0.18808777429467094,0.07365439093484416,-0.046870773029506964,-0.13667425968109337,-0.0079155672823219,0.0395778364116095
2024-10-11,159801,bull_high_vol,-0.202733485193622,0.3435114503816794,0.22790697674418614,0.32000000000000006,-0.047395010633128544,-0.09589041095890405,0.08901515151515138,0.20265151515151514
2024-10-11,512890,bull_high_vol,-0.01883239171374762,0.08962739174219547,0.03639846743295028,0.03739213806327912,-0.030119609717636525,-0.05253940455341488,0.01848428835489835,0.015711645101663452
2024-10-11,510880,bull_high_vol,-0.015103838892385202,0.08364124958011421,0.018629617934954323,0.01734468621885843,-0.030230628792889725,-0.052291421856639264,0.008059516429014257,0.0
2024-10-11,168204,bull_high_vol,-0.05497925311203322,0.15897435897435885,0.060479666319082304,-0.027259684361549685,-0.03598749908896301,-0.02211538461538476,-0.05998033431661742,-0.056047197640117896
2024-10-11,512400,bull_high_vol,-0.0,0.15986394557823114,0.01086956521739113,-0.08579088471849872,-0.037520870700958615,-0.10498687664042006,0.01270772238514195,0.07917888563049869
2024-10-18,512480,bull_high_vol,-0.10526315789473673,0.5023328149300155,0.2983870967741935,0.431111111111111,-0.04974556822835797,0.0,0.01863354037267073,0.04347826086956519
2024-10-18,159995,bull_high_vol,-0.09564393939393945,0.48523748395378696,0.2812846068660022,0.41442542787286074,-0.05209648192819538,-0.016156462585033893,0.019014693171996555,0.05531547104580814
2024-10-18,512760,bull_high_vol,-0.09330628803245444,0.4848484848484851,0.27272727272727293,0.4091503267973857,-0.05098525249517,-0.009191176470588203,0.017625231910946004,0.04823747680890511
2024-10-18,515050,bull_high_vol,-0.05306495882891138,0.3290993071593533,0.11207729468599048,0.27041942604856506,-0.04226288280524412,-0.04003336113427858,0.006081668114682692,-0.013900955690703709
2024-10-18,512000,bull_high_vol,-0.042095416276894504,0.4430051813471503,0.47941567065073043,0.39598997493734345,-0.04952815309694403,-0.07321131447587348,-0.01526032315978465,0.04129263913824044
2024-10-18,515030,bull_high_vol,-0.012131715771230622,0.23728813559322037,0.18458417849898567,0.0409982174688055,-0.04814473291895037,-0.11313591495823849,0.055650684931507044,0.08561643835616439
2024-10-18,159875,bull_high_vol,0.0021276595744680327,0.19948849104859323,0.14950980392156854,0.006437768240343145,-0.05017087116872481,-0.1425959780621573,0.11513859275053306,0.09381663113006411
2024-10-18,512660,bull_high_vol,-0.06714876033057848,0.26593137254901955,0.20396270396270388,0.1928406466512702,-0.04387636944196922,-0.060909090909091024,0.03678606001936102,0.04937076476282698
2024-10-18,512690,bull_high_vol,0.023771790808240878,0.203125,0.028380634390651194,-0.08059701492537319,-0.05123809205298898,-0.1526822558459422,0.017857142857142794,0.05844155844155852
2024-10-18,159928,bull_high_vol,0.028708133971291794,0.17681159420289871,0.021383647798742134,-0.04470588235294104,-0.04916628994565013,-0.13062098501070663,0.02216748768472887,0.04433497536945796
2024-10-18,512010,bull_high_vol,0.0079155672823219,0.19365079365079363,0.12238805970149258,0.07428571428571429,-0.0482180904620223,-0.14350797266514803,0.015957446808510634,0.010638297872340496
2024-10-18,159801,bull_high_vol,-0.08901515151515138,0.48578811369509034,0.2834821428571428,0.41277641277641286,-0.051369994100311574,-0.015410958904109595,0.024347826086956514,0.05913043478260871
2024-10-18,512890,bull_high_vol,-0.01848428835489835,0.1673728813559323,0.05253104106972328,0.01848428835489835,-0.030111483119496404,-0.035026269702276513,-0.013611615245009201,-0.023593466424682408
2024-10-18,510880,bull_high_vol,-0.008059516429014257,0.14386211748153355,0.02619122751656655,-0.01034692635423018,-0.03046152313847391,-0.044653349001175124,-0.008610086100860892,-0.025215252152521517
2024-10-18,168204,bull_high_vol,0.05998033431661742,0.15738498789346256,0.030172413793103425,-0.10192578675434483,-0.03689445417095184,-0.08076923076923082,0.0,-0.029288702928870203
2024-10-18,512400,bull_high_vol,-0.01270772238514195,0.19492502883506346,0.015686274509803866,-0.07334525939177106,-0.03894258767462584,-0.09361329833770782,0.022200772200772212,0.009652509652509744
2024-10-25,512480,bull_high_vol,-0.01863354037267073,0.5744,0.3628808864265929,0.46646795827123677,-0.049597557965131794,-0.022840119165839057,-0.04166666666666674,-0.005081300813008172
2024-10-25,159995,bull_high_vol,-0.019014693171996555,0.5615894039735101,0.341296928327645,0.4700748129675809,-0.05183619227699037,-0.024006622516556275,-0.03053435114503822,0.0008481764206953457
2024-10-25,512760,bull_high_vol,-0.017625231910946004,0.5582386363636365,0.33780487804878057,0.4568393094289509,-0.05054170933457676,-0.022281639928698915,-0.03646308113035557,-0.0027347310847766204
2024-10-25,515050,bull_high_vol,-0.006081668114682692,0.3402777777777777,0.19013360739979435,0.2938547486033518,-0.042428541663155274,-0.034195162635529686,-0.04145077720207235,-0.06649395509499134
2024-10-25,512000,bull_high_vol,0.01526032315978465,0.40281329923273645,0.47248322147651,0.38510101010100994,-0.05048003830846368,-0.0873544093178037,0.004557885141294626,0.025524156791248975
2024-10-25,515030,bull_high_vol,-0.055650684931507044,0.354945054945055,0.3103081827842722,0.15666041275797382,-0.04760621707049138,-0.06378132118451019,-0.03487429034874301,0.03244120032441189
2024-10-25,159875,bull_high_vol,-0.11513859275053306,0.37631578947368416,0.29776674937965253,0.1805869074492099,-0.05140629272264425,-0.04387568555758692,-0.03441682600382412,-0.0325047801147228
2024-10-25,512660,bull_high_vol,-0.03678606001936102,0.35398230088495564,0.22680412371134007,0.21291053227633072,-0.04518668286399864,-0.026363636363636478,-0.014005602240896309,-0.015873015873015817
2024-10-25,512690,bull_high_vol,-0.017857142857142794,0.25651302605210424,0.11170212765957466,-0.07794117647058829,-0.0506985870730027,-0.13755158184319116,-0.006379585326953707,-0.011164274322169043
2024-10-25,159928,bull_high_vol,-0.02216748768472887,0.23880597014925353,0.0978835978835979,-0.03600464576074336,-0.04853326536795887,-0.11134903640256966,0.0,-0.02048192771084334
2024-10-25,512010,bull_high_vol,-0.015957446808510634,0.2402597402597404,0.16463414634146334,0.0883190883190883,-0.048015996130363406,-0.1298405466970387,-0.028795811518324665,-0.028795811518324665
2024-10-25,159801,bull_high_vol,-0.024347826086956514,0.5664893617021276,0.34782608695652173,0.47619047619047605,-0.05110834882974334,-0.019966722129783676,-0.032258064516129115,-0.00339558573853993
2024-10-25,512890,bull_high_vol,0.013611615245009201,0.1322916666666667,0.05636540330417894,0.033269961977186124,-0.030331984742594152,-0.0481611208406304,-0.010119595216191213,-0.01747930082796678
2024-10-25,510880,bull_high_vol,0.008610086100860892,0.12178148921363952,0.040335592126492514,0.009708737864077666,-0.03062600040187851,-0.05287896592244412,-0.015198511166253259,-0.025434243176178706
2024-10-25,168204,bull_high_vol,-0.0,0.12470588235294122,0.05344352617079884,-0.028455284552845517,-0.03690775474185899,-0.08076923076923082,-0.01673640167364021,-0.025104602510460206
2024-10-25,512400,bull_high_vol,-0.022200772200772212,0.17928730512249436,0.1314102564102564,0.0018921475875117721,-0.038898993620355864,-0.07349081364829402,0.01510859301227585,-0.01605288007554284
2024-11-01,512480,bull_high_vol,0.04166666666666674,0.30609418282548484,0.2623828647925033,0.3338048090523338,-0.04694586404910399,-0.06355511420059579,0.1198303287380702,0.06574761399787898
2024-11-01,159995,bull_high_vol,0.03053435114503822,0.2929864253393666,0.26438053097345127,0.35266272189349124,-0.047604831584257684,-0.053807947019867464,0.1146106736657917,0.0612423447069117
2024-11-01,512760,bull_high_vol,0.03646308113035557,0.2937576499388006,0.2523696682464456,0.32788944723618085,-0.046954527686578415,-0.05793226381461691,0.12015137180700086,0.06149479659413459
2024-11-01,515050,bull_high_vol,0.04145077720207235,0.12008072653884971,0.12348178137651833,0.15625000000000022,-0.03493324162426352,-0.07422852376980815,0.059459459459459296,-0.023423423423423406
2024-11-01,512000,bull_high_vol,-0.004557885141294626,0.10865191146881292,0.36724565756823835,0.31503579952267313,-0.03733613806142427,-0.08319467554076532,0.147005444646098,0.05444646098003614
2024-11-01,515030,bull_high_vol,0.03487429034874301,0.09374999999999978,0.2205128205128204,0.02941176470588247,-0.03764793588566202,-0.09643128321943817,0.09243697478991608,0.07058823529411762
2024-11-01,159875,bull_high_vol,0.03441682600382412,0.11725663716814161,0.2168674698795181,0.06765327695560264,-0.0430905731405106,-0.07678244972577708,0.0435643564356436,0.013861386138613874
2024-11-01,512660,bull_high_vol,0.014005602240896309,0.16171617161716179,0.14782608695652177,0.14409534127843981,-0.03915663380859084,-0.040000000000000036,0.12215909090909083,0.009469696969697017
2024-11-01,512690,bull_high_vol,0.006379585326953707,-0.03410852713178303,0.08916083916083917,-0.14305364511691887,-0.030617655213347396,-0.14305364511691887,0.08828250401284121,0.022471910112359605
2024-11-01,159928,bull_high_vol,-0.0,-0.0223792697290931,0.08072916666666652,-0.07675194660734153,-0.029147523899227278,-0.11134903640256966,0.06746987951807237,-0.002409638554216831
2024-11-01,512010,bull_high_vol,0.028795811518324665,0.02203856749311295,0.11077844311377238,-0.01591511936339529,-0.037436482878130346,-0.15489749430523914,0.06199460916442057,0.016172506738544534
2024-11-01,159801,bull_high_vol,0.032258064516129115,0.29840546697038706,0.26385809312638564,0.35391923990498797,-0.047034478355139436,-0.05158069883527461,0.11403508771929838,0.05964912280701751
2024-11-01,512890,bull_high_vol,0.010119595216191213,0.013182674199623268,0.05078125,0.026717557251908497,-0.024401352276167475,-0.057793345008756436,0.021375464684014744,0.008364312267657992
2024-11-01,510880,bull_high_vol,0.015198511166253259,-0.0009439899307741584,0.026511477529906236,0.004746835443037778,-0.022947534007796328,-0.06727379553466517,0.016062992125984277,0.008188976377952795
2024-11-01,168204,bull_high_vol,0.01673640167364021,-0.024896265560165998,0.04969290898939138,-0.05905905905905906,-0.03149806844529654,-0.09615384615384626,0.02127659574468077,-0.029255319148936088
2024-11-01,512400,bull_high_vol,-0.01510859301227585,0.050830889540566915,0.1186264308012488,-0.009216589861751112,-0.03065668617304104,-0.05949256342957132,0.026976744186046675,-0.040930232558139545
2024-11-08,512480,bull_high_vol,-0.1198303287380702,0.208237986270023,0.523809523809524,0.5348837209302328,-0.03193108313874724,0.0,-0.045454545454545525,-0.04071969696969713
2024-11-08,159995,bull_high_vol,-0.1146106736657917,0.2064393939393938,0.5202863961813844,0.5386473429951693,-0.03158753630413689,0.0,-0.04160125588697017,-0.047095761381475754
2024-11-08,512760,bull_high_vol,-0.12015137180700086,0.20081135902636915,0.50828025477707,0.5198973042362001,-0.03136784359535212,0.0,-0.045608108108108114,-0.05067567567567555
2024-11-08,515050,bull_high_vol,-0.059459459459459296,0.0759377859103385,0.2951541850220263,0.257754010695187,-0.02335526397318952,0.0,-0.03486394557823125,-0.05527210884353739
2024-11-08,512000,bull_high_vol,-0.147005444646098,0.18241347053320878,0.6267696267696268,0.4940898345153666,-0.0353825992657604,-0.04097116843702586,-0.08227848101265833,-0.057753164556962
2024-11-08,515030,bull_high_vol,-0.09243697478991608,0.12651646447140386,0.39037433155080214,0.16383169203222914,-0.023701191752685456,-0.00535577658760511,-0.024615384615384595,-0.016153846153846296
2024-11-08,159875,bull_high_vol,-0.0435643564356436,0.12127659574468086,0.29484029484029506,0.12847965738758038,-0.02659682006542009,-0.003780718336483968,-0.026565464895635715,-0.034155597722960174
2024-11-08,512660,bull_high_vol,-0.12215909090909083,0.22417355371900838,0.29934210526315796,0.29225736095965105,-0.025566578848051413,0.0,-0.08523206751054846,-0.09029535864978899
2024-11-08,512690,bull_high_vol,-0.08828250401284121,0.07448494453248822,0.1873905429071805,-0.03693181818181801,-0.03126058980262738,-0.03966005665722372,-0.03834808259587019,-0.06194690265486735
2024-11-08,159928,bull_high_vol,-0.06746987951807237,0.05980861244019153,0.1673254281949934,-0.008948545861297563,-0.02247259816840006,-0.023153252480705655,-0.04288939051918739,-0.05981941309255079
2024-11-08,512010,bull_high_vol,-0.06199460916442057,0.0395778364116095,0.17261904761904767,0.0478723404255319,-0.0193945299248101,-0.007556675062972307,-0.035532994923857864,-0.030456852791878153
2024-11-08,159801,bull_high_vol,-0.11403508771929838,0.20265151515151514,0.5191387559808613,0.5412621359223302,-0.031604065622449024,0.0,-0.04094488188976386,-0.048818897637795344
2024-11-08,512890,bull_high_vol,-0.021375464684014744,0.015711645101663452,0.08596837944664038,0.029026217228464324,-0.010960162763394829,-0.013464991023339423,-0.020928116469517644,0.01455868971792551
2024-11-08,510880,bull_high_vol,-0.016062992125984277,0.0,0.05839895013123364,0.007180768029972029,-0.011431315045988072,-0.02596618357487923,-0.017358958462492247,0.023558586484810906
2024-11-08,168204,bull_high_vol,-0.02127659574468077,-0.056047197640117896,0.07262569832402233,-0.040959040959040904,-0.012403980340185673,-0.02389425521098132,-0.033333333333333215,-0.003645833333333237
2024-11-08,512400,bull_high_vol,-0.026976744186046675,0.07917888563049869,0.1973969631236443,0.0,-0.018189617972118613,-0.014285714285714346,-0.05253623188405798,-0.05434782608695654
2024-11-15,512480,bull_high_vol,0.045454545454545525,0.04347826086956519,0.4651162790697676,0.47153284671532836,-0.02859629761711055,-0.10080285459411242,-0.02876984126984128,-0.008928571428571397
2024-11-15,159995,bull_high_vol,0.04160125588697017,0.05531547104580814,0.4605263157894739,0.48179611650485454,-0.028179987051049,-0.09889298892988918,-0.03357903357903369,-0.029484029484029506
2024-11-15,512760,bull_high_vol,0.045608108108108114,0.04823747680890511,0.4524421593830332,0.4599483204134365,-0.028319680517562878,-0.10317460317460325,-0.03185840707964582,-0.0265486725663715
2024-11-15,515050,bull_high_vol,0.03486394557823125,-0.013900955690703709,0.2363834422657951,0.18599791013584133,-0.020770816406151492,-0.07119476268412439,-0.047577092511013275,-0.018502202643171706
2024-11-15,512000,bull_high_vol,0.08227848101265833,0.04129263913824044,0.4967741935483869,0.3975903614457832,-0.03248200920649013,-0.11987860394537186,-0.030172413793103425,0.004310344827586299
2024-11-15,515030,bull_high_vol,0.024615384615384595,0.08561643835616439,0.3995584988962473,0.14543812104787723,-0.02475690209364514,-0.07309941520467844,0.0039432176656151174,-0.014984227129337446
2024-11-15,159875,bull_high_vol,0.026565464895635715,0.09381663113006411,0.292191435768262,0.11279826464208242,-0.026263059717342233,-0.06727272727272737,-0.013645224171540016,-0.03508771929824561
2024-11-15,512660,bull_high_vol,0.08523206751054846,0.04937076476282698,0.25462962962962976,0.1859956236323852,-0.02788973775757932,-0.10928512736236651,-0.027675276752767597,-0.011992619926199377
2024-11-15,512690,bull_high_vol,0.03834808259587019,0.05844155844155852,0.16428571428571415,-0.09192200557103059,-0.02896663574532222,-0.0764872521246458,-0.049079754601227044,-0.0076687116564416735
2024-11-15,159928,bull_high_vol,0.04288939051918739,0.04433497536945796,0.13217623497997333,-0.06813186813186822,-0.019950952888208102,-0.06504961411245869,-0.041273584905660465,-0.002358490566037763
2024-11-15,512010,bull_high_vol,0.035532994923857864,0.010638297872340496,0.15853658536585358,0.041095890410958846,-0.016558806376619804,-0.054726368159204064,-0.023684210526315863,-0.015789473684210575
2024-11-15,159801,bull_high_vol,0.04094488188976386,0.05913043478260871,0.4639423076923077,0.4853658536585366,-0.02792921996642364,-0.09777777777777785,-0.03612479474548447,-0.03284072249589498
2024-11-15,512890,bull_high_vol,0.020928116469517644,-0.023593466424682408,0.05801376597836794,-0.011937557392102782,-0.008903316562372345,-0.03411131059245964,-0.0074349442379182396,0.026022304832713727
2024-11-15,510880,bull_high_vol,0.017358958462492247,-0.025215252152521517,0.03527106466361851,-0.03500761035007616,-0.009143130771214142,-0.027308990487879714,-0.00883280757097793,0.037223974763406886
2024-11-15,168204,bull_high_vol,0.033333333333333215,-0.029288702928870203,0.04622322435174753,-0.10812109562710226,-0.010233161825619643,-0.04477611940298509,0.004310344827586299,0.00969827586206895
2024-11-15,512400,bull_high_vol,0.05253623188405798,0.009652509652509744,0.1507150715071508,-0.05510388437217706,-0.016728050923209406,-0.06607142857142867,-0.003824091778202643,-0.008604206500956169
2024-11-22,512480,bull_high_vol,0.02876984126984128,-0.005081300813008172,0.4546805349182763,0.43338213762811106,-0.03143813444805226,-0.1266726137377342,0.026557711950970342,0.07456588355464766
2024-11-22,159995,bull_high_vol,0.03357903357903369,0.0008481764206953457,0.43727161997563946,0.44254278728606367,-0.031236218713705556,-0.12915129151291516,0.027966101694915313,0.061864406779660985
2024-11-22,512760,bull_high_vol,0.03185840707964582,-0.0027347310847766204,0.4319371727748691,0.42262678803641096,-0.031190440803423133,-0.13174603174603172,0.025594149908592323,0.060329067641681666
2024-11-22,515050,bull_high_vol,0.047577092511013275,-0.06649395509499134,0.17372421281216055,0.17499999999999982,-0.023681722868791943,-0.11538461538461542,0.0027752081406107187,0.08140610545790938
2024-11-22,512000,bull_high_vol,0.030172413793103425,0.025524156791248975,0.46484375,0.3975155279503104,-0.034947358223895886,-0.14643399089529596,0.032888888888888745,0.022222222222222143
2024-11-22,515030,bull_high_vol,-0.0039432176656151174,0.03244120032441189,0.4050772626931567,0.19083255378858754,-0.025982666476855255,-0.06944444444444453,0.0007855459544383603,-0.03770620581303996
2024-11-22,159875,bull_high_vol,0.013645224171540016,-0.0325047801147228,0.30077120822622105,0.10239651416121998,-0.02234245584363126,-0.08000000000000007,0.011857707509881354,-0.0513833992094862
2024-11-22,512660,bull_high_vol,0.027675276752767597,-0.015873015873015817,0.2637889688249402,0.19096045197740108,-0.027934045503894417,-0.1339359079704191,0.011385199240986799,0.005692599620493288
2024-11-22,512690,bull_high_vol,0.049079754601227044,-0.011164274322169043,0.1355311355311355,-0.09489051094890522,-0.028891146152728114,-0.12181303116147302,0.02741935483870961,0.00967741935483879
2024-11-22,159928,bull_high_vol,0.041273584905660465,-0.02048192771084334,0.12448132780082988,-0.07191780821917815,-0.020070919028745953,-0.10363836824696815,0.01845018450184499,0.01599015990159902
2024-11-22,512010,bull_high_vol,0.023684210526315863,-0.028795811518324665,0.15937500000000004,0.04507042253521121,-0.018678280998624584,-0.07711442786069655,0.016172506738544534,-0.008086253369272267
2024-11-22,159801,bull_high_vol,0.03612479474548447,-0.00339558573853993,0.4352078239608801,0.44581280788177313,-0.030695431999770928,-0.13037037037037047,0.028960817717206266,0.06303236797274292
2024-11-22,512890,bull_high_vol,0.0074349442379182396,-0.01747930082796678,0.03891050583657596,-0.020183486238532167,-0.011509106842284672,-0.04129263913824066,0.015917602996254665,0.030898876404494402
2024-11-22,510880,bull_high_vol,0.00883280757097793,-0.025434243176178706,0.02746893394375416,-0.04382227632379798,-0.011005557036364228,-0.03590058300092047,0.01877784850413744,0.038828771483131685
2024-11-22,168204,bull_high_vol,-0.004310344827586299,-0.025104602510460206,0.07003444316877161,-0.11909262759924388,-0.013875466802897042,-0.04065877509006688,-0.020922746781115942,-0.01770386266094426
2024-11-22,512400,bull_high_vol,0.003824091778202643,-0.01605288007554284,0.11682743837084675,-0.030697674418604604,-0.019554501420257085,-0.06964285714285723,-0.010556621880998152,-0.041266794625719805
2024-11-29,512480,bull_high_vol,-0.026557711950970342,0.06574761399787898,0.5509259259259258,0.42958748221906107,-0.030054703389075656,-0.1034790365744872,0.007960199004975133,0.05074626865671661
2024-11-29,159995,bull_high_vol,-0.027966101694915313,0.0612423447069117,0.5412960609911055,0.4406175771971499,-0.030839467659687037,-0.10479704797047962,0.0008244023083263663,0.047815333882934796
2024-11-29,512760,bull_high_vol,-0.025594149908592323,0.06149479659413459,0.5306957708049116,0.4130982367758187,-0.03046763590616721,-0.10952380952380947,0.0017825311942958333,0.041889483065953526
2024-11-29,515050,bull_high_vol,-0.0027752081406107187,-0.023423423423423406,0.2276330690826729,0.14225500526870394,-0.02438703195288612,-0.11292962356792136,0.024907749077490715,0.0977859778597785
2024-11-29,512000,bull_high_vol,-0.032888888888888745,0.05444646098003614,0.535006605019815,0.4506866416978774,-0.03434335818565218,-0.11836115326251906,0.02495697074010339,-0.002581755593803692
2024-11-29,515030,bull_high_vol,-0.0007855459544383603,0.07058823529411762,0.42665173572228454,0.1518987341772151,-0.026646608974953287,-0.06871345029239773,0.003924646781789498,-0.04552590266875989
2024-11-29,159875,bull_high_vol,-0.011857707509881354,0.013861386138613874,0.3264248704663213,0.09871244635193133,-0.02209108814015334,-0.06909090909090909,-0.005859375,-0.06835937500000011
2024-11-29,512660,bull_high_vol,-0.011385199240986799,0.009469696969697017,0.30158730158730185,0.17142857142857149,-0.02810143606739182,-0.12407559572719806,0.011257035647279645,0.0037523452157599557
2024-11-29,512690,bull_high_vol,-0.02741935483870961,0.022471910112359605,0.23210831721470027,-0.061855670103092786,-0.028325954076546693,-0.09773371104815853,-0.0015698587127158659,-0.023547880690737877
2024-11-29,159928,bull_high_vol,-0.01845018450184499,-0.002409638554216831,0.18965517241379315,-0.052631578947368474,-0.019752111888293,-0.08710033076074974,0.006038647342995196,-0.0024154589371980784
2024-11-29,512010,bull_high_vol,-0.016172506738544534,0.016172506738544534,0.2006369426751593,0.05602240896358546,-0.01852808506008429,-0.062189054726368265,0.013262599469495928,-0.02917771883289122
2024-11-29,159801,bull_high_vol,-0.028960817717206266,0.05964912280701751,0.5408163265306121,0.44152744630071594,-0.03065207666415531,-0.10518518518518527,0.0,0.04801324503311255
2024-11-29,512890,bull_high_vol,-0.015917602996254665,0.008364312267657992,0.05237633365664407,0.008364312267657992,-0.010695710873208359,-0.026032315978456122,0.02764976958525356,0.035023041474654404
2024-11-29,510880,bull_high_vol,-0.01877784850413744,0.008188976377952795,0.05400065854461644,-0.01658986175115207,-0.01029230862197955,-0.017796870205584514,0.03155263980006251,0.03561387066541699
2024-11-29,168204,bull_high_vol,0.020922746781115942,-0.029255319148936088,0.015581524763494725,-0.12048192771084343,-0.012379336525588482,-0.053423236514522854,0.048219178082191894,-0.0010958904109589218
2024-11-29,512400,bull_high_vol,0.010556621880998152,-0.040930232558139545,0.13546255506607907,-0.023674242424242542,-0.01779143655745759,-0.07946428571428588,0.012609117361784827,-0.036857419980601325
2024-12-06,512480,bull_high_vol,-0.007960199004975133,-0.04071969696969713,0.5489296636085625,0.38957475994513024,-0.022251849295568296,-0.09634255129348801,-0.01382033563672247,-0.07699901283316868
2024-12-06,159995,bull_high_vol,-0.0008244023083263663,-0.047095761381475754,0.5367088607594936,0.4002306805074971,-0.02284367837119303,-0.10405904059040594,-0.023887973640856597,-0.06013179571663918
2024-12-06,512760,bull_high_vol,-0.0017825311942958333,-0.05067567567567555,0.5189189189189192,0.3707317073170733,-0.022474129563206692,-0.10793650793650789,-0.02135231316725983,-0.07206405693950191
2024-12-06,515050,bull_high_vol,-0.024907749077490715,-0.05527210884353739,0.266818700114025,0.16335078534031422,-0.022019480552745257,-0.0908346972176759,0.0027002700270029045,-0.036903690369036846
2024-12-06,512000,bull_high_vol,-0.02495697074010339,-0.057753164556962,0.5548302872062663,0.5230179028132993,-0.020397395179605645,-0.0570071258907362,-0.02183039462636438,-0.13685978169605373
2024-12-06,515030,bull_high_vol,-0.003924646781789498,-0.016153846153846296,0.36937901498929326,0.19981238273921176,-0.022519217064148514,-0.06505847953216393,-0.023455824863174213,-0.10946051602814688
2024-12-06,159875,bull_high_vol,0.005859375,-0.034155597722960174,0.28860759493670884,0.14639639639639634,-0.019478334533246582,-0.07454545454545458,-0.027504911591355596,-0.12180746561886047
2024-12-06,512660,bull_high_vol,-0.011257035647279645,-0.09029535864978899,0.3114355231143553,0.18461538461538463,-0.020946736458382357,-0.11421528348397703,-0.006493506493506551,-0.114100185528757
2024-12-06,512690,bull_high_vol,0.0015698587127158659,-0.06194690265486735,0.20454545454545459,-0.007800312012480548,-0.012121876965068508,-0.05637982195845703,0.01729559748427678,-0.09591194968553463
2024-12-06,159928,bull_high_vol,-0.006038647342995196,-0.05981941309255079,0.18492176386913228,-0.004778972520907976,-0.011470123001745311,-0.05233219567690561,0.015606242496998712,-0.06242496998799507
2024-12-06,512010,bull_high_vol,-0.013262599469495928,-0.030456852791878153,0.19749216300940442,0.07909604519774027,-0.0164979679627076,-0.04975124378109452,-0.020942408376963373,-0.08638743455497389
2024-12-06,159801,bull_high_vol,-0.0,-0.048818897637795344,0.5368956743002544,0.4013921113689094,-0.022609408201827677,-0.10518518518518527,-0.024834437086092787,-0.05794701986754969
2024-12-06,512890,bull_high_vol,-0.02764976958525356,0.01455868971792551,0.12286002014098685,0.045966228893058014,-0.009489089746126066,0.0,-0.009865470852017832,-0.02511210762331839
2024-12-06,510880,bull_high_vol,-0.03155263980006251,0.023558586484810906,0.10917030567685604,0.017252002464571703,-0.00868115378925487,0.0,-0.004239854633555473,-0.016353725015142317
2024-12-06,168204,bull_high_vol,-0.048219178082191894,-0.003645833333333237,0.09002849002849,-0.09164292497625826,-0.013073791702645885,-0.0031266284523189247,-0.020386826973340266,-0.07945635128071105
2024-12-06,512400,bull_high_vol,-0.012609117361784827,-0.05434782608695654,0.18367346938775508,0.013592233009708687,-0.01599055243420501,-0.05691056910569103,-0.006704980842911934,-0.06034482758620696
2024-12-13,512480,bull_high_vol,0.01382033563672247,-0.008928571428571397,0.5536547433903576,0.33377837116154874,-0.01748293876722478,-0.022504892367906093,0.05305305305305308,-0.028028028028028062
2024-12-13,159995,bull_high_vol,0.023887973640856597,-0.029484029484029506,0.521181001283697,0.32996632996633,-0.018682324258146064,-0.04048582995951422,0.057383966244725526,0.0008438818565399409
2024-12-13,512760,bull_high_vol,0.02135231316725983,-0.0265486725663715,0.5151515151515154,0.3079667063020215,-0.018103686946025065,-0.03762029746281703,0.05454545454545445,-0.016363636363636358
2024-12-13,515050,bull_high_vol,-0.0027002700270029045,-0.018502202643171706,0.28637413394919187,0.07321772639691715,-0.0177148917877993,-0.015901060070671158,0.04937163375224407,-0.04129263913824066
2024-12-13,512000,bull_high_vol,0.02183039462636438,0.004310344827586299,0.5090673575129534,0.46540880503144644,-0.0189514568332439,-0.030782029950083167,-0.012875536480686844,-0.1330472103004292
2024-12-13,515030,bull_high_vol,0.023455824863174213,-0.014984227129337446,0.32309322033898313,0.17276995305164333,-0.019946750066963465,-0.05378787878787872,-0.019215372297838318,-0.0800640512409928
2024-12-13,159875,bull_high_vol,0.027504911591355596,-0.03508771929824561,0.2659846547314577,0.13013698630136994,-0.016857766632175267,-0.05714285714285716,-0.030303030303030276,-0.12121212121212122
2024-12-13,512660,bull_high_vol,0.006493506493506551,-0.011992619926199377,0.3125,0.19265033407572374,-0.016672758747300696,-0.02547770700636942,-0.010270774976657182,-0.099906629318394
2024-12-13,512690,bull_high_vol,-0.01729559748427678,-0.0076687116564416735,0.263671875,0.038523274478330594,-0.015496833167922316,-0.03288490284005985,-0.03245749613601234,-0.11591962905718711
2024-12-13,159928,bull_high_vol,-0.015606242496998712,-0.002358490566037763,0.22608695652173916,0.04702970297029685,-0.014136903650874772,-0.02758620689655178,-0.023640661938534313,-0.08983451536643017
2024-12-13,512010,bull_high_vol,0.020942408376963373,-0.015789473684210575,0.1873015873015873,0.09677419354838701,-0.015472341705681722,-0.03359173126614989,-0.016042780748663166,-0.09625668449197855
2024-12-13,159801,bull_high_vol,0.024834437086092787,-0.03284072249589498,0.5219638242894056,0.32657657657657646,-0.018580676252628447,-0.04227642276422772,0.05942275042444822,0.00339558573853993
2024-12-13,512890,bull_high_vol,0.009865470852017832,0.026022304832713727,0.16949152542372903,0.05042816365366343,-0.00900356922901256,-0.016918967052537814,-0.0027173913043478937,-0.04166666666666674
2024-12-13,510880,bull_high_vol,0.004239854633555473,0.037223974763406886,0.15652479774885686,0.031367628607277265,-0.008052121918704507,-0.01112781954887232,-0.007299270072992692,-0.04987834549878334
2024-12-13,168204,bull_high_vol,0.020386826973340266,0.00969827586206895,0.1343825665859566,-0.07684729064039397,-0.011418437761708445,-0.02344971339239188,-0.02294557097118466,-0.09231590181430094
2024-12-13,512400,bull_high_vol,0.006704980842911934,-0.008604206500956169,0.196078431372549,0.02268244575936884,-0.014525495020046918,-0.03084112149532725,-0.03664416586306651,-0.026036644165862932
2024-12-20,512480,bull_high_vol,-0.05305305305305308,0.07456588355464766,0.6832,0.463143254520167,-0.01641974140340666,0.0,0.0038022813688212143,-0.03992395437262364
2024-12-20,159995,bull_high_vol,-0.057383966244725526,0.061864406779660985,0.6596026490066225,0.4586728754365541,-0.016427471163112564,0.0,0.014365522745410919,-0.027134876296887267
2024-12-20,512760,bull_high_vol,-0.05454545454545445,0.060329067641681666,0.6477272727272727,0.43386897404202696,-0.016509912460122046,0.0,0.007758620689655382,-0.03620689655172393
2024-12-20,515050,bull_high_vol,-0.04937163375224407,0.08140610545790938,0.3530092592592593,0.16087388282025827,-0.015751472667564062,0.0,0.017964071856287456,-0.015397775876817787
2024-12-20,512000,bull_high_vol,0.012875536480686844,0.022222222222222143,0.47058823529411753,0.4800514800514799,-0.014524670373886456,-0.043261231281198076,0.007826086956521872,-0.08608695652173914
2024-12-20,515030,bull_high_vol,0.019215372297838318,-0.03770620581303996,0.34615384615384626,0.1986301369863015,-0.014591103844057202,-0.05332302936630595,-0.007346938775510292,-0.013061224489795964
2024-12-20,159875,bull_high_vol,0.030303030303030276,-0.0513833992094862,0.26315789473684204,0.14832535885167464,-0.011998020105224523,-0.06976744186046513,-0.006249999999999978,-0.04999999999999993
2024-12-20,512660,bull_high_vol,0.010270774976657182,0.005692599620493288,0.34007585335018975,0.22543352601156075,-0.014297610467174891,-0.03548680618744304,0.009433962264151052,-0.05471698113207557
2024-12-20,512690,bull_high_vol,0.03245749613601234,0.00967741935483879,0.25450901803607207,0.02622950819672143,-0.014402009147427347,-0.06427503736920781,-0.006389776357827448,-0.05591054313099042
2024-12-20,159928,bull_high_vol,0.023640661938534313,0.01599015990159902,0.23283582089552235,0.04030226700251882,-0.012362046355359669,-0.05057471264367819,0.0,-0.04963680387409197
2024-12-20,512010,bull_high_vol,0.016042780748663166,-0.008086253369272267,0.19480519480519476,0.10179640718562877,-0.01173540431829607,-0.04415584415584417,-0.005434782608695676,-0.057065217391304435
2024-12-20,159801,bull_high_vol,-0.05942275042444822,0.06303236797274292,0.6595744680851063,0.4579439252336448,-0.016556158012413745,0.0,0.014423076923076872,-0.02564102564102566
2024-12-20,512890,bull_high_vol,0.0027173913043478937,0.030898876404494402,0.1468750000000001,0.05157593123209181,-0.008410848773223243,-0.019590382902938575,0.019981834695731227,-0.014532243415077195
2024-12-20,510880,bull_high_vol,0.007299270072992692,0.038828771483131685,0.13569937369519813,0.02706104468218995,-0.006997825257719499,-0.020408163265306145,0.015625,-0.02420343137254899
2024-12-20,168204,bull_high_vol,0.02294557097118466,-0.01770386266094426,0.07705882352941185,-0.07897384305835009,-0.012502940735456738,-0.04535974973931178,-0.0043691971600218205,-0.05734571272528677
2024-12-20,512400,bull_high_vol,0.03664416586306651,-0.041266794625719805,0.11247216035634744,0.008072653884964698,-0.011046886837314775,-0.06373008434864103,-0.006006006006005982,0.02802802802802784
2024-12-27,512480,bull,-0.0038022813688212143,0.05074626865671661,0.4626038781163435,0.5021337126600287,-0.016086491478336868,-0.011235955056179803,-0.11458333333333337,-0.0625
2024-12-27,159995,bull,-0.014365522745410919,0.047815333882934796,0.43778280542986403,0.513095238095238,-0.014844054332272292,-0.0078064012490242085,-0.10228166797797,-0.07081038552320995
2024-12-27,512760,bull,-0.007758620689655382,0.041889483065953526,0.4308445532435743,0.4722921914357683,-0.01552178911923718,-0.010160880609652811,-0.10778443113772462,-0.06928999144568004
2024-12-27,515050,bull,-0.017964071856287456,0.0977859778597785,0.20080726538849647,0.19238476953907813,-0.017269583556493242,-0.017341040462427904,-0.10084033613445365,-0.03277310924369736
2024-12-27,512000,bull,-0.007826086956521872,-0.002581755593803692,0.16599597585513082,0.5453333333333334,-0.012262871895305437,-0.035773710482529086,-0.11302847282139772,-0.10440034512510787
2024-12-27,515030,bull,0.007346938775510292,-0.04552590266875989,0.11764705882352922,0.23955147808358812,-0.01082386614004966,-0.0602782071097373,-0.06332236842105254,-0.024671052631578982
2024-12-27,159875,bull,0.006249999999999978,-0.06835937500000011,0.055309734513274256,0.18362282878411906,-0.009247583157662023,-0.07558139534883723,-0.06289308176100628,-0.0691823899371069
2024-12-27,512660,bull,-0.009433962264151052,0.0037523452157599557,0.17711771177117708,0.24854142357059517,-0.012882795874509186,-0.02638762511373971,-0.10747663551401876,-0.0841121495327104
2024-12-27,512690,bull,0.006389776357827448,-0.023547880690737877,-0.03565891472868221,0.05423728813559325,-0.013368365441600185,-0.07025411061285503,-0.07556270096463025,-0.0836012861736335
2024-12-27,159928,bull,-0.0,-0.0024154589371980784,-0.027090694935217874,0.05761843790012788,-0.0112846206351143,-0.05057471264367819,-0.05447941888619845,-0.06416464891041151
2024-12-27,512010,bull,0.005434782608695676,-0.02917771883289122,0.008264462809917328,0.1366459627329193,-0.010561581982150568,-0.04935064935064937,-0.04644808743169404,-0.05464480874316946
2024-12-27,159801,bull,-0.014423076923076872,0.04801324503311255,0.4419134396355353,0.5107398568019095,-0.014454307987884819,-0.006279434850863463,-0.10110584518167465,-0.06951026856240128
2024-12-27,512890,bull,-0.019981834695731227,0.035023041474654404,0.057438794726930364,0.05149812734082393,-0.008379857771550243,0.0,-0.032056990204808566,-0.02315227070347281
2024-12-27,510880,bull,-0.015625,0.03561387066541699,0.04310887350534931,0.02031394275161591,-0.00712055825748053,-0.005102040816326481,-0.020211161387631904,-0.06334841628959276
2024-12-27,168204,bull,0.0043691971600218205,-0.0010958904109589218,-0.0544605809128631,-0.09930830039525695,-0.01203773281188918,-0.04953076120959332,-0.034009873834339066,-0.06417992320351074
2024-12-27,512400,bull,0.006006006006005982,-0.036857419980601325,-0.029325513196480912,-0.00501002004008011,-0.00943578921813219,-0.06935332708528585,-0.012084592145015116,0.027190332326284095
2025-01-03,512480,range_high_vol,0.1179775280898877,-0.05988023952095811,0.01837837837837819,0.3119777158774373,-0.022103325966521415,-0.1179775280898877,0.035031847133758065,0.14012738853503204
2025-01-03,159995,range_high_vol,0.10460577673692417,-0.043369474562135135,0.01504424778761071,0.32601156069364157,-0.02048763658554091,-0.10460577673692417,0.04184829991281602,0.12292938099389716
2025-01-03,512760,range_high_vol,0.10922946655376797,-0.05310531053105305,0.0009514747859182826,0.29397293972939753,-0.020902457636736708,-0.10922946655376797,0.033269961977186124,0.12927756653992395
2025-01-03,515050,range_high_vol,0.11147811725846413,-0.01645338208409508,-0.05531167690956973,0.028680688336520044,-0.02109720372829979,-0.11147811725846413,-0.0009293680297398632,0.11710037174721188
2025-01-03,512000,range_high_vol,0.10599478714161603,-0.12350936967632031,-0.036516853932584414,0.4057377049180326,-0.01940480858383732,-0.14392678868552422,-0.02137998056365409,0.04956268221574356
2025-01-03,515030,range_high_vol,0.06984387838948247,-0.09944311853619725,-0.07440719542109586,0.18039624608967664,-0.012772042076622348,-0.1149335418295544,0.007067137809187329,0.12102473498233213
2025-01-03,159875,range_high_vol,0.06694560669456062,-0.11332007952286283,-0.10080645161290325,0.1406649616368285,-0.01019235372921913,-0.12377210216110024,-0.029147982062780242,0.03587443946188351
2025-01-03,512660,range_high_vol,0.08262108262108259,-0.09550561797752821,-0.05386875612144948,0.14049586776859502,-0.017262963624700464,-0.12101910828025475,0.0010351966873705098,0.07556935817805388
2025-01-03,512690,range_high_vol,0.046698872785829404,-0.060317460317460325,-0.09202453987730064,0.04593639575971742,-0.014328523514612617,-0.11509715994020941,-0.042229729729729715,-0.03378378378378377
2025-01-03,159928,range_high_vol,0.03888213851761835,-0.041212121212121144,-0.07916181606519201,0.04629629629629628,-0.01207308527267038,-0.09080459770114935,-0.029077117572692823,-0.026548672566371723
2025-01-03,512010,range_high_vol,0.05177111716621263,-0.06702412868632712,-0.13000000000000012,0.09090909090909083,-0.01021599016969489,-0.09610389610389614,-0.0344827586206895,0.02586206896551735
2025-01-03,159801,range_high_vol,0.10204081632653073,-0.041876046901172526,0.014184397163120588,0.3271461716937354,-0.02016233821588254,-0.10204081632653073,0.04195804195804209,0.12062937062937085
2025-01-03,512890,range_high_vol,0.029490616621983823,-0.013623978201634745,-0.014519056261342977,0.019718309859155125,-0.00965031397498762,-0.039787798408488007,-0.014732965009208066,-0.006445672191528695
2025-01-03,510880,range_high_vol,0.020506634499396714,-0.003375268487265881,-0.006727828746177278,0.004639653572533264,-0.008762007099319447,-0.03390838786436645,-0.029864532019704515,-0.06188423645320196
2025-01-03,168204,range_high_vol,0.030203185063152116,-0.06511381683430384,-0.1334641805691854,-0.09482316760635578,-0.011395010827833072,-0.07924921793534923,-0.025481313703284214,-0.029445073612684003
2025-01-03,512400,range_high_vol,0.02605210420841686,-0.05996131528046422,-0.07074569789674956,-0.05355404089581295,-0.010672793031001063,-0.08903467666354259,0.015432098765432167,0.09053497942386834
2025-01-10,512480,range_high_vol,-0.035031847133758065,-0.03751233958538991,0.11047835990888388,0.29482071713147406,-0.02418163337904024,-0.0870786516853933,0.036923076923076836,0.10358974358974371
2025-01-10,159995,range_high_vol,-0.04184829991281602,-0.007475083056478371,0.13593155893536113,0.3074398249452954,-0.022473234922192182,-0.06713505074160797,0.02092050209205021,0.08535564853556465
2025-01-10,512760,range_high_vol,-0.033269961977186124,-0.026857654431513,0.10918367346938784,0.2713450292397661,-0.022996020889673712,-0.07959356477561397,0.028518859245630246,0.09751609935602579
2025-01-10,515050,range_high_vol,0.0009293680297398632,-0.05035335689045928,0.0009310986964616852,0.006554307116104718,-0.022631376132810736,-0.11230388109000833,0.053023255813953396,0.14790697674418607
2025-01-10,512000,range_high_vol,0.02137998056365409,-0.1622296173044926,-0.029865125240847945,0.34625668449197855,-0.01814451660779198,-0.1385799828913603,0.037735849056603765,0.07944389275074482
2025-01-10,515030,range_high_vol,-0.007067137809187329,-0.10798122065727711,0.032608695652173836,0.15384615384615374,-0.012971928273926426,-0.08726981585268234,0.04649122807017547,0.12368421052631584
2025-01-10,159875,range_high_vol,0.029147982062780242,-0.145956607495069,-0.033482142857142905,0.06127450980392157,-0.01037644442241773,-0.12525252525252528,0.04387990762124705,0.0646651270207852
2025-01-10,512660,range_high_vol,-0.0010351966873705098,-0.12010919017288446,-0.02618328298086614,0.11921296296296302,-0.01675716692122027,-0.09710550887021474,0.02585315408479838,0.05997931747673202
2025-01-10,512690,range_high_vol,0.042229729729729715,-0.1524663677130046,-0.04865771812080544,-0.03076923076923077,-0.011052435406775758,-0.1236476043276663,0.0335097001763669,0.042328042328042326
2025-01-10,159928,range_high_vol,0.029077117572692823,-0.11724137931034484,-0.026615969581749055,-0.015384615384615441,-0.007383337131875006,-0.0921985815602836,0.01953125,0.02604166666666674
2025-01-10,512010,range_high_vol,0.0344827586206895,-0.1272727272727272,-0.06666666666666654,0.02752293577981657,-0.00841542020776576,-0.10160427807486627,0.014880952380952328,0.08333333333333326
2025-01-10,159801,range_high_vol,-0.04195804195804209,-0.0033444816053511683,0.13957934990439758,0.31277533039647576,-0.022232722256240307,-0.06436420722135017,0.016778523489932917,0.08221476510067127
2025-01-10,512890,range_high_vol,0.014732965009208066,-0.04719501335707921,-0.02372262773722633,0.01614434947768295,-0.009574952512289252,-0.05393457117595046,0.013084112149532645,0.021495327102803552
2025-01-10,510880,range_high_vol,0.029864532019704515,-0.05233082706766934,-0.024760136180749015,-0.009742300439974927,-0.009032427685755885,-0.06276026174895899,0.014281180577594643,-0.030466518565534617
2025-01-10,168204,range_high_vol,0.025481313703284214,-0.10271115745568293,-0.08554729011689677,-0.08700265251989381,-0.010086547811283384,-0.09611344537815114,0.01104009296920383,-0.023823358512492843
2025-01-10,512400,range_high_vol,-0.015432098765432167,-0.07497656982193057,-0.023738872403560762,-0.05730659025787965,-0.010463579576503854,-0.04821600771456114,0.050658561296859084,0.0435663627152989
2025-01-17,512480,range_high_vol,-0.036923076923076836,-0.006876227897839038,0.033742331288343586,0.3792633015006821,-0.023864061856663312,-0.05337078651685412,0.006923837784372111,0.14342235410484672
2025-01-17,159995,range_high_vol,-0.02092050209205021,0.0016420361247948545,0.0418445772843723,0.375422773393461,-0.022563545710453187,-0.04761904761904756,-0.003278688524590123,0.139344262295082
2025-01-17,512760,range_high_vol,-0.028518859245630246,-0.006222222222222129,0.026629935720845044,0.3486127864897468,-0.02285761667098326,-0.053344623200677344,0.0026833631484792786,0.1440071556350624
2025-01-17,515050,range_high_vol,-0.053023255813953396,-0.03082191780821919,-0.01650738488271075,0.15040650406504064,-0.024307823558184123,-0.06523534269199027,0.06890459363957602,0.12544169611307443
2025-01-17,512000,range_high_vol,-0.037735849056603765,-0.08813263525305404,-0.03863845446182157,0.3841059602649006,-0.02151820671460172,-0.10607356715141159,0.019138755980861344,0.038277511961722466
2025-01-17,515030,range_high_vol,-0.04649122807017547,-0.026916802610114088,0.01187446988973706,0.24141519250780452,-0.016403496365448827,-0.028501628664495016,0.010058675607711676,0.11986588432523049
2025-01-17,159875,range_high_vol,-0.04387990762124705,-0.06224066390041483,-0.08130081300813008,0.11056511056511065,-0.013898019212671064,-0.06804123711340204,-0.008849557522123908,0.030973451327433565
2025-01-17,512660,range_high_vol,-0.02585315408479838,-0.05523809523809531,-0.06415094339622651,0.14022988505747125,-0.019020495874553154,-0.07289719626168234,-0.0020161290322581182,0.05443548387096775
2025-01-17,512690,range_high_vol,-0.0335097001763669,-0.06240000000000001,-0.05787781350482324,0.02447552447552459,-0.013121040372927972,-0.06389776357827481,-0.018771331058020535,0.017064846416382284
2025-01-17,159928,range_high_vol,-0.01953125,-0.05434782608695643,-0.048602673147023046,0.0235294117647058,-0.010112646750595687,-0.055488540410132625,-0.012771392081736943,0.011494252873563315
2025-01-17,512010,range_high_vol,-0.014880952380952328,-0.07588075880758804,-0.09308510638297862,0.027108433734939874,-0.011017501793876528,-0.07837837837837824,0.014662756598240234,0.07917888563049846
2025-01-17,159801,range_high_vol,-0.016778523489932917,0.0,0.03945111492281317,0.3772727272727272,-0.022301450799404626,-0.04866562009419162,-0.0016501650165016146,0.14191419141914197
2025-01-17,512890,range_high_vol,-0.013084112149532645,-0.02166064981949456,-0.0045913682277317625,0.05344995140913533,-0.009337219572763206,-0.04155614500442084,-0.0018450184501844769,-0.004612546125461359
2025-01-17,510880,range_high_vol,-0.014281180577594643,-0.02916160388821376,-0.009299442033477878,0.03196641911527287,-0.00960424042691717,-0.04937537180249851,-0.04036295369211518,-0.06257822277847314
2025-01-17,168204,range_high_vol,-0.01104009296920383,-0.0705128205128206,-0.0846922672277749,-0.04552934722984092,-0.00883042901449801,-0.05125408942202836,-0.02298850574712641,-0.05287356321839087
2025-01-17,512400,range_high_vol,-0.050658561296859084,0.03184079601990053,-0.017061611374407648,0.09851694915254239,-0.012629859503544496,0.0,-0.012536162005785778,-0.0067502410800385215
2025-01-24,512480,range_high_vol,-0.006923837784372111,-0.04681647940074907,0.032454361054766734,0.41585535465924894,-0.023234916231704074,-0.036896877956480556,0.05500982318271119,0.07367387033398809
2025-01-24,159995,range_high_vol,0.003278688524590123,-0.050741608118657244,0.025295109612141653,0.39609644087256024,-0.022108232638647033,-0.047021943573667735,0.0592105263157896,0.07319078947368429
2025-01-24,512760,range_high_vol,-0.0026833631484792786,-0.05080440304826428,0.020018198362147466,0.37714987714987713,-0.022233394419114014,-0.04351535836177467,0.05976806422836756,0.08206958073148973
2025-01-24,515050,range_high_vol,-0.06890459363957602,-0.0008257638315443128,0.06140350877192979,0.2630480167014615,-0.024006531628734416,0.0,-0.006611570247933907,-0.05289256198347114
2025-01-24,512000,range_high_vol,-0.019138755980861344,-0.07471763683753263,-0.04398563734290861,0.3939790575916229,-0.021226731550485305,-0.08896492728828065,0.014084507042253724,-0.007511737089201831
2025-01-24,515030,range_high_vol,-0.010058675607711676,-0.009860312243221037,0.007525083612040184,0.27919320594479835,-0.01662989497049839,-0.013911620294598914,0.05311203319502056,0.12531120331950207
2025-01-24,159875,range_high_vol,0.008849557522123908,-0.06276150627615062,-0.12670565302144254,0.10617283950617273,-0.014434602719501966,-0.06079664570230603,0.03125,0.0647321428571428
2025-01-24,512660,range_high_vol,0.0020161290322581182,-0.05982905982905973,-0.0892364305427783,0.0915104740904078,-0.018195404952867193,-0.07476635514018692,0.04949494949494948,0.021212121212121016
2025-01-24,512690,range_high_vol,0.018771331058020535,-0.07407407407407418,-0.06351791530944628,0.039783001808318064,-0.013680656899261576,-0.07556270096463025,-0.00521739130434784,0.040000000000000036
2025-01-24,159928,range_high_vol,0.012771392081736943,-0.06075334143377875,-0.06075334143377875,0.03897849462365599,-0.010176686462076498,-0.06416464891041151,-0.0038809831824062613,0.028460543337645472
2025-01-24,512010,range_high_vol,-0.014662756598240234,-0.05722070844686655,-0.06486486486486487,0.08124999999999982,-0.012170577325463538,-0.05464480874316946,0.03179190751445082,0.034682080924855585
2025-01-24,159801,range_high_vol,0.0016501650165016146,-0.050235478806907374,0.025423728813559254,0.3908045977011494,-0.021784671750697794,-0.04874213836477992,0.05950413223140494,0.07272727272727275
2025-01-24,512890,range_high_vol,0.0018450184501844769,-0.03306523681858797,0.017873941674506177,0.06811451135241864,-0.010274298003055802,-0.043324491600353565,-0.0027726432532348966,0.0009242144177448175
2025-01-24,510880,range_high_vol,0.04036295369211518,-0.07509047044632078,-0.0251112523839796,0.000979112271540572,-0.015015123883680441,-0.08774538964901846,-0.006521030322791055,-0.022823606129768637
2025-01-24,168204,range_high_vol,0.02298850574712641,-0.0664470071389347,-0.09478168264110753,-0.029680365296803735,-0.008563839812663475,-0.07002188183807445,0.008235294117647118,-0.04117647058823537
2025-01-24,512400,range_high_vol,0.012536162005785778,0.02605210420841675,-0.01158301158301156,0.10702702702702704,-0.012808707470940883,-0.012536162005785778,0.03515625,0.0029296875
2025-02-07,512480,range_high_vol,-0.0535714285714286,0.10165975103734448,0.04322200392927322,0.5302593659942365,-0.02065450081584611,0.0,0.0,0.07532956685499048
2025-02-07,159995,range_high_vol,-0.05293631100082696,0.08803418803418794,0.03244120032441189,0.5082938388625591,-0.020563751279307395,0.0,0.002356637863315081,0.06677140612725863
2025-02-07,512760,range_high_vol,-0.052962298025134524,0.0921787709497206,0.021777003484320767,0.4866920152091254,-0.020730285889504742,0.0,0.005115089514066584,0.07757885763000849
2025-02-07,515050,range_high_vol,-0.012701100762065876,0.08628519527702094,0.0319240724762726,0.3363128491620111,-0.025018219844540654,-0.011570247933884281,0.0050167224080268635,-0.020903010033444747
2025-02-07,512000,range_high_vol,-0.02182163187855779,0.017958412098298515,-0.10399334442595676,0.38076923076923075,-0.01502358715900505,0.0,0.0055710306406684396,-0.005571030640668551
2025-02-07,515030,range_high_vol,-0.07510548523206739,0.10398613518197575,-0.005464480874316835,0.36989247311827955,-0.016808852784490458,0.0,0.01098901098901095,0.05494505494505497
2025-02-07,159875,range_high_vol,-0.04740406320541757,0.01978021978021971,-0.11619047619047618,0.1571072319201996,-0.014097673425140829,0.0,-0.006465517241379337,0.008620689655172376
2025-02-07,512660,range_high_vol,-0.046843177189409335,0.032128514056224855,-0.11455641688199825,0.16289592760181004,-0.014760038836129726,0.0,-0.0029182879377432913,0.04280155642023353
2025-02-07,512690,range_high_vol,0.00868055555555558,-0.04833333333333334,-0.11197511664074655,0.012411347517730542,-0.01356184116761219,-0.03547297297297303,0.02977232924693518,0.0718038528896674
2025-02-07,159928,range_high_vol,-0.0025974025974027093,-0.03379224030037553,-0.09601873536299765,0.015789473684210575,-0.009904455354369304,-0.024020227560050622,0.01943005181347157,0.042746113989637236
2025-02-07,512010,range_high_vol,-0.03206997084548102,0.008547008547008517,-0.0732984293193718,0.05988023952095789,-0.010698532642527566,0.0,0.02259887005649719,0.011299435028248705
2025-02-07,159801,range_high_vol,-0.04975124378109452,0.08576329331046328,0.029268292682926855,0.5035629453681711,-0.019759467129723252,0.0,0.004739336492890933,0.06951026856240139
2025-02-07,512890,range_high_vol,-0.0009276437847864916,-0.019981834695731227,-0.014611872146118698,0.06515301085883518,-0.010001035541728888,-0.016408386508659945,0.013901760889712733,0.005560704355885182
2025-02-07,510880,range_high_vol,-0.000655307994757548,-0.06861848124428183,-0.04263322884012544,0.0022973416475220443,-0.014870840337395708,-0.05972906403940903,0.004584151931892766,-0.018664047151277008
2025-02-07,168204,range_high_vol,-0.009400705052879044,-0.03483146067415732,-0.09674027339642477,-0.01828571428571435,-0.0088480447376745,-0.02828054298642535,-0.016880093131548257,-0.049476135040744995
2025-02-07,512400,range_high_vol,-0.04339250493096647,0.09865005192108,-0.05535714285714288,0.15125136017410235,-0.011423819972561661,0.0,-0.002835538752363087,0.00945179584120992
2025-02-14,512480,range,-0.0,0.08367346938775522,-0.03013698630136974,0.5369030390738063,-0.021529253595648213,-0.03190519598906105,0.08474576271186418,0.05178907721280601
2025-02-14,159995,range,-0.002356637863315081,0.06510851419031716,-0.035525321239606944,0.5190476190476192,-0.020872878872312754,-0.028179741051028162,0.0854231974921631,0.040752351097178785
2025-02-14,512760,range,-0.005115089514066584,0.07967032967032961,-0.039119804400978064,0.5038265306122449,-0.021114365021853845,-0.02722772277227714,0.08142493638676829,0.052586938083121426
2025-02-14,515050,range,-0.0050167224080268635,0.08581752484191507,-0.016366612111292977,0.31653888280394304,-0.02416510630402938,-0.02276422764227648,0.0715474209650584,-0.017470881863560606
2025-02-14,512000,range,-0.0055710306406684396,0.05555555555555558,-0.11951219512195121,0.40284974093264236,-0.014354888133186583,-0.004595588235294268,0.008310249307479367,0.016620498614958512
2025-02-14,515030,range,-0.01098901098901095,0.1200000000000001,-0.05710102489019042,0.4045801526717556,-0.01739104488767412,0.0,0.04037267080745344,0.052795031055900665
2025-02-14,159875,range,0.006465517241379337,0.035955056179775235,-0.16181818181818186,0.15829145728643224,-0.01353944215409234,-0.006465517241379337,0.008676789587852562,0.02819956616052055
2025-02-14,512660,range,0.0029182879377432913,0.04698672114402447,-0.12393162393162394,0.18497109826589586,-0.013976505938938998,-0.01347449470644857,0.017560975609756113,0.06829268292682933
2025-02-14,512690,range,-0.02977232924693518,0.01730103806228378,-0.12107623318385663,0.022608695652173827,-0.013647270932126315,-0.005076142131979711,0.001700680272108901,0.10884353741496611
2025-02-14,159928,range,-0.01943005181347157,0.011568123393316254,-0.09747706422018343,0.026075619295958363,-0.01071999773205885,-0.0012690355329949554,-0.0012706480304955914,0.07369758576874208
2025-02-14,512010,range,-0.02259887005649719,0.061583577712609916,-0.09273182957393489,0.07738095238095233,-0.010889518802640392,0.0,0.03038674033149169,0.011049723756906049
2025-02-14,159801,range,-0.004739336492890933,0.0653266331658291,-0.03490136570561464,0.5215311004784691,-0.02015589266952783,-0.026033690658499253,0.08333333333333326,0.04088050314465419
2025-02-14,512890,range,-0.013901760889712733,0.009225092250922495,0.007366482504604033,0.07571288102261575,-0.009355569084780916,-0.0027347310847766204,-0.010968921389396757,0.005484460694698434
2025-02-14,510880,range,-0.004584151931892766,-0.03643216080402012,-0.03914813654870031,0.0,-0.014615550242145323,-0.04512916277622159,-0.022164276401564598,0.0
2025-02-14,168204,range,0.016880093131548257,-0.026512968299711837,-0.10540254237288127,-0.05165637282425595,-0.008430197469745975,-0.03485714285714281,-0.02901124925991716,-0.000592066311426942
2025-02-14,512400,range,0.002835538752363087,0.06458123107971736,-0.040909090909091006,0.14923747276688437,-0.01014608673483437,-0.004716981132075526,-0.02274881516587679,0.04834123222748832
2025-02-21,512480,bull,-0.08474576271186418,0.165991902834008,0.1327433628318584,0.6719883889695211,-0.024034107284419605,0.0,-0.03906249999999989,-0.07638888888888873
2025-02-21,159995,bull,-0.0854231974921631,0.15899581589958145,0.12876935615321905,0.6507747318235997,-0.02403763189838732,0.0,-0.04115523465703963,-0.08808664259927801
2025-02-21,512760,bull,-0.08142493638676829,0.1643835616438356,0.12137203166226906,0.6346153846153844,-0.023654661016398928,0.0,-0.03450980392156844,-0.07215686274509792
2025-02-21,515050,bull,-0.0715474209650584,0.15308863025962394,0.1428571428571428,0.38942826321467106,-0.02466623209032784,0.0,-0.09394409937888193,-0.11723602484472051
2025-02-21,512000,bull,-0.008310249307479367,0.046979865771812124,-0.06586826347305386,0.40359897172236514,-0.013183187790327225,0.0,-0.02930402930402931,-0.027472527472527486
2025-02-21,515030,bull,-0.04037267080745344,0.1336717428087988,0.02056359482102077,0.4757709251101323,-0.01613257613267178,0.0,-0.017910447761193993,-0.025373134328358193
2025-02-21,159875,bull,-0.008676789587852562,0.03104212860310418,-0.11428571428571432,0.17721518987341778,-0.0124364696880773,0.0,0.004301075268817289,-0.0021505376344086446
2025-02-21,512660,bull,-0.017560975609756113,0.061037639877924654,-0.046617915904936136,0.22274325908558024,-0.01325479563628065,0.0,-0.03547459252157237,0.03259827420901251
2025-02-21,512690,bull,-0.001700680272108901,0.012027491408934665,-0.0868217054263567,0.0574506283662477,-0.012558151127981419,-0.0033840947546531774,0.022071307300509435,0.05602716468590829
2025-02-21,159928,bull,0.0012706480304955914,0.014193548387096744,-0.06650831353919229,0.05929919137466322,-0.009140591559757827,-0.0025380710659898,0.013994910941475869,0.03689567430025442
2025-02-21,512010,bull,-0.03038674033149169,0.09705882352941164,-0.036175710594315236,0.14417177914110435,-0.011817955864021533,0.0,-0.04289544235924936,-0.034852546916890104
2025-02-21,159801,bull,-0.08333333333333326,0.1579831932773108,0.12765957446808507,0.6483253588516746,-0.023170941943374487,0.0,-0.04063860667634245,-0.08853410740203183
2025-02-21,512890,bull,0.010968921389396757,-0.004599816007359592,-0.014571948998178486,0.03244274809160319,-0.008265690090523069,-0.013673655423883213,0.001848428835489857,0.019408502772643166
2025-02-21,510880,bull,0.022164276401564598,-0.06629318394024275,-0.06687402799377917,-0.040307101727447225,-0.013638917646204334,-0.06132665832290363,0.0033333333333331883,0.018333333333333313
2025-02-21,168204,bull,0.02901124925991716,-0.06285714285714294,-0.14360313315926898,-0.08990011098779138,-0.006130273629389974,-0.05747126436781613,-0.006707317073170627,0.026219512195122086
2025-02-21,512400,bull,0.02274881516587679,-0.0009689922480621282,-0.03464419475655445,0.1038543897216273,-0.009514247233940502,-0.027358490566037896,-0.030067895247332554,0.04849660523763344
2025-02-28,512480,bull,0.03906249999999989,0.09821428571428559,0.11818181818181817,0.6823708206686929,-0.027105384294272596,-0.054654141759180264,0.031616982836494945,-0.05329719963866297
2025-02-28,159995,bull,0.04115523465703963,0.09842845326716287,0.11409395973154379,0.6579275905118602,-0.02707087818157901,-0.054804270462633475,0.02259036144578319,-0.06852409638554213
2025-02-28,512760,bull,0.03450980392156844,0.10502692998204677,0.11402714932126701,0.6523489932885906,-0.026841124043213403,-0.052347959969206936,0.026807473598700282,-0.05523964256701874
2025-02-28,515050,bull,0.09394409937888193,-0.011854360711261669,0.07557603686635961,0.29955456570155903,-0.027292812009313036,-0.09394409937888193,0.003427592116538092,-0.04712939160239926
2025-02-28,512000,bull,0.02930402930402931,0.005692599620493288,-0.07261592300962372,0.3892529488859764,-0.016636177013365422,-0.03460837887067403,0.01037735849056598,-0.0009433962264151496
2025-02-28,515030,bull,0.017910447761193993,0.11054852320675113,0.0321568627450981,0.45414364640883975,-0.017932433312821894,-0.03306392358559873,0.02127659574468077,-0.01823708206686936
2025-02-28,159875,bull,-0.004301075268817289,0.05417607223476306,-0.087890625,0.2005141388174807,-0.013117794147277564,-0.018907563025210017,0.0021413276231263545,-0.01498929336188437
2025-02-28,512660,bull,0.03547459252157237,0.024439918533604832,-0.052730696798493404,0.21939393939393947,-0.015177283814341079,-0.040076335877862634,0.0656063618290259,0.03379721669980129
2025-02-28,512690,bull,-0.022071307300509435,0.04513888888888884,-0.053459119496855445,0.1294559099437147,-0.013742242483051002,-0.0049586776859503745,0.01661129568106312,0.03488372093023262
2025-02-28,159928,bull,-0.013994910941475869,0.03506493506493502,-0.036275695284159526,0.1209563994374121,-0.010322081995873606,-0.0012531328320801727,0.010037641154328814,0.030112923462985997
2025-02-28,512010,bull,0.04289544235924936,0.04081632653061207,-0.05053191489361708,0.1333333333333333,-0.01440581745427744,-0.04289544235924936,0.0028011204481792618,0.025210084033613578
2025-02-28,159801,bull,0.04063860667634245,0.09618573797678276,0.11279461279461289,0.6566416040100251,-0.026329710435252403,-0.053008595988538576,0.024205748865355536,-0.06656580937972778
2025-02-28,512890,bull,-0.001848428835489857,0.005565862708719838,-0.0009216589861750224,0.05140640155189158,-0.007151259865893541,-0.01185050136736543,0.0009225092250921829,0.02583025830258312
2025-02-28,510880,bull,-0.0033333333333331883,-0.013761467889908396,-0.056130448416431555,-0.010844561288202548,-0.007254169848826104,-0.03059581320450888,-0.004318936877076407,0.02392026578073092
2025-02-28,168204,bull,0.006707317073170627,-0.04289071680376022,-0.11898323418063816,-0.061635944700460854,-0.006058070456945544,-0.05180442374854477,0.0024554941682013443,0.024554941682013443
2025-02-28,512400,bull,0.030067895247332554,-0.013806706114398382,-0.03288201160541593,0.07642626480086112,-0.01017512654855098,-0.05660377358490576,0.06800000000000006,0.08600000000000008
2025-03-07,512480,bull,-0.031616982836494945,0.07532956685499048,0.13858424725822527,0.7461773700305809,-0.025635970224627925,-0.02476515798462864,-0.02189141856392285,-0.17338003502626964
2025-03-07,159995,bull,-0.02259036144578319,0.06677140612725863,0.1288445552784705,0.7124842370744011,-0.02578876436607924,-0.03345195729537365,-0.022091310751104598,-0.17157584683357885
2025-03-07,512760,bull,-0.026807473598700282,0.07757885763000849,0.13566936208445646,0.7058029689608638,-0.02522074480799961,-0.026943802925327165,-0.018196202531645445,-0.17167721518987344
2025-03-07,515050,bull,-0.003427592116538092,-0.020903010033444747,0.08125577100646364,0.32466063348416285,-0.023661477400928277,-0.09083850931677018,0.00853970964987183,-0.18274978650725882
2025-03-07,512000,bull,-0.01037735849056598,-0.005571030640668551,-0.0767241379310345,0.40921052631578947,-0.015545785618196408,-0.024590163934426368,0.02801120448179284,-0.12698412698412687
2025-03-07,515030,bull,-0.02127659574468077,0.05494505494505497,0.06497622820919191,0.48344370860927155,-0.01597860616612858,-0.012490815576781666,0.008928571428571397,-0.1629464285714286
2025-03-07,159875,bull,-0.0021413276231263545,0.008620689655172376,-0.0714285714285714,0.19693094629156005,-0.012891337522475088,-0.01886792452830177,0.012820512820512775,-0.14529914529914534
2025-03-07,512660,bull,-0.0656063618290259,0.04280155642023353,0.014191106906338735,0.3201970443349753,-0.014863850905932155,0.0,0.021455223880596952,-0.1352611940298507
2025-03-07,512690,bull,-0.01661129568106312,0.0718038528896674,-0.030110935023771823,0.16349809885931554,-0.013594423517093198,0.0,0.065359477124183,-0.02941176470588236
2025-03-07,159928,bull,-0.010037641154328814,0.042746113989637236,-0.02895054282267784,0.14835948644793162,-0.009882131925256905,0.0,0.04968944099378869,-0.006211180124223614
2025-03-07,512010,bull,-0.0028011204481792618,0.011299435028248705,-0.042780748663101664,0.13291139240506333,-0.014779247205831406,-0.04021447721179627,0.022346368715083775,-0.04469273743016744
2025-03-07,159801,bull,-0.024205748865355536,0.06951026856240139,0.13210702341137126,0.7095959595959596,-0.02552043922854374,-0.03008595988538665,-0.02215657311669128,-0.1742983751846381
2025-03-07,512890,bull,-0.0009225092250921829,0.005560704355885182,-0.014532243415077195,0.07852882703777331,-0.005016566181261088,-0.0091324200913242,0.01382488479262678,-0.019354838709677358
2025-03-07,510880,bull,0.004318936877076407,-0.018664047151277008,-0.08236374770361299,-0.0026622296173044457,-0.0047408205680201385,-0.02314211212516304,0.023690357023690378,-0.019686353019686242
2025-03-07,168204,bull,-0.0024554941682013443,-0.049476135040744995,-0.13506355932203384,-0.09277777777777785,-0.006966035031907539,-0.047257876312718716,0.03368034292712796,-0.06674831598285369
2025-03-07,512400,bull,-0.06800000000000006,0.00945179584120992,0.025936599423631357,0.18666666666666676,-0.01203129039954446,0.0,0.035580524344569264,-0.1123595505617978
2025-03-14,512480,bull_high_vol,0.02189141856392285,0.05178907721280601,0.1081349206349207,0.7480438184663536,-0.024578618133699326,-0.04611443210930832,-0.047448522829006246,-0.0555058191584602
2025-03-14,159995,bull_high_vol,0.022091310751104598,0.040752351097178785,0.11316010058675618,0.7157622739018088,-0.025111868448261947,-0.054804270462633475,-0.048945783132530285,-0.05948795180722888
2025-03-14,512760,bull_high_vol,0.018196202531645445,0.052586938083121426,0.11801801801801792,0.7164591977869987,-0.024480249004258162,-0.044649730561970635,-0.04673650282030628,-0.05640612409347301
2025-03-14,515050,bull_high_vol,-0.00853970964987183,-0.017470881863560606,0.05446428571428563,0.37645687645687653,-0.022299855832059606,-0.08307453416149069,-0.03725656223539375,-0.16934801016088064
2025-03-14,512000,bull_high_vol,-0.02801120448179284,0.016620498614958512,-0.07010135135135132,0.4169884169884168,-0.017028560016401666,0.0,-0.03542234332425065,-0.10354223433242504
2025-03-14,515030,bull_high_vol,-0.008928571428571397,0.052795031055900665,0.0702446724546173,0.4819672131147541,-0.01610114039033488,-0.0036737692872886862,-0.03687315634218291,-0.14085545722713866
2025-03-14,159875,bull_high_vol,-0.012820512820512775,0.02819956616052055,-0.059523809523809534,0.23116883116883113,-0.012508076512292304,-0.0062893081761006275,-0.021097046413501963,-0.12869198312236285
2025-03-14,512660,bull_high_vol,-0.021455223880596952,0.06829268292682933,0.011080332409972415,0.350184956843403,-0.01469119011725493,-0.0036396724294813776,-0.016438356164383605,-0.06575342465753431
2025-03-14,512690,bull_high_vol,-0.065359477124183,0.10884353741496611,-0.0015313935681470214,0.2709551656920077,-0.015939683800625232,0.0,-0.046012269938650374,-0.06134969325153383
2025-03-14,159928,bull_high_vol,-0.04968944099378869,0.07369758576874208,-0.009378663540445475,0.22286541244573077,-0.013049108306319133,0.0,-0.03550295857988173,-0.017751479289940808
2025-03-14,512010,bull_high_vol,-0.022346368715083775,0.011049723756906049,-0.03937007874015752,0.15822784810126578,-0.014887945997603687,-0.018766756032171594,-0.016393442622950838,-0.04371584699453557
2025-03-14,159801,bull_high_vol,0.02215657311669128,0.04088050314465419,0.11635750421585178,0.7194805194805196,-0.024676456803137355,-0.05157593123209159,-0.051359516616314216,-0.06193353474320251
2025-03-14,512890,bull_high_vol,-0.01382488479262678,0.005484460694698434,-0.019607843137254943,0.13871635610766053,-0.005267654974147697,0.0,0.0027272727272726893,-0.00454545454545463
2025-03-14,510880,bull_high_vol,-0.023690357023690378,0.0,-0.07562518830973186,0.0579310344827586,-0.005626136196044426,0.0,-0.004237288135593209,-0.005541069100391094
2025-03-14,168204,bull_high_vol,-0.03368034292712796,-0.000592066311426942,-0.11715481171548114,-0.014018691588785104,-0.01138166421807233,-0.000592066311426942,-0.002962085308056861,-0.04265402843601884
2025-03-14,512400,bull_high_vol,-0.035580524344569264,0.04834123222748832,0.04241281809613584,0.28306264501160094,-0.010484078014871823,0.0,-0.022603978300180905,-0.05696202531645589
2025-03-21,512480,range_high_vol,0.047448522829006246,-0.07638888888888873,0.06506506506506504,0.7051282051282053,-0.01926042464231844,-0.09137489325362935,-0.015037593984962405,-0.008458646616541499
2025-03-21,159995,range_high_vol,0.048945783132530285,-0.08808664259927801,0.059563758389261645,0.6817576564580559,-0.019077530567516182,-0.10106761565836309,-0.0205859065716546,-0.0087094220110846
2025-03-21,512760,range_high_vol,0.04673650282030628,-0.07215686274509792,0.07447774750227065,0.682788051209104,-0.01909883917113013,-0.08929946112394138,-0.01690617075232459,-0.010143702451394732
2025-03-21,515050,range_high_vol,0.03725656223539375,-0.11723602484472051,0.009769094138543544,0.3174971031286211,-0.019063877297886864,-0.10753532182103609,-0.021987686895338587,-0.1407211961301671
2025-03-21,512000,range_high_vol,0.03542234332425065,-0.027472527472527486,-0.07410636442894503,0.3756476683937824,-0.01563036374524118,-0.03542234332425065,-0.0028248587570622874,-0.06591337099811678
2025-03-21,515030,range_high_vol,0.03687315634218291,-0.025373134328358193,0.06351791530944628,0.433589462129528,-0.0166159227170436,-0.040411462160176326,-0.01071975497702915,-0.1003062787136294
2025-03-21,159875,range_high_vol,0.021097046413501963,-0.0021505376344086446,-0.04132231404958675,0.21784776902887137,-0.012269591630763542,-0.027253668763102645,-0.008620689655172376,-0.10775862068965525
2025-03-21,512660,range_high_vol,0.016438356164383605,0.03259827420901251,0.02767175572519065,0.33788819875776377,-0.012745178321104477,-0.020018198362147466,-0.03435468895078919,-0.06035283194057561
2025-03-21,512690,range_high_vol,0.046012269938650374,0.05602716468590829,-0.018927444794952675,0.2824742268041238,-0.017017612853948476,-0.046012269938650374,0.001607717041800738,-0.022508038585209
2025-03-21,159928,range_high_vol,0.03550295857988173,0.03689567430025442,-0.02395209580838331,0.2386018237082066,-0.013725644283758309,-0.03664302600472813,0.007361963190184007,0.014723926380368013
2025-03-21,512010,range_high_vol,0.016393442622950838,-0.034852546916890104,-0.027027027027027084,0.16504854368932032,-0.013189672097443742,-0.027027027027027084,0.016666666666666607,-0.033333333333333326
2025-03-21,159801,range_high_vol,0.051359516616314216,-0.08853410740203183,0.06081081081081097,0.679144385026738,-0.018955209954923335,-0.10028653295128931,-0.017515923566879033,-0.006369426751592355
2025-03-21,512890,range_high_vol,-0.0027272727272726893,0.019408502772643166,-0.016934046345811193,0.14656964656964666,-0.005018886255589793,-0.004512635379061436,0.008159564823209564,0.00997280145058932
2025-03-21,510880,range_high_vol,0.004237288135593209,0.018333333333333313,-0.08313325330132049,0.0615010423905491,-0.005123088992616311,-0.0071498212544686135,0.00883797054009805,0.003927986906710368
2025-03-21,168204,range_high_vol,0.002962085308056861,0.026219512195122086,-0.11607142857142849,-0.0070796460176991705,-0.011195859488775916,-0.003552397868561319,-0.008318478906714222,-0.045157456922162886
2025-03-21,512400,range_high_vol,0.022603978300180905,0.04849660523763344,0.07135777998017856,0.25697674418604644,-0.01237973054849116,-0.027002700270027047,0.0046253469010177906,-0.014801110083256241
2025-03-28,512480,range,0.015037593984962405,-0.05329719963866297,0.0,0.6197836166924267,-0.016283966128548405,-0.09499136442141609,-0.0992366412213741,-0.010496183206107013
2025-03-28,159995,range,0.0205859065716546,-0.06852409638554213,-0.019032513877874524,0.581841432225064,-0.01581389782800318,-0.10297316896301656,-0.09054163298302353,-0.0016168148746968924
2025-03-28,512760,range,0.01690617075232459,-0.05523964256701874,0.002586206896551868,0.5931506849315069,-0.015777128950364608,-0.093530787217459,-0.09974204643164242,-0.009458297506448998
2025-03-28,515050,range,0.021987686895338587,-0.04712939160239926,-0.04302925989672968,0.2126499454743731,-0.014016831083264776,-0.07256046705587982,-0.13938848920863323,-0.1205035971223023
2025-03-28,512000,range,0.0028248587570622874,-0.0009433962264151496,-0.07832898172323766,0.2532544378698225,-0.011895000755838327,-0.038147138964577665,-0.11709159584513684,-0.06893295561850799
2025-03-28,515030,range,0.01071975497702915,-0.01823708206686936,0.06512778235779049,0.3333333333333335,-0.012071606871082595,-0.050000000000000044,-0.1292569659442725,-0.08900928792569662
2025-03-28,159875,range,0.008620689655172376,-0.01498929336188437,-0.043659043659043606,0.1499999999999999,-0.009198468559178946,-0.03563941299790352,-0.13043478260869568,-0.10000000000000009
2025-03-28,512660,range,0.03435468895078919,0.03379721669980129,0.0009624639076035724,0.2484993997599041,-0.010891507715101128,-0.05368516833484982,-0.1086538461538461,-0.04711538461538467
2025-03-28,512690,range,-0.001607717041800738,0.03488372093023262,0.004838709677419395,0.16885553470919312,-0.015349404294093516,-0.04447852760736204,-0.0465489566613162,-0.03531300160513651
2025-03-28,159928,range,-0.007361963190184007,0.030112923462985997,-0.00364077669902918,0.14985994397759095,-0.012530904321160845,-0.029550827423167836,-0.025578562728379883,-0.00487210718635811
2025-03-28,512010,range,-0.016666666666666607,0.025210084033613578,-0.008130081300813052,0.1366459627329193,-0.011356137306656265,-0.010810810810810811,-0.06557377049180324,-0.04644808743169404
2025-03-28,159801,range,0.017515923566879033,-0.06656580937972778,-0.017515923566879033,0.582051282051282,-0.01592478689818089,-0.10189228529839889,-0.09400324149108585,-0.004862236628849326
2025-03-28,512890,range,-0.008159564823209564,0.02583025830258312,-0.0089126559714795,0.07856450048496622,-0.004121972105643607,-0.0026905829596411968,-0.043165467625899345,0.01618705035971213
2025-03-28,510880,range,-0.00883797054009805,0.02392026578073092,-0.07336139506915218,-0.0009724473257698429,-0.004276384679644788,-0.0061270557884554044,-0.04672290720311478,-0.002595717066839698
2025-03-28,168204,range,0.008318478906714222,0.024554941682013443,-0.08996728462377324,-0.09046321525885559,-0.012388298573554942,-0.026254375729288126,-0.08687837028160572,-0.04853205512282799
2025-03-28,512400,range,-0.0046253469010177906,0.08600000000000008,0.09255533199195187,0.15286624203821675,-0.010488615325818108,-0.02250225022502239,-0.12707182320442,-0.046040515653775316
2025-04-11,512480,range_high_vol,-0.01344860710854956,-0.0365296803652968,0.07983623336745138,0.18273542600896842,-0.029384333814620293,-0.05719392314566585,-0.010426540284360075,-0.00758293838862556
2025-04-11,159995,range_high_vol,-0.010509296685529357,-0.03993855606758834,0.046025104602510414,0.1617100371747211,-0.028255293987255126,-0.05873493975903621,-0.008000000000000007,-0.0048000000000000265
2025-04-11,512760,range_high_vol,-0.01123595505617958,-0.03861955628594915,0.07438016528925617,0.168831168831169,-0.029056982585351936,-0.05721192586623702,-0.009401709401709368,-0.005982905982905851
2025-04-11,515050,range_high_vol,0.08184383819379115,-0.154978354978355,-0.10786106032906773,-0.11353315168029066,-0.030900339838520106,-0.18598832360300255,-0.01741803278688525,0.0901639344262295
2025-04-11,512000,range_high_vol,0.051973051010587024,-0.07511737089201875,-0.042759961127307955,-0.05014464802314367,-0.024927638954919264,-0.10535876475930972,0.0010152284263960087,0.06700507614213191
2025-04-11,515030,range_high_vol,0.07119999999999993,-0.12178517397881994,0.022007042253521236,0.020210896309314608,-0.02582656197685967,-0.14443625644804714,-0.007751937984496249,0.0835486649440138
2025-04-11,159875,range_high_vol,0.07657657657657668,-0.11827956989247324,-0.07865168539325851,-0.11827956989247324,-0.024285535580718227,-0.13684210526315788,-0.0024390243902439046,0.07317073170731714
2025-04-11,512660,range_high_vol,-0.0009803921568627416,-0.06587374199451057,0.05803108808290158,0.020999999999999908,-0.02702808406263637,-0.0675799086757991,-0.025465230166503372,0.03525954946131238
2025-04-11,512690,range_high_vol,0.009615384615384581,-0.008025682182985605,0.07478260869565223,0.004878048780487809,-0.016245410441146177,-0.05214723926380371,-0.006472491909385147,-0.008090614886731351
2025-04-11,159928,range_high_vol,-0.009685230024213176,0.027093596059113212,0.06786171574903954,0.024570024570024662,-0.014139458640611972,-0.014184397163120588,-0.0023980815347721673,-0.0011990407673860837
2025-04-11,512010,range_high_vol,0.04644808743169404,-0.0196629213483146,0.023460410557184508,-0.05675675675675684,-0.019591419163570392,-0.0668449197860963,-0.005730659025787954,0.0401146131805159
2025-04-11,159801,range_high_vol,-0.01140065146579805,-0.04461538461538461,0.04194630872483218,0.15858208955223874,-0.028399192267218244,-0.06193353474320251,-0.004830917874396157,-0.0016103059581320522
2025-04-11,512890,range_high_vol,0.033777777777777795,-0.0036663611365719273,-0.007305936073059405,-0.0018365472910927272,-0.01427494616017365,-0.033777777777777795,0.030358785648574083,0.059797608095676136
2025-04-11,510880,range_high_vol,0.030157202438241826,-0.0075508864084044,-0.06350681536555147,-0.06437635406994735,-0.015231075752285573,-0.030157202438241826,0.01786304995038046,0.036387694343367416
2025-04-11,168204,range_high_vol,0.04567307692307687,-0.05979869745411481,-0.09257142857142853,-0.16989022477783589,-0.022669480198056455,-0.07351225204200695,0.017632241813602123,0.01385390428211597
2025-04-11,512400,range_high_vol,0.03323836657169987,-0.06861848124428171,0.03455284552845539,0.0,-0.027129250106336156,-0.08370837083708371,0.007858546168958647,0.05108055009823187
2025-04-18,512480,range_high_vol,0.010426540284360075,-0.04570383912248632,0.03468780971258689,0.054545454545454675,-0.028782605649014466,-0.026119402985074647,-0.007662835249042099,-0.021072796934865967
2025-04-18,159995,range_high_vol,0.008000000000000007,-0.04320987654320996,0.012244897959183598,0.04201680672268915,-0.027857079606439857,-0.025923016496465,-0.008064516129032251,-0.023387096774193483
2025-04-18,512760,range_high_vol,0.009401709401709368,-0.045304777594728174,0.03482142857142856,0.04981884057970998,-0.028572517437313292,-0.02849958088851634,-0.00690250215703192,-0.022433132010353796
2025-04-18,515050,range_high_vol,0.01741803278688525,-0.17469879518072284,-0.13055303717135092,-0.18313458262350935,-0.030841634595560566,-0.1595092024539878,0.033368091762252305,0.07612095933263818
2025-04-18,512000,range_high_vol,-0.0010152284263960087,-0.08703703703703713,-0.05465004793863848,-0.09954337899543375,-0.024890019887578507,-0.07156308851224114,0.008113590263691739,0.032454361054766734
2025-04-18,515030,range_high_vol,0.007751937984496249,-0.14603409933283917,-0.026204564666103214,-0.032745591939546737,-0.02535160977658804,-0.1179173047473202,0.03645833333333326,0.10763888888888906
2025-04-18,159875,range_high_vol,0.0024390243902439046,-0.1297872340425532,-0.08705357142857151,-0.16530612244897958,-0.024388509569798836,-0.12606837606837618,0.017114914425427896,0.07334963325183375
2025-04-18,512660,range_high_vol,0.025465230166503372,-0.08040665434380778,0.011178861788617933,-0.06220546654099901,-0.027146132800649484,-0.07613741875580315,0.0030150753768845018,0.0512562814070352
2025-04-18,512690,range_high_vol,0.006472491909385147,-0.02694136291600635,0.051369863013698724,-0.019169329073482455,-0.015959187691729108,-0.02384737678855331,-0.01791530944625408,-0.032573289902280145
2025-04-18,159928,range_high_vol,0.0023980815347721673,0.009708737864077666,0.06666666666666665,0.004830917874396157,-0.01358609499904585,-0.013048635824436494,-0.014423076923076983,-0.007211538461538436
2025-04-18,512010,range_high_vol,0.005730659025787954,-0.05191256830601099,0.011661807580174877,-0.08923884514435698,-0.018957949540595962,-0.07219251336898402,0.011527377521613813,0.0691642651296831
2025-04-18,159801,range_high_vol,0.004830917874396157,-0.041860465116279055,0.013114754098360715,0.038655462184874034,-0.027883687207705263,-0.025236593059936974,-0.008090614886731351,-0.024271844660194164
2025-04-18,512890,range_high_vol,-0.030358785648574083,0.013574660633484337,0.038961038961039085,0.021897810218978186,-0.014616542159564252,-0.004444444444444362,0.004464285714285587,0.03125
2025-04-18,510880,range_high_vol,-0.01786304995038046,0.0052270499836655215,-0.03330191643103986,-0.05147965474722571,-0.015441368271532589,-0.012832852101379522,-0.0019499512512186623,0.023724406889827687
2025-04-18,168204,range_high_vol,-0.017632241813602123,-0.043220840734162214,-0.0604651162790697,-0.15745568300312818,-0.02301374128189347,-0.05717619603267199,-0.008663366336633671,0.013613861386138515
2025-04-18,512400,range_high_vol,-0.007858546168958647,-0.07317073170731703,0.01183431952662728,-0.0393258426966292,-0.02719149226819014,-0.07065217391304357,0.013645224171539905,0.050682261208577106
2025-04-25,512480,range_high_vol,0.007662835249042099,-0.02631578947368418,0.013698630136986356,0.06474820143884896,-0.02833980532503654,-0.018009478672985746,0.03474903474903468,-0.044401544401544424
2025-04-25,159995,range_high_vol,0.008064516129032251,-0.019138755980861233,0.0032626427406199365,0.043256997455470625,-0.027510867119345726,-0.01757188498402562,0.03495934959349589,-0.047967479674796754
2025-04-25,512760,range_high_vol,0.00690250215703192,-0.025402201524132084,0.018584070796460184,0.05306495882891138,-0.02813207640843684,-0.01707941929974377,0.03214596003475223,-0.04517810599478722
2025-04-25,515050,range_high_vol,-0.033368091762252305,-0.10961365678346813,-0.17622610141313388,-0.13298337707786534,-0.03271242640466805,-0.10881294964028787,0.03229061553985857,0.013118062563067578
2025-04-25,512000,range_high_vol,-0.008113590263691739,-0.06137865911237006,-0.052430886558627154,-0.08387096774193548,-0.025071299700228335,-0.06137865911237006,0.014084507042253502,-0.003018108651911433
2025-04-25,515030,range_high_vol,-0.03645833333333326,-0.08575803981623287,0.0008382229673091768,-0.010770505385252815,-0.02660524255338793,-0.07585139318885459,0.01926298157453954,0.010887772194305034
2025-04-25,159875,range_high_vol,-0.017114914425427896,-0.10344827586206906,-0.06306306306306309,-0.17948717948717952,-0.024671083298544685,-0.09565217391304359,0.014423076923076872,0.012019230769230838
2025-04-25,512660,range_high_vol,-0.0030150753768845018,-0.0486177311725452,0.009100101112234693,-0.07421150278293143,-0.027412894672205534,-0.04038461538461546,0.053106212424849586,0.028056112224448926
2025-04-25,512690,range_high_vol,0.01791530944625408,-0.04133545310015907,0.05235602094240832,-0.03827751196172258,-0.015779330325996467,-0.03520000000000001,-0.0066334991708125735,-0.026533996683250405
2025-04-25,159928,range_high_vol,0.014423076923076983,-0.008464328899637219,0.06631989596879051,-0.012048192771084376,-0.013551031859249447,-0.027283511269276417,0.0,0.0
2025-04-25,512010,range_high_vol,-0.011527377521613813,-0.040983606557377095,0.02631578947368407,-0.07142857142857151,-0.018575524151418048,-0.06149732620320858,0.017094017094017033,0.04558404558404572
2025-04-25,159801,range_high_vol,0.008090614886731351,-0.017628205128205177,0.004918032786885185,0.04251700680272119,-0.02750165686321949,-0.017628205128205177,0.03262642740619914,-0.048939641109298604
2025-04-25,512890,range_high_vol,-0.004464285714285587,0.008968609865470878,0.06032045240339312,0.048462255358807216,-0.014791936453400541,-0.0008880994671401909,-0.006222222222222129,0.025777777777777677
2025-04-25,510880,range_high_vol,0.0019499512512186623,-0.009035172636334354,0.022644022644022765,-0.04031249999999997,-0.015321044385933135,-0.014757779916586444,-0.007163790296320527,0.009443178117876982
2025-04-25,168204,range_high_vol,0.008663366336633671,-0.05430932703659963,-0.055981143193871485,-0.15282919090428337,-0.02242246712245141,-0.040143798681845366,-0.004369538077403368,0.0037453183520599342
2025-04-25,512400,range_high_vol,-0.013645224171539905,-0.0423572744014733,0.018609206660137323,-0.011406844106463865,-0.028424976692151927,-0.0423572744014733,0.019230769230769162,0.006730769230769207
2025-05-09,512480,range,0.00382043935052534,0.10253699788583504,-0.028864059590316682,-0.0057197330791229906,-0.015366288379155397,-0.032467532467532645,-0.019175455417066223,-0.01342281879194629
2025-05-09,159995,range,0.00561797752808979,0.09743135518157664,-0.03804347826086951,-0.02670856245090325,-0.013579240110713677,-0.028235294117646914,-0.021791767554479535,-0.025020177562550594
2025-05-09,512760,range,0.006018916595012969,0.09366130558183539,-0.026936026936026924,-0.02033898305084747,-0.013788409565209424,-0.030201342281879207,-0.01903114186851218,-0.016435986159169524
2025-05-09,515050,range,-0.05816326530612237,0.14712389380530966,-0.13727121464226288,-0.11443210930828362,-0.01913059216870244,-0.017061611374407648,0.0,0.04628736740597872
2025-05-09,512000,range,-0.015228426395939021,0.05374077976817704,-0.07407407407407418,-0.24127465857359642,-0.0067141438258241795,-0.010880316518298572,0.020000000000000018,0.03499999999999992
2025-05-09,515030,range,-0.038135593220339103,0.1096014492753623,-0.03467297084318344,-0.06273909716908943,-0.011953549696135303,-0.004065040650406471,0.020408163265306145,-0.009795918367346945
2025-05-09,159875,range,-0.03640776699029136,0.07286432160804002,-0.0757575757575758,-0.1928166351606806,-0.007685313552770066,-0.004662004662004615,0.014051522248243575,0.0023419203747072626
2025-05-09,512660,range,-0.05650857719475266,0.10676532769556024,0.007699711260827691,-0.09193408499566358,-0.014056813926706184,-0.02332089552238814,-0.00859598853868182,0.014326647564470107
2025-05-09,512690,range,-0.013445378151260456,-0.01791530944625408,0.054195804195804165,-0.1458923512747875,-0.006194855886488179,-0.03520000000000001,-0.0066334991708125735,-0.04809286898839138
2025-05-09,159928,range,-0.009815950920245342,-0.008433734939759074,0.06883116883116869,-0.09261300992282262,-0.004360349696079699,-0.023724792408066464,0.0,0.0
2025-05-09,512010,range,-0.02285714285714291,0.04069767441860472,0.0028011204481792618,-0.09823677581863988,-0.0059467739916078104,0.0,0.013966480446927276,0.05586592178770955
2025-05-09,159801,range,0.001615508885298822,0.10160427807486627,-0.03588143525741028,-0.026771653543307128,-0.012752203688897163,-0.025236593059936974,-0.02265372168284796,-0.027508090614886793
2025-05-09,512890,range,-0.00443655723158809,0.04044117647058809,0.049119555143651406,0.01615798922800704,-0.006555035241372292,0.0,0.007067137809187329,0.0326855123674914
2025-05-09,510880,range,-0.0026126714565644082,0.02231102231102211,0.007548408270429796,-0.05799324946302553,-0.00513211291455944,-0.0038935756002596023,0.011726384364820763,0.01889250814332266
2025-05-09,168204,range,0.0006317119393556281,0.0025348542458809575,-0.07701283547257876,-0.179460580912863,-0.006426979852389211,-0.022853613341568768,0.017067003792667457,0.02402022756005051
2025-05-09,512400,range,-0.014506769825918697,0.0915712799167534,-0.010377358490566202,-0.06171735241502696,-0.015430287347059054,-0.015023474178403773,0.0057197330791229906,0.03145853193517656
2025-05-16,512480,range,0.019175455417066223,-0.018234165067178676,-0.04925650557620831,-0.026641294005708915,-0.010774365612093344,-0.051020408163265474,-0.0185728250244378,-0.02639296187683271
2025-05-16,159995,range,0.021791767554479535,-0.01543460601137292,-0.06553585196607559,-0.050900548159749426,-0.009481856955398904,-0.049411764705882266,-0.01650165016501648,-0.031353135313531344
2025-05-16,512760,range,0.01903114186851218,-0.01903114186851218,-0.04945515507124909,-0.03979678238780704,-0.009949576819165164,-0.04865771812080544,-0.015873015873015706,-0.02910052910052907
2025-05-16,515050,range,-0.0,0.07128099173553704,-0.15964343598055108,-0.11443210930828362,-0.017772620226721332,-0.027204502814259013,-0.027000964320154308,0.055930568948891146
2025-05-16,512000,range,-0.020000000000000018,0.03975535168195732,-0.06163753449861997,-0.1556291390728476,-0.012516863718417648,-0.02949571836346332,-0.021568627450980427,0.0235294117647058
2025-05-16,515030,range,-0.020408163265306145,0.0702054794520548,-0.024199843871974935,-0.0487062404870624,-0.011525937007343003,-0.006359300476947549,0.0040000000000000036,-0.04160000000000008
2025-05-16,159875,range,-0.014051522248243575,0.04842615012106544,-0.06073752711496749,-0.18761726078799257,-0.00921338304860106,-0.015909090909090873,-0.009237875288683584,-0.0161662817551963
2025-05-16,512660,range,0.00859598853868182,0.032835820895522616,0.012682926829268304,-0.07569011576135354,-0.019010038263475738,-0.0529197080291971,-0.008670520231213952,0.01734104046242768
2025-05-16,512690,range,0.0066334991708125735,-0.021241830065359513,0.013536379018612488,-0.09104704097116856,-0.007284858184919303,-0.03387096774193554,-0.02003338898163609,-0.08848080133555913
2025-05-16,159928,range,-0.0,-0.00962695547533099,0.04441624365482233,-0.0407925407925408,-0.0050191123392709525,-0.017899761336515496,-0.0060753341433779084,-0.03402187120291611
2025-05-16,512010,range,-0.013966480446927276,0.046109510086455474,-0.0027472527472527375,-0.06201550387596899,-0.005146514285516797,0.0,0.019283746556473913,0.030303030303030276
2025-05-16,159801,range,0.02265372168284796,-0.014681892332789603,-0.06356589147286829,-0.04581358609794628,-0.009014274879726948,-0.04731861198738174,-0.01490066225165565,-0.03311258278145701
2025-05-16,512890,range,-0.007067137809187329,0.030741410488245746,0.04300091491308322,0.05751391465677158,-0.006600525652551492,-0.01041666666666663,0.00877192982456143,0.03070175438596512
2025-05-16,510880,range,-0.011726384364820763,0.01304631441617743,0.016693944353518786,-0.019261130407325577,-0.004817178812855064,-0.008617938078519072,0.005473277527366482,0.008048937540244605
2025-05-16,168204,range,-0.017067003792667457,-0.004331683168316891,-0.04226190476190472,-0.13772775991425512,-0.006070154231946204,-0.006790123456790198,0.005593536357986428,0.004350528278433963
2025-05-16,512400,range,-0.0057197330791229906,0.019323671497584627,0.024271844660194164,-0.008458646616541499,-0.012250905667932655,-0.014018691588785215,0.013270142180094702,0.05402843601895757
2025-05-23,512480,range,0.0185728250244378,-0.0465337132003798,-0.1314878892733563,-0.017612524461839585,-0.010724120241167173,-0.06864564007421159,-0.007968127490039834,-0.0009960159362550902
2025-05-23,159995,range,0.01650165016501648,-0.0464,-0.1424460431654676,-0.03481781376518234,-0.009808978662134591,-0.06509803921568624,-0.01342281879194629,-0.010906040268456318
2025-05-23,512760,range,0.015873015873015706,-0.04370179948586117,-0.1274433150899139,-0.021910604732690575,-0.010089163372972465,-0.06375838926174482,-0.009856630824372825,-0.007168458781361964
2025-05-23,515050,range,0.027000964320154308,0.0445134575569357,-0.20800627943485095,-0.097495527728086,-0.017115365358698186,-0.05347091932457804,0.010901883052527372,0.08721506442021809
2025-05-23,512000,range,0.021568627450980427,0.007063572149344166,-0.08018433179723494,-0.15566835871404394,-0.012983647549604382,-0.050428163653663094,-0.0010020040080159776,0.027054108216432837
2025-05-23,515030,range,-0.0040000000000000036,0.07264957264957261,-0.06062874251497019,-0.04924242424242442,-0.011583976845488848,-0.016457680250783757,-0.047011952191234996,-0.03904382470119516
2025-05-23,159875,range,0.009237875288683584,0.04126213592233019,-0.07939914163090134,-0.18285714285714294,-0.010075558764200805,-0.025000000000000022,-0.020979020979021046,-0.006993006993006978
2025-05-23,512660,range,0.008670520231213952,0.022862823061630122,-0.016252390057361454,-0.05855443732845389,-0.018875603797214827,-0.06113138686131403,0.01846452866861048,0.02137998056365409
2025-05-23,512690,range,0.02003338898163609,-0.0329489291598023,-0.015100671140939603,-0.08566978193146424,-0.006891873346507899,-0.04241435562805873,-0.010221465076660996,-0.061328790459965754
2025-05-23,159928,range,0.0060753341433779084,-0.013268998793727449,0.03282828282828265,-0.027348394768133222,-0.00491994891711733,-0.01800720288115243,0.0024449877750611915,-0.03667481662591676
2025-05-23,512010,range,-0.019283746556473913,0.05113636363636376,0.005434782608695565,-0.038961038961038974,-0.005574594141533133,-0.0026954177897574594,0.008108108108108025,-0.018918918918918948
2025-05-23,159801,range,0.01490066225165565,-0.043408360128617374,-0.14017341040462428,-0.0325203252032521,-0.009127818508737883,-0.061514195583596276,-0.013445378151260567,-0.015126050420168125
2025-05-23,512890,range,-0.00877192982456143,0.025869759143621662,0.06580166821130673,0.048313582497721,-0.006696912166806685,-0.007765314926660993,0.007826086956521872,0.034782608695652195
2025-05-23,510880,range,-0.005473277527366482,0.014949626259343596,0.042389853137516864,-0.029521441889372224,-0.005400975374021158,-0.008886067914947504,-0.00032020493115603177,0.009606147934678066
2025-05-23,168204,range,-0.005593536357986428,0.009357454772302098,-0.018203883495145567,-0.14527205493924977,-0.007206914867188719,-0.012210012210012056,-0.0067985166872682745,0.0024721878862794533
2025-05-23,512400,range,-0.013270142180094702,0.00849056603773568,0.03786407766990285,-0.0009345794392524587,-0.009394612002495716,-0.008348794063079867,-0.023386342376052305,0.026192703461178635
2025-05-30,512480,range,0.007968127490039834,-0.04871060171919761,-0.08874656907593781,0.00809716599190291,-0.012030472659921528,-0.07606679035250474,0.033132530120481896,0.053212851405622486
2025-05-30,159995,range,0.01342281879194629,-0.0561797752808989,-0.09885057471264369,-0.010101010101010055,-0.011438774714311576,-0.0776470588235294,0.027210884353741527,0.04591836734693877
2025-05-30,512760,range,0.009856630824372825,-0.04987102321582115,-0.08903544929925811,0.0036330608537693543,-0.011144609471407687,-0.07298657718120805,0.028959276018099667,0.048868778280543035
2025-05-30,515050,range,-0.010901883052527372,0.04081632653061229,-0.10994764397905754,-0.0449438202247191,-0.017740462818760315,-0.04315196998123827,0.06372549019607843,0.15490196078431362
2025-05-30,512000,range,0.0010020040080159776,0.012182741116751217,-0.05676442762535472,-0.11847922192749782,-0.013089949844885703,-0.051379638439581266,0.03811434302908712,0.08926780341023077
2025-05-30,515030,range,0.047011952191234996,0.013559322033898313,-0.11799410029498536,-0.045490822027134836,-0.013033305233437082,-0.06269592476489039,0.014214046822742521,0.05434782608695654
2025-05-30,159875,range,0.020979020979021046,0.01941747572815533,-0.11949685534591192,-0.1699604743083004,-0.010906562734256841,-0.045454545454545525,0.01904761904761898,0.06666666666666665
2025-05-30,512660,range,-0.01846452866861048,0.057517658930373416,0.036597428288823064,-0.00663507109004724,-0.01929982402307972,-0.04379562043795626,0.013358778625954137,0.09446564885496178
2025-05-30,512690,range,0.010221465076660996,-0.02352941176470591,-0.02842809364548493,-0.07484076433121023,-0.007417469112251333,-0.05220228384991843,-0.012048192771084376,-0.04475043029259884
2025-05-30,159928,range,-0.0024449877750611915,0.006134969325153339,0.03144654088050314,0.003671970624234966,-0.0049099730210630365,-0.015606242496998823,0.003658536585365857,-0.03170731707317065
2025-05-30,512010,range,-0.008108108108108025,0.06571428571428584,0.04189944134078205,0.0,-0.006579370214609263,0.0,0.013404825737265424,-0.013404825737265424
2025-05-30,159801,range,0.013445378151260567,-0.05169628432956386,-0.09553158705701081,-0.006768189509306244,-0.01023044876715694,-0.07413249211356476,0.023850085178875657,0.040885860306643984
2025-05-30,512890,range,-0.007826086956521872,0.028393966282165062,0.07017543859649122,0.07017543859649122,-0.005044901471686896,0.0,0.008628127696289845,0.023295944779982758
2025-05-30,510880,range,0.00032020493115603177,0.019595035924232507,0.041708375041708434,-0.020087884494664143,-0.005169455703636469,-0.009203427483338578,0.0019218449711724261,0.009609224855861687
2025-05-30,168204,range,0.0067985166872682745,0.01516108654453574,-0.01411042944785268,-0.12281659388646293,-0.007890014087052555,-0.01892551892551886,0.008089607965152457,0.0037336652146857663
2025-05-30,512400,range,0.023386342376052305,0.009671179883945946,0.0165530671859786,0.024533856722276814,-0.010556844628851635,-0.03153988868274582,0.03639846743295028,0.09099616858237547
2025-06-06,512480,range,-0.015825914935707175,-0.03838951310861438,-0.1007005253940455,0.023928215353938187,-0.01141133427289325,-0.021904761904761982,-0.033106134371957086,-0.004868549172346581
2025-06-06,159995,range,-0.014249790444258004,-0.04347826086956519,-0.10898379970544925,0.005818786367414619,-0.010944829179493635,-0.027331189710610992,-0.031404958677686,-0.01074380165289246
2025-06-06,512760,range,-0.014272970561998166,-0.03807106598984766,-0.10047468354430378,0.02156334231805923,-0.010709805659192268,-0.022355975924333693,-0.033421284080914715,-0.006156552330694898
2025-06-06,515050,range,-0.03965183752417789,0.018957345971563955,-0.08198121263877034,-0.007386888273314907,-0.016456663555117216,0.0,-0.0009302325581393989,0.10139534883720924
2025-06-06,512000,range,-0.017946161515453696,0.009891196834816984,-0.04668534080298792,-0.1198275862068966,-0.013069527540593963,-0.02854424357754526,0.007835455435847294,0.05974534769833517
2025-06-06,515030,range,0.0032867707477403085,-0.013821138211382089,-0.09747023809523814,-0.03882725832012668,-0.012470532550243801,-0.04937304075235105,-0.0065952184666117075,0.033800494641385015
2025-06-06,159875,range,0.0023529411764705577,-0.011655011655011704,-0.09401709401709413,-0.15873015873015872,-0.009914631800248394,-0.036363636363636376,0.002358490566037652,0.06839622641509435
2025-06-06,512660,range,-0.0,-0.02332089552238814,-0.02332089552238814,-0.009460737937559194,-0.015568789728720705,-0.04470802919708039,0.008595988538682153,0.0659025787965617
2025-06-06,512690,range,0.018707482993197244,-0.0415282392026578,-0.05718954248366015,-0.08557844690966732,-0.0072717459829279435,-0.0587275693311583,-0.05545927209705359,-0.038128249566724226
2025-06-06,159928,range,0.0012195121951219523,-0.0036496350364964014,0.017391304347825987,-0.012062726176115812,-0.0050475573973125,-0.01680672268907568,-0.02564102564102555,-0.02564102564102555
2025-06-06,512010,range,-0.0026881720430107503,0.04481792717086841,0.04189944134078205,-0.002673796791443861,-0.007541322624278378,-0.0158311345646438,0.01072386058981234,-0.00536193029490617
2025-06-06,159801,range,-0.013468013468013407,-0.04292527821939596,-0.11078286558345651,0.006688963210702337,-0.009653640639017786,-0.029032258064516148,-0.03322259136212624,-0.011627906976744207
2025-06-06,512890,range,-0.01388888888888884,0.03914590747330937,0.07649769585253452,0.060853769300635685,-0.005385477338231767,-0.005110732538330498,0.0008561643835618415,0.03681506849315075
2025-06-06,510880,range,-0.005148005148005064,0.023255813953488413,0.04237570904237575,-0.04347826086956519,-0.005161765131949669,-0.008568708346556542,0.0003201024327783575,0.03137003841229191
2025-06-06,168204,range,0.0030998140111592187,0.01195720578980497,-0.015309246785058073,-0.14830508474576265,-0.007899786786045403,-0.01831501831501825,0.003109452736318241,0.015547263681592094
2025-06-06,512400,range,-0.025665399239543696,0.025665399239543696,0.010299625468164653,0.036503362151777186,-0.009940905485396887,0.0,0.03429101019462477,0.0648748841519926
2025-06-13,512480,range,0.033106134371957086,-0.031219512195121868,-0.11101163831692029,-0.014880952380952439,-0.011353328113668713,-0.03779069767441867,-0.001007049345417954,0.038267875125881146
2025-06-13,159995,range,0.031404958677686,-0.03855619360131268,-0.11746987951807242,-0.017602682313495488,-0.010774433549830114,-0.042483660130719025,-0.005972696245733711,0.03412969283276457
2025-06-13,512760,range,0.033421284080914715,-0.03511852502194912,-0.11442385173247394,-0.00990990990991003,-0.010614956242277065,-0.04017467248908302,-0.0018198362147406888,0.03821656050955413
2025-06-13,515050,range,0.0009302325581393989,0.037681159420289934,-0.0906011854360711,-0.04107142857142865,-0.015000479500252826,-0.01377410468319551,0.021415270018621868,0.12662942271880806
2025-06-13,512000,range,-0.007835455435847294,-0.0029069767441861627,-0.06539509536784749,-0.13091216216216217,-0.009398744388362263,-0.011527377521613813,-0.01554907677356654,0.09815354713313895
2025-06-13,515030,range,0.0065952184666117075,-0.027441485068603777,-0.11135693215339237,-0.04893449092344104,-0.0112788273898974,-0.05564263322884011,-0.012448132780083054,0.0439834024896264
2025-06-13,159875,range,-0.002358490566037652,-0.01620370370370372,-0.1033755274261603,-0.15674603174603174,-0.008689082752141173,-0.031890660592255204,-0.007058823529411784,0.09882352941176475
2025-06-13,512660,range,-0.008595988538682153,0.018322082931533368,-0.03561643835616435,-0.024930747922437546,-0.009429355098487458,-0.005649717514124353,-0.02083333333333337,0.06818181818181812
2025-06-13,512690,range,0.05545927209705359,-0.1006600660066006,-0.1641104294478527,-0.16539050535987743,-0.008239304416236687,-0.09015025041736213,0.023853211009174258,0.04587155963302725
2025-06-13,159928,range,0.02564102564102555,-0.03971119133573997,-0.0556213017751479,-0.06447831184056263,-0.006834335087240124,-0.03389830508474567,-0.005012531328320802,0.012531328320801949
2025-06-13,512010,range,-0.01072386058981234,0.038567493112947604,0.030054644808743092,-0.01049868766404205,-0.009136008245960541,-0.015665796344647487,-0.037135278514588865,0.010610079575596787
2025-06-13,159801,range,0.03322259136212624,-0.042763157894736836,-0.12084592145015116,-0.018549747048903886,-0.009401849521669576,-0.044334975369458185,-0.0034364261168384758,0.03608247422680422
2025-06-13,512890,range,-0.0008561643835618415,0.018292682926829285,0.06272727272727274,0.041889483065953526,-0.004658759030691511,-0.00595238095238082,0.011120615911035081,0.042771599657827286
2025-06-13,510880,range,-0.0003201024327783575,0.0003201024327783575,0.018578878748370276,-0.05845134076529068,-0.004333526659098712,-0.00825134877816558,0.0048000000000001375,0.040000000000000036
2025-06-13,168204,range,-0.003109452736318241,-0.004320987654321096,-0.044431279620853026,-0.1563807531380753,-0.008215772995094734,-0.015262515262515208,-0.007439553626782391,0.039057656540607555
2025-06-13,512400,range,-0.03429101019462477,0.055818353831599055,0.009041591320072317,0.05183788878416595,-0.010260717269756272,-0.0008952551477170445,-0.025985663082437438,0.04659498207885293
2025-06-20,512480,bear,0.001007049345417954,-0.024582104228121793,-0.06766917293233088,-0.00700700700700696,-0.011018197133308861,-0.03595724003887257,0.04133064516129026,0.042338709677419484
2025-06-20,159995,bear,0.005972696245733711,-0.03559602649006621,-0.07759303246239102,-0.022651006711409294,-0.010234100093880798,-0.037190082644628086,0.04206008583690979,0.04892703862660941
2025-06-20,512760,bear,0.0018198362147406888,-0.030061892130857637,-0.07269653423499578,-0.0036330608537693543,-0.010102358500565047,-0.03518029903254183,0.04102096627164986,0.04466727438468543
2025-06-20,515050,bear,-0.021415270018621868,0.06815968841285303,-0.03518029903254183,-0.0257548845470692,-0.015812586230913996,-0.02140945584299736,0.054694621695533296,0.2060164083865086
2025-06-20,512000,bear,0.01554907677356654,0.002970297029702973,-0.04613935969868188,-0.1168265039232782,-0.010796979923626639,-0.03247373447946522,0.07403751233958555,0.10463968410661417
2025-06-20,515030,bear,0.012448132780083054,-0.05405405405405406,-0.08882082695252691,-0.030944625407166138,-0.009812982908587169,-0.05179282868525892,0.054621848739495826,0.08823529411764697
2025-06-20,159875,bear,0.007058823529411784,-0.025404157043879882,-0.09051724137931039,-0.12809917355371903,-0.007662260515650034,-0.018604651162790753,0.04502369668246442,0.11137440758293837
2025-06-20,512660,bear,0.02083333333333337,-0.005769230769230749,-0.03992571959145774,-0.013358778625954248,-0.010008850038403185,-0.026365348399246757,0.06286266924564798,0.11702127659574457
2025-06-20,512690,bear,-0.023853211009174258,-0.055837563451776484,-0.10289389067524102,-0.11987381703470024,-0.010308447422625155,-0.05102040816326514,-0.010752688172043001,0.03046594982078843
2025-06-20,159928,bear,0.005012531328320802,-0.03406326034063245,-0.025766871165644023,-0.049101796407185594,-0.006923107775699321,-0.036407766990291135,-0.0025188916876573986,0.027707808564231717
2025-06-20,512010,bear,0.037135278514588865,-0.016260162601625994,0.008333333333333304,-0.018918918918918948,-0.01017930492200052,-0.052219321148825104,0.005509641873278293,0.07713498622589543
2025-06-20,159801,bear,0.0034364261168384758,-0.034941763727121544,-0.07643312101910837,-0.020270270270270285,-0.009118286384300673,-0.03654485049833889,0.03965517241379324,0.050000000000000044
2025-06-20,512890,bear,-0.011120615911035081,0.019844693701466687,0.07162284678150499,0.053475935828876775,-0.004285224838883285,0.0,0.0050761421319796,0.02622673434856182
2025-06-20,510880,bear,-0.0048000000000001375,-0.003490955252300809,0.02782324058919805,-0.05762304921968775,-0.003425909191442367,-0.0006365372374282918,0.004458598726114538,0.027388535031847017
2025-06-20,168204,bear,0.007439553626782391,-0.017791411042944683,-0.048722519310754664,-0.15913865546218486,-0.007222140716561896,-0.017791411042944683,0.007495315427857641,0.034978138663335434
2025-06-20,512400,bear,0.025985663082437438,0.01779026217228452,0.005550416281220993,0.07730426164519333,-0.009951735459540857,-0.026857654431513,0.046918123275068835,0.09383624655013811
2025-06-27,512480,range,-0.04133064516129026,0.021760633036597365,-0.014312977099236734,-0.014312977099236734,-0.010922870124239144,-0.008637236084453104,-0.010648596321393922,0.04743465634075528
2025-06-27,159995,range,-0.04206008583690979,0.017602682313495377,-0.01859337105901382,-0.03727200634417127,-0.00954399424559388,-0.004918032786885296,-0.014003294892915852,0.05271828665568368
2025-06-27,512760,range,-0.04102096627164986,0.018733273862622468,-0.018056749785038795,-0.01551724137931032,-0.009987886644962479,-0.005226480836236891,-0.010507880910682998,0.049036777583187474
2025-06-27,515050,range,-0.054694621695533296,0.1189555125725339,0.040467625899280435,-0.004302925989672857,-0.013900591145158302,0.0,0.023336214347450257,0.1460674157303372
2025-06-27,512000,range,-0.07403751233958555,0.08474576271186463,0.02738432483474984,-0.053089643167972045,-0.0176246629566377,-0.018050541516245522,-0.005514705882352922,0.07996323529411753
2025-06-27,515030,range,-0.054621848739495826,0.031224322103533098,-0.028637770897832926,0.03462489694971138,-0.011735424264623104,-0.009471191791633804,-0.0007968127490038945,0.07330677290836651
2025-06-27,159875,range,-0.04502369668246442,0.03764705882352937,-0.04130434782608694,-0.08316008316008316,-0.00914165534861761,-0.002262443438914019,0.027210884353741527,0.11337868480725621
2025-06-27,512660,range,-0.06286266924564798,0.049665711556829084,0.05673076923076925,0.0577478344562079,-0.011705190524920419,0.0,0.01546860782529591,0.06824385805277511
2025-06-27,512690,range,0.010752688172043001,-0.06122448979591821,-0.11396468699839479,-0.10967741935483866,-0.010327034397180206,-0.04991394148020645,0.005434782608695565,0.0507246376811592
2025-06-27,159928,range,0.0025188916876573986,-0.03414634146341455,-0.0353227771010961,-0.03883495145631055,-0.007410023165330615,-0.03883495145631055,0.007575757575757569,0.045454545454545414
2025-06-27,512010,range,-0.005509641873278293,-0.018817204301075252,-0.002732240437158473,-0.01084010840108407,-0.009655697331108059,-0.04699738903394257,0.016438356164383494,0.09863013698630141
2025-06-27,159801,range,-0.03965517241379324,0.015151515151515138,-0.02269043760129663,-0.039808917197452276,-0.009020163766906616,-0.004950495049504955,-0.013266998341625258,0.056384742951907096
2025-06-27,512890,range,-0.0050761421319796,0.03125,0.06834532374100699,0.0588235294117645,-0.00589779889973004,-0.014925373134328401,0.019360269360269466,0.0092592592592593
2025-06-27,510880,range,-0.004458598726114538,0.014800514800514808,0.02336145360155739,-0.0517137702946483,-0.0037467703245080836,-0.008176100628930927,0.021559923906151024,0.04407102092580861
2025-06-27,168204,range,-0.007495315427857641,0.0,-0.03355302576393049,-0.12050163576881134,-0.0067316763123106,-0.010429447852760676,0.012399256044637319,0.12151270923744573
2025-06-27,512400,range,-0.046918123275068835,0.08174904942965755,0.04788213627992621,0.14486921529175034,-0.009152088090535351,0.0,0.009666080843585334,0.13181019332161692
2025-07-04,512480,bull,0.010648596321393922,-0.004868549172346581,0.08262711864406791,0.06016597510373445,-0.01167329958848688,-0.025738798856053346,0.008806262230919737,0.042074363992172126
2025-07-04,159995,bull,0.014003294892915852,-0.01074380165289246,0.06400000000000006,0.023076923076923217,-0.01062417208927668,-0.02682926829268284,0.012531328320801949,0.044277360066833804
2025-07-04,512760,bull,0.010507880910682998,-0.006156552330694898,0.0792741165234001,0.05214152700186214,-0.010848803660572077,-0.025021570319240793,0.009734513274336498,0.03805309734513296
2025-07-04,515050,bull,-0.023336214347450257,0.10139534883720924,0.23719958202716818,0.07538601271571288,-0.01570690551189136,-0.005042016806722671,0.02195945945945943,0.158783783783784
2025-07-04,512000,bull,0.005514705882352922,0.05974534769833517,0.1572192513368984,0.022684310018903586,-0.017418300263752115,-0.023465703971119134,0.0443622920517559,0.05175600739371511
2025-07-04,515030,bull,0.0007968127490038945,0.033800494641385015,0.1146666666666667,0.0866551126516466,-0.012379328473861431,-0.01337529504327295,0.0031897926634769647,0.029505582137161035
2025-07-04,159875,bull,-0.027210884353741527,0.06839622641509435,0.13250000000000006,-0.00439560439560438,-0.009790559461930888,-0.006578947368421018,0.030905077262693093,0.04194260485651213
2025-07-04,512660,bull,-0.01546860782529591,0.0659025787965617,0.2038834951456312,0.12048192771084354,-0.01596205310576796,-0.027027027027026973,0.01075268817204278,0.045698924731182755
2025-07-04,512690,bull,-0.005434782608695565,-0.038128249566724226,-0.06565656565656552,-0.07499999999999984,-0.010437848910879658,-0.033101045296167086,0.02702702702702675,0.0216216216216214
2025-07-04,159928,bull,-0.007575757575757569,-0.02564102564102555,-0.0024999999999999467,-0.0012515644555695093,-0.007278604928129032,-0.03037667071688932,0.012531328320801949,0.010025062656641603
2025-07-04,512010,bull,-0.016438356164383494,-0.00536193029490617,0.08479532163742687,0.056980056980056926,-0.008814816983331211,-0.031331592689295085,0.02695417789757415,0.10242587601078168
2025-07-04,159801,bull,0.013266998341625258,-0.011627906976744207,0.06440071556350602,0.020583190394511064,-0.010045547428934758,-0.026186579378068786,0.013445378151260456,0.04705882352941182
2025-07-04,512890,bull,-0.019360269360269466,0.03681506849315075,0.13815789473684204,0.09990917347865591,-0.00576673663584898,0.0,0.006606110652353392,-0.024772914946325386
2025-07-04,510880,bull,-0.021559923906151024,0.03137003841229191,0.0966643975493533,-0.017383348581884728,-0.004236357774277374,0.0,0.008690254500310468,-0.004345127250155123
2025-07-04,168204,bull,-0.012399256044637319,0.015547263681592094,0.07152230971128604,-0.08258426966292132,-0.006732690703859686,-0.00669099756690994,0.026331904470300094,0.05388854868340487
2025-07-04,512400,bull,-0.009666080843585334,0.0648748841519926,0.21202531645569622,0.1931464174454829,-0.009744227580638516,-0.014579759862778596,0.016536118363794428,0.06527415143603132
2025-07-11,512480,bull,-0.008806262230919737,0.038267875125881146,-0.02274881516587679,0.05204081632653046,-0.0113853854353772,-0.01715919923736897,0.0029097963142581396,0.043646944713870095
2025-07-11,159995,bull,-0.012531328320801949,0.03412969283276457,-0.0296236989591675,0.011686143572620988,-0.010615371295643663,-0.014634146341463428,0.008250825082508184,0.03630363036303641
2025-07-11,512760,bull,-0.009734513274336498,0.03821656050955413,-0.02561912894961571,0.04487179487179471,-0.01058367591194231,-0.015530629853321876,0.004382120946538004,0.03330411919368981
2025-07-11,515050,bull,-0.02195945945945943,0.12662942271880806,0.23343527013251775,0.09304426377597097,-0.01678077043830872,-0.005751848808545734,0.09338842975206618,0.1388429752066116
2025-07-11,512000,bull,-0.0443622920517559,0.09815354713313895,0.14488348530901707,0.10136452241715377,-0.0170952339680541,0.0,-0.009734513274336165,-0.49292035398230083
2025-07-11,515030,bull,-0.0031897926634769647,0.0439834024896264,0.07982832618025748,0.0939130434782609,-0.011917950648576646,-0.010228166797796923,0.02941176470588225,0.0357710651828298
2025-07-11,159875,bull,-0.030905077262693093,0.09882352941176475,0.13075060532687655,0.04943820224719109,-0.011294186972834888,-0.002136752136752129,0.004282655246252487,0.025695931477516032
2025-07-11,512660,bull,-0.01075268817204278,0.06818181818181812,0.1026392961876832,0.1521961184882532,-0.015351655779303187,-0.016564952048823134,0.02393617021276606,0.09397163120567376
2025-07-11,512690,bull,-0.02702702702702675,0.04587155963302725,-0.06862745098039225,-0.01384083044982698,-0.007564304152059503,0.0,0.00877192982456143,0.0052631578947368585
2025-07-11,159928,bull,-0.012531328320801949,0.012531328320801949,-0.026506024096385472,0.03856041131105403,-0.004932227458833565,0.0,0.009900990099009688,0.00742574257425721
2025-07-11,512010,bull,-0.02695417789757415,0.010610079575596787,0.08857142857142875,0.11730205278592365,-0.00910147351245107,0.0,0.026246719160105014,0.06561679790026242
2025-07-11,159801,bull,-0.013445378151260456,0.03608247422680422,-0.02898550724637683,0.01005025125628145,-0.009742210804121097,-0.013093289689034338,0.00995024875621886,0.036484245439469376
2025-07-11,512890,bull,-0.006606110652353392,0.042771599657827286,0.11324200913242022,0.1245387453874538,-0.006272999758833113,-0.00894308943089428,-0.004922067268252617,-0.009844134536505345
2025-07-11,510880,bull,-0.008690254500310468,0.040000000000000036,0.06522451655195005,0.020728643216080256,-0.004758284881336786,-0.006420055029043081,-0.007384615384615434,0.008615384615384691
2025-07-11,168204,bull,-0.026331904470300094,0.039057656540607555,0.03712871287128694,-0.03400576368876085,-0.006416592769574854,0.0,-0.011336515513126422,0.0674224343675418
2025-07-11,512400,bull,-0.016536118363794428,0.04659498207885293,0.1198465963566635,0.17860746720484344,-0.01138326574775716,0.0,0.017979452054794676,0.11044520547945202
2025-07-18,512480,bull,-0.0029097963142581396,0.042338709677419484,-0.019905213270142053,0.046558704453441235,-0.011022959269330314,-0.014299332697807365,0.046421663442940186,0.11605415860735002
2025-07-18,159995,bull,-0.008250825082508184,0.04892703862660941,-0.02396166134185307,0.02259414225941425,-0.010250053847841133,-0.006504065040650375,0.04582651391162029,0.10310965630114577
2025-07-18,512760,bull,-0.004382120946538004,0.04466727438468543,-0.021349274124679907,0.046575342465753344,-0.010320745504284363,-0.011216566005176953,0.04537521815008727,0.09685863874345557
2025-07-18,515050,bull,-0.09338842975206618,0.2060164083865086,0.35414534288638677,0.1844225604297225,-0.02119983706316205,-0.006756756756756799,0.0022675736961452753,0.1436130007558578
2025-07-18,512000,bull,0.009734513274336165,0.10463968410661417,0.128024193548387,0.07286673058485138,-0.016200149370409474,-0.009734513274336165,0.05004468275245766,-0.4441465594280608
2025-07-18,515030,bull,-0.02941176470588225,0.08823529411764697,0.10212765957446801,0.09560067681895101,-0.011974360086529705,0.0,0.04015444015444025,0.05868725868725866
2025-07-18,159875,bull,-0.004282655246252487,0.11137440758293837,0.13285024154589364,0.039911308203991025,-0.011407571343381103,0.0,0.046908315565032055,0.07249466950959493
2025-07-18,512660,bull,-0.02393617021276606,0.11702127659574457,0.14130434782608692,0.17497456765005093,-0.014918777201405385,0.0,0.01645021645021627,0.07619047619047636
2025-07-18,512690,bull,-0.00877192982456143,0.03046594982078843,-0.054276315789473784,-0.012027491408934665,-0.006397634219022919,0.0,0.008695652173912993,0.01043478260869568
2025-07-18,159928,bull,-0.009900990099009688,0.027707808564231717,-0.013301088270858519,0.05290322580645146,-0.004854030208581379,0.0,0.014705882352941124,0.007352941176470562
2025-07-18,512010,bull,-0.026246719160105014,0.07713498622589543,0.12356321839080464,0.1499999999999999,-0.0076472844249031655,0.0,0.025575447570332477,0.06649616368286426
2025-07-18,159801,bull,-0.00995024875621886,0.050000000000000044,-0.024038461538461564,0.0235294117647058,-0.009422469583974514,-0.00327332242225864,0.04597701149425282,0.10180623973727432
2025-07-18,512890,bull,0.004922067268252617,0.02622673434856182,0.0888689407540395,0.1159153633854646,-0.006747605116365115,-0.013821138211382089,-0.01154163231657046,-0.01483924154987637
2025-07-18,510880,bull,0.007384615384615434,0.027388535031847017,0.05184219106618837,0.004046062869592193,-0.005850081705302766,-0.014058679706601462,0.02076875387476762,0.0015499070055795539
2025-07-18,168204,bull,0.011336515513126422,0.034978138663335434,0.03111387678904798,-0.05314285714285716,-0.0070596885689767404,-0.011926058437686349,0.0917320458660229,0.07604103802051898
2025-07-18,512400,bull,-0.017979452054794676,0.09383624655013811,0.11643192488262932,0.15213178294573648,-0.011837982931235856,0.0,0.0832632464255676,0.1320437342304457
2025-07-25,512480,bull,-0.046421663442940186,0.04743465634075528,0.04339440694310537,0.07341269841269837,-0.009733750217897392,0.0,-0.015711645101663674,0.21164510166358586
2025-07-25,159995,bull,-0.04582651391162029,0.05271828665568368,0.034817813765182226,0.05707196029776673,-0.00986105055258228,0.0,-0.021909233176838794,0.20735524256651017
2025-07-25,512760,bull,-0.04537521815008727,0.049036777583187474,0.03993055555555558,0.07540394973069997,-0.009600896161673155,0.0,-0.02086811352253748,0.20951585976627718
2025-07-25,515050,bull,-0.0022675736961452753,0.1460674157303372,0.35582822085889587,0.1227773073666385,-0.021237144564286617,-0.0045045045045044585,0.03469079939668185,0.2647058823529411
2025-07-25,512000,bull,-0.05004468275245766,0.07996323529411753,0.19168356997971614,0.11480075901328268,-0.010388283576566872,-0.003392705682782049,-0.031489361702127794,-0.4561702127659575
2025-07-25,515030,bull,-0.04015444015444025,0.07330677290836651,0.1444350042480882,0.1367088607594935,-0.010962155257716943,-0.0022222222222223476,-0.041573867854491464,0.04899777282850781
2025-07-25,159875,bull,-0.046908315565032055,0.11337868480725621,0.18599033816425115,0.1083521444695259,-0.012655983634420699,-0.006072874493927127,-0.0386965376782078,0.05295315682281054
2025-07-25,512660,bull,-0.01645021645021627,0.06824385805277511,0.18466195761856707,0.1955193482688391,-0.010699549559606074,0.0,-0.005962521294718859,0.08943781942078366
2025-07-25,512690,bull,-0.008695652173912993,0.0507246376811592,-0.034941763727121544,0.00694444444444442,-0.009786904289867993,-0.0186125211505922,-0.022413793103448265,0.050000000000000044
2025-07-25,159928,bull,-0.014705882352941124,0.045454545454545414,0.01346389228886169,0.07532467532467524,-0.006588071063216013,-0.009569377990430672,-0.02657004830917864,0.02898550724637694
2025-07-25,512010,bull,-0.025575447570332477,0.09863013698630141,0.14899713467048725,0.16909620991253638,-0.0078729479990826,0.0,0.01995012468827917,0.05735660847880286
2025-07-25,159801,bull,-0.04597701149425282,0.056384742951907096,0.037459283387622166,0.056384742951907096,-0.00938787975675055,0.0,-0.02197802197802201,0.20565149136577698
2025-07-25,512890,bull,0.01154163231657046,0.0092592592592593,0.061061946902654984,0.11224489795918369,-0.005943738008970472,-0.025203252032520274,-0.015012510425354453,0.008340283569641338
2025-07-25,510880,bull,-0.02076875387476762,0.04407102092580861,0.07124268054651939,0.07896461336828309,-0.0065781267588304985,-0.00423344420925309,-0.025812329183115712,-0.012146978439113276
2025-07-25,168204,bull,-0.0917320458660229,0.12151270923744573,0.1391687657430729,0.06286721504112802,-0.025180524387490858,-0.03776595744680844,-0.04864566058595898,-0.016583747927031545
2025-07-25,512400,bull,-0.0832632464255676,0.13181019332161692,0.2432432432432432,0.2702169625246549,-0.014970293442222976,0.0,-0.049689440993788914,0.06211180124223614
2025-08-01,512480,bull,0.015711645101663674,0.042074363992172126,-0.002808988764045006,0.0028248587570620654,-0.009796521280792753,-0.029170464904284432,0.010328638497652642,0.295774647887324
2025-08-01,159995,bull,0.021909233176838794,0.044277360066833804,-0.011857707509881354,-0.01806755695208162,-0.009888678646344646,-0.03325599381283828,0.0047999999999999154,0.32400000000000007
2025-08-01,512760,bull,0.02086811352253748,0.03805309734513296,-0.0076142131979695105,0.0,-0.009887672797661859,-0.03377265238879734,0.005115089514066584,0.3052003410059674
2025-08-01,515050,bull,-0.03469079939668185,0.158783783783784,0.3004739336492892,0.14715719063545163,-0.020229969741096778,-0.019999999999999907,0.004373177842565523,0.41107871720116607
2025-08-01,512000,bull,0.031489361702127794,0.05175600739371511,0.12561819980217614,0.05663881151346328,-0.012498734967053986,-0.042087542087542174,-0.4964850615114236,-0.4428822495606326
2025-08-01,515030,bull,0.041573867854491464,0.029505582137161035,0.04959349593495932,0.013343799058084693,-0.01267841604295695,-0.046528803545051844,0.009295120061967532,0.1556932610379551
2025-08-01,159875,bull,0.0386965376782078,0.04194260485651213,0.10023310023310028,0.01724137931034475,-0.015366648074671441,-0.044534412955465674,0.014830508474576343,0.1567796610169494
2025-08-01,512660,bull,0.005962521294718859,0.045698924731182755,0.08861940298507465,0.13521400778210113,-0.011348581813877963,-0.03153526970954357,0.05741216795201365,0.12339331619537264
2025-08-01,512690,bull,0.022413793103448265,0.0216216216216214,-0.058139534883721034,-0.007005253940455369,-0.011345898549160365,-0.040609137055837574,0.010582010582010692,0.10229276895943573
2025-08-01,159928,bull,0.02657004830917864,0.010025062656641603,-0.019464720194647067,0.04404145077720201,-0.00909346275446482,-0.03588516746411474,0.009925558312654958,0.08808933002481378
2025-08-01,512010,bull,-0.01995012468827917,0.10242587601078168,0.14565826330532206,0.15536723163841804,-0.011963045044779791,-0.03537735849056611,-0.007334963325183241,0.05378973105134488
2025-08-01,159801,bull,0.02197802197802201,0.04705882352941182,-0.009538950715421324,-0.01579778830963663,-0.009876198096186973,-0.03260869565217395,0.0032102728731941976,0.321027287319422
2025-08-01,512890,bull,0.015012510425354453,-0.024772914946325386,0.05071174377224197,0.09453197405004632,-0.0057787684894581364,-0.0398373983739837,0.02201524132091448,0.01100762066045724
2025-08-01,510880,bull,0.025812329183115712,-0.004345127250155123,0.050769734687192924,0.05042567125081865,-0.007674647436647237,-0.029936498336861184,0.021820448877805543,-0.0059226932668329235
2025-08-01,168204,bull,0.04864566058595898,0.05388854868340487,0.08307111390811839,0.0017462165308499422,-0.027308928685537363,-0.08457446808510627,0.03951191167925616,0.00987797791981393
2025-08-01,512400,bull,0.049689440993788914,0.06527415143603132,0.16349809885931554,0.15689981096408312,-0.017019341009395204,-0.049689440993788914,0.059640522875817004,0.21405228758169925
2025-08-08,512480,bull,-0.010328638497652642,0.043646944713870095,0.049756097560975876,0.013182674199623268,-0.010080529158051061,-0.019143117593436565,0.07249070631970245,0.18680297397769507
2025-08-08,159995,bull,-0.0047999999999999154,0.03630363036303641,0.03035274815422473,-0.01567398119122254,-0.00976877348232289,-0.028615622583139877,0.0732484076433122,0.21656050955414008
2025-08-08,512760,bull,-0.005115089514066584,0.03330411919368981,0.03511852502194901,0.0,-0.010102722903230561,-0.02883031301482697,0.06615776081424918,0.2027141645462256
2025-08-08,515050,bull,-0.004373177842565523,0.1388429752066116,0.33140096618357484,0.14642262895174696,-0.018720565798082876,-0.01571428571428568,0.09796806966618288,0.37445573294629897
2025-08-08,512000,bull,0.4964850615114236,-0.49292035398230083,-0.44476744186046513,-0.47091412742382277,-0.11396330607850585,-0.5176767676767677,0.08551483420593375,0.048865619546247796
2025-08-08,515030,bull,-0.009295120061967532,0.0357710651828298,0.05165456012913627,0.011645962732919068,-0.012299341828126356,-0.037666174298375266,0.05218726016884112,0.2356101304681506
2025-08-08,159875,bull,-0.014830508474576343,0.025695931477516032,0.10879629629629628,0.0390455531453362,-0.013603931199951284,-0.030364372469635637,0.050104384133611735,0.2630480167014615
2025-08-08,512660,bull,-0.05741216795201365,0.09397163120567376,0.18997107039537142,0.20390243902439043,-0.014288642550592338,-0.01042502004811563,0.0072933549432741,-0.04051863857374394
2025-08-08,512690,bull,-0.010582010582010692,0.0052631578947368585,-0.054455445544554504,-0.025510204081632626,-0.011340081966966547,-0.030456852791878153,0.013961605584642323,0.0732984293193717
2025-08-08,159928,bull,-0.009925558312654958,0.00742574257425721,-0.020457280385078214,0.03430749682337986,-0.009188453745990116,-0.02631578947368418,0.00982800982800991,0.0626535626535627
2025-08-08,512010,bull,0.007334963325183241,0.06561679790026242,0.11845730027548229,0.12154696132596698,-0.011967488495631578,-0.04245283018867918,0.027093596059113212,0.09852216748768461
2025-08-08,159801,bull,-0.0032102728731941976,0.036484245439469376,0.027960526315789602,-0.01729559748427678,-0.010248145961540079,-0.029503105590062084,0.07360000000000011,0.21439999999999992
2025-08-08,512890,bull,-0.02201524132091448,-0.009844134536505345,0.05139372822299659,0.1032906764168191,-0.00575266992545182,-0.016299918500407462,-0.009942004971002505,-0.01822700911350461
2025-08-08,510880,bull,-0.021820448877805543,0.008615384615384691,0.04929577464788726,0.06844850065189045,-0.007568780619560516,-0.008769277290595734,-0.01433801098230636,-0.03538743136058575
2025-08-08,168204,bull,-0.03951191167925616,0.0674224343675418,0.10432098765432096,0.05920663114268798,-0.02758208306219889,-0.04840425531914894,-0.003353828954723359,-0.03521520402459477
2025-08-08,512400,bull,-0.059640522875817004,0.11044520547945202,0.2270577105014191,0.2293838862559241,-0.016075354764210237,0.0,0.03777949113338486,0.16191210485736307
2025-08-15,512480,bull,-0.07249070631970245,0.11605415860735002,0.1347099311701081,0.0017361111111111605,-0.011946537731553368,0.0,0.13604852686308488,0.1837088388214907
2025-08-15,159995,bull,-0.0732484076433122,0.10310965630114577,0.11589403973509937,-0.026714801444043257,-0.011826386447750758,0.0,0.14465875370919878,0.22181008902077148
2025-08-15,512760,bull,-0.06615776081424918,0.09685863874345557,0.11140583554376637,-0.014117647058823568,-0.011837469411952663,0.0,0.1527446300715991,0.2140015910898967
2025-08-15,515050,bull,-0.09796806966618288,0.1436130007558578,0.47322297955209347,0.1746894409937887,-0.01840561771144336,-0.011757021554539504,0.10839391936549903,0.33311302048909464
2025-08-15,512000,bull,-0.08551483420593375,-0.4441465594280608,-0.38415841584158417,-0.43040293040293043,-0.11539632200131861,-0.4764309764309764,0.027331189710610992,-0.025723472668810365
2025-08-15,515030,bull,-0.05218726016884112,0.05868725868725866,0.08982511923688397,0.023134328358208833,-0.015284744419968235,0.0,0.03063457330415753,0.19985412107950395
2025-08-15,159875,bull,-0.050104384133611735,0.07249466950959493,0.161662817551963,0.08172043010752672,-0.01667335303572145,0.0,0.027833001988071704,0.18687872763419477
2025-08-15,512660,bull,-0.0072933549432741,0.07619047619047636,0.19519230769230766,0.19175455417066178,-0.014511631366525146,-0.005599999999999938,0.028962188254223475,-0.03459372485921175
2025-08-15,512690,bull,-0.013961605584642323,0.01043478260869568,-0.016920473773265665,-0.01358234295415961,-0.011239437396289131,-0.016920473773265665,0.048192771084337505,0.0688468158347677
2025-08-15,159928,bull,-0.00982800982800991,0.007352941176470562,0.0,0.045801526717557106,-0.008690273204567087,-0.01674641148325362,0.03649635036496357,0.07055961070559613
2025-08-15,512010,bull,-0.027093596059113212,0.06649616368286426,0.13008130081300817,0.11796246648793551,-0.01267258318909674,-0.01650943396226412,0.016786570743405393,0.05755395683453246
2025-08-15,159801,bull,-0.07360000000000011,0.10180623973727432,0.11647254575707167,-0.02612481857764859,-0.0125194927108447,0.0,0.14456035767511177,0.21907600596125176
2025-08-15,512890,bull,0.009942004971002505,-0.01483924154987637,0.03106125970664375,0.10443622920517548,-0.005440395158107208,-0.018077239112571863,0.011715481171548081,-0.009205020920502238
2025-08-15,510880,bull,0.01433801098230636,0.0015499070055795539,0.025388765471278996,0.07699999999999996,-0.007258010876654596,-0.022981554278802552,0.006809037449706068,-0.02228412256267409
2025-08-15,168204,bull,0.003353828954723359,0.07604103802051898,0.09386503067484675,0.08719512195121948,-0.027271003107514707,-0.05159574468085104,-0.0022434099831744048,-0.03028603477285463
2025-08-15,512400,bull,-0.03777949113338486,0.1320437342304457,0.2602996254681649,0.30552861299709044,-0.01498158340562311,0.0,0.01634472511144125,0.1604754829123327
2025-08-22,512480,bull,-0.13604852686308488,0.21164510166358586,0.2967359050445104,0.18428184281842808,-0.024766917445692198,0.0,0.05263157894736836,0.07475209763539281
2025-08-22,159995,bull,-0.14465875370919878,0.20735524256651017,0.2933780385582563,0.1618975903614457,-0.026215542544734554,0.0,0.07258587167854835,0.10369410239792631
2025-08-22,512760,bull,-0.1527446300715991,0.20951585976627718,0.2925958965209634,0.17709179528838348,-0.026641582973151754,0.0,0.05659075224292609,0.08350586611456179
2025-08-22,515050,bull,-0.10839391936549903,0.2647058823529411,0.6218568665377175,0.4370179948586119,-0.020524547750688085,0.0,0.15444245676803803,0.23375074537865226
2025-08-22,512000,bull,-0.027331189710610992,-0.4561702127659575,-0.3629112662013957,-0.3971698113207547,-0.11541471722135527,-0.46212121212121204,-0.007824726134585291,-0.0860719874804382
2025-08-22,515030,bull,-0.03063457330415753,0.04899777282850781,0.16105176663927678,0.07370820668693012,-0.014623789315041762,0.0,0.05590941259731075,0.21089879688605806
2025-08-22,159875,bull,-0.027833001988071704,0.05295315682281054,0.2164705882352942,0.10706638115631684,-0.015217611580919823,0.0,0.05609284332688591,0.17601547388781436
2025-08-22,512660,bull,-0.028962188254223475,0.08943781942078366,0.22158548233046793,0.27137176938369767,-0.015702883946414933,0.0,0.02501954652071925,-0.06567630961688808
2025-08-22,512690,bull,-0.048192771084337505,0.050000000000000044,0.03571428571428581,0.011627906976744207,-0.01080999598582449,0.0,0.026272577996715896,-0.0049261083743842304
2025-08-22,159928,bull,-0.03649635036496357,0.02898550724637694,0.039024390243902474,0.06900878293600998,-0.007694626123255011,0.0,0.02934272300469476,0.009389671361502261
2025-08-22,512010,bull,-0.016786570743405393,0.05735660847880286,0.13978494623655902,0.1876750700280112,-0.012335845002122807,0.0,0.01650943396226423,0.03537735849056611
2025-08-22,159801,bull,-0.14456035767511177,0.20565149136577698,0.29292929292929304,0.16187594553706508,-0.026314908740361694,0.0,0.07161458333333326,0.10286458333333326
2025-08-22,512890,bull,-0.011715481171548081,0.008340283569641338,0.04947916666666674,0.1153136531365313,-0.005565198806862963,-0.004118616144975218,-0.012406947890818976,-0.04135649296939625
2025-08-22,510880,bull,-0.006809037449706068,-0.012146978439113276,0.046653796653796764,0.08073089700996694,-0.0059639272964352235,-0.007929246721561367,-0.019674146941284998,-0.0430371964340609
2025-08-22,168204,bull,0.0022434099831744048,-0.016583747927031545,0.10291382517048975,0.09208103130755063,-0.010641451024627916,-0.014950166112956853,-0.023046655424395657,0.003372681281618828
2025-08-22,512400,bull,-0.01634472511144125,0.06211180124223614,0.30038022813688214,0.3680000000000001,-0.012778460403142185,0.0,0.08625730994152048,0.08406432748538006
2025-08-29,512480,bull_high_vol,-0.05263157894736836,0.295774647887324,0.34371957156767285,0.2084063047285465,-0.02905540388703857,-0.025423728813559365,-0.07463768115942027,0.1036231884057972
2025-08-29,159995,bull_high_vol,-0.07258587167854835,0.32400000000000007,0.3677685950413223,0.2187039764359351,-0.03077878478903127,-0.025897586815774032,-0.07673716012084597,0.10996978851963735
2025-08-29,512760,bull_high_vol,-0.05659075224292609,0.3052003410059674,0.3465259454705365,0.21123417721518978,-0.03037910202773511,-0.02546148949713556,-0.07380796864794248,0.11299804049640771
2025-08-29,515050,bull_high_vol,-0.15444245676803803,0.41107871720116607,0.8009302325581396,0.6532877882152006,-0.0240970836920171,0.0,-0.02169421487603307,0.08264462809917372
2025-08-29,512000,bull_high_vol,0.007824726134585291,-0.4428822495606326,-0.3790401567091086,-0.4080298786181139,-0.11587709620130031,-0.4428822495606326,-0.05205047318611988,-0.08044164037854895
2025-08-29,515030,bull_high_vol,-0.05590941259731075,0.1556932610379551,0.23000824402308329,0.11011904761904745,-0.015427645767348834,0.0,0.07908847184986612,0.18498659517426286
2025-08-29,159875,bull_high_vol,-0.05609284332688591,0.1567796610169494,0.287735849056604,0.16666666666666674,-0.01594418339468637,0.0,0.1080586080586079,0.16117216117216104
2025-08-29,512660,bull_high_vol,-0.02501954652071925,0.12339331619537264,0.2521489971346704,0.22294776119402981,-0.015324611641621258,0.0,-0.09687261632341726,-0.08771929824561409
2025-08-29,512690,bull_high_vol,-0.026272577996715896,0.10229276895943573,0.08318890814558078,0.0212418300653594,-0.015169928219777633,-0.011075949367088667,-0.016000000000000014,-0.0656000000000001
2025-08-29,159928,bull_high_vol,-0.02934272300469476,0.08808933002481378,0.07081807081807079,0.08944099378881987,-0.01070512744052417,-0.005668934240362855,-0.013683010262257711,-0.04332953249714944
2025-08-29,512010,bull_high_vol,-0.01650943396226423,0.05378973105134488,0.1554959785522787,0.2039106145251397,-0.01332282356021764,-0.00691244239631339,0.03480278422273786,0.004640371229698292
2025-08-29,159801,bull_high_vol,-0.07161458333333326,0.321027287319422,0.36710963455149503,0.21565731166912827,-0.03190891499979342,-0.03176470588235292,-0.07776427703523692,0.10814094775212646
2025-08-29,512890,bull_high_vol,0.012406947890818976,0.01100762066045724,0.022260273972602773,0.10046082949308754,-0.0060531090139713355,-0.020508613617719496,-0.007537688442210921,-0.03768844221105527
2025-08-29,510880,bull_high_vol,0.019674146941284998,-0.0059226932668329235,0.020806658130601674,0.06406406406406417,-0.006204669102870303,-0.027447392497712664,-0.008466603951081897,-0.02853559109438697
2025-08-29,168204,bull_high_vol,0.023046655424395657,0.00987797791981393,0.08084577114427849,0.06429883649724433,-0.009750292605166244,-0.03765227021040973,-0.0069044879171461515,0.017836593785960808
2025-08-29,512400,bull_high_vol,-0.08625730994152048,0.21405228758169925,0.37720111214087115,0.39138576779026213,-0.016184909696327552,0.0,0.014131897711978425,0.030955585464333746
2025-09-05,512480,bull_high_vol,0.07463768115942027,0.18680297397769507,0.28600201409869075,0.14324082363473578,-0.03711435223161869,-0.0981638418079096,0.06969459671104161,0.21926389976507443
2025-09-05,159995,bull_high_vol,0.07673716012084597,0.21656050955414008,0.3037542662116042,0.1506024096385541,-0.038727500195367866,-0.10064743967039436,0.07787958115183247,0.212041884816754
2025-09-05,512760,bull_high_vol,0.07380796864794248,0.2027141645462256,0.29026387625113736,0.14262691377921022,-0.03708216796588591,-0.09739019732654364,0.0761636107193231,0.2136812411847675
2025-09-05,515050,bull_high_vol,0.02169421487603307,0.37445573294629897,0.7635009310986962,0.6037256562235391,-0.03931669794633352,-0.06561420818944264,0.06494192185850056,0.07338965153115096
2025-09-05,512000,bull_high_vol,0.05205047318611988,0.048865619546247796,-0.41593780369290567,-0.4541326067211626,-0.020028983191062912,-0.06965944272445823,0.008319467554076532,-0.0016638935108153063
2025-09-05,515030,bull_high_vol,-0.07908847184986612,0.2356101304681506,0.3360995850622406,0.18731563421828912,-0.022973508991958005,0.0,0.021739130434782483,0.1422360248447203
2025-09-05,159875,bull_high_vol,-0.1080586080586079,0.2630480167014615,0.42352941176470593,0.2763713080168777,-0.025331523161385164,0.0,-0.013223140495867813,0.08925619834710763
2025-09-05,512660,bull_high_vol,0.09687261632341726,-0.04051863857374394,0.1212121212121211,0.08127853881278546,-0.021361936085303106,-0.09687261632341726,0.013513513513513598,0.054898648648648685
2025-09-05,512690,bull_high_vol,0.016000000000000014,0.0732984293193717,0.12844036697247696,-0.05674846625766872,-0.015328366244373396,-0.026898734177215222,0.009756097560975618,-0.061788617886178954
2025-09-05,159928,bull_high_vol,0.013683010262257711,0.0626535626535627,0.08395989974937335,0.02366863905325456,-0.01162286976640358,-0.01927437641723362,0.01734104046242768,-0.031213872832369982
2025-09-05,512010,bull_high_vol,-0.03480278422273786,0.09852216748768461,0.18302387267904519,0.21857923497267762,-0.019013629166918445,-0.004464285714285698,-0.011210762331838597,-0.04484304932735428
2025-09-05,159801,bull_high_vol,0.07776427703523692,0.21439999999999992,0.3041237113402062,0.1465256797583081,-0.04056158537080148,-0.10705882352941176,0.07773386034255592,0.2108036890645586
2025-09-05,512890,bull_high_vol,0.007537688442210921,-0.01822700911350461,0.01368691189050475,0.07727272727272716,-0.006174340223927557,-0.02789171452009842,-0.0008438818565401629,-0.024472573839662615
2025-09-05,510880,bull_high_vol,0.008466603951081897,-0.03538743136058575,0.011840000000000073,0.030638852672751016,-0.006235064641843659,-0.03538743136058575,-0.000948766603415585,-0.006957621758380661
2025-09-05,168204,bull_high_vol,0.0069044879171461515,-0.03521520402459477,0.07005579665220085,0.02251184834123232,-0.009019389573775585,-0.044296788482835026,0.0017381228273465332,0.043453070683661554
2025-09-05,512400,bull_high_vol,-0.014131897711978425,0.16191210485736307,0.35035842293906794,0.3625678119349003,-0.023033351874670493,-0.016960208741030658,0.03649635036496357,0.19376244193762449
2025-09-12,512480,bull_high_vol,-0.06969459671104161,0.1837088388214907,0.37701612903225823,0.28383458646616555,-0.03951253908018261,-0.035310734463276705,0.03147877013177158,0.04904831625183004
2025-09-12,159995,bull_high_vol,-0.07787958115183247,0.22181008902077148,0.41373390557939915,0.30403800475059395,-0.04128886245475071,-0.030606238964096533,0.03400121432908332,0.04432301153612617
2025-09-12,512760,bull_high_vol,-0.0761636107193231,0.2140015910898967,0.39106654512306305,0.2899408284023668,-0.03960211064809075,-0.028644175684277462,0.028833551769331667,0.044560943643512596
2025-09-12,515050,bull_high_vol,-0.06494192185850056,0.33311302048909464,0.8386508659981768,0.7739665787159189,-0.04496196362504941,-0.01609756097560977,0.02578086266732771,-0.023797719385225458
2025-09-12,512000,bull_high_vol,-0.008319467554076532,-0.025723472668810365,-0.40177690029615,-0.42937853107344637,-0.01772166192742824,-0.0619195046439629,-0.0363036303630363,-0.02640264026402639
2025-09-12,515030,bull_high_vol,-0.021739130434782483,0.19985412107950395,0.38235294117647056,0.25957120980091886,-0.02384745964613734,-0.009036144578313143,0.040121580547112456,0.06443768996960486
2025-09-12,159875,bull_high_vol,0.013223140495867813,0.18687872763419477,0.4146919431279621,0.28663793103448265,-0.025745080919722507,-0.014851485148514865,0.018425460636515956,0.05695142378559459
2025-09-12,512660,bull_high_vol,-0.013513513513513598,-0.03459372485921175,0.16054158607350089,0.11420612813370479,-0.021224174942576498,-0.08466819221967958,-0.004166666666666541,-0.01666666666666672
2025-09-12,512690,bull_high_vol,-0.009756097560975618,0.0688468158347677,0.11290322580645151,-0.001607717041800627,-0.015785213944608734,-0.017405063291139222,-0.024154589371980673,-0.048309178743961345
2025-09-12,159928,bull_high_vol,-0.01734104046242768,0.07055961070559613,0.10831234256926958,0.07975460122699385,-0.012850324105053853,-0.011235955056179803,-0.022727272727272707,-0.04886363636363644
2025-09-12,512010,bull_high_vol,0.011210762331838597,0.05755395683453246,0.2148760330578512,0.2250000000000001,-0.02010808321288197,-0.03289473684210531,-0.0045351473922902175,-0.061224489795918435
2025-09-12,159801,bull_high_vol,-0.07773386034255592,0.21907600596125176,0.41034482758620694,0.30254777070063676,-0.042758955500926836,-0.03764705882352948,0.03545232273838628,0.04523227383863082
2025-09-12,512890,bull_high_vol,0.0008438818565401629,-0.009205020920502238,0.0016920473773265332,0.07343608340888474,-0.006446837264666612,-0.028712059064807338,-0.021114864864864802,0.0025337837837837718
2025-09-12,510880,bull_high_vol,0.000948766603415585,-0.02228412256267409,0.006050955414012682,0.03404255319148919,-0.005949874031398731,-0.03483043079743364,-0.014561570117125666,0.030705919594808506
2025-09-12,168204,bull_high_vol,-0.0017381228273465332,-0.03028603477285463,0.07995003123048106,0.027332144979203887,-0.008192541173406447,-0.03837597330367071,0.0323886639676112,0.1636784268363216
2025-09-12,512400,bull_high_vol,-0.03649635036496357,0.1604754829123327,0.4369825206991722,0.4449583718778909,-0.023157963611519845,0.0,-0.05057618437900124,0.055057618437900135
2025-09-19,512480,bull_high_vol,-0.03147877013177158,0.07475209763539281,0.3639883833494677,0.3444656488549618,-0.03295165478825311,-0.01192145862552585,0.08090844570617461,0.1107168204400284
2025-09-19,159995,bull_high_vol,-0.03400121432908332,0.10369410239792631,0.4028006589785833,0.3767178658043653,-0.03399874753620937,-0.017877739331026432,0.07868467410452129,0.11215502055196702
2025-09-19,512760,bull_high_vol,-0.028833551769331667,0.08350586611456179,0.374781085814361,0.34995700773860716,-0.03204095259167244,-0.017521902377972465,0.08535031847133756,0.11337579617834392
2025-09-19,515050,bull_high_vol,-0.02578086266732771,0.23375074537865226,0.7882454624027657,0.8606115107913668,-0.04371273828061864,0.0,0.013049782503625096,0.09134847752537456
2025-09-19,512000,bull_high_vol,0.0363036303630363,-0.0860719874804382,-0.4632352941176471,-0.4485363550519358,-0.015589246775516145,-0.09597523219814252,-0.001712328767123239,0.041095890410958846
2025-09-19,515030,bull_high_vol,-0.040121580547112456,0.21089879688605806,0.363346613545817,0.3243034055727554,-0.024144157951506404,-0.011554015020219577,0.03331385154880184,0.061367621274108775
2025-09-19,159875,bull_high_vol,-0.018425460636515956,0.17601547388781436,0.3786848072562359,0.3217391304347825,-0.025834051820361047,-0.014586709886547866,0.04276315789473695,0.08552631578947367
2025-09-19,512660,bull_high_vol,0.004166666666666541,-0.06567630961688808,0.0873521383075524,0.14903846153846145,-0.019357267732008354,-0.08848207475209757,0.0008368200836819106,0.02259414225941425
2025-09-19,512690,bull_high_vol,0.024154589371980673,-0.0049261083743842304,0.09782608695652151,-0.027287319422150902,-0.011844052361096966,-0.04113924050632911,-0.0363036303630363,-0.03960396039603964
2025-09-19,159928,bull_high_vol,0.022727272727272707,0.009389671361502261,0.08585858585858586,0.047503045066991545,-0.011958913007246596,-0.03370786516853941,-0.024418604651162856,-0.03604651162790706
2025-09-19,512010,bull_high_vol,0.0045351473922902175,0.03537735849056611,0.20273972602739732,0.19945355191256842,-0.018998493102193797,-0.037280701754386025,-0.013667425968109326,-0.036446469248291646
2025-09-19,159801,bull_high_vol,-0.03545232273838628,0.10286458333333326,0.40464344941956876,0.3727714748784441,-0.035918101670006135,-0.01967592592592593,0.07674144037780417,0.11097992916174726
2025-09-19,512890,bull_high_vol,0.021114864864864802,-0.04135649296939625,-0.024410774410774327,0.04226618705035956,-0.007059934564467399,-0.04922067268252672,-0.008628127696289956,0.03364969801553053
2025-09-19,510880,bull_high_vol,0.014561570117125666,-0.0430371964340609,-0.012999365884590941,0.010058403634003898,-0.006572508675616949,-0.04888481515429277,-0.004818503051718603,0.051076132348217174
2025-09-19,168204,bull_high_vol,-0.0323886639676112,0.003372681281618828,0.10663360198388094,0.06950269622528449,-0.010995153333073276,-0.007230255839822064,-0.008963585434173638,0.0778711484593837
2025-09-19,512400,bull_high_vol,0.05057618437900124,0.08406432748538006,0.3031634446397189,0.36556169429097607,-0.022551984224789715,-0.05057618437900124,0.03304113283884025,0.17397167902899535
2025-09-26,512480,bull_high_vol,-0.08090844570617461,0.1036231884057972,0.49021526418786676,0.6133474576271187,-0.03112736473407669,-0.01487710219922389,0.02232435981615244,-0.046618516086671
2025-09-26,159995,bull_high_vol,-0.07868467410452129,0.10996978851963735,0.5346700083542189,0.6328888888888888,-0.03158700261475509,-0.01236559139784954,0.00816548720740351,-0.05062602068590094
2025-09-26,512760,bull_high_vol,-0.08535031847133756,0.11299804049640771,0.5079646017699115,0.6275071633237823,-0.03018338646120236,-0.012173913043478368,0.00997652582159625,-0.052230046948356756
2025-09-26,515050,bull_high_vol,-0.013049782503625096,0.08264462809917372,0.7702702702702704,1.1901776384535006,-0.041243966507403446,-0.038090867370353276,-0.03005725190839703,0.01526717557251911
2025-09-26,512000,bull_high_vol,0.001712328767123239,-0.08044164037854895,-0.46118299445471356,-0.3764705882352942,-0.014558430072593043,-0.07165605095541405,0.029159519725557415,0.02401372212692965
2025-09-26,515030,bull_high_vol,-0.03331385154880184,0.18498659517426286,0.4098883572567784,0.5715555555555556,-0.02325007720417108,-0.015041782729804942,0.04015837104072406,0.054864253393665185
2025-09-26,159875,bull_high_vol,-0.04276315789473695,0.16117216117216104,0.3995584988962473,0.585,-0.02525895953913102,-0.007824726134585291,0.039432176656151396,0.10410094637223977
2025-09-26,512660,bull_high_vol,-0.0008368200836819106,-0.08771929824561409,0.07168458781361986,0.29018338727076576,-0.018263529108149254,-0.08492731446059676,0.044314381270903036,0.013377926421404673
2025-09-26,512690,bull_high_vol,0.0363036303630363,-0.0656000000000001,0.05225225225225216,-0.01683501683501687,-0.008364281848842884,-0.07006369426751602,-0.011986301369863006,0.006849315068493178
2025-09-26,159928,bull_high_vol,0.024418604651162856,-0.04332953249714944,0.05137844611528819,0.04874999999999985,-0.00943407926062871,-0.05730337078651693,-0.0011918951132300348,-0.007151370679380209
2025-09-26,512010,bull_high_vol,0.013667425968109326,0.004640371229698292,0.1671159029649596,0.26608187134502903,-0.016818860944684714,-0.05043859649122806,-0.0161662817551963,-0.05542725173210161
2025-09-26,159801,bull_high_vol,-0.07674144037780417,0.10814094775212646,0.5327731092436976,0.6314847942754918,-0.032826309446183866,-0.014054054054054022,0.007675438596491224,-0.04824561403508776
2025-09-26,512890,bull_high_vol,0.008628127696289956,-0.03768844221105527,-0.051197357555739065,0.07988721804511267,-0.0068506424781667255,-0.04249999999999998,0.006092254134029584,0.04786771105308962
2025-09-26,510880,bull_high_vol,0.004818503051718603,-0.02853559109438697,-0.038485412787088835,0.05445881552076237,-0.006111366823019828,-0.02762084118016328,0.01355713363460298,0.05971594577146555
2025-09-26,168204,bull_high_vol,0.008963585434173638,0.017836593785960808,0.08328230251071633,0.1607611548556429,-0.009853589404569957,-0.010072747621712397,0.018089315997738886,0.10797060486150367
2025-09-26,512400,bull_high_vol,-0.03304113283884025,0.030955585464333746,0.33333333333333326,0.6160337552742616,-0.020428154501825203,-0.01920614596670933,0.1742819843342036,0.12206266318537873
2025-10-10,512480,bull_high_vol,0.014230271668822736,0.23500810372771475,0.5,0.4445497630331754,-0.026948706140134022,-0.05983960518198639,-0.06627296587926512,-0.04133858267716528
2025-10-10,159995,bull_high_vol,0.01666666666666672,0.24,0.5318257956448911,0.46320000000000006,-0.026988569652284813,-0.05867215645908397,-0.06889010388190264,-0.032258064516129004
2025-10-10,512760,bull_high_vol,0.01333333333333342,0.2378181818181817,0.512888888888889,0.45470085470085486,-0.027283596406920827,-0.06018774157923801,-0.0699177438307873,-0.0434782608695653
2025-10-10,515050,bull_high_vol,0.045433685176686445,0.17051209904333153,0.7091207888249793,1.1311475409836067,-0.03129946632596619,-0.045433685176686445,-0.08461538461538465,0.012019230769230616
2025-10-10,512000,bull_high_vol,-0.037606837606837695,0.01675041876046901,-0.4501811594202899,-0.383756345177665,-0.016773800092742167,-0.01140065146579805,-0.028006589785832037,-0.01976935749588138
2025-10-10,515030,bull_high_vol,-0.01838440111420625,0.2301480484522207,0.45889864325618523,0.574504737295435,-0.024098429408074166,-0.06208311954848644,-0.05415754923413563,0.045951859956236296
2025-10-10,159875,bull_high_vol,-0.021909233176838905,0.1787003610108302,0.3952991452991452,0.5926829268292684,-0.0228094835838868,-0.057720057720057616,-0.039816232771822446,0.11485451761102605
2025-10-10,512660,bull_high_vol,-0.02750000000000008,0.05746140651801035,0.1078167115902966,0.2076395690499513,-0.011587922329101314,-0.012019230769230727,-0.04541768045417682,-0.03081914030819144
2025-10-10,512690,bull_high_vol,0.008503401360544172,-0.04738562091503273,0.031858407079646156,-0.05663430420711979,-0.009174560607596166,-0.07165605095541405,0.020583190394511064,-0.00857632933104635
2025-10-10,159928,bull_high_vol,-0.0071428571428571175,-0.013986013986013957,0.05223880597014907,0.014388489208633004,-0.008980280468671982,-0.04943820224719109,-0.0035460992907800915,-0.028368794326241176
2025-10-10,512010,bull_high_vol,0.013544018058690765,0.0139211136890951,0.16533333333333333,0.25214899713467065,-0.014678912080240532,-0.04166666666666674,-0.05034324942791768,-0.08237986270022879
2025-10-10,159801,bull_high_vol,0.018378378378378413,0.24725274725274726,0.5260504201680674,0.462157809983897,-0.027987548553638105,-0.06391752577319587,-0.06718061674008813,-0.03083700440528636
2025-10-10,512890,bull_high_vol,-0.0008703220191470518,-0.03361344537815125,-0.06504065040650409,0.0579576816927323,-0.006557633124409626,-0.03523489932885915,0.0304347826086957,0.05826086956521759
2025-10-10,510880,bull_high_vol,-0.012592831772683333,-0.011349306431273631,-0.041271782329562745,0.03738008600727749,-0.006216241819527437,-0.011972274732199084,0.029655612244897878,0.06218112244897944
2025-10-10,168204,bull_high_vol,-0.024900962082625933,0.062170087976539445,0.08119402985074631,0.14042821158690177,-0.010905169958046083,0.0,0.042517945886250574,0.1027056874654888
2025-10-10,512400,bull_high_vol,-0.1298108284409656,0.19944598337950148,0.5113438045375218,0.7013752455795677,-0.02835709470536675,-0.036171396772398445,-0.035219399538106155,0.0034642032332563577
2025-10-17,512480,bull_high_vol,0.06627296587926512,0.06114839671886663,0.37887596899224807,0.3630268199233717,-0.02931597741312024,-0.12214682294879697,0.07378777231201683,-0.016163035839775186
2025-10-17,159995,bull_high_vol,0.06889010388190264,0.04929143561306226,0.39934264585045187,0.3733870967741937,-0.028559187673286395,-0.12352032938754498,0.08220786846741035,-0.009982384028185631
2025-10-17,512760,bull_high_vol,0.0699177438307873,0.05603735823882583,0.3873794916739701,0.365832614322692,-0.028744701360816614,-0.1258972943125345,0.07706885660138973,-0.013897662665824373
2025-10-17,515050,bull_high_vol,0.08461538461538465,-0.0712195121951219,0.4294294294294292,0.9854014598540146,-0.02489744160842608,-0.12620468104635152,0.12867647058823528,0.027836134453781636
2025-10-17,512000,bull_high_vol,0.028006589785832037,-0.039087947882736174,-0.47085201793721976,-0.4016227180527384,-0.01570703655809839,-0.03436988543371522,0.016949152542372836,-0.0016949152542372614
2025-10-17,515030,bull_high_vol,0.05415754923413563,0.04282267792521122,0.35078125000000004,0.5008680555555558,-0.027590167774719662,-0.11287839917906617,0.04337767495662237,0.11278195488721798
2025-10-17,159875,bull_high_vol,0.039816232771822446,0.04152823920265791,0.34549356223175964,0.5330073349633253,-0.025591423541260292,-0.09523809523809512,0.03987240829346095,0.14832535885167464
2025-10-17,512660,bull_high_vol,0.04541768045417682,-0.021612635078969267,0.027947598253275086,0.18291457286432156,-0.012978938305117012,-0.05764611689351484,0.026338147833474768,-0.002548853016142827
2025-10-17,512690,bull_high_vol,-0.020583190394511064,-0.052547770700636987,0.04753521126760574,-0.030944625407166138,-0.011715363608038914,-0.04186795491143325,-0.021848739495798353,0.005042016806722671
2025-10-17,159928,bull_high_vol,0.0035460992907800915,-0.05280898876404494,0.043316831683168244,0.013221153846153966,-0.007862487194470691,-0.046380090497737614,-0.02016607354685651,-0.0011862396204033177
2025-10-17,512010,bull_high_vol,0.05034324942791768,-0.05681818181818188,0.07235142118863047,0.19596541786743527,-0.01568153472187721,-0.0736607142857143,0.004819277108433662,-0.016867469879518038
2025-10-17,159801,bull_high_vol,0.06718061674008813,0.05086848635235719,0.3999999999999999,0.3705501618122977,-0.0296195608929679,-0.1268041237113402,0.0838252656434475,-0.009445100354191327
2025-10-17,512890,bull_high_vol,-0.0304347826086957,-0.005872483221476377,-0.01903973509933765,0.05803571428571419,-0.00806338876270341,-0.004201680672268782,0.010126582278481067,0.04219409282700415
2025-10-17,510880,bull_high_vol,-0.029655612244897878,0.017328292375551335,0.005292652552926436,0.04939876503087426,-0.008063196710583965,-0.003087372645878328,0.009290802105915041,0.0368535150201299
2025-10-17,168204,bull_high_vol,-0.042517945886250574,0.09639953542392554,0.1491174680462568,0.16831683168316824,-0.01358630659879175,-0.009963293130571649,0.017478813559322015,0.04343220338983045
2025-10-17,512400,bull_high_vol,0.035219399538106155,0.09645669291338588,0.4405172413793106,0.628654970760234,-0.03189103985710419,-0.07115063924402443,0.017354877318970674,0.05326152004787543
2025-10-24,512480,bull_high_vol,-0.07378777231201683,0.07152875175315576,0.44150943396226405,0.47490347490347484,-0.03156679415245472,-0.05737199259716219,-0.04123036649214651,-0.13481675392670156
2025-10-24,159995,bull_high_vol,-0.08220786846741035,0.06286043829296428,0.47322142286171065,0.4983739837398373,-0.030439586501754,-0.05146680391147718,-0.042322300596853046,-0.13998914812805208
2025-10-24,512760,bull_high_vol,-0.07706885660138973,0.0669586983729662,0.4535379369138961,0.48132059079061684,-0.030872457312735642,-0.05853119823302033,-0.04164222873900303,-0.13900293255131968
2025-10-24,515050,bull_high_vol,-0.12867647058823528,0.05188448360254516,0.6267978803936411,1.168516649848638,-0.03260942702287443,-0.013767783386874677,-0.016751977664029805,-0.12796649604467192
2025-10-24,512000,bull_high_vol,-0.016949152542372836,0.020408163265306145,-0.4910941475826972,-0.3963782696177063,-0.014427359452060673,-0.018003273322422242,0.0,-0.06499999999999984
2025-10-24,515030,bull_high_vol,-0.04337767495662237,0.053738317757009435,0.3362962962962963,0.510887772194305,-0.02733290202648191,-0.07439712673165721,0.04988913525498884,-0.022727272727272818
2025-10-24,159875,bull_high_vol,-0.03987240829346095,0.07236842105263164,0.31983805668016196,0.5673076923076925,-0.02558771756966856,-0.059163059163059084,0.059815950920245387,0.0
2025-10-24,512660,bull_high_vol,-0.026338147833474768,0.020270270270270396,0.028960817717206266,0.2104208416833666,-0.014561283029878734,-0.032826261008807145,-0.0033112582781457123,-0.054635761589403975
2025-10-24,512690,bull_high_vol,0.021848739495798353,-0.03482587064676623,-0.013559322033898313,-0.03482587064676623,-0.011839717384458458,-0.03960396039603964,0.010309278350515427,0.005154639175257714
2025-10-24,159928,bull_high_vol,0.02016607354685651,-0.037296037296037365,-0.011961722488038284,0.007317073170731714,-0.007257212499935276,-0.03953488372093028,0.006053268765133124,-0.001210653753026647
2025-10-24,512010,bull_high_vol,-0.004819277108433662,-0.05869074492099324,0.03990024937655856,0.18803418803418803,-0.015746334019269583,-0.0691964285714286,-0.00959232613908878,-0.07194244604316535
2025-10-24,159801,bull_high_vol,-0.0838252656434475,0.0625,0.4758842443729905,0.4975530179445351,-0.031462708954779026,-0.05360824742268033,-0.04466230936819171,-0.14161220043572986
2025-10-24,512890,bull_high_vol,-0.010126582278481067,0.038161318300086844,-0.009105960264900625,0.06400000000000006,-0.006631480152246697,-0.00746268656716409,-0.007518796992481258,0.010025062656641603
2025-10-24,510880,bull_high_vol,-0.009290802105915041,0.05264857881136953,-0.014514665860296372,0.06121784435037436,-0.007022464288928473,-0.0057962172056131855,-0.005830009205277542,-0.001227370359005886
2025-10-24,168204,bull_high_vol,-0.017478813559322015,0.09646118721461194,0.050300710770913026,0.19912609238451928,-0.021782380393583812,-0.04522862823061624,-0.0020822488287350893,-0.04216553878188445
2025-10-24,512400,bull_high_vol,-0.017354877318970674,0.1612021857923498,0.3198757763975155,0.6346153846153846,-0.030407899646373877,-0.05503057254030019,0.025882352941176467,-0.02941176470588236
2025-10-31,512480,bull_high_vol,0.04123036649214651,-0.05239327296248375,0.36405959031657353,0.36660447761194037,-0.030248918596272992,-0.09623689080814302,-0.0027303754266211344,-0.050511945392491486
2025-10-31,159995,bull_high_vol,0.042322300596853046,-0.05107526881720437,0.3963607594936709,0.3864886095836606,-0.0297777480278297,-0.09161091096242935,0.0028328611898018607,-0.06118980169971666
2025-10-31,512760,bull_high_vol,0.04164222873900303,-0.05275362318840593,0.37890295358649784,0.37542087542087543,-0.0296841707182102,-0.097736057426836,-0.003671970624234966,-0.05813953488372092
2025-10-31,515050,bull_high_vol,0.016751977664029805,-0.030289123451124333,0.5092857142857143,1.0654936461388078,-0.03560302454872361,-0.07930283224400869,-0.003786086133459543,-0.0397539044013252
2025-10-31,512000,bull_high_vol,-0.0,0.025641025641025772,-0.47643979057591623,-0.40476190476190477,-0.015561598188911206,-0.027552674230145846,-0.008333333333333304,-0.06000000000000005
2025-10-31,515030,bull_high_vol,-0.04988913525498884,0.05515320334261831,0.46821705426356575,0.5562859490550531,-0.027415932214327362,-0.028219599794766626,0.009503695881731833,-0.049630411826821486
2025-10-31,159875,bull_high_vol,-0.059815950920245387,0.08137715179968685,0.4702127659574469,0.6374407582938388,-0.02839092153607816,-0.0128571428571429,0.05354558610709126,-0.03473227206946439
2025-10-31,512660,bull_high_vol,0.0033112582781457123,0.0033333333333334103,0.015177065767284947,0.14557564224548059,-0.015739068544581937,-0.0360288230584469,-0.007475083056478371,-0.02657807308970106
2025-10-31,512690,bull_high_vol,-0.010309278350515427,0.0,0.035211267605633756,-0.018363939899833093,-0.011674986707839414,-0.026490066225165587,-0.017006802721088454,-0.008503401360544172
2025-10-31,159928,bull_high_vol,-0.006053268765133124,-0.010714285714285676,0.032298136645962705,0.013414634146341475,-0.006820074747809211,-0.02579132473622514,-0.010830324909747335,-0.002406738868832692
2025-10-31,512010,bull_high_vol,0.00959232613908878,-0.06772009029345383,-0.007211538461538436,0.1568627450980391,-0.01599812211580428,-0.07812500000000011,-0.029055690072639084,-0.048426150121065326
2025-10-31,159801,bull_high_vol,0.04466230936819171,-0.05189189189189192,0.39649681528662417,0.3854660347551342,-0.030611487674765705,-0.0958762886597938,0.003420752565564511,-0.061573546180159644
2025-10-31,512890,bull_high_vol,0.007518796992481258,0.03394255874673613,0.006779661016949268,0.06261180679785316,-0.006397972072959214,-0.014925373134328401,0.02441077441077444,0.013468013468013407
2025-10-31,510880,bull_high_vol,0.005830009205277542,0.04617371649983859,0.009031454375584058,0.062643489668744,-0.0067481188009723215,-0.01159243441122626,0.028086419753086345,-0.0030864197530865445
2025-10-31,168204,bull_high_vol,0.0020822488287350893,0.08488964346349759,0.11583236321303847,0.20188087774294683,-0.021920436585761833,-0.04721669980119281,0.04173187271778822,-0.042775169535732904
2025-10-31,512400,bull_high_vol,-0.025882352941176467,0.13763861709067204,0.4190398698128559,0.6452830188679244,-0.033594947962440835,-0.03057254030016676,-0.0034403669724770714,-0.022935779816513735
2025-11-07,512480,bull_high_vol,0.0027303754266211344,-0.04133858267716528,0.33181403828623535,0.3954154727793697,-0.026658694806055074,-0.06645367412140568,-0.0417522245037647,-0.03764544832306649
2025-11-07,159995,bull_high_vol,-0.0028328611898018607,-0.032258064516129004,0.38497652582159625,0.42282958199356924,-0.027028543030913846,-0.06546990496304117,-0.0474576271186441,-0.05028248587570616
2025-11-07,512760,bull_high_vol,0.003671970624234966,-0.0434782608695653,0.3544093178036605,0.399828030954428,-0.026253784898047357,-0.06864988558352414,-0.04115479115479115,-0.042383292383292304
2025-11-07,515050,bull_high_vol,0.003786086133459543,0.012019230769230616,0.522053506869125,0.9783834586466165,-0.03474137003049056,-0.08278867102396514,-0.07030878859857481,-0.006175771971496435
2025-11-07,512000,bull_high_vol,0.008333333333333304,-0.01976935749588138,0.02941176470588247,-0.4338725023786869,-0.010802597130604183,-0.03565640194489472,-0.010084033613445342,-0.04033613445378159
2025-11-07,515030,bull_high_vol,-0.009503695881731833,0.045951859956236296,0.46401225114854516,0.5198728139904609,-0.02190551132530357,0.0,0.006276150627614996,-0.07008368200836812
2025-11-07,159875,bull_high_vol,-0.05354558610709126,0.11485451761102605,0.5326315789473683,0.6545454545454545,-0.024267115543941852,0.0,-0.01098901098901095,-0.09478021978021967
2025-11-07,512660,bull_high_vol,0.007475083056478371,-0.03081914030819144,-0.034733441033925616,0.13055818353831605,-0.013886670522659225,-0.043234587670136104,-0.017573221757322233,0.007531380753138084
2025-11-07,512690,bull_high_vol,0.017006802721088454,-0.00857632933104635,0.003472222222222321,-0.057096247960848334,-0.010734492307351488,-0.04304635761589404,0.03460207612456756,-0.02595155709342567
2025-11-07,159928,bull_high_vol,0.010830324909747335,-0.028368794326241176,0.007352941176470562,-0.013205282112845107,-0.006627879614046299,-0.036342321219226315,0.024330900243308973,-0.015815085158150777
2025-11-07,512010,bull_high_vol,0.029055690072639084,-0.08237986270022879,-0.014742014742014642,0.10468319559228667,-0.01308129430656971,-0.05868544600938963,0.0174563591022443,-0.029925187032418976
2025-11-07,159801,bull_high_vol,-0.003420752565564511,-0.03083700440528636,0.38147566718995285,0.4193548387096775,-0.02700119312268051,-0.06482465462274167,-0.04659090909090913,-0.051136363636363646
2025-11-07,512890,bull_high_vol,-0.02441077441077444,0.05826086956521759,0.009121061359867344,0.05642361111111116,-0.006747409589110296,0.0,0.014790468364831666,-0.019720624486442073
2025-11-07,510880,bull_high_vol,-0.028086419753086345,0.06218112244897944,0.015858493443122956,0.06319821257580593,-0.006811750929001134,0.0,0.005103572500750442,-0.03152206544581204
2025-11-07,168204,bull_high_vol,-0.04173187271778822,0.1027056874654888,0.11129660545353381,0.2403726708074534,-0.021604937422461147,-0.007455268389661929,-0.013520280420631026,-0.08112168252378571
2025-11-07,512400,bull_high_vol,0.0034403669724770714,0.0034642032332563577,0.3567525370804061,0.6242990654205607,-0.02369589180331845,-0.033907726514730396,0.012658227848101333,0.03164556962025311
2025-11-14,512480,bull,0.0417522245037647,-0.016163035839775186,0.23784261715296195,0.36986301369863006,-0.023001102106476167,-0.10543130990415339,-0.055714285714285605,0.028571428571428692
2025-11-14,159995,bull,0.0474576271186441,-0.009982384028185631,0.2676691729323306,0.3922378199834846,-0.023750416470466038,-0.10982048574445613,-0.05990510083036771,0.013641755634638209
2025-11-14,512760,bull,0.04115479115479115,-0.013897662665824373,0.25988700564971734,0.3777581641659311,-0.02324201419093264,-0.10697940503432501,-0.0595771941063421,0.019218449711723373
2025-11-14,515050,bull,0.07030878859857481,0.027836134453781636,0.30640854472630186,0.8963178294573644,-0.030696496772904834,-0.147276688453159,-0.042411854879918276,0.12570260602963712
2025-11-14,512000,bull,0.010084033613445342,-0.0016949152542372614,-0.006745362563237767,-0.42141453831041265,-0.010809649256254897,-0.04538087520259326,-0.04753820033955847,-0.03056027164685915
2025-11-14,515030,bull,-0.006276150627614996,0.11278195488721798,0.43475018642803875,0.5078369905956113,-0.021774385789000098,-0.018867924528301994,-0.08367983367983367,-0.07432432432432434
2025-11-14,159875,bull,0.01098901098901095,0.14832535885167464,0.47843942505133463,0.6400911161731206,-0.02389241120765508,-0.017735334242837686,-0.09444444444444433,-0.07638888888888884
2025-11-14,512660,bull,0.017573221757322233,-0.002548853016142827,-0.04475183075671285,0.12237093690248546,-0.011614229028204566,-0.05551086082059542,-0.027257240204429323,0.05025553662691662
2025-11-14,512690,bull,-0.03460207612456756,0.005042016806722671,0.03103448275862064,0.006734006734006703,-0.013199494431803776,-0.014827018121911006,-0.021739130434782594,-0.07859531772575234
2025-11-14,159928,bull,-0.024330900243308973,-0.0011862396204033177,0.025578562728379994,0.01937046004842613,-0.009554759903171424,-0.01289566236811257,-0.02019002375296919,-0.05463182897862229
2025-11-14,512010,bull,-0.0174563591022443,-0.016867469879518038,-0.016867469879518038,0.09973045822102411,-0.011545791805479962,-0.03546099290780147,-0.051470588235294046,-0.04166666666666652
2025-11-14,159801,bull,0.04659090909090913,-0.009445100354191327,0.26737160120845904,0.3913764510779436,-0.023740813953955123,-0.10839532412327313,-0.060786650774731776,0.010727056019070424
2025-11-14,512890,bull,-0.014790468364831666,0.04219409282700415,0.030025020850708906,0.06926406926406936,-0.00599670324180929,-0.006436041834271933,-0.021052631578947434,-0.0493927125506074
2025-11-14,510880,bull,-0.005103572500750442,0.0368535150201299,0.03429101019462455,0.06285714285714294,-0.005156377371508585,-0.0038678964593872323,-0.02777777777777779,-0.061529271206690606
2025-11-14,168204,bull,0.013520280420631026,0.04343220338983045,0.10923423423423428,0.20268620268620263,-0.014162592107444433,-0.02378592666005941,-0.06598984771573602,-0.10101522842639599
2025-11-14,512400,bull,-0.012658227848101333,0.05326152004787543,0.33333333333333326,0.6326530612244896,-0.022881705739293275,-0.018952062430323324,-0.0625,0.005681818181818121
2025-11-21,512480,bull_high_vol,0.055714285714285605,-0.13481675392670156,0.10074937552039964,0.3353535353535355,-0.018600019201867116,-0.1552715654952076,0.05219364599092291,0.05748865355521926
2025-11-21,159995,bull_high_vol,0.05990510083036771,-0.13998914812805208,0.12972202423378465,0.35354397950469685,-0.01903180621327255,-0.16314677930306232,0.045425867507886464,0.05047318611987395
2025-11-21,512760,bull_high_vol,0.0595771941063421,-0.13900293255131968,0.11465451784358383,0.33575978161965425,-0.01841556497634578,-0.1601830663615561,0.048365122615803724,0.053133514986376085
2025-11-21,515050,bull_high_vol,0.042411854879918276,-0.12796649604467192,0.16253101736972697,0.8665338645418328,-0.021831042453370038,-0.18344226579520695,0.08271077908217705,0.1574172892209178
2025-11-21,512000,bull_high_vol,0.04753820033955847,-0.06499999999999984,-0.09223300970873771,-0.4339051463168516,-0.012141606003066813,-0.0907617504051863,0.0053475935828875,0.030303030303030054
2025-11-21,515030,bull_high_vol,0.08367983367983367,-0.022727272727272818,0.2692584593232541,0.4606462303231149,-0.027630122136660263,-0.10096889342172366,0.020986954055587148,-0.003970504821327214
2025-11-21,159875,bull_high_vol,0.09444444444444433,0.0,0.2859960552268246,0.5486935866983373,-0.029056262095728057,-0.11050477489768074,0.02300613496932513,-0.006134969325153339
2025-11-21,512660,bull_high_vol,0.027257240204429323,-0.054635761589403975,-0.08566853482786241,0.11306042884990242,-0.010385416935214163,-0.08125502815768315,0.02626970227670755,0.09894921190893169
2025-11-21,512690,bull_high_vol,0.021739130434782594,0.005154639175257714,-0.02985074626865669,-0.0034071550255536653,-0.012601213219376699,-0.036243822075782584,-0.0034188034188034067,-0.0529914529914528
2025-11-21,159928,bull_high_vol,0.02019002375296919,-0.001210653753026647,-0.027122641509433998,0.0060975609756097615,-0.009495616858037941,-0.03282532239155922,0.00484848484848488,-0.016969696969696857
2025-11-21,512010,bull_high_vol,0.051470588235294046,-0.07194244604316535,-0.07857142857142851,0.05449591280653965,-0.01139592392788728,-0.0851063829787233,0.015503875968992276,0.0025839793281654533
2025-11-21,159801,bull_high_vol,0.060786650774731776,-0.14161220043572986,0.1289398280802294,0.35162950257289904,-0.018913229225603533,-0.16259298618490958,0.04441624365482233,0.04695431472081202
2025-11-21,512890,bull_high_vol,0.021052631578947434,0.010025062656641603,-0.004118616144975218,0.04766031195840559,-0.007383245381062083,-0.027353177795655714,-0.00413564929693977,-0.023159636062861866
2025-11-21,510880,bull_high_vol,0.02777777777777779,-0.001227370359005886,-0.00030712530712528885,0.050000000000000044,-0.006776778332608145,-0.0315382326688487,-0.007680491551459223,-0.024884792626728047
2025-11-21,168204,bull_high_vol,0.06598984771573602,-0.04216553878188445,0.03603603603603611,0.14427860696517403,-0.014468432700191918,-0.08820614469772037,-0.0027173913043478937,-0.02826086956521745
2025-11-21,512400,bull_high_vol,0.0625,-0.02941176470588236,0.22131754256106584,0.5759312320916905,-0.026401046899940626,-0.08026755852842815,0.032727272727272716,0.09515151515151521
2025-11-28,512480,bull,-0.05219364599092291,-0.050511945392491486,-0.017655367231638408,0.35443037974683556,-0.018550720653769944,-0.06013513513513513,0.01078360891444996,0.05319913731128678
2025-11-28,159995,bull,-0.045425867507886464,-0.06118980169971666,-0.024720423778693323,0.3716887417218544,-0.018458159079947682,-0.07688022284122553,0.014484007242003605,0.04586602293301145
2025-11-28,512760,bull,-0.048365122615803724,-0.05813953488372092,-0.020369191597708447,0.35356200527704473,-0.018159781351226246,-0.0667070952092178,0.01299545159194282,0.05133203378817419
2025-11-28,515050,bull,-0.08271077908217705,-0.0397539044013252,0.061192468619246876,0.8944911297852474,-0.02435050258560658,-0.0536380597014926,0.031049778215870072,0.12863479546574674
2025-11-28,512000,bull,-0.0053475935828875,-0.06000000000000005,-0.10900473933649302,-0.4513618677042802,-0.01054184692948264,-0.06312292358803995,0.012411347517730542,0.042553191489361764
2025-11-28,515030,bull,-0.020986954055587148,-0.049630411826821486,0.25962211336599017,0.47904683648315527,-0.026502499138696334,-0.08210096889342178,-0.012222222222222245,0.04555555555555557
2025-11-28,159875,bull,-0.02300613496932513,-0.03473227206946439,0.26806083650190105,0.5694117647058825,-0.02491978118741386,-0.09004092769440653,-0.01199400299850073,0.03748125937031466
2025-11-28,512660,bull,-0.02626970227670755,-0.02657807308970106,-0.09776751347190149,0.11406844106463865,-0.014011248079194244,-0.03300330033003307,0.027303754266211566,0.13651877133105805
2025-11-28,512690,bull,0.0034188034188034067,-0.008503401360544172,-0.04269293924466344,0.00865051903114189,-0.012115649232983553,-0.03953871499176276,-0.03430531732418529,-0.05660377358490554
2025-11-28,159928,bull,-0.00484848484848488,-0.002406738868832692,-0.03267211201866982,0.01097560975609757,-0.009278576374587545,-0.028135990621336537,-0.024125452352231513,-0.03498190591073569
2025-11-28,512010,bull,-0.015503875968992276,-0.048426150121065326,-0.06205250596658707,0.04521276595744683,-0.009520176887738417,-0.04379562043795615,-0.010178117048346036,-0.01526717557251911
2025-11-28,159801,bull,-0.04441624365482233,-0.061573546180159644,-0.03176470588235292,0.36938435940099823,-0.01833556167139408,-0.07735426008968616,0.014580801944106936,0.04252733900364514
2025-11-28,512890,bull,0.00413564929693977,0.013468013468013407,0.005847953216374213,0.033476394849785374,-0.006694559747582811,-0.03137570394207578,-0.009136212624584639,-0.02408637873754149
2025-11-28,510880,bull,0.007680491551459223,-0.0030864197530865445,0.007800312012480548,0.03393085787451988,-0.006355888581688168,-0.038976495090746854,-0.0012383900928792935,-0.0133126934984521
2025-11-28,168204,bull,0.0027173913043478937,-0.042775169535732904,0.05641911341393202,0.13622291021671828,-0.01289107469315575,-0.09068384539147667,0.0,-0.03923705722070847
2025-11-28,512400,bull,-0.032727272727272716,-0.022935779816513735,0.18087318087318072,0.5984990619136958,-0.022979207339174686,-0.050167224080267636,0.052230046948356756,0.12676056338028174
2025-12-05,512480,bull,-0.01078360891444996,-0.03764544832306649,0.13938411669367912,0.41023069207622864,-0.017137638795693442,-0.0323468685478322,0.024182076813655806,0.11166429587482218
2025-12-05,159995,bull,-0.014484007242003605,-0.05028248587570616,0.13966101694915256,0.4343003412969284,-0.017285204663377712,-0.04488636363636356,0.016656751933372904,0.10172516359309935
2025-12-05,512760,bull,-0.01299545159194282,-0.042383292383292304,0.13381818181818184,0.4147005444646097,-0.017080689251262885,-0.03705991352686844,0.02052597819114821,0.10776138550352798
2025-12-05,515050,bull,-0.031049778215870072,-0.006175771971496435,0.17726505346088928,0.9210284664830122,-0.02379322671088229,-0.0004777830864787225,0.053059273422562114,0.11376673040152974
2025-12-05,512000,bull,-0.012411347517730542,-0.04033613445378159,-0.04355108877721947,-0.4509615384615385,-0.01174142424508808,-0.05149501661129574,0.0,0.07530647985989503
2025-12-05,515030,bull,0.012222222222222245,-0.07008368200836812,0.19650067294751006,0.45737704918032795,-0.024882440958279156,-0.09331973482916878,0.0016872890888637304,0.09617547806524196
2025-12-05,159875,bull,0.01199400299850073,-0.09478021978021967,0.18953068592057765,0.5361305361305362,-0.02245064879023483,-0.10095497953615273,0.009104704097116834,0.06221547799696503
2025-12-05,512660,bull,-0.027303754266211566,0.007531380753138084,0.032590051457976,0.15658021133525457,-0.015056653949981517,0.0,0.024086378737541603,0.20681063122923593
2025-12-05,512690,bull,0.03430531732418529,-0.02595155709342567,-0.08006535947712423,0.005357142857142616,-0.006288054521700875,-0.07248764415156517,-0.02131438721136747,-0.023090586145648184
2025-12-05,159928,bull,0.024125452352231513,-0.015815085158150777,-0.05710955710955701,-0.006142506142505999,-0.005070579577435525,-0.05158264947245006,-0.01606922126081578,0.0
2025-12-05,512010,bull,0.010178117048346036,-0.029925187032418976,-0.0974477958236658,0.015665796344647598,-0.00875202198567041,-0.05352798053527974,0.005141388174807249,0.01799485861182526
2025-12-05,159801,bull,-0.014580801944106936,-0.051136363636363646,0.1469780219780219,0.4297945205479452,-0.0169759864809573,-0.04571428571428571,0.015568862275449069,0.09820359281437141
2025-12-05,512890,bull,0.009136212624584639,-0.019720624486442073,0.0025210084033613356,0.014455782312925214,-0.006112463193874098,-0.04022526146419958,-0.015926236378876912,-0.015926236378876912
2025-12-05,510880,bull,0.0012383900928792935,-0.03152206544581204,0.01702395964691039,0.027388535031847017,-0.005549479046293593,-0.04016661707825053,-0.02603843769373837,-0.002479851208927464
2025-12-05,168204,bull,-0.0,-0.08112168252378571,0.07624633431085037,0.13481756338899187,-0.011569434963038512,-0.09068384539147667,-0.03487738419618536,-0.028882833787465922
2025-12-05,512400,bull,-0.052230046948356756,0.03164556962025311,0.24168975069252085,0.6051924798567592,-0.022700009052967818,-0.0005574136008918984,-0.012827663134411527,0.14891243725599557
2025-12-12,512480,bull,-0.024182076813655806,0.028571428571428692,0.0738255033557047,0.4414414414414414,-0.016353957513738096,-0.000693962526023717,-0.029166666666666674,0.10624999999999996
2025-12-12,159995,bull,-0.016656751933372904,0.013641755634638209,0.052988293284041976,0.4557069846678026,-0.01593386631392828,-0.006395348837209269,-0.025746050321825642,0.09537741369221764
2025-12-12,512760,bull,-0.02052597819114821,0.019218449711723373,0.0613742494996663,0.43981900452488687,-0.01602012056694369,-0.0031328320802005427,-0.028284098051539863,0.10056568196103077
2025-12-12,515050,bull,-0.053059273422562114,0.12570260602963712,0.07463414634146348,0.9828982898289829,-0.02507188787917293,-0.0226264418811003,-0.015433499773036652,0.04448479346345913
2025-12-12,512000,bull,-0.0,-0.03056027164685915,-0.07003257328990231,-0.43743842364532015,-0.012749798874137611,-0.020583190394511175,0.012259194395796813,0.042031523642731994
2025-12-12,515030,bull,-0.0016872890888637304,-0.07432432432432434,0.07418576598311222,0.486644407345576,-0.01968581642494623,-0.09132653061224494,-0.014037057832678168,0.08366086468276257
2025-12-12,159875,bull,-0.009104704097116834,-0.07638888888888884,0.10465116279069786,0.5721040189125297,-0.018662084746596207,-0.08022130013831252,-0.025563909774436122,0.06616541353383454
2025-12-12,512660,bull,-0.024086378737541603,0.05025553662691662,0.02493765586034913,0.1799043062200958,-0.01471443413122422,0.0,0.017842660178426506,0.25871857258718567
2025-12-12,512690,bull,0.02131438721136747,-0.07859531772575234,-0.12261146496815278,0.009157509157509125,-0.006495386149790221,-0.07859531772575234,0.005444646098003547,-0.005444646098003658
2025-12-12,159928,bull,0.01606922126081578,-0.05463182897862229,-0.10561797752808988,0.010152284263959421,-0.00523980838487487,-0.0512514898688915,0.018844221105527748,0.002512562814070307
2025-12-12,512010,bull,-0.005141388174807249,-0.04166666666666652,-0.11136363636363633,0.08310249307479234,-0.007130204801086305,-0.02493765586034913,-0.007672634271099765,0.04859335038363155
2025-12-12,159801,bull,-0.015568862275449069,0.010727056019070424,0.05210918114143914,0.452054794520548,-0.01577973931503633,-0.008187134502923965,-0.027122641509433998,0.09198113207547176
2025-12-12,512890,bull,0.015926236378876912,-0.0493927125506074,-0.015100671140939603,-0.002548853016142827,-0.005349207105101298,-0.043973941368078195,0.00596252129471897,-0.006814310051107331
2025-12-12,510880,bull,0.02603843769373837,-0.061529271206690606,-0.010081915563957211,0.005761843790012655,-0.005483383943478007,-0.05617302493241216,0.010184595798854224,0.02768936982813508
2025-12-12,168204,bull,0.03487738419618536,-0.10101522842639599,0.028455284552845406,0.10618363522798258,-0.010485718060083075,-0.11450000000000005,0.009599096555618303,0.03274985883681536
2025-12-12,512400,bull,0.012827663134411527,0.005681818181818121,0.1614173228346456,0.622364802933089,-0.021700766819211004,-0.019933554817275767,0.020903954802259817,0.2096045197740113
2025-12-19,512480,bull,0.029166666666666674,0.05748865355521926,-0.01963534361851338,0.3599221789883267,-0.014852011642582196,-0.029840388619014724,0.047925608011444965,0.20314735336194567
2025-12-19,159995,bull,0.025746050321825642,0.05047318611987395,-0.03979238754325254,0.37603305785123964,-0.015161553836260399,-0.03197674418604646,0.04084084084084094,0.1795795795795796
2025-12-19,512760,bull,0.028284098051539863,0.053133514986376085,-0.03254067584480602,0.35852372583479797,-0.014874361617336804,-0.031328320802005094,0.04657179818887447,0.19340232858990936
2025-12-19,515050,bull,0.015433499773036652,0.1574172892209178,0.06167400881057272,0.9143865842894969,-0.025066722277038354,-0.03771073646850043,0.055786076532964524,0.06270170585523283
2025-12-19,512000,bull,-0.012259194395796813,0.030303030303030054,-0.017006802721088454,-0.4687500000000001,-0.011152857403403224,-0.00857632933104635,0.01730103806228378,-0.0017301038062284002
2025-12-19,515030,bull,0.014037057832678168,-0.003970504821327214,0.025700934579439227,0.39586645468998416,-0.015291754687901832,-0.034634414513468936,0.07175398633257402,0.08883826879271073
2025-12-19,159875,bull,0.025563909774436122,-0.006134969325153339,0.06578947368421062,0.47272727272727266,-0.014139589167091888,-0.0357142857142857,0.06790123456790109,0.09104938271604923
2025-12-19,512660,bull,-0.017842660178426506,0.09894921190893169,0.05996621621621623,0.1503208065994499,-0.010744886041433524,0.0,0.061354581673306985,0.17689243027888457
2025-12-19,512690,bull,-0.005444646098003547,-0.0529914529914528,-0.08126036484245425,-0.003597122302158251,-0.006961390151078018,-0.04974271012006848,-0.0072202166064981865,-0.02527075812274371
2025-12-19,159928,bull,-0.018844221105527748,-0.016969696969696857,-0.054778554778554644,0.018844221105527748,-0.006611614066229162,-0.02171290711700835,-0.013563501849568449,-0.03329223181257712
2025-12-19,512010,bull,0.007672634271099765,0.0025839793281654533,-0.12415349887133176,0.060109289617486406,-0.008292756044297028,-0.015228426395939132,-0.002577319587628857,0.012886597938144284
2025-12-19,159801,bull,0.027122641509433998,0.04695431472081202,-0.04513888888888895,0.37043189368770757,-0.014926166389120213,-0.03508771929824561,0.040000000000000036,0.17939393939393944
2025-12-19,512890,bull,-0.00596252129471897,-0.023159636062861866,0.024284475281873386,-0.020729684908789348,-0.004275678397011589,-0.024772914946325386,-0.005080440304826461,-0.01778154106689256
2025-12-19,510880,bull,-0.010184595798854224,-0.024884792626728047,0.025193798449612448,-0.0018867924528302993,-0.005195060307874986,-0.023084025854108958,0.004095778197857669,0.013547574039067367
2025-12-19,168204,bull,-0.009599096555618303,-0.02826086956521745,0.020547945205479534,0.10986964618249528,-0.009615501997006481,-0.03922622246104246,-0.013982102908277505,0.019015659955257336
2025-12-19,512400,bull,-0.020903954802259817,0.09515151515151521,0.2342896174863387,0.6191756272401432,-0.018035735124409067,0.0,0.06253458771444387,0.2086330935251799
2025-12-26,512480,bull,-0.047925608011444965,0.05319913731128678,-0.05239327296248375,0.4306640625,-0.015380150146661654,-0.004755434782608647,0.0668941979522184,0.19044368600682593
2025-12-26,159995,bull,-0.04084084084084094,0.04586602293301145,-0.06827956989247308,0.4441666666666668,-0.015915331207216974,-0.009148084619782781,0.0686670513560299,0.1731102135025966
2025-12-26,512760,bull,-0.04657179818887447,0.05133203378817419,-0.06202898550724634,0.4293286219081274,-0.015322397243441237,-0.004307692307692235,0.06736711990111255,0.18046971569839299
2025-12-26,515050,bull,-0.055786076532964524,0.12863479546574674,0.050940798531436515,0.9243697478991597,-0.023299471719682247,-0.008228670420095341,0.017467248908296984,0.03973799126637534
2025-12-26,512000,bull,-0.01730103806228378,0.042553191489361764,0.00512820512820511,-0.456561922365989,-0.01127557315737109,0.0,0.04421768707482987,-0.025510204081632626
2025-12-26,515030,bull,-0.07175398633257402,0.04555555555555557,0.048467966573816135,0.48072383949645947,-0.01629962611706008,0.0,0.035600425079702624,0.014346439957492185
2025-12-26,159875,bull,-0.06790123456790109,0.03748125937031466,0.08294209702660393,0.5175438596491226,-0.015247993061142606,0.0,0.011560693641618602,0.06069364161849711
2025-12-26,512660,bull,-0.061354581673306985,0.13651877133105805,0.1100000000000001,0.185053380782918,-0.012857365482979043,0.0,0.09084084084084076,0.1448948948948947
2025-12-26,512690,bull,0.0072202166064981865,-0.05660377358490554,-0.0646258503401359,-0.009009009009009028,-0.007549794843420783,-0.05660377358490554,0.0,-0.06181818181818188
2025-12-26,159928,bull,0.013563501849568449,-0.03498190591073569,-0.04761904761904756,0.0037641154328733606,-0.006924013360425141,-0.032648125755743496,0.011249999999999982,-0.05249999999999999
2025-12-26,512010,bull,0.002577319587628857,-0.01526717557251911,-0.12641083521444696,0.04594594594594592,-0.008632451866072728,-0.01526717557251911,0.023255813953488413,-0.015503875968992276
2025-12-26,159801,bull,-0.040000000000000036,0.04252733900364514,-0.07243243243243247,0.4371859296482412,-0.01552233838386198,-0.008092485549133,0.06876456876456882,0.17832167832167833
2025-12-26,512890,bull,0.005080440304826461,-0.02408637873754149,0.022628372497824234,-0.02164862614487928,-0.003848416060964949,-0.029727497935590486,-0.0008510638297872797,-0.02297872340425544
2025-12-26,510880,bull,-0.004095778197857669,-0.0133126934984521,0.029060381013884307,-0.0034396497811132187,-0.005042916203939057,-0.019082794706063444,0.009727016002510247,-0.03326011923438965
2025-12-26,168204,bull,0.013982102908277505,-0.03923705722070847,-0.002263723825693287,0.07238442822384439,-0.009426429082907199,-0.05265986029016667,0.010777084515031232,0.03289846851956901
2025-12-26,512400,bull,-0.06253458771444387,0.12676056338028174,0.2524461839530332,0.646655231560892,-0.019018062224990657,0.0,0.07291666666666674,0.24531250000000004
2026-01-09,512480,bull,-0.10519125683060127,0.12517385257301816,0.08445040214477229,0.5831702544031312,-0.017306517284214482,0.0,0.0519159456118663,-0.025339925834363508
2026-01-09,159995,bull,-0.09815242494226317,0.1064572425828969,0.06974128233970744,0.5823627287853577,-0.01747059673284164,0.0,0.04468980021030511,-0.02733964248159826
2026-01-09,512760,bull,-0.10074165636588361,0.11871859296482401,0.07613293051359515,0.5733215547703181,-0.01689467643108729,0.0,0.05053340819764185,-0.028635597978663663
2026-01-09,515050,bull,-0.024604569420035194,0.034605146406388565,0.18075949367088584,0.8190327613104522,-0.019668109013213288,-0.008081667375584911,0.03173241852487152,-0.03559176672384212
2026-01-09,512000,bull,-0.020725388601036343,0.02604166666666674,-0.01990049751243783,-0.4690026954177898,-0.014063291426005315,-0.037459283387622166,-0.02368866328257191,-0.040609137055837574
2026-01-09,515030,bull,-0.03208556149732611,0.07103218645948939,0.07341490545050045,0.5378486055776894,-0.016317461616398018,-0.009748589020010301,0.00880829015544049,-0.0476683937823833
2026-01-09,159875,bull,-0.04888888888888876,0.0646616541353382,0.07926829268292668,0.5324675324675323,-0.015417155455661925,0.0,0.011299435028248705,0.0
2026-01-09,512660,bull,-0.1412964311726146,0.27918367346938755,0.2739837398373983,0.4003574620196604,-0.017881548275752494,0.0,-0.04594767070835981,-0.08104658583280155
2026-01-09,512690,bull,-0.020522388059701413,-0.010849909584086825,-0.08375209380234494,-0.026690391459074703,-0.007383792721381654,-0.014414414414414378,-0.018281535648994485,0.012797074954296273
2026-01-09,159928,bull,-0.010088272383354413,0.007547169811320753,-0.059859154929577385,0.0,-0.006794984153923792,-0.012330456226880449,-0.027465667915106184,-0.0037453183520599342
2026-01-09,512010,bull,-0.06613756613756627,0.028061224489795977,-0.04502369668246442,0.05774278215223094,-0.012504412189503829,0.0,-0.00992555831265507,-0.04962779156327546
2026-01-09,159801,bull,-0.09801633605600935,0.10316529894490034,0.06568516421291037,0.5709515859766277,-0.017360123186503488,0.0,0.04463336875664181,-0.02444208289054184
2026-01-09,512890,bull,0.011904761904761862,-0.011904761904761862,-0.016920473773265665,-0.044407894736842146,-0.0036854222312595053,-0.016088060965283812,-0.016351118760757233,0.013769363166953541
2026-01-09,510880,bull,-0.01602262016965139,0.019867549668874274,0.00841908325537899,0.0003093102381688251,-0.005160785929680521,0.0,-0.02195423623995063,-0.033395176252319136
2026-01-09,168204,bull,-0.10352673492605224,0.08198549916341324,0.04469574582660196,0.175045427013931,-0.04135496546261105,-0.10018552875695741,-0.08092783505154644,-0.020618556701030966
2026-01-09,512400,bull,-0.08666320705760233,0.18707482993197266,0.20068807339449535,0.806729939603106,-0.020306566740057964,0.0,0.0386819484240688,0.028175740210124145
2026-01-16,512480,bull,-0.0519159456118663,0.20538243626062336,0.1601908657123381,0.6412729026036645,-0.01765905039485389,0.0,0.021151586368977737,-0.02761457109283194
2026-01-16,159995,bull,-0.04468980021030511,0.18344252531268612,0.12323346523459588,0.6220408163265305,-0.01778444468617442,0.0,0.028183190739808683,-0.025666834423754503
2026-01-16,512760,bull,-0.05053340819764185,0.19859064702114027,0.1401584399756246,0.6283724978241949,-0.01801417921737079,0.0,0.022447888829502993,-0.02993051843933725
2026-01-16,515050,bull,-0.03173241852487152,0.08770343580470152,0.1584015406836785,0.8199697428139183,-0.016650868987391772,0.0,-0.01995012468827928,-0.034912718204488824
2026-01-16,512000,bull,0.02368866328257191,-0.00859106529209619,-0.02203389830508473,-0.4920774647887324,-0.014345838018799689,-0.06026058631921827,-0.005199306759098743,-0.025996533795493715
2026-01-16,515030,bull,-0.00880829015544049,0.10062182023742228,0.11003420752565574,0.469433962264151,-0.012709190451880641,-0.0010261672652642773,0.011299435028248705,-0.035439137134052445
2026-01-16,159875,bull,-0.011299435028248705,0.0914634146341462,0.13291139240506333,0.4732510288065843,-0.011053451135418835,0.0,0.0516759776536313,0.005586592178770999
2026-01-16,512660,bull,0.04594767070835981,0.21941272430668857,0.26480541455160767,0.2799657534246578,-0.032876732369742374,-0.11117717003567174,0.05284280936454855,-0.008026755852842848
2026-01-16,512690,bull,0.018281535648994485,-0.02893309222423146,-0.0882852292020373,-0.09137055837563446,-0.008297111391446853,-0.03068592057761732,-0.01862197392923648,-0.003724394785847296
2026-01-16,159928,bull,0.027465667915106184,-0.032298136645962705,-0.06482593037214879,-0.06818181818181812,-0.00751225278633311,-0.039457459926017346,-0.010269576379974388,-0.0025673940949936247
2026-01-16,512010,bull,0.00992555831265507,0.04177545691906004,-0.04086538461538447,0.017857142857142794,-0.011841215756992067,-0.02682926829268284,-0.027568922305764465,-0.04260651629072687
2026-01-16,159801,bull,-0.04463336875664181,0.18149038461538458,0.11704545454545445,0.6114754098360655,-0.01775537719927737,0.0,0.029501525940996975,-0.023397761953204532
2026-01-16,512890,bull,0.016351118760757233,-0.023911187019641345,-0.04670558798999169,-0.05848434925864909,-0.0037365184631827195,-0.03217612193056729,0.004374453193350725,0.0209973753280841
2026-01-16,510880,bull,0.02195423623995063,0.006363347120585505,-0.027666769136182046,-0.041515151515151505,-0.004739483288877282,-0.02195423623995063,-0.029718621561808378,-0.008220044261776693
2026-01-16,168204,bull,0.08092783505154644,0.01827527127355788,-0.06746861924686198,-0.04088219472834864,-0.04278078609381566,-0.17300556586270877,0.02187324733595064,0.08412787436904101
2026-01-16,512400,bull,-0.0386819484240688,0.22535211267605626,0.3165859564164648,0.7372204472843449,-0.018263462639793317,-0.014052583862194101,0.05425287356321862,0.008275862068965578
2026-01-23,512480,range_high_vol,-0.021151586368977737,0.18070652173913038,0.1176848874598071,0.5843208751139473,-0.019210660691748017,-0.004581901489117968,-0.015535097813578758,-0.047756041426927465
2026-01-23,159995,range_high_vol,-0.028183190739808683,0.16809605488850776,0.0861244019138756,0.5800464037122972,-0.020110168326735633,-0.006806028196402414,-0.016152716593245353,-0.05433186490455222
2026-01-23,512760,range_high_vol,-0.022447888829502993,0.1772307692307693,0.10132412204951069,0.5757825370675453,-0.02023060376821772,-0.005717255717255676,-0.01986408782017779,-0.05331939362258242
2026-01-23,515050,range_high_vol,0.01995012468827928,0.02166377816291165,0.027450980392156987,0.6891117478510032,-0.01656822406790899,-0.01995012468827928,0.011450381679389166,0.03647158608990653
2026-01-23,512000,range_high_vol,0.005199306759098743,-0.012048192771084376,-0.06969205834683956,-0.5168350168350169,-0.014352015707803046,-0.06514657980456029,-0.006968641114982632,-0.04006968641114972
2026-01-23,515030,range_high_vol,-0.011299435028248705,0.07419530823786147,0.04290254237288149,0.4552845528455285,-0.014292034217569135,0.0,-0.06907059421025907,-0.04570848146267148
2026-01-23,159875,range_high_vol,-0.0516759776536313,0.1172106824925816,0.08345323741007205,0.5242914979757085,-0.017338587418918094,0.0,-0.06905710491367867,-0.027888446215139417
2026-01-23,512660,range_high_vol,-0.05284280936454855,0.23161189358372458,0.2662912308930008,0.3062240663900415,-0.03411670839899693,-0.0642092746730083,-0.0813214739517154,0.008894536213468918
2026-01-23,512690,range_high_vol,0.01862197392923648,-0.038321167883211715,-0.08981001727115712,-0.08665511265164638,-0.008750793286289252,-0.04873646209386284,0.026565464895635715,-0.020872865275142316
2026-01-23,159928,range_high_vol,0.010269576379974388,-0.03504380475594493,-0.06658595641646481,-0.057457212713936334,-0.006849819197415799,-0.046971569839307836,0.009079118028534339,-0.0038910505836575737
2026-01-23,512010,range_high_vol,0.027568922305764465,0.01041666666666674,-0.07619047619047614,-0.0783847980997624,-0.011778150714226034,-0.05365853658536579,-0.020618556701030966,-0.04381443298969079
2026-01-23,159801,range_high_vol,-0.029501525940996975,0.169942196531792,0.08235294117647052,0.5714285714285714,-0.020338202544339542,-0.007843137254901933,-0.014822134387351804,-0.05335968379446643
2026-01-23,512890,range_high_vol,-0.004374453193350725,-0.024638912489379883,-0.032855939342881335,-0.034482758620689724,-0.0051848844587522695,-0.025466893039049254,0.017421602787456525,0.030487804878048808
2026-01-23,510880,range_high_vol,0.029718621561808378,-0.03033175355450235,-0.05540166204986152,-0.055982774530913604,-0.012930246249939254,-0.05102040816326536,0.024437927663734094,0.07624633431085037
2026-01-23,168204,range_high_vol,-0.02187324733595064,0.036994877632327894,-0.06082474226804113,0.031126202603282582,-0.04313988047720823,-0.15491651205936918,0.08562019758507122,0.141602634467618
2026-01-23,512400,range_high_vol,-0.05425287356321862,0.22685928303905833,0.2998866213151927,0.7928068803752935,-0.018806094363597488,0.0,0.02006105538595726,0.08940252943741833
2026-01-30,512480,range_high_vol,0.015535097813578758,0.16871584699453557,0.2015449438202248,0.5827937095282147,-0.021192006630015296,-0.030045351473922843,-0.07831677381648161,-0.09175920514319114
2026-01-30,159995,range_high_vol,0.016152716593245353,0.1605080831408774,0.16454229432213197,0.5876777251184833,-0.021555367801449003,-0.028046421663443066,-0.0796019900497511,-0.09950248756218893
2026-01-30,512760,range_high_vol,0.01986408782017779,0.15883807169344855,0.17924528301886777,0.5769554247266611,-0.0217552775642767,-0.031508264462809854,-0.07733333333333337,-0.08960000000000001
2026-01-30,515050,range_high_vol,-0.011450381679389166,0.047891036906854145,0.14278869190225185,0.7282608695652173,-0.017337710322144397,-0.008728179551122373,-0.05702306079664554,-0.023480083857442158
2026-01-30,512000,range_high_vol,0.006968641114982632,-0.015544041450777257,-0.038785834738617186,-0.01041666666666663,-0.014258893011773919,-0.07166123778501632,-0.0052631578947368585,-0.06842105263157883
2026-01-30,515030,range_high_vol,0.06907059421025907,-0.019786096256684593,-0.005965292841648706,0.4110854503464203,-0.013506190446259721,-0.06907059421025907,0.0027277686852156258,0.0010911074740862503
2026-01-30,159875,range_high_vol,0.06905710491367867,0.038518518518518396,-0.002844950213371278,0.47578947368421054,-0.01773044468897125,-0.06905710491367867,0.009985734664764712,0.03708987161198296
2026-01-30,512660,range_high_vol,0.0813214739517154,0.05316824471959203,0.21207041072925392,0.19999999999999996,-0.036792479645178996,-0.14030915576694414,-0.004149377593360981,0.03250345781466124
2026-01-30,512690,range_high_vol,-0.026565464895635715,0.009328358208955168,-0.06563039723661468,-0.05749128919860613,-0.027411475624662323,-0.047535211267605515,0.02402957486136792,-0.06654343807763408
2026-01-30,159928,range_high_vol,-0.009079118028534339,-0.018915510718789386,-0.051219512195121886,-0.04656862745098034,-0.016881845368609434,-0.03831891223733008,0.02570694087403602,-0.00899742930591263
2026-01-30,512010,range_high_vol,0.020618556701030966,0.005291005291005346,-0.054726368159204064,-0.07542579075425782,-0.010201867305114218,-0.07317073170731703,0.007894736842105177,-0.03421052631578947
2026-01-30,159801,range_high_vol,0.014822134387351804,0.16336056009334898,0.16336056009334898,0.5825396825396825,-0.021414409905462166,-0.02731707317073162,-0.07923771313941819,-0.09929789368104314
2026-01-30,512890,range_high_vol,-0.017421602787456525,-0.006802721088435382,-0.04026294165981936,-0.026666666666666727,-0.006787918775151742,-0.005110732538330498,0.008561643835616417,0.016267123287671437
2026-01-30,510880,range_high_vol,-0.024437927663734094,-0.012252591894439169,-0.05358217940999399,-0.033804548248309696,-0.014313319806306185,-0.027829313543599188,-0.005725190839694694,0.0524809160305344
2026-01-30,168204,range_high_vol,-0.08562019758507122,0.1251422070534698,-0.007028112449799173,0.13028571428571434,-0.04489612859300254,-0.08256029684601118,-0.039433771486349856,0.08695652173913038
2026-01-30,512400,range_high_vol,-0.02006105538595726,0.21380384016606113,0.39725209080047796,0.8712,-0.034462626230082755,-0.09865125240847794,-0.07952116289012401,-0.03505771697306537
2026-02-06,512480,range_high_vol,0.07831677381648161,-0.025339925834363508,0.10900140646976086,0.41689128481581306,-0.02476689850443563,-0.10600907029478457,0.04946100190234626,0.0
2026-02-06,159995,range_high_vol,0.0796019900497511,-0.02733964248159826,0.0749564206856479,0.4252696456086287,-0.02462977802701694,-0.10541586073500964,0.046486486486486456,-0.009729729729729741
2026-02-06,512760,range_high_vol,0.07733333333333337,-0.028635597978663663,0.09286165508528121,0.42152834839769926,-0.024719620076312433,-0.10640495867768596,0.049132947976878505,-0.0028901734104045396
2026-02-06,515050,range_high_vol,0.05702306079664554,-0.03559176672384212,0.10624692572552896,0.552104899930987,-0.019499129383219304,-0.06525353283458024,0.03245887060915953,0.0844819919964428
2026-02-06,512000,range_high_vol,0.0052631578947368585,-0.040609137055837574,-0.040609137055837574,-0.02910958904109595,-0.008460649389950824,-0.05342237061769617,-0.008818342151675318,-0.06701940035273357
2026-02-06,515030,range_high_vol,-0.0027277686852156258,-0.0476683937823833,-0.005411255411255422,0.3675595238095237,-0.015985885792680846,-0.06653123412899953,0.02176278563656142,0.04080522306855272
2026-02-06,159875,range_high_vol,-0.009985734664764712,0.0,0.011428571428571344,0.4478527607361962,-0.021775329112324864,-0.05976095617529886,0.016949152542372836,0.06355932203389836
2026-02-06,512660,range_high_vol,0.004149377593360981,-0.08104658583280155,0.23076923076923084,0.16693679092382485,-0.029644852957650902,-0.1438763376932224,0.029861111111111116,-0.01736111111111105
2026-02-06,512690,range_high_vol,-0.02402957486136792,0.012797074954296273,-0.08126036484245425,-0.04810996563573866,-0.02823413239208604,-0.024647887323943518,-0.03429602888086647,-0.06317689530685922
2026-02-06,159928,range_high_vol,-0.02570694087403602,-0.0037453183520599342,-0.060070671378091745,-0.028014616321558994,-0.01784302932880444,-0.012376237623762387,-0.02631578947368418,-0.010025062656641603
2026-02-06,512010,range_high_vol,-0.007894736842105177,-0.04962779156327546,-0.05432098765432103,-0.06127450980392146,-0.011402640097530373,-0.06585365853658531,-0.0026109660574412663,-0.03655352480417762
2026-02-06,159801,range_high_vol,0.07923771313941819,-0.02444208289054184,0.0736842105263158,0.4188562596599692,-0.02474239358796748,-0.1043902439024389,0.04575163398692794,-0.01089324618736387
2026-02-06,512890,range_high_vol,-0.008561643835616417,0.013769363166953541,-0.052292839903459454,-0.019966722129783676,-0.008392454630197154,-0.002540220152413286,-0.009337860780984641,0.022920203735144362
2026-02-06,510880,range_high_vol,0.005725190839694694,-0.033395176252319136,-0.06964285714285712,-0.046369737644905484,-0.01749765917447935,-0.03249767873723308,0.00351887396033268,0.06685860524632115
2026-02-06,168204,range_high_vol,0.039433771486349856,-0.020618556701030966,-0.03797468354430389,0.05204872646733105,-0.033014389611549816,-0.039433771486349856,0.0173684210526317,0.13947368421052642
2026-02-06,512400,range_high_vol,0.07952116289012401,0.028175740210124145,0.24956471271038883,0.6574287913779833,-0.045371754952483315,-0.1703275529865126,0.018578727357176028,-0.012540640966093863
2026-02-13,512480,range_high_vol,-0.04946100190234626,-0.02761457109283194,0.1838340486409158,0.4230438521066209,-0.023644108338260736,-0.06179138321995459,0.0,-0.13897280966767367
2026-02-13,159995,range_high_vol,-0.046486486486486456,-0.025666834423754503,0.1558208955223881,0.4372680029695619,-0.02371531170010876,-0.06382978723404265,-0.0020661157024793875,-0.14101239669421484
2026-02-13,512760,range_high_vol,-0.049132947976878505,-0.02993051843933725,0.16945876288659778,0.43364928909952605,-0.02307897665157534,-0.0625,-0.0022038567493113392,-0.1399449035812672
2026-02-13,515050,range_high_vol,-0.03245887060915953,-0.034912718204488824,0.17331985851440113,0.45124999999999993,-0.020610145942512946,-0.02723083368244661,0.052540913006029255,-0.003445305770887197
2026-02-13,512000,range_high_vol,0.008818342151675318,-0.025996533795493715,-0.03602058319039436,-0.08914100486223653,-0.008127621186474433,-0.02936096718480119,-0.019572953736654797,-0.11921708185053392
2026-02-13,515030,range_high_vol,-0.02176278563656142,-0.035439137134052445,-0.014173228346456734,0.3501078360891443,-0.016127379346015876,-0.04621635347892339,0.0005324813631524261,-0.04366347177848773
2026-02-13,159875,range_high_vol,-0.016949152542372836,0.005586592178770999,0.02127659574468077,0.42292490118577075,-0.022804590867873495,-0.043824701195219196,0.016666666666666607,0.008333333333333304
2026-02-13,512660,range_high_vol,-0.029861111111111116,-0.008026755852842848,0.2589134125636674,0.18830128205128216,-0.023035543262080405,-0.05781448538754763,0.07080242751180044,-0.15104517869184098
2026-02-13,512690,range_high_vol,0.03429602888086647,-0.003724394785847296,-0.09628378378378366,-0.09932659932659926,-0.028587396073848196,-0.05809859154929564,-0.03551401869158877,-0.09532710280373835
2026-02-13,159928,range_high_vol,0.02631578947368418,-0.0025673940949936247,-0.07057416267942573,-0.0672268907563025,-0.017760948328439965,-0.0383663366336634,-0.01158301158301156,-0.05276705276705285
2026-02-13,512010,range_high_vol,0.0026109660574412663,-0.04260651629072687,-0.04020100502512569,-0.07055961070559602,-0.011118974636282222,-0.03535353535353536,-0.028795811518324665,-0.08900523560209428
2026-02-13,159801,range_high_vol,-0.04575163398692794,-0.023397761953204532,0.15246098439375744,0.43070044709388955,-0.02375067590973139,-0.06341463414634141,-0.002083333333333326,-0.14166666666666672
2026-02-13,512890,range_high_vol,0.009337860780984641,0.0209973753280841,-0.04265791632485649,-0.024247491638795915,-0.008432257771906043,-0.017676767676767624,0.01371036846615259,-0.007712082262210873
2026-02-13,510880,range_high_vol,-0.00351887396033268,-0.008220044261776693,-0.04939393939393932,-0.024867889337892413,-0.017752008483655275,-0.024867889337892413,0.052916799489958644,0.030921262352566092
2026-02-13,168204,range_high_vol,-0.0173684210526317,0.08412787436904101,0.0015544041450776813,0.0914737436476567,-0.03273469485851597,-0.0227502527805864,0.07604759441282982,0.22245214692188298
2026-02-13,512400,range_high_vol,-0.018578727357176028,0.008275862068965578,0.2531428571428571,0.6316964285714286,-0.0462374054347446,-0.1549132947976879,0.13907888736890106,-0.16871865025079802
2026-02-27,512480,bull_high_vol,-0.01997578692493951,-0.028818443804034644,0.2509279881217521,0.2669172932330828,-0.022186227098232564,-0.044784580498866244,-0.058753709198813064,-0.12878338278931756
2026-02-27,159995,bull_high_vol,-0.01500258665287113,-0.040586797066014646,0.2201492537313432,0.2324120603015074,-0.02108525726120477,-0.05125725338491305,-0.05555555555555558,-0.14118246687054026
2026-02-27,512760,bull_high_vol,-0.016538037486218293,-0.03354297693920327,0.23344481605351164,0.2535690006798097,-0.02091136985446876,-0.04752066115702469,-0.0547722342733189,-0.1388286334056399
2026-02-27,515050,bull_high_vol,-0.033688699360341134,0.016778523489932917,0.25660964230171057,0.3764906303236797,-0.020938470682988302,-0.015834348355663885,-0.01650165016501648,-0.02970297029702973
2026-02-27,512000,bull_high_vol,0.015873015873015706,-0.029565217391304133,-0.010638297872340274,-0.13622291021671817,-0.008232020936735505,-0.03626943005181327,-0.032258064516129004,-0.10573476702508966
2026-02-27,515030,bull_high_vol,-0.0015831134564643357,-0.012486992715920908,0.07292255511588475,0.31897150799166085,-0.01540868406961966,-0.03605891315388532,-0.040569020021074764,0.00474183350895685
2026-02-27,159875,bull_high_vol,-0.00547195622435015,0.030855539971949453,0.1187214611872145,0.3867924528301885,-0.018647211282855847,-0.0239043824701195,-0.020408163265306145,0.01632653061224487
2026-02-27,512660,bull_high_vol,-0.048714479025710355,0.01572739187418093,0.3113367174280881,0.18865030674846617,-0.020081139000442217,-0.015247776365946653,-0.01741935483870971,-0.16387096774193544
2026-02-27,512690,bull_high_vol,0.016822429906542036,-0.005671077504725952,-0.09621993127147754,-0.16772151898734178,-0.028531308927539287,-0.07394366197183089,-0.03041825095057038,-0.06463878326996209
2026-02-27,159928,bull_high_vol,0.0064102564102563875,0.0038860103626943143,-0.06287787182587656,-0.11428571428571421,-0.017733531006358612,-0.04084158415841588,-0.002580645161290307,-0.029677419354838697
2026-02-27,512010,bull_high_vol,0.02067183462532296,-0.023195876288659822,-0.03562340966921118,-0.1267281105990783,-0.010977399467850911,-0.023195876288659822,-0.01846965699208447,-0.03693931398416894
2026-02-27,159801,bull_high_vol,-0.01564129301355588,-0.03944773175542404,0.2174999999999998,0.22824716267339218,-0.020952430160475058,-0.04975609756097554,-0.05749486652977409,-0.1416837782340863
2026-02-27,512890,bull_high_vol,0.004248088360238045,0.01736111111111116,-0.03060380479735325,-0.03855619360131268,-0.007627193271223054,-0.013468013468013518,0.013651877133105783,0.009385665529010323
2026-02-27,510880,bull_high_vol,-0.01635220125786163,0.0503737406564837,-0.0033919210607461503,-0.01252673388328751,-0.013504788017761804,0.0,0.016398514851485135,0.010829207920791895
2026-02-27,168204,bull_high_vol,-0.03014818599897806,0.09983633387888702,0.09863760217983653,0.12124582869855383,-0.03313249935038487,0.0,0.03224206349206349,0.08531746031746046
2026-02-27,512400,bull_high_vol,-0.06120651695288437,0.0778175313059033,0.43966547192353667,0.6666666666666667,-0.04727447851491253,-0.07129094412331405,-0.054356846473029186,-0.18008298755186725
2026-03-06,512480,bull_high_vol,0.058753709198813064,-0.06375442739079096,0.13610315186246424,0.1304347826086958,-0.023026431554251502,-0.07305669199298659,-0.02648171500630514,-0.10907944514501888
2026-03-06,159995,bull_high_vol,0.05555555555555558,-0.06649874055415628,0.11626506024096384,0.10232004759071978,-0.021973185088338038,-0.07810945273631831,-0.028602266594711212,-0.12628170534268757
2026-03-06,512760,bull_high_vol,0.0547722342733189,-0.06441223832528176,0.12961762799740773,0.12306701030927836,-0.02245608395671684,-0.07039999999999991,-0.029259896729776358,-0.5599541021227769
2026-03-06,515050,bull_high_vol,0.01650165016501648,0.018803418803418737,0.13903487816531301,0.17612234829797724,-0.02134868371000408,-0.032074705643524215,0.007969798657718075,-0.007969798657717964
2026-03-06,512000,bull_high_vol,0.032258064516129004,-0.06735751295336778,-0.0357142857142857,-0.14012738853503182,-0.009167313454437841,-0.055944055944055826,-0.01666666666666672,-0.10185185185185197
2026-03-06,515030,bull_high_vol,0.040569020021074764,-0.025682182985553803,0.020168067226890685,0.20596026490066222,-0.015858370517739532,-0.05647668393782379,0.05161998901702369,-0.014277869302581014
2026-03-06,159875,bull_high_vol,0.020408163265306145,0.006993006993007089,0.08597285067873295,0.30909090909090886,-0.017847804006183833,-0.02571041948579167,0.061111111111111116,-0.06388888888888877
2026-03-06,512660,bull_high_vol,0.01741935483870971,0.0339443312966734,0.28958509737510574,0.16526396327467485,-0.022995145329026082,-0.040931989924433365,-0.07156927117531187,-0.16611950098489814
2026-03-06,512690,bull_high_vol,0.03041825095057038,-0.10211267605633789,-0.11611785095320615,-0.180064308681672,-0.012909627657678818,-0.09734513274336276,0.0039215686274509665,-0.03137254901960784
2026-03-06,159928,bull_high_vol,0.002580645161290307,-0.03375000000000006,-0.0584652862362971,-0.11657142857142855,-0.010293199472879367,-0.043316831683168355,0.010349288486416475,-0.03363518758085382
2026-03-06,512010,bull_high_vol,0.01846965699208447,-0.03626943005181349,-0.04123711340206193,-0.1659192825112108,-0.012099425491051226,-0.04123711340206193,-0.010752688172043001,-0.010752688172043001
2026-03-06,159801,bull_high_vol,0.05749486652977409,-0.06802030456852792,0.11138014527845042,0.0994011976047906,-0.021997631153693412,-0.07923771313941819,-0.028322440087146017,-0.12527233115468406
2026-03-06,512890,bull_high_vol,-0.013651877133105783,0.016253207869974196,-0.01655629139072845,-0.0025188916876575096,-0.007972107560773675,-0.006688963210702337,0.014309764309764494,0.0
2026-03-06,510880,bull_high_vol,-0.016398514851485135,0.03758686039166137,0.011080332409972415,0.03595080416272478,-0.01471805613510801,-0.02435402435402434,0.02404870624048705,-0.02100456621004565
2026-03-06,168204,bull_high_vol,-0.03224206349206349,0.09124278972207645,0.1248648648648647,0.19460390355912738,-0.033459372376005846,-0.04145555043758631,0.06150888995675152,-0.03027390677558872
2026-03-06,512400,bull_high_vol,0.054356846473029186,-0.12177263969171492,0.31658001155401494,0.4866275277234182,-0.03944429373191226,-0.08767013610888719,-0.037735849056603765,-0.13514699429574373
2026-03-13,512480,range,0.02648171500630514,-0.029541169076052753,0.07520891364902504,0.20908379013312461,-0.020378460249255183,-0.09123013537374924,-0.027849740932642586,0.014248704663212486
2026-03-13,159995,range,0.028602266594711212,-0.03743315508021394,0.04651162790697683,0.17801047120418856,-0.019839561035201767,-0.08952959028831564,-0.030000000000000027,-0.007777777777777772
2026-03-13,512760,range,0.029259896729776358,-0.031482541499713856,0.0641509433962264,0.18903724525650034,-0.020012161728446425,-0.08934337997847153,-0.028368794326241176,-0.49822695035460995
2026-03-13,515050,range,-0.007969798657718075,0.06186478126380912,0.06895017793594294,0.3116812227074235,-0.022109378121746917,-0.02436053593179055,0.01622971285892638,0.11360799001248445
2026-03-13,512000,range,0.01666666666666672,-0.06842105263157883,-0.07491289198606255,-0.10906040268456363,-0.009032881345586712,-0.07167832167832155,-0.026365348399246757,-0.032015065913371
2026-03-13,515030,range,-0.05161998901702369,0.05918141592920345,0.06744704570791527,0.15361445783132543,-0.014017266550722062,-0.007772020725388518,-0.04699738903394257,0.021409921671018184
2026-03-13,159875,range,-0.061111111111111116,0.09455587392550147,0.14029850746268657,0.2607260726072609,-0.013636899842581806,-0.0026109660574412663,-0.03926701570680635,-0.0379581151832461
2026-03-13,512660,range,0.07156927117531187,-0.03547066848567537,0.16378600823045253,0.18524727577535605,-0.022341468197048586,-0.10957178841309834,-0.06294200848656295,-0.04455445544554448
2026-03-13,512690,range,-0.0039215686274509665,-0.09380530973451318,-0.06739526411657559,-0.17948717948717952,-0.01081598711859651,-0.07581227436823113,-0.0234375,-0.044921875
2026-03-13,159928,range,-0.010349288486416475,-0.033415841584158446,-0.015132408575031508,-0.11350737797956867,-0.008015691641596673,-0.02252816020025028,-0.0217669654289373,-0.04737516005121645
2026-03-13,512010,range,0.010752688172043001,-0.04166666666666674,-0.05882352941176472,-0.19298245614035092,-0.011590689881786187,-0.05154639175257736,-0.016304347826086918,0.008152173913043459
2026-03-13,159801,range,0.028322440087146017,-0.036717062634989195,0.04449648711943799,0.17214191852825222,-0.01945896879881773,-0.0897959183673469,-0.029147982062780242,-0.006726457399103158
2026-03-13,512890,range,-0.014309764309764494,0.020321761219305623,0.020321761219305623,0.016877637130801704,-0.006377779043035012,0.0,-0.007468879668049877,-0.024066390041493912
2026-03-13,510880,range,-0.02404870624048705,0.07270408163265296,0.0565326633165828,0.06186868686868685,-0.01171535913235063,-0.005028098195800079,-0.02021403091557672,-0.04191438763376931
2026-03-13,168204,range,-0.06150888995675152,0.15897166841553,0.23684210526315796,0.27466820542412007,-0.02226017749236205,-0.00808262236192181,-0.027614305115436832,-0.0778632865550023
2026-03-13,512400,range,0.037735849056603765,0.02285447761194037,0.25601374570446733,0.4581117021276595,-0.02573418541283424,-0.12209767814251404,-0.12585499316005477,-0.04423164614683084
2026-03-20,512480,range,0.027849740932642586,-0.0914043583535109,0.08610709117221416,0.09243085880640445,-0.021109094168945432,-0.11653914067098303,-0.021985343104596877,0.10126582278481022
2026-03-20,159995,range,0.030000000000000027,-0.09674081738230733,0.06658521686010999,0.053075995174909574,-0.019894732823325392,-0.11684370257966625,-0.034936998854524615,0.07731958762886593
2026-03-20,512760,range,0.028368794326241176,-0.0937155457552371,0.07874015748031482,0.07240704500978468,-0.020514037798030318,-0.11517761033369223,-0.03406326034063245,-0.4543795620437956
2026-03-20,515050,range,-0.01622971285892638,0.04136460554371002,0.1573459715639811,0.22038980509745132,-0.02361496799558149,-0.008526187576126665,-0.03685503685503699,0.1998361998361997
2026-03-20,512000,range,0.026365348399246757,-0.08818342151675473,-0.09457092819614699,-0.14262023217247088,-0.009685525859009978,-0.08170515097690934,-0.03481624758220503,-0.005802707930367523
2026-03-20,515030,range,0.04699738903394257,-0.03693931398416894,0.06351981351981362,0.08308605341246289,-0.016154347154811965,-0.05440414507772018,0.04493150684931502,0.10246575342465758
2026-03-20,159875,range,0.03926701570680635,0.004103967168262557,0.15047021943573657,0.20723684210526327,-0.015373944761270497,-0.04177545691906004,0.017711171662125436,0.028610354223433276
2026-03-20,512660,range,0.06294200848656295,-0.1035182679296347,0.08075040783034249,0.11251049538203173,-0.023973919074080127,-0.1656171284634761,-0.021886792452830095,0.07547169811320753
2026-03-20,512690,range,0.0234375,-0.06542056074766356,-0.0990990990990992,-0.19224555735056537,-0.011167114838097887,-0.06542056074766356,-0.016000000000000014,-0.03200000000000003
2026-03-20,159928,range,0.0217669654289373,-0.02051282051282055,-0.04380475594493116,-0.1357466063348416,-0.008679717386952644,-0.032911392405063356,-0.015706806282722474,-0.028795811518324665
2026-03-20,512010,range,0.016304347826086918,-0.06459948320413444,-0.042328042328042326,-0.1828442437923251,-0.011308504988446525,-0.05235602094240843,0.008287292817679592,0.008287292817679592
2026-03-20,159801,range,0.029147982062780242,-0.09697601668404587,0.06650246305418706,0.049696969696969795,-0.01942423658833068,-0.11632653061224485,-0.03464203233256358,0.07621247113163987
2026-03-20,512890,range,0.007468879668049877,0.016142735768903904,0.02309666381522657,0.01873935264054527,-0.005810635883310451,-0.011570247933884281,-0.010869565217391242,-0.0050167224080267525
2026-03-20,510880,range,0.02021403091557672,0.03647798742138364,0.04968152866242037,0.04901336728198591,-0.01176103306671161,-0.025140490979000285,-0.008798543689320315,-0.021541262135922223
2026-03-20,168204,range,0.027614305115436832,0.09759836484414919,0.226027397260274,0.23661485319516418,-0.024252635258732662,-0.03547373147732369,0.01862197392923659,-0.07402234636871508
2026-03-20,512400,range,0.12585499316005477,-0.1558784676354028,0.11778425655976665,0.2488599348534204,-0.027977630606433553,-0.23258606885508415,0.03077725612936888,0.1366718831507563
2026-03-27,512480,bear_high_vol,0.021985343104596877,-0.12878338278931756,0.012413793103448256,0.004103967168262557,-0.02523962980996283,-0.11299093655589132,-0.03746594005449588,0.19550408719346035
2026-03-27,159995,bear_high_vol,0.034936998854524615,-0.14118246687054026,-0.023754345307068325,-0.04802259887005644,-0.023177372284652147,-0.12784679089026907,-0.03916913946587541,0.1905044510385756
2026-03-27,512760,bear_high_vol,0.03406326034063245,-0.1388286334056399,-0.009975062344139696,-0.02933985330073341,-0.02438374208709863,-0.12313638873550514,-0.5170025188916877,-0.39987405541561716
2026-03-27,515050,bear_high_vol,0.03685503685503699,-0.02970297029702973,0.04347826086956519,0.10318949343339567,-0.02748113417734524,-0.04039167686658518,0.005527210884353817,0.28273809523809534
2026-03-27,512000,bear_high_vol,0.03481624758220503,-0.10573476702508966,-0.13518197573656843,-0.15280135823429541,-0.014660893530752407,-0.09437386569872963,-0.028056112224448926,0.014028056112224352
2026-03-27,515030,bear_high_vol,-0.04493150684931502,0.00474183350895685,0.0489548954895489,0.1113053613053614,-0.017382487590005574,-0.004177545691905982,-0.05873099108547464,0.08862087047718936
2026-03-27,159875,bear_high_vol,-0.017711171662125436,0.01632653061224487,0.11826347305389207,0.2347107438016529,-0.015179284577301354,-0.024804177545691974,-0.09772423025435073,0.021419009370816644
2026-03-27,512660,bear_high_vol,0.021886792452830095,-0.16387096774193544,0.04263877715205133,0.07910074937552047,-0.025176483840177954,-0.18387909319899243,-0.020061728395061706,0.07484567901234573
2026-03-27,512690,bear_high_vol,0.016000000000000014,-0.06463878326996209,-0.10545454545454558,-0.17449664429530198,-0.01326003354087141,-0.052023121387283267,0.004065040650406582,-0.020325203252032575
2026-03-27,159928,bear_high_vol,0.015706806282722474,-0.029677419354838697,-0.06234413965087282,-0.1142520612485276,-0.01292563968795546,-0.048101265822784844,-0.0066489361702127825,-0.027925531914893664
2026-03-27,512010,bear_high_vol,-0.008287292817679592,-0.03693931398416894,-0.051948051948051965,-0.17045454545454553,-0.017598691631506725,-0.024064171122994638,0.008219178082191858,-0.002739726027397249
2026-03-27,159801,bear_high_vol,0.03464203233256358,-0.1416837782340863,-0.02336448598130847,-0.050000000000000044,-0.023133067125197082,-0.12734864300626303,-0.039473684210526216,0.18899521531100483
2026-03-27,512890,bear_high_vol,0.010869565217391242,0.009385665529010323,0.008525149190110826,0.028695652173913233,-0.010284441625814142,-0.02231404958677674,0.004226542688080981,0.00507185122569731
2026-03-27,510880,bear_high_vol,0.008798543689320315,0.010829207920791895,0.033860759493670844,0.058309037900874605,-0.011097739117592032,-0.03371783496007097,-0.015610651974288237,0.0024487297214570436
2026-03-27,168204,bear_high_vol,-0.01862197392923659,0.08531746031746046,0.23615819209039546,0.23546019198193124,-0.04912183839278277,-0.1581377452866487,-0.07769652650822689,-0.033820840950639974
2026-03-27,512400,bear_high_vol,-0.03077725612936888,-0.18008298755186725,0.06293706293706292,0.3199732798931194,-0.027117405719828964,-0.20896717373899132,-0.0025303643724695624,0.06022267206477738
2026-04-03,512480,bear_high_vol,0.03746594005449588,-0.10907944514501888,-0.049125168236877514,-0.08246753246753247,-0.024480570674837457,-0.11410658307210031,0.10828025477707004,0.3793347487615004
2026-04-03,159995,bear_high_vol,0.03916913946587541,-0.12628170534268757,-0.07801822323462415,-0.12863293864370295,-0.022312987505475935,-0.12675296655879187,0.10315009264978392,0.3817171093267451
2026-04-03,512760,bear_high_vol,0.5170025188916877,-0.5599541021227769,-0.5320317266625991,-0.554846198491004,-0.11551677255096676,-0.5607101947308133,0.106910039113429,0.3741851368970013
2026-04-03,515050,bear_high_vol,-0.005527210884353817,-0.007969798657717964,0.025140875596012302,0.10256410256410264,-0.028116173705766103,-0.0350877192982455,0.1315010570824524,0.3378435517970402
2026-04-03,512000,bear_high_vol,0.028056112224448926,-0.10185185185185197,-0.16666666666666663,-0.20621931260229132,-0.014194488785019515,-0.09514925373134331,0.0597938144329897,0.0742268041237113
2026-04-03,515030,bear_high_vol,0.05873099108547464,-0.014277869302581014,-0.04572036150983527,-0.028153762858689757,-0.017734937564963187,-0.06266318537859017,0.08969359331476334,0.21559888579387199
2026-04-03,159875,bear_high_vol,0.09772423025435073,-0.06388888888888877,-0.01027900146842875,0.025875190258751957,-0.01802061592711529,-0.12010443864229758,0.09050445103857552,0.17952522255192882
2026-04-03,512660,bear_high_vol,0.020061728395061706,-0.16611950098489814,-0.052238805970149294,0.05833333333333335,-0.02021848257604655,-0.15949702183984105,0.06377952755905514,0.13858267716535422
2026-04-03,512690,bear_high_vol,-0.004065040650406582,-0.03137254901960784,-0.08687615526802228,-0.16835016835016836,-0.011856186882502402,-0.048169556840077066,-0.010121457489878583,-0.03238866396761142
2026-04-03,159928,bear_high_vol,0.0066489361702127825,-0.03363518758085382,-0.06390977443609025,-0.11910377358490565,-0.01274365257935142,-0.05443037974683551,-0.004016064257028162,-0.010709504685408322
2026-04-03,512010,bear_high_vol,-0.008219178082191858,-0.010752688172043001,-0.034120734908136496,-0.15402298850574714,-0.018245448564080186,-0.023872679045092826,0.008152173913043459,0.0
2026-04-03,159801,bear_high_vol,0.039473684210526216,-0.12527233115468406,-0.07701149425287346,-0.12812160694896846,-0.022592143531297446,-0.12527233115468406,0.10336239103362388,0.3798256537982565
2026-04-03,512890,bear_high_vol,-0.004226542688080981,0.0,0.011063829787233859,0.03574542284219695,-0.009979748680522297,-0.018181818181818188,-0.010101010101010055,-0.008417508417508435
2026-04-03,510880,bear_high_vol,0.015610651974288237,-0.02100456621004565,0.008782936010037545,0.039767216294859464,-0.010260873615212517,-0.048802129547471096,0.002176616915422702,0.01741293532338295
2026-04-03,168204,bear_high_vol,0.07769652650822689,-0.03027390677558872,0.1420486700622523,0.14334277620396585,-0.048788004507462596,-0.2235475182762603,0.00941526263627357,0.05351833498513381
2026-04-03,512400,bear_high_vol,0.0025303643724695624,-0.13514699429574373,0.03247773703509704,0.23573667711598745,-0.02663018637600485,-0.13514699429574373,0.06341958396752911,0.11973617453069485
