date,nav,daily_return,benchmark_nav,cash_nav,equity_weight,turnover,market_state,drawdown
2021-08-17,1.0,0.0,1.0,1.0,0.0,0.0,range,0.0
2021-08-18,1.0006158768246352,0.0006158768246351531,1.0108075040783033,1.0006158768246352,0.0,0.0,range,0.0
2021-08-19,1.000503899220156,-0.0001119086825150939,1.003874388254486,1.0005038992201558,0.0,0.0,range,-0.0001119086825150939
2021-08-20,1.0011277744451113,0.0006235610130469471,0.9855220228384992,1.0011277744451108,0.0,0.0,range,0.0
2021-08-23,1.000535892821436,-0.0005912148666570305,1.0002039151712887,1.0005358928214356,0.0,0.0,range,-0.0005912148666570305
2021-08-24,1.0001199760047994,-0.00041569404917984887,1.0108075040783033,1.000119976004799,0.0,0.0,range,-0.0010066631513349078
2021-08-25,1.0004799040191963,0.0003598848368520091,1.0136623164763459,1.000479904019196,0.0,0.0,range,-0.0006471405972869881
2021-08-26,0.9980163967206561,-0.0024623256185792863,0.9963295269168027,0.9980163967206558,0.0,0.0,range,-0.0031078727449946886
2021-08-27,0.9983203359328138,0.00030454330525664375,0.9989804241435563,0.9983203359328133,0.0,0.0,range,-0.0028042759215760604
2021-08-30,0.9986802639472109,0.0003605335897127748,0.9953099510603589,0.9986802639472105,0.0,0.0,range,-0.0024447533675279187
2021-08-31,1.0000639872025596,0.0013855518180361237,0.9949021207177813,1.0000639872025594,0.0,0.0,range,-0.0010625888819648655
2021-09-01,1.0005998800239952,0.0005358585333470334,1.0091761827079935,1.000599880023995,0.0,0.0,range,-0.0005272997459375706
2021-09-02,1.0005438912217557,-5.5955235811366855e-05,1.0083605220228387,1.0005438912217557,0.0,0.0,range,-0.0005832254765673062
2021-09-03,1.0008238352329535,0.00027979183487492065,1.0028548123980425,1.0008238352329533,0.0,0.0,range,-0.00030359682341873917
2021-09-06,0.9999920015996802,-0.0008311489035227604,1.0199836867862968,0.99999200159968,0.0,0.0,range,-0.0011344933927746048
2021-09-07,0.9992241551689662,-0.0007678525723061602,1.0328303425774878,0.9992241551689661,0.0,0.0,range,-0.0019014748414108995
2021-09-08,0.9989442111577684,-0.00028016137295083787,1.0285481239804242,0.9989442111577684,0.0,0.0,range,-0.0021811034945594665
2021-09-09,0.9990561887622476,0.00011209595413674833,1.0281402936378465,0.9990561887622474,0.0,0.0,range,-0.0020692520332999953
2021-09-10,0.9990401919616076,-1.6011912863156397e-05,1.0381321370309953,0.9990401919616076,0.0,0.0,range,-0.002085230813479999
2021-09-13,0.9986722655468906,-0.0003682798927184816,1.0326264274061991,0.9986722655468905,0.0,0.0,range,-0.002452742757618198
2021-09-14,0.998136372725455,-0.0005366052907679331,1.019168026101142,0.9981363727254549,0.0,0.0,range,-0.002988031893645493
2021-09-15,0.9983203359328136,0.0001843066863260745,1.0083605220228387,0.9983203359328133,0.0,0.0,range,-0.0028042759215762825
2021-09-16,0.9970005998800242,-0.0013219564956133967,0.9969412724306689,0.997000599880024,0.0,0.0,range,-0.004122525286419654
2021-09-17,0.9978644271145772,0.0008664259927797513,1.0048939641109298,0.997864427114577,0.0,0.0,range,-0.0032596711567040026
2021-09-22,0.9983683263347333,0.000504977636704762,0.9981647634584012,0.9983683263347329,0.0,0.0,range,-0.0027563395810364932
2021-09-23,0.9996880623875228,0.0013218929507055055,1.004078303425775,0.9996880623875225,0.0,0.0,range,-0.0014380902161927889
2021-09-24,0.9996000799840035,-8.800985710410991e-05,1.0055057096247961,0.9996000799840031,0.0,0.0,range,-0.001525973507182421
2021-09-27,0.9995680863827238,-3.20064012802046e-05,1.012030995106036,0.9995680863827234,0.0,0.0,range,-0.0015579310675423175
2021-09-28,0.9997120575884827,0.00014403341575253137,1.0101957585644372,0.9997120575884823,0.0,0.0,range,-0.0014141220459229498
2021-09-29,1.0021275744851033,0.0024162126267111006,1.0034665579119086,1.0021275744851028,0.0,0.0,range,0.0
2021-09-30,1.0025914817036596,0.0004629223168464147,1.006321370309951,1.0025914817036592,0.0,0.0,range,0.0
2021-10-08,1.0009838032393525,-0.0016035229638847737,1.0207993474714518,1.000983803239352,0.0,0.0,range,-0.0016035229638847737
2021-10-11,0.9997200559888026,-0.001262505193850516,1.0205954323001631,0.9997200559888022,0.0,0.0,range,-0.0028640037016649522
2021-10-12,0.9982483503299344,-0.001472117769421577,1.0099918433931485,0.998248350329934,0.0,0.0,range,-0.004331905320345553
2021-10-13,0.9978804239152175,-0.0003685720237808221,1.0214110929853182,0.9978804239152169,0.0,0.0,range,-0.004698880725015564
2021-10-14,0.9981123775244954,0.00023244629688989882,1.015905383360522,0.9981123775244951,0.0,0.0,range,-0.004467526665549837
2021-10-15,0.9979604079184166,-0.0001522570098326792,1.0207993474714518,0.9979604079184162,0.0,0.0,range,-0.004619103463131102
2021-10-18,0.9949370125974807,-0.0030295744169271943,1.0089722675367048,0.9949370125974805,0.0,0.0,range,-0.007634683962377209
2021-10-19,0.9948410317936415,-9.646922631678656e-05,1.0185562805872757,0.9948410317936411,0.0,0.0,range,-0.007730416676638985
2021-10-20,0.9951609678064389,0.00032159511175433586,1.0157014681892333,0.9951609678064387,0.0,0.0,range,-0.007411307629099695
2021-10-21,0.9965846830633875,0.0014306381610673657,1.0201876019575857,0.9965846830633873,0.0,0.0,range,-0.005991272367549927
2021-10-25,0.9956408718256351,-0.0009470456989678633,1.030383360522023,0.9956408718256349,0.0,0.0,range,-0.0069326440577908155
2021-10-26,0.9963847230553892,0.0007471079691516724,1.026916802610114,0.9963847230553888,0.0,0.0,range,-0.006190715522261914
2021-10-27,0.9966726654669069,0.0002889871802076449,1.0134584013050572,0.9966726654669066,0.0,0.0,range,-0.005903517379476586
2021-10-28,0.9965126974605083,-0.00016050205041362453,1.0091761827079935,0.9965126974605079,0.0,0.0,range,-0.0060630719032460645
2021-10-29,0.9972885422915422,0.0007785599049676684,1.0157014681892333,0.9972885422915417,0.0,0.0,range,-0.005289232462963311
2021-11-01,0.9980163967206563,0.0007298333413534586,1.0124388254486134,0.9980163967206558,0.0,0.0,range,-0.004563259379811502
2021-11-02,0.9988242351529698,0.0008094440481818399,1.0018352365415988,0.9988242351529694,0.0,0.0,range,-0.0037575090347748974
2021-11-03,0.9996080783843235,0.0007847659315491917,0.9977569331158238,0.9996080783843231,0.0,0.0,range,-0.0029756918683037092
2021-11-04,0.9992561487702464,-0.00035206759697858914,1.007340946166395,0.9992561487702459,0.0,0.0,range,-0.0033267118205968504
2021-11-05,1.0002799440111982,0.0010245573592033708,1.003874388254486,1.0002799440111978,0.0,0.0,range,-0.002305562868471167
2021-11-08,1.001183763247351,0.0009035662881817785,1.003058727569331,1.0011837632473506,0.0,0.0,range,-0.0014040798091726758
2021-11-09,1.000319936012798,-0.0008628058766667612,1.0026508972267536,1.0003199360127975,0.0,0.0,range,-0.0022656742375287697
2021-11-10,1.0016236752649474,0.0013033222724183613,0.9975530179445352,1.001623675264947,0.0,0.0,range,-0.0009653048688061938
2021-11-11,1.0013437312537496,-0.00027949020985729156,1.0138662316476348,1.0013437312537492,0.0,0.0,range,-0.0012445252854030864
2021-11-12,1.0002399520095986,-0.0011022980518079484,1.0134584013050572,1.0002399520095981,0.0,0.0,range,-0.0023454514994134534
2021-11-15,1.0009918016396726,0.0007516692655231694,1.0122349102773247,1.000991801639672,0.0,0.0,range,-0.0015955452376962276
2021-11-16,1.0013757248550297,0.0003835428169622901,1.0114192495921697,1.001375724855029,0.0,0.0,range,-0.001212614380648902
2021-11-17,1.0013917216556696,1.5974823677877836e-05,1.011215334420881,1.0013917216556687,0.0,0.0,range,-0.0011966589282719209
2021-11-18,1.0020475904819044,0.00065495730796572,1.0022430668841762,1.0020475904819037,0.0,0.0,range,-0.0005424853808163599
2021-11-19,1.001463707258549,-0.0005826901126267936,1.0134584013050572,1.0014637072585482,0.0,0.0,range,-0.0011248593925755612
2021-11-22,1.0018476304739061,0.00038336208548983564,1.0161092985318108,1.0018476304739052,0.0,0.0,range,-0.0007419285355282357
2021-11-23,1.001863627274546,1.596729897168636e-05,1.0167210440456769,1.001863627274545,0.0,0.0,range,-0.0007259730831512545
2021-11-24,1.0025914817036603,0.0007265005029619687,1.0189641109298533,1.0025914817036592,0.0,0.0,range,0.0
2021-11-25,1.0031593681263757,0.0005664185593821092,1.015089722675367,1.0031593681263746,0.0,0.0,range,0.0
2021-11-26,1.0051909618076396,0.002025195343645425,1.0065252854812399,1.0051909618076385,0.0,0.0,range,0.0
2021-11-29,1.0038872225554898,-0.0012970065407326148,1.0050978792822187,1.003887222555489,0.0,0.0,range,-0.0012970065407326148
2021-11-30,1.0040311937612485,0.00014341372469339753,1.0014274061990212,1.0040311937612476,0.0,0.0,range,-0.0011537788245782332
2021-12-01,1.0035592881423723,-0.00047001091381271287,1.004078303425775,1.0035592881423714,0.0,0.0,range,-0.001623247449751286
2021-12-02,1.0030313937212565,-0.0005260221566908418,1.0061174551386625,1.0030313937212556,0.0,0.0,range,-0.002148415742317722
2021-12-03,1.0016396720655878,-0.0013875155497430347,1.015293637846656,1.001639672065587,0.0,0.0,range,-0.0035329503318110023
2021-12-06,1.0036472705458916,0.0020043120657988744,1.0142740619902122,1.0036472705458908,0.0,0.0,range,-0.0015357194009901765
2021-12-07,1.0031913617276553,-0.00045425203815718795,1.0199836867862968,1.0031913617276544,0.0,0.0,range,-0.0019892738354793105
2021-12-08,1.0034393121375733,0.0002471616277586186,1.0346655791190864,1.0034393121375724,0.0,0.0,range,-0.0017426038798799004
2021-12-09,1.0030793841231762,-0.0003586943525566433,1.0517944535073411,1.0030793841231753,0.0,0.0,range,-0.0021006731702661874
2021-12-10,1.0037112577484513,0.0006299338170800972,1.0487357259380097,1.0037112577484504,0.0,0.0,range,-0.001472062638254612
2021-12-13,1.0036792641471715,-3.187530381154602e-05,1.0513866231647635,1.0036792641471706,0.0,0.0,range,-0.0015038910196223387
2021-12-14,1.005254949010199,0.0015699087540343992,1.0450652528548123,1.0052549490101979,0.0,0.0,range,0.0
2021-12-15,1.0053429314137183,8.752247736354413e-05,1.0356851549755302,1.0053429314137172,0.0,0.0,range,0.0
2021-12-16,1.005030993801241,-0.00031027980874021033,1.0411908646003263,1.0050309938012396,0.0,0.0,range,-0.00031027980874021033
2021-12-17,1.0064387122575498,0.0014006716857402068,1.026305057096248,1.0064387122575484,0.0,0.0,range,0.0
2021-12-20,1.0062467506498713,-0.00019073352936493926,1.0110114192495923,1.00624675064987,0.0,0.0,range,-0.00019073352936493926
2021-12-21,1.0058388322335545,-0.00040538607061679777,1.015293637846656,1.0058388322335532,0.0,0.0,range,-0.000596042279265685
2021-12-22,1.00643071385723,0.0005884457874438809,1.015905383360522,1.0064307138572284,0.0,0.0,range,-7.947230390104032e-06
2021-12-23,1.006670665866828,0.00023841880647546,1.0236541598694942,1.0066706658668265,0.0,0.0,range,0.0
2021-12-24,1.0065986802639486,-7.150859294924317e-05,1.0189641109298533,1.006598680263947,0.0,0.0,range,-7.150859294924317e-05
2021-12-27,1.0074865026994617,0.0008820023837903257,1.0197797716150083,1.00748650269946,0.0,0.0,range,0.0
2021-12-28,1.007966406718658,0.00047633791411638704,1.0250815660685155,1.0079664067186562,0.0,0.0,range,0.0
2021-12-29,1.008214357128576,0.0002459907475738099,1.0114192495921697,1.0082143571285742,0.0,0.0,range,0.0
2021-12-30,1.0107738452309556,0.0025386348491098776,1.0187601957585646,1.0107738452309538,0.0,0.0,range,0.0
2021-12-31,1.0116296740651887,0.0008467065489190517,1.0212071778140295,1.011629674065187,0.0,0.0,range,0.0
2022-01-04,1.0111417716456728,-0.0004822935032691156,1.0175367047308321,1.0111417716456708,0.0,0.0,range,-0.0004822935032691156
2022-01-05,1.0100619876024812,-0.001067885902324206,1.007952691680261,1.0100619876024794,0.0,0.0,range,-0.0015496643711604419
2022-01-06,1.0095100979804057,-0.0005463918342135665,0.9965334420880912,1.009510097980404,0.0,0.0,range,-0.0020952094814158384
2022-01-07,1.009590081983605,7.923051325531283e-05,0.9989804241435563,1.0095900819836032,0.0,0.0,range,-0.0020161449726832092
2022-01-10,1.0107418516296758,0.0011408290024084167,1.0016313213703099,1.010741851629674,0.0,0.0,range,-0.0008776160469327055
2022-01-11,1.012117576484705,0.0013611040769816452,0.9924551386623165,1.012117576484703,0.0,0.0,range,0.0
2022-01-12,1.0125014997000616,0.00037932669511597794,1.003058727569331,1.0125014997000599,0.0,0.0,range,0.0
2022-01-13,1.0123815236952625,-0.00011849464404223298,0.986541598694943,1.012381523695261,0.0,0.0,range,-0.00011849464404223298
2022-01-14,1.0147490501899636,0.002338571417284996,0.9775693311582381,1.0147490501899619,0.0,0.0,range,0.0
2022-01-17,1.014453109378126,-0.00029163940757792606,0.9859298531810767,1.0144531093781244,0.0,0.0,range,-0.00029163940757792606
2022-01-18,1.0173805238952225,0.002885707077078248,0.9953099510603589,1.017380523895221,0.0,0.0,range,0.0
2022-01-19,1.0169006198760264,-0.0004717055299611195,0.9747145187601959,1.0169006198760249,0.0,0.0,range,-0.0004717055299611195
2022-01-20,1.0167246550689877,-0.0001730403183943796,0.982463295269168,1.0167246550689861,0.0,0.0,range,-0.0006446642242803335
2022-01-21,1.0192041591681678,0.002438717391988421,0.9755301794453507,1.0192041591681664,0.0,0.0,range,0.0
2022-01-24,1.022795440911819,0.003523613705209261,0.9759380097879281,1.0227954409118176,0.0,0.0,range,0.0
2022-01-25,1.022531493701261,-0.0002580645161290862,0.9543230016313213,1.0225314937012597,0.0,0.0,range,-0.0002580645161290862
2022-01-26,1.0178684263147384,-0.004560316640853546,0.9596247960848288,1.017868426314737,0.0,0.0,range,-0.00481720430107524
2022-01-27,1.017444511097782,-0.00041647349106932463,0.9431076672104405,1.0174445110977803,0.0,0.0,range,-0.005231671554252082
2022-01-28,1.0195080983803253,0.0020282062166878667,0.9286296900489397,1.019508098380324,0.0,0.0,range,-0.0032140762463342964
2022-02-07,1.0186202759448124,-0.0008708341178685908,0.9433115823817293,1.0186202759448109,0.0,0.0,range,-0.004082111436950031
2022-02-08,1.0198280343931228,0.0011856807456440688,0.9388254486133769,1.0198280343931214,0.0,0.0,range,-0.002901270772238451
2022-02-09,1.0203639272145584,0.00052547371062861,0.9467781402936378,1.020363927214557,0.0,0.0,range,-0.002377321603128091
2022-02-10,1.021291741651671,0.0009092975676290305,0.9445350734094616,1.0212917416516696,0.0,0.0,range,-0.0014701857282503061
2022-02-11,1.0169646070785856,-0.004236923101020418,0.9371941272430669,1.0169646070785843,0.0,0.0,range,-0.005700879765395905
2022-02-14,1.0160767846430727,-0.0008730121277901182,0.9272022838499184,1.0160767846430714,0.0,0.0,range,-0.006568914956011751
2022-02-15,1.0160927814437126,1.574369268309006e-05,0.9357667210440458,1.0160927814437113,0.0,0.0,range,-0.006553274682306931
2022-02-16,1.0168686262747464,0.0007635570739232822,0.9400489396411094,1.016868626274745,0.0,0.0,range,-0.005794721407624603
2022-02-17,1.0169566086782655,8.652288136912212e-05,0.9420880913539967,1.0169566086782642,0.0,0.0,range,-0.005708699902248426
2022-02-18,1.0163327334533105,-0.0006134728066380379,0.9469820554649266,1.0163327334533092,0.0,0.0,range_high_vol,-0.006318670576735186
2022-02-21,1.0140771845630887,-0.0022193016282747724,0.9435154975530179,1.0140771845630874,0.0,0.0,range_high_vol,-0.008523949169110479
2022-02-22,1.0135252949410132,-0.0005442284181882417,0.9312805872756934,1.0135252949410116,0.0,0.0,range_high_vol,-0.009063538611925659
2022-02-23,1.0145890821835646,0.0010495912118437811,0.9410685154975531,1.0145890821835633,0.0,0.0,range_high_vol,-0.008023460410557237
2022-02-24,1.0149410117976416,0.0003468691120938061,0.9237357259380099,1.0149410117976405,0.0,0.0,range_high_vol,-0.007679374389051974
2022-02-25,1.0155568886222766,0.0006068104623579984,0.9308727569331159,1.0155568886222754,0.0,0.0,range_high_vol,-0.0070772238514177355
2022-02-28,1.0159008198360338,0.00033866267622273405,0.9320962479608482,1.0159008198360329,0.0,0.0,range_high_vol,-0.006740957966764771
2022-03-01,1.0141491701659677,-0.001724232952532434,0.9398450244698205,1.0141491701659668,0.0,0.0,range_high_vol,-0.008453567937439233
2022-03-02,1.0136932613477314,-0.0004495480858714984,0.9327079934747146,1.0136932613477303,0.0,0.0,range_high_vol,-0.008899315738025715
2022-03-03,1.013741251749651,4.7342133709937784e-05,0.9267944535073409,1.01374125174965,0.0,0.0,range_high_vol,-0.008852394916911477
2022-03-04,1.0132613477304548,-0.0004733989253843385,0.916394779771615,1.013261347730454,0.0,0.0,range_high_vol,-0.009321603128055078
2022-03-07,1.0153809238152378,0.0020918355264714084,0.886215334420881,1.015380923815237,0.0,0.0,range_high_vol,-0.007249266862170534
2022-03-08,1.0163967206558697,0.0010004096165359133,0.869494290375204,1.0163967206558688,0.0,0.0,range_high_vol,-0.00625610948191635
2022-03-09,1.0141971605678872,-0.0021640763328744095,0.8613376835236543,1.0141971605678863,0.0,0.0,range_high_vol,-0.008406647116324995
2022-03-10,1.014613077384524,0.0004100946372240788,0.8735725938009787,1.014613077384523,0.0,0.0,range_high_vol,-0.00800000000000034
2022-03-11,1.0164287142571495,0.0017894869611829733,0.8792822185970637,1.0164287142571484,0.0,0.0,range_high_vol,-0.00622482893450671
2022-03-14,1.0193161367726464,0.0028407526027116603,0.8507340946166394,1.0193161367726453,0.0,0.0,range_high_vol,-0.0034017595307921367
2022-03-15,1.0155888822235564,-0.003656622724419245,0.8101549755301795,1.0155888822235553,0.0,0.0,range_high_vol,-0.007045943304008095
2022-03-16,1.0150769846030805,-0.0005040401972057351,0.8454323001631321,1.0150769846030794,0.0,0.0,range_high_vol,-0.007546432062561337
2022-03-17,1.0152689462107591,0.00018911039319213785,0.8625611745513867,1.0152689462107578,0.0,0.0,range_high_vol,-0.007358748778103608
2022-03-18,1.016636672665468,0.001347156790142856,0.8682707993474714,1.016636672665467,0.0,0.0,range_high_vol,-0.006021505376344161
2022-03-21,1.0162367526494713,-0.00039337555564289417,0.867047308319739,1.0162367526494702,0.0,0.0,range_high_vol,-0.006412512218963884
2022-03-22,1.0150769846030805,-0.001141238046515447,0.866231647634584,1.0150769846030794,0.0,0.0,range_high_vol,-0.007546432062561337
2022-03-23,1.015404919016198,0.00032306358836975413,0.8713295269168025,1.0154049190161967,0.0,0.0,range_high_vol,-0.0072258064516129705
2022-03-24,1.0162367526494713,0.0008192137123772536,0.8658238172920066,1.0162367526494702,0.0,0.0,range_high_vol,-0.006412512218963884
2022-03-25,1.0170765846830645,0.0008264137578213315,0.8501223491027732,1.0170765846830634,0.0,0.0,range_high_vol,-0.005591397849462609
2022-03-28,1.0171165766846642,3.932054105071359e-05,0.8450244698205547,1.017116576684663,0.0,0.0,range_high_vol,-0.005552297165200559
2022-03-29,1.0166526694661078,-0.00045610034207532735,0.8413539967373573,1.0166526694661067,0.0,0.0,range_high_vol,-0.006005865102639563
2022-03-30,1.0164127174565096,-0.00023602161958036216,0.8664355628058727,1.0164127174565087,0.0,0.0,range_high_vol,-0.00624046920821153
2022-03-31,1.015604879024196,-0.0007947937077520395,0.8601141924959217,1.0156048790241952,0.0,0.0,range_high_vol,-0.0070303030303033864
2022-04-01,1.016868626274746,0.0012443296370967527,0.8705138662316477,1.016868626274745,0.0,0.0,range_high_vol,-0.0057947214076250475
2022-04-06,1.0177964407118587,0.0009124231126214077,0.8680668841761826,1.0177964407118576,0.0,0.0,range_high_vol,-0.004887585532747041
2022-04-07,1.0189562087582493,0.0011394891944989105,0.8574632952691681,1.0189562087582482,0.0,0.0,range_high_vol,-0.003753665689149921
2022-04-08,1.0203239352129583,0.0013422818791946067,0.8631729200652528,1.0203239352129574,0.0,0.0,range_high_vol,-0.002416422287390474
2022-04-11,1.0182763447310548,-0.0020068043209003905,0.8362561174551387,1.0182763447310537,0.0,0.0,range_high_vol,-0.0044183773216034394
2022-04-12,1.0186522695460916,0.0003691775979890455,0.8505301794453508,1.0186522695460907,0.0,0.0,range_high_vol,-0.004050830889541057
2022-04-13,1.0189482103579293,0.0002905219187010477,0.844004893964111,1.0189482103579284,0.0,0.0,range_high_vol,-0.003761485826002442
2022-04-14,1.0205558888222364,0.0015777823131386537,0.8529771615008156,1.0205558888222355,0.0,0.0,range_high_vol,-0.0021896383186710278
2022-04-15,1.0196600679864036,-0.0008777773423722657,0.8525693311582382,1.0196600679864027,0.0,0.0,range_high_vol,-0.0030654936461391724
2022-04-18,1.018476304739053,-0.001160939105606329,0.8484910277324632,1.0184763047390522,0.0,0.0,range_high_vol,-0.004222873900293744
2022-04-19,1.01886822635473,0.00038481171712412277,0.8429853181076673,1.018868226354729,0.0,0.0,range_high_vol,-0.00383968719452632
2022-04-20,1.0191561687662476,0.00028261006091812035,0.8287112561174552,1.0191561687662467,0.0,0.0,range_high_vol,-0.003558162267840115
2022-04-21,1.0182763447310546,-0.0008632867681683809,0.8148450244698205,1.0182763447310537,0.0,0.0,range_high_vol,-0.0044183773216036615
2022-04-22,1.0180203959208167,-0.0002513549603329057,0.816884176182708,1.0180203959208158,0.0,0.0,range_high_vol,-0.004668621700880227
2022-04-25,1.0180763847230563,5.499772152295357e-05,0.7775285481239804,1.0180763847230554,0.0,0.0,range_high_vol,-0.004613880742913357
2022-04-26,1.0186522695460918,0.0005656597399537056,0.7714110929853181,1.0186522695460907,0.0,0.0,range_high_vol,-0.004050830889540835
2022-04-27,1.0183243351329745,-0.00032192969369559954,0.793026101141925,1.0183243351329734,0.0,0.0,range_high_vol,-0.004371456500488979
2022-04-28,1.0177804439112188,-0.0005341041188853257,0.7983278955954323,1.0177804439112177,0.0,0.0,range_high_vol,-0.004903225806451861
2022-04-29,1.0188282343531305,0.00102948572865591,0.8187194127243066,1.0188282343531294,0.0,0.0,range_high_vol,-0.003878787878788037
2022-05-05,1.0188362327534504,7.850587616431426e-06,0.8156606851549756,1.0188362327534493,0.0,0.0,range_high_vol,-0.003870967741935738
2022-05-06,1.0180763847230565,-0.0007457999685978045,0.7958809135399674,1.0180763847230554,0.0,0.0,range_high_vol,-0.004613880742913246
2022-05-09,1.0187322535492913,0.0006442235927250906,0.7893556280587276,1.0187322535492902,0.0,0.0,range_high_vol,-0.003972629521016735
2022-05-10,1.0208278344331145,0.0020570477439210144,0.7985318107667211,1.0208278344331134,0.0,0.0,range_high_vol,-0.0019237536656893095
2022-05-11,1.0200519896020805,-0.0007600153570115342,0.8097471451876019,1.0200519896020794,0.0,0.0,range_high_vol,-0.002682306940371748
2022-05-12,1.020595880823836,0.0005331995107109577,0.8056688417618271,1.0205958808238351,0.0,0.0,range_high_vol,-0.0021505376344090887
2022-05-13,1.0214597080583891,0.0008463949843260377,0.8119902120717782,1.0214597080583883,0.0,0.0,range_high_vol,-0.001305962854350473
2022-05-16,1.0213397320535902,-0.00011745544523433793,0.8056688417618271,1.0213397320535893,0.0,0.0,range_high_vol,-0.0014232649071362902
2022-05-17,1.0225314937012606,0.001166861143523823,0.8156606851549756,1.0225314937012597,0.0,0.0,range_high_vol,-0.0002580645161294193
2022-05-18,1.024115176964608,0.0015487867836860847,0.8128058727569332,1.024115176964607,0.0,0.0,range_high_vol,0.0
2022-05-19,1.0232833433313346,-0.0008122461730708519,0.8146411092985318,1.0232833433313338,0.0,0.0,range_high_vol,-0.0008122461730708519
2022-05-20,1.022731453709259,-0.0005393321660830397,0.8317699836867862,1.0227314537092582,0.0,0.0,range_high_vol,-0.0013511402686660068
2022-05-23,1.0231713657268555,0.0004301344365629234,0.8252446982055465,1.0231713657268546,0.0,0.0,range_high_vol,-0.0009215870040611973
2022-05-24,1.0236672665466915,0.00048467034599197767,0.8085236541598695,1.0236672665466906,0.0,0.0,range_high_vol,-0.00043736332396127064
2022-05-25,1.0244671065786852,0.0007813476684586096,0.8119902120717782,1.0244671065786843,0.0,0.0,range_high_vol,0.0
2022-05-26,1.0263227354529105,0.001811311326941789,0.8140293637846656,1.0263227354529094,0.0,0.0,range_high_vol,0.0
2022-05-27,1.0245950809838043,-0.001683344243897933,0.816068515497553,1.0245950809838031,0.0,0.0,range_high_vol,-0.001683344243897933
2022-05-30,1.023395320935814,-0.0011709601873535203,0.8207585644371942,1.0233953209358129,0.0,0.0,range_high_vol,-0.0028523333021602815
2022-05-31,1.0224435112977415,-0.0009300508010943176,0.8338091353996738,1.0224435112977404,0.0,0.0,range_high_vol,-0.003779731288381938
2022-06-01,1.0221555688862238,-0.00028162182882085496,0.8325856443719413,1.0221555688862227,0.0,0.0,range_high_vol,-0.004060288662364853
2022-06-02,1.0219876024795052,-0.00016432567784341323,0.8348287112561176,1.021987602479504,0.0,0.0,range_high_vol,-0.004223947130521544
2022-06-06,1.0223155368926224,0.0003208790520763394,0.8515497553017946,1.0223155368926213,0.0,0.0,range_high_vol,-0.0039044234545966283
2022-06-07,1.0222675464907027,-4.6942847083730754e-05,0.852773246329527,1.0222675464907018,0.0,0.0,range_high_vol,-0.003951183016927207
2022-06-08,1.0220275944811046,-0.00023472525409018452,0.8613376835236543,1.0220275944811037,0.0,0.0,range,-0.004184980828579765
2022-06-09,1.0221955608878233,0.00016434625407923953,0.854404567699837,1.0221955608878224,0.0,0.0,range_high_vol,-0.004021322360422963
2022-06-10,1.0218276344731063,-0.00035993740219086856,0.866231647634584,1.0218276344731054,0.0,0.0,range_high_vol,-0.00437981233828999
2022-06-13,1.0217796440711866,-4.696526136183099e-05,0.8556280587275693,1.0217796440711857,0.0,0.0,range_high_vol,-0.004426571900620568
2022-06-14,1.0212917416516705,-0.000477502583210776,0.863784665579119,1.0212917416516696,0.0,0.0,range_high_vol,-0.004901960784314041
2022-06-15,1.0208358328334342,-0.0004464040975197259,0.8737765089722676,1.0208358328334333,0.0,0.0,range_high_vol,-0.005346176626453647
2022-06-16,1.0207958408318345,-3.9175742380326284e-05,0.8682707993474714,1.0207958408318336,0.0,0.0,range_high_vol,-0.005385142928395759
2022-06-17,1.021635672865428,0.0008227228207640103,0.8811174551386622,1.021635672865427,0.0,0.0,range_high_vol,-0.00456685058761197
2022-06-20,1.0215076984603089,-0.00012526422923353486,0.8853996737357259,1.021507698460308,0.0,0.0,range_high_vol,-0.004691542753826661
2022-06-21,1.02137172565487,-0.00013310991747184087,0.8849918433931484,1.0213717256548691,0.0,0.0,range,-0.004824028180429707
2022-06-22,1.0221315736852639,0.0007439485657454448,0.8747960848287113,1.022131573685263,0.0,0.0,range,-0.004083668443530253
2022-06-23,1.0221315736852639,0.0,0.8900897226753671,1.022131573685263,0.0,0.0,range,-0.004083668443530253
2022-06-24,1.0221875624875034,5.4776511831722274e-05,0.8998776508972268,1.0221875624875025,0.0,0.0,range,-0.004029115620811319
2022-06-27,1.0206518696260758,-0.001502359173389367,0.9096655791190865,1.0206518696260747,0.0,0.0,range,-0.0055254216153871605
2022-06-28,1.020771845630875,0.00011754841035371832,0.9202691680261011,1.0207718456308739,0.0,0.0,range,-0.005408522709560715
2022-06-29,1.0215636872625486,0.0007757283227030065,0.9090538336052203,1.0215636872625475,0.0,0.0,range_high_vol,-0.004636989931107505
2022-06-30,1.0215956808638282,3.131826402857918e-05,0.9192495921696574,1.0215956808638271,0.0,0.0,range_high_vol,-0.004605816889553971
2022-07-01,1.0230513897220566,0.0014249363867684384,0.9161908646003264,1.0230513897220554,0.0,0.0,range_high_vol,-0.0031874434988623523
2022-07-04,1.0212837432513509,-0.0017278178676692901,0.9219004893964111,1.0212837432513497,0.0,0.0,range,-0.004909754044702175
2022-07-05,1.0203399320135984,-0.0009241420359319408,0.9198613376835237,1.0203399320135973,0.0,0.0,range,-0.005829358770535253
2022-07-06,1.020635872825436,0.0002900413896902432,0.9078303425774877,1.020635872825435,0.0,0.0,range_high_vol,-0.005541008136163761
2022-07-07,1.0206998600279955,6.269346812426413e-05,0.9110929853181077,1.0206998600279944,0.0,0.0,range,-0.005478662053056471
2022-07-08,1.0202439512097592,-0.00044666295753559293,0.9102773246329527,1.020243951209758,0.0,0.0,range,-0.005922877895196188
2022-07-11,1.0206038792241563,0.00035278622722567654,0.8947797716150081,1.0206038792241552,0.0,0.0,range_high_vol,-0.005572181177717517
2022-07-12,1.0212117576484714,0.0005956066175030195,0.8874388254486134,1.0212117576484703,0.0,0.0,range_high_vol,-0.004979893388197931
2022-07-13,1.0218196360727865,0.0005952520814240803,0.8888662316476346,1.0218196360727854,0.0,0.0,range,-0.004387605598678346
2022-07-14,1.0226114777044601,0.00077493287828867,0.8890701468189234,1.022611477704459,0.0,0.0,range,-0.0036160728202251358
2022-07-15,1.0240191961607688,0.0013765916841346204,0.8758156606851549,1.0240191961607676,0.0,0.0,range,-0.0022444589918639846
2022-07-18,1.0233073385322944,-0.0006951604336552508,0.8851957585644372,1.0233073385322935,0.0,0.0,range_high_vol,-0.0029380591664330824
2022-07-19,1.0229234153169375,-0.0003751787961450148,0.8807096247960848,1.0229234153169366,0.0,0.0,range_high_vol,-0.003312135665077043
2022-07-20,1.0233313337332544,0.00039877708361024666,0.8831566068515498,1.0233313337332532,0.0,0.0,range,-0.0029146793852676822
2022-07-21,1.0239152169566095,0.0005705710400023545,0.8739804241435563,1.0239152169566086,0.0,0.0,range,-0.002345771376913497
2022-07-22,1.0246590681863637,0.0007264773659338974,0.8745921696574225,1.0246590681863628,0.0,0.0,range,-0.0016209981607907542
2022-07-25,1.0248270345930823,0.00016392418896549188,0.8709216965742251,1.0248270345930812,0.0,0.0,range,-0.0014573396926339521
2022-07-26,1.025850829834034,0.0009989932021634562,0.8768352365415987,1.0258508298340332,0.0,0.0,range,-0.00045980236291676135
2022-07-27,1.0259228154369135,7.017160856714888e-05,0.8719412724306688,1.0259228154369124,0.0,0.0,range,-0.0003896630194210049
2022-07-28,1.0257148570285952,-0.00020270375625652814,0.8725530179445351,1.0257148570285943,0.0,0.0,range,-0.0005922877895198075
2022-07-29,1.0277864427114585,0.002019650655021632,0.8605220228384991,1.0277864427114576,0.0,0.0,range,0.0
2022-08-01,1.029346130773846,0.0015175215371325823,0.8641924959216967,1.0293461307738452,0.0,0.0,range,0.0
2022-08-02,1.0308098380323947,0.0014219777145789703,0.8497145187601958,1.0308098380323936,0.0,0.0,range,0.0
2022-08-03,1.0304579084183174,-0.0003414108025482365,0.8405383360522023,1.0304579084183163,0.0,0.0,range,-0.0003414108025482365
2022-08-04,1.0316736652669478,0.0011798219400309673,0.8468597063621532,1.0316736652669467,0.0,0.0,range,0.0
2022-08-05,1.0301539692061599,-0.0014730395007171992,0.8601141924959217,1.0301539692061585,0.0,0.0,range,-0.0014730395007171992
2022-08-08,1.0303539292141584,0.00019410691408827674,0.8572593800978793,1.030353929214157,0.0,0.0,range,-0.0012792185137806555
2022-08-09,1.029666066786644,-0.0006675981990372781,0.8586867862969005,1.0296660667866426,0.0,0.0,range,-0.001945962708842064
2022-08-10,1.0300899820036007,0.0004117016483602409,0.8495106035889071,1.0300899820035994,0.0,0.0,range,-0.0015350622165366534
2022-08-11,1.029810037992403,-0.0002717665602894881,0.8674551386623164,1.0298100379924016,0.0,0.0,range_high_vol,-0.0018064115982476814
2022-08-12,1.0298340331933626,2.3300608922527388e-05,0.8676590538336052,1.0298340331933613,0.0,0.0,range,-0.0017831530798153583
2022-08-15,1.033433313337334,0.0034950099025281567,0.8656199021207178,1.0334333133373326,0.0,0.0,range,0.0
2022-08-16,1.0348650269946023,0.001385395302039294,0.8635807504078304,1.034865026994601,0.0,0.0,range,0.0
2022-08-17,1.0351049790042004,0.00023186792802820655,0.8719412724306688,1.035104979004199,0.0,0.0,range,0.0
2022-08-18,1.035792841431715,0.0006645339762314517,0.8643964110929853,1.0357928414317137,0.0,0.0,range,0.0
2022-08-19,1.0365046990601892,0.0006872586872586073,0.8582789559543229,1.0365046990601878,0.0,0.0,range,0.0
2022-08-22,1.0365526894621089,4.630022609952711e-05,0.863784665579119,1.0365526894621075,0.0,0.0,range,0.0
2022-08-23,1.0358328334333147,-0.000694471237316252,0.8609298531810767,1.0358328334333133,0.0,0.0,range,-0.000694471237316252
2022-08-24,1.0355928814237165,-0.00023165128759516929,0.8452283849918433,1.0355928814237152,0.0,0.0,range_high_vol,-0.0009259616497550027
2022-08-25,1.0349210157968418,-0.0006487738945742949,0.8525693311582382,1.0349210157968405,0.0,0.0,range_high_vol,-0.0015741348045835712
2022-08-26,1.0344491101779656,-0.00045598225533460823,0.8513458401305057,1.0344491101779643,0.0,0.0,range_high_vol,-0.0020293992823798845
2022-08-29,1.034513097380525,6.185630779698137e-05,0.8462479608482872,1.0345130973805239,0.0,0.0,bear_high_vol,-0.001967668505729603
2022-08-30,1.0354409118176375,0.0008968609865469546,0.8444127243066885,1.0354409118176364,0.0,0.0,bear,-0.0010725722442997965
2022-08-31,1.0358568286342744,0.0004016808799902627,0.8444127243066885,1.035856828634273,0.0,0.0,bear,-0.0006713221960723548
2022-09-01,1.0359608078384335,0.00010037989931110936,0.8374796084828712,1.0359608078384321,0.0,0.0,bear,-0.0005710096840156886
2022-09-02,1.0371925614877038,0.0011889963789657454,0.83278955954323,1.0371925614877024,0.0,0.0,bear,0.0
2022-09-05,1.0376244751049803,0.00041642567958355414,0.8323817292006526,1.037624475104979,0.0,0.0,bear,0.0
2022-09-06,1.037272545490903,-0.0003391685744900119,0.8382952691680261,1.0372725454909018,0.0,0.0,bear,-0.0003391685744900119
2022-09-07,1.0373205358928228,4.6265952114765696e-05,0.8399265905383361,1.0373205358928215,0.0,0.0,bear,-0.0002929183143322023
2022-09-08,1.036936612677466,-0.0003701104934035193,0.8362561174551387,1.0369366126774644,0.0,0.0,bear,-0.0006629203955937912
2022-09-09,1.036048790241953,-0.0008561974036391806,0.8480831973898858,1.0360487902419517,0.0,0.0,bear,-0.0015185502085114377
2022-09-13,1.0352009598080396,-0.0008183306055649098,0.8509380097879282,1.0352009598080383,0.0,0.0,bear,-0.0023356381379646685
2022-09-14,1.0342971405718868,-0.0008730857787462298,0.8415579119086459,1.0342971405718855,0.0,0.0,bear,-0.0032066847042682145
2022-09-15,1.0342571485702872,-3.866587272738364e-05,0.8340130505709624,1.0342571485702858,0.0,0.0,bear,-0.0032452265877329634
2022-09-16,1.0333373325334947,-0.0008893494602033591,0.8156606851549756,1.0333373325334934,0.0,0.0,bear,-0.004131689907422298
2022-09-19,1.0334573085382937,0.00011610536174555541,0.8134176182707994,1.0334573085382923,0.0,0.0,bear,-0.004016064257028162
2022-09-20,1.0346090781843646,0.0011144820754134255,0.8138254486133769,1.034609078184363,0.0,0.0,bear,-0.0029060580132428404
2022-09-21,1.0348170365926828,0.0002010019172489219,0.8077079934747146,1.0348170365926812,0.0,0.0,bear,-0.0027056402192262574
2022-09-22,1.034793041391723,-2.3187868107399368e-05,0.8017944535073409,1.0347930413917217,0.0,0.0,bear,-0.0027287653493051067
2022-09-23,1.033777244551091,-0.0009816425120773298,0.8001631321370309,1.0337772445510898,0.0,0.0,bear,-0.0037077291893100606
2022-09-26,1.0313617276544704,-0.0023365932161426572,0.7950652528548124,1.031361727654469,0.0,0.0,bear,-0.006035658950581557
2022-09-27,1.0313777244551106,1.5510368681637132e-05,0.8052610114192496,1.031377724455109,0.0,0.0,bear,-0.006020242197195436
2022-09-28,1.0310337932413534,-0.0003334677544436504,0.7938417618270799,1.0310337932413516,0.0,0.0,bear,-0.006351702394992387
2022-09-29,1.0292661467706474,-0.0017144408673054334,0.7940456769983687,1.0292661467706459,0.0,0.0,bear,-0.008055253644134841
2022-09-30,1.0300339932013614,0.0007460134904107019,0.7887438825448613,1.0300339932013598,0.0,0.0,bear,-0.007315249481611441
2022-10-10,1.031713657268548,0.0016306879950303,0.7726345840130506,1.0317136572685464,0.0,0.0,bear,-0.005696490376091434
2022-10-11,1.033065386922617,0.0013101790836498317,0.7720228384991844,1.0330653869226154,0.0,0.0,bear,-0.00439377471498259
2022-10-12,1.0323615276944627,-0.0006813307628581455,0.7846655791190864,1.032361527694461,0.0,0.0,bear_high_vol,-0.005072111863962392
2022-10-13,1.0330573885222971,0.0006740476172029108,0.7779363784665579,1.0330573885222953,0.0,0.0,bear_high_vol,-0.00440148309167554
2022-10-14,1.0353929214157185,0.0022607968534662515,0.7958809135399674,1.0353929214157167,0.0,0.0,bear_high_vol,-0.00215063709733343
2022-10-17,1.031845390921817,-0.0034262649671690237,0.7956769983686787,1.0339132173565286,1.0,2.0,bear_high_vol,-0.00556953341195876
2022-10-18,1.0234020578548064,-0.008182750188444055,0.7942495921696574,1.0337612477504499,1.0,0.0,bear_high_vol,-0.013706709499826553
2022-10-19,1.0089271441149112,-0.014143916976517179,0.7822185970636215,1.0345050989802038,1.0,0.0,bear_high_vol,-0.027656759915156814
2022-10-20,1.0452730590811503,0.03602432066402961,0.7797716150081566,1.0337852429514096,1.0,0.0,bear_high_vol,0.0
2022-10-21,1.028706271500814,-0.01584924382811459,0.7752854812398042,1.0339052189562088,1.0,0.0,bear_high_vol,-0.01584924382811459
2022-10-24,1.0130799351197506,-0.01519028007699963,0.7553017944535074,1.0347930413917217,1.0,0.0,bear_high_vol,-0.03079876945235649
2022-10-25,1.0086079805450079,-0.00441421690403343,0.7520391517128875,1.0341691661667667,1.0,0.0,bear_high_vol,-0.035077033907649935
2022-10-26,1.0321989789250212,0.023389660636301768,0.7577487765089723,1.0342171565686862,1.0,0.0,bear_high_vol,-0.012507813190576145
2022-10-27,1.023766288077108,-0.008169636882120801,0.7524469820554649,1.0349450109978005,1.0,0.0,bear_high_vol,-0.020575265780740537
2022-10-28,1.0086462944027674,-0.014768989612599648,0.734910277324633,1.0363927214557087,1.0,0.0,bear_high_vol,-0.03504037950674799
2022-10-31,1.0203360995316062,0.011589598052070826,0.726957585644372,1.0371365726854629,1.0,0.0,bear_high_vol,-0.023856885368752412
2022-11-01,1.0449917244881106,0.024164218993940167,0.7550978792822186,1.0360887822435514,1.0,0.0,bear_high_vol,-0.0002691493773760989
2022-11-02,1.053591333420855,0.008229356014237243,0.7620309951060359,1.0351529694061186,1.0,0.0,bear_high_vol,0.0
2022-11-03,1.0752094201103568,0.020518474292409827,0.7559135399673735,1.0360887822435514,1.0,0.0,bear_high_vol,0.0
2022-11-04,1.0991196976265911,0.022237786489798683,0.7818107667210441,1.0350969806038792,1.0,0.0,bear_high_vol,0.0
2022-11-07,1.0903628427576915,-0.007967153066048227,0.7818107667210441,1.0350889822035594,1.0,0.0,bear_high_vol,-0.007967153066048227
2022-11-08,1.0755365426746748,-0.013597583759841547,0.7771207177814029,1.0353209358128375,1.0,0.0,bear_high_vol,-0.0214564027947467
2022-11-09,1.063726563681874,-0.01098054647537261,0.7689641109298532,1.035872825434913,1.0,0.0,bear_high_vol,-0.03220134624203719
2022-11-10,1.0476309688455054,-0.015131327340982215,0.7646818923327896,1.035144971005799,1.0,0.0,bear_high_vol,-0.04684542447221085
2022-11-11,1.0642266165296352,0.015841119800437342,0.7846655791190864,1.033129374125175,1.0,0.0,bear_high_vol,-0.031746388652940216
2022-11-14,1.0658914990723702,0.0015644060361543755,0.7850734094616639,1.030361927614477,0.0,2.0,bear_high_vol,-0.030231646858820738
2022-11-15,1.0647248360176726,-0.0010945420389532057,0.8003670473083198,1.029234153169366,0.0,0.0,bear_high_vol,-0.03129309908938016
2022-11-16,1.0630782690113971,-0.0015464718682003387,0.7944535073409461,1.0276424715056989,0.0,0.0,bear_high_vol,-0.032791177060169985
2022-11-17,1.064393867775205,0.0012375370677375486,0.7909869494290376,1.0289142171565686,0.0,0.0,bear_high_vol,-0.03159422028953918
2022-11-18,1.063814673350887,-0.0005441542288555645,0.7883360522022839,1.028354329134173,0.0,0.0,bear_high_vol,-0.03212118238981676
2022-11-21,1.0636606241824307,-0.00014480827564744558,0.7816068515497554,1.0302659468106379,1.0,2.0,bear_high_vol,-0.03226133925243069
2022-11-22,1.050058480885952,-0.012788048168027033,0.7811990212071778,1.0306978604279144,1.0,0.0,bear_high_vol,-0.044636827860132455
2022-11-23,1.059146150422327,0.008654441349502218,0.7818107667210441,1.0324575084983003,1.0,0.0,bear_high_vol,-0.036368693319373646
2022-11-24,1.0623857909007635,0.003058728464570004,0.7781402936378466,1.0337372525494901,1.0,0.0,bear_high_vol,-0.03342120681227878
2022-11-25,1.0540638771977606,-0.007833231368754467,0.7824225122349103,1.0317936412717457,1.0,0.0,bear_high_vol,-0.04099264213544962
2022-11-28,1.0437732950627099,-0.009762768991200432,0.7732463295269167,1.0298980203959207,1.0,0.0,bear_high_vol,-0.05035520943114269
2022-11-29,1.0548676372704056,0.010629072673323359,0.7969004893964111,1.027106578684263,1.0,0.0,bear_high_vol,-0.040261365938343396
2022-11-30,1.063974271885146,0.008632964262990317,0.7975122349102773,1.0278584283143373,1.0,0.0,bear_high_vol,-0.031975976608678125
2022-12-01,1.0764047398577978,0.011683053153745515,0.8066884176182708,1.0284503099380122,1.0,0.0,bear_high_vol,-0.020666500489294637
2022-12-02,1.0694102475943636,-0.006498013251370671,0.8019983686786296,1.0287622475504898,1.0,0.0,bear_high_vol,-0.027030222546626348
2022-12-05,1.0746533829586606,0.004902828803157178,0.8164763458401304,1.0283063387322535,1.0,0.0,bear_high_vol,-0.022259918297126702
2022-12-06,1.0772811127342174,0.002445188204146742,0.8211663947797716,1.0272425514897021,1.0,0.0,bear_high_vol,-0.01986915978262538
2022-12-07,1.08071117848405,0.0031840024941369727,0.8187194127243066,1.0266346730653868,1.0,0.0,bear_high_vol,-0.01674842074279259
2022-12-08,1.079645491261486,-0.0009860980840957767,0.8205546492659054,1.028122375524895,1.0,0.0,bear_high_vol,-0.017718003241282365
2022-12-09,1.0857368147448432,0.005641966305291568,0.8274877650897227,1.0272425514897021,1.0,0.0,bear_high_vol,-0.01217600131327512
2022-12-12,1.0643479448642443,-0.01969986610947272,0.8189233278955954,1.0274105178964206,1.0,0.0,bear_high_vol,-0.03163600182712756
2022-12-13,1.054446222647762,-0.009303087645596286,0.8166802610114192,1.0250349930013998,1.0,0.0,bear,-0.04064477697496982
2022-12-14,1.0505366553951594,-0.0037076971481632137,0.8187194127243066,1.0271545690861825,1.0,0.0,bear,-0.04420177559945526
2022-12-15,1.06288544819548,0.01175474719221059,0.8183115823817292,1.0278024395120975,1.0,0.0,bear,-0.032966609104863154
2022-12-16,1.0432792083024005,-0.018446239833620814,0.8191272430668842,1.0275464907018594,1.0,0.0,range,-0.05080473896043447
2022-12-19,1.035432501669714,-0.007521195256497637,0.807300163132137,1.0290501899620077,0.0,2.0,bear,-0.05794382185525526
2022-12-20,1.035529077759783,9.327125613056708e-05,0.7944535073409461,1.029146170765847,0.0,0.0,bear_high_vol,-0.05785595509217423
2022-12-21,1.0349657172343791,-0.0005440315849194466,0.7938417618270799,1.028586282743451,0.0,0.0,bear_high_vol,-0.058368511210147855
2022-12-22,1.0352956855421156,0.00031882051959963853,0.7954730831973899,1.0289142171565686,0.0,0.0,bear_high_vol,-0.05806829976962047
2022-12-23,1.0356015098273348,0.0002953980099502651,0.7934339314845025,1.0292181563687262,0.0,0.0,bear_high_vol,-0.05779005501986345
2022-12-26,1.0331206793216514,-0.002395545470088245,0.7952691680261011,1.0288102379524096,1.0,2.0,range,-0.06004716178543268
2022-12-27,1.047560981607463,0.01397736254325399,0.8048531810766721,1.0289222155568885,1.0,0.0,bear,-0.04690910019214711
2022-12-28,1.0353110536574521,-0.011693761189170537,0.8022022838499184,1.0304019196160767,1.0,0.0,range,-0.05805431756607182
2022-12-29,1.0330367759564432,-0.0021967095714612306,0.7997553017944535,1.0309698060387922,1.0,0.0,range,-0.06012349866247102
2022-12-30,1.0270158356127939,-0.005828389156886327,0.8030179445350735,1.032625474905019,1.0,0.0,range,-0.06560146467167893
2023-01-03,1.0410440996891566,0.013659248075753805,0.8052610114192496,1.0323295340931813,1.0,0.0,range,-0.05283828327600848
2023-01-04,1.0344356975911353,-0.006347859903335973,0.8062805872756934,1.0340971805638872,1.0,0.0,range,-0.05885073315957545
2023-01-05,1.0435085803864728,0.008770852375324267,0.8215742251223491,1.0335612877424516,1.0,0.0,range,-0.05059605187697347
2023-01-06,1.0410098439761284,-0.002394552816632256,0.8248368678629691,1.0314497100579882,1.0,0.0,range,-0.05286944977507324
2023-01-09,1.0476050152927385,0.006335359223328618,0.8299347471451877,1.0314737052589482,1.0,0.0,range,-0.046869037508009304
2023-01-10,1.0565865762355955,0.008573423009384129,0.83115823817292,1.030873825234953,1.0,0.0,bull,-0.03869744258322405
2023-01-11,1.0451424247715757,-0.010831248211379929,0.83115823817292,1.0297940411917617,1.0,0.0,bull,-0.049109549188839474
2023-01-12,1.0413212786037969,-0.003656100907600157,0.8323817292006526,1.0300739852029592,1.0,0.0,bull,-0.052586100629078536
2023-01-13,1.0429563796003143,0.001570217597694601,0.8450244698205547,1.0302979404119175,1.0,0.0,bull,-0.051098454651985925
2023-01-16,1.0741076686765152,0.02986825689501882,0.8448205546492659,1.0294741051789642,1.0,0.0,bull,-0.02275641952745111
2023-01-17,1.0990828491352247,0.02325202694948003,0.844004893964111,1.0295460907818434,1.0,0.0,bull,-3.352545809709451e-05
2023-01-18,1.0965849800964669,-0.0022726849397415316,0.8421696574225123,1.0293941211757647,1.0,0.0,bull,-0.002306134205034893
2023-01-19,1.1210287898666742,0.022290848601680624,0.8478792822185971,1.029626074785043,1.0,0.0,bull,0.0
2023-01-20,1.1256555965110264,0.004127286191198065,0.8525693311582382,1.030625874825035,1.0,0.0,bull,0.0
2023-01-30,1.1235663971747383,-0.00185598449717983,0.8574632952691681,1.030625874825035,1.0,0.0,bull,-0.00185598449717983
2023-01-31,1.0933674204893171,-0.02687778555976572,0.8480831973898858,1.030497900419916,0.0,2.0,bull,-0.028683885303628087
2023-02-01,1.0937832528027958,0.00038032257563758165,0.854404567699837,1.0308898220355929,0.0,0.0,bull,-0.028314471857128543
2023-02-02,1.0945045945710752,0.0006594924235958644,0.8523654159869494,1.0315696860627874,0.0,0.0,bull,-0.02767365261320054
2023-02-03,1.0948949677633206,0.0003566665632850352,0.8435970636215334,1.0319376124775044,0.0,0.0,bull,-0.02732685631648657
2023-02-06,1.0943688125911637,-0.000480553101117831,0.831973898858075,1.0314417116576684,0.0,0.0,bull,-0.027794277412057644
2023-02-07,1.0945300536923086,0.00014733707621217285,0.8340130505709624,1.0315936812637472,0.0,0.0,bull,-0.027651035463414853
2023-02-08,1.0948949677633206,0.0003333979453383762,0.8305464926590539,1.0319376124775044,0.0,0.0,bull,-0.02732685631648657
2023-02-09,1.094979831500765,7.750856469623812e-05,0.8415579119086459,1.0320175964807037,0.0,0.0,bull,-0.02725146581720117
2023-02-10,1.095412636561733,0.0003952630436805382,0.8366639477977161,1.0324255148970205,0.0,0.0,bull,-0.02686697427084417
2023-02-13,1.0954975002991776,7.747193579121792e-05,0.8431892332789559,1.0325054989002198,0.0,0.0,bull,-0.026791583771558547
2023-02-14,1.0955314457941552,3.0986373741992423e-05,0.8450244698205547,1.0325374925014996,0.0,0.0,bull,-0.02676142757184452
2023-02-15,1.095582364036622,4.647812042479771e-05,0.8393148450244697,1.0325854829034191,0.0,0.0,bull,-0.026716193272273037
2023-02-16,1.0954805275516883,-9.295192061919977e-05,0.8334013050570962,1.03248950209958,0.0,0.0,bull,-0.026806661871415893
2023-02-17,1.0956078231578554,0.00011620070185225373,0.8215742251223491,1.032609478104379,0.0,0.0,range,-0.02669357612248735
2023-02-20,1.094810104025876,-0.0007281064584589991,0.8429853181076673,1.031857628474305,0.0,0.0,bull,-0.02740224681577219
2023-02-21,1.094462162702353,-0.00031780974823258923,0.844004893964111,1.0315296940611878,0.0,0.0,bull,-0.02771134786284335
2023-02-22,1.0946743220459645,0.00019384803864541666,0.8358482871125612,1.031729654069186,0.0,0.0,bull,-0.027522871614629296
2023-02-23,1.0946573492984757,-1.5504837509228153e-05,0.8358482871125612,1.0317136572685464,0.0,0.0,bull,-0.02753794971448631
2023-02-24,1.094682808419709,2.3257616869498676e-05,0.8278955954323001,1.031737652469506,0.0,0.0,range,-0.027515332564700623
2023-02-27,1.0945045945710754,-0.00016279953175746265,0.8248368678629691,1.0315696860627874,0.0,0.0,range,-0.027673652613200428
2023-02-28,1.0943518398436751,-0.00013956517693758386,0.8301386623164763,1.0314257148570287,0.0,0.0,bull,-0.027809355511914435
2023-03-01,1.0944282172073752,6.979232904735788e-05,0.8401305057096249,1.031497700459908,0.0,0.0,bull,-0.027741504062557487
2023-03-02,1.0946658356722203,0.00021711653730149827,0.8391109298531811,1.0317216556688662,0.0,0.0,bull,-0.027530410664557636
2023-03-03,1.0945215673185642,-0.00013179214053715693,0.8409461663947797,1.0315856828634271,0.0,0.0,bull,-0.027658574513343415
2023-03-06,1.0952768545818214,0.0006900615627956075,0.8358482871125612,1.0322975404919015,0.0,0.0,bull,-0.026987599069701274
2023-03-07,1.0961254919562682,0.0007748154002311658,0.8242251223491027,1.0330973805238952,0.0,0.0,range,-0.026233694076844505
2023-03-08,1.0967110517446361,0.0005342087130213446,0.8209624796084829,1.0336492701459707,0.0,0.0,bear,-0.025713499631773717
2023-03-09,1.096872292845781,0.00014702240931052657,0.8189233278955954,1.0338012397520495,0.0,0.0,range,-0.025570257683130926
2023-03-10,1.0972881251592597,0.00037910731831858335,0.8077079934747146,1.0341931613677264,0.0,0.0,bear,-0.02520084423663138
2023-03-13,1.0972456932905372,-3.866976024757829e-05,0.8166802610114192,1.0341531693661266,0.0,0.0,bear,-0.025238539486274303
2023-03-14,1.0976106073615493,0.0003325727986387417,0.8115823817292006,1.034497100579884,0.0,0.0,bear,-0.02491436033934602
2023-03-15,1.097347529775471,-0.000239682073327252,0.8113784665579119,1.0342491501699658,0.0,0.0,bear,-0.025148070887131446
2023-03-16,1.0978482258263946,0.0004562784690700372,0.8019983686786296,1.0347210557888422,0.0,0.0,bear,-0.024703266941345836
2023-03-17,1.0984422719885072,0.0005411004437023692,0.8062805872756934,1.0352809438112378,0.0,0.0,bear,-0.024175533446346265
2023-03-20,1.0991636137567864,0.0006566952007167615,0.8017944535073409,1.0359608078384321,0.0,0.0,bear,-0.023534714202418594
2023-03-21,1.0986374585846297,-0.0004786868538692035,0.810562805872757,1.0354649070185962,0.0,0.0,range,-0.024002135297989446
2023-03-22,1.0985865403421629,-4.63467198109635e-05,0.8142332789559543,1.0354169166166767,0.0,0.0,range,-0.02404736959756093
2023-03-23,1.0983658946248067,-0.00020084509435858156,0.8219820554649265,1.0352089582083581,0.0,0.0,range,-0.024243384895703657
2023-03-24,1.0979076304426056,-0.0004172236086751324,0.8209624796084829,1.0347770445910816,0.0,0.0,range,-0.024650493591846123
2023-03-27,1.0979924941800503,7.729588090255035e-05,0.8166802610114192,1.034857028594281,0.0,0.0,range,-0.024575103092560502
2023-03-28,1.0981961671499176,0.00018549577610671442,0.8150489396411092,1.0350489902019597,0.0,0.0,range,-0.02439416589427479
2023-03-29,1.0984337856147626,0.00021637160277254708,0.8150489396411092,1.0352729454109177,0.0,0.0,range,-0.02418307249627505
2023-03-30,1.0987308086958187,0.0002704059952871596,0.8238172920065253,1.0355528894221155,0.0,0.0,range,-0.023919205748775374
2023-03-31,1.0988156724332634,7.72379701861059e-05,0.8258564437194127,1.0356328734253148,0.0,0.0,range,-0.02384381524948964
2023-04-03,1.0987308086958187,-7.723200494280658e-05,0.831973898858075,1.0355528894221155,0.0,0.0,bull,-0.023919205748775374
2023-04-04,1.0991042091405754,0.0003398470688191768,0.8360522022838499,1.0359048190361928,0.0,0.0,bull,-0.023587487551918307
2023-04-06,1.099443664090354,0.0003088469200240862,0.833605220228385,1.0362247550489903,0.0,0.0,bull,-0.02328592555477571
2023-04-07,1.0997237144239214,0.0002547200395202065,0.8395187601957586,1.036488702259548,0.0,0.0,bull,-0.02303713690713305
2023-04-10,1.1006572155358125,0.0008488505791477419,0.8364600326264274,1.037368526294741,0.0,0.0,bull,-0.02220784141499088
2023-04-11,1.1010391023543133,0.0003469625357563899,0.8344208809135399,1.037728454309138,0.0,0.0,bull,-0.021868584168205585
2023-04-12,1.1013191526878807,0.0002543509426400359,0.833605220228385,1.037992401519696,0.0,0.0,bull,-0.021619795520562923
2023-04-13,1.1010730478492914,-0.00022346368715076004,0.8285073409461664,1.0377604479104179,0.0,0.0,range,-0.021838427968491225
2023-04-14,1.1007760247682352,-0.0002697578345381979,0.83278955954323,1.0374805038992203,0.0,0.0,bull,-0.0221022947159909
2023-04-17,1.10053840630339,-0.00021586449877053493,0.8452283849918433,1.0372565486902618,0.0,0.0,bull,-0.02231338811399075
2023-04-18,1.1009881841118467,0.0004086888798069399,0.8466557911908646,1.0376804639072184,0.0,0.0,bull,-0.021913818467776847
2023-04-19,1.1016331485164264,0.0005858050194242903,0.8399265905383361,1.0382883423315337,0.0,0.0,range,-0.02134085067320568
2023-04-20,1.101463421041537,-0.00015406896126712866,0.8366639477977161,1.0381283743251348,0.0,0.0,range,-0.021491631671776923
2023-04-21,1.1019641170924603,0.00045457347140032134,0.8217781402936379,1.038600279944011,0.0,0.0,bear,-0.021046827725991757
2023-04-24,1.1022441674260275,0.0002541374344440239,0.8113784665579119,1.038864227154569,0.0,0.0,bear,-0.020798039078349317
2023-04-25,1.1023290311634721,7.6991777278268e-05,0.8075040783034257,1.0389442111577685,0.0,0.0,bear,-0.020722648579063696
2023-04-26,1.1023375175372168,7.698585000159852e-06,0.8056688417618271,1.0389522095580883,0.0,0.0,bear,-0.020715109529134912
2023-04-27,1.1038905239324537,0.001408830209014944,0.8128058727569332,1.0404159168166367,0.0,0.0,bear,-0.019335463392207708
2023-04-28,1.104374247235888,0.0004381986192898424,0.8207585644371942,1.040871825634873,0.0,0.0,bear,-0.018905737546279777
2023-05-04,1.1053247210952684,0.000860644715103831,0.8207585644371942,1.041767646470706,0.0,0.0,bear,-0.018061363954280263
2023-05-05,1.1072935598039841,0.0017812310456286617,0.8174959216965743,1.043623275344931,0.0,0.0,bear,-0.016312304370853292
2023-05-08,1.1067504318843382,-0.0004905003870356861,0.8266721044045677,1.043111377724455,0.0,0.0,range,-0.016794803566281602
2023-05-09,1.1071577778240724,0.0003680558217995511,0.8195350734094617,1.043495300939812,0.0,0.0,bear,-0.01643292916971062
2023-05-10,1.1086004613606315,0.0013030514398719717,0.8132137030995106,1.0448550289942011,0.0,0.0,bear,-0.015151290681854501
2023-05-11,1.110111035887146,0.0013625959749832273,0.8121941272430669,1.0462787442511499,0.0,0.0,bear,-0.013809339794570219
2023-05-12,1.109508503351289,-0.0005427678100465849,0.8017944535073409,1.0457108578284344,0.0,0.0,bear,-0.014344612339498353
2023-05-15,1.1101025495134016,0.0005354137983784035,0.8146411092985318,1.0462707458508298,0.0,0.0,bear,-0.013816878844498781
2023-05-16,1.109508503351289,-0.000535127283846859,0.8111745513866232,1.0457108578284344,0.0,0.0,bear,-0.014344612339498353
2023-05-17,1.1094066668663556,-9.178522257902166e-05,0.8056688417618271,1.0456148770245952,0.0,0.0,bear,-0.014435080938640987
2023-05-18,1.1090672119165768,-0.000305978826265485,0.8054649265905384,1.0452949410117975,0.0,0.0,bear,-0.014736642935783806
2023-05-19,1.1097970400586008,0.0006580558276201298,0.8042414355628059,1.0459828034393122,0.0,0.0,bear,-0.014088284641927129
2023-05-22,1.1111633462314594,0.0012311315704955916,0.8083197389885808,1.0472705458908218,0.0,0.0,bear,-0.012874497603428403
2023-05-23,1.1139214176984105,0.002482147630503695,0.7966965742251224,1.0498700259948008,0.0,0.0,bear,-0.010424306376644932
2023-05-24,1.1132679669200867,-0.0005866219716593735,0.785889070146819,1.049254149170166,0.0,0.0,bear,-0.011004813221144438
2023-05-25,1.111884687999739,-0.0012425390485046872,0.7840538336052203,1.0479504099180164,0.0,0.0,bear,-0.012233678359500288
2023-05-26,1.1118337697572722,-4.579453518549492e-05,0.7850734094616639,1.0479024195160969,0.0,0.0,bear,-0.012278912659071772
2023-05-29,1.1120883609696062,0.00022898316210473446,0.7818107667210441,1.048142371525695,0.0,0.0,bear,-0.012052741161214797
2023-05-30,1.1129879165865193,0.0008088886175634524,0.782626427406199,1.048990201959608,0.0,0.0,bear,-0.0112536018687871
2023-05-31,1.1135649900011426,0.0005184902783070822,0.7752854812398042,1.0495340931813637,0.0,0.0,bear,-0.010740946473644986
2023-06-01,1.1144815183655448,0.0008230578121903864,0.7769168026101142,1.0503979204159166,0.0,0.0,bear,-0.009926729081360053
2023-06-02,1.11297094383903,-0.0013554056317865992,0.7877243066884176,1.048974205158968,0.0,0.0,bear,-0.011268679968644446
2023-06-05,1.114082658799555,0.0009988715039497276,0.7840538336052203,1.0500219956008798,0.0,0.0,bear,-0.010281064428002584
2023-06-06,1.1144984911130338,0.00037325086266659646,0.7765089722675367,1.0504139172165567,0.0,0.0,bear,-0.009911650981502818
2023-06-07,1.1155592878310918,0.0009518153021441655,0.7740619902120718,1.0514137172565488,0.0,0.0,bear,-0.008969269740432328
2023-06-08,1.115050105406424,-0.0004564369014020686,0.7805872756933115,1.0509338132373525,0.0,0.0,bear,-0.009421612736146168
2023-06-09,1.1157035561847477,0.0005860281750169616,0.7838499184339315,1.0515496900619876,0.0,0.0,bear,-0.008841105891646661
2023-06-12,1.1163315478418383,0.0005628660530920815,0.7846655791190864,1.0521415716856628,0.0,0.0,bear,-0.00828321619693273
2023-06-13,1.11757055840853,0.0011098947880556764,0.79057911908646,1.0533093381323735,0.0,0.0,bear,-0.007182514907362436
2023-06-14,1.1183767639142541,0.000721391145872774,0.79057911908646,1.0540691861627673,0.0,0.0,bear,-0.006466305164148811
2023-06-15,1.1154235058511806,-0.00264066471904989,0.8038336052202284,1.0512857428514297,0.0,0.0,bear,-0.009089894539289212
2023-06-16,1.1130558075764747,-0.00212268995792686,0.8113784665579119,1.0490541891621674,0.0,0.0,range,-0.011193289469358825
2023-06-19,1.1133782897787645,0.0002897268942803066,0.8052610114192496,1.049358128374325,0.0,0.0,bear,-0.010906805572073242
2023-06-20,1.1135989354961209,0.00019817677368227926,0.8038336052202284,1.0495660867826435,0.0,0.0,bear,-0.010710790273930293
2023-06-21,1.1147700550728572,0.0010516529240525152,0.7926182707993474,1.0506698660267948,0.0,0.0,bear,-0.009670401383788274
2023-06-26,1.1154404785986698,0.0006014007308159375,0.7836460032626428,1.0513017396520694,0.0,0.0,bear,-0.009074816439431754
2023-06-27,1.1147955141940906,-0.0005782149894626443,0.7889477977161501,1.0506938612277543,0.0,0.0,bear,-0.009647784234002588
2023-06-28,1.1149822144164687,0.00016747485973978016,0.79057911908646,1.0508698260347928,0.0,0.0,bear,-0.00948192513557422
2023-06-29,1.114693677709157,-0.00025878144384816615,0.7869086460032626,1.050597880423915,0.0,0.0,bear,-0.009738252833145444
2023-06-30,1.1162042522356717,0.0013551476578024246,0.7915986949429038,1.0520215956808638,0.0,0.0,bear,-0.00839630194586094
2023-07-03,1.1167134346603396,0.0004561731633327959,0.8007748776508973,1.05250149970006,0.0,0.0,bear,-0.00794395895014699
2023-07-04,1.1165267344379615,-0.00016718722689579302,0.8022022838499184,1.0523255348930214,0.0,0.0,bear,-0.008109818048575357
2023-07-05,1.1181306590756652,0.0014365304369636789,0.7966965742251224,1.0538372325534893,0.0,0.0,bear,-0.006684937612076669
2023-07-06,1.1184955731466772,0.00032636084884174466,0.7909869494290376,1.0541811637672465,0.0,0.0,bear,-0.006360758465148386
2023-07-07,1.1186058960053553,9.863504275453572e-05,0.7887438825448613,1.0542851429714057,0.0,0.0,bear,-0.006262750816077078
2023-07-10,1.1185380050153995,-6.069250144158378e-05,0.7920065252854812,1.0542211557688461,0.0,0.0,bear,-0.0063230632155056865
2023-07-11,1.118673786995311,0.00012139237048947038,0.7973083197389886,1.0543491301739651,0.0,0.0,bear,-0.006202438416648581
2023-07-12,1.1186483278740778,-2.275830678177826e-05,0.7934339314845025,1.0543251349730054,0.0,0.0,bear,-0.006225055566434157
2023-07-13,1.1184955731466775,-0.0001365529484056438,0.8062805872756934,1.0541811637672465,0.0,0.0,bear_high_vol,-0.006360758465148164
2023-07-14,1.1181476318231545,-0.0003110797502257068,0.8058727569331158,1.0538532293541292,0.0,0.0,bear_high_vol,-0.006669859512219323
2023-07-17,1.11669052145123,-0.0013031466780005774,0.8001631321370309,1.0545890821835633,1.0,2.0,bear,-0.007964314384953819
2023-07-18,1.1152576706241728,-0.001283122583681462,0.7989396411092986,1.0552449510097979,1.0,0.0,bear,-0.009237217776984386
2023-07-19,1.1167065418056128,0.0012991358137255382,0.7985318107667211,1.0555168966206758,1.0,0.0,bear,-0.007950082363692101
2023-07-20,1.1087423267459227,-0.0071318782164674355,0.7928221859706363,1.0554929014197159,1.0,0.0,bear,-0.015025261560930758
2023-07-21,1.1064194480745213,-0.002095057269274503,0.7932300163132138,1.0565566886622675,1.0,0.0,bear,-0.017088840046749265
2023-07-24,1.1056239819277844,-0.0007189553185468212,0.7897634584013051,1.0568446310737853,1.0,0.0,bear,-0.017795509252856778
2023-07-25,1.129818966097737,0.021883555861157866,0.8126019575856444,1.0541971605678864,1.0,0.0,bull_high_vol,0.0
2023-07-26,1.1286934340242603,-0.000996205681839557,0.8107667210440457,1.0543891221755648,1.0,0.0,bull_high_vol,-0.000996205681839557
2023-07-27,1.1267321692494843,-0.0017376416976071507,0.8099510603588908,1.0552849430113977,1.0,0.0,range_high_vol,-0.0027321163309145247
2023-07-28,1.1574586985601534,0.027270481973667327,0.82952691680261,1.0545570885822835,1.0,0.0,bull_high_vol,0.0
2023-07-31,1.1589189420828951,0.0012615944953873193,0.83278955954323,1.0536052789442112,1.0,0.0,bull_high_vol,0.0
2023-08-01,1.1588242381144918,-8.171750841623471e-05,0.8291190864600326,1.054357128574285,1.0,0.0,bull_high_vol,-8.171750841623471e-05
2023-08-02,1.152831165023132,-0.005171684276392918,0.8232055464926591,1.0543971205758846,1.0,0.0,range_high_vol,-0.005252979167655769
2023-08-03,1.1656703434212374,0.011137084759369698,0.8305464926590539,1.0548530293941212,1.0,0.0,bull_high_vol,0.0
2023-08-04,1.1671769203279803,0.0012924553800699456,0.8348287112561176,1.0552049590081982,1.0,0.0,bull_high_vol,0.0
2023-08-07,1.1616182914854885,-0.0047624560987119535,0.8285073409461664,1.0556528694261147,1.0,0.0,bull_high_vol,-0.0047624560987119535
2023-08-08,1.1565670682456768,-0.004348436381241938,0.8254486133768353,1.0558688262347529,1.0,0.0,bull_high_vol,-0.009090183242590255
2023-08-09,1.1519047291497597,-0.004031187835037642,0.8238172920065253,1.0560687862427514,1.0,0.0,bull_high_vol,-0.013084726841522065
2023-08-10,1.1664090795280007,0.012591623257721007,0.8248368678629691,1.0556608678264348,1.0,0.0,bull_high_vol,-0.0006578615346196637
2023-08-11,1.1437425038453284,-0.019432783986767732,0.8054649265905384,1.055964807038592,1.0,0.0,bear_high_vol,-0.020077861440292
2023-08-14,1.1342250107166785,-0.008321360005990486,0.7999592169657422,1.0564927014597079,0.0,2.0,bear_high_vol,-0.02823214633308735
2023-08-15,1.136569231447749,0.0020668039488824785,0.7991435562805873,1.0586762647470505,0.0,0.0,bear_high_vol,-0.02622369269573155
2023-08-16,1.1371789005756097,0.0005364117829269599,0.793026101141925,1.059244151169766,0.0,0.0,bear_high_vol,-0.025701347610558534
2023-08-17,1.1368182512323681,-0.00031714389271464416,0.7956769983686787,1.0589082183563285,0.0,0.0,bear_high_vol,-0.026010340477844007
2023-08-18,1.1373935728037299,0.0005060805196768214,0.7854812398042414,1.0594441111777644,0.0,0.0,bear_high_vol,-0.025517423284793117
2023-08-21,1.1361557212150553,-0.0010883230029367086,0.7748776508972267,1.0604119176164766,1.0,2.0,bear_high_vol,-0.02657797508899329
2023-08-22,1.1524626283565487,0.014352704331809463,0.7795676998368679,1.0598200359928014,1.0,0.0,bear_high_vol,-0.012606736575374367
2023-08-23,1.1258429516818222,-0.023098082332341674,0.768352365415987,1.0597160567886423,1.0,0.0,bear_high_vol,-0.03541362746835586
2023-08-24,1.1447142375067487,0.016761916745791083,0.773042414355628,1.0594681063787244,1.0,0.0,bear_high_vol,-0.019245310997855758
2023-08-25,1.118226510696148,-0.023139160799023895,0.7716150081566068,1.058964207158568,1.0,0.0,bear,-0.041939151451073076
2023-08-28,1.1288470803807094,0.009497690837207529,0.7824225122349103,1.0576444711057789,1.0,0.0,range_high_vol,-0.03283978570832269
2023-08-29,1.1695474861275306,0.03605484432231054,0.7869086460032626,1.0563487302539492,1.0,0.0,bear_high_vol,0.0
2023-08-30,1.19931861603934,0.025455255357252904,0.7867047308319739,1.0583723255348931,1.0,0.0,range_high_vol,0.0
2023-08-31,1.2052986904917,0.004986226656022996,0.7828303425774877,1.0585802839432112,1.0,0.0,range_high_vol,0.0
2023-09-01,1.049250067235997,-0.12946883995372394,0.7875203915171289,1.0574525094981002,1.0,0.0,range_high_vol,-0.12946883995372394
2023-09-04,1.0637597784530801,0.013828649308839758,0.799347471451876,1.0548930213957208,1.0,0.0,range_high_vol,-0.11743056982902655
2023-09-05,1.060704802428599,-0.0028718664555297257,0.7938417618270799,1.0556528694261147,1.0,0.0,range_high_vol,-0.11996519137021056
2023-09-06,1.0827076251874528,0.020743587384987716,0.7918026101141925,1.0548530293941212,1.0,0.0,range_high_vol,-0.1017101124155676
2023-09-07,1.0414552527770162,-0.03810111931491611,0.7809951060358891,1.0535652869426115,1.0,0.0,bear_high_vol,-0.13593596260180463
2023-09-08,1.0493445405532789,0.007575253718511643,0.7767128874388255,1.0544051189762047,1.0,0.0,bear_high_vol,-0.1293904582894717
2023-09-11,1.0499736634539085,0.0005995389276984842,0.7824225122349103,1.0544051189762047,1.0,0.0,bear_high_vol,-0.1288684939783904
2023-09-12,1.0409702180137386,-0.008574925022931446,0.7814029363784666,1.0545890821835633,1.0,0.0,bear_high_vol,-0.1363383813276391
2023-09-13,1.028743325829732,-0.011745669542147397,0.776305057096248,1.0556608678264348,1.0,0.0,bear_high_vol,-0.14648266529680076
2023-09-14,1.01422563005586,-0.014112068005070921,0.7756933115823818,1.0561967606478704,1.0,0.0,bear_high_vol,-0.15852755996763912
2023-09-15,1.0268062886808336,0.012404201049701857,0.7722267536704731,1.0556688662267548,1.0,0.0,bear,-0.14808976664369455
2023-09-18,1.010454210819654,-0.01592518281338895,0.7748776508972267,1.0545330933813235,0.0,2.0,bear,-0.1616565928504905
2023-09-19,1.0103392497435082,-0.00011377168298642992,0.7738580750407831,1.0544131173765248,0.0,0.0,bear,-0.1617519725908425
2023-09-20,1.0099407180128694,-0.0003944533786447435,0.7701876019575857,1.053997200559888,0.0,0.0,bear,-0.16208262235739634
2023-09-21,1.0106841329719456,0.0007360976202037683,0.7630505709624796,1.0547730453909216,0.0,0.0,bear,-0.16146583336978626
2023-09-22,1.0099560461563553,-0.0007203900722665413,0.7783442088091355,1.0540131973605278,0.0,0.0,bear_high_vol,-0.16206990505868302
2023-09-25,1.0077296179868542,-0.0022044802622591675,0.7726345840130506,1.0537972405518896,1.0,2.0,bear,-0.16391710541413407
2023-09-26,0.9985126453417967,-0.009146275429981143,0.768352365415987,1.0526054789042192,1.0,0.0,bear,-0.17156414985031232
2023-09-27,0.999546460481308,0.0010353550797119748,0.7703915171288744,1.050221955608878,1.0,0.0,bear,-0.17070642458464436
2023-09-28,1.0082439069493976,0.008701392893634585,0.7675367047308319,1.0548450309938013,1.0,0.0,bear,-0.16349041536078845
2023-10-09,1.0119460471137467,0.003671869612929868,0.7654975530179445,1.055732853429314,1.0,0.0,bear,-0.16041886123602722
2023-10-10,1.0162977950716363,0.0043003754699191266,0.7599918433931484,1.0549810037992402,1.0,0.0,bear,-0.15680834710187985
2023-10-11,1.0188494849306036,0.0025107698465363093,0.7616231647634584,1.0530613877224555,1.0,0.0,bear,-0.15469128692493206
2023-10-12,1.0290198495362308,0.009982205179521753,0.7689641109298532,1.0529094181163765,1.0,0.0,bear,-0.14625324191097933
2023-10-13,1.0202073498308877,-0.008563974455220502,0.7618270799347472,1.0537812437512497,1.0,0.0,bear,-0.15356470733848104
2023-10-16,1.000196199199242,-0.019614787753649,0.7530587275693312,1.0538932213557288,1.0,0.0,bear,-0.17016735595123456
2023-10-17,1.0061501348629343,0.0059527677354291875,0.7555057096247961,1.053373325334933,1.0,0.0,bear,-0.16522755496193509
2023-10-18,0.9909857667175698,-0.015071675309600074,0.7497960848287113,1.0531733653269346,1.0,0.0,bear,-0.17780897421094977
2023-10-19,0.9892678345039366,-0.0017335589181299849,0.7340946166394781,1.0512937412517496,1.0,0.0,bear,-0.17923429079611286
2023-10-20,0.9775445409183254,-0.011850474842831416,0.7304241435562806,1.052109578084383,1.0,0.0,bear,-0.18896075418489222
2023-10-23,0.9561971226117589,-0.021837796042022073,0.7226753670473084,1.0530853829234152,1.0,0.0,bear_high_vol,-0.20667206381707792
2023-10-24,0.9713301260273356,0.01582623818637141,0.723694942903752,1.0525894821035793,1.0,0.0,bear_high_vol,-0.19411666693914453
2023-10-25,0.9775210722248688,0.006373678764452384,0.7277732463295269,1.0538212357528494,1.0,0.0,bear_high_vol,-0.18898022545258852
2023-10-26,0.9801981956503718,0.002738686153751946,0.7304241435562806,1.0550689862027594,1.0,0.0,bear_high_vol,-0.18675909682561653
2023-10-27,0.9969778301580675,0.017118613951908168,0.7414355628058727,1.0545890821835633,1.0,0.0,bear_high_vol,-0.17283753975427307
2023-10-30,1.0232240977847393,0.02632582875239109,0.7446982055464927,1.0559968006398721,1.0,0.0,bear,-0.15106180247543755
2023-10-31,1.0193371818378514,-0.003798694689954085,0.7430668841761827,1.0563167366526693,0.0,2.0,bear,-0.1542866594984733
2023-11-01,1.0195455784267509,0.000204443232928897,0.7426590538336052,1.0565326934613075,0.0,0.0,bear,-0.15411375912901015
2023-11-02,1.020301980860535,0.0007419015390672801,0.7391924959216966,1.0573165366926613,0.0,0.0,bear,-0.15348619482503212
2023-11-03,1.0202325153309015,-6.808330370466908e-05,0.7449021207177814,1.0572445510897819,0.0,0.0,bear,-0.15354382828152002
2023-11-06,1.0199469348201875,-0.0002799170840201981,0.7546900489396411,1.0569486102779444,0.0,0.0,bear_high_vol,-0.15378076582485833
2023-11-07,1.0202170785465388,0.0002648605698285511,0.7524469820554649,1.0572285542891422,0.0,0.0,bear_high_vol,-0.15355663571629485
2023-11-08,1.020317417644898,9.835073384789617e-05,0.7502039151712887,1.0573325334933015,0.0,0.0,bear_high_vol,-0.15347338739025695
2023-11-09,1.0203714463901679,5.29528795016887e-05,0.7508156606851549,1.0573885222955408,0.0,0.0,bear_high_vol,-0.15342856136854455
2023-11-10,1.0204100383510752,3.7821482602229395e-05,0.7453099510603589,1.0574285142971407,0.0,0.0,bear_high_vol,-0.15339654278160686
2023-11-13,1.0195862852271158,-0.0008072765780416935,0.7442903752039152,1.0586922615476904,1.0,2.0,bear,-0.15407998592350836
2023-11-14,1.0206343733672036,0.0010279543333151508,0.7442903752039152,1.0586042791441712,1.0,0.0,bear,-0.15321041877940045
2023-11-15,1.0305557569037957,0.009720800901365179,0.7493882544861338,1.0585802839432112,1.0,0.0,bear,-0.1449789458550047
2023-11-16,1.020872774874423,-0.009395883691401874,0.742047308319739,1.0591881623675266,1.0,0.0,bear,-0.15301262423345086
2023-11-17,1.01897261700776,-0.0018613072200860392,0.7410277324632952,1.0592841431713658,1.0,0.0,bear,-0.154589127951287
2023-11-20,1.0227300940434423,0.0036875152216713225,0.7432707993474714,1.0587242551489702,1.0,0.0,bear,-0.15147166249204091
2023-11-21,1.0313599956942185,0.008438102781015644,0.7442903752039152,1.058236352729454,1.0,0.0,bear,-0.14431169316754455
2023-11-22,1.021037536144559,-0.010008590203958279,0.7363376835236543,1.0570285942811437,1.0,0.0,bear,-0.15287592677294948
2023-11-23,1.0241185724458457,0.0030175543917030367,0.7402120717781403,1.0557088582283543,1.0,0.0,bear,-0.1503196838054658
2023-11-24,1.020050279768268,-0.0039724820807238714,0.7351141924959217,1.0564767046590682,1.0,0.0,bear,-0.15369502363589238
2023-11-27,1.0104113021389642,-0.00944951226472246,0.7302202283849919,1.0563247350529894,1.0,0.0,bear,-0.16169219288974068
2023-11-28,1.010037316160025,-0.0003701324184989252,0.7310358890701468,1.0562287542491502,1.0,0.0,bear,-0.16200247778583288
2023-11-29,1.008176542086482,-0.0018422825016179978,0.7255301794453507,1.0558448310337933,1.0,0.0,bear,-0.16354630595740727
2023-11-30,1.0098896549292888,0.0016992191062701334,0.7263458401305057,1.0565966806638671,1.0,0.0,bear,-0.16212498785897989
2023-12-01,1.005467491761189,-0.004378857775713563,0.7234910277324633,1.0573885222955408,1.0,0.0,bear,-0.16579392337096965
2023-12-04,1.001611723723077,-0.0038348012936332276,0.7185970636215334,1.056628674265147,1.0,0.0,bear,-0.16899293791278336
2023-12-05,0.9838853350973044,-0.01769786455761735,0.7051386623164764,1.0565166966606678,1.0,0.0,bear,-0.18369998834402645
2023-12-06,0.9909885183323024,0.007219523435925135,0.7061582381729201,1.0563727254549091,1.0,0.0,bear,-0.17780669127913018
2023-12-07,0.9865511754078049,-0.004477693578090025,0.7043230016313214,1.0569406118776246,1.0,0.0,bear,-0.18148822097753825
2023-12-08,0.9861184743903694,-0.00043859966742898493,0.7057504078303426,1.0574685062987403,1.0,0.0,bear,-0.18184721997160413
2023-12-11,0.9796010991318904,-0.006609119925988671,0.7106443719412724,1.0589482103579284,0.0,2.0,bear,-0.18725448981259285
2023-12-12,0.9795123101807247,-9.06378639676797e-05,0.7122756933115824,1.0588522295540892,0.0,0.0,bear,-0.18732815532958558
2023-12-13,0.9808589426067377,0.0013747988790100418,0.7004486133768353,1.0603079384123175,0.0,0.0,bear,-0.18621089498852972
2023-12-14,0.9799414567780255,-0.0009353901859464608,0.6971859706362153,1.0593161367726454,0.0,0.0,bear,-0.18697210533078767
2023-12-15,0.9808071490518908,0.0008834122363918784,0.6957585644371941,1.060251949610078,0.0,0.0,bear,-0.186253866540109
2023-12-18,0.9815988505331184,0.0008071938321339012,0.6929037520391518,1.061107778444311,0.0,0.0,bear,-0.18559701568025733
2023-12-19,0.9815026625026888,-9.799118079378832e-05,0.6933115823817292,1.0610037992401518,0.0,0.0,bear,-0.1856768199903328
2023-12-20,0.9808293462896824,-0.0006860054880437616,0.6869902120717782,1.0602759448110377,0.0,0.0,bear,-0.18623545016086063
2023-12-21,0.9811919011736092,0.00036964114634030487,0.6933115823817292,1.0606678664267146,0.0,0.0,bear,-0.18593464929980696
2023-12-22,0.9825015382033031,0.0013347409697608281,0.6945350734094617,1.0620835832833433,0.0,0.0,bear,-0.18484808292416477
2023-12-25,0.9833006387637945,0.0008133326304533561,0.6963703099510604,1.0629474105178964,0.0,0.0,bear,-0.18418509327123034
2023-12-26,0.9840553448487028,0.0007675232326271875,0.6922920065252854,1.0637632473505299,0.0,0.0,bear,-0.18355893637679244
2023-12-27,0.9850098260737341,0.0009699466905268572,0.6943311582381729,1.0647950409918017,0.0,0.0,bear,-0.18276703206912082
2023-12-28,0.9858903165061272,0.0008938899989483495,0.7114600326264274,1.065746850629874,0.0,0.0,bear_high_vol,-0.18203651569227663
2023-12-29,0.9867634078592565,0.0008855867011894336,0.7134991843393149,1.0666906618676264,0.0,0.0,bear_high_vol,-0.1813121381085151
2024-01-02,0.9839702258408519,-0.0028306501803347928,0.7041190864600326,1.0658028394321135,1.0,2.0,bear_high_vol,-0.18362955705241613
2024-01-03,0.9891317844909454,0.005245645157283763,0.7020799347471453,1.065522895420916,1.0,0.0,bear_high_vol,-0.17934716739181855
2024-01-04,0.9896116555873861,0.00048514374319452713,0.6959624796084829,1.0663467306538692,1.0,0.0,bear_high_vol,-0.17894903280474384
2024-01-05,0.9884806920689109,-0.0011428356892219105,0.6924959216965743,1.0674425114977004,1.0,0.0,bear_high_vol,-0.1798873591527247
2024-01-08,0.9757931335375777,-0.012835413613166091,0.6829119086460033,1.0671705658868227,1.0,0.0,bear_high_vol,-0.19041384410738538
2024-01-09,0.9808496240454243,0.005181928765490618,0.6845432300163132,1.0673385322935411,1.0,0.0,bear_high_vol,-0.18621862631802244
2024-01-10,0.9728807888415141,-0.008124420918920738,0.6812805872756934,1.0672025594881023,1.0,0.0,bear_high_vol,-0.19283012873379246
2024-01-11,0.9695327869576401,-0.00344132798414154,0.6851549755301795,1.0674665066986604,1.0,0.0,bear_high_vol,-0.1956078649997367
2024-01-12,0.96641104142581,-0.003219845242806052,0.6829119086460033,1.067122575484903,1.0,0.0,bear_high_vol,-0.19819788318896792
2024-01-15,0.9704354163324401,0.0041642476483843005,0.6820962479608483,1.0667706458708257,1.0,0.0,bear_high_vol,-0.19485898060956797
2024-01-16,0.9736604600201909,0.0033232955366975236,0.6865823817292006,1.0660427914417117,1.0,0.0,bear_high_vol,-0.1921832590534157
2024-01-17,0.9617680792484072,-0.012214094399537467,0.6712887438825448,1.0668186362727454,1.0,0.0,bear_high_vol,-0.20205000898486403
2024-01-18,0.9595105601226416,-0.002347259359584686,0.666394779771615,1.0665866826634671,1.0,0.0,bear_high_vol,-0.20392300456975487
2024-01-19,0.9542369086056521,-0.005496189136590002,0.6678221859706363,1.0683863227354529,1.0,0.0,bear_high_vol,-0.20829839430392771
2024-01-22,0.9286575213781316,-0.026806118058143036,0.6537520391517129,1.0688822235552888,1.0,0.0,bear_high_vol,-0.22952084101303805
2024-01-23,0.9240777708735177,-0.004931581771735916,0.6582381729200653,1.0682583483303338,1.0,0.0,bear_high_vol,-0.23332052198900055
2024-01-24,0.9396467144006265,0.016848087918392096,0.6686378466557912,1.0678824235152968,1.0,0.0,bear_high_vol,-0.2204034387382443
2024-01-25,0.9642354776992497,0.0261680937333002,0.6800570962479608,1.069242151569686,1.0,0.0,bear_high_vol,-0.20000288284898815
2024-01-26,0.9678883035180691,0.0037883130244651397,0.6788336052202284,1.0699860027994401,1.0,0.0,bear_high_vol,-0.1969722433505504
2024-01-29,0.9620770793710923,-0.006004023528184188,0.672716150081566,1.070353929214157,1.0,0.0,bear_high_vol,-0.20179364089525875
2024-01-30,0.9429168237068108,-0.019915509968085443,0.6612969004893964,1.073121375724855,0.0,2.0,bear_high_vol,-0.21769032759659834
2024-01-31,0.9431487455294819,0.00024596212183314314,0.6570146818923328,1.0733853229354127,0.0,0.0,bear_high_vol,-0.2174979090496434
2024-02-01,0.9422913375790007,-0.0009090909090907484,0.6561990212071778,1.0724095180963806,0.0,0.0,bear_high_vol,-0.2182092745868709
2024-02-02,0.9422070023707566,-8.950014170860943e-05,0.6500815660685155,1.0723135372925414,0.0,0.0,bear_high_vol,-0.2182792449675819
2024-02-05,0.9414307811140783,-0.0008238330374590319,0.6541598694942904,1.0735772845430913,1.0,2.0,bear_high_vol,-0.218923252351645
2024-02-06,1.0064610400693026,0.06907598546785154,0.6751631321370309,1.0719696060787842,1.0,0.0,bear_high_vol,-0.16496960628181045
2024-02-07,1.0264898132990226,0.01990019725784986,0.6810766721044046,1.0714737052589483,1.0,0.0,bear_high_vol,-0.14835233673051829
2024-02-08,1.060902385996845,0.033524514566027896,0.685562805872757,1.0733853229354127,1.0,0.0,bear_high_vol,-0.11980126223811693
2024-02-19,1.0744604432624627,0.012779740572341547,0.691068515497553,1.0730653869226154,1.0,0.0,bear_high_vol,-0.10855255071741765
2024-02-20,1.0682153612811545,-0.005812295855532668,0.6935154975530179,1.0734013197360528,1.0,0.0,bear_high_vol,-0.11373390703230801
2024-02-21,1.074448047995632,0.005834672426918042,0.7033034257748776,1.0740651869626074,1.0,0.0,bear_high_vol,-0.10856283469675698
2024-02-22,1.0889774859181747,0.013522699352143785,0.708605220228385,1.0745290941811636,1.0,0.0,bear_high_vol,-0.09650819791903387
2024-02-23,1.0946160878777962,0.0051778866253302525,0.7092169657422512,1.075856828634273,1.0,0.0,bear_high_vol,-0.0918300198009433
2024-02-26,1.0975521066552132,0.002682236091659629,0.7020799347471453,1.0759528094381121,1.0,0.0,bear_high_vol,-0.08939409350269167
2024-02-27,1.1402304652640989,0.038885040947119975,0.7104404567699837,1.0762567486502699,1.0,0.0,bear_high_vol,-0.05398514554185452
2024-02-28,1.0984981066875816,-0.036599932950266534,0.7030995106035889,1.076344731053789,1.0,0.0,bear_high_vol,-0.08860922578497887
2024-02-29,1.162045937346415,0.05784974072504845,0.7143148450244698,1.076752649470106,1.0,0.0,bear_high_vol,-0.035885505797438655
2024-03-01,1.1797307013918048,0.015218644527748904,0.7198205546492659,1.076104779044191,1.0,0.0,bear_high_vol,-0.021212990026119427
2024-03-04,1.1845659053496476,0.004098565844000035,0.7192088091353998,1.0761447710457908,1.0,0.0,bear_high_vol,-0.0172013670184894
2024-03-05,1.175883660169752,-0.007329474148027981,0.7251223491027733,1.0761847630473906,1.0,0.0,range_high_vol,-0.024404764191644612
2024-03-06,1.168839729988093,-0.005990329162871455,0.7222675367047308,1.0776244751049788,1.0,0.0,range_high_vol,-0.030248900783865884
2024-03-07,1.1435425918335766,-0.021642948562994313,0.7183931484502447,1.0785522895420916,1.0,0.0,range_high_vol,-0.051237173943107894
2024-03-08,1.1692896314335874,0.022515155783334295,0.7204323001631321,1.0781283743251349,1.0,0.0,range_high_vol,-0.02987563111300051
2024-03-11,1.1968049284213398,0.023531635146732288,0.7302202283849919,1.0774485102979403,1.0,0.0,range_high_vol,-0.0070470184173976325
2024-03-12,1.1988189835465526,0.0016828599861042903,0.7312398042414355,1.0764327134573084,0.0,2.0,range_high_vol,-0.0053760175766092155
2024-03-13,1.1984893953997027,-0.00027492736716172583,0.726957585644372,1.076136772645471,0.0,0.0,range,-0.005649466929412705
2024-03-14,1.1978391268937552,-0.0005425734332265009,0.7243066884176182,1.0755528894221156,0.0,0.0,range,-0.006188975111971362
2024-03-15,1.1985784732772296,0.0006172334555405445,0.7261419249592169,1.0762167566486702,0.0,0.0,range,-0.005575561698925369
2024-03-18,1.1996741311708121,0.0009141311295093324,0.7324632952691681,1.0772005598880223,0.0,0.0,range,-0.0046665273639294735
2024-03-19,1.2006183566725985,0.000787068319014983,0.7277732463295269,1.0780483903219356,0.0,0.0,range,-0.003883131920762395
2024-03-20,1.2004045697665335,-0.00017806399916908688,0.7283849918433932,1.077856428714257,0.0,0.0,range,-0.004060504473932469
2024-03-21,1.2006183566725985,0.00017809571160376514,0.7279771615008156,1.0780483903219356,0.0,0.0,range,-0.003883131920762395
2024-03-22,1.2009123136684379,0.00024483799885755,0.7216557911908646,1.0783123375324934,0.0,0.0,range,-0.00363924466015364
2024-03-25,1.200342215252265,-0.0004747211013529373,0.7177814029363785,1.0778004399120176,0.0,0.0,range,-0.004112238135273394
2024-03-26,1.2002085984359743,-0.00011131560199484358,0.7200244698205547,1.0776804639072184,0.0,0.0,range,-0.004223095981004676
2024-03-27,1.2006896189746201,0.0004007807803350083,0.7122756933115824,1.078112377524495,0.0,0.0,range,-0.003824007736372481
2024-03-28,1.200547094370577,-0.00011870228724464305,0.715742251223491,1.0779844031193762,0.0,0.0,range,-0.00394225610515242
2024-03-29,1.201865446957977,0.0010981265071414725,0.7190048939641109,1.0791681663667265,0.0,0.0,range,-0.0028484586939377943
2024-04-01,1.2014645965091053,-0.0003335235652928148,0.7308319738988581,1.0788082383523294,0.0,0.0,range,-0.003181032231131531
2024-04-02,1.201892170321235,0.00035587716306584305,0.7283849918433932,1.0791921615676863,0.0,0.0,range,-0.0028262871247917154
2024-04-03,1.2031125372433555,0.001015371388761288,0.7255301794453507,1.0802879424115175,0.0,0.0,range,-0.0018137854671133047
2024-04-08,1.204600137798057,0.0012364600223599975,0.7196166394779772,1.0816236752649468,0.0,0.0,range,-0.0005795681179724399
2024-04-09,1.205713611267145,0.0009243511055239129,0.7183931484502447,1.0826234753049389,0.0,0.0,range,0.0
2024-04-10,1.2058383202956828,0.00010343171659710215,0.7130913539967374,1.082735452909418,0.0,0.0,range,0.0
2024-04-11,1.2060610149895006,0.00018468039211350096,0.7124796084828712,1.0829354129174165,0.0,0.0,range,0.0
2024-04-12,1.2076198778462233,0.0012925240409469296,0.7067699836867863,1.0843351329734052,0.0,0.0,range,0.0
2024-04-15,1.207450629878922,-0.00014015003429979078,0.7216557911908646,1.0841831633673267,0.0,0.0,range_high_vol,-0.00014015003429979078
2024-04-16,1.2068003613729748,-0.0005385466617483514,0.7151305057096249,1.083599280143971,0.0,0.0,range_high_vol,-0.000678621218715092
2024-04-17,1.2071121339443194,0.0002583464351881837,0.7245106035889071,1.083879224155169,0.0,0.0,range_high_vol,-0.00042045010289948337
2024-04-18,1.208056359446106,0.0007822185489108069,0.7257340946166395,1.0847270545890821,0.0,0.0,range_high_vol,0.0
2024-04-19,1.2088402447683437,0.0006488814169209878,0.7200244698205547,1.0854309138172364,0.0,0.0,range_high_vol,0.0
2024-04-22,1.2095617755763128,0.0005968785462693305,0.7185970636215334,1.0860787842431514,0.0,0.0,range_high_vol,0.0
2024-04-23,1.2112542552493266,0.0013992502964201847,0.7134991843393149,1.0875984803039391,0.0,0.0,range_high_vol,0.0
2024-04-24,1.208056359446106,-0.0026401523787111802,0.7163539967373572,1.0847270545890821,0.0,0.0,range_high_vol,-0.0026401523787111802
2024-04-25,1.2089025992826128,0.0007004969841761799,0.7183931484502447,1.085486902619476,0.0,0.0,range_high_vol,-0.001941504813314121
2024-04-26,1.2069072548260074,-0.0016505419525025822,0.7285889070146819,1.0836952609478103,0.0,0.0,range_high_vol,-0.003588842230671463
2024-04-29,1.2019188936844936,-0.004133176863066357,0.7373572593800979,1.0792161567686462,0.0,0.0,range_high_vol,-0.0077071857740648175
2024-04-30,1.205330576393779,0.0028385298934996417,0.7336867862969004,1.0822795440911819,0.0,0.0,range_high_vol,-0.004890532957779636
2024-05-06,1.2072279351851047,0.0015741397658743939,0.7438825448613378,1.0839832033593282,0.0,0.0,bull_high_vol,-0.0033240915743103505
2024-05-07,1.2087066279520533,0.0012248662608373984,0.7442903752039152,1.0853109378124375,0.0,0.0,bull_high_vol,-0.002103296881090344
2024-05-08,1.208920414858118,0.0001768724528523613,0.7383768352365416,1.085502899420116,0.0,0.0,bull_high_vol,-0.0019267964435164542
2024-05-09,1.2078603881155465,-0.0008768374903288523,0.7455138662316477,1.0845510897820436,0.0,0.0,bull_high_vol,-0.0028019444464874033
2024-05-10,1.2076466012094815,-0.00017699637157453374,0.7459216965742251,1.0843591281743652,0.0,0.0,bull_high_vol,-0.002978444884061515
2024-05-13,1.2089293226458708,0.0010621662290148937,0.7453099510603589,1.085510897820436,0.0,0.0,bull_high_vol,-0.0019194422586175097
2024-05-14,1.2095974067273234,0.000552624598425977,0.7440864600326265,1.086110777844431,0.0,0.0,bull_high_vol,-0.0013678783911988956
2024-05-15,1.2095884989395707,-7.364258308717453e-06,0.7387846655791191,1.0861027794441112,0.0,0.0,bull_high_vol,-0.0013752325760978401
2024-05-16,1.2090184005233977,-0.0004713160026511565,0.7412316476345839,1.0855908818236353,0.0,0.0,bull,-0.0018459004096283982
2024-05-17,1.2081365295358801,-0.0007294107245479076,0.7495921696574226,1.0847990401919616,0.0,0.0,bull,-0.002573964714621124
2024-05-20,1.209579591151818,0.0011944524320377514,0.7512234910277326,1.086094781043791,0.0,0.0,bull,-0.0013825867609967846
2024-05-21,1.2089560460091289,-0.0005155056742444097,0.7487765089722676,1.0855348930213957,0.0,0.0,bull,-0.0018973797039207874
2024-05-22,1.2094726976987857,0.00042735357613898906,0.7504078303425775,1.0859988002399519,0.0,0.0,bull,-0.001470836979783563
2024-05-23,1.21031002974754,0.0006923116580865862,0.7428629690048939,1.0867506498700261,0.0,0.0,bull,-0.0007795435992852262
2024-05-24,1.210336753110798,2.207976683754609e-05,0.7345024469820555,1.0867746450709856,0.0,0.0,range,-0.0007574810445885038
2024-05-27,1.2100338883272062,-0.00025023183243300107,0.7406199021207178,1.086502699460108,0.0,0.0,bull,-0.0010075233311517273
2024-05-28,1.2107108801964115,0.0005594817432272858,0.7359298531810767,1.087110577884423,0.0,0.0,bull,-0.00044860527883405776
2024-05-29,1.2113522409146062,0.0005297389564142829,0.7361337683523654,1.0876864627074585,0.0,0.0,bull,0.0
2024-05-30,1.2118243536654993,0.00038974027120031174,0.733278955954323,1.088110377924415,0.0,0.0,range,0.0
2024-05-31,1.2116194745471873,-0.0001690666784276429,0.7304241435562806,1.0879264147170566,0.0,0.0,range,-0.0001690666784276429
2024-06-03,1.2128843804080711,0.0010439794733050345,0.7314437194127243,1.0890621875624875,0.0,0.0,range,0.0
2024-06-04,1.2131694296161575,0.00023501762632194279,0.736541598694943,1.0893181363727256,0.0,0.0,bull,0.0
2024-06-05,1.2135168333385127,0.0002863604323306568,0.7338907014681892,1.089630073985203,0.0,0.0,bull,0.0
2024-06-06,1.2132852308569426,-0.00019085230233917283,0.7338907014681892,1.0894221155768846,0.0,0.0,bull,-0.00019085230233917283
2024-06-07,1.213721712456825,0.0003597518446458725,0.7292006525285482,1.0898140371925613,0.0,0.0,range,0.0
2024-06-11,1.213721712456825,0.0,0.7241027732463295,1.0898140371925613,0.0,0.0,bear,0.0
2024-06-12,1.2135613722772762,-0.00013210621339554418,0.7232871125611746,1.0896700659868026,0.0,0.0,bear,-0.00013210621339554418
2024-06-13,1.2136771735180614,9.542264893269703e-05,0.7206362153344209,1.0897740451909617,0.0,0.0,bear,-3.669617038770667e-05
2024-06-14,1.213864237060868,0.00015412957159322005,0.7247145187601958,1.0899420115976806,0.0,0.0,range,0.0
2024-06-17,1.214371980962772,0.0004182872238935875,0.7226753670473084,1.0903979204159167,0.0,0.0,bear,0.0
2024-06-18,1.2147015691096221,0.000271406251146189,0.7249184339314846,1.0906938612277544,0.0,0.0,bear,0.0
2024-06-19,1.2149420793789452,0.00019799947200138668,0.7228792822185971,1.0909098180363925,0.0,0.0,bear,0.0
2024-06-20,1.2159664749705061,0.0008431641383963573,0.7181892332789559,1.0918296340731852,0.0,0.0,bear,0.0
2024-06-21,1.2153518376155699,-0.000505472286932207,0.7169657422512236,1.09127774445111,0.0,0.0,bear,-0.000505472286932207
2024-06-24,1.2160911839990443,0.0006083393800802028,0.7134991843393149,1.0919416116776646,0.0,0.0,bear,0.0
2024-06-25,1.2164653110846577,0.00030764723117493453,0.7092169657422512,1.092277544491102,0.0,0.0,bear,0.0
2024-06-26,1.217356089859928,0.0007322681272974307,0.7134991843393149,1.0930773845230954,0.0,0.0,bear,0.0
2024-06-27,1.2186120879330593,0.0010317425473065356,0.7096247960848288,1.0942051589682062,0.0,0.0,bear,0.0
2024-06-28,1.2194672355573188,0.0007017389969519172,0.7110522022838499,1.0949730053989202,0.0,0.0,bear,0.0
2024-07-01,1.2174451677374551,-0.0016581567432925048,0.7139070146818923,1.0931573685262947,0.0,0.0,bear,-0.0016581567432925048
2024-07-02,1.2185408256310375,0.000899964879419235,0.7128874388254486,1.0941411717656466,0.0,0.0,bear,-0.0007596841467069071
2024-07-03,1.2204292766346108,0.0015497642457693583,0.7116639477977162,1.0958368326334733,0.0,0.0,bear,0.0
2024-07-04,1.2197790081286635,-0.000532819490974834,0.708605220228385,1.095252949410118,0.0,0.0,bear,-0.000532819490974834
2024-07-05,1.218834782626877,-0.0007740955496807755,0.7051386623164764,1.0944051189762047,0.0,0.0,bear,-0.001306502587458902
2024-07-08,1.2164564032969054,-0.0019513549858215518,0.7002446982055466,1.0922695460907819,0.0,0.0,bear,-0.003255308122942391
2024-07-09,1.2179529116393595,0.00123021946236479,0.7077895595432301,1.093613277344531,0.0,0.0,bear,-0.0020290934039864927
2024-07-10,1.2187189813860917,0.0006289814157931506,0.7061582381729201,1.0943011397720455,0.0,0.0,bear,-0.0014013882502353914
2024-07-11,1.2186566268718226,-5.116398055782234e-05,0.7155383360522023,1.094245150969806,0.0,0.0,range,-0.0014524805301920907
2024-07-12,1.2196186679491146,0.0007894275188584654,0.7175774877650898,1.095108978204359,0.0,0.0,bear,-0.0006641996394346483
2024-07-15,1.2200818729122551,0.00037979491074824345,0.7190048939641109,1.0955248950209957,0.0,0.0,range,-0.000284656988329246
2024-07-16,1.2200729651245026,-7.300975410129418e-06,0.7241027732463295,1.0955168966206759,0.0,0.0,range,-0.00029195588546571116
2024-07-17,1.220358014332589,0.00023363291887812387,0.7251223491027733,1.0957728454309137,0.0,0.0,range,-5.839117709327546e-05
2024-07-18,1.219992795034728,-0.0002992722574618467,0.7294045676998369,1.0954449110177964,0.0,0.0,bull,-0.0003576459596956738
2024-07-19,1.2208123115079768,0.0006717387812322784,0.7340946166394781,1.0961807638472305,0.0,0.0,bull,0.0
2024-07-22,1.2234044777440132,0.0021233126596131857,0.7281810766721044,1.098508298340332,0.0,0.0,bull,0.0
2024-07-23,1.2246961069681548,0.0010557663043080368,0.7139070146818923,1.0996680663867224,0.0,0.0,bear,0.0
2024-07-24,1.2247139225436603,1.4546935688031226e-05,0.70942088091354,1.0996840631873626,0.0,0.0,bear,0.0
2024-07-25,1.2248920782987145,0.00014546724077746376,0.7053425774877651,1.0998440311937612,0.0,0.0,bear,0.0
2024-07-26,1.2254176377761241,0.000429065945254159,0.7084013050570963,1.1003159368126374,0.0,0.0,bear,0.0
2024-07-29,1.2252127586578119,-0.00016719125953179592,0.7043230016313214,1.100131973605279,0.0,0.0,bear,-0.00016719125953179592
2024-07-30,1.2253909144128659,0.0001454080148897141,0.6996329526916802,1.1002919416116776,0.0,0.0,bear,-2.1807555591224492e-05
2024-07-31,1.2262549698248781,0.0007051263411939068,0.7153344208809136,1.1010677864427114,0.0,0.0,bear_high_vol,0.0
2024-08-01,1.228268129856989,0.0016417140657121188,0.710236541598695,1.102875424915017,0.0,0.0,bear_high_vol,0.0
2024-08-02,1.2300585951952825,0.0014577153756336614,0.7028955954323002,1.104483103379324,0.0,0.0,bear_high_vol,0.0
2024-08-05,1.228051866585929,-0.0016314089566074053,0.6949429037520392,1.104891021795641,1.0,2.0,bear_high_vol,-0.0016314089566074053
2024-08-06,1.2447213380124946,0.013573914815917298,0.6949429037520392,1.1032993401319735,1.0,0.0,bear_high_vol,0.0
2024-08-07,1.2425821586452208,-0.0017186010249407024,0.6935154975530179,1.1048270345930813,1.0,0.0,bear_high_vol,-0.0017186010249407024
2024-08-08,1.2441406953730676,0.0012542725782784814,0.6943311582381729,1.103867226554689,1.0,0.0,bear_high_vol,-0.0004664840408007409
2024-08-09,1.23988317939402,-0.003422053466204611,0.6918841761827079,1.1023875224955009,1.0,0.0,bear_high_vol,-0.0038869411736767168
2024-08-12,1.2336012363170628,-0.005066560448079849,0.691068515497553,1.0974125174965008,1.0,0.0,bear_high_vol,-0.008933808199341975
2024-08-13,1.2372308737626305,0.0029423101555929865,0.6920880913539967,1.1006518696260748,1.0,0.0,bear_high_vol,-0.00601778407834197
2024-08-14,1.2227459108295207,-0.011707566663818003,0.6871941272430669,1.1016676664667064,1.0,0.0,bear_high_vol,-0.017654897133894343
2024-08-15,1.2307334968875905,0.006532498687851662,0.6949429037520392,1.1005798840231953,1.0,0.0,bear_high_vol,-0.011237729038404032
2024-08-16,1.2263413579420503,-0.0035687165065770854,0.6953507340946167,1.1003959208158367,1.0,0.0,bear_high_vol,-0.014766341275865402
2024-08-19,1.2232570813435193,-0.002515022900073105,0.6971859706362153,1.100867826434713,1.0,0.0,bear_high_vol,-0.01724422648947943
2024-08-20,1.2097616194741796,-0.01103240036388542,0.6939233278955954,1.1006918616276744,1.0,0.0,bear,-0.028086381642767444
2024-08-21,1.2099158540402755,0.00012749170052428482,0.6908646003262643,1.0995160967806439,1.0,0.0,bear,-0.027962470722800226
2024-08-22,1.1942060376430799,-0.012984222286810954,0.6890293637846656,1.1017236552689462,1.0,0.0,bear,-0.04058362207405786
2024-08-23,1.1896529267616938,-0.0038126677791482377,0.6918841761827079,1.1033313337332533,1.0,0.0,bear,-0.04424155798496332
2024-08-26,1.194875649411177,0.00439012297788377,0.6920880913539967,1.1033473305338932,1.0,0.0,bear,-0.04004566088736672
2024-08-27,1.1807344951955034,-0.011834833375876541,0.6886215334420881,1.1026274745050988,1.0,0.0,bear,-0.05140656053921433
2024-08-28,1.1747248946318651,-0.005089713723188227,0.6845432300163132,1.1029874025194961,1.0,0.0,bear,-0.056234629585764195
2024-08-29,1.1925611928476956,0.015183383188129396,0.6825040783034257,1.1023955208958207,1.0,0.0,bear,-0.04190507832707813
2024-08-30,1.2252743558971735,0.027431014228597173,0.6916802610114192,1.1020595880823834,1.0,0.0,bear,-0.015623562898321564
2024-09-02,1.1859625606539286,-0.0320840757451909,0.6794453507340946,1.1046270745850828,0.0,2.0,bear,-0.047206371068072905
2024-09-03,1.1875340430558494,0.0013250691497834755,0.6818923327895595,1.1060907818436312,0.0,0.0,bear,-0.045943853624264896
2024-09-04,1.1879462351612713,0.0003470991908249843,0.677610114192496,1.106474705058988,0.0,0.0,bear,-0.045612701507856235
2024-09-05,1.1886847460168188,0.0006216702689809672,0.6790375203915171,1.1071625674865027,0.0,0.0,bear,-0.04501938729929067
2024-09-06,1.1890711761156518,0.00032509048351792025,0.6733278955954323,1.1075224955008998,0.0,0.0,bear,-0.04470893219015759
2024-09-09,1.1896980516093143,0.0005271976196667971,0.6649673735725938,1.108106378724255,0.0,0.0,bear,-0.04420530501311937
2024-09-10,1.1907113572018098,0.0008517334218751671,0.6649673735725938,1.1090501899620075,0.0,0.0,bear,-0.04339122272694795
2024-09-11,1.1924889356564417,0.0014928710000794432,0.6635399673735726,1.1107058588282344,0.0,0.0,bear,-0.0419631292249355
2024-09-12,1.190642658517573,-0.0015482551524491628,0.6612969004893964,1.1089862027594481,0.0,0.0,bear,-0.04344641474634936
2024-09-13,1.1923086016103195,0.001399196543840242,0.6582381729200653,1.1105378924215157,0.0,0.0,bear,-0.04210800827586436
2024-09-18,1.1926005710183265,0.00024487738125245073,0.6602773246329527,1.1108098380323934,0.0,0.0,bear,-0.04187344219340838
2024-09-19,1.191020501280876,-0.0013248943324765117,0.6657830342577488,1.1093381323735252,0.0,0.0,bear,-0.04314285863964151
2024-09-20,1.1918706474983087,0.0007137964598580293,0.6676182707993474,1.110129974005199,0.0,0.0,bear,-0.042459857399548606
2024-09-23,1.1921282675641975,0.00021614767208966157,0.6694535073409461,1.110369926014797,0.0,0.0,bear,-0.04225288732679311
2024-09-24,1.1908229925636948,-0.0010949115426729383,0.6988172920065253,1.1091541691661666,0.0,0.0,bear_high_vol,-0.04330153569542061
2024-09-25,1.193613876610822,0.0023436598592363467,0.7084013050570963,1.111753649270146,0.0,0.0,range_high_vol,-0.04105935990723708
2024-09-26,1.1926950317091523,-0.0007698007870675649,0.7422512234910278,1.1108978204359126,0.0,0.0,bull_high_vol,-0.041797553166731505
2024-09-27,1.1877143771019718,-0.004175966592267155,0.7889477977161501,1.1062587482503499,0.0,0.0,bull_high_vol,-0.045798974573335816
2024-09-30,1.1837126787451682,-0.0033692430048440913,0.8631729200652528,1.1025314937012596,0.0,0.0,bull_high_vol,-0.04901390970346975
2024-10-08,1.1832489626265685,-0.00039174719247847545,0.899673735725938,1.102099580083983,0.0,0.0,bull_high_vol,-0.04938645583442958
2024-10-09,1.1856534165748625,0.0020320777995499473,0.820146818923328,1.1043391321735652,0.0,0.0,bull_high_vol,-0.047454735155379235
2024-10-10,1.1884700626285782,0.002375606576374256,0.8331973898858076,1.1069626074785042,0.0,0.0,bull_high_vol,-0.04519186235992023
2024-10-11,1.189088350786711,0.0005202387317735369,0.8109706362153344,1.1075384923015397,0.0,0.0,bull_high_vol,-0.04469513418530735
2024-10-14,1.1888994294050592,-0.00015887917960577536,0.8238172920065253,1.1073625274945011,0.0,0.0,bull_high_vol,-0.04484691223866133
2024-10-15,1.1892085734841258,0.0002600254247082656,0.8015905383360522,1.1076504699060188,0.0,0.0,bull_high_vol,-0.04459854815135467
2024-10-16,1.1893717328591884,0.00013719996533878565,0.7964926590538336,1.1078024395120973,0.0,0.0,bull_high_vol,-0.04446746710527638
2024-10-17,1.1909861519387572,0.0013573713204768634,0.7877243066884176,1.1093061387722456,0.0,0.0,bull_high_vol,-0.04317045464934255
2024-10-18,1.1896637022671956,-0.00111038207237657,0.8189233278955954,1.1080743851229755,0.0,0.0,bull_high_vol,-0.04423290102282018
2024-10-21,1.1895091302276624,-0.00012992918859233704,0.8189233278955954,1.1079304139172166,0.0,0.0,bull_high_vol,-0.04435708306647346
2024-10-22,1.1878431871349155,-0.0014005298912064257,0.8238172920065253,1.1063787242551488,0.0,0.0,bull_high_vol,-0.04569548953695857
2024-10-23,1.1866495474962981,-0.0010048798120368962,0.8268760195758564,1.105266946610678,0.0,0.0,bull_high_vol,-0.04665445087405862
2024-10-24,1.1871132636148976,0.0003907776475184921,0.8179037520391518,1.1056988602279545,0.0,0.0,bull_high_vol,-0.04628190474309901
2024-10-25,1.1870102155885423,-8.680555555540259e-05,0.8238172920065253,1.1056028794241153,0.0,0.0,bull_high_vol,-0.04636469277220112
2024-10-28,1.187242073647842,0.00019532945568179194,0.8250407830342578,1.1058188362327535,0.0,0.0,bull_high_vol,-0.04617841970672132
2024-10-29,1.1884185386154,0.0009909225706121738,0.8183115823817292,1.1069146170765847,0.0,0.0,bull_high_vol,-0.04523325637447173
2024-10-30,1.188787794043174,0.00031071160182682966,0.8097471451876019,1.1072585482903419,0.0,0.0,bull_high_vol,-0.04493659927018878
2024-10-31,1.1886933333523482,-7.945967421529865e-05,0.8097471451876019,1.1071705658868227,0.0,0.0,bull_high_vol,-0.04501248829686577
2024-11-01,1.1904709118069798,0.00149540542102522,0.8113784665579119,1.1088262347530493,0.0,0.0,bull_high_vol,-0.04358439479485343
2024-11-04,1.1909775646032275,0.000425590235950013,0.8221859706362153,1.1092981403719255,0.0,0.0,bull_high_vol,-0.04317735365176789
2024-11-05,1.190874516576872,-8.652390222807504e-05,0.8435970636215334,1.1092021595680863,0.0,0.0,bull_high_vol,-0.04326014168087011
2024-11-06,1.191312470688883,0.000367758404361318,0.8382952691680261,1.1096100779844031,0.0,0.0,bull_high_vol,-0.042908292557185645
2024-11-07,1.1923429509524375,0.0008649957831454724,0.866231647634584,1.1105698860227953,0.0,0.0,bull_high_vol,-0.0420804122661641
2024-11-08,1.1927980797355076,0.0003817096270049003,0.8552202283849919,1.110993801239752,0.0,0.0,bull_high_vol,-0.041714765137629395
2024-11-11,1.1931243984856335,0.0002735741745980569,0.8595024469820555,1.1112977404519095,0.0,0.0,bull_high_vol,-0.04145260304547238
2024-11-12,1.1947645795717912,0.0013746941125665213,0.8501223491027732,1.1128254349130173,0.0,0.0,bull_high_vol,-0.040134893582262965
2024-11-13,1.1947559922362614,-7.187470800973372e-06,0.8554241435562807,1.1128174365126973,0.0,0.0,bull_high_vol,-0.04014179258468831
2024-11-14,1.1948161035849687,5.0312657227102875e-05,0.8409461663947797,1.112873425314937,0.0,0.0,bull_high_vol,-0.04009349956771202
2024-11-15,1.1956576624668716,0.0007043417638730176,0.8268760195758564,1.1136572685462909,0.0,0.0,bull_high_vol,-0.03941739733004446
2024-11-18,1.1950136123021498,-0.0005386576650987518,0.8234094616639479,1.1130573885222954,0.0,0.0,bull_high_vol,-0.039934822511933143
2024-11-19,1.1947474049007314,-0.0002227651624030491,0.8274877650897227,1.1128094381123774,0.0,0.0,bull_high_vol,-0.04014869158711376
2024-11-20,1.1955632017760454,0.0006828195415764515,0.82952691680261,1.1135692861427713,0.0,0.0,bull_high_vol,-0.03949328635672178
2024-11-21,1.1963102999671225,0.000624892259955212,0.8305464926590539,1.114265146970606,0.0,0.0,bull_high_vol,-0.038893073145731094
2024-11-22,1.1965335706908924,0.00018663278563768593,0.8060766721044046,1.114473105378924,0.0,0.0,bull_high_vol,-0.03871369908267652
2024-11-25,1.1975039396057396,0.0008109834430194418,0.8015905383360522,1.1153769246150769,0.0,0.0,bull_high_vol,-0.037934111808631155
2024-11-26,1.19727208154644,-0.00019361778415194486,0.7999592169657422,1.1151609678064387,0.0,0.0,bull_high_vol,-0.03812038487411096
2024-11-27,1.1967654287501923,-0.0004231726472676556,0.8130097879282219,1.1146890621875625,0.0,0.0,bull_high_vol,-0.03852742601719661
2024-11-28,1.197606987632095,0.0007031945122124572,0.8070962479608483,1.115472905418916,0.0,0.0,bull_high_vol,-0.037851323779529156
2024-11-29,1.1982682124678758,0.0005521217249142563,0.8158646003262644,1.1160887822435512,0.0,0.0,bull_high_vol,-0.03732010059279023
2024-12-02,1.2008873498044104,0.002185768853152137,0.8219820554649265,1.1185282943411317,0.0,0.0,bull_high_vol,-0.035215904853110436
2024-12-03,1.2006554917451107,-0.0001930722805411067,0.8227977161500816,1.1183123375324935,0.0,0.0,bull_high_vol,-0.03540217791859024
2024-12-04,1.2016945593441948,0.0008654169378543575,0.818515497553018,1.1192801439712057,0.0,0.0,bull_high_vol,-0.034567398625143464
2024-12-05,1.2019521794100836,0.00021438065428980302,0.8170880913539967,1.1195200959808036,0.0,0.0,bull_high_vol,-0.03436042855238797
2024-12-06,1.20158292398231,-0.00030721307727477054,0.8272838499184341,1.1191761647670466,0.0,0.0,bull_high_vol,-0.03465708565667058
2024-12-09,1.2016859720086652,8.576022869388744e-05,0.8266721044045677,1.1192721455708858,0.0,0.0,bull_high_vol,-0.034574297627568584
2024-12-10,1.20543005029958,0.003115687773783682,0.8329934747145188,1.1227594481103778,0.0,0.0,bull_high_vol,-0.03156633257019026
2024-12-11,1.205507336319347,6.411489389002156e-05,0.8309543230016314,1.1228314337132574,0.0,0.0,bull_high_vol,-0.0315042415483634
2024-12-12,1.2070616440502084,0.001289339089056929,0.8395187601957586,1.1242791441711657,0.0,0.0,bull_high_vol,-0.03025552210940574
2024-12-13,1.2112866131307825,0.0035002098703074136,0.8197389885807503,1.1282143571285743,0.0,0.0,bull_high_vol,-0.026861212916217014
2024-12-16,1.2122140453679817,0.0007656587855802144,0.8148450244698205,1.1290781843631275,0.0,0.0,bull_high_vol,-0.02611612065429747
2024-12-17,1.2104965782620571,-0.001416801853177052,0.8170880913539967,1.12747850429914,0.0,0.0,bull_high_vol,-0.027495921139333745
2024-12-18,1.2104278795778203,-5.6752481147448464e-05,0.8205546492659054,1.1274145170965808,0.0,0.0,bull_high_vol,-0.02755111315873504
2024-12-19,1.210814309676653,0.0003192508247311654,0.8217781402936379,1.1277744451109777,0.0,0.0,bull_high_vol,-0.027240658049602073
2024-12-20,1.2145669753030979,0.003099290780141928,0.8193311582381729,1.13126974605079,0.0,0.0,bull_high_vol,-0.024225793989798294
2024-12-23,1.2139143378028465,-0.0005373417139787895,0.820146818923328,1.1306618676264746,0.0,0.0,bull,-0.02475011817411199
2024-12-24,1.2129869055656473,-0.000764001386521107,0.8297308319738989,1.1297980403919214,0.0,0.0,bull_high_vol,-0.025495210436031646
2024-12-25,1.210771372999005,-0.0018265098794360002,0.8303425774877651,1.127734453109378,0.0,0.0,bull,-0.027275153061727897
2024-12-26,1.2107885476700644,1.4184900173797033e-05,0.8305464926590539,1.1277504499100182,0.0,0.0,bull,-0.027261355056877545
2024-12-27,1.2132874623091845,0.0020638736994404994,0.8293230016313214,1.1300779844031195,0.0,0.0,bull,-0.02525374535114988
2024-12-30,1.2108400716832421,-0.002017156446407431,0.8331973898858076,1.1277984403119374,0.0,0.0,range,-0.02721996104232638
2024-12-31,1.2126691741510518,0.001510606157316019,0.820146818923328,1.129502099580084,0.0,0.0,range,-0.025750473525762874
2025-01-02,1.214343704579328,0.0013808633582597096,0.7971044045676998,1.1310617876424716,0.0,0.0,range_high_vol,-0.024405168052852755
2025-01-03,1.2175725427384658,0.0026589162087815588,0.7889477977161501,1.1340691861627674,0.0,0.0,range_high_vol,-0.02181114314098498
2025-01-06,1.217589717409525,1.410566554049808e-05,0.7856851549755303,1.134085182963407,0.0,0.0,range_high_vol,-0.021797345136134627
2025-01-07,1.2156060429021824,-0.0016291813892472806,0.7911908646003263,1.132237552489502,0.0,0.0,range_high_vol,-0.023391014696351187
2025-01-08,1.2159924730010157,0.00031789089984335384,0.7899673735725938,1.1325974805038992,0.0,0.0,range_high_vol,-0.023080559587217886
2025-01-09,1.213373335664481,-0.0021539091685911504,0.7883360522022839,1.1301579684063188,0.0,0.0,range_high_vol,-0.0251847553268979
2025-01-10,1.2126090628023447,-0.0006298744497443831,0.7795676998368679,1.1294461107778444,0.0,0.0,range_high_vol,-0.025798766542738827
2025-01-13,1.211149215762309,-0.0012038892705139581,0.7765089722675367,1.128086382723455,0.0,0.0,range,-0.026971596955019606
2025-01-14,1.2117675039204416,0.0005104970965477129,0.7964926590538336,1.1286622675464906,0.0,0.0,range_high_vol,-0.026474868780406613
2025-01-15,1.2131071282630626,0.001105512681506049,0.7918026101141925,1.1299100179964006,0.0,0.0,range_high_vol,-0.02539862440207863
2025-01-16,1.2129010322103517,-0.0001698910573594281,0.7922104404567699,1.1297180563887221,0.0,0.0,range_high_vol,-0.02556420046028285
2025-01-17,1.2123428554009263,-0.0004601997975121064,0.7948613376835237,1.1291981603679264,0.0,0.0,range_high_vol,-0.026012635617919555
2025-01-20,1.212437316091752,7.791582257854479e-05,0.7987357259380098,1.1292861427714456,0.0,0.0,range_high_vol,-0.025936746591242676
2025-01-21,1.2126949361576407,0.00021248114229854842,0.7997553017944535,1.1295260947810437,0.0,0.0,range_high_vol,-0.02572977651848729
2025-01-22,1.2134763836908362,0.0006443892110834515,0.7924143556280587,1.130253949210158,0.0,0.0,range_high_vol,-0.025101967297795902
2025-01-23,1.2120680606639782,-0.0011605689618569004,0.7946574225122349,1.1289422115576884,0.0,0.0,range_high_vol,-0.026233403695525515
2025-01-24,1.210848659018772,-0.0010060504725603048,0.8011827079934747,1.1278064387122575,0.0,0.0,range_high_vol,-0.027213062039901037
2025-01-27,1.215073628099346,0.0034892627159515133,0.7966965742251224,1.1317416516696661,0.0,0.0,range_high_vol,-0.02381875284671231
2025-02-05,1.2147558966847498,-0.00026149149092569157,0.7926182707993474,1.1314457108578284,0.0,0.0,range_high_vol,-0.024074015936444093
2025-02-06,1.2159151869812486,0.0009543401268210516,0.8017944535073409,1.1325254949010197,0.0,0.0,range_high_vol,-0.023142650609044968
2025-02-07,1.21520243813229,-0.0005861830303544036,0.8132137030995106,1.131861627674465,0.0,0.0,range_high_vol,-0.02371526781033495
2025-02-10,1.213227350960477,-0.0016253153465101144,0.8140293637846656,1.13002199560088,0.0,0.0,range,-0.02530203836812628
2025-02-11,1.2129439688879993,-0.0002335770556551875,0.8107667210440457,1.1297580483903218,0.0,0.0,range,-0.025529705448157358
2025-02-12,1.2129611435590586,1.41594925238131e-05,0.818515497553018,1.1297740451909617,0.0,0.0,range,-0.025515907443307007
2025-02-13,1.2127636348418773,-0.00016283185840704206,0.8164763458401304,1.1295900819836033,0.0,0.0,range,-0.025674584499086106
2025-02-14,1.210178846847461,-0.0021313204982051914,0.8225938009787928,1.1271825634873023,0.0,0.0,range,-0.027751184229065418
2025-02-17,1.2093716373076766,-0.0006670167321857212,0.8240212071778141,1.1264307138572285,0.0,0.0,range,-0.02839969045703239
2025-02-18,1.2076971068794005,-0.0013846284935241648,0.8181076672104404,1.1248710257948409,0.0,0.0,range,-0.029744995929942397
2025-02-19,1.2092428272747324,0.0012798907826532258,0.8223898858075042,1.1263107378524295,0.0,0.0,range,-0.02850317549340997
2025-02-20,1.2072333907608008,-0.0016617311830249282,0.8199429037520392,1.1244391121775643,0.0,0.0,range,-0.030117542060902225
2025-02-21,1.206091275135361,-0.000946060334464538,0.8309543230016314,1.123375324935013,0.0,0.0,bull,-0.03103510938345133
2025-02-24,1.202776563620927,-0.002748309006763927,0.8283034257748777,1.1202879424115175,0.0,0.0,range,-0.033698124319570755
2025-02-25,1.2043995700360255,0.0013493831391362399,0.8199429037520392,1.1217996400719854,0.0,0.0,bull,-0.0323942128612118
2025-02-26,1.204502618062381,8.555966717294083e-05,0.8266721044045677,1.1218956208758246,0.0,0.0,bull,-0.03231142483210958
2025-02-27,1.204004552601663,-0.0004135030121555916,0.8293230016313214,1.1214317136572685,0.0,0.0,bull,-0.03271156697277011
2025-02-28,1.204408157371555,0.0003352186410092717,0.8144371941272431,1.1218076384723055,0.0,0.0,bull,-0.03238731385878668
2025-03-03,1.2073793754648043,0.002466952814180079,0.8117862969004894,1.1245750849830034,0.0,0.0,bull,-0.03000025901967418
2025-03-04,1.2073278514516266,-4.267425320059193e-05,0.8109706362153344,1.1245270945810837,0.0,0.0,range,-0.030041653034225346
2025-03-05,1.2069156593462047,-0.0003414085949614565,0.8144371941272431,1.1241431713657268,0.0,0.0,range,-0.030372805150634008
2025-03-06,1.2058078930628835,-0.0009178489604827478,0.8256525285481241,1.123111377724455,0.0,0.0,bull,-0.03126277646348219
2025-03-07,1.2034034391145894,-0.0019940605482242635,0.8236133768352365,1.120871825634873,0.0,0.0,bull,-0.03319449714253275
2025-03-10,1.201411177271717,-0.001655522809821841,0.8203507340946166,1.1190161967606478,0.0,0.0,bull,-0.034795065705174544
2025-03-11,1.1986288805601195,-0.0023158571888067803,0.8227977161500816,1.1164247150569884,0.0,0.0,range,-0.037030342490933066
2025-03-12,1.2028538496406935,0.0035248350420187258,0.8207585644371942,1.1203599280143972,0.0,0.0,range,-0.03363603329774434
2025-03-13,1.2030084216802268,0.00012850442269396467,0.8166802610114192,1.120503899220156,0.0,0.0,range,-0.03351185125409095
2025-03-14,1.2027937382919862,-0.00017845543254035867,0.8372756933115824,1.1203039392121574,0.0,0.0,bull_high_vol,-0.033684326314720514
2025-03-17,1.2003291729949848,-0.002049034026815999,0.8348287112561176,1.118008398320336,0.0,0.0,range_high_vol,-0.03566434001074725
2025-03-18,1.2011964938834765,0.0007225691985204286,0.8366639477977161,1.1188162367526493,0.0,0.0,bull_high_vol,-0.034967540765804106
2025-03-19,1.2004408083568698,-0.0006291106662853485,0.8378874388254486,1.118112377524495,0.0,0.0,bull_high_vol,-0.03557465297921991
2025-03-20,1.2019264174034945,0.0012375529357904202,0.83115823817292,1.119496100779844,0.0,0.0,bull_high_vol,-0.03438112555966366
2025-03-21,1.2014712886204246,-0.00037866609509518145,0.817699836867863,1.1190721855628873,0.0,0.0,range_high_vol,-0.034746772688198146
2025-03-24,1.2008873498044104,-0.00048601978386408895,0.8211663947797716,1.1185282943411317,0.0,0.0,range_high_vol,-0.035215904853110436
2025-03-25,1.2023729588510348,0.0012370927605045434,0.8215742251223491,1.1199120175964805,0.0,0.0,bull_high_vol,-0.034022377433554296
2025-03-26,1.2037383452002444,0.001135576394294846,0.8183115823817292,1.1211837632473505,0.0,0.0,range_high_vol,-0.03292543604795095
2025-03-27,1.2041762993122553,0.00036382833009951376,0.8211663947797716,1.1215916816636673,0.0,0.0,range_high_vol,-0.032573586924266484
2025-03-28,1.2039186792463668,-0.00021393882775777584,0.8172920065252854,1.1213517296540692,0.0,0.0,range,-0.03278055699702187
2025-03-31,1.2038328058910706,-7.132820245792093e-05,0.8123980424143556,1.1212717456508698,0.0,0.0,range,-0.03284954702127363
2025-04-01,1.203772694542363,-4.993330337355051e-05,0.8119902120717782,1.1212157568486303,0.0,0.0,range,-0.032897840038250026
2025-04-02,1.2046486027663845,0.0007276358967043262,0.8113784665579119,1.1220315936812637,0.0,0.0,range,-0.032194141790881536
2025-04-03,1.209045318557551,0.003649791134999525,0.807300163132137,1.126126774645071,0.0,0.0,range,-0.028661852549189293
2025-04-07,1.212677761486581,0.0030043893915934206,0.7534665579119086,1.129510097980404,0.0,0.0,bear_high_vol,-0.025743574523338086
2025-04-08,1.211698805236204,-0.0008072682467408221,0.7606035889070147,1.1285982803439312,0.0,0.0,bear_high_vol,-0.026530060799808575
2025-04-09,1.2123943794141034,0.0005740487445340392,0.7679445350734094,1.129246150769846,0.0,0.0,bear_high_vol,-0.025971241603368944
2025-04-10,1.2135450823750729,0.0009491160471442051,0.7807911908646004,1.1303179364127176,0.0,0.0,range_high_vol,-0.025046775278394717
2025-04-11,1.213948687144965,0.0003325832519565086,0.7830342577487764,1.1306938612277544,0.0,0.0,range_high_vol,-0.024722522164411398
2025-04-14,1.212901032210351,-0.0008630141831429405,0.7846655791190864,1.1297180563887221,0.0,0.0,range_high_vol,-0.025564200460283404
2025-04-15,1.2129267942169402,2.12399906545091e-05,0.7852773246329527,1.129742051589682,0.0,0.0,bull_high_vol,-0.0255435034530076
2025-04-16,1.2139400998094356,0.0008354218880535225,0.7871125611745514,1.1306858628274346,0.0,0.0,bull_high_vol,-0.024729421166836296
2025-04-17,1.213184414282829,-0.0006225064372824551,0.7877243066884176,1.1299820035992802,0.0,0.0,range_high_vol,-0.025336533380252102
2025-04-18,1.2126777614865814,-0.00041762224298536044,0.7897634584013051,1.129510097980404,0.0,0.0,range_high_vol,-0.025743574523337753
2025-04-21,1.211664455894086,-0.0008355934483809113,0.7901712887438825,1.1285662867426514,0.0,0.0,range_high_vol,-0.026557656809509056
2025-04-22,1.2121024100060969,0.00036144834477935817,0.7907830342577488,1.1289742051589682,0.0,0.0,range_high_vol,-0.02620580768582459
2025-04-23,1.2109946437227757,-0.0009139213602550322,0.7915986949429038,1.1279424115176964,0.0,0.0,range_high_vol,-0.02709577899867288
2025-04-24,1.2099813381302804,-0.0008367548095672417,0.7915986949429038,1.126998600279944,0.0,0.0,range_high_vol,-0.027909861284844073
2025-04-25,1.2110633424070127,0.0008942322022951199,0.7915986949429038,1.1280063987202558,0.0,0.0,range_high_vol,-0.027040586979271364
2025-04-28,1.2107370236568873,-0.00026944812768991966,0.7903752039151712,1.1277024595080984,0.0,0.0,range_high_vol,-0.027302749071428045
2025-04-29,1.212325680729867,0.0013121404912368462,0.7889477977161501,1.1291821635672863,0.0,0.0,range_high_vol,-0.026026433622770018
2025-04-30,1.2132445256315365,0.000757919193064005,0.7883360522022839,1.1300379924015196,0.0,0.0,range_high_vol,-0.025288240363275705
2025-05-06,1.212600475466815,-0.0005308494298676969,0.7958809135399674,1.1294381123775243,0.0,0.0,bull_high_vol,-0.02580566554516417
2025-05-07,1.2122741567166893,-0.0002691065662002723,0.8007748776508973,1.1291341731653668,0.0,0.0,range_high_vol,-0.026067827637321073
2025-05-08,1.2146786106649832,0.0019834242402776425,0.8054649265905384,1.131373725254949,0.0,0.0,range,-0.02413610695827073
2025-05-09,1.2143351172437984,-0.00028278543654991495,0.8044453507340946,1.1310537892421515,0.0,0.0,range,-0.024412067055277875
2025-05-12,1.213776940434373,-0.0004596563185064184,0.8136215334420881,1.1305338932213558,0.0,0.0,bull,-0.02486050221291458
2025-05-13,1.2129697308945886,-0.0006650394424988493,0.8144371941272431,1.1297820435912818,0.0,0.0,range,-0.025509008440881442
2025-05-14,1.2119735999731525,-0.0008212331240132764,0.8248368678629691,1.128854229154169,0.0,0.0,bull,-0.026309292722202393
2025-05-15,1.2111320410912496,-0.0006943706380415637,0.8179037520391518,1.1280703859228154,0.0,0.0,range,-0.026985394959869957
2025-05-16,1.2103248315514652,-0.0006664917716627805,0.8134176182707994,1.1273185362927416,0.0,0.0,range,-0.02763390118783693
2025-05-19,1.210917357703009,0.0004895596092036048,0.8121941272430669,1.127870425914817,0.0,0.0,range,-0.02715787002049952
2025-05-20,1.2113209624729013,0.0003333049669531629,0.8162724306688418,1.128246350729854,0.0,0.0,range,-0.026833616906515978
2025-05-21,1.2111921524399571,-0.00010633848247887379,0.8195350734094617,1.128126374725055,0.0,0.0,range,-0.02693710194289356
2025-05-22,1.2111835651044276,-7.0899861035478295e-06,0.8191272430668842,1.128118376324735,0.0,0.0,range,-0.02694400094531868
2025-05-23,1.2120938226705675,0.0007515438554199783,0.8132137030995106,1.1289662067586481,0.0,0.0,range,-0.0262127066882496
2025-05-26,1.2120680606639787,-2.1254135700532473e-05,0.808931484502447,1.1289422115576884,0.0,0.0,range,-0.02623340369552518
2025-05-27,1.2116215192164383,-0.000368412849106603,0.8046492659053834,1.1285262947410517,0.0,0.0,range,-0.026592151821634435
2025-05-28,1.2116816305651457,4.961231519406972e-05,0.8038336052202284,1.1285822835432913,0.0,0.0,range,-0.02654385880465826
2025-05-29,1.2103248315514654,-0.001119765274519735,0.8087275693311583,1.1273185362927416,0.0,0.0,range,-0.027633901187836707
2025-05-30,1.2114669471769048,0.0009436438844070416,0.807300163132137,1.1283823235352928,0.0,0.0,range,-0.026716333865287933
2025-06-03,1.2114068358281975,-4.9618645269200456e-05,0.8068923327895595,1.1283263347330532,0.0,0.0,range,-0.02676462688226422
2025-06-04,1.2121796960258635,0.0006379856665887917,0.8103588907014683,1.1290461907618474,0.0,0.0,range,-0.02614371666399795
2025-06-05,1.2127550475063484,0.0004746420702896881,0.8123980424143556,1.1295820835832833,0.0,0.0,range,-0.02568148350151067
2025-06-06,1.213742591092255,0.0008142976505742805,0.8128058727569332,1.130501899620076,0.0,0.0,range,-0.02488809822261495
2025-06-09,1.2141633705332062,0.00034667930749021636,0.8146411092985318,1.1308938212357527,0.0,0.0,range,-0.02455004710378128
2025-06-10,1.2143007679016804,0.00011316217554302455,0.8099510603588908,1.131021795640872,0.0,0.0,range,-0.024439663064978245
2025-06-11,1.2142406565529729,-4.9502849949978334e-05,0.8164763458401304,1.1309658068386321,0.0,0.0,range,-0.024487956081954643
2025-06-12,1.2139830364870843,-0.00021216557401393388,0.816884176182708,1.1307258548290342,0.0,0.0,bull,-0.02469492615471003
2025-06-13,1.2142320692174433,0.00020513691120394029,0.8115823817292006,1.1309578084383123,0.0,0.0,range,-0.024494855084379763
2025-06-16,1.2144982766188614,0.00021923931031553323,0.8136215334420881,1.1312057588482303,0.0,0.0,range,-0.024280986009199257
2025-06-17,1.215820726290423,0.0010888855892354776,0.8134176182707994,1.1324375124975004,0.0,0.0,range,-0.023218539635721624
2025-06-18,1.215958123658897,0.00011300791761725826,0.7960848287112561,1.1325654869026194,0.0,0.0,range,-0.02310815559691881
2025-06-19,1.2160096476720748,4.23731806016292e-05,0.7897634584013051,1.1326134773045389,0.0,0.0,bear,-0.023066761582367645
2025-06-20,1.2162243310603154,0.0001765474382966481,0.7907830342577488,1.1328134373125374,0.0,0.0,bear,-0.022894286521738083
2025-06-23,1.2159752983299563,-0.000204758878768585,0.7934339314845025,1.1325814837032593,0.0,0.0,bear,-0.02309435759206835
2025-06-24,1.2155201695468865,-0.00037429114201159575,0.802610114192496,1.1321575684863028,0.0,0.0,range,-0.023460004720602834
2025-06-25,1.2152110254678201,-0.00025433068641023127,0.8158646003262644,1.131869626074785,0.0,0.0,range,-0.023708368807909275
2025-06-26,1.215537344217946,0.0002685284640173702,0.8128058727569332,1.1321735652869427,0.0,0.0,range,-0.02344620671575215
2025-06-27,1.2163531410932602,0.0006711409395974144,0.8081158238172921,1.1329334133173365,0.0,0.0,range,-0.022790801485359946
2025-06-30,1.2158035516193644,-0.00045183380987678934,0.8119902120717782,1.1324215156968604,0.0,0.0,range,-0.023232337640571532
2025-07-01,1.2162329183958456,0.00035315473121411145,0.8132137030995106,1.1328214357128574,0.0,0.0,bull,-0.022887387519312408
2025-07-02,1.2169199052382156,0.0005648480911666365,0.8140293637846656,1.1334613077384523,0.0,0.0,bull,-0.022335467325297786
2025-07-03,1.2170744772777489,0.00012701907403100954,0.8187194127243066,1.1336052789442113,0.0,0.0,bull,-0.02221128528164451
2025-07-04,1.2173578593502263,0.00023283872743040668,0.8221859706362153,1.133869226154769,0.0,0.0,bull,-0.021983618201613542
2025-07-07,1.2171775253041044,-0.0001481356075675455,0.818515497553018,1.1337012597480505,0.0,0.0,bull,-0.02212849725254229
2025-07-08,1.216232918395846,-0.0007760633832130104,0.8254486133768353,1.1328214357128574,0.0,0.0,bull,-0.022887387519312075
2025-07-09,1.2162157437247867,-1.4121202279282485e-05,0.8248368678629691,1.1328054389122175,0.0,0.0,bull,-0.022901185524162537
2025-07-10,1.2154257088560616,-0.0006495844777552051,0.8289151712887439,1.1320695860827834,0.0,0.0,bull,-0.023535893747279046
2025-07-11,1.215099390105936,-0.00026848103322807404,0.8317699836867862,1.1317656468706259,0.0,0.0,bull,-0.02379805583943584
2025-07-14,1.2144811019478032,-0.0005088375182863425,0.8315660685154976,1.1311897620475904,0.0,0.0,bull,-0.02429478401404883
2025-07-15,1.2156833289219504,0.0009899099888990293,0.8315660685154976,1.1323095380923816,0.0,0.0,bull,-0.02332892367452344
2025-07-16,1.2157606149417168,6.357413804058965e-05,0.8297308319738989,1.1323815236952608,0.0,0.0,bull,-0.023266832652697023
2025-07-17,1.2156919162574802,-5.650675255663984e-05,0.8364600326264274,1.1323175364927016,0.0,0.0,bull,-0.023322024672098207
2025-07-18,1.2155888682311249,-8.476491862552393e-05,0.8425774877650897,1.1322215556888622,0.0,0.0,bull,-0.023404812701200206
2025-07-21,1.2148417700400476,-0.0006145977563651872,0.8476753670473084,1.1315256948610277,0.0,0.0,bull,-0.024005025912191114
2025-07-22,1.2142063072108555,-0.0005230827955241546,0.8566476345840129,1.1309338132373525,0.0,0.0,bull,-0.024515552091654458
2025-07-23,1.213742591092256,-0.0003819088369462209,0.8562398042414355,1.130501899620076,0.0,0.0,bull,-0.024888098222614174
2025-07-24,1.2114497725058468,-0.0018890484714273459,0.8615415986949428,1.128366326734653,0.0,0.0,bull,-0.026730131870137397
2025-07-25,1.211715979907265,0.0002197428300039217,0.8570554649265906,1.1286142771445709,0.0,0.0,bull,-0.02651626279495689
2025-07-28,1.2128580955327046,0.0009425605045887409,0.8592985318107669,1.1296780643871225,0.0,0.0,bull,-0.025598695472407895
2025-07-29,1.2113638991505504,-0.0012319630694289652,0.8635807504078304,1.1282863427314536,0.0,0.0,bull,-0.026799121894389266
2025-07-30,1.212557538789168,0.0009853683434470906,0.8629690048939642,1.1293981203759247,0.0,0.0,bull,-0.025840160557289105
2025-07-31,1.2135021456974264,0.0007790202757731457,0.8472675367047309,1.1302779444111177,0.0,0.0,bull,-0.02508127029051932
2025-08-01,1.2135708443816635,5.661191822414757e-05,0.8427814029363785,1.1303419316136771,0.0,0.0,bull,-0.025026078271117802
2025-08-04,1.2133303989868343,-0.00019813049723671483,0.8466557911908646,1.1301179764047191,0.0,0.0,bull,-0.025219250339022725
2025-08-05,1.2137082417501375,0.00031140962397269156,0.8529771615008156,1.1304699060187962,0.0,0.0,bull,-0.024915694232314878
2025-08-06,1.2138284644475523,9.905403397558743e-05,0.8552202283849919,1.1305818836232753,0.0,0.0,bull,-0.024819108198362194
2025-08-07,1.2146871980005145,0.0007074587374691355,0.8550163132137031,1.1313817236552688,0.0,0.0,bull,-0.024129207955844167
2025-08-08,1.215176676125703,0.00040296639825809777,0.8529771615008156,1.1318376324735053,0.0,0.0,bull,-0.023735964817608868
2025-08-11,1.2137425910922561,-0.0011801452921390565,0.8568515497553018,1.130501899620076,0.0,0.0,bull,-0.024888098222614063
2025-08-12,1.2135021456974264,-0.00019810246142337729,0.8621533442088091,1.1302779444111177,0.0,0.0,bull,-0.02508127029051932
2025-08-13,1.2143437045793295,0.0006934959982451971,0.8692903752039152,1.1310617876424716,0.0,0.0,bull,-0.024405168052851534
2025-08-14,1.2138885757962596,-0.000374794040067572,0.867862969004894,1.1306378724255148,0.0,0.0,bull,-0.02477081518138602
2025-08-15,1.2137769404343746,-9.196508156594785e-05,0.8758156606851549,1.1305338932213558,0.0,0.0,bull,-0.02486050221291336
2025-08-18,1.2112179144465474,-0.0021083165304750517,0.8823409461663948,1.1281503699260147,0.0,0.0,bull,-0.026916404935616978
2025-08-19,1.211312375137373,7.798818833437693e-05,0.8778548123980424,1.128238352329534,0.0,0.0,bull,-0.0268405159089401
2025-08-20,1.2107799603345366,-0.0004395355102155829,0.8898858075040783,1.127742451509698,0.0,0.0,bull,-0.027268254059301222
2025-08-21,1.211312375137373,0.0004397287866322319,0.8927406199021207,1.128238352329534,0.0,0.0,bull,-0.0268405159089401
2025-08-22,1.210994643722777,-0.00026230344964495167,0.9133360522022839,1.1279424115176964,0.0,0.0,bull,-0.02709577899867177
2025-08-25,1.2120165366508018,0.0008438459520212493,0.9308727569331159,1.1288942211557687,0.0,0.0,bull_high_vol,-0.02627479771007557
2025-08-26,1.2120680606639795,4.2510982003696185e-05,0.9259787928221861,1.1289422115576884,0.0,0.0,bull_high_vol,-0.026233403695524404
2025-08-27,1.2123943794141052,0.0002692247743472098,0.9125203915171288,1.129246150769846,0.0,0.0,bull_high_vol,-0.0259712416033675
2025-08-28,1.211810440598091,-0.0004816409791478238,0.9296492659053834,1.1287022595480904,0.0,0.0,bull_high_vol,-0.02644037376827979
2025-08-29,1.2120852353350386,0.00022676379715957928,0.9382137030995106,1.1289582083583283,0.0,0.0,bull_high_vol,-0.026219605690674164
2025-09-01,1.2130384295788266,0.0007864085923994235,0.9412724306688417,1.1298460307938412,0.0,0.0,bull_high_vol,-0.02545381642147926
2025-09-02,1.2130212549077675,-1.4158389907814595e-05,0.9359706362153344,1.1298300339932013,0.0,0.0,bull_high_vol,-0.0254676144263295
2025-09-03,1.2142664185595626,0.0010264978018788007,0.9276101141924961,1.1309898020395919,0.0,0.0,bull_high_vol,-0.024467259074678394
2025-09-04,1.2150049294151102,0.0006081950750342902,0.9086460032626429,1.1316776644671065,0.0,0.0,bull_high_vol,-0.02387394486611283
2025-09-05,1.2132101762894192,-0.0014771570733914663,0.9286296900489397,1.1300059988002398,0.0,0.0,bull_high_vol,-0.02531583637297552
2025-09-08,1.21296973089459,-0.0001981893982827554,0.9288336052202284,1.1297820435912818,0.0,0.0,bull_high_vol,-0.025509008440880443
2025-09-09,1.2127979841839973,-0.00014159191793350345,0.9233278955954323,1.129622075584883,0.0,0.0,bull_high_vol,-0.02564698848938418
2025-09-10,1.2121453466837462,-0.0005381254823656478,0.9253670473083198,1.1290141971605678,0.0,0.0,bull_high_vol,-0.026171312673697766
2025-09-11,1.213012667572238,0.0007155254861677118,0.9502446982055466,1.1298220355928814,0.0,0.0,bull_high_vol,-0.02547451342875462
2025-09-12,1.2133990976710707,0.0003185705385964077,0.9422920065252856,1.1301819636072783,0.0,0.0,bull_high_vol,-0.02516405831962165
2025-09-15,1.214163370533207,0.0006298610767085933,0.9439233278955954,1.1308938212357527,0.0,0.0,bull_high_vol,-0.024550047103780614
2025-09-16,1.214893294053225,0.0006011740575713187,0.9420880913539967,1.1315736852629472,0.0,0.0,bull_high_vol,-0.02396363189764017
2025-09-17,1.2162415057313758,0.001109736702597619,0.9488172920065252,1.1328294341131773,0.0,0.0,bull_high_vol,-0.022880488516886732
2025-09-18,1.2154514708626505,-0.0006495707184818178,0.9367862969004894,1.1320935812837432,0.0,0.0,bull_high_vol,-0.023515196740003463
2025-09-19,1.2141204338555591,-0.0010950967924261423,0.9388254486133769,1.130853829234153,0.0,0.0,bull_high_vol,-0.024584542115906327
2025-09-22,1.215082215434877,0.0007921632422112079,0.9418841761827079,1.131749650069986,0.0,0.0,bull_high_vol,-0.02381185384428597
2025-09-23,1.2015571619757228,-0.011130978041937412,0.9424959216965743,1.1191521695660867,0.0,0.0,bull_high_vol,-0.03467778266394472
2025-09-24,1.2005438563832276,-0.0008433269964693846,0.9508564437194128,1.1182083583283342,0.0,0.0,bull_high_vol,-0.035491864950115914
2025-09-25,1.2000973149356873,-0.0003719493004491481,0.9573817292006526,1.1177924415116978,0.0,0.0,bull_high_vol,-0.03585061307622528
2025-09-26,1.2009903978307677,0.0007441753964163578,0.9484094616639478,1.1186242751449709,0.0,0.0,bull_high_vol,-0.03513311682400677
2025-09-29,1.200689841087231,-0.0002502574076190811,0.964110929853181,1.118344331133773,0.0,0.0,bull_high_vol,-0.03537458190888787
2025-09-30,1.2024674195418625,0.0014804643079364688,0.9667618270799347,1.1199999999999999,0.0,0.0,bull_high_vol,-0.03394648840687575
2025-10-09,1.2032832164171765,0.0006784357414231224,0.9820554649265906,1.1207598480303937,0.0,0.0,bull_high_vol,-0.03329108317648377
2025-10-10,1.2030255963512877,-0.0002140976142390727,0.9622756933115825,1.1205198960207956,0.0,0.0,bull_high_vol,-0.03349805324923927
2025-10-13,1.203377677108002,0.00029266273118566666,0.9567699836867863,1.1208478304339131,0.0,0.0,bull_high_vol,-0.033215194149807004
2025-10-14,1.2037812818778946,0.0003353932664451609,0.9471859706362152,1.1212237552489503,0.0,0.0,bull_high_vol,-0.03289094103582335
2025-10-15,1.2034292011211798,-0.00029247900928108805,0.9596247960848288,1.1208958208358326,0.0,0.0,bull_high_vol,-0.03317380013525595
2025-10-16,1.2034807251343576,4.281432852870637e-05,0.9626835236541599,1.1209438112377523,0.0,0.0,bull_high_vol,-0.03313240612070478
2025-10-17,1.20433945868732,0.000713541592339606,0.9429037520391517,1.121743651269746,0.0,0.0,bull_high_vol,-0.032442505878186645
2025-10-20,1.203274629081647,-0.0008841606890748199,0.9461663947797716,1.1207518496300741,0.0,0.0,bull_high_vol,-0.03329798217890889
2025-10-21,1.2034463757922393,0.00014273276145071456,0.9604404567699837,1.1209118176364725,0.0,0.0,bull_high_vol,-0.033160002130405375
2025-10-22,1.2036696465160095,0.00018552610923205926,0.9573817292006526,1.121119776044791,0.0,0.0,bull_high_vol,-0.03298062806735069
2025-10-23,1.2033261530948245,-0.00028537183950694267,0.9610522022838499,1.1207998400319934,0.0,0.0,bull_high_vol,-0.03325658816435795
2025-10-24,1.203248867075058,-6.422699246388941e-05,0.9726753670473083,1.1207278544291142,0.0,0.0,bull_high_vol,-0.033318679186184474
2025-10-27,1.2036524718449504,0.0003354291709189994,0.984094616639478,1.1211037792441512,0.0,0.0,bull_high_vol,-0.03299442607220093
2025-10-28,1.206048338457715,0.001990496982149814,0.979200652528548,1.1233353329334133,0.0,0.0,bull_high_vol,-0.03106960439557549
2025-10-29,1.2070444693791513,0.0008259460998969459,0.9914355628058727,1.1242631473705258,0.0,0.0,bull_high_vol,-0.030269320114254428
2025-10-30,1.2080148382939986,0.0008039214291304386,0.9834828711256118,1.1251669666066786,0.0,0.0,bull_high_vol,-0.02948973284020906
2025-10-31,1.2081522356624725,0.00011373814635251556,0.969820554649266,1.1252949410117976,0.0,0.0,bull_high_vol,-0.029379348801406135
2025-11-03,1.2076198208596358,-0.00044068519439921516,0.9712479608482871,1.1247990401919614,0.0,0.0,bull_high_vol,-0.02980708695176748
2025-11-04,1.2075597095109287,-4.9776715874250144e-05,0.9643148450244698,1.124743051389722,0.0,0.0,bull_high_vol,-0.029855379968743545
2025-11-05,1.2076026461885767,3.555656694231857e-05,0.9655383360522024,1.1247830433913217,0.0,0.0,bull_high_vol,-0.02982088495661772
2025-11-06,1.2070358820436218,-0.000469329995875456,0.9798123980424143,1.124255148970206,0.0,0.0,bull_high_vol,-0.030276219116679548
2025-11-07,1.2072849147739808,0.00020631758679567902,0.9777732463295269,1.124487102579484,0.0,0.0,bull_high_vol,-0.030076148046349283
2025-11-10,1.2072505654318624,-2.8451728086742456e-05,0.9802202283849919,1.1244551089782044,0.0,0.0,bull_high_vol,-0.030103744056049986
2025-11-11,1.2073965501358659,0.00012092328484536452,0.9712479608482871,1.1245910817836433,0.0,0.0,bull_high_vol,-0.02998646101482194
2025-11-12,1.207894615596584,0.0004125119130595767,0.9716557911908645,1.1250549890021995,0.0,0.0,bull_high_vol,-0.02958631887416152
2025-11-13,1.2074137248069252,-0.00039812313379772313,0.9812398042414356,1.1246070785842832,0.0,0.0,bull_high_vol,-0.02997266300997159
2025-11-14,1.2072677401029215,-0.0001209069443260935,0.9667618270799347,1.1244711057788441,0.0,0.0,bull,-0.030089946051199745
2025-11-17,1.2074910108266916,0.000184938863479589,0.9604404567699837,1.1246790641871625,0.0,0.0,bull_high_vol,-0.029910571988145063
2025-11-18,1.2075597095109285,5.6893743821673226e-05,0.9549347471451876,1.124743051389722,0.0,0.0,bull,-0.029855379968743767
2025-11-19,1.2071990414186844,-0.0002986751623157424,0.9577895595432301,1.1244071185762847,0.0,0.0,bull,-0.030145138070601263
2025-11-20,1.2078259169123464,0.0005192809736871418,0.9535073409461664,1.1249910017996398,0.0,0.0,bull,-0.029641510893563483
2025-11-21,1.207499598162221,-0.000270170349514931,0.9306688417618271,1.1246870625874825,0.0,0.0,bull_high_vol,-0.029903672985720164
2025-11-24,1.207636995530695,0.0001137866784246544,0.9292414355628059,1.1248150369926013,0.0,0.0,bull_high_vol,-0.02979328894691724
2025-11-25,1.207662757537284,2.1332574841936847e-05,0.9373980424143558,1.1248390321935613,0.0,0.0,bull_high_vol,-0.029772591939641546
2025-11-26,1.2063574825367813,-0.00108082740181914,0.9433115823817293,1.123623275344931,0.0,0.0,bull,-0.03082124030826905
2025-11-27,1.2062887838525445,-5.6947202824453313e-05,0.9424959216965743,1.1235592881423715,0.0,0.0,bull,-0.030876432327670456
2025-11-28,1.2067610873066734,0.0003915343162028684,0.9451468189233279,1.123999200159968,0.0,0.0,bull,-0.03049698719428573
2025-12-01,1.2071646920765655,0.00033445292041434094,0.9557504078303426,1.124375124975005,0.0,0.0,bull,-0.0301727340803023
2025-12-02,1.2068641353330287,-0.00024897741419172004,0.951468189233279,1.1240951809638071,0.0,0.0,bull,-0.03041419916518362
2025-12-03,1.2069671833593842,8.538494378829142e-05,0.9471859706362152,1.1241911617676463,0.0,0.0,bull,-0.0303314111360814
2025-12-04,1.2057563690497075,-0.001003187432409458,0.9496329526916802,1.1230633873225355,0.0,0.0,bull,-0.03130417047803191
2025-12-05,1.2063746572078404,0.0005127803377229512,0.9579934747145189,1.1236392721455708,0.0,0.0,bull,-0.03080744230341881
2025-12-08,1.206245847174896,-0.00010677448516904775,0.9649265905383361,1.1235192961407716,0.0,0.0,bull,-0.030910927339796612
2025-12-09,1.206907072010677,0.0005481675541760822,0.9600326264274063,1.1241351729654068,0.0,0.0,bull,-0.030379704153057685
2025-12-10,1.207087406056799,0.00014941833576442853,0.9588091353996737,1.1243031393721254,0.0,0.0,bull,-0.030234825102128826
2025-12-11,1.2078946155965835,0.0006687250117383137,0.9518760195758564,1.1250549890021995,0.0,0.0,bull,-0.029586318874161854
2025-12-12,1.2075597095109283,-0.00027726432532348966,0.9571778140293637,1.124743051389722,0.0,0.0,bull,-0.029855379968743878
2025-12-15,1.2070530567146807,-0.00041956748991966997,0.9516721044045677,1.1242711457708459,0.0,0.0,bull,-0.03026242111182953
2025-12-16,1.2068297859909103,-0.00018497175623588547,0.9420880913539967,1.1240631873625275,0.0,0.0,range,-0.030441795174884323
2025-12-17,1.207628408195165,0.0006617521489153955,0.9581973898858075,1.1248070385922815,0.0,0.0,bull_high_vol,-0.029800187949342694
2025-12-18,1.2083497443796531,0.0005973163430017525,0.9518760195758564,1.125478904219156,0.0,0.0,bull_high_vol,-0.02922067174562759
2025-12-19,1.2089852072088452,0.0005258931299880754,0.9559543230016313,1.1260707858428314,0.0,0.0,bull,-0.028710145566164247
2025-12-22,1.2083669190507125,-0.0005114108546953045,0.9645187601957587,1.125494901019796,0.0,0.0,bull,-0.02920687374077713
2025-12-23,1.210402117571233,0.0016842554098710494,0.966557911908646,1.1273905218956208,0.0,0.0,bull,-0.027571810166009403
2025-12-24,1.2099040521105149,-0.0004114875986150901,0.9700244698205546,1.1269266146770647,0.0,0.0,bull,-0.027971952306669823
2025-12-25,1.2095004473406226,-0.0003335841128793149,0.9718597063621534,1.1265506898620277,0.0,0.0,bull,-0.028296205420653364
2025-12-26,1.2046743647729752,-0.0039901453350089655,0.9755301794453507,1.1220555888822235,0.0,0.0,bull,-0.03217344478360462
2025-12-29,1.2032231050684694,-0.001204690451580448,0.9712479608482871,1.1207038592281544,0.0,0.0,bull,-0.033339376193459835
2025-12-30,1.203025596351288,-0.00016414970453071387,0.9732871125611745,1.1205198960207956,0.0,0.0,bull,-0.03349805324923916
2025-12-31,1.203051358357877,2.141434618452287e-05,0.9692088091353998,1.1205438912217556,0.0,0.0,bull,-0.03347735624196335
2026-01-05,1.2019264174034965,-0.0009350730927364381,0.9877650897226754,1.119496100779844,0.0,0.0,bull,-0.03438112555966211
2026-01-06,1.2010247471728863,-0.0007501875468866048,1.003058727569331,1.118656268746251,0.0,0.0,bull,-0.035105520814305846
2026-01-07,1.2003635223371052,-0.0005505505505507546,0.9993882544861338,1.1180403919216155,0.0,0.0,bull,-0.035636744001044995
2026-01-08,1.2014025899361895,0.0008656274368128436,0.9916394779771616,1.119008198360328,0.0,0.0,bull,-0.03480196470759811
2026-01-09,1.2013081292453638,-7.862534309233116e-05,0.9961256117455138,1.1189202159568086,0.0,0.0,bull,-0.03487785373427499
2026-01-12,1.2019006553969076,0.0004932341146446362,1.0018352365415988,1.119472105578884,0.0,0.0,bull,-0.03440182256693758
2026-01-13,1.2022441488180926,0.0002857918577900964,0.99836867862969,1.1197920415916818,0.0,0.0,bull,-0.034125862469930324
2026-01-14,1.203025596351288,0.0006499907144181805,0.9922512234910277,1.1205198960207956,0.0,0.0,bull,-0.03349805324923916
2026-01-15,1.203497899805417,0.0003925963467126259,0.9940864600326265,1.1209598080383922,0.0,0.0,bull,-0.03311860811585421
2026-01-16,1.204270760003083,0.0006421782686873989,0.9908238172920065,1.1216796640671864,0.0,0.0,bull,-0.03249769789758794
2026-01-19,1.2041934739833167,-6.417661404167774e-05,0.9661500815660686,1.1216076784643072,0.0,0.0,bull_high_vol,-0.03255978891941447
2026-01-20,1.2049577468454529,0.0006346761368902776,0.9632952691680262,1.1223195360927816,0.0,0.0,range_high_vol,-0.03194577770357354
2026-01-21,1.204931984838864,-2.138000826690245e-05,0.9645187601957587,1.1222955408918216,0.0,0.0,range_high_vol,-0.031966474710849124
2026-01-22,1.204820349476979,-9.26486833197071e-05,0.9639070146818924,1.1221915616876623,0.0,0.0,range_high_vol,-0.032056161742376466
2026-01-23,1.2052239542468712,0.00033499166084594023,0.9592169657422512,1.1225674865026993,0.0,0.0,range_high_vol,-0.031731908628392924
2026-01-26,1.2049920961875715,-0.00019237757305001768,0.9608482871125611,1.1223515296940612,0.0,0.0,range_high_vol,-0.031918181693872616
2026-01-27,1.2051037315494566,9.264406151565652e-05,0.9604404567699837,1.1224555088982204,0.0,0.0,range_high_vol,-0.031828494662345386
2026-01-28,1.2052926529311083,0.0001567677343499163,0.9634991843393148,1.122631473705259,0.0,0.0,range_high_vol,-0.031676716608991295
2026-01-29,1.206031163786656,0.000612723269947546,0.9722675367047308,1.1233193361327736,0.0,0.0,bull_high_vol,-0.03108340240042562
2026-01-30,1.2059109410892412,-9.968456954079219e-05,0.9606443719412725,1.1232073585282942,0.0,0.0,range_high_vol,-0.031179988434378192
2026-02-02,1.2059367030958301,2.1363108759553384e-05,0.9380097879282218,1.123231353729254,0.0,0.0,range_high_vol,-0.03115929142710272
2026-02-03,1.2063574825367815,0.00034892332231972745,0.9510603588907014,1.123623275344931,0.0,0.0,range_high_vol,-0.030821240308268938
2026-02-04,1.2062286725038374,-0.00010677600529596099,0.9598287112561175,1.123503299340132,0.0,0.0,range_high_vol,-0.03092472534464652
2026-02-05,1.2069500086883256,0.0005980094827218174,0.9541190864600327,1.1241751649670066,0.0,0.0,range_high_vol,-0.030345209140931306
2026-02-06,1.207259152767392,0.0002561366061899495,0.9480016313213704,1.1244631073785243,0.0,0.0,range_high_vol,-0.030096845053624866
2026-02-09,1.2079976636229393,0.0006117252073463142,0.9639070146818924,1.1251509698060387,0.0,0.0,range_high_vol,-0.029503530845059522
2026-02-10,1.2079719016163504,-2.1326205641547524e-05,0.9651305057096248,1.125126974605079,0.0,0.0,range_high_vol,-0.029524227852335105
2026-02-11,1.208521491090246,0.00045496875644235324,0.9630913539967374,1.1256388722255548,0.0,0.0,bull_high_vol,-0.02908269169712363
2026-02-12,1.209019556550964,0.0004121279301940728,0.9639070146818924,1.1261027794441112,0.0,0.0,bull_high_vol,-0.02868254955646321
2026-02-13,1.2094832726695637,0.0003835472437869747,0.9524877650897228,1.1265346930613878,0.0,0.0,range_high_vol,-0.028310003425503494
2026-02-24,1.2096206700380376,0.00011360005680005614,0.9616639477977162,1.1266626674665066,0.0,0.0,bull_high_vol,-0.02819961938670057
2026-02-25,1.2086245391166017,-0.0008235068613737795,0.9685970636215334,1.125734853029394,0.0,0.0,bull_high_vol,-0.0289999036680213
2026-02-26,1.2074652488201028,-0.0009591814984546421,0.9655383360522024,1.1246550689862027,0.0,0.0,bull_high_vol,-0.029931268995420646
2026-02-27,1.2082209343467096,0.000625844534528186,0.9634991843393148,1.1253589282143572,0.0,0.0,bull_high_vol,-0.029324156782004618
2026-03-02,1.2092600019457935,0.0008599980099217586,0.9663539967373572,1.1263267346530692,0.0,0.0,bull_high_vol,-0.028489377488558065
2026-03-03,1.2091655412549678,-7.811445898631142e-05,0.9539151712887439,1.12623875224955,0.0,0.0,bull_high_vol,-0.028565266515235055
2026-03-04,1.2102046088540521,0.0008593261746492331,0.9400489396411094,1.1272065586882623,0.0,0.0,range_high_vol,-0.02773048722178817
2026-03-05,1.2096979560578045,-0.0004186505261514206,0.949021207177814,1.126734653069386,0.0,0.0,range_high_vol,-0.02813752836487371
2026-03-06,1.210007100136871,0.00025555476680638733,0.9516721044045677,1.1270225954809039,0.0,0.0,bull_high_vol,-0.027889164277567047
2026-03-09,1.2085558404323649,-0.0011993811477156724,0.9439233278955954,1.1256708658268346,0.0,0.0,range_high_vol,-0.029055095687422594
2026-03-10,1.208624539116602,5.684361610680533e-05,0.9549347471451876,1.125734853029394,0.0,0.0,bull_high_vol,-0.028999903668021076
2026-03-11,1.2085386657613058,-7.105048136701875e-05,0.9606443719412725,1.1256548690261947,0.0,0.0,bull,-0.029068893692272835
2026-03-12,1.2085730151034242,2.842221195864525e-05,0.9571778140293637,1.1256868626274745,0.0,0.0,range,-0.029041297682572242
2026-03-13,1.2088563971759017,0.0002344765843156349,0.9537112561174551,1.1259508098380322,0.0,0.0,range,-0.028813630602541274
2026-03-16,1.2080491876361172,-0.0006677464268461941,0.9543230016313213,1.1251989602079584,0.0,0.0,range,-0.029462136830508245
2026-03-17,1.2080663623071766,1.4216864044236388e-05,0.947389885807504,1.1252149570085983,0.0,0.0,range,-0.029448338825657783
2026-03-18,1.2092514146102644,0.0009809496730168732,0.950652528548124,1.1263187362527496,0.0,0.0,range,-0.028496276490982853
2026-03-19,1.2099040521105155,0.0005397037310570507,0.9378058727569332,1.1269266146770647,0.0,0.0,range,-0.027971952306669268
2026-03-20,1.209551971353801,-0.00029099890697981134,0.933115823817292,1.1265986802639472,0.0,0.0,range,-0.028254811406101754
2026-03-23,1.2090968425707311,-0.00037627881550261755,0.9033442088091354,1.1261747650469907,0.0,0.0,bear_high_vol,-0.02862045853463624
2026-03-24,1.2087876984916648,-0.0002556818181818077,0.9133360522022839,1.125886822635473,0.0,0.0,bear_high_vol,-0.02886882262194268
2026-03-25,1.204262172667554,-0.0037438549629168483,0.9265905383360521,1.1216716656668666,0.0,0.0,range_high_vol,-0.03250459690001273
2026-03-26,1.2047258887861536,0.000385062430029226,0.9151712887438826,1.1221035792841432,0.0,0.0,bear_high_vol,-0.03213205076905301
2026-03-27,1.2054558123061714,0.0006058834850417583,0.9192495921696574,1.1227834433113377,0.0,0.0,bear_high_vol,-0.03154563556291268
2026-03-30,1.2037990748371126,-0.0013743659884880577,0.9176182707993474,1.123487302539492,1.0,2.0,bear_high_vol,-0.03287664630279785
2026-03-31,1.1745576351883475,-0.024290963716450564,0.9100734094616639,1.1238072385522895,1.0,0.0,bear_high_vol,-0.05636900459678851
2026-04-01,1.20717018115972,0.027765811565426235,0.9245513866231647,1.122855428914217,1.0,0.0,range_high_vol,-0.03016832419112725
2026-04-02,1.176696672225154,-0.025243755528562173,0.9153752039151712,1.1230553889222155,1.0,0.0,bear_high_vol,-0.05465051791910214
2026-04-03,1.1772710067621663,0.00048809055941867463,0.9082381729200653,1.1235832833433312,1.0,0.0,bear_high_vol,-0.05418910176154723
2026-04-07,1.186239183138349,0.007617767128103914,0.9066068515497553,1.1234473105378924,1.0,0.0,bear_high_vol,-0.046984134591543936
2026-04-08,1.2577297059015258,0.06026653290446826,0.9384176182707994,1.1228714257148569,1.0,0.0,range_high_vol,0.0
2026-04-09,1.25364736418878,-0.003245802093717498,0.932300163132137,1.123007398520296,1.0,0.0,range_high_vol,-0.003245802093717498
2026-04-10,1.285911478100928,0.025736195706857146,0.9465742251223492,1.1230233953209359,1.0,0.0,range_high_vol,0.0
2026-04-13,1.2942474628694967,0.00648254946824145,0.9486133768352366,1.1233113377324535,1.0,0.0,range_high_vol,0.0
2026-04-14,1.3178785029065656,0.018258517567170784,0.9608482871125611,1.1235192961407716,1.0,0.0,range_high_vol,0.0
2026-04-15,1.3059681470891604,-0.009037521889261435,0.9571778140293637,1.1245830833833232,1.0,0.0,range_high_vol,-0.009037521889261435
2026-04-16,1.3244859764598533,0.014179388227780976,0.9677814029363786,1.1252709458108379,1.0,0.0,range_high_vol,0.0
2026-04-17,1.341785324481836,0.01306117869833634,0.9663539967373572,1.1258068386322735,1.0,0.0,range_high_vol,0.0
2026-04-20,1.3586310185025563,0.012554686441533125,0.9716557911908645,1.1256868626274745,1.0,0.0,range_high_vol,0.0
2026-04-21,1.3470056019555767,-0.008556713624713774,0.9738988580750407,1.1256468706258749,1.0,0.0,range_high_vol,-0.008556713624713774
2026-04-22,1.3862899884794015,0.029164233962198693,0.9810358890701468,1.1264707058588281,1.0,0.0,bull_high_vol,0.0
2026-04-23,1.3702057955045088,-0.011602329316779625,0.9789967373572595,1.1264707058588281,1.0,0.0,bull_high_vol,-0.011602329316779625
2026-04-24,1.366952401325568,-0.0023743836069113344,0.9751223491027733,1.1269666066786643,1.0,0.0,bull_high_vol,-0.013949164543159198
2026-04-27,1.4086508067381251,0.030504650617037665,0.9751223491027733,1.1253829234153168,1.0,0.0,bull_high_vol,0.0
2026-04-28,1.3946791551239812,-0.00991846350231873,0.9726753670473083,1.1263347330533893,0.0,2.0,bull_high_vol,-0.00991846350231873
2026-04-29,1.3954615699319262,0.0005609998579747533,0.9830750407830342,1.1269666066786643,0.0,0.0,bull_high_vol,-0.009363027900960108
2026-04-30,1.395204066324248,-0.00018452934371437912,0.9836867862969004,1.1267586482703458,0.0,0.0,bull_high_vol,-0.009545829491280688
2026-05-06,1.394590019259785,-0.00044011272564636883,0.9967373572593801,1.1262627474505098,0.0,0.0,bull_high_vol,-0.009981740975891107
2026-05-07,1.3946791551239812,6.391546114992153e-05,1.0016313213703099,1.1263347330533893,0.0,0.0,bull_high_vol,-0.00991846350231873
2026-05-08,1.3954714739168368,0.0005681011219997867,0.9963295269168027,1.1269746050789842,0.0,0.0,bull_high_vol,-0.009355997070563227
2026-05-11,1.3955804177508544,7.806955287437134e-05,1.0126427406199021,1.1270625874825035,0.0,0.0,bull,-0.009278657936196866
2026-05-12,1.3960954249662105,0.00036902725834031536,1.012030995106036,1.12747850429914,0.0,0.0,bull,-0.008913054755555705
